solid OpenSCAD_Model
  facet normal -0.6348640787544432 -0.31308032229216526 -0.7063485777579693
    outer loop
      vertex 0.7368602827191353 1.25 0.6
      vertex 0.41866257041692734 1.8952411189675331 0.6
      vertex 1.2564755231142044 1.5499999970197678 0
    endloop
  endfacet
  facet normal -0.5885675484654613 -0.39326826172279966 -0.7063485791129509
    outer loop
      vertex 1.136556625366211 0.6518121436238289 0.6
      vertex 1.2564755231142044 1.5499999970197678 0
      vertex 1.6125686317682266 1.0170689970254898 0
    endloop
  endfacet
  facet normal -0.5885675512321136 -0.3932682603310572 -0.7063485775824971
    outer loop
      vertex 0.7368602827191353 1.25 0.6
      vertex 1.2564755231142044 1.5499999970197678 0
      vertex 1.136556625366211 0.6518121436238289 0.6
    endloop
  endfacet
  facet normal -0.5322004648347486 -0.46672727613459747 -0.7063485789195422
    outer loop
      vertex 1.136556625366211 0.6518121436238289 0.6
      vertex 1.6125686317682266 1.0170689970254898 0
      vertex 2.035176768898964 0.5351767688989639 0
    endloop
  endfacet
  facet normal -0.5322004640547571 -0.4667272798996061 -0.7063485770194601
    outer loop
      vertex 1.6109127029776573 0.11091270297765732 0.6
      vertex 1.136556625366211 0.6518121436238289 0.6
      vertex 2.035176768898964 0.5351767688989639 0
    endloop
  endfacet
  facet normal 0 0 -1
    outer loop
      vertex 1.2564755231142044 1.5499999970197678 0
      vertex 2.035176768898964 0.5351767688989639 0
      vertex 1.6125686317682266 1.0170689970254898 0
    endloop
  endfacet
  facet normal -0.6942627598717321 -0.1380974487975325 -0.7063485788836122
    outer loop
      vertex 0.1874079555273056 2.5764952525496483 0.6
      vertex 0.047053262591362 3.2821059450507164 0.6
      vertex 0.6419201791286469 3.360421657562256 0
    endloop
  endfacet
  facet normal -0.6348640784957296 -0.3130803177993649 -0.7063485799818789
    outer loop
      vertex 1.2564755231142044 1.5499999970197678 0
      vertex 0.41866257041692734 1.8952411189675331 0.6
      vertex 0.9729902893304825 2.124851182103157 0
    endloop
  endfacet
  facet normal -0.6702979110008164 -0.2275354795534053 -0.7063485797057594
    outer loop
      vertex 0.41866257041692734 1.8952411189675331 0.6
      vertex 0.7669634521007538 2.7317866757512093 0
      vertex 0.9729902893304825 2.124851182103157 0
    endloop
  endfacet
  facet normal -0.6702979118507696 -0.22753547879600972 -0.7063485791431653
    outer loop
      vertex 0.41866257041692734 1.8952411189675331 0.6
      vertex 0.1874079555273056 2.5764952525496483 0.6
      vertex 0.7669634521007538 2.7317866757512093 0
    endloop
  endfacet
  facet normal -0.6942627591874143 -0.1380974495904429 -0.7063485794012
    outer loop
      vertex 0.1874079555273056 2.5764952525496483 0.6
      vertex 0.6419201791286469 3.360421657562256 0
      vertex 0.7669634521007538 2.7317866757512093 0
    endloop
  endfacet
  facet normal 0 0 -1
    outer loop
      vertex 0.6419201791286469 3.360421657562256 0
      vertex 0.6000000014901161 4 0
      vertex 0.7669634521007538 2.7317866757512093 0
    endloop
  endfacet
  facet normal 0 0 -1
    outer loop
      vertex 1.2564755231142044 1.5499999970197678 0
      vertex 0.7669634521007538 2.7317866757512093 0
      vertex 0.6000000014901161 4 0
    endloop
  endfacet
  facet normal -0.7063485785489253 -0.04629652995227376 -0.706348580303161
    outer loop
      vertex 0.6419201791286469 3.360421657562256 0
      vertex 0 4 0.6
      vertex 0.6000000014901161 4 0
    endloop
  endfacet
  facet normal -0.7063485796126907 -0.0462965321532012 -0.7063485790951393
    outer loop
      vertex 0.047053262591362 3.2821059450507164 0.6
      vertex 0 4 0.6
      vertex 0.6419201791286469 3.360421657562256 0
    endloop
  endfacet
  facet normal 0 0 -1
    outer loop
      vertex 1.2564755231142044 1.5499999970197678 0
      vertex 0.9729902893304825 2.124851182103157 0
      vertex 0.7669634521007538 2.7317866757512093 0
    endloop
  endfacet
  facet normal -0.46672727613459747 -0.5322004648347486 -0.7063485789195422
    outer loop
      vertex 2.151812143623829 -0.36344337463378906 0.6
      vertex 2.035176768898964 0.5351767688989639 0
      vertex 2.51706899702549 0.11256863176822662 0
    endloop
  endfacet
  facet normal -0.4667272798996061 -0.5322004640547571 -0.7063485770194601
    outer loop
      vertex 1.6109127029776573 0.11091270297765732 0.6
      vertex 2.035176768898964 0.5351767688989639 0
      vertex 2.151812143623829 -0.36344337463378906 0.6
    endloop
  endfacet
  facet normal -0.39326826172279966 -0.5885675484654613 -0.7063485791129509
    outer loop
      vertex 2.151812143623829 -0.36344337463378906 0.6
      vertex 2.51706899702549 0.11256863176822662 0
      vertex 3.0499999970197678 -0.2435244768857956 0
    endloop
  endfacet
  facet normal -0.3932682603310572 -0.5885675512321136 -0.7063485775824971
    outer loop
      vertex 2.151812143623829 -0.36344337463378906 0.6
      vertex 3.0499999970197678 -0.2435244768857956 0
      vertex 2.75 -0.7631397172808647 0.6
    endloop
  endfacet
  facet normal 0 0 -1
    outer loop
      vertex 1.2564755231142044 1.5499999970197678 0
      vertex 2.51706899702549 0.11256863176822662 0
      vertex 2.035176768898964 0.5351767688989639 0
    endloop
  endfacet
  facet normal -0.31308032229216526 -0.6348640787544432 -0.7063485777579693
    outer loop
      vertex 2.75 -0.7631397172808647 0.6
      vertex 3.0499999970197678 -0.2435244768857956 0
      vertex 3.395241118967533 -1.0813374295830727 0.6
    endloop
  endfacet
  facet normal -0.3130803177993649 -0.6348640784957296 -0.7063485799818789
    outer loop
      vertex 3.0499999970197678 -0.2435244768857956 0
      vertex 3.624851182103157 -0.5270097106695175 0
      vertex 3.395241118967533 -1.0813374295830727 0.6
    endloop
  endfacet
  facet normal 0 0 -1
    outer loop
      vertex 2.51706899702549 0.11256863176822662 0
      vertex 4.860421657562256 -0.8580798208713531 0
      vertex 3.0499999970197678 -0.2435244768857956 0
    endloop
  endfacet
  facet normal 0 0 -1
    outer loop
      vertex 1.2564755231142044 1.5499999970197678 0
      vertex 4.860421657562256 -0.8580798208713531 0
      vertex 2.51706899702549 0.11256863176822662 0
    endloop
  endfacet
  facet normal 0 0 -1
    outer loop
      vertex 1.2564755231142044 1.5499999970197678 0
      vertex 4.160724856180814 6.754622651359282 0
      vertex 4.4 6.594744111674235 0
    endloop
  endfacet
  facet normal 0 0 -1
    outer loop
      vertex 1.2564755231142044 1.5499999970197678 0
      vertex 4.4 6.594744111674235 0
      vertex 4.658096448796803 6.46746502847517 0
    endloop
  endfacet
  facet normal 0 0 -1
    outer loop
      vertex 1.2564755231142044 1.5499999970197678 0
      vertex 4.658096448796803 6.46746502847517 0
      vertex 4.930598100774454 6.374963182164049 0
    endloop
  endfacet
  facet normal -0.8968727383369041 -0.4422886966994107 0
    outer loop
      vertex 0.7368602827191353 1.25 0.6
      vertex 0.7368602827191353 1.25 8
      vertex 0.41866257041692734 1.8952411189675331 0.6
    endloop
  endfacet
  facet normal -0.8314696151574068 -0.555570228747 0
    outer loop
      vertex 0.7368602827191353 1.25 0.6
      vertex 1.136556625366211 0.6518121436238289 0.6
      vertex 0.7368602827191353 1.25 8
    endloop
  endfacet
  facet normal -0.7518398079483504 -0.6593458145648516 0
    outer loop
      vertex 1.6109127029776573 0.11091270297765732 0.6
      vertex 1.136556625366211 0.6518121436238289 8
      vertex 1.136556625366211 0.6518121436238289 0.6
    endloop
  endfacet
  facet normal -0.9469301303933566 -0.3214394626569997 0
    outer loop
      vertex 0.41866257041692734 1.8952411189675331 0.6
      vertex 0.1874079555273056 2.5764952525496483 8
      vertex 0.1874079555273056 2.5764952525496483 0.6
    endloop
  endfacet
  facet normal -0.9807852804984031 -0.19509032153766337 0
    outer loop
      vertex 0.1874079555273056 2.5764952525496483 0.6
      vertex 0.047053262591362 3.2821059450507164 8
      vertex 0.047053262591362 3.2821059450507164 0.6
    endloop
  endfacet
  facet normal -0.9978589232117961 -0.06540312963914346 0
    outer loop
      vertex 0.047053262591362 3.2821059450507164 0.6
      vertex 0 4 8
      vertex 0 4 0.6
    endloop
  endfacet
  facet normal -0.6593458145648516 -0.7518398079483504 0
    outer loop
      vertex 1.6109127029776573 0.11091270297765732 0.6
      vertex 2.151812143623829 -0.36344337463378906 0.6
      vertex 2.151812143623829 -0.36344337463378906 8
    endloop
  endfacet
  facet normal -0.555570228747 -0.8314696151574068 0
    outer loop
      vertex 2.151812143623829 -0.36344337463378906 0.6
      vertex 2.75 -0.7631397172808647 0.6
      vertex 2.75 -0.7631397172808647 8
    endloop
  endfacet
  facet normal -0.4422886966994107 -0.8968727383369041 0
    outer loop
      vertex 2.75 -0.7631397172808647 0.6
      vertex 3.395241118967533 -1.0813374295830727 0.6
      vertex 2.75 -0.7631397172808647 8
    endloop
  endfacet
  facet normal -0.3214394626569997 -0.9469301303933566 0
    outer loop
      vertex 3.395241118967533 -1.0813374295830727 0.6
      vertex 4.076495252549648 -1.3125920444726944 0.6
      vertex 3.395241118967533 -1.0813374295830727 8
    endloop
  endfacet
  facet normal 0 0 -1
    outer loop
      vertex 1.2564755231142044 1.5499999970197678 0
      vertex 3.3749631821640493 7.930598100774454 0
      vertex 3.467465028475169 7.658096448796803 0
    endloop
  endfacet
  facet normal 0 0 -1
    outer loop
      vertex 1.2564755231142044 1.5499999970197678 0
      vertex 3.318821304977617 8.212842377115887 0
      vertex 3.3749631821640493 7.930598100774454 0
    endloop
  endfacet
  facet normal 0 0 -1
    outer loop
      vertex 1.2564755231142044 1.5499999970197678 0
      vertex 3.3 8.5 0
      vertex 3.318821304977617 8.212842377115887 0
    endloop
  endfacet
  facet normal 0 0 -1
    outer loop
      vertex 1.2564755231142044 1.5499999970197678 0
      vertex 3.5947441116742347 7.4 0
      vertex 3.7546226513592824 7.160724856180814 0
    endloop
  endfacet
  facet normal 0 0 -1
    outer loop
      vertex 1.2564755231142044 1.5499999970197678 0
      vertex 3.467465028475169 7.658096448796803 0
      vertex 3.5947441116742347 7.4 0
    endloop
  endfacet
  facet normal 0 0 -1
    outer loop
      vertex 1.2564755231142044 1.5499999970197678 0
      vertex 3.7546226513592824 7.160724856180814 0
      vertex 3.944365081389595 6.944365081389595 0
    endloop
  endfacet
  facet normal 0 0 -1
    outer loop
      vertex 1.2564755231142044 1.5499999970197678 0
      vertex 3.944365081389595 6.944365081389595 0
      vertex 4.160724856180814 6.754622651359282 0
    endloop
  endfacet
  facet normal -0.2275354795534053 -0.6702979110008164 -0.7063485797057594
    outer loop
      vertex 3.395241118967533 -1.0813374295830727 0.6
      vertex 3.624851182103157 -0.5270097106695175 0
      vertex 4.231786675751209 -0.7330365478992462 0
    endloop
  endfacet
  facet normal -0.22753547879600972 -0.6702979118507696 -0.7063485791431653
    outer loop
      vertex 3.395241118967533 -1.0813374295830727 0.6
      vertex 4.231786675751209 -0.7330365478992462 0
      vertex 4.076495252549648 -1.3125920444726944 0.6
    endloop
  endfacet
  facet normal 0 0 -1
    outer loop
      vertex 3.0499999970197678 -0.2435244768857956 0
      vertex 4.860421657562256 -0.8580798208713531 0
      vertex 3.624851182103157 -0.5270097106695175 0
    endloop
  endfacet
  facet normal 0 0 -1
    outer loop
      vertex 3.624851182103157 -0.5270097106695175 0
      vertex 4.860421657562256 -0.8580798208713531 0
      vertex 4.231786675751209 -0.7330365478992462 0
    endloop
  endfacet
  facet normal -0.1380974495904429 -0.6942627591874143 -0.7063485794012
    outer loop
      vertex 4.076495252549648 -1.3125920444726944 0.6
      vertex 4.231786675751209 -0.7330365478992462 0
      vertex 4.860421657562256 -0.8580798208713531 0
    endloop
  endfacet
  facet normal -0.1380974487975325 -0.6942627598717321 -0.7063485788836122
    outer loop
      vertex 4.076495252549648 -1.3125920444726944 0.6
      vertex 4.860421657562256 -0.8580798208713531 0
      vertex 4.782105945050716 -1.452946737408638 0.6
    endloop
  endfacet
  facet normal -0.04629652995227376 -0.7063485785489253 -0.706348580303161
    outer loop
      vertex 4.860421657562256 -0.8580798208713531 0
      vertex 5.5 -0.8999999985098839 0
      vertex 5.5 -1.5 0.6
    endloop
  endfacet
  facet normal -0.046296532153201155 -0.7063485796126907 -0.7063485790951393
    outer loop
      vertex 4.860421657562256 -0.8580798208713531 0
      vertex 5.5 -1.5 0.6
      vertex 4.782105945050716 -1.452946737408638 0.6
    endloop
  endfacet
  facet normal 0 0 -1
    outer loop
      vertex 1.2564755231142044 1.5499999970197678 0
      vertex 4.930598100774454 6.374963182164049 0
      vertex 5.212842377115886 6.318821304977617 0
    endloop
  endfacet
  facet normal 0 0 -1
    outer loop
      vertex 1.2564755231142044 1.5499999970197678 0
      vertex 5.212842377115886 6.318821304977617 0
      vertex 5.5 6.3 0
    endloop
  endfacet
  facet normal 0 0 -1
    outer loop
      vertex 1.2564755231142044 1.5499999970197678 0
      vertex 5.5 6.3 0
      vertex 5.787157622884114 6.318821304977617 0
    endloop
  endfacet
  facet normal -0.19509032153766337 -0.9807852804984031 0
    outer loop
      vertex 4.076495252549648 -1.3125920444726944 0.6
      vertex 4.782105945050716 -1.452946737408638 0.6
      vertex 4.782105945050716 -1.452946737408638 8
    endloop
  endfacet
  facet normal -0.06540312963914346 -0.9978589232117961 0
    outer loop
      vertex 4.782105945050716 -1.452946737408638 0.6
      vertex 5.5 -1.5 0.6
      vertex 4.782105945050716 -1.452946737408638 8
    endloop
  endfacet
  facet normal -0.8968727383369041 -0.4422886966994107 0
    outer loop
      vertex 0.41866257041692734 1.8952411189675331 0.6
      vertex 0.7368602827191353 1.25 8
      vertex 0.41866257041692734 1.8952411189675331 8
    endloop
  endfacet
  facet normal -0.6593458145648516 -0.7518398079483504 0
    outer loop
      vertex 1.6109127029776573 0.11091270297765732 0.6
      vertex 2.151812143623829 -0.36344337463378906 8
      vertex 1.6109127029776573 0.11091270297765732 8
    endloop
  endfacet
  facet normal -0.8314696151574068 -0.555570228747 0
    outer loop
      vertex 1.136556625366211 0.6518121436238289 0.6
      vertex 1.136556625366211 0.6518121436238289 8
      vertex 0.7368602827191353 1.25 8
    endloop
  endfacet
  facet normal -0.7518398079483504 -0.6593458145648516 0
    outer loop
      vertex 1.6109127029776573 0.11091270297765732 0.6
      vertex 1.6109127029776573 0.11091270297765732 8
      vertex 1.136556625366211 0.6518121436238289 8
    endloop
  endfacet
  facet normal -0.9469301303933566 -0.3214394626569997 0
    outer loop
      vertex 0.41866257041692734 1.8952411189675331 0.6
      vertex 0.41866257041692734 1.8952411189675331 8
      vertex 0.1874079555273056 2.5764952525496483 8
    endloop
  endfacet
  facet normal -0.9807852804984031 -0.19509032153766337 0
    outer loop
      vertex 0.1874079555273056 2.5764952525496483 0.6
      vertex 0.1874079555273056 2.5764952525496483 8
      vertex 0.047053262591362 3.2821059450507164 8
    endloop
  endfacet
  facet normal -0.9978589232117961 -0.06540312963914346 0
    outer loop
      vertex 0.047053262591362 3.2821059450507164 0.6
      vertex 0.047053262591362 3.2821059450507164 8
      vertex 0 4 8
    endloop
  endfacet
  facet normal -0.555570228747 -0.8314696151574068 0
    outer loop
      vertex 2.151812143623829 -0.36344337463378906 0.6
      vertex 2.75 -0.7631397172808647 8
      vertex 2.151812143623829 -0.36344337463378906 8
    endloop
  endfacet
  facet normal -0.4422886966994107 -0.8968727383369041 0
    outer loop
      vertex 3.395241118967533 -1.0813374295830727 0.6
      vertex 3.395241118967533 -1.0813374295830727 8
      vertex 2.75 -0.7631397172808647 8
    endloop
  endfacet
  facet normal 0 0 1
    outer loop
      vertex 0.7368602827191353 1.25 8
      vertex 1.136556625366211 0.6518121436238289 8
      vertex 2.151812143623829 -0.36344337463378906 8
    endloop
  endfacet
  facet normal 0 0 1
    outer loop
      vertex 1.6109127029776573 0.11091270297765732 8
      vertex 2.151812143623829 -0.36344337463378906 8
      vertex 1.136556625366211 0.6518121436238289 8
    endloop
  endfacet
  facet normal 0 0 1
    outer loop
      vertex 0.7368602827191353 1.25 8
      vertex 0.1874079555273056 2.5764952525496483 8
      vertex 0.41866257041692734 1.8952411189675331 8
    endloop
  endfacet
  facet normal 0 0 1
    outer loop
      vertex 0.1874079555273056 2.5764952525496483 8
      vertex 0 4 8
      vertex 0.047053262591362 3.2821059450507164 8
    endloop
  endfacet
  facet normal 0 0 1
    outer loop
      vertex 0.7368602827191353 1.25 8
      vertex 0 4 8
      vertex 0.1874079555273056 2.5764952525496483 8
    endloop
  endfacet
  facet normal 0 0 1
    outer loop
      vertex 0.7368602827191353 1.25 8
      vertex 2.3181434869766235 2.1271110251545906 8
      vertex 2.3079869374632835 2.1650157645344734 8
    endloop
  endfacet
  facet normal 0 0 1
    outer loop
      vertex 0.7368602827191353 1.25 8
      vertex 2.2314298301935196 2.5498943254351616 8
      vertex 2.2263077422976494 2.5888004824519157 8
    endloop
  endfacet
  facet normal 0 0 1
    outer loop
      vertex 0.7368602827191353 1.25 8
      vertex 2.3079869374632835 2.1650157645344734 8
      vertex 2.2314298301935196 2.5498943254351616 8
    endloop
  endfacet
  facet normal 0 0 1
    outer loop
      vertex 0.7368602827191353 1.25 8
      vertex 2.2263077422976494 2.5888004824519157 8
      vertex 2.2006423249840736 2.9803790599107742 8
    endloop
  endfacet
  facet normal 0 0 1
    outer loop
      vertex 0.7368602827191353 1.25 8
      vertex 2.151812143623829 -0.36344337463378906 8
      vertex 4.782105945050716 -1.452946737408638 8
    endloop
  endfacet
  facet normal 0 0 1
    outer loop
      vertex 0.7368602827191353 1.25 8
      vertex 2.6524829044938087 1.3333289325237274 8
      vertex 2.6328619718551636 1.3673133924603462 8
    endloop
  endfacet
  facet normal 0 0 1
    outer loop
      vertex 0.7368602827191353 1.25 8
      vertex 2.444282367825508 1.7555178627371788 8
      vertex 2.3181434869766235 2.1271110251545906 8
    endloop
  endfacet
  facet normal 0 0 1
    outer loop
      vertex 0.7368602827191353 1.25 8
      vertex 2.4592995792627335 1.7192630916833878 8
      vertex 2.444282367825508 1.7555178627371788 8
    endloop
  endfacet
  facet normal 0 0 1
    outer loop
      vertex 0.7368602827191353 1.25 8
      vertex 2.6328619718551636 1.3673133924603462 8
      vertex 2.4592995792627335 1.7192630916833878 8
    endloop
  endfacet
  facet normal 0 0 1
    outer loop
      vertex 0.7368602827191353 1.25 8
      vertex 2.870499089360237 1.007044643163681 8
      vertex 2.6524829044938087 1.3333289325237274 8
    endloop
  endfacet
  facet normal 0 0 1
    outer loop
      vertex 0.7368602827191353 1.25 8
      vertex 2.8943880274891853 0.9759119674563408 8
      vertex 2.870499089360237 1.007044643163681 8
    endloop
  endfacet
  facet normal 0 0 1
    outer loop
      vertex 0.7368602827191353 1.25 8
      vertex 3.1531277149915695 0.6808759123086929 8
      vertex 2.8943880274891853 0.9759119674563408 8
    endloop
  endfacet
  facet normal 0 0 1
    outer loop
      vertex 0.7368602827191353 1.25 8
      vertex 3.180875912308693 0.6531277149915695 8
      vertex 3.1531277149915695 0.6808759123086929 8
    endloop
  endfacet
  facet normal 0 0 1
    outer loop
      vertex 0.7368602827191353 1.25 8
      vertex 3.475911967456341 0.39438803493976593 8
      vertex 3.180875912308693 0.6531277149915695 8
    endloop
  endfacet
  facet normal 0 0 1
    outer loop
      vertex 0.7368602827191353 1.25 8
      vertex 3.5070446357131004 0.3704990893602371 8
      vertex 3.475911967456341 0.39438803493976593 8
    endloop
  endfacet
  facet normal 0 0 1
    outer loop
      vertex 0.7368602827191353 1.25 8
      vertex 3.8333289325237274 0.15248290449380875 8
      vertex 3.5070446357131004 0.3704990893602371 8
    endloop
  endfacet
  facet normal 0 0 1
    outer loop
      vertex 0.7368602827191353 1.25 8
      vertex 4.782105945050716 -1.452946737408638 8
      vertex 3.867313392460346 0.13286197185516357 8
    endloop
  endfacet
  facet normal 0 0 1
    outer loop
      vertex 2.151812143623829 -0.36344337463378906 8
      vertex 2.75 -0.7631397172808647 8
      vertex 4.782105945050716 -1.452946737408638 8
    endloop
  endfacet
  facet normal 0 0 1
    outer loop
      vertex 0.7368602827191353 1.25 8
      vertex 3.867313392460346 0.13286197185516357 8
      vertex 3.8333289325237274 0.15248290449380875 8
    endloop
  endfacet
  facet normal -0.3214394626569997 -0.9469301303933566 0
    outer loop
      vertex 4.076495252549648 -1.3125920444726944 0.6
      vertex 4.076495252549648 -1.3125920444726944 8
      vertex 3.395241118967533 -1.0813374295830727 8
    endloop
  endfacet
  facet normal -0.19509032153766337 -0.9807852804984031 0
    outer loop
      vertex 4.076495252549648 -1.3125920444726944 0.6
      vertex 4.782105945050716 -1.452946737408638 8
      vertex 4.076495252549648 -1.3125920444726944 8
    endloop
  endfacet
  facet normal -0.06540312963914346 -0.9978589232117961 0
    outer loop
      vertex 5.5 -1.5 0.6
      vertex 5.5 -1.5 8
      vertex 4.782105945050716 -1.452946737408638 8
    endloop
  endfacet
  facet normal 0 0 1
    outer loop
      vertex 2.75 -0.7631397172808647 8
      vertex 3.395241118967533 -1.0813374295830727 8
      vertex 4.782105945050716 -1.452946737408638 8
    endloop
  endfacet
  facet normal 0 0 1
    outer loop
      vertex 3.395241118967533 -1.0813374295830727 8
      vertex 4.076495252549648 -1.3125920444726944 8
      vertex 4.782105945050716 -1.452946737408638 8
    endloop
  endfacet
  facet normal 0 0 1
    outer loop
      vertex 4.782105945050716 -1.452946737408638 8
      vertex 4.219263091683388 -0.040700413286685944 8
      vertex 3.867313392460346 0.13286197185516357 8
    endloop
  endfacet
  facet normal 0 0 1
    outer loop
      vertex 4.782105945050716 -1.452946737408638 8
      vertex 4.255517862737179 -0.05571763217449188 8
      vertex 4.219263091683388 -0.040700413286685944 8
    endloop
  endfacet
  facet normal 0 0 1
    outer loop
      vertex 4.782105945050716 -1.452946737408638 8
      vertex 4.627111025154591 -0.18185651302337646 8
      vertex 4.255517862737179 -0.05571763217449188 8
    endloop
  endfacet
  facet normal 0 0 1
    outer loop
      vertex 4.782105945050716 -1.452946737408638 8
      vertex 4.665015764534473 -0.19201306253671646 8
      vertex 4.627111025154591 -0.18185651302337646 8
    endloop
  endfacet
  facet normal 0 0 1
    outer loop
      vertex 4.782105945050716 -1.452946737408638 8
      vertex 5.049894325435162 -0.2685701698064804 8
      vertex 4.665015764534473 -0.19201306253671646 8
    endloop
  endfacet
  facet normal 0 0 1
    outer loop
      vertex 4.782105945050716 -1.452946737408638 8
      vertex 5.088800482451916 -0.2736922577023506 8
      vertex 5.049894325435162 -0.2685701698064804 8
    endloop
  endfacet
  facet normal 0 0 1
    outer loop
      vertex 4.782105945050716 -1.452946737408638 8
      vertex 5.480379059910774 -0.29935767501592636 8
      vertex 5.088800482451916 -0.2736922577023506 8
    endloop
  endfacet
  facet normal 0 0 1
    outer loop
      vertex 4.782105945050716 -1.452946737408638 8
      vertex 5.5 -0.29999999701976776 8
      vertex 5.480379059910774 -0.29935767501592636 8
    endloop
  endfacet
  facet normal -0.7071067803084882 0 -0.7071067820646069
    outer loop
      vertex 0 4 0.6
      vertex 0 45 0.6
      vertex 0.6000000014901161 4 0
    endloop
  endfacet
  facet normal 0 0 -1
    outer loop
      vertex 1.2564755231142044 1.5499999970197678 0
      vertex 0.6000000014901161 4 0
      vertex 0.9729902893304825 46.87514881789684 0
    endloop
  endfacet
  facet normal -1 0 0
    outer loop
      vertex 0 4 0.6
      vertex 0 4 8
      vertex 0 45 0.6
    endloop
  endfacet
  facet normal 0 0 -1
    outer loop
      vertex 1.2564755231142044 1.5499999970197678 0
      vertex 0.9729902893304825 46.87514881789684 0
      vertex 3.3 8.5 0
    endloop
  endfacet
  facet normal 0 0 -1
    outer loop
      vertex 0.9729902893304825 46.87514881789684 0
      vertex 3.318821304977617 8.787157622884113 0
      vertex 3.3 8.5 0
    endloop
  endfacet
  facet normal 0 0 -1
    outer loop
      vertex 0.9729902893304825 46.87514881789684 0
      vertex 3.3749631821640493 9.069401899225547 0
      vertex 3.318821304977617 8.787157622884113 0
    endloop
  endfacet
  facet normal 0 0 -1
    outer loop
      vertex 0.9729902893304825 46.87514881789684 0
      vertex 3.467465028475169 9.341903551203197 0
      vertex 3.3749631821640493 9.069401899225547 0
    endloop
  endfacet
  facet normal 0 0 -1
    outer loop
      vertex 0.9729902893304825 46.87514881789684 0
      vertex 3.5947441116742347 9.6 0
      vertex 3.467465028475169 9.341903551203197 0
    endloop
  endfacet
  facet normal 0 0 -1
    outer loop
      vertex 3.5947441116742347 9.6 0
      vertex 12.8 23.400000000000002 0
      vertex 3.7546226513592824 9.839275143819185 0
    endloop
  endfacet
  facet normal 0 0 -1
    outer loop
      vertex 3.7546226513592824 9.839275143819185 0
      vertex 12.8 23.400000000000002 0
      vertex 3.944365081389595 10.055634918610405 0
    endloop
  endfacet
  facet normal 0 0 -1
    outer loop
      vertex 4.160724856180814 10.245377348640718 0
      vertex 3.944365081389595 10.055634918610405 0
      vertex 12.8 23.400000000000002 0
    endloop
  endfacet
  facet normal 0 0 -1
    outer loop
      vertex 4.4 10.405255888325765 0
      vertex 4.160724856180814 10.245377348640718 0
      vertex 12.8 23.400000000000002 0
    endloop
  endfacet
  facet normal 0 0 1
    outer loop
      vertex 0.7368602827191353 1.25 8
      vertex 0.4170471479978613 47.099999999999994 8
      vertex 0 4 8
    endloop
  endfacet
  facet normal 0 0 1
    outer loop
      vertex 0.7368602827191353 1.25 8
      vertex 2.2006423249840736 2.9803790599107742 8
      vertex 0.4170471479978613 47.099999999999994 8
    endloop
  endfacet
  facet normal 0 0 1
    outer loop
      vertex 0.4170471479978613 47.099999999999994 8
      vertex 2.2006423249840736 2.9803790599107742 8
      vertex 2.2000000029802322 3 8
    endloop
  endfacet
  facet normal 0 0 -1
    outer loop
      vertex 1.2564755231142044 1.5499999970197678 0
      vertex 23.5 -0.8999999985098839 0
      vertex 4.860421657562256 -0.8580798208713531 0
    endloop
  endfacet
  facet normal 0 0 -1
    outer loop
      vertex 1.2564755231142044 1.5499999970197678 0
      vertex 5.787157622884114 6.318821304977617 0
      vertex 23.5 6.3 0
    endloop
  endfacet
  facet normal 0 0 -1
    outer loop
      vertex 4.860421657562256 -0.8580798208713531 0
      vertex 23.5 -0.8999999985098839 0
      vertex 5.5 -0.8999999985098839 0
    endloop
  endfacet
  facet normal 0 -0.7071067803084881 -0.7071067820646069
    outer loop
      vertex 5.5 -0.8999999985098839 0
      vertex 23.5 -0.8999999985098839 0
      vertex 5.5 -1.5 0.6
    endloop
  endfacet
  facet normal 0 0 -1
    outer loop
      vertex 5.787157622884114 6.318821304977617 0
      vertex 6.069401899225546 6.374963182164049 0
      vertex 23.212842377115887 6.318821304977617 0
    endloop
  endfacet
  facet normal 0 0 -1
    outer loop
      vertex 6.069401899225546 6.374963182164049 0
      vertex 6.341903551203197 6.46746502847517 0
      vertex 22.930598100774453 6.374963182164049 0
    endloop
  endfacet
  facet normal 0 0 -1
    outer loop
      vertex 6.341903551203197 6.46746502847517 0
      vertex 6.6 6.594744111674235 0
      vertex 22.6580964487968 6.46746502847517 0
    endloop
  endfacet
  facet normal 0 0 -1
    outer loop
      vertex 6.6 6.594744111674235 0
      vertex 6.839275143819186 6.754622651359282 0
      vertex 22.4 6.594744111674235 0
    endloop
  endfacet
  facet normal 0 0 -1
    outer loop
      vertex 6.839275143819186 6.754622651359282 0
      vertex 7.055634918610405 6.944365081389595 0
      vertex 22.160724856180813 6.754622651359282 0
    endloop
  endfacet
  facet normal 0 0 -1
    outer loop
      vertex 7.055634918610405 6.944365081389595 0
      vertex 7.245377348640718 7.160724856180814 0
      vertex 21.944365081389595 6.944365081389595 0
    endloop
  endfacet
  facet normal 0 0 -1
    outer loop
      vertex 7.405255888325765 7.4 0
      vertex 21.754622651359284 7.160724856180814 0
      vertex 7.245377348640718 7.160724856180814 0
    endloop
  endfacet
  facet normal 0 0 -1
    outer loop
      vertex 7.53253497152483 7.658096448796803 0
      vertex 21.594744111674235 7.4 0
      vertex 7.405255888325765 7.4 0
    endloop
  endfacet
  facet normal 0 0 -1
    outer loop
      vertex 7.625036817835951 7.930598100774454 0
      vertex 21.467465028475168 7.658096448796803 0
      vertex 7.53253497152483 7.658096448796803 0
    endloop
  endfacet
  facet normal 0 0 -1
    outer loop
      vertex 7.681178695022383 8.212842377115887 0
      vertex 21.37496318216405 7.930598100774454 0
      vertex 7.625036817835951 7.930598100774454 0
    endloop
  endfacet
  facet normal 0 0 -1
    outer loop
      vertex 7.7 8.5 0
      vertex 21.318821304977618 8.212842377115887 0
      vertex 7.681178695022383 8.212842377115887 0
    endloop
  endfacet
  facet normal 0 0 -1
    outer loop
      vertex 7.681178695022383 8.787157622884113 0
      vertex 21.3 8.5 0
      vertex 7.7 8.5 0
    endloop
  endfacet
  facet normal 0 0 -1
    outer loop
      vertex 7.681178695022383 8.787157622884113 0
      vertex 7.625036817835951 9.069401899225547 0
      vertex 21.318821304977618 8.787157622884113 0
    endloop
  endfacet
  facet normal 0 0 -1
    outer loop
      vertex 7.055634918610405 10.055634918610405 0
      vertex 21.37496318216405 9.069401899225547 0
      vertex 7.245377348640718 9.839275143819185 0
    endloop
  endfacet
  facet normal 0 0 -1
    outer loop
      vertex 7.405255888325765 9.6 0
      vertex 21.37496318216405 9.069401899225547 0
      vertex 7.53253497152483 9.341903551203197 0
    endloop
  endfacet
  facet normal 0 0 -1
    outer loop
      vertex 7.53253497152483 9.341903551203197 0
      vertex 21.37496318216405 9.069401899225547 0
      vertex 7.625036817835951 9.069401899225547 0
    endloop
  endfacet
  facet normal 0 0 -1
    outer loop
      vertex 7.245377348640718 9.839275143819185 0
      vertex 21.37496318216405 9.069401899225547 0
      vertex 7.405255888325765 9.6 0
    endloop
  endfacet
  facet normal 0 -1 0
    outer loop
      vertex 5.5 -1.5 0.6
      vertex 23.5 -1.5 8
      vertex 5.5 -1.5 8
    endloop
  endfacet
  facet normal 0 0 1
    outer loop
      vertex 4.782105945050716 -1.452946737408638 8
      vertex 5.5 -1.5 8
      vertex 23.5 -1.5 8
    endloop
  endfacet
  facet normal 0 0 1
    outer loop
      vertex 4.782105945050716 -1.452946737408638 8
      vertex 23.5 -1.5 8
      vertex 5.5 -0.29999999701976776 8
    endloop
  endfacet
  facet normal 0 0 -1
    outer loop
      vertex 5.212842377115886 10.681178695022382 0
      vertex 12.929404794730813 22.74943816497935 0
      vertex 5.5 10.7 0
    endloop
  endfacet
  facet normal 0 0 -1
    outer loop
      vertex 5.787157622884114 10.681178695022382 0
      vertex 5.5 10.7 0
      vertex 13.027756813566455 22.55 0
    endloop
  endfacet
  facet normal 0 0 -1
    outer loop
      vertex 6.069401899225546 10.625036817835952 0
      vertex 5.787157622884114 10.681178695022382 0
      vertex 13.1512993215049 22.365105570685177 0
    endloop
  endfacet
  facet normal 0 0 -1
    outer loop
      vertex 6.341903551203197 10.53253497152483 0
      vertex 6.069401899225546 10.625036817835952 0
      vertex 13.29791847198287 22.19791847198287 0
    endloop
  endfacet
  facet normal 0 0 -1
    outer loop
      vertex 6.6 10.405255888325765 0
      vertex 6.341903551203197 10.53253497152483 0
      vertex 13.465105570685175 22.051299321504903 0
    endloop
  endfacet
  facet normal 0 0 -1
    outer loop
      vertex 6.6 10.405255888325765 0
      vertex 13.65 21.927756813566457 0
      vertex 6.839275143819186 10.245377348640718 0
    endloop
  endfacet
  facet normal 0 0 -1
    outer loop
      vertex 4.658096448796803 10.53253497152483 0
      vertex 4.4 10.405255888325765 0
      vertex 12.8 23.400000000000002 0
    endloop
  endfacet
  facet normal 0 0 -1
    outer loop
      vertex 4.930598100774454 10.625036817835952 0
      vertex 4.658096448796803 10.53253497152483 0
      vertex 12.814543735664522 23.178105473225916 0
    endloop
  endfacet
  facet normal 0 0 -1
    outer loop
      vertex 4.930598100774454 10.625036817835952 0
      vertex 12.857926095308583 22.960007623325716 0
      vertex 5.212842377115886 10.681178695022382 0
    endloop
  endfacet
  facet normal 0 0 -1
    outer loop
      vertex 6.839275143819186 10.245377348640718 0
      vertex 13.849438164979347 21.829404794730813 0
      vertex 7.055634918610405 10.055634918610405 0
    endloop
  endfacet
  facet normal 0 0 -1
    outer loop
      vertex 5.212842377115886 10.681178695022382 0
      vertex 12.857926095308583 22.960007623325716 0
      vertex 12.929404794730813 22.74943816497935 0
    endloop
  endfacet
  facet normal 0 0 -1
    outer loop
      vertex 4.658096448796803 10.53253497152483 0
      vertex 12.8 23.400000000000002 0
      vertex 12.814543735664522 23.178105473225916 0
    endloop
  endfacet
  facet normal 0 0 -1
    outer loop
      vertex 4.930598100774454 10.625036817835952 0
      vertex 12.814543735664522 23.178105473225916 0
      vertex 12.857926095308583 22.960007623325716 0
    endloop
  endfacet
  facet normal 0 0 -1
    outer loop
      vertex 5.5 10.7 0
      vertex 12.929404794730813 22.74943816497935 0
      vertex 13.027756813566455 22.55 0
    endloop
  endfacet
  facet normal 0 0 -1
    outer loop
      vertex 6.069401899225546 10.625036817835952 0
      vertex 13.1512993215049 22.365105570685177 0
      vertex 13.29791847198287 22.19791847198287 0
    endloop
  endfacet
  facet normal 0 0 -1
    outer loop
      vertex 5.787157622884114 10.681178695022382 0
      vertex 13.027756813566455 22.55 0
      vertex 13.1512993215049 22.365105570685177 0
    endloop
  endfacet
  facet normal 0 0 -1
    outer loop
      vertex 7.055634918610405 10.055634918610405 0
      vertex 13.849438164979347 21.829404794730813 0
      vertex 14.060007623325715 21.757926095308587 0
    endloop
  endfacet
  facet normal 0 0 -1
    outer loop
      vertex 7.055634918610405 10.055634918610405 0
      vertex 14.060007623325715 21.757926095308587 0
      vertex 21.37496318216405 9.069401899225547 0
    endloop
  endfacet
  facet normal 0 0 -1
    outer loop
      vertex 6.341903551203197 10.53253497152483 0
      vertex 13.29791847198287 22.19791847198287 0
      vertex 13.465105570685175 22.051299321504903 0
    endloop
  endfacet
  facet normal 0 0 -1
    outer loop
      vertex 6.6 10.405255888325765 0
      vertex 13.465105570685175 22.051299321504903 0
      vertex 13.65 21.927756813566457 0
    endloop
  endfacet
  facet normal 0 0 -1
    outer loop
      vertex 6.839275143819186 10.245377348640718 0
      vertex 13.65 21.927756813566457 0
      vertex 13.849438164979347 21.829404794730813 0
    endloop
  endfacet
  facet normal -0.7071067803084882 0 -0.7071067820646069
    outer loop
      vertex 0.6000000014901161 4 0
      vertex 0 45 0.6
      vertex 0.6000000014901161 45 0
    endloop
  endfacet
  facet normal 0 0 -1
    outer loop
      vertex 0.6000000014901161 4 0
      vertex 0.6000000014901161 45 0
      vertex 0.9729902893304825 46.87514881789684 0
    endloop
  endfacet
  facet normal 0 0 -1
    outer loop
      vertex 0.9729902893304825 46.87514881789684 0
      vertex 12.8 23.400000000000002 0
      vertex 3.5947441116742347 9.6 0
    endloop
  endfacet
  facet normal -1 0 0
    outer loop
      vertex 0 4 8
      vertex 0 45 8
      vertex 0 45 0.6
    endloop
  endfacet
  facet normal 0 0 1
    outer loop
      vertex 0 4 8
      vertex 0.4170471479978613 47.099999999999994 8
      vertex 0 45 8
    endloop
  endfacet
  facet normal 0 0 1
    outer loop
      vertex 0.4170471479978613 47.099999999999994 8
      vertex 2.2000000029802322 3 8
      vertex 2.2000000029802322 45 8
    endloop
  endfacet
  facet normal -0.7063485785489253 0.046296529952273784 -0.706348580303161
    outer loop
      vertex 0 45 0.6
      vertex 0.6419201791286469 45.639578342437744 0
      vertex 0.6000000014901161 45 0
    endloop
  endfacet
  facet normal -0.7063485796126907 0.0462965321532012 -0.7063485790951393
    outer loop
      vertex 0 45 0.6
      vertex 0.047053262591362 45.717894054949284 0.6
      vertex 0.6419201791286469 45.639578342437744 0
    endloop
  endfacet
  facet normal -0.6942627598717321 0.1380974487975325 -0.7063485788836122
    outer loop
      vertex 0.047053262591362 45.717894054949284 0.6
      vertex 0.1874079555273056 46.42350474745035 0.6
      vertex 0.6419201791286469 45.639578342437744 0
    endloop
  endfacet
  facet normal -0.6942627591874143 0.1380974495904429 -0.7063485794012
    outer loop
      vertex 0.1874079555273056 46.42350474745035 0.6
      vertex 0.7669634521007538 46.26821332424879 0
      vertex 0.6419201791286469 45.639578342437744 0
    endloop
  endfacet
  facet normal 0 0 -1
    outer loop
      vertex 0.6000000014901161 45 0
      vertex 0.6419201791286469 45.639578342437744 0
      vertex 0.9729902893304825 46.87514881789684 0
    endloop
  endfacet
  facet normal 0 0 -1
    outer loop
      vertex 0.6419201791286469 45.639578342437744 0
      vertex 0.7669634521007538 46.26821332424879 0
      vertex 0.9729902893304825 46.87514881789684 0
    endloop
  endfacet
  facet normal -0.6702979110008164 0.2275354795534053 -0.7063485797057594
    outer loop
      vertex 0.41866257041692734 47.10475888103247 0.6
      vertex 0.9729902893304825 46.87514881789684 0
      vertex 0.7669634521007538 46.26821332424879 0
    endloop
  endfacet
  facet normal -0.6348640784957296 0.3130803177993649 -0.7063485799818789
    outer loop
      vertex 0.41866257041692734 47.10475888103247 0.6
      vertex 1.2564755231142044 47.45000000298023 0
      vertex 0.9729902893304825 46.87514881789684 0
    endloop
  endfacet
  facet normal -0.6702979118507696 0.22753547879600972 -0.7063485791431653
    outer loop
      vertex 0.1874079555273056 46.42350474745035 0.6
      vertex 0.41866257041692734 47.10475888103247 0.6
      vertex 0.7669634521007538 46.26821332424879 0
    endloop
  endfacet
  facet normal 0 0 -1
    outer loop
      vertex 0.9729902893304825 46.87514881789684 0
      vertex 1.2564755231142044 47.45000000298023 0
      vertex 1.123579341142852 47.10052126160565 0
    endloop
  endfacet
  facet normal -0.6348640787544432 0.31308032229216526 -0.7063485777579694
    outer loop
      vertex 0.41866257041692734 47.10475888103247 0.6
      vertex 0.7368602827191353 47.75 0.6
      vertex 1.2564755231142044 47.45000000298023 0
    endloop
  endfacet
  facet normal 0 0 -1
    outer loop
      vertex 1.123579341142852 47.10052126160565 0
      vertex 1.2564755231142044 47.45000000298023 0
      vertex 2.035176768898964 48.464823231101036 0
    endloop
  endfacet
  facet normal 0 0 -1
    outer loop
      vertex 2.035176768898964 48.464823231101036 0
      vertex 2.51706899702549 48.88743136823177 0
      vertex 2.288739447574293 48.58986650589884 0
    endloop
  endfacet
  facet normal -0.4667272761345976 0.5322004648347486 -0.7063485789195422
    outer loop
      vertex 2.035176768898964 48.464823231101036 0
      vertex 2.151812143623829 49.36344337463379 0.6
      vertex 2.51706899702549 48.88743136823177 0
    endloop
  endfacet
  facet normal 0 0 -1
    outer loop
      vertex 2.7952042829061816 49.0480128503257 0
      vertex 3.0499999970197678 49.243524476885796 0
      vertex 3.253472315046713 49.31259402191053 0
    endloop
  endfacet
  facet normal 0 0 -1
    outer loop
      vertex 3.0499999970197678 49.243524476885796 0
      vertex 3.624851182103157 49.52700971066952 0
      vertex 3.253472315046713 49.31259402191053 0
    endloop
  endfacet
  facet normal -0.3130803177993649 0.6348640784957296 -0.7063485799818789
    outer loop
      vertex 3.0499999970197678 49.243524476885796 0
      vertex 3.395241118967533 50.08133742958307 0.6
      vertex 3.624851182103157 49.52700971066952 0
    endloop
  endfacet
  facet normal -0.9978589232117961 0.06540312963914346 0
    outer loop
      vertex 0 45 0.6
      vertex 0 45 8
      vertex 0.047053262591362 45.717894054949284 0.6
    endloop
  endfacet
  facet normal -0.9807852804984031 0.19509032153766337 0
    outer loop
      vertex 0.047053262591362 45.717894054949284 0.6
      vertex 0.047053262591362 45.717894054949284 8
      vertex 0.1874079555273056 46.42350474745035 0.6
    endloop
  endfacet
  facet normal -0.9469301303933566 0.3214394626569997 0
    outer loop
      vertex 0.1874079555273056 46.42350474745035 0.6
      vertex 0.1874079555273056 46.42350474745035 8
      vertex 0.41866257041692734 47.10475888103247 0.6
    endloop
  endfacet
  facet normal 0 0 -1
    outer loop
      vertex 3.253472315046713 49.31259402191053 0
      vertex 3.624851182103157 49.52700971066952 0
      vertex 4.039070476581641 49.63799943581633 0
    endloop
  endfacet
  facet normal -0.1380974495904429 0.6942627591874143 -0.7063485794012
    outer loop
      vertex 4.076495252549648 50.312592044472694 0.6
      vertex 4.860421657562256 49.85807982087135 0
      vertex 4.231786675751209 49.733036547899246 0
    endloop
  endfacet
  facet normal 0 0 -1
    outer loop
      vertex 4.550202043882269 49.77495672613276 0
      vertex 4.860421657562256 49.85807982087135 0
      vertex 5.18158463638823 49.85807982087135 0
    endloop
  endfacet
  facet normal -0.1380974487975325 0.6942627598717321 -0.7063485788836122
    outer loop
      vertex 4.076495252549648 50.312592044472694 0.6
      vertex 4.782105945050716 50.45294673740864 0.6
      vertex 4.860421657562256 49.85807982087135 0
    endloop
  endfacet
  facet normal -0.9978589232117961 0.06540312963914346 0
    outer loop
      vertex 0.047053262591362 45.717894054949284 0.6
      vertex 0 45 8
      vertex 0.047053262591362 45.717894054949284 8
    endloop
  endfacet
  facet normal -0.9807852804984031 0.19509032153766337 0
    outer loop
      vertex 0.1874079555273056 46.42350474745035 0.6
      vertex 0.047053262591362 45.717894054949284 8
      vertex 0.1874079555273056 46.42350474745035 8
    endloop
  endfacet
  facet normal -0.9469301303933567 0.3214394626569997 2.3789741613240937e-18
    outer loop
      vertex 0.41866257041692734 47.10475888103247 0.6
      vertex 0.1874079555273056 46.42350474745035 8
      vertex 0.4170471479978613 47.099999999999994 8
    endloop
  endfacet
  facet normal -0.9469301303932682 0.3214394626572602 1.8914058399116222e-16
    outer loop
      vertex 0.41866257041692734 47.10475888103247 0.6
      vertex 0.4170471479978613 47.099999999999994 8
      vertex 0.4180760087927326 47.10303092619241 8
    endloop
  endfacet
  facet normal -0.8968727383369044 0.44228869669940996 0
    outer loop
      vertex 0.7368602827191353 47.75 0.6
      vertex 0.621322349891052 47.51571225317175 8
      vertex 0.7368602827191353 47.75 8
    endloop
  endfacet
  facet normal -0.5555702287470053 0.8314696151574031 0
    outer loop
      vertex 2.75 49.763139717280865 0.6
      vertex 2.5327973436121853 49.618009543797626 8
      vertex 2.75 49.763139717280865 8
    endloop
  endfacet
  facet normal 0 0 1
    outer loop
      vertex 0 45 8
      vertex 0.4170471479978613 47.099999999999994 8
      vertex 0.047053262591362 45.717894054949284 8
    endloop
  endfacet
  facet normal 0 0 1
    outer loop
      vertex 0.047053262591362 45.717894054949284 8
      vertex 0.4170471479978613 47.099999999999994 8
      vertex 0.1874079555273056 46.42350474745035 8
    endloop
  endfacet
  facet normal 0 0 1
    outer loop
      vertex 0.4170471479978613 47.099999999999994 8
      vertex 2.2000000029802322 45 8
      vertex 2.2006423249840736 45.019620940089226 8
    endloop
  endfacet
  facet normal 0 0 1
    outer loop
      vertex 0.4170471479978613 47.099999999999994 8
      vertex 2.2006423249840736 45.019620940089226 8
      vertex 2.2263077422976494 45.411199517548084 8
    endloop
  endfacet
  facet normal 0 0 1
    outer loop
      vertex 0.4170471479978613 47.099999999999994 8
      vertex 2.2263077422976494 45.411199517548084 8
      vertex 2.2314298301935196 45.45010567456484 8
    endloop
  endfacet
  facet normal 0 0 1
    outer loop
      vertex 0.4170471479978613 47.099999999999994 8
      vertex 2.2314298301935196 45.45010567456484 8
      vertex 2.3079869374632835 45.83498423546553 8
    endloop
  endfacet
  facet normal 0 0 1
    outer loop
      vertex 0.4170471479978613 47.099999999999994 8
      vertex 2.3079869374632835 45.83498423546553 8
      vertex 2.3181434869766235 45.87288897484541 8
    endloop
  endfacet
  facet normal 0 0 1
    outer loop
      vertex 0.4170471479978613 47.099999999999994 8
      vertex 2.3181434869766235 45.87288897484541 8
      vertex 2.444282367825508 46.24448213726282 8
    endloop
  endfacet
  facet normal 0 0 1
    outer loop
      vertex 0.4170471479978613 47.099999999999994 8
      vertex 2.444282367825508 46.24448213726282 8
      vertex 2.459299586713314 46.28073690831661 8
    endloop
  endfacet
  facet normal 0 0 1
    outer loop
      vertex 0.4170471479978613 47.099999999999994 8
      vertex 2.459299586713314 46.28073690831661 8
      vertex 2.6328619718551636 46.632686607539654 8
    endloop
  endfacet
  facet normal 0 0 1
    outer loop
      vertex 0.4170471479978613 47.099999999999994 8
      vertex 2.6328619718551636 46.632686607539654 8
      vertex 2.6524829044938087 46.66667106747627 8
    endloop
  endfacet
  facet normal 0 0 1
    outer loop
      vertex 0.4170471479978613 47.099999999999994 8
      vertex 2.6524829044938087 46.66667106747627 8
      vertex 2.870499089360237 46.9929553642869 8
    endloop
  endfacet
  facet normal 0 0 1
    outer loop
      vertex 0.4170471479978613 47.099999999999994 8
      vertex 2.870499089360237 46.9929553642869 8
      vertex 2.894388034939766 47.02408803254366 8
    endloop
  endfacet
  facet normal 0 0 1
    outer loop
      vertex 0.4170471479978613 47.099999999999994 8
      vertex 2.894388034939766 47.02408803254366 8
      vertex 2.9609610446755616 47.099999999999994 8
    endloop
  endfacet
  facet normal -0.32143946265699963 0.9469301303933566 0
    outer loop
      vertex 4.076495252549648 50.312592044472694 0.6
      vertex 3.8291311412391646 50.2286232441693 8
      vertex 4.076495252549648 50.312592044472694 8
    endloop
  endfacet
  facet normal -0.06540312963915598 0.9978589232117954 0
    outer loop
      vertex 5.5 50.5 0.6
      vertex 5.23933189368868 50.48291490955956 8
      vertex 5.5 50.5 8
    endloop
  endfacet
  facet normal 0 0 -1
    outer loop
      vertex 0.9729902893304825 46.87514881789684 0
      vertex 12.8 29.400000000000002 0
      vertex 12.8 23.400000000000002 0
    endloop
  endfacet
  facet normal 0 0 -1
    outer loop
      vertex 0.9729902893304825 46.87514881789684 0
      vertex 12.8 36.1 0
      vertex 12.8 29.400000000000002 0
    endloop
  endfacet
  facet normal 0 0 -1
    outer loop
      vertex 12.8 29.400000000000002 0
      vertex 12.814543735664522 35.878105473225915 0
      vertex 12.814543735664522 29.62189452677409 0
    endloop
  endfacet
  facet normal 0 0 -1
    outer loop
      vertex 12.814543735664522 29.62189452677409 0
      vertex 12.857926095308583 35.66000762332572 0
      vertex 12.857926095308583 29.83999237667429 0
    endloop
  endfacet
  facet normal 0 0 -1
    outer loop
      vertex 12.857926095308583 29.83999237667429 0
      vertex 12.929404794730813 35.44943816497935 0
      vertex 12.929404794730813 30.050561835020655 0
    endloop
  endfacet
  facet normal 0 0 -1
    outer loop
      vertex 13.027756813566455 35.25 0
      vertex 13.027756813566455 30.250000000000004 0
      vertex 12.929404794730813 30.050561835020655 0
    endloop
  endfacet
  facet normal 0 0 -1
    outer loop
      vertex 13.027756813566455 30.250000000000004 0
      vertex 13.1512993215049 35.065105570685176 0
      vertex 13.1512993215049 30.434894429314827 0
    endloop
  endfacet
  facet normal 0 0 -1
    outer loop
      vertex 13.1512993215049 30.434894429314827 0
      vertex 13.29791847198287 34.89791847198287 0
      vertex 13.29791847198287 30.602081528017134 0
    endloop
  endfacet
  facet normal 0 0 -1
    outer loop
      vertex 13.29791847198287 30.602081528017134 0
      vertex 13.465105570685175 34.7512993215049 0
      vertex 13.465105570685175 30.7487006784951 0
    endloop
  endfacet
  facet normal 0 0 -1
    outer loop
      vertex 13.465105570685175 30.7487006784951 0
      vertex 13.65 34.62775681356646 0
      vertex 13.65 30.872243186433547 0
    endloop
  endfacet
  facet normal 0 0 -1
    outer loop
      vertex 12.814543735664522 29.62189452677409 0
      vertex 12.814543735664522 35.878105473225915 0
      vertex 12.857926095308583 35.66000762332572 0
    endloop
  endfacet
  facet normal 0 0 -1
    outer loop
      vertex 12.8 29.400000000000002 0
      vertex 12.8 36.1 0
      vertex 12.814543735664522 35.878105473225915 0
    endloop
  endfacet
  facet normal 0 0 -1
    outer loop
      vertex 12.857926095308583 29.83999237667429 0
      vertex 12.857926095308583 35.66000762332572 0
      vertex 12.929404794730813 35.44943816497935 0
    endloop
  endfacet
  facet normal 0 0 -1
    outer loop
      vertex 13.027756813566455 35.25 0
      vertex 12.929404794730813 30.050561835020655 0
      vertex 12.929404794730813 35.44943816497935 0
    endloop
  endfacet
  facet normal 0 0 -1
    outer loop
      vertex 13.027756813566455 30.250000000000004 0
      vertex 13.027756813566455 35.25 0
      vertex 13.1512993215049 35.065105570685176 0
    endloop
  endfacet
  facet normal 0 0 -1
    outer loop
      vertex 13.29791847198287 30.602081528017134 0
      vertex 13.29791847198287 34.89791847198287 0
      vertex 13.465105570685175 34.7512993215049 0
    endloop
  endfacet
  facet normal 0 0 -1
    outer loop
      vertex 13.465105570685175 30.7487006784951 0
      vertex 13.465105570685175 34.7512993215049 0
      vertex 13.65 34.62775681356646 0
    endloop
  endfacet
  facet normal 0 0 -1
    outer loop
      vertex 13.1512993215049 30.434894429314827 0
      vertex 13.1512993215049 35.065105570685176 0
      vertex 13.29791847198287 34.89791847198287 0
    endloop
  endfacet
  facet normal 0 0 -1
    outer loop
      vertex 13.65 30.872243186433547 0
      vertex 13.849438164979347 34.529404794730816 0
      vertex 13.849438164979347 30.97059520526919 0
    endloop
  endfacet
  facet normal 0 0 -1
    outer loop
      vertex 13.849438164979347 30.97059520526919 0
      vertex 14.060007623325715 34.457926095308586 0
      vertex 14.060007623325715 31.042073904691417 0
    endloop
  endfacet
  facet normal 0 0 -1
    outer loop
      vertex 14.060007623325715 31.042073904691417 0
      vertex 14.278105473225912 34.41454373566452 0
      vertex 14.278105473225912 31.08545626433548 0
    endloop
  endfacet
  facet normal 0 0 -1
    outer loop
      vertex 14.278105473225912 31.08545626433548 0
      vertex 14.5 34.4 0
      vertex 14.5 31.1 0
    endloop
  endfacet
  facet normal 0 0 -1
    outer loop
      vertex 13.65 30.872243186433547 0
      vertex 13.65 34.62775681356646 0
      vertex 13.849438164979347 34.529404794730816 0
    endloop
  endfacet
  facet normal 0 0 -1
    outer loop
      vertex 13.849438164979347 30.97059520526919 0
      vertex 13.849438164979347 34.529404794730816 0
      vertex 14.060007623325715 34.457926095308586 0
    endloop
  endfacet
  facet normal 0 0 -1
    outer loop
      vertex 14.060007623325715 31.042073904691417 0
      vertex 14.060007623325715 34.457926095308586 0
      vertex 14.278105473225912 34.41454373566452 0
    endloop
  endfacet
  facet normal 0 0 -1
    outer loop
      vertex 14.278105473225912 31.08545626433548 0
      vertex 14.278105473225912 34.41454373566452 0
      vertex 14.5 34.4 0
    endloop
  endfacet
  facet normal 0 0 -1
    outer loop
      vertex 0.9729902893304825 46.87514881789684 0
      vertex 12.8 42.1 0
      vertex 12.8 36.1 0
    endloop
  endfacet
  facet normal 0 0 -1
    outer loop
      vertex 0.9729902893304825 46.87514881789684 0
      vertex 12.814543735664522 42.32189452677409 0
      vertex 12.8 42.1 0
    endloop
  endfacet
  facet normal 0 0 -1
    outer loop
      vertex 0.9729902893304825 46.87514881789684 0
      vertex 12.857926095308583 42.539992376674284 0
      vertex 12.814543735664522 42.32189452677409 0
    endloop
  endfacet
  facet normal 0 0 -1
    outer loop
      vertex 0.9729902893304825 46.87514881789684 0
      vertex 12.929404794730813 42.750561835020655 0
      vertex 12.857926095308583 42.539992376674284 0
    endloop
  endfacet
  facet normal 0 0 -1
    outer loop
      vertex 0.9729902893304825 46.87514881789684 0
      vertex 13.027756813566455 42.95 0
      vertex 12.929404794730813 42.750561835020655 0
    endloop
  endfacet
  facet normal 0 0 -1
    outer loop
      vertex 0.9729902893304825 46.87514881789684 0
      vertex 13.1512993215049 43.134894429314826 0
      vertex 13.027756813566455 42.95 0
    endloop
  endfacet
  facet normal 0 0 -1
    outer loop
      vertex 0.9729902893304825 46.87514881789684 0
      vertex 13.29791847198287 43.30208152801713 0
      vertex 13.1512993215049 43.134894429314826 0
    endloop
  endfacet
  facet normal 0 0 -1
    outer loop
      vertex 0.9729902893304825 46.87514881789684 0
      vertex 13.465105570685175 43.4487006784951 0
      vertex 13.29791847198287 43.30208152801713 0
    endloop
  endfacet
  facet normal 0 0 -1
    outer loop
      vertex 0.9729902893304825 46.87514881789684 0
      vertex 13.65 43.572243186433546 0
      vertex 13.465105570685175 43.4487006784951 0
    endloop
  endfacet
  facet normal 0 0 -1
    outer loop
      vertex 0.9729902893304825 46.87514881789684 0
      vertex 13.849438164979347 43.67059520526919 0
      vertex 13.65 43.572243186433546 0
    endloop
  endfacet
  facet normal 0 0 -1
    outer loop
      vertex 0.9729902893304825 46.87514881789684 0
      vertex 14.060007623325715 43.742073904691416 0
      vertex 13.849438164979347 43.67059520526919 0
    endloop
  endfacet
  facet normal 0 0 -1
    outer loop
      vertex 0.9729902893304825 46.87514881789684 0
      vertex 1.123579341142852 47.10052126160565 0
      vertex 27.743524476885796 47.45000000298023 0
    endloop
  endfacet
  facet normal 0 0 -1
    outer loop
      vertex 5.5 49.899999998509884 0
      vertex 24.139578342437744 49.85807982087135 0
      vertex 5.8805928567671195 49.85807982087135 0
    endloop
  endfacet
  facet normal 0 0 -1
    outer loop
      vertex 0.9729902893304825 46.87514881789684 0
      vertex 27.743524476885796 47.45000000298023 0
      vertex 14.060007623325715 43.742073904691416 0
    endloop
  endfacet
  facet normal 0 -0.7071067803084881 -0.7071067820646069
    outer loop
      vertex 5.5 -1.5 0.6
      vertex 23.5 -0.8999999985098839 0
      vertex 23.5 -1.5 0.6
    endloop
  endfacet
  facet normal 0 0 -1
    outer loop
      vertex 1.2564755231142044 1.5499999970197678 0
      vertex 28.027009710669518 2.124851182103157 0
      vertex 23.5 -0.8999999985098839 0
    endloop
  endfacet
  facet normal 0 0 -1
    outer loop
      vertex 1.2564755231142044 1.5499999970197678 0
      vertex 23.5 6.3 0
      vertex 28.027009710669518 2.124851182103157 0
    endloop
  endfacet
  facet normal 0 -1 0
    outer loop
      vertex 5.5 -1.5 0.6
      vertex 23.5 -1.5 0.6
      vertex 23.5 -1.5 8
    endloop
  endfacet
  facet normal 0 0 -1
    outer loop
      vertex 7.245377348640718 7.160724856180814 0
      vertex 21.754622651359284 7.160724856180814 0
      vertex 21.944365081389595 6.944365081389595 0
    endloop
  endfacet
  facet normal 0 0 -1
    outer loop
      vertex 7.405255888325765 7.4 0
      vertex 21.594744111674235 7.4 0
      vertex 21.754622651359284 7.160724856180814 0
    endloop
  endfacet
  facet normal 0 0 -1
    outer loop
      vertex 7.055634918610405 6.944365081389595 0
      vertex 21.944365081389595 6.944365081389595 0
      vertex 22.160724856180813 6.754622651359282 0
    endloop
  endfacet
  facet normal 0 0 -1
    outer loop
      vertex 6.839275143819186 6.754622651359282 0
      vertex 22.160724856180813 6.754622651359282 0
      vertex 22.4 6.594744111674235 0
    endloop
  endfacet
  facet normal 0 0 -1
    outer loop
      vertex 7.53253497152483 7.658096448796803 0
      vertex 21.467465028475168 7.658096448796803 0
      vertex 21.594744111674235 7.4 0
    endloop
  endfacet
  facet normal 0 0 -1
    outer loop
      vertex 7.625036817835951 7.930598100774454 0
      vertex 21.37496318216405 7.930598100774454 0
      vertex 21.467465028475168 7.658096448796803 0
    endloop
  endfacet
  facet normal 0 0 -1
    outer loop
      vertex 7.681178695022383 8.212842377115887 0
      vertex 21.318821304977618 8.212842377115887 0
      vertex 21.37496318216405 7.930598100774454 0
    endloop
  endfacet
  facet normal 0 0 -1
    outer loop
      vertex 6.6 6.594744111674235 0
      vertex 22.4 6.594744111674235 0
      vertex 22.6580964487968 6.46746502847517 0
    endloop
  endfacet
  facet normal 0 0 -1
    outer loop
      vertex 6.341903551203197 6.46746502847517 0
      vertex 22.6580964487968 6.46746502847517 0
      vertex 22.930598100774453 6.374963182164049 0
    endloop
  endfacet
  facet normal 0 0 -1
    outer loop
      vertex 6.069401899225546 6.374963182164049 0
      vertex 22.930598100774453 6.374963182164049 0
      vertex 23.212842377115887 6.318821304977617 0
    endloop
  endfacet
  facet normal 0 0 -1
    outer loop
      vertex 5.787157622884114 6.318821304977617 0
      vertex 23.212842377115887 6.318821304977617 0
      vertex 23.5 6.3 0
    endloop
  endfacet
  facet normal 0 0 -1
    outer loop
      vertex 7.7 8.5 0
      vertex 21.3 8.5 0
      vertex 21.318821304977618 8.212842377115887 0
    endloop
  endfacet
  facet normal 0 0 -1
    outer loop
      vertex 7.681178695022383 8.787157622884113 0
      vertex 21.318821304977618 8.787157622884113 0
      vertex 21.3 8.5 0
    endloop
  endfacet
  facet normal 0 0 -1
    outer loop
      vertex 7.625036817835951 9.069401899225547 0
      vertex 21.37496318216405 9.069401899225547 0
      vertex 21.318821304977618 8.787157622884113 0
    endloop
  endfacet
  facet normal 0 0 1
    outer loop
      vertex 23.5 -1.5 8
      vertex 23.5 -0.29999999701976776 8
      vertex 5.5 -0.29999999701976776 8
    endloop
  endfacet
  facet normal 0 0 -1
    outer loop
      vertex 14.278105473225912 21.714543735664524 0
      vertex 21.37496318216405 9.069401899225547 0
      vertex 14.060007623325715 21.757926095308587 0
    endloop
  endfacet
  facet normal 0 0 -1
    outer loop
      vertex 14.5 21.700000000000003 0
      vertex 21.467465028475168 9.341903551203197 0
      vertex 14.278105473225912 21.714543735664524 0
    endloop
  endfacet
  facet normal 0 0 -1
    outer loop
      vertex 14.5 21.700000000000003 0
      vertex 14.721894526774088 21.714543735664524 0
      vertex 21.594744111674235 9.6 0
    endloop
  endfacet
  facet normal 0 0 -1
    outer loop
      vertex 14.939992376674285 21.757926095308587 0
      vertex 21.754622651359284 9.839275143819185 0
      vertex 14.721894526774088 21.714543735664524 0
    endloop
  endfacet
  facet normal 0 0 -1
    outer loop
      vertex 15.150561835020653 21.829404794730813 0
      vertex 21.944365081389595 10.055634918610405 0
      vertex 14.939992376674285 21.757926095308587 0
    endloop
  endfacet
  facet normal 0 0 -1
    outer loop
      vertex 15.35 21.927756813566457 0
      vertex 22.160724856180813 10.245377348640718 0
      vertex 15.150561835020653 21.829404794730813 0
    endloop
  endfacet
  facet normal 0 0 -1
    outer loop
      vertex 15.534894429314825 22.051299321504903 0
      vertex 22.4 10.405255888325765 0
      vertex 15.35 21.927756813566457 0
    endloop
  endfacet
  facet normal 0 0 -1
    outer loop
      vertex 15.70208152801713 22.19791847198287 0
      vertex 22.6580964487968 10.53253497152483 0
      vertex 15.534894429314825 22.051299321504903 0
    endloop
  endfacet
  facet normal 0 0 -1
    outer loop
      vertex 22.6580964487968 10.53253497152483 0
      vertex 15.70208152801713 22.19791847198287 0
      vertex 15.8487006784951 22.365105570685177 0
    endloop
  endfacet
  facet normal 0 0 -1
    outer loop
      vertex 14.278105473225912 21.714543735664524 0
      vertex 21.467465028475168 9.341903551203197 0
      vertex 21.37496318216405 9.069401899225547 0
    endloop
  endfacet
  facet normal 0 0 -1
    outer loop
      vertex 14.5 21.700000000000003 0
      vertex 21.594744111674235 9.6 0
      vertex 21.467465028475168 9.341903551203197 0
    endloop
  endfacet
  facet normal 0 0 -1
    outer loop
      vertex 14.721894526774088 21.714543735664524 0
      vertex 21.754622651359284 9.839275143819185 0
      vertex 21.594744111674235 9.6 0
    endloop
  endfacet
  facet normal 0 0 -1
    outer loop
      vertex 14.939992376674285 21.757926095308587 0
      vertex 21.944365081389595 10.055634918610405 0
      vertex 21.754622651359284 9.839275143819185 0
    endloop
  endfacet
  facet normal 0 0 -1
    outer loop
      vertex 15.150561835020653 21.829404794730813 0
      vertex 22.160724856180813 10.245377348640718 0
      vertex 21.944365081389595 10.055634918610405 0
    endloop
  endfacet
  facet normal 0 0 -1
    outer loop
      vertex 15.35 21.927756813566457 0
      vertex 22.4 10.405255888325765 0
      vertex 22.160724856180813 10.245377348640718 0
    endloop
  endfacet
  facet normal 0 0 -1
    outer loop
      vertex 15.534894429314825 22.051299321504903 0
      vertex 22.6580964487968 10.53253497152483 0
      vertex 22.4 10.405255888325765 0
    endloop
  endfacet
  facet normal 0 0 -1
    outer loop
      vertex 15.8487006784951 22.365105570685177 0
      vertex 22.930598100774453 10.625036817835952 0
      vertex 22.6580964487968 10.53253497152483 0
    endloop
  endfacet
  facet normal 0 0 -1
    outer loop
      vertex 15.8487006784951 22.365105570685177 0
      vertex 23.212842377115887 10.681178695022382 0
      vertex 22.930598100774453 10.625036817835952 0
    endloop
  endfacet
  facet normal 0 0 -1
    outer loop
      vertex 15.972243186433545 22.55 0
      vertex 23.5 10.7 0
      vertex 23.212842377115887 10.681178695022382 0
    endloop
  endfacet
  facet normal 0 0 -1
    outer loop
      vertex 16.070595205269186 22.74943816497935 0
      vertex 23.787157622884113 10.681178695022382 0
      vertex 23.5 10.7 0
    endloop
  endfacet
  facet normal 0 0 -1
    outer loop
      vertex 16.142073904691415 22.960007623325716 0
      vertex 24.069401899225547 10.625036817835952 0
      vertex 23.787157622884113 10.681178695022382 0
    endloop
  endfacet
  facet normal 0 0 -1
    outer loop
      vertex 16.18545626433548 23.178105473225916 0
      vertex 24.3419035512032 10.53253497152483 0
      vertex 24.069401899225547 10.625036817835952 0
    endloop
  endfacet
  facet normal 0 0 -1
    outer loop
      vertex 24.6 10.405255888325765 0
      vertex 24.3419035512032 10.53253497152483 0
      vertex 16.2 29.400000000000002 0
    endloop
  endfacet
  facet normal 0 0 -1
    outer loop
      vertex 15.972243186433545 22.55 0
      vertex 23.212842377115887 10.681178695022382 0
      vertex 15.8487006784951 22.365105570685177 0
    endloop
  endfacet
  facet normal 0 0 -1
    outer loop
      vertex 16.070595205269186 22.74943816497935 0
      vertex 23.5 10.7 0
      vertex 15.972243186433545 22.55 0
    endloop
  endfacet
  facet normal 0 0 -1
    outer loop
      vertex 16.142073904691415 22.960007623325716 0
      vertex 23.787157622884113 10.681178695022382 0
      vertex 16.070595205269186 22.74943816497935 0
    endloop
  endfacet
  facet normal 0 0 -1
    outer loop
      vertex 16.18545626433548 23.178105473225916 0
      vertex 24.069401899225547 10.625036817835952 0
      vertex 16.142073904691415 22.960007623325716 0
    endloop
  endfacet
  facet normal 0 0 -1
    outer loop
      vertex 16.2 23.400000000000002 0
      vertex 24.3419035512032 10.53253497152483 0
      vertex 16.18545626433548 23.178105473225916 0
    endloop
  endfacet
  facet normal 0 0 -1
    outer loop
      vertex 16.2 23.400000000000002 0
      vertex 16.2 29.400000000000002 0
      vertex 24.3419035512032 10.53253497152483 0
    endloop
  endfacet
  facet normal 0.04629652995227376 -0.7063485785489253 -0.706348580303161
    outer loop
      vertex 23.5 -0.8999999985098839 0
      vertex 24.139578342437744 -0.8580798208713531 0
      vertex 23.5 -1.5 0.6
    endloop
  endfacet
  facet normal 0.0462965321532012 -0.7063485796126907 -0.7063485790951393
    outer loop
      vertex 23.5 -1.5 0.6
      vertex 24.139578342437744 -0.8580798208713531 0
      vertex 24.217894054949284 -1.452946737408638 0.6
    endloop
  endfacet
  facet normal 0 0 -1
    outer loop
      vertex 23.5 -0.8999999985098839 0
      vertex 24.76821332424879 -0.7330365478992462 0
      vertex 24.139578342437744 -0.8580798208713531 0
    endloop
  endfacet
  facet normal 0.13809744879753258 -0.694262759871732 -0.7063485788836122
    outer loop
      vertex 24.139578342437744 -0.8580798208713531 0
      vertex 24.92350474745035 -1.3125920444726944 0.6
      vertex 24.217894054949284 -1.452946737408638 0.6
    endloop
  endfacet
  facet normal 0.13809744959044293 -0.6942627591874144 -0.7063485794012
    outer loop
      vertex 24.139578342437744 -0.8580798208713531 0
      vertex 24.76821332424879 -0.7330365478992462 0
      vertex 24.92350474745035 -1.3125920444726944 0.6
    endloop
  endfacet
  facet normal 0 0 -1
    outer loop
      vertex 23.5 -0.8999999985098839 0
      vertex 26.48293100297451 0.11256863176822662 0
      vertex 24.76821332424879 -0.7330365478992462 0
    endloop
  endfacet
  facet normal 0.22753547955340533 -0.6702979110008164 -0.7063485797057594
    outer loop
      vertex 24.76821332424879 -0.7330365478992462 0
      vertex 25.375148817896843 -0.5270097106695175 0
      vertex 25.604758881032467 -1.0813374295830727 0.6
    endloop
  endfacet
  facet normal 0.22753547879600972 -0.6702979118507697 -0.7063485791431654
    outer loop
      vertex 24.76821332424879 -0.7330365478992462 0
      vertex 25.604758881032467 -1.0813374295830727 0.6
      vertex 24.92350474745035 -1.3125920444726944 0.6
    endloop
  endfacet
  facet normal 0 0 -1
    outer loop
      vertex 28.027009710669518 2.124851182103157 0
      vertex 23.5 6.3 0
      vertex 23.787157622884113 6.318821304977617 0
    endloop
  endfacet
  facet normal 0 0 -1
    outer loop
      vertex 28.027009710669518 2.124851182103157 0
      vertex 23.787157622884113 6.318821304977617 0
      vertex 24.069401899225547 6.374963182164049 0
    endloop
  endfacet
  facet normal 0.06540312963914346 -0.9978589232117961 0
    outer loop
      vertex 23.5 -1.5 0.6
      vertex 24.217894054949284 -1.452946737408638 0.6
      vertex 23.5 -1.5 8
    endloop
  endfacet
  facet normal 0.19509032153766337 -0.9807852804984031 0
    outer loop
      vertex 24.217894054949284 -1.452946737408638 0.6
      vertex 24.92350474745035 -1.3125920444726944 0.6
      vertex 24.92350474745035 -1.3125920444726944 8
    endloop
  endfacet
  facet normal 0.3214394626569997 -0.9469301303933566 0
    outer loop
      vertex 24.92350474745035 -1.3125920444726944 0.6
      vertex 25.604758881032467 -1.0813374295830727 0.6
      vertex 24.92350474745035 -1.3125920444726944 8
    endloop
  endfacet
  facet normal 0 0 -1
    outer loop
      vertex 24.76821332424879 -0.7330365478992462 0
      vertex 26.48293100297451 0.11256863176822662 0
      vertex 25.375148817896843 -0.5270097106695175 0
    endloop
  endfacet
  facet normal 0.3130803177993649 -0.6348640784957296 -0.7063485799818789
    outer loop
      vertex 25.604758881032467 -1.0813374295830727 0.6
      vertex 25.375148817896843 -0.5270097106695175 0
      vertex 25.950000002980232 -0.2435244768857956 0
    endloop
  endfacet
  facet normal 0.31308032229216526 -0.6348640787544432 -0.7063485777579694
    outer loop
      vertex 25.604758881032467 -1.0813374295830727 0.6
      vertex 25.950000002980232 -0.2435244768857956 0
      vertex 26.25 -0.7631397172808647 0.6
    endloop
  endfacet
  facet normal 0 0 -1
    outer loop
      vertex 25.375148817896843 -0.5270097106695175 0
      vertex 26.48293100297451 0.11256863176822662 0
      vertex 25.950000002980232 -0.2435244768857956 0
    endloop
  endfacet
  facet normal 0 0 -1
    outer loop
      vertex 23.5 -0.8999999985098839 0
      vertex 28.027009710669518 2.124851182103157 0
      vertex 26.48293100297451 0.11256863176822662 0
    endloop
  endfacet
  facet normal 0.39326826172279966 -0.5885675484654613 -0.7063485791129509
    outer loop
      vertex 25.950000002980232 -0.2435244768857956 0
      vertex 26.48293100297451 0.11256863176822662 0
      vertex 26.84818785637617 -0.36344337463378906 0.6
    endloop
  endfacet
  facet normal 0.3932682603310572 -0.5885675512321136 -0.7063485775824971
    outer loop
      vertex 26.25 -0.7631397172808647 0.6
      vertex 25.950000002980232 -0.2435244768857956 0
      vertex 26.84818785637617 -0.36344337463378906 0.6
    endloop
  endfacet
  facet normal 0.4667272761345976 -0.5322004648347486 -0.7063485789195422
    outer loop
      vertex 26.48293100297451 0.11256863176822662 0
      vertex 26.964823231101036 0.5351767688989639 0
      vertex 26.84818785637617 -0.36344337463378906 0.6
    endloop
  endfacet
  facet normal 0.4667272798996061 -0.5322004640547571 -0.7063485770194601
    outer loop
      vertex 26.84818785637617 -0.36344337463378906 0.6
      vertex 26.964823231101036 0.5351767688989639 0
      vertex 27.389087297022343 0.11091270297765732 0.6
    endloop
  endfacet
  facet normal 0 0 -1
    outer loop
      vertex 26.48293100297451 0.11256863176822662 0
      vertex 28.027009710669518 2.124851182103157 0
      vertex 26.964823231101036 0.5351767688989639 0
    endloop
  endfacet
  facet normal 0 0 -1
    outer loop
      vertex 28.027009710669518 2.124851182103157 0
      vertex 24.069401899225547 6.374963182164049 0
      vertex 24.3419035512032 6.46746502847517 0
    endloop
  endfacet
  facet normal 0.5322004648347486 -0.4667272761345976 -0.7063485789195422
    outer loop
      vertex 26.964823231101036 0.5351767688989639 0
      vertex 27.387431368231773 1.0170689970254898 0
      vertex 27.86344337463379 0.6518121436238289 0.6
    endloop
  endfacet
  facet normal 0.5322004640547571 -0.46672727989960605 -0.7063485770194601
    outer loop
      vertex 26.964823231101036 0.5351767688989639 0
      vertex 27.86344337463379 0.6518121436238289 0.6
      vertex 27.389087297022343 0.11091270297765732 0.6
    endloop
  endfacet
  facet normal 0 0 -1
    outer loop
      vertex 26.964823231101036 0.5351767688989639 0
      vertex 27.743524476885796 1.5499999970197678 0
      vertex 27.387431368231773 1.0170689970254898 0
    endloop
  endfacet
  facet normal 0 0 -1
    outer loop
      vertex 26.964823231101036 0.5351767688989639 0
      vertex 28.027009710669518 2.124851182103157 0
      vertex 27.743524476885796 1.5499999970197678 0
    endloop
  endfacet
  facet normal 0.5885675484654613 -0.39326826172279966 -0.7063485791129509
    outer loop
      vertex 27.387431368231773 1.0170689970254898 0
      vertex 27.743524476885796 1.5499999970197678 0
      vertex 27.86344337463379 0.6518121436238289 0.6
    endloop
  endfacet
  facet normal 0.5885675512321136 -0.3932682603310572 -0.7063485775824971
    outer loop
      vertex 27.86344337463379 0.6518121436238289 0.6
      vertex 27.743524476885796 1.5499999970197678 0
      vertex 28.263139717280865 1.25 0.6
    endloop
  endfacet
  facet normal 0.6348640787544433 -0.31308032229216526 -0.7063485777579693
    outer loop
      vertex 27.743524476885796 1.5499999970197678 0
      vertex 28.581337429583073 1.8952411189675331 0.6
      vertex 28.263139717280865 1.25 0.6
    endloop
  endfacet
  facet normal 0.6348640784957296 -0.3130803177993649 -0.7063485799818789
    outer loop
      vertex 27.743524476885796 1.5499999970197678 0
      vertex 28.027009710669518 2.124851182103157 0
      vertex 28.581337429583073 1.8952411189675331 0.6
    endloop
  endfacet
  facet normal 0.6702979110008164 -0.22753547955340533 -0.7063485797057594
    outer loop
      vertex 28.027009710669518 2.124851182103157 0
      vertex 28.233036547899246 2.7317866757512093 0
      vertex 28.581337429583073 1.8952411189675331 0.6
    endloop
  endfacet
  facet normal 0.6702979118507697 -0.22753547879600972 -0.7063485791431654
    outer loop
      vertex 28.233036547899246 2.7317866757512093 0
      vertex 28.812592044472694 2.5764952525496483 0.6
      vertex 28.581337429583073 1.8952411189675331 0.6
    endloop
  endfacet
  facet normal 0 0 -1
    outer loop
      vertex 28.027009710669518 2.124851182103157 0
      vertex 28.358079820871353 3.360421657562256 0
      vertex 28.233036547899246 2.7317866757512093 0
    endloop
  endfacet
  facet normal 0 0 -1
    outer loop
      vertex 28.027009710669518 2.124851182103157 0
      vertex 28.399999998509884 4 0
      vertex 28.358079820871353 3.360421657562256 0
    endloop
  endfacet
  facet normal 0.6942627591874144 -0.13809744959044293 -0.7063485794012
    outer loop
      vertex 28.233036547899246 2.7317866757512093 0
      vertex 28.358079820871353 3.360421657562256 0
      vertex 28.812592044472694 2.5764952525496483 0.6
    endloop
  endfacet
  facet normal 0.694262759871732 -0.13809744879753258 -0.7063485788836122
    outer loop
      vertex 28.358079820871353 3.360421657562256 0
      vertex 28.952946737408638 3.2821059450507164 0.6
      vertex 28.812592044472694 2.5764952525496483 0.6
    endloop
  endfacet
  facet normal 0.7063485785489253 -0.04629652995227376 -0.706348580303161
    outer loop
      vertex 28.358079820871353 3.360421657562256 0
      vertex 28.399999998509884 4 0
      vertex 29 4 0.6
    endloop
  endfacet
  facet normal 0.7063485796126907 -0.046296532153201155 -0.7063485790951393
    outer loop
      vertex 28.358079820871353 3.360421657562256 0
      vertex 29 4 0.6
      vertex 28.952946737408638 3.2821059450507164 0.6
    endloop
  endfacet
  facet normal 0.4422886966994107 -0.8968727383369041 0
    outer loop
      vertex 25.604758881032467 -1.0813374295830727 0.6
      vertex 26.25 -0.7631397172808647 0.6
      vertex 26.25 -0.7631397172808647 8
    endloop
  endfacet
  facet normal 0.555570228747 -0.8314696151574068 0
    outer loop
      vertex 26.25 -0.7631397172808647 0.6
      vertex 26.84818785637617 -0.36344337463378906 0.6
      vertex 26.25 -0.7631397172808647 8
    endloop
  endfacet
  facet normal 0.6593458145648516 -0.7518398079483504 0
    outer loop
      vertex 26.84818785637617 -0.36344337463378906 0.6
      vertex 27.389087297022343 0.11091270297765732 0.6
      vertex 26.84818785637617 -0.36344337463378906 8
    endloop
  endfacet
  facet normal 0.7518398079483504 -0.6593458145648516 0
    outer loop
      vertex 27.389087297022343 0.11091270297765732 0.6
      vertex 27.86344337463379 0.6518121436238289 0.6
      vertex 27.86344337463379 0.6518121436238289 8
    endloop
  endfacet
  facet normal 0.8314696151574068 -0.555570228747 0
    outer loop
      vertex 27.86344337463379 0.6518121436238289 0.6
      vertex 28.263139717280865 1.25 0.6
      vertex 27.86344337463379 0.6518121436238289 8
    endloop
  endfacet
  facet normal 0.8968727383369041 -0.4422886966994107 0
    outer loop
      vertex 28.263139717280865 1.25 0.6
      vertex 28.581337429583073 1.8952411189675331 0.6
      vertex 28.581337429583073 1.8952411189675331 8
    endloop
  endfacet
  facet normal 0.9469301303933566 -0.3214394626569997 0
    outer loop
      vertex 28.581337429583073 1.8952411189675331 0.6
      vertex 28.812592044472694 2.5764952525496483 0.6
      vertex 28.581337429583073 1.8952411189675331 8
    endloop
  endfacet
  facet normal 0.9807852804984031 -0.19509032153766337 0
    outer loop
      vertex 28.812592044472694 2.5764952525496483 0.6
      vertex 28.952946737408638 3.2821059450507164 0.6
      vertex 28.812592044472694 2.5764952525496483 8
    endloop
  endfacet
  facet normal 0.9978589232117961 -0.06540312963914346 0
    outer loop
      vertex 28.952946737408638 3.2821059450507164 0.6
      vertex 29 4 0.6
      vertex 29 4 8
    endloop
  endfacet
  facet normal 0 0 -1
    outer loop
      vertex 28.027009710669518 2.124851182103157 0
      vertex 24.3419035512032 6.46746502847517 0
      vertex 24.6 6.594744111674235 0
    endloop
  endfacet
  facet normal 0 0 -1
    outer loop
      vertex 28.027009710669518 2.124851182103157 0
      vertex 24.6 6.594744111674235 0
      vertex 24.839275143819187 6.754622651359282 0
    endloop
  endfacet
  facet normal 0 0 -1
    outer loop
      vertex 28.027009710669518 2.124851182103157 0
      vertex 24.839275143819187 6.754622651359282 0
      vertex 25.055634918610405 6.944365081389595 0
    endloop
  endfacet
  facet normal 0 0 -1
    outer loop
      vertex 28.027009710669518 2.124851182103157 0
      vertex 25.055634918610405 6.944365081389595 0
      vertex 25.245377348640716 7.160724856180814 0
    endloop
  endfacet
  facet normal 0 0 -1
    outer loop
      vertex 28.027009710669518 2.124851182103157 0
      vertex 25.245377348640716 7.160724856180814 0
      vertex 25.405255888325765 7.4 0
    endloop
  endfacet
  facet normal 0 0 -1
    outer loop
      vertex 28.027009710669518 2.124851182103157 0
      vertex 25.405255888325765 7.4 0
      vertex 25.532534971524832 7.658096448796803 0
    endloop
  endfacet
  facet normal 0 0 -1
    outer loop
      vertex 28.027009710669518 2.124851182103157 0
      vertex 25.532534971524832 7.658096448796803 0
      vertex 25.62503681783595 7.930598100774454 0
    endloop
  endfacet
  facet normal 0 0 -1
    outer loop
      vertex 28.027009710669518 2.124851182103157 0
      vertex 25.62503681783595 7.930598100774454 0
      vertex 25.681178695022382 8.212842377115887 0
    endloop
  endfacet
  facet normal 0 0 -1
    outer loop
      vertex 28.027009710669518 2.124851182103157 0
      vertex 25.681178695022382 8.212842377115887 0
      vertex 25.7 8.5 0
    endloop
  endfacet
  facet normal 0 0 -1
    outer loop
      vertex 28.027009710669518 2.124851182103157 0
      vertex 25.7 8.5 0
      vertex 25.681178695022382 8.787157622884113 0
    endloop
  endfacet
  facet normal 0 0 -1
    outer loop
      vertex 28.027009710669518 2.124851182103157 0
      vertex 25.681178695022382 8.787157622884113 0
      vertex 25.62503681783595 9.069401899225547 0
    endloop
  endfacet
  facet normal 0 0 -1
    outer loop
      vertex 28.027009710669518 2.124851182103157 0
      vertex 25.62503681783595 9.069401899225547 0
      vertex 25.532534971524832 9.341903551203197 0
    endloop
  endfacet
  facet normal 0.06540312963914346 -0.9978589232117961 0
    outer loop
      vertex 24.217894054949284 -1.452946737408638 0.6
      vertex 24.217894054949284 -1.452946737408638 8
      vertex 23.5 -1.5 8
    endloop
  endfacet
  facet normal 0.19509032153766337 -0.9807852804984031 0
    outer loop
      vertex 24.217894054949284 -1.452946737408638 0.6
      vertex 24.92350474745035 -1.3125920444726944 8
      vertex 24.217894054949284 -1.452946737408638 8
    endloop
  endfacet
  facet normal 0 0 1
    outer loop
      vertex 23.5 -1.5 8
      vertex 23.519620940089226 -0.29935767501592636 8
      vertex 23.5 -0.29999999701976776 8
    endloop
  endfacet
  facet normal 0 0 1
    outer loop
      vertex 23.5 -1.5 8
      vertex 23.911199517548084 -0.2736922577023506 8
      vertex 23.519620940089226 -0.29935767501592636 8
    endloop
  endfacet
  facet normal 0 0 1
    outer loop
      vertex 23.5 -1.5 8
      vertex 23.95010567456484 -0.2685701698064804 8
      vertex 23.911199517548084 -0.2736922577023506 8
    endloop
  endfacet
  facet normal 0 0 1
    outer loop
      vertex 23.5 -1.5 8
      vertex 24.334984235465527 -0.19201306253671646 8
      vertex 23.95010567456484 -0.2685701698064804 8
    endloop
  endfacet
  facet normal 0 0 1
    outer loop
      vertex 23.5 -1.5 8
      vertex 24.217894054949284 -1.452946737408638 8
      vertex 25.604758881032467 -1.0813374295830727 8
    endloop
  endfacet
  facet normal 0 0 1
    outer loop
      vertex 23.5 -1.5 8
      vertex 24.37288897484541 -0.18185651302337646 8
      vertex 24.334984235465527 -0.19201306253671646 8
    endloop
  endfacet
  facet normal 0 0 1
    outer loop
      vertex 23.5 -1.5 8
      vertex 24.74448213726282 -0.05571763217449188 8
      vertex 24.37288897484541 -0.18185651302337646 8
    endloop
  endfacet
  facet normal 0 0 1
    outer loop
      vertex 23.5 -1.5 8
      vertex 24.780736908316612 -0.04070042073726654 8
      vertex 24.74448213726282 -0.05571763217449188 8
    endloop
  endfacet
  facet normal 0 0 1
    outer loop
      vertex 24.217894054949284 -1.452946737408638 8
      vertex 24.92350474745035 -1.3125920444726944 8
      vertex 25.604758881032467 -1.0813374295830727 8
    endloop
  endfacet
  facet normal 0 0 1
    outer loop
      vertex 23.5 -1.5 8
      vertex 25.132686607539654 0.13286197185516357 8
      vertex 24.780736908316612 -0.04070042073726654 8
    endloop
  endfacet
  facet normal 0 0 1
    outer loop
      vertex 23.5 -1.5 8
      vertex 25.166671067476273 0.15248290449380875 8
      vertex 25.132686607539654 0.13286197185516357 8
    endloop
  endfacet
  facet normal 0 0 1
    outer loop
      vertex 23.5 -1.5 8
      vertex 25.49295535683632 0.3704990893602371 8
      vertex 25.166671067476273 0.15248290449380875 8
    endloop
  endfacet
  facet normal 0 0 1
    outer loop
      vertex 23.5 -1.5 8
      vertex 25.52408803254366 0.39438802748918533 8
      vertex 25.49295535683632 0.3704990893602371 8
    endloop
  endfacet
  facet normal 0 0 1
    outer loop
      vertex 23.5 -1.5 8
      vertex 25.604758881032467 -1.0813374295830727 8
      vertex 26.84818785637617 -0.36344337463378906 8
    endloop
  endfacet
  facet normal 0 0 1
    outer loop
      vertex 23.5 -1.5 8
      vertex 25.819124087691307 0.6531277149915695 8
      vertex 25.52408803254366 0.39438802748918533 8
    endloop
  endfacet
  facet normal 0.3214394626569997 -0.9469301303933566 0
    outer loop
      vertex 25.604758881032467 -1.0813374295830727 0.6
      vertex 25.604758881032467 -1.0813374295830727 8
      vertex 24.92350474745035 -1.3125920444726944 8
    endloop
  endfacet
  facet normal 0.4422886966994107 -0.8968727383369041 0
    outer loop
      vertex 25.604758881032467 -1.0813374295830727 0.6
      vertex 26.25 -0.7631397172808647 8
      vertex 25.604758881032467 -1.0813374295830727 8
    endloop
  endfacet
  facet normal 0.555570228747 -0.8314696151574068 0
    outer loop
      vertex 26.84818785637617 -0.36344337463378906 0.6
      vertex 26.84818785637617 -0.36344337463378906 8
      vertex 26.25 -0.7631397172808647 8
    endloop
  endfacet
  facet normal 0.6593458145648516 -0.7518398079483504 0
    outer loop
      vertex 27.389087297022343 0.11091270297765732 0.6
      vertex 27.389087297022343 0.11091270297765732 8
      vertex 26.84818785637617 -0.36344337463378906 8
    endloop
  endfacet
  facet normal 0.7518398079483504 -0.6593458145648516 0
    outer loop
      vertex 27.389087297022343 0.11091270297765732 0.6
      vertex 27.86344337463379 0.6518121436238289 8
      vertex 27.389087297022343 0.11091270297765732 8
    endloop
  endfacet
  facet normal 0.8314696151574068 -0.555570228747 0
    outer loop
      vertex 28.263139717280865 1.25 0.6
      vertex 28.263139717280865 1.25 8
      vertex 27.86344337463379 0.6518121436238289 8
    endloop
  endfacet
  facet normal 0.8968727383369041 -0.4422886966994107 0
    outer loop
      vertex 28.263139717280865 1.25 0.6
      vertex 28.581337429583073 1.8952411189675331 8
      vertex 28.263139717280865 1.25 8
    endloop
  endfacet
  facet normal 0.9469301303933566 -0.3214394626569997 0
    outer loop
      vertex 28.812592044472694 2.5764952525496483 0.6
      vertex 28.812592044472694 2.5764952525496483 8
      vertex 28.581337429583073 1.8952411189675331 8
    endloop
  endfacet
  facet normal 0.9807852804984031 -0.19509032153766337 0
    outer loop
      vertex 28.952946737408638 3.2821059450507164 0.6
      vertex 28.952946737408638 3.2821059450507164 8
      vertex 28.812592044472694 2.5764952525496483 8
    endloop
  endfacet
  facet normal 0.9978589232117961 -0.06540312963914346 0
    outer loop
      vertex 28.952946737408638 3.2821059450507164 0.6
      vertex 29 4 8
      vertex 28.952946737408638 3.2821059450507164 8
    endloop
  endfacet
  facet normal 0 0 1
    outer loop
      vertex 25.604758881032467 -1.0813374295830727 8
      vertex 26.25 -0.7631397172808647 8
      vertex 26.84818785637617 -0.36344337463378906 8
    endloop
  endfacet
  facet normal 0 0 1
    outer loop
      vertex 23.5 -1.5 8
      vertex 28.581337429583073 1.8952411189675331 8
      vertex 25.819124087691307 0.6531277149915695 8
    endloop
  endfacet
  facet normal 0 0 1
    outer loop
      vertex 23.5 -1.5 8
      vertex 26.84818785637617 -0.36344337463378906 8
      vertex 28.581337429583073 1.8952411189675331 8
    endloop
  endfacet
  facet normal 0 0 1
    outer loop
      vertex 28.581337429583073 1.8952411189675331 8
      vertex 25.84687228500843 0.6808759123086929 8
      vertex 25.819124087691307 0.6531277149915695 8
    endloop
  endfacet
  facet normal 0 0 1
    outer loop
      vertex 28.581337429583073 1.8952411189675331 8
      vertex 26.105611965060234 0.9759119674563408 8
      vertex 25.84687228500843 0.6808759123086929 8
    endloop
  endfacet
  facet normal 0 0 1
    outer loop
      vertex 28.581337429583073 1.8952411189675331 8
      vertex 26.129500910639763 1.0070446357131004 8
      vertex 26.105611965060234 0.9759119674563408 8
    endloop
  endfacet
  facet normal 0 0 1
    outer loop
      vertex 28.581337429583073 1.8952411189675331 8
      vertex 26.34751709550619 1.3333289325237274 8
      vertex 26.129500910639763 1.0070446357131004 8
    endloop
  endfacet
  facet normal 0 0 1
    outer loop
      vertex 28.581337429583073 1.8952411189675331 8
      vertex 26.367138028144836 1.3673133924603462 8
      vertex 26.34751709550619 1.3333289325237274 8
    endloop
  endfacet
  facet normal 0 0 1
    outer loop
      vertex 28.581337429583073 1.8952411189675331 8
      vertex 26.540700413286686 1.7192630916833878 8
      vertex 26.367138028144836 1.3673133924603462 8
    endloop
  endfacet
  facet normal 0 0 1
    outer loop
      vertex 26.84818785637617 -0.36344337463378906 8
      vertex 27.389087297022343 0.11091270297765732 8
      vertex 27.86344337463379 0.6518121436238289 8
    endloop
  endfacet
  facet normal 0 0 1
    outer loop
      vertex 26.84818785637617 -0.36344337463378906 8
      vertex 27.86344337463379 0.6518121436238289 8
      vertex 28.581337429583073 1.8952411189675331 8
    endloop
  endfacet
  facet normal 0 0 1
    outer loop
      vertex 27.86344337463379 0.6518121436238289 8
      vertex 28.263139717280865 1.25 8
      vertex 28.581337429583073 1.8952411189675331 8
    endloop
  endfacet
  facet normal 0 0 1
    outer loop
      vertex 28.581337429583073 1.8952411189675331 8
      vertex 26.555717632174492 1.7555178627371788 8
      vertex 26.540700413286686 1.7192630916833878 8
    endloop
  endfacet
  facet normal 0 0 1
    outer loop
      vertex 28.581337429583073 1.8952411189675331 8
      vertex 26.681856513023376 2.1271110251545906 8
      vertex 26.555717632174492 1.7555178627371788 8
    endloop
  endfacet
  facet normal 0 0 1
    outer loop
      vertex 28.581337429583073 1.8952411189675331 8
      vertex 26.692013062536716 2.1650157645344734 8
      vertex 26.681856513023376 2.1271110251545906 8
    endloop
  endfacet
  facet normal 0 0 1
    outer loop
      vertex 28.581337429583073 1.8952411189675331 8
      vertex 26.76857016980648 2.5498943254351616 8
      vertex 26.692013062536716 2.1650157645344734 8
    endloop
  endfacet
  facet normal 0 0 1
    outer loop
      vertex 28.581337429583073 1.8952411189675331 8
      vertex 26.77369225770235 2.5888004824519157 8
      vertex 26.76857016980648 2.5498943254351616 8
    endloop
  endfacet
  facet normal 0 0 1
    outer loop
      vertex 28.581337429583073 1.8952411189675331 8
      vertex 26.799357675015926 2.9803790599107742 8
      vertex 26.77369225770235 2.5888004824519157 8
    endloop
  endfacet
  facet normal 0 0 1
    outer loop
      vertex 28.581337429583073 1.8952411189675331 8
      vertex 26.799999997019768 3 8
      vertex 26.799357675015926 2.9803790599107742 8
    endloop
  endfacet
  facet normal 0 0 1
    outer loop
      vertex 28.581337429583073 1.8952411189675331 8
      vertex 28.812592044472694 2.5764952525496483 8
      vertex 28.952946737408638 3.2821059450507164 8
    endloop
  endfacet
  facet normal 0 0 1
    outer loop
      vertex 28.581337429583073 1.8952411189675331 8
      vertex 28.952946737408638 3.2821059450507164 8
      vertex 29 4 8
    endloop
  endfacet
  facet normal 0 0 -1
    outer loop
      vertex 24.839275143819187 10.245377348640718 0
      vertex 24.6 10.405255888325765 0
      vertex 16.2 29.400000000000002 0
    endloop
  endfacet
  facet normal 0 0 -1
    outer loop
      vertex 28.027009710669518 2.124851182103157 0
      vertex 28.399999998509884 45 0
      vertex 28.399999998509884 4 0
    endloop
  endfacet
  facet normal 0.7071067803084882 0 -0.7071067820646069
    outer loop
      vertex 28.399999998509884 4 0
      vertex 28.399999998509884 45 0
      vertex 29 4 0.6
    endloop
  endfacet
  facet normal 0 0 -1
    outer loop
      vertex 28.027009710669518 2.124851182103157 0
      vertex 25.532534971524832 9.341903551203197 0
      vertex 27.743524476885796 47.45000000298023 0
    endloop
  endfacet
  facet normal 0 0 -1
    outer loop
      vertex 27.743524476885796 47.45000000298023 0
      vertex 25.245377348640716 9.839275143819185 0
      vertex 25.055634918610405 10.055634918610405 0
    endloop
  endfacet
  facet normal 0 0 -1
    outer loop
      vertex 27.743524476885796 47.45000000298023 0
      vertex 25.055634918610405 10.055634918610405 0
      vertex 24.839275143819187 10.245377348640718 0
    endloop
  endfacet
  facet normal 0 0 -1
    outer loop
      vertex 27.743524476885796 47.45000000298023 0
      vertex 25.405255888325765 9.6 0
      vertex 25.245377348640716 9.839275143819185 0
    endloop
  endfacet
  facet normal 0 0 -1
    outer loop
      vertex 27.743524476885796 47.45000000298023 0
      vertex 25.532534971524832 9.341903551203197 0
      vertex 25.405255888325765 9.6 0
    endloop
  endfacet
  facet normal 1 0 0
    outer loop
      vertex 29 4 0.6
      vertex 29 45 8
      vertex 29 4 8
    endloop
  endfacet
  facet normal 0 0 1
    outer loop
      vertex 28.581337429583073 1.8952411189675331 8
      vertex 29 45 8
      vertex 26.799999997019768 3 8
    endloop
  endfacet
  facet normal 0 0 1
    outer loop
      vertex 28.581337429583073 1.8952411189675331 8
      vertex 29 4 8
      vertex 29 45 8
    endloop
  endfacet
  facet normal 0 0 -1
    outer loop
      vertex 14.5 31.1 0
      vertex 14.721894526774088 34.41454373566452 0
      vertex 14.721894526774088 31.08545626433548 0
    endloop
  endfacet
  facet normal 0 0 -1
    outer loop
      vertex 14.721894526774088 31.08545626433548 0
      vertex 14.939992376674285 34.457926095308586 0
      vertex 14.939992376674285 31.042073904691417 0
    endloop
  endfacet
  facet normal 0 0 -1
    outer loop
      vertex 14.939992376674285 31.042073904691417 0
      vertex 15.150561835020653 34.529404794730816 0
      vertex 15.150561835020653 30.97059520526919 0
    endloop
  endfacet
  facet normal 0 0 -1
    outer loop
      vertex 15.150561835020653 30.97059520526919 0
      vertex 15.35 34.62775681356646 0
      vertex 15.35 30.872243186433547 0
    endloop
  endfacet
  facet normal 0 0 -1
    outer loop
      vertex 14.5 34.4 0
      vertex 14.721894526774088 34.41454373566452 0
      vertex 14.5 31.1 0
    endloop
  endfacet
  facet normal 0 0 -1
    outer loop
      vertex 14.721894526774088 31.08545626433548 0
      vertex 14.721894526774088 34.41454373566452 0
      vertex 14.939992376674285 34.457926095308586 0
    endloop
  endfacet
  facet normal 0 0 -1
    outer loop
      vertex 14.939992376674285 31.042073904691417 0
      vertex 14.939992376674285 34.457926095308586 0
      vertex 15.150561835020653 34.529404794730816 0
    endloop
  endfacet
  facet normal 0 0 -1
    outer loop
      vertex 15.150561835020653 30.97059520526919 0
      vertex 15.150561835020653 34.529404794730816 0
      vertex 15.35 34.62775681356646 0
    endloop
  endfacet
  facet normal 0 0 -1
    outer loop
      vertex 15.35 30.872243186433547 0
      vertex 15.534894429314825 34.7512993215049 0
      vertex 15.534894429314825 30.7487006784951 0
    endloop
  endfacet
  facet normal 0 0 -1
    outer loop
      vertex 15.534894429314825 30.7487006784951 0
      vertex 15.70208152801713 34.89791847198287 0
      vertex 15.70208152801713 30.602081528017134 0
    endloop
  endfacet
  facet normal 0 0 -1
    outer loop
      vertex 15.70208152801713 30.602081528017134 0
      vertex 15.8487006784951 35.065105570685176 0
      vertex 15.8487006784951 30.434894429314827 0
    endloop
  endfacet
  facet normal 0 0 -1
    outer loop
      vertex 15.8487006784951 30.434894429314827 0
      vertex 15.972243186433545 35.25 0
      vertex 15.972243186433545 30.250000000000004 0
    endloop
  endfacet
  facet normal 0 0 -1
    outer loop
      vertex 16.070595205269186 30.050561835020655 0
      vertex 15.972243186433545 30.250000000000004 0
      vertex 16.070595205269186 35.44943816497935 0
    endloop
  endfacet
  facet normal 0 0 -1
    outer loop
      vertex 15.35 30.872243186433547 0
      vertex 15.35 34.62775681356646 0
      vertex 15.534894429314825 34.7512993215049 0
    endloop
  endfacet
  facet normal 0 0 -1
    outer loop
      vertex 15.534894429314825 30.7487006784951 0
      vertex 15.534894429314825 34.7512993215049 0
      vertex 15.70208152801713 34.89791847198287 0
    endloop
  endfacet
  facet normal 0 0 -1
    outer loop
      vertex 15.70208152801713 30.602081528017134 0
      vertex 15.70208152801713 34.89791847198287 0
      vertex 15.8487006784951 35.065105570685176 0
    endloop
  endfacet
  facet normal 0 0 -1
    outer loop
      vertex 15.8487006784951 30.434894429314827 0
      vertex 15.8487006784951 35.065105570685176 0
      vertex 15.972243186433545 35.25 0
    endloop
  endfacet
  facet normal 0 0 -1
    outer loop
      vertex 15.972243186433545 30.250000000000004 0
      vertex 15.972243186433545 35.25 0
      vertex 16.070595205269186 35.44943816497935 0
    endloop
  endfacet
  facet normal 0 0 -1
    outer loop
      vertex 27.743524476885796 47.45000000298023 0
      vertex 16.2 29.400000000000002 0
      vertex 16.18545626433548 29.62189452677409 0
    endloop
  endfacet
  facet normal 0 0 -1
    outer loop
      vertex 27.743524476885796 47.45000000298023 0
      vertex 16.18545626433548 29.62189452677409 0
      vertex 16.142073904691415 29.83999237667429 0
    endloop
  endfacet
  facet normal 0 0 -1
    outer loop
      vertex 27.743524476885796 47.45000000298023 0
      vertex 16.142073904691415 29.83999237667429 0
      vertex 16.070595205269186 30.050561835020655 0
    endloop
  endfacet
  facet normal 0 0 -1
    outer loop
      vertex 27.743524476885796 47.45000000298023 0
      vertex 16.070595205269186 30.050561835020655 0
      vertex 16.070595205269186 35.44943816497935 0
    endloop
  endfacet
  facet normal 0 0 -1
    outer loop
      vertex 27.743524476885796 47.45000000298023 0
      vertex 16.070595205269186 35.44943816497935 0
      vertex 16.142073904691415 35.66000762332572 0
    endloop
  endfacet
  facet normal 0 0 -1
    outer loop
      vertex 27.743524476885796 47.45000000298023 0
      vertex 16.142073904691415 35.66000762332572 0
      vertex 16.18545626433548 35.878105473225915 0
    endloop
  endfacet
  facet normal 0 0 -1
    outer loop
      vertex 27.743524476885796 47.45000000298023 0
      vertex 16.18545626433548 35.878105473225915 0
      vertex 16.2 36.1 0
    endloop
  endfacet
  facet normal 0 0 -1
    outer loop
      vertex 27.743524476885796 47.45000000298023 0
      vertex 16.2 36.1 0
      vertex 16.2 42.1 0
    endloop
  endfacet
  facet normal 0 0 -1
    outer loop
      vertex 27.743524476885796 47.45000000298023 0
      vertex 16.2 42.1 0
      vertex 16.18545626433548 42.32189452677409 0
    endloop
  endfacet
  facet normal 0 0 -1
    outer loop
      vertex 27.743524476885796 47.45000000298023 0
      vertex 14.278105473225912 43.78545626433548 0
      vertex 14.060007623325715 43.742073904691416 0
    endloop
  endfacet
  facet normal 0 0 -1
    outer loop
      vertex 27.743524476885796 47.45000000298023 0
      vertex 14.5 43.800000000000004 0
      vertex 14.278105473225912 43.78545626433548 0
    endloop
  endfacet
  facet normal 0 0 -1
    outer loop
      vertex 27.743524476885796 47.45000000298023 0
      vertex 14.721894526774088 43.78545626433548 0
      vertex 14.5 43.800000000000004 0
    endloop
  endfacet
  facet normal 0 0 -1
    outer loop
      vertex 27.743524476885796 47.45000000298023 0
      vertex 14.939992376674285 43.742073904691416 0
      vertex 14.721894526774088 43.78545626433548 0
    endloop
  endfacet
  facet normal 0 0 -1
    outer loop
      vertex 27.743524476885796 47.45000000298023 0
      vertex 15.150561835020653 43.67059520526919 0
      vertex 14.939992376674285 43.742073904691416 0
    endloop
  endfacet
  facet normal 0 0 -1
    outer loop
      vertex 27.743524476885796 47.45000000298023 0
      vertex 15.35 43.572243186433546 0
      vertex 15.150561835020653 43.67059520526919 0
    endloop
  endfacet
  facet normal 0 0 -1
    outer loop
      vertex 27.743524476885796 47.45000000298023 0
      vertex 15.70208152801713 43.30208152801713 0
      vertex 15.534894429314825 43.4487006784951 0
    endloop
  endfacet
  facet normal 0 0 -1
    outer loop
      vertex 27.743524476885796 47.45000000298023 0
      vertex 16.070595205269186 42.750561835020655 0
      vertex 15.972243186433545 42.95 0
    endloop
  endfacet
  facet normal 0 0 -1
    outer loop
      vertex 27.743524476885796 47.45000000298023 0
      vertex 15.8487006784951 43.134894429314826 0
      vertex 15.70208152801713 43.30208152801713 0
    endloop
  endfacet
  facet normal 0 0 -1
    outer loop
      vertex 27.743524476885796 47.45000000298023 0
      vertex 15.972243186433545 42.95 0
      vertex 15.8487006784951 43.134894429314826 0
    endloop
  endfacet
  facet normal 0 0 -1
    outer loop
      vertex 27.743524476885796 47.45000000298023 0
      vertex 15.534894429314825 43.4487006784951 0
      vertex 15.35 43.572243186433546 0
    endloop
  endfacet
  facet normal 0 0 -1
    outer loop
      vertex 27.743524476885796 47.45000000298023 0
      vertex 16.18545626433548 42.32189452677409 0
      vertex 16.142073904691415 42.539992376674284 0
    endloop
  endfacet
  facet normal 0 0 -1
    outer loop
      vertex 27.743524476885796 47.45000000298023 0
      vertex 16.142073904691415 42.539992376674284 0
      vertex 16.070595205269186 42.750561835020655 0
    endloop
  endfacet
  facet normal 0 0 -1
    outer loop
      vertex 27.743524476885796 47.45000000298023 0
      vertex 24.839275143819187 10.245377348640718 0
      vertex 16.2 29.400000000000002 0
    endloop
  endfacet
  facet normal 0 0 -1
    outer loop
      vertex 28.027009710669518 2.124851182103157 0
      vertex 27.743524476885796 47.45000000298023 0
      vertex 28.399999998509884 45 0
    endloop
  endfacet
  facet normal 0.7071067803084882 0 -0.7071067820646069
    outer loop
      vertex 29 4 0.6
      vertex 28.399999998509884 45 0
      vertex 29 45 0.6
    endloop
  endfacet
  facet normal 1 0 0
    outer loop
      vertex 29 4 0.6
      vertex 29 45 0.6
      vertex 29 45 8
    endloop
  endfacet
  facet normal 0 0 1
    outer loop
      vertex 29 45 8
      vertex 26.799999997019768 45 8
      vertex 26.799999997019768 3 8
    endloop
  endfacet
  facet normal 0 0 -1
    outer loop
      vertex 24.139578342437744 49.85807982087135 0
      vertex 24.76821332424879 49.733036547899246 0
      vertex 25.375148817896843 49.52700971066952 0
    endloop
  endfacet
  facet normal 0 0 -1
    outer loop
      vertex 24.139578342437744 49.85807982087135 0
      vertex 25.950000002980232 49.243524476885796 0
      vertex 26.33329288520735 48.94941350600924 0
    endloop
  endfacet
  facet normal 0 0 -1
    outer loop
      vertex 27.91612537820387 47.099999999999994 0
      vertex 28.027009710669518 46.87514881789684 0
      vertex 28.233036547899246 46.26821332424879 0
    endloop
  endfacet
  facet normal 0 0 -1
    outer loop
      vertex 27.91612537820387 47.099999999999994 0
      vertex 28.233036547899246 46.26821332424879 0
      vertex 27.743524476885796 47.45000000298023 0
    endloop
  endfacet
  facet normal 0.7063485785489253 0.04629652995227376 -0.706348580303161
    outer loop
      vertex 28.399999998509884 45 0
      vertex 28.358079820871353 45.639578342437744 0
      vertex 29 45 0.6
    endloop
  endfacet
  facet normal 0.7063485796126907 0.0462965321532012 -0.7063485790951393
    outer loop
      vertex 29 45 0.6
      vertex 28.358079820871353 45.639578342437744 0
      vertex 28.952946737408638 45.717894054949284 0.6
    endloop
  endfacet
  facet normal 0 0 -1
    outer loop
      vertex 28.399999998509884 45 0
      vertex 27.743524476885796 47.45000000298023 0
      vertex 28.233036547899246 46.26821332424879 0
    endloop
  endfacet
  facet normal 0 0 -1
    outer loop
      vertex 28.399999998509884 45 0
      vertex 28.233036547899246 46.26821332424879 0
      vertex 28.358079820871353 45.639578342437744 0
    endloop
  endfacet
  facet normal 0.6942627591874144 0.13809744959044293 -0.7063485794012
    outer loop
      vertex 28.233036547899246 46.26821332424879 0
      vertex 28.812592044472694 46.42350474745035 0.6
      vertex 28.358079820871353 45.639578342437744 0
    endloop
  endfacet
  facet normal 0.670297911000816 0.22753547955340525 -0.7063485797057598
    outer loop
      vertex 28.027009710669518 46.87514881789684 0
      vertex 28.57935604023016 47.099999999999994 0.5965867625542575
      vertex 28.233036547899246 46.26821332424879 0
    endloop
  endfacet
  facet normal 0.6348640784957289 0.3130803177993665 -0.7063485799818789
    outer loop
      vertex 27.91612537820387 47.099999999999994 0
      vertex 28.569848474651018 47.099999999999994 0.5875644447787247
      vertex 28.027009710669518 46.87514881789684 0
    endloop
  endfacet
  facet normal 0.6702979118507701 0.2275354787960085 -0.7063485791431654
    outer loop
      vertex 28.233036547899246 46.26821332424879 0
      vertex 28.58059244427678 47.099999999999994 0.5977600629262314
      vertex 28.812592044472694 46.42350474745035 0.6
    endloop
  endfacet
  facet normal 0.6702979118505072 0.22753547879625036 -0.7063485791433367
    outer loop
      vertex 28.233036547899246 46.26821332424879 0
      vertex 28.57935604023016 47.099999999999994 0.5965867625542575
      vertex 28.58059244427678 47.099999999999994 0.5977600629262314
    endloop
  endfacet
  facet normal 0.6702979110007679 0.2275354795535359 -0.7063485797057633
    outer loop
      vertex 28.027009710669518 46.87514881789684 0
      vertex 28.569848474651018 47.099999999999994 0.5875644447787247
      vertex 28.57935604023016 47.099999999999994 0.5965867625542575
    endloop
  endfacet
  facet normal 0.694262759871732 0.13809744879753258 -0.7063485788836122
    outer loop
      vertex 28.358079820871353 45.639578342437744 0
      vertex 28.812592044472694 46.42350474745035 0.6
      vertex 28.952946737408638 45.717894054949284 0.6
    endloop
  endfacet
  facet normal 0.6702979118509763 0.2275354787960799 -0.7063485791429465
    outer loop
      vertex 28.812592044472694 46.42350474745035 0.6
      vertex 28.58059244427678 47.099999999999994 0.5977600629262314
      vertex 28.581337429583073 47.10475888103247 0.6
    endloop
  endfacet
  facet normal 0 0 -1
    outer loop
      vertex 27.335918938538043 47.98120188619941 0
      vertex 27.22587923388437 48.12460842227803 0
      vertex 27.387431368231773 47.98293100297451 0
    endloop
  endfacet
  facet normal 0.555570228747 0.8314696151574068 1.6422446790926258e-16
    outer loop
      vertex 26.25 49.763139717280865 0.6
      vertex 26.467202656387816 49.618009543797626 8
      vertex 26.84818785637617 49.36344337463379 0.6
    endloop
  endfacet
  facet normal 0.9978589232117961 0.06540312963914346 0
    outer loop
      vertex 29 45 0.6
      vertex 28.952946737408638 45.717894054949284 0.6
      vertex 29 45 8
    endloop
  endfacet
  facet normal 0.9807852804984031 0.19509032153766337 0
    outer loop
      vertex 28.952946737408638 45.717894054949284 0.6
      vertex 28.812592044472694 46.42350474745035 0.6
      vertex 28.812592044472694 46.42350474745035 8
    endloop
  endfacet
  facet normal 0.9469301303933566 0.3214394626569997 0
    outer loop
      vertex 28.812592044472694 46.42350474745035 0.6
      vertex 28.581337429583073 47.10475888103247 0.6
      vertex 28.812592044472694 46.42350474745035 8
    endloop
  endfacet
  facet normal 0.9978589232117961 0.06540312963914346 0
    outer loop
      vertex 28.952946737408638 45.717894054949284 0.6
      vertex 28.952946737408638 45.717894054949284 8
      vertex 29 45 8
    endloop
  endfacet
  facet normal 0.9807852804984031 0.19509032153766337 0
    outer loop
      vertex 28.952946737408638 45.717894054949284 0.6
      vertex 28.812592044472694 46.42350474745035 8
      vertex 28.952946737408638 45.717894054949284 8
    endloop
  endfacet
  facet normal 0.9469301303933558 0.3214394626570018 2.241567895109683e-16
    outer loop
      vertex 28.581337429583073 47.10475888103247 0.6
      vertex 28.582952852002137 47.099999999999994 8
      vertex 28.812592044472694 46.42350474745035 8
    endloop
  endfacet
  facet normal 0.9469301303934621 0.3214394626566894 0
    outer loop
      vertex 28.581337429583073 47.10475888103247 0.6
      vertex 28.581337429583073 47.10475888103247 8
      vertex 28.582952852002137 47.099999999999994 8
    endloop
  endfacet
  facet normal 0 0 1
    outer loop
      vertex 28.582952852002137 47.099999999999994 8
      vertex 26.105611972510815 47.02408803254366 8
      vertex 26.129500910639763 46.99295535683632 8
    endloop
  endfacet
  facet normal 0 0 1
    outer loop
      vertex 28.582952852002137 47.099999999999994 8
      vertex 26.039038960858004 47.099999999999994 8
      vertex 26.105611972510815 47.02408803254366 8
    endloop
  endfacet
  facet normal 0 0 1
    outer loop
      vertex 28.582952852002137 47.099999999999994 8
      vertex 26.34751709550619 46.66667106747627 8
      vertex 26.367138028144836 46.632686607539654 8
    endloop
  endfacet
  facet normal 0 0 1
    outer loop
      vertex 28.582952852002137 47.099999999999994 8
      vertex 26.367138028144836 46.632686607539654 8
      vertex 26.540700420737267 46.28073690831661 8
    endloop
  endfacet
  facet normal 0 0 1
    outer loop
      vertex 28.582952852002137 47.099999999999994 8
      vertex 26.129500910639763 46.99295535683632 8
      vertex 26.34751709550619 46.66667106747627 8
    endloop
  endfacet
  facet normal 0 0 1
    outer loop
      vertex 29 45 8
      vertex 26.77369225770235 45.411199517548084 8
      vertex 26.799357675015926 45.019620940089226 8
    endloop
  endfacet
  facet normal 0 0 1
    outer loop
      vertex 29 45 8
      vertex 26.799357675015926 45.019620940089226 8
      vertex 26.799999997019768 45 8
    endloop
  endfacet
  facet normal 0 0 1
    outer loop
      vertex 29 45 8
      vertex 26.76857016980648 45.45010567456484 8
      vertex 26.77369225770235 45.411199517548084 8
    endloop
  endfacet
  facet normal 0 0 1
    outer loop
      vertex 28.812592044472694 46.42350474745035 8
      vertex 26.555717632174492 46.24448213726282 8
      vertex 26.681856513023376 45.87288897484541 8
    endloop
  endfacet
  facet normal 0 0 1
    outer loop
      vertex 28.812592044472694 46.42350474745035 8
      vertex 26.681856513023376 45.87288897484541 8
      vertex 26.692013062536716 45.83498423546553 8
    endloop
  endfacet
  facet normal 0 0 1
    outer loop
      vertex 28.812592044472694 46.42350474745035 8
      vertex 26.540700420737267 46.28073690831661 8
      vertex 26.555717632174492 46.24448213726282 8
    endloop
  endfacet
  facet normal 0 0 1
    outer loop
      vertex 28.812592044472694 46.42350474745035 8
      vertex 26.692013062536716 45.83498423546553 8
      vertex 26.76857016980648 45.45010567456484 8
    endloop
  endfacet
  facet normal 0 0 1
    outer loop
      vertex 28.812592044472694 46.42350474745035 8
      vertex 28.582952852002137 47.099999999999994 8
      vertex 26.540700420737267 46.28073690831661 8
    endloop
  endfacet
  facet normal 0 0 1
    outer loop
      vertex 29 45 8
      vertex 28.812592044472694 46.42350474745035 8
      vertex 26.76857016980648 45.45010567456484 8
    endloop
  endfacet
  facet normal 0 0 1
    outer loop
      vertex 29 45 8
      vertex 28.952946737408638 45.717894054949284 8
      vertex 28.812592044472694 46.42350474745035 8
    endloop
  endfacet
  facet normal -0.5885675484654613 0.39326826172279966 -0.7063485791129509
    outer loop
      vertex 1.2564755231142044 47.45000000298023 0
      vertex 1.136556625366211 48.34818785637617 0.6
      vertex 1.6125686317682266 47.98293100297451 0
    endloop
  endfacet
  facet normal -0.5885675512321136 0.3932682603310572 -0.7063485775824971
    outer loop
      vertex 0.7368602827191353 47.75 0.6
      vertex 1.136556625366211 48.34818785637617 0.6
      vertex 1.2564755231142044 47.45000000298023 0
    endloop
  endfacet
  facet normal 0 0 -1
    outer loop
      vertex 1.2564755231142044 47.45000000298023 0
      vertex 1.6125686317682266 47.98293100297451 0
      vertex 2.035176768898964 48.464823231101036 0
    endloop
  endfacet
  facet normal -0.5322004648347486 0.46672727613459747 -0.7063485789195422
    outer loop
      vertex 1.136556625366211 48.34818785637617 0.6
      vertex 2.035176768898964 48.464823231101036 0
      vertex 1.6125686317682266 47.98293100297451 0
    endloop
  endfacet
  facet normal -0.5322004640547571 0.4667272798996061 -0.7063485770194601
    outer loop
      vertex 1.136556625366211 48.34818785637617 0.6
      vertex 1.6109127029776573 48.88908729702234 0.6
      vertex 2.035176768898964 48.464823231101036 0
    endloop
  endfacet
  facet normal 0 0 -1
    outer loop
      vertex 2.288739447574293 48.58986650589884 0
      vertex 2.51706899702549 48.88743136823177 0
      vertex 2.7952042829061816 49.0480128503257 0
    endloop
  endfacet
  facet normal -0.4667272798996061 0.5322004640547571 -0.7063485770194601
    outer loop
      vertex 1.6109127029776573 48.88908729702234 0.6
      vertex 2.151812143623829 49.36344337463379 0.6
      vertex 2.035176768898964 48.464823231101036 0
    endloop
  endfacet
  facet normal -0.39326826172279966 0.5885675484654613 -0.7063485791129509
    outer loop
      vertex 2.151812143623829 49.36344337463379 0.6
      vertex 3.0499999970197678 49.243524476885796 0
      vertex 2.51706899702549 48.88743136823177 0
    endloop
  endfacet
  facet normal -0.3932682603310572 0.5885675512321136 -0.7063485775824971
    outer loop
      vertex 2.151812143623829 49.36344337463379 0.6
      vertex 2.75 49.763139717280865 0.6
      vertex 3.0499999970197678 49.243524476885796 0
    endloop
  endfacet
  facet normal 0 0 -1
    outer loop
      vertex 1.123579341142852 47.10052126160565 0
      vertex 2.035176768898964 48.464823231101036 0
      vertex 5.18158463638823 49.85807982087135 0
    endloop
  endfacet
  facet normal 0 0 -1
    outer loop
      vertex 2.51706899702549 48.88743136823177 0
      vertex 3.0499999970197678 49.243524476885796 0
      vertex 2.7952042829061816 49.0480128503257 0
    endloop
  endfacet
  facet normal 0 0 -1
    outer loop
      vertex 2.035176768898964 48.464823231101036 0
      vertex 2.288739447574293 48.58986650589884 0
      vertex 5.18158463638823 49.85807982087135 0
    endloop
  endfacet
  facet normal -0.31308032229216526 0.6348640787544433 -0.7063485777579693
    outer loop
      vertex 3.0499999970197678 49.243524476885796 0
      vertex 2.75 49.763139717280865 0.6
      vertex 3.395241118967533 50.08133742958307 0.6
    endloop
  endfacet
  facet normal 0 0 -1
    outer loop
      vertex 2.288739447574293 48.58986650589884 0
      vertex 2.7952042829061816 49.0480128503257 0
      vertex 5.18158463638823 49.85807982087135 0
    endloop
  endfacet
  facet normal -0.8968727383369041 0.4422886966994107 2.606737566019483e-17
    outer loop
      vertex 0.41866257041692734 47.10475888103247 0.6
      vertex 0.621322349891052 47.51571225317175 8
      vertex 0.7368602827191353 47.75 0.6
    endloop
  endfacet
  facet normal -0.555570228747 0.8314696151574068 2.2939290755579533e-16
    outer loop
      vertex 2.151812143623829 49.36344337463379 0.6
      vertex 2.5327973436121853 49.618009543797626 8
      vertex 2.75 49.763139717280865 0.6
    endloop
  endfacet
  facet normal 0 0 -1
    outer loop
      vertex 2.7952042829061816 49.0480128503257 0
      vertex 3.253472315046713 49.31259402191053 0
      vertex 5.18158463638823 49.85807982087135 0
    endloop
  endfacet
  facet normal 0 0 -1
    outer loop
      vertex 3.253472315046713 49.31259402191053 0
      vertex 4.039070476581641 49.63799943581633 0
      vertex 4.550202043882269 49.77495672613276 0
    endloop
  endfacet
  facet normal 0 0 -1
    outer loop
      vertex 3.624851182103157 49.52700971066952 0
      vertex 4.231786675751209 49.733036547899246 0
      vertex 4.039070476581641 49.63799943581633 0
    endloop
  endfacet
  facet normal -0.22753547955340533 0.6702979110008164 -0.7063485797057594
    outer loop
      vertex 3.624851182103157 49.52700971066952 0
      vertex 3.395241118967533 50.08133742958307 0.6
      vertex 4.231786675751209 49.733036547899246 0
    endloop
  endfacet
  facet normal -0.22753547879600972 0.6702979118507696 -0.7063485791431653
    outer loop
      vertex 3.395241118967533 50.08133742958307 0.6
      vertex 4.076495252549648 50.312592044472694 0.6
      vertex 4.231786675751209 49.733036547899246 0
    endloop
  endfacet
  facet normal 0 0 -1
    outer loop
      vertex 3.253472315046713 49.31259402191053 0
      vertex 4.550202043882269 49.77495672613276 0
      vertex 5.18158463638823 49.85807982087135 0
    endloop
  endfacet
  facet normal 0 0 -1
    outer loop
      vertex 4.039070476581641 49.63799943581633 0
      vertex 4.231786675751209 49.733036547899246 0
      vertex 4.550202043882269 49.77495672613276 0
    endloop
  endfacet
  facet normal 0 0 -1
    outer loop
      vertex 4.231786675751209 49.733036547899246 0
      vertex 4.860421657562256 49.85807982087135 0
      vertex 4.550202043882269 49.77495672613276 0
    endloop
  endfacet
  facet normal 0 0 -1
    outer loop
      vertex 4.860421657562256 49.85807982087135 0
      vertex 5.5 49.899999998509884 0
      vertex 5.18158463638823 49.85807982087135 0
    endloop
  endfacet
  facet normal -0.04629652995227376 0.7063485785489253 -0.706348580303161
    outer loop
      vertex 4.860421657562256 49.85807982087135 0
      vertex 5.5 50.5 0.6
      vertex 5.5 49.899999998509884 0
    endloop
  endfacet
  facet normal -0.046296532153201155 0.7063485796126907 -0.7063485790951393
    outer loop
      vertex 4.860421657562256 49.85807982087135 0
      vertex 4.782105945050716 50.45294673740864 0.6
      vertex 5.5 50.5 0.6
    endloop
  endfacet
  facet normal 0 0 -1
    outer loop
      vertex 5.18158463638823 49.85807982087135 0
      vertex 5.5 49.899999998509884 0
      vertex 5.8805928567671195 49.85807982087135 0
    endloop
  endfacet
  facet normal -0.3214394626569997 0.9469301303933566 0
    outer loop
      vertex 3.395241118967533 50.08133742958307 0.6
      vertex 3.8291311412391646 50.2286232441693 8
      vertex 4.076495252549648 50.312592044472694 0.6
    endloop
  endfacet
  facet normal -0.06540312963914346 0.9978589232117961 4.4249370271614177e-16
    outer loop
      vertex 4.782105945050716 50.45294673740864 0.6
      vertex 5.23933189368868 50.48291490955956 8
      vertex 5.5 50.5 0.6
    endloop
  endfacet
  facet normal -0.8314696151574068 0.5555702287470001 0
    outer loop
      vertex 0.7368602827191353 47.75 0.6
      vertex 1.136556625366211 48.34818785637617 20.98
      vertex 1.136556625366211 48.34818785637617 0.6
    endloop
  endfacet
  facet normal -0.7518398079483504 0.6593458145648515 0
    outer loop
      vertex 1.136556625366211 48.34818785637617 0.6
      vertex 1.6109127029776573 48.88908729702234 20.98
      vertex 1.6109127029776573 48.88908729702234 0.6
    endloop
  endfacet
  facet normal -0.6593458145648515 0.7518398079483504 0
    outer loop
      vertex 1.6109127029776573 48.88908729702234 0.6
      vertex 1.6109127029776573 48.88908729702234 20.98
      vertex 2.151812143623829 49.36344337463379 0.6
    endloop
  endfacet
  facet normal -0.4422886966994107 0.8968727383369041 0
    outer loop
      vertex 2.75 49.763139717280865 0.6
      vertex 3.395241118967533 50.08133742958307 20.98
      vertex 3.395241118967533 50.08133742958307 0.6
    endloop
  endfacet
  facet normal -0.9469301303935147 0.32143946265653384 0
    outer loop
      vertex 0.41866257041692734 47.10475888103247 0.6
      vertex 0.4180760087927326 47.10303092619241 8
      vertex 0.41866257041692734 47.10475888103247 20.98
    endloop
  endfacet
  facet normal -0.8968727383369037 0.442288696699411 0
    outer loop
      vertex 0.41866257041692734 47.10475888103247 0.6
      vertex 0.41866257041692734 47.10475888103247 20.98
      vertex 0.621322349891052 47.51571225317175 8
    endloop
  endfacet
  facet normal -0.8314696151574068 0.555570228747 0
    outer loop
      vertex 0.7368602827191353 47.75 0.6
      vertex 0.7368602827191353 47.75 8
      vertex 1.136556625366211 48.34818785637617 20.98
    endloop
  endfacet
  facet normal -0.555570228746997 0.8314696151574088 0
    outer loop
      vertex 2.151812143623829 49.36344337463379 0.6
      vertex 2.151812143623829 49.36344337463379 20.98
      vertex 2.5327973436121853 49.618009543797626 8
    endloop
  endfacet
  facet normal -0.4422886966994107 0.8968727383369041 0
    outer loop
      vertex 2.75 49.763139717280865 0.6
      vertex 2.75 49.763139717280865 8
      vertex 3.395241118967533 50.08133742958307 20.98
    endloop
  endfacet
  facet normal -0.32143946265699963 0.9469301303933566 0
    outer loop
      vertex 3.395241118967533 50.08133742958307 0.6
      vertex 3.395241118967533 50.08133742958307 20.98
      vertex 3.8291311412391646 50.2286232441693 8
    endloop
  endfacet
  facet normal -0.19509032153766337 0.9807852804984031 0
    outer loop
      vertex 4.076495252549648 50.312592044472694 0.6
      vertex 4.782105945050716 50.45294673740864 20.98
      vertex 4.782105945050716 50.45294673740864 0.6
    endloop
  endfacet
  facet normal -0.19509032153766337 0.9807852804984031 0
    outer loop
      vertex 4.076495252549648 50.312592044472694 0.6
      vertex 4.076495252549648 50.312592044472694 8
      vertex 4.782105945050716 50.45294673740864 20.98
    endloop
  endfacet
  facet normal -0.06540312963913633 0.9978589232117967 0
    outer loop
      vertex 4.782105945050716 50.45294673740864 0.6
      vertex 4.782105945050716 50.45294673740864 20.98
      vertex 5.23933189368868 50.48291490955956 8
    endloop
  endfacet
  facet normal 0 0 -1
    outer loop
      vertex 1.123579341142852 47.10052126160565 0
      vertex 5.18158463638823 49.85807982087135 0
      vertex 27.335918938538043 47.98120188619941 0
    endloop
  endfacet
  facet normal 0 0.7071067803084881 -0.7071067820646069
    outer loop
      vertex 5.5 49.899999998509884 0
      vertex 5.5 50.5 0.6
      vertex 23.5 50.5 0.6
    endloop
  endfacet
  facet normal 0 0 -1
    outer loop
      vertex 5.18158463638823 49.85807982087135 0
      vertex 5.8805928567671195 49.85807982087135 0
      vertex 27.22587923388437 48.12460842227803 0
    endloop
  endfacet
  facet normal 0 1 0
    outer loop
      vertex 5.5 50.5 0.6
      vertex 5.5 50.5 8
      vertex 23.5 50.5 20.98
    endloop
  endfacet
  facet normal -0.9469301303932682 0.32143946265726003 0
    outer loop
      vertex 0.4180760087927326 47.10303092619241 8
      vertex 0.4170471479978613 47.099999999999994 8
      vertex 0.4170471479978613 47.099999999999994 20.98
    endloop
  endfacet
  facet normal -0.8968727383369044 0.44228869669940996 0
    outer loop
      vertex 0.621322349891052 47.51571225317175 8
      vertex 0.7368602827191353 47.75 20.98
      vertex 0.7368602827191353 47.75 8
    endloop
  endfacet
  facet normal -0.5555702287470055 0.8314696151574031 0
    outer loop
      vertex 2.5327973436121853 49.618009543797626 8
      vertex 2.75 49.763139717280865 20.98
      vertex 2.75 49.763139717280865 8
    endloop
  endfacet
  facet normal -0.7518398079483504 0.6593458145648515 0
    outer loop
      vertex 1.136556625366211 48.34818785637617 0.6
      vertex 1.136556625366211 48.34818785637617 20.98
      vertex 1.6109127029776573 48.88908729702234 20.98
    endloop
  endfacet
  facet normal -0.6593458145648515 0.7518398079483504 0
    outer loop
      vertex 2.151812143623829 49.36344337463379 0.6
      vertex 1.6109127029776573 48.88908729702234 20.98
      vertex 2.151812143623829 49.36344337463379 20.98
    endloop
  endfacet
  facet normal -0.3214394626569997 0.9469301303933566 0
    outer loop
      vertex 3.8291311412391646 50.2286232441693 8
      vertex 4.076495252549648 50.312592044472694 20.98
      vertex 4.076495252549648 50.312592044472694 8
    endloop
  endfacet
  facet normal -0.06540312963915598 0.9978589232117954 0
    outer loop
      vertex 5.23933189368868 50.48291490955956 8
      vertex 5.5 50.5 20.98
      vertex 5.5 50.5 8
    endloop
  endfacet
  facet normal -0.9469301303933578 0.3214394626569964 -6.867065777111083e-17
    outer loop
      vertex 0.4180760087927326 47.10303092619241 8
      vertex 0.4170471479978613 47.099999999999994 20.98
      vertex 0.41866257041692734 47.10475888103247 20.98
    endloop
  endfacet
  facet normal -0.8968727383369041 0.4422886966994107 -1.6347337278427268e-17
    outer loop
      vertex 0.621322349891052 47.51571225317175 8
      vertex 0.41866257041692734 47.10475888103247 20.98
      vertex 0.7368602827191353 47.75 20.98
    endloop
  endfacet
  facet normal -0.8314696151574067 0.555570228747 0
    outer loop
      vertex 0.7368602827191353 47.75 8
      vertex 0.7368602827191353 47.75 20.98
      vertex 1.136556625366211 48.34818785637617 20.98
    endloop
  endfacet
  facet normal -0.555570228747 0.8314696151574068 -1.3077869922287253e-16
    outer loop
      vertex 2.5327973436121853 49.618009543797626 8
      vertex 2.151812143623829 49.36344337463379 20.98
      vertex 2.75 49.763139717280865 20.98
    endloop
  endfacet
  facet normal -0.4422886966994107 0.8968727383369041 0
    outer loop
      vertex 2.75 49.763139717280865 8
      vertex 2.75 49.763139717280865 20.98
      vertex 3.395241118967533 50.08133742958307 20.98
    endloop
  endfacet
  facet normal 0 0 1
    outer loop
      vertex 0.41866257041692734 47.10475888103247 20.98
      vertex 1.136556625366211 48.34818785637617 20.98
      vertex 0.7368602827191353 47.75 20.98
    endloop
  endfacet
  facet normal 0 0 1
    outer loop
      vertex 0.41866257041692734 47.10475888103247 20.98
      vertex 1.6109127029776573 48.88908729702234 20.98
      vertex 1.136556625366211 48.34818785637617 20.98
    endloop
  endfacet
  facet normal 0 0 1
    outer loop
      vertex 1.6109127029776573 48.88908729702234 20.98
      vertex 3.395241118967533 50.08133742958307 20.98
      vertex 2.151812143623829 49.36344337463379 20.98
    endloop
  endfacet
  facet normal 0 0 1
    outer loop
      vertex 2.151812143623829 49.36344337463379 20.98
      vertex 3.395241118967533 50.08133742958307 20.98
      vertex 2.75 49.763139717280865 20.98
    endloop
  endfacet
  facet normal 0 0 1
    outer loop
      vertex 1.6109127029776573 48.88908729702234 20.98
      vertex 4.782105945050716 50.45294673740864 20.98
      vertex 3.395241118967533 50.08133742958307 20.98
    endloop
  endfacet
  facet normal -0.32143946265699963 0.9469301303933566 0
    outer loop
      vertex 3.8291311412391646 50.2286232441693 8
      vertex 3.395241118967533 50.08133742958307 20.98
      vertex 4.076495252549648 50.312592044472694 20.98
    endloop
  endfacet
  facet normal -0.19509032153766334 0.9807852804984031 0
    outer loop
      vertex 4.076495252549648 50.312592044472694 8
      vertex 4.076495252549648 50.312592044472694 20.98
      vertex 4.782105945050716 50.45294673740864 20.98
    endloop
  endfacet
  facet normal -0.06540312963914345 0.9978589232117961 -2.5245490233843113e-16
    outer loop
      vertex 5.23933189368868 50.48291490955956 8
      vertex 4.782105945050716 50.45294673740864 20.98
      vertex 5.5 50.5 20.98
    endloop
  endfacet
  facet normal 0 0 1
    outer loop
      vertex 3.395241118967533 50.08133742958307 20.98
      vertex 4.782105945050716 50.45294673740864 20.98
      vertex 4.076495252549648 50.312592044472694 20.98
    endloop
  endfacet
  facet normal 0 0 1
    outer loop
      vertex 0.4170471479978613 47.099999999999994 20.98
      vertex 28.582952852002137 47.099999999999994 20.98
      vertex 0.41866257041692734 47.10475888103247 20.98
    endloop
  endfacet
  facet normal 0 0 1
    outer loop
      vertex 1.6109127029776573 48.88908729702234 20.98
      vertex 23.5 50.5 20.98
      vertex 4.782105945050716 50.45294673740864 20.98
    endloop
  endfacet
  facet normal 0 0 1
    outer loop
      vertex 0.41866257041692734 47.10475888103247 20.98
      vertex 28.582952852002137 47.099999999999994 20.98
      vertex 1.6109127029776573 48.88908729702234 20.98
    endloop
  endfacet
  facet normal 0 1 0
    outer loop
      vertex 5.5 50.5 8
      vertex 5.5 50.5 20.98
      vertex 23.5 50.5 20.98
    endloop
  endfacet
  facet normal 0 0 1
    outer loop
      vertex 4.782105945050716 50.45294673740864 20.98
      vertex 23.5 50.5 20.98
      vertex 5.5 50.5 20.98
    endloop
  endfacet
  facet normal 0 0.7071067803084881 -0.7071067820646069
    outer loop
      vertex 5.5 49.899999998509884 0
      vertex 23.5 50.5 0.6
      vertex 23.5 49.899999998509884 0
    endloop
  endfacet
  facet normal 0 0 -1
    outer loop
      vertex 5.5 49.899999998509884 0
      vertex 23.5 49.899999998509884 0
      vertex 24.139578342437744 49.85807982087135 0
    endloop
  endfacet
  facet normal 0 0 -1
    outer loop
      vertex 1.123579341142852 47.10052126160565 0
      vertex 27.387431368231773 47.98293100297451 0
      vertex 27.743524476885796 47.45000000298023 0
    endloop
  endfacet
  facet normal 0 0 -1
    outer loop
      vertex 1.123579341142852 47.10052126160565 0
      vertex 27.335918938538043 47.98120188619941 0
      vertex 27.387431368231773 47.98293100297451 0
    endloop
  endfacet
  facet normal 0 0 -1
    outer loop
      vertex 5.18158463638823 49.85807982087135 0
      vertex 27.22587923388437 48.12460842227803 0
      vertex 27.335918938538043 47.98120188619941 0
    endloop
  endfacet
  facet normal 0 0 -1
    outer loop
      vertex 5.8805928567671195 49.85807982087135 0
      vertex 24.139578342437744 49.85807982087135 0
      vertex 27.22587923388437 48.12460842227803 0
    endloop
  endfacet
  facet normal 0 1 0
    outer loop
      vertex 5.5 50.5 0.6
      vertex 23.5 50.5 20.98
      vertex 23.5 50.5 0.6
    endloop
  endfacet
  facet normal 0.04629652995227376 0.7063485785489253 -0.706348580303161
    outer loop
      vertex 23.5 49.899999998509884 0
      vertex 23.5 50.5 0.6
      vertex 24.139578342437744 49.85807982087135 0
    endloop
  endfacet
  facet normal 0.0462965321532012 0.7063485796126907 -0.7063485790951393
    outer loop
      vertex 23.5 50.5 0.6
      vertex 24.217894054949284 50.45294673740864 0.6
      vertex 24.139578342437744 49.85807982087135 0
    endloop
  endfacet
  facet normal 0.13809744879753258 0.694262759871732 -0.7063485788836122
    outer loop
      vertex 24.139578342437744 49.85807982087135 0
      vertex 24.217894054949284 50.45294673740864 0.6
      vertex 24.92350474745035 50.312592044472694 0.6
    endloop
  endfacet
  facet normal 0.13809744959044293 0.6942627591874144 -0.7063485794012
    outer loop
      vertex 24.139578342437744 49.85807982087135 0
      vertex 24.92350474745035 50.312592044472694 0.6
      vertex 24.76821332424879 49.733036547899246 0
    endloop
  endfacet
  facet normal 0 0 -1
    outer loop
      vertex 24.139578342437744 49.85807982087135 0
      vertex 25.375148817896843 49.52700971066952 0
      vertex 25.950000002980232 49.243524476885796 0
    endloop
  endfacet
  facet normal 0.22753547955340533 0.6702979110008164 -0.7063485797057594
    outer loop
      vertex 24.76821332424879 49.733036547899246 0
      vertex 25.604758881032467 50.08133742958307 0.6
      vertex 25.375148817896843 49.52700971066952 0
    endloop
  endfacet
  facet normal 0.22753547879600972 0.6702979118507697 -0.7063485791431654
    outer loop
      vertex 24.76821332424879 49.733036547899246 0
      vertex 24.92350474745035 50.312592044472694 0.6
      vertex 25.604758881032467 50.08133742958307 0.6
    endloop
  endfacet
  facet normal 0.3130803177993649 0.6348640784957296 -0.7063485799818789
    outer loop
      vertex 25.375148817896843 49.52700971066952 0
      vertex 25.604758881032467 50.08133742958307 0.6
      vertex 25.950000002980232 49.243524476885796 0
    endloop
  endfacet
  facet normal 0 0 -1
    outer loop
      vertex 24.139578342437744 49.85807982087135 0
      vertex 26.33329288520735 48.94941350600924 0
      vertex 27.22587923388437 48.12460842227803 0
    endloop
  endfacet
  facet normal 0 0 -1
    outer loop
      vertex 25.950000002980232 49.243524476885796 0
      vertex 26.48293100297451 48.88743136823177 0
      vertex 26.33329288520735 48.94941350600924 0
    endloop
  endfacet
  facet normal 0.31308032229216526 0.6348640787544432 -0.7063485777579694
    outer loop
      vertex 25.604758881032467 50.08133742958307 0.6
      vertex 26.25 49.763139717280865 0.6
      vertex 25.950000002980232 49.243524476885796 0
    endloop
  endfacet
  facet normal 0 0 -1
    outer loop
      vertex 26.964823231101036 48.464823231101036 0
      vertex 26.33329288520735 48.94941350600924 0
      vertex 26.48293100297451 48.88743136823177 0
    endloop
  endfacet
  facet normal 0 0 -1
    outer loop
      vertex 26.964823231101036 48.464823231101036 0
      vertex 27.22587923388437 48.12460842227803 0
      vertex 26.33329288520735 48.94941350600924 0
    endloop
  endfacet
  facet normal 0.39326826172279966 0.5885675484654613 -0.7063485791129509
    outer loop
      vertex 25.950000002980232 49.243524476885796 0
      vertex 26.84818785637617 49.36344337463379 0.6
      vertex 26.48293100297451 48.88743136823177 0
    endloop
  endfacet
  facet normal 0.39326826033105716 0.5885675512321136 -0.7063485775824971
    outer loop
      vertex 25.950000002980232 49.243524476885796 0
      vertex 26.25 49.763139717280865 0.6
      vertex 26.84818785637617 49.36344337463379 0.6
    endloop
  endfacet
  facet normal 0.4667272761345976 0.5322004648347486 -0.7063485789195422
    outer loop
      vertex 26.964823231101036 48.464823231101036 0
      vertex 26.48293100297451 48.88743136823177 0
      vertex 26.84818785637617 49.36344337463379 0.6
    endloop
  endfacet
  facet normal 0.46672727989960605 0.5322004640547571 -0.7063485770194601
    outer loop
      vertex 26.964823231101036 48.464823231101036 0
      vertex 26.84818785637617 49.36344337463379 0.6
      vertex 27.389087297022343 48.88908729702234 0.6
    endloop
  endfacet
  facet normal 0.6348640784957295 0.31308031779936374 -0.7063485799818796
    outer loop
      vertex 27.91612537820387 47.099999999999994 0
      vertex 27.743524476885796 47.45000000298023 0
      vertex 28.581337429583073 47.10475888103247 0.6
    endloop
  endfacet
  facet normal 0.6348640784957302 0.3130803177993601 -0.7063485799818805
    outer loop
      vertex 27.91612537820387 47.099999999999994 0
      vertex 28.581337429583073 47.10475888103247 0.6
      vertex 28.569848474651018 47.099999999999994 0.5875644447787247
    endloop
  endfacet
  facet normal 0.6702979110007693 0.22753547955352793 -0.7063485797057646
    outer loop
      vertex 28.569848474651018 47.099999999999994 0.5875644447787247
      vertex 28.581337429583073 47.10475888103247 0.6
      vertex 28.57935604023016 47.099999999999994 0.5965867625542575
    endloop
  endfacet
  facet normal 0.6702979118504996 0.22753547879633096 -0.7063485791433181
    outer loop
      vertex 28.57935604023016 47.099999999999994 0.5965867625542575
      vertex 28.581337429583073 47.10475888103247 0.6
      vertex 28.58059244427678 47.099999999999994 0.5977600629262314
    endloop
  endfacet
  facet normal 0 0 -1
    outer loop
      vertex 26.964823231101036 48.464823231101036 0
      vertex 27.387431368231773 47.98293100297451 0
      vertex 27.22587923388437 48.12460842227803 0
    endloop
  endfacet
  facet normal 0.5322004648347486 0.4667272761345976 -0.7063485789195422
    outer loop
      vertex 26.964823231101036 48.464823231101036 0
      vertex 27.86344337463379 48.34818785637617 0.6
      vertex 27.387431368231773 47.98293100297451 0
    endloop
  endfacet
  facet normal 0.5322004640547571 0.46672727989960605 -0.7063485770194601
    outer loop
      vertex 26.964823231101036 48.464823231101036 0
      vertex 27.389087297022343 48.88908729702234 0.6
      vertex 27.86344337463379 48.34818785637617 0.6
    endloop
  endfacet
  facet normal 0.5885675484654613 0.39326826172279966 -0.7063485791129509
    outer loop
      vertex 27.387431368231773 47.98293100297451 0
      vertex 27.86344337463379 48.34818785637617 0.6
      vertex 27.743524476885796 47.45000000298023 0
    endloop
  endfacet
  facet normal 0.5885675512321136 0.39326826033105716 -0.7063485775824971
    outer loop
      vertex 27.743524476885796 47.45000000298023 0
      vertex 27.86344337463379 48.34818785637617 0.6
      vertex 28.263139717280865 47.75 0.6
    endloop
  endfacet
  facet normal 0.6348640787544432 0.31308032229216526 -0.7063485777579694
    outer loop
      vertex 28.581337429583073 47.10475888103247 0.6
      vertex 27.743524476885796 47.45000000298023 0
      vertex 28.263139717280865 47.75 0.6
    endloop
  endfacet
  facet normal 0.8968727383369041 0.4422886966994107 0
    outer loop
      vertex 28.581337429583073 47.10475888103247 0.6
      vertex 28.263139717280865 47.75 0.6
      vertex 28.581337429583073 47.10475888103247 8
    endloop
  endfacet
  facet normal 0.06540312963914346 0.9978589232117961 0
    outer loop
      vertex 23.5 50.5 0.6
      vertex 23.5 50.5 20.98
      vertex 24.217894054949284 50.45294673740864 0.6
    endloop
  endfacet
  facet normal 0.19509032153766337 0.9807852804984031 0
    outer loop
      vertex 24.217894054949284 50.45294673740864 0.6
      vertex 24.217894054949284 50.45294673740864 20.98
      vertex 24.92350474745035 50.312592044472694 0.6
    endloop
  endfacet
  facet normal 0.32143946265699974 0.9469301303933567 0
    outer loop
      vertex 24.92350474745035 50.312592044472694 0.6
      vertex 25.604758881032467 50.08133742958307 20.98
      vertex 25.604758881032467 50.08133742958307 0.6
    endloop
  endfacet
  facet normal 0.4422886966994107 0.8968727383369041 0
    outer loop
      vertex 25.604758881032467 50.08133742958307 0.6
      vertex 25.604758881032467 50.08133742958307 20.98
      vertex 26.25 49.763139717280865 0.6
    endloop
  endfacet
  facet normal 0.6593458145648515 0.7518398079483504 0
    outer loop
      vertex 26.84818785637617 49.36344337463379 0.6
      vertex 26.84818785637617 49.36344337463379 20.98
      vertex 27.389087297022343 48.88908729702234 0.6
    endloop
  endfacet
  facet normal 0.7518398079483504 0.6593458145648515 0
    outer loop
      vertex 27.86344337463379 48.34818785637617 0.6
      vertex 27.389087297022343 48.88908729702234 0.6
      vertex 27.86344337463379 48.34818785637617 20.98
    endloop
  endfacet
  facet normal 0.8314696151574068 0.5555702287470001 0
    outer loop
      vertex 27.86344337463379 48.34818785637617 0.6
      vertex 27.86344337463379 48.34818785637617 20.98
      vertex 28.263139717280865 47.75 0.6
    endloop
  endfacet
  facet normal 0.5555702287469978 0.8314696151574082 0
    outer loop
      vertex 26.84818785637617 49.36344337463379 0.6
      vertex 26.467202656387816 49.618009543797626 8
      vertex 26.84818785637617 49.36344337463379 20.98
    endloop
  endfacet
  facet normal 0.5555702287470039 0.8314696151574043 0
    outer loop
      vertex 26.25 49.763139717280865 0.6
      vertex 26.25 49.763139717280865 20.98
      vertex 26.467202656387816 49.618009543797626 8
    endloop
  endfacet
  facet normal 0.8968727383369041 0.4422886966994107 0
    outer loop
      vertex 28.263139717280865 47.75 0.6
      vertex 28.581337429583073 47.10475888103247 20.98
      vertex 28.581337429583073 47.10475888103247 8
    endloop
  endfacet
  facet normal 0 0 1
    outer loop
      vertex 1.6109127029776573 48.88908729702234 20.98
      vertex 27.86344337463379 48.34818785637617 20.98
      vertex 23.5 50.5 20.98
    endloop
  endfacet
  facet normal 0 0 1
    outer loop
      vertex 1.6109127029776573 48.88908729702234 20.98
      vertex 28.582952852002137 47.099999999999994 20.98
      vertex 27.86344337463379 48.34818785637617 20.98
    endloop
  endfacet
  facet normal 0.06540312963914346 0.9978589232117961 0
    outer loop
      vertex 24.217894054949284 50.45294673740864 0.6
      vertex 23.5 50.5 20.98
      vertex 24.217894054949284 50.45294673740864 20.98
    endloop
  endfacet
  facet normal 0.19509032153766337 0.9807852804984031 0
    outer loop
      vertex 24.92350474745035 50.312592044472694 0.6
      vertex 24.217894054949284 50.45294673740864 20.98
      vertex 24.92350474745035 50.312592044472694 20.98
    endloop
  endfacet
  facet normal 0.32143946265699974 0.9469301303933567 0
    outer loop
      vertex 24.92350474745035 50.312592044472694 0.6
      vertex 24.92350474745035 50.312592044472694 20.98
      vertex 25.604758881032467 50.08133742958307 20.98
    endloop
  endfacet
  facet normal 0.946930130393462 0.3214394626566893 0
    outer loop
      vertex 28.582952852002137 47.099999999999994 8
      vertex 28.581337429583073 47.10475888103247 8
      vertex 28.581337429583073 47.10475888103247 20.98
    endloop
  endfacet
  facet normal 0.4422886966994107 0.8968727383369041 0
    outer loop
      vertex 26.25 49.763139717280865 0.6
      vertex 25.604758881032467 50.08133742958307 20.98
      vertex 26.25 49.763139717280865 20.98
    endloop
  endfacet
  facet normal 0.7518398079483504 0.6593458145648515 0
    outer loop
      vertex 27.389087297022343 48.88908729702234 0.6
      vertex 27.389087297022343 48.88908729702234 20.98
      vertex 27.86344337463379 48.34818785637617 20.98
    endloop
  endfacet
  facet normal 0.6593458145648515 0.7518398079483504 0
    outer loop
      vertex 27.389087297022343 48.88908729702234 0.6
      vertex 26.84818785637617 49.36344337463379 20.98
      vertex 27.389087297022343 48.88908729702234 20.98
    endloop
  endfacet
  facet normal 0.8314696151574068 0.5555702287470001 0
    outer loop
      vertex 28.263139717280865 47.75 0.6
      vertex 27.86344337463379 48.34818785637617 20.98
      vertex 28.263139717280865 47.75 20.98
    endloop
  endfacet
  facet normal 0.8968727383369041 0.4422886966994107 0
    outer loop
      vertex 28.263139717280865 47.75 0.6
      vertex 28.263139717280865 47.75 20.98
      vertex 28.581337429583073 47.10475888103247 20.98
    endloop
  endfacet
  facet normal 0 0 1
    outer loop
      vertex 23.5 50.5 20.98
      vertex 25.604758881032467 50.08133742958307 20.98
      vertex 24.217894054949284 50.45294673740864 20.98
    endloop
  endfacet
  facet normal 0 0 1
    outer loop
      vertex 24.217894054949284 50.45294673740864 20.98
      vertex 25.604758881032467 50.08133742958307 20.98
      vertex 24.92350474745035 50.312592044472694 20.98
    endloop
  endfacet
  facet normal 0.555570228747 0.8314696151574068 -9.213953808884202e-17
    outer loop
      vertex 26.467202656387816 49.618009543797626 8
      vertex 26.25 49.763139717280865 20.98
      vertex 26.84818785637617 49.36344337463379 20.98
    endloop
  endfacet
  facet normal 0.946930130393462 0.3214394626566893 0
    outer loop
      vertex 28.582952852002137 47.099999999999994 8
      vertex 28.581337429583073 47.10475888103247 20.98
      vertex 28.582952852002137 47.099999999999994 20.98
    endloop
  endfacet
  facet normal 0 0 1
    outer loop
      vertex 23.5 50.5 20.98
      vertex 27.86344337463379 48.34818785637617 20.98
      vertex 25.604758881032467 50.08133742958307 20.98
    endloop
  endfacet
  facet normal 0 0 1
    outer loop
      vertex 25.604758881032467 50.08133742958307 20.98
      vertex 26.84818785637617 49.36344337463379 20.98
      vertex 26.25 49.763139717280865 20.98
    endloop
  endfacet
  facet normal 0 0 1
    outer loop
      vertex 25.604758881032467 50.08133742958307 20.98
      vertex 27.86344337463379 48.34818785637617 20.98
      vertex 26.84818785637617 49.36344337463379 20.98
    endloop
  endfacet
  facet normal 0 0 1
    outer loop
      vertex 26.84818785637617 49.36344337463379 20.98
      vertex 27.86344337463379 48.34818785637617 20.98
      vertex 27.389087297022343 48.88908729702234 20.98
    endloop
  endfacet
  facet normal 0 0 1
    outer loop
      vertex 28.581337429583073 47.10475888103247 20.98
      vertex 28.263139717280865 47.75 20.98
      vertex 27.86344337463379 48.34818785637617 20.98
    endloop
  endfacet
  facet normal 0 0 1
    outer loop
      vertex 28.582952852002137 47.099999999999994 20.98
      vertex 28.581337429583073 47.10475888103247 20.98
      vertex 27.86344337463379 48.34818785637617 20.98
    endloop
  endfacet
  facet normal 0 -1 0
    outer loop
      vertex 0.4170471479978613 47.099999999999994 8
      vertex 2.9609610446755616 47.099999999999994 8
      vertex 2.9609610446755616 47.099999999999994 19.38
    endloop
  endfacet
  facet normal 0 -1 0
    outer loop
      vertex 0.4170471479978613 47.099999999999994 8
      vertex 2.9609610446755616 47.099999999999994 19.38
      vertex 0.4170471479978613 47.099999999999994 20.98
    endloop
  endfacet
  facet normal 0 -1 0
    outer loop
      vertex 0.4170471479978613 47.099999999999994 20.98
      vertex 2.9609610446755616 47.099999999999994 19.38
      vertex 26.039038960858004 47.099999999999994 19.38
    endloop
  endfacet
  facet normal 0 -1 0
    outer loop
      vertex 0.4170471479978613 47.099999999999994 20.98
      vertex 26.039038960858004 47.099999999999994 19.38
      vertex 28.582952852002137 47.099999999999994 20.98
    endloop
  endfacet
  facet normal 0 -1 0
    outer loop
      vertex 28.582952852002137 47.099999999999994 8
      vertex 28.582952852002137 47.099999999999994 20.98
      vertex 26.039038960858004 47.099999999999994 8
    endloop
  endfacet
  facet normal 0 -1 0
    outer loop
      vertex 28.582952852002137 47.099999999999994 20.98
      vertex 26.039038960858004 47.099999999999994 19.38
      vertex 26.039038960858004 47.099999999999994 8
    endloop
  endfacet
  facet normal 0.9469301294951058 0.32143946530316087 0
    outer loop
      vertex 4.389185299767572 8.202358098132102 1.4
      vertex 4.389185299767572 8.202358098132102 5
      vertex 4.437538537612021 8.059914052780147 1.4
    endloop
  endfacet
  facet normal 0.8968727415326901 0.4422886902189973 0
    outer loop
      vertex 4.504070785647896 7.925 1.4
      vertex 4.437538537612021 8.059914052780147 1.4
      vertex 4.437538537612021 8.059914052780147 5
    endloop
  endfacet
  facet normal 0.7518398074789802 0.6593458151000658 0
    outer loop
      vertex 4.58764365866508 7.799924356639972 1.4
      vertex 4.58764365866508 7.799924356639972 5
      vertex 4.68682720163547 7.68682720163547 1.4
    endloop
  endfacet
  facet normal 0.6593458151000658 0.7518398074789802 0
    outer loop
      vertex 4.68682720163547 7.68682720163547 1.4
      vertex 4.68682720163547 7.68682720163547 5
      vertex 4.799924356639972 7.58764365866508 1.4
    endloop
  endfacet
  facet normal 0.8314696123025438 0.5555702330196042 0
    outer loop
      vertex 4.504070785647896 7.925 1.4
      vertex 4.504070785647896 7.925 5
      vertex 4.58764365866508 7.799924356639972 1.4
    endloop
  endfacet
  facet normal 0.5555702330196042 0.8314696123025438 0
    outer loop
      vertex 4.799924356639972 7.58764365866508 1.4
      vertex 4.799924356639972 7.58764365866508 5
      vertex 4.925 7.504070785647896 1.4
    endloop
  endfacet
  facet normal 0.4422886902189997 0.896872741532689 0
    outer loop
      vertex 4.925 7.504070785647896 1.4
      vertex 4.925 7.504070785647896 5
      vertex 5.0599140527801465 7.437538537612021 1.4
    endloop
  endfacet
  facet normal 0.32143946530316087 0.9469301294951058 0
    outer loop
      vertex 5.0599140527801465 7.437538537612021 1.4
      vertex 5.0599140527801465 7.437538537612021 5
      vertex 5.202358098132101 7.389185299767572 1.4
    endloop
  endfacet
  facet normal 0.19509032201613036 0.98078528040323 0
    outer loop
      vertex 5.202358098132101 7.389185299767572 1.4
      vertex 5.202358098132101 7.389185299767572 5
      vertex 5.349894878946941 7.359838409420118 1.4
    endloop
  endfacet
  facet normal 0.06540312923014623 0.9978589232386031 0
    outer loop
      vertex 5.349894878946941 7.359838409420118 1.4
      vertex 5.349894878946941 7.359838409420118 5
      vertex 5.5 7.35 1.4
    endloop
  endfacet
  facet normal 0.9978589232386031 0.06540312923014623 0
    outer loop
      vertex 4.359838409420118 8.349894878946941 1.4
      vertex 4.35 8.5 1.4
      vertex 4.35 8.5 5
    endloop
  endfacet
  facet normal 0.9807852804032299 0.19509032201613147 0
    outer loop
      vertex 4.389185299767572 8.202358098132102 1.4
      vertex 4.359838409420118 8.349894878946941 1.4
      vertex 4.359838409420118 8.349894878946941 5
    endloop
  endfacet
  facet normal 0.9978589232386031 -0.06540312923014623 0
    outer loop
      vertex 4.35 8.5 1.4
      vertex 4.359838409420118 8.650105121053059 1.4
      vertex 4.359838409420118 8.650105121053059 5
    endloop
  endfacet
  facet normal 0.9807852804032299 -0.19509032201613147 0
    outer loop
      vertex 4.359838409420118 8.650105121053059 1.4
      vertex 4.389185299767572 8.797641901867898 1.4
      vertex 4.389185299767572 8.797641901867898 5
    endloop
  endfacet
  facet normal 0.9469301294951058 -0.32143946530316087 0
    outer loop
      vertex 4.389185299767572 8.797641901867898 1.4
      vertex 4.437538537612021 8.940085947219853 1.4
      vertex 4.437538537612021 8.940085947219853 5
    endloop
  endfacet
  facet normal 0.896872741532689 -0.4422886902189997 0
    outer loop
      vertex 4.437538537612021 8.940085947219853 1.4
      vertex 4.504070785647896 9.075 1.4
      vertex 4.504070785647896 9.075 5
    endloop
  endfacet
  facet normal 0.8314696123025457 -0.5555702330196015 0
    outer loop
      vertex 4.504070785647896 9.075 1.4
      vertex 4.58764365866508 9.200075643360028 1.4
      vertex 4.58764365866508 9.200075643360028 5
    endloop
  endfacet
  facet normal 0.7518398074789802 -0.6593458151000658 0
    outer loop
      vertex 4.58764365866508 9.200075643360028 1.4
      vertex 4.68682720163547 9.31317279836453 1.4
      vertex 4.68682720163547 9.31317279836453 5
    endloop
  endfacet
  facet normal 0.6593458151000658 -0.7518398074789802 0
    outer loop
      vertex 4.68682720163547 9.31317279836453 1.4
      vertex 4.799924356639972 9.41235634133492 1.4
      vertex 4.799924356639972 9.41235634133492 5
    endloop
  endfacet
  facet normal 0.5555702330196042 -0.8314696123025438 0
    outer loop
      vertex 4.799924356639972 9.41235634133492 1.4
      vertex 4.925 9.495929214352104 1.4
      vertex 4.925 9.495929214352104 5
    endloop
  endfacet
  facet normal 0.4422886902189997 -0.896872741532689 0
    outer loop
      vertex 4.925 9.495929214352104 1.4
      vertex 5.0599140527801465 9.56246146238798 1.4
      vertex 5.0599140527801465 9.56246146238798 5
    endloop
  endfacet
  facet normal 0.32143946530316087 -0.9469301294951058 0
    outer loop
      vertex 5.0599140527801465 9.56246146238798 1.4
      vertex 5.202358098132101 9.610814700232428 1.4
      vertex 5.202358098132101 9.610814700232428 5
    endloop
  endfacet
  facet normal 0.19509032201613602 -0.9807852804032289 0
    outer loop
      vertex 5.202358098132101 9.610814700232428 1.4
      vertex 5.349894878946941 9.640161590579883 1.4
      vertex 5.349894878946941 9.640161590579883 5
    endloop
  endfacet
  facet normal -0.06540312923014623 0.9978589232386031 0
    outer loop
      vertex 5.5 7.35 1.4
      vertex 5.5 7.35 5
      vertex 5.650105121053059 7.359838409420118 1.4
    endloop
  endfacet
  facet normal -0.19509032201613036 0.98078528040323 0
    outer loop
      vertex 5.650105121053059 7.359838409420118 1.4
      vertex 5.650105121053059 7.359838409420118 5
      vertex 5.797641901867899 7.389185299767572 1.4
    endloop
  endfacet
  facet normal -0.32143946530316087 0.9469301294951058 0
    outer loop
      vertex 5.797641901867899 7.389185299767572 1.4
      vertex 5.797641901867899 7.389185299767572 5
      vertex 5.9400859472198535 7.437538537612021 1.4
    endloop
  endfacet
  facet normal -0.4422886902189997 0.896872741532689 0
    outer loop
      vertex 5.9400859472198535 7.437538537612021 1.4
      vertex 5.9400859472198535 7.437538537612021 5
      vertex 6.075 7.504070785647896 1.4
    endloop
  endfacet
  facet normal -0.5555702330196042 0.8314696123025438 0
    outer loop
      vertex 6.075 7.504070785647896 1.4
      vertex 6.075 7.504070785647896 5
      vertex 6.200075643360028 7.58764365866508 1.4
    endloop
  endfacet
  facet normal -0.6593458151000658 0.7518398074789802 0
    outer loop
      vertex 6.200075643360028 7.58764365866508 1.4
      vertex 6.200075643360028 7.58764365866508 5
      vertex 6.31317279836453 7.68682720163547 1.4
    endloop
  endfacet
  facet normal -0.7518398074789802 0.6593458151000658 0
    outer loop
      vertex 6.31317279836453 7.68682720163547 1.4
      vertex 6.31317279836453 7.68682720163547 5
      vertex 6.41235634133492 7.799924356639972 1.4
    endloop
  endfacet
  facet normal -0.8314696123025438 0.5555702330196042 0
    outer loop
      vertex 6.41235634133492 7.799924356639972 1.4
      vertex 6.41235634133492 7.799924356639972 5
      vertex 6.495929214352104 7.925 1.4
    endloop
  endfacet
  facet normal -0.8968727415326901 0.4422886902189973 0
    outer loop
      vertex 6.495929214352104 7.925 1.4
      vertex 6.495929214352104 7.925 5
      vertex 6.562461462387979 8.059914052780147 1.4
    endloop
  endfacet
  facet normal -0.9469301294951058 0.32143946530316087 0
    outer loop
      vertex 6.562461462387979 8.059914052780147 1.4
      vertex 6.562461462387979 8.059914052780147 5
      vertex 6.610814700232428 8.202358098132102 1.4
    endloop
  endfacet
  facet normal 0.06540312923014036 -0.9978589232386038 0
    outer loop
      vertex 5.349894878946941 9.640161590579883 1.4
      vertex 5.5 9.65 1.4
      vertex 5.5 9.65 5
    endloop
  endfacet
  facet normal -0.06540312923014036 -0.9978589232386038 0
    outer loop
      vertex 5.5 9.65 1.4
      vertex 5.650105121053059 9.640161590579883 1.4
      vertex 5.650105121053059 9.640161590579883 5
    endloop
  endfacet
  facet normal -0.19509032201613602 -0.9807852804032289 0
    outer loop
      vertex 5.650105121053059 9.640161590579883 1.4
      vertex 5.797641901867899 9.610814700232428 1.4
      vertex 5.797641901867899 9.610814700232428 5
    endloop
  endfacet
  facet normal -0.32143946530316087 -0.9469301294951058 0
    outer loop
      vertex 5.9400859472198535 9.56246146238798 1.4
      vertex 5.9400859472198535 9.56246146238798 5
      vertex 5.797641901867899 9.610814700232428 1.4
    endloop
  endfacet
  facet normal -0.4422886902189997 -0.896872741532689 0
    outer loop
      vertex 5.9400859472198535 9.56246146238798 1.4
      vertex 6.075 9.495929214352104 1.4
      vertex 6.075 9.495929214352104 5
    endloop
  endfacet
  facet normal -0.5555702330196042 -0.8314696123025438 0
    outer loop
      vertex 6.075 9.495929214352104 1.4
      vertex 6.200075643360028 9.41235634133492 1.4
      vertex 6.200075643360028 9.41235634133492 5
    endloop
  endfacet
  facet normal -0.6593458151000658 -0.7518398074789802 0
    outer loop
      vertex 6.200075643360028 9.41235634133492 1.4
      vertex 6.31317279836453 9.31317279836453 1.4
      vertex 6.31317279836453 9.31317279836453 5
    endloop
  endfacet
  facet normal -0.896872741532689 -0.4422886902189997 0
    outer loop
      vertex 6.495929214352104 9.075 1.4
      vertex 6.562461462387979 8.940085947219853 1.4
      vertex 6.562461462387979 8.940085947219853 5
    endloop
  endfacet
  facet normal -0.9807852804032299 0.19509032201613147 0
    outer loop
      vertex 6.610814700232428 8.202358098132102 1.4
      vertex 6.610814700232428 8.202358098132102 5
      vertex 6.640161590579882 8.349894878946941 1.4
    endloop
  endfacet
  facet normal -0.9978589232386031 0.06540312923014623 0
    outer loop
      vertex 6.640161590579882 8.349894878946941 1.4
      vertex 6.640161590579882 8.349894878946941 5
      vertex 6.65 8.5 1.4
    endloop
  endfacet
  facet normal -0.9978589232386031 -0.06540312923014623 0
    outer loop
      vertex 6.65 8.5 1.4
      vertex 6.65 8.5 5
      vertex 6.640161590579882 8.650105121053059 1.4
    endloop
  endfacet
  facet normal -0.9469301294951058 -0.32143946530316087 0
    outer loop
      vertex 6.610814700232428 8.797641901867898 1.4
      vertex 6.610814700232428 8.797641901867898 5
      vertex 6.562461462387979 8.940085947219853 1.4
    endloop
  endfacet
  facet normal -0.9807852804032299 -0.19509032201613147 0
    outer loop
      vertex 6.610814700232428 8.797641901867898 1.4
      vertex 6.640161590579882 8.650105121053059 1.4
      vertex 6.640161590579882 8.650105121053059 5
    endloop
  endfacet
  facet normal -0.7518398074789802 -0.6593458151000658 0
    outer loop
      vertex 6.31317279836453 9.31317279836453 1.4
      vertex 6.41235634133492 9.200075643360028 1.4
      vertex 6.41235634133492 9.200075643360028 5
    endloop
  endfacet
  facet normal -0.8314696123025457 -0.5555702330196015 0
    outer loop
      vertex 6.41235634133492 9.200075643360028 1.4
      vertex 6.495929214352104 9.075 1.4
      vertex 6.495929214352104 9.075 5
    endloop
  endfacet
  facet normal 0.8968727415326901 0.4422886902189973 0
    outer loop
      vertex 4.504070785647896 7.925 1.4
      vertex 4.437538537612021 8.059914052780147 5
      vertex 4.504070785647896 7.925 5
    endloop
  endfacet
  facet normal 0.9469301294951058 0.32143946530316087 0
    outer loop
      vertex 4.437538537612021 8.059914052780147 1.4
      vertex 4.389185299767572 8.202358098132102 5
      vertex 4.437538537612021 8.059914052780147 5
    endloop
  endfacet
  facet normal 0.8314696123025438 0.5555702330196042 0
    outer loop
      vertex 4.58764365866508 7.799924356639972 1.4
      vertex 4.504070785647896 7.925 5
      vertex 4.58764365866508 7.799924356639972 5
    endloop
  endfacet
  facet normal 0.7518398074789802 0.6593458151000658 0
    outer loop
      vertex 4.68682720163547 7.68682720163547 1.4
      vertex 4.58764365866508 7.799924356639972 5
      vertex 4.68682720163547 7.68682720163547 5
    endloop
  endfacet
  facet normal 0.6593458151000658 0.7518398074789802 0
    outer loop
      vertex 4.799924356639972 7.58764365866508 1.4
      vertex 4.68682720163547 7.68682720163547 5
      vertex 4.799924356639972 7.58764365866508 5
    endloop
  endfacet
  facet normal 0.5555702330196042 0.8314696123025438 0
    outer loop
      vertex 4.925 7.504070785647896 1.4
      vertex 4.799924356639972 7.58764365866508 5
      vertex 4.925 7.504070785647896 5
    endloop
  endfacet
  facet normal 0.32143946530316087 0.9469301294951058 0
    outer loop
      vertex 5.202358098132101 7.389185299767572 1.4
      vertex 5.0599140527801465 7.437538537612021 5
      vertex 5.202358098132101 7.389185299767572 5
    endloop
  endfacet
  facet normal 0.19509032201613036 0.98078528040323 0
    outer loop
      vertex 5.349894878946941 7.359838409420118 1.4
      vertex 5.202358098132101 7.389185299767572 5
      vertex 5.349894878946941 7.359838409420118 5
    endloop
  endfacet
  facet normal 0.4422886902189997 0.896872741532689 0
    outer loop
      vertex 5.0599140527801465 7.437538537612021 1.4
      vertex 4.925 7.504070785647896 5
      vertex 5.0599140527801465 7.437538537612021 5
    endloop
  endfacet
  facet normal 0.9978589232386031 0.06540312923014623 0
    outer loop
      vertex 4.359838409420118 8.349894878946941 1.4
      vertex 4.35 8.5 5
      vertex 4.359838409420118 8.349894878946941 5
    endloop
  endfacet
  facet normal 0.9807852804032299 0.19509032201613147 0
    outer loop
      vertex 4.389185299767572 8.202358098132102 1.4
      vertex 4.359838409420118 8.349894878946941 5
      vertex 4.389185299767572 8.202358098132102 5
    endloop
  endfacet
  facet normal 0.9978589232386031 -0.06540312923014623 0
    outer loop
      vertex 4.35 8.5 1.4
      vertex 4.359838409420118 8.650105121053059 5
      vertex 4.35 8.5 5
    endloop
  endfacet
  facet normal 0.9807852804032299 -0.19509032201613147 0
    outer loop
      vertex 4.359838409420118 8.650105121053059 1.4
      vertex 4.389185299767572 8.797641901867898 5
      vertex 4.359838409420118 8.650105121053059 5
    endloop
  endfacet
  facet normal 0.9469301294951058 -0.32143946530316087 0
    outer loop
      vertex 4.389185299767572 8.797641901867898 1.4
      vertex 4.437538537612021 8.940085947219853 5
      vertex 4.389185299767572 8.797641901867898 5
    endloop
  endfacet
  facet normal 0.896872741532689 -0.4422886902189997 0
    outer loop
      vertex 4.437538537612021 8.940085947219853 1.4
      vertex 4.504070785647896 9.075 5
      vertex 4.437538537612021 8.940085947219853 5
    endloop
  endfacet
  facet normal 0.8314696123025457 -0.5555702330196015 0
    outer loop
      vertex 4.504070785647896 9.075 1.4
      vertex 4.58764365866508 9.200075643360028 5
      vertex 4.504070785647896 9.075 5
    endloop
  endfacet
  facet normal 0.7518398074789802 -0.6593458151000658 0
    outer loop
      vertex 4.58764365866508 9.200075643360028 1.4
      vertex 4.68682720163547 9.31317279836453 5
      vertex 4.58764365866508 9.200075643360028 5
    endloop
  endfacet
  facet normal 0.6593458151000658 -0.7518398074789802 0
    outer loop
      vertex 4.68682720163547 9.31317279836453 1.4
      vertex 4.799924356639972 9.41235634133492 5
      vertex 4.68682720163547 9.31317279836453 5
    endloop
  endfacet
  facet normal 0.5555702330196042 -0.8314696123025438 0
    outer loop
      vertex 4.799924356639972 9.41235634133492 1.4
      vertex 4.925 9.495929214352104 5
      vertex 4.799924356639972 9.41235634133492 5
    endloop
  endfacet
  facet normal 0.4422886902189997 -0.896872741532689 0
    outer loop
      vertex 4.925 9.495929214352104 1.4
      vertex 5.0599140527801465 9.56246146238798 5
      vertex 4.925 9.495929214352104 5
    endloop
  endfacet
  facet normal 0.32143946530316087 -0.9469301294951058 0
    outer loop
      vertex 5.0599140527801465 9.56246146238798 1.4
      vertex 5.202358098132101 9.610814700232428 5
      vertex 5.0599140527801465 9.56246146238798 5
    endloop
  endfacet
  facet normal 0.19509032201613602 -0.9807852804032289 0
    outer loop
      vertex 5.202358098132101 9.610814700232428 1.4
      vertex 5.349894878946941 9.640161590579883 5
      vertex 5.202358098132101 9.610814700232428 5
    endloop
  endfacet
  facet normal 0.06540312923014036 -0.9978589232386038 0
    outer loop
      vertex 5.349894878946941 9.640161590579883 1.4
      vertex 5.5 9.65 5
      vertex 5.349894878946941 9.640161590579883 5
    endloop
  endfacet
  facet normal 0.06540312923014623 0.9978589232386031 0
    outer loop
      vertex 5.5 7.35 1.4
      vertex 5.349894878946941 7.359838409420118 5
      vertex 5.5 7.35 5
    endloop
  endfacet
  facet normal -0.06540312923014623 0.9978589232386031 0
    outer loop
      vertex 5.650105121053059 7.359838409420118 1.4
      vertex 5.5 7.35 5
      vertex 5.650105121053059 7.359838409420118 5
    endloop
  endfacet
  facet normal -0.19509032201613036 0.98078528040323 0
    outer loop
      vertex 5.797641901867899 7.389185299767572 1.4
      vertex 5.650105121053059 7.359838409420118 5
      vertex 5.797641901867899 7.389185299767572 5
    endloop
  endfacet
  facet normal -0.32143946530316087 0.9469301294951058 0
    outer loop
      vertex 5.9400859472198535 7.437538537612021 1.4
      vertex 5.797641901867899 7.389185299767572 5
      vertex 5.9400859472198535 7.437538537612021 5
    endloop
  endfacet
  facet normal -0.4422886902189997 0.896872741532689 0
    outer loop
      vertex 6.075 7.504070785647896 1.4
      vertex 5.9400859472198535 7.437538537612021 5
      vertex 6.075 7.504070785647896 5
    endloop
  endfacet
  facet normal -0.5555702330196042 0.8314696123025438 0
    outer loop
      vertex 6.200075643360028 7.58764365866508 1.4
      vertex 6.075 7.504070785647896 5
      vertex 6.200075643360028 7.58764365866508 5
    endloop
  endfacet
  facet normal -0.6593458151000658 0.7518398074789802 0
    outer loop
      vertex 6.31317279836453 7.68682720163547 1.4
      vertex 6.200075643360028 7.58764365866508 5
      vertex 6.31317279836453 7.68682720163547 5
    endloop
  endfacet
  facet normal -0.7518398074789802 0.6593458151000658 0
    outer loop
      vertex 6.41235634133492 7.799924356639972 1.4
      vertex 6.31317279836453 7.68682720163547 5
      vertex 6.41235634133492 7.799924356639972 5
    endloop
  endfacet
  facet normal -0.8314696123025438 0.5555702330196042 0
    outer loop
      vertex 6.495929214352104 7.925 1.4
      vertex 6.41235634133492 7.799924356639972 5
      vertex 6.495929214352104 7.925 5
    endloop
  endfacet
  facet normal -0.8968727415326901 0.4422886902189973 0
    outer loop
      vertex 6.562461462387979 8.059914052780147 1.4
      vertex 6.495929214352104 7.925 5
      vertex 6.562461462387979 8.059914052780147 5
    endloop
  endfacet
  facet normal -0.9469301294951058 0.32143946530316087 0
    outer loop
      vertex 6.610814700232428 8.202358098132102 1.4
      vertex 6.562461462387979 8.059914052780147 5
      vertex 6.610814700232428 8.202358098132102 5
    endloop
  endfacet
  facet normal -0.06540312923014036 -0.9978589232386038 0
    outer loop
      vertex 5.5 9.65 1.4
      vertex 5.650105121053059 9.640161590579883 5
      vertex 5.5 9.65 5
    endloop
  endfacet
  facet normal -0.19509032201613602 -0.9807852804032289 0
    outer loop
      vertex 5.650105121053059 9.640161590579883 1.4
      vertex 5.797641901867899 9.610814700232428 5
      vertex 5.650105121053059 9.640161590579883 5
    endloop
  endfacet
  facet normal -0.32143946530316087 -0.9469301294951058 0
    outer loop
      vertex 5.797641901867899 9.610814700232428 1.4
      vertex 5.9400859472198535 9.56246146238798 5
      vertex 5.797641901867899 9.610814700232428 5
    endloop
  endfacet
  facet normal -0.5555702330196042 -0.8314696123025438 0
    outer loop
      vertex 6.075 9.495929214352104 1.4
      vertex 6.200075643360028 9.41235634133492 5
      vertex 6.075 9.495929214352104 5
    endloop
  endfacet
  facet normal -0.4422886902189997 -0.896872741532689 0
    outer loop
      vertex 5.9400859472198535 9.56246146238798 1.4
      vertex 6.075 9.495929214352104 5
      vertex 5.9400859472198535 9.56246146238798 5
    endloop
  endfacet
  facet normal -0.6593458151000658 -0.7518398074789802 0
    outer loop
      vertex 6.200075643360028 9.41235634133492 1.4
      vertex 6.31317279836453 9.31317279836453 5
      vertex 6.200075643360028 9.41235634133492 5
    endloop
  endfacet
  facet normal -0.896872741532689 -0.4422886902189997 0
    outer loop
      vertex 6.495929214352104 9.075 1.4
      vertex 6.562461462387979 8.940085947219853 5
      vertex 6.495929214352104 9.075 5
    endloop
  endfacet
  facet normal -0.9807852804032299 0.19509032201613147 0
    outer loop
      vertex 6.640161590579882 8.349894878946941 1.4
      vertex 6.610814700232428 8.202358098132102 5
      vertex 6.640161590579882 8.349894878946941 5
    endloop
  endfacet
  facet normal -0.9978589232386031 0.06540312923014623 0
    outer loop
      vertex 6.65 8.5 1.4
      vertex 6.640161590579882 8.349894878946941 5
      vertex 6.65 8.5 5
    endloop
  endfacet
  facet normal -0.9978589232386031 -0.06540312923014623 0
    outer loop
      vertex 6.640161590579882 8.650105121053059 1.4
      vertex 6.65 8.5 5
      vertex 6.640161590579882 8.650105121053059 5
    endloop
  endfacet
  facet normal -0.9807852804032299 -0.19509032201613147 0
    outer loop
      vertex 6.610814700232428 8.797641901867898 1.4
      vertex 6.640161590579882 8.650105121053059 5
      vertex 6.610814700232428 8.797641901867898 5
    endloop
  endfacet
  facet normal -0.9469301294951058 -0.32143946530316087 0
    outer loop
      vertex 6.562461462387979 8.940085947219853 1.4
      vertex 6.610814700232428 8.797641901867898 5
      vertex 6.562461462387979 8.940085947219853 5
    endloop
  endfacet
  facet normal -0.8314696123025457 -0.5555702330196015 0
    outer loop
      vertex 6.41235634133492 9.200075643360028 1.4
      vertex 6.495929214352104 9.075 5
      vertex 6.41235634133492 9.200075643360028 5
    endloop
  endfacet
  facet normal -0.7518398074789802 -0.6593458151000658 0
    outer loop
      vertex 6.31317279836453 9.31317279836453 1.4
      vertex 6.41235634133492 9.200075643360028 5
      vertex 6.31317279836453 9.31317279836453 5
    endloop
  endfacet
  facet normal 0.9469301294951058 0.32143946530316087 0
    outer loop
      vertex 22.389185299767572 8.202358098132102 1.4
      vertex 22.389185299767572 8.202358098132102 5
      vertex 22.43753853761202 8.059914052780147 1.4
    endloop
  endfacet
  facet normal 0.7518398074789802 0.6593458151000658 0
    outer loop
      vertex 22.58764365866508 7.799924356639972 1.4
      vertex 22.58764365866508 7.799924356639972 5
      vertex 22.68682720163547 7.68682720163547 1.4
    endloop
  endfacet
  facet normal 0.8968727415326856 0.44228869021900685 0
    outer loop
      vertex 22.504070785647897 7.925 1.4
      vertex 22.43753853761202 8.059914052780147 1.4
      vertex 22.43753853761202 8.059914052780147 5
    endloop
  endfacet
  facet normal 0.8314696123025492 0.5555702330195961 0
    outer loop
      vertex 22.504070785647897 7.925 1.4
      vertex 22.504070785647897 7.925 5
      vertex 22.58764365866508 7.799924356639972 1.4
    endloop
  endfacet
  facet normal 0.32143946530316087 0.9469301294951058 0
    outer loop
      vertex 23.059914052780147 7.437538537612021 1.4
      vertex 23.059914052780147 7.437538537612021 5
      vertex 23.202358098132102 7.389185299767572 1.4
    endloop
  endfacet
  facet normal 0.6593458151000716 0.7518398074789748 0
    outer loop
      vertex 22.68682720163547 7.68682720163547 1.4
      vertex 22.68682720163547 7.68682720163547 5
      vertex 22.79992435663997 7.58764365866508 1.4
    endloop
  endfacet
  facet normal 0.555570233019596 0.8314696123025492 0
    outer loop
      vertex 22.79992435663997 7.58764365866508 1.4
      vertex 22.79992435663997 7.58764365866508 5
      vertex 22.925 7.504070785647896 1.4
    endloop
  endfacet
  facet normal 0.4422886902189997 0.896872741532689 0
    outer loop
      vertex 22.925 7.504070785647896 1.4
      vertex 22.925 7.504070785647896 5
      vertex 23.059914052780147 7.437538537612021 1.4
    endloop
  endfacet
  facet normal 0.19509032201613147 0.9807852804032299 0
    outer loop
      vertex 23.202358098132102 7.389185299767572 1.4
      vertex 23.202358098132102 7.389185299767572 5
      vertex 23.34989487894694 7.359838409420118 1.4
    endloop
  endfacet
  facet normal 0.06540312923014623 0.9978589232386031 0
    outer loop
      vertex 23.34989487894694 7.359838409420118 1.4
      vertex 23.34989487894694 7.359838409420118 5
      vertex 23.5 7.35 1.4
    endloop
  endfacet
  facet normal -0.06540312923014623 0.9978589232386031 0
    outer loop
      vertex 23.5 7.35 1.4
      vertex 23.5 7.35 5
      vertex 23.65010512105306 7.359838409420118 1.4
    endloop
  endfacet
  facet normal 0.9807852804032288 0.19509032201613713 0
    outer loop
      vertex 22.359838409420117 8.349894878946941 1.4
      vertex 22.359838409420117 8.349894878946941 5
      vertex 22.389185299767572 8.202358098132102 1.4
    endloop
  endfacet
  facet normal 0.9978589232386044 0.0654031292301286 0
    outer loop
      vertex 22.359838409420117 8.349894878946941 1.4
      vertex 22.35 8.5 1.4
      vertex 22.35 8.5 5
    endloop
  endfacet
  facet normal 0.9978589232386044 -0.0654031292301286 0
    outer loop
      vertex 22.35 8.5 1.4
      vertex 22.359838409420117 8.650105121053059 1.4
      vertex 22.359838409420117 8.650105121053059 5
    endloop
  endfacet
  facet normal 0.9807852804032288 -0.19509032201613713 0
    outer loop
      vertex 22.359838409420117 8.650105121053059 1.4
      vertex 22.389185299767572 8.797641901867898 1.4
      vertex 22.389185299767572 8.797641901867898 5
    endloop
  endfacet
  facet normal 0.9469301294951058 -0.32143946530316087 0
    outer loop
      vertex 22.389185299767572 8.797641901867898 1.4
      vertex 22.43753853761202 8.940085947219853 1.4
      vertex 22.43753853761202 8.940085947219853 5
    endloop
  endfacet
  facet normal 0.8968727415326845 -0.4422886902190092 0
    outer loop
      vertex 22.43753853761202 8.940085947219853 1.4
      vertex 22.504070785647897 9.075 1.4
      vertex 22.504070785647897 9.075 5
    endloop
  endfacet
  facet normal 0.8314696123025511 -0.5555702330195933 0
    outer loop
      vertex 22.504070785647897 9.075 1.4
      vertex 22.58764365866508 9.200075643360028 1.4
      vertex 22.58764365866508 9.200075643360028 5
    endloop
  endfacet
  facet normal 0.7518398074789802 -0.6593458151000658 0
    outer loop
      vertex 22.58764365866508 9.200075643360028 1.4
      vertex 22.68682720163547 9.31317279836453 1.4
      vertex 22.68682720163547 9.31317279836453 5
    endloop
  endfacet
  facet normal 0.6593458151000716 -0.7518398074789748 0
    outer loop
      vertex 22.68682720163547 9.31317279836453 1.4
      vertex 22.79992435663997 9.41235634133492 1.4
      vertex 22.79992435663997 9.41235634133492 5
    endloop
  endfacet
  facet normal 0.555570233019596 -0.8314696123025492 0
    outer loop
      vertex 22.79992435663997 9.41235634133492 1.4
      vertex 22.925 9.495929214352104 1.4
      vertex 22.925 9.495929214352104 5
    endloop
  endfacet
  facet normal 0.4422886902189997 -0.896872741532689 0
    outer loop
      vertex 22.925 9.495929214352104 1.4
      vertex 23.059914052780147 9.56246146238798 1.4
      vertex 23.059914052780147 9.56246146238798 5
    endloop
  endfacet
  facet normal 0.32143946530316087 -0.9469301294951058 0
    outer loop
      vertex 23.059914052780147 9.56246146238798 1.4
      vertex 23.202358098132102 9.610814700232428 1.4
      vertex 23.202358098132102 9.610814700232428 5
    endloop
  endfacet
  facet normal 0.19509032201613713 -0.9807852804032288 0
    outer loop
      vertex 23.202358098132102 9.610814700232428 1.4
      vertex 23.34989487894694 9.640161590579883 1.4
      vertex 23.34989487894694 9.640161590579883 5
    endloop
  endfacet
  facet normal 0.06540312923014036 -0.9978589232386038 0
    outer loop
      vertex 23.34989487894694 9.640161590579883 1.4
      vertex 23.5 9.65 1.4
      vertex 23.5 9.65 5
    endloop
  endfacet
  facet normal -0.19509032201613147 0.9807852804032299 0
    outer loop
      vertex 23.65010512105306 7.359838409420118 1.4
      vertex 23.65010512105306 7.359838409420118 5
      vertex 23.797641901867898 7.389185299767572 1.4
    endloop
  endfacet
  facet normal -0.32143946530316087 0.9469301294951058 0
    outer loop
      vertex 23.797641901867898 7.389185299767572 1.4
      vertex 23.797641901867898 7.389185299767572 5
      vertex 23.940085947219853 7.437538537612021 1.4
    endloop
  endfacet
  facet normal -0.4422886902189997 0.896872741532689 0
    outer loop
      vertex 23.940085947219853 7.437538537612021 1.4
      vertex 23.940085947219853 7.437538537612021 5
      vertex 24.075 7.504070785647896 1.4
    endloop
  endfacet
  facet normal -0.555570233019596 0.8314696123025492 0
    outer loop
      vertex 24.075 7.504070785647896 1.4
      vertex 24.075 7.504070785647896 5
      vertex 24.20007564336003 7.58764365866508 1.4
    endloop
  endfacet
  facet normal -0.6593458151000716 0.7518398074789748 0
    outer loop
      vertex 24.20007564336003 7.58764365866508 1.4
      vertex 24.20007564336003 7.58764365866508 5
      vertex 24.31317279836453 7.68682720163547 1.4
    endloop
  endfacet
  facet normal -0.7518398074789802 0.6593458151000658 0
    outer loop
      vertex 24.31317279836453 7.68682720163547 1.4
      vertex 24.31317279836453 7.68682720163547 5
      vertex 24.41235634133492 7.799924356639972 1.4
    endloop
  endfacet
  facet normal -0.8314696123025492 0.5555702330195961 0
    outer loop
      vertex 24.41235634133492 7.799924356639972 1.4
      vertex 24.41235634133492 7.799924356639972 5
      vertex 24.495929214352103 7.925 1.4
    endloop
  endfacet
  facet normal -0.8968727415326856 0.44228869021900685 0
    outer loop
      vertex 24.495929214352103 7.925 1.4
      vertex 24.495929214352103 7.925 5
      vertex 24.56246146238798 8.059914052780147 1.4
    endloop
  endfacet
  facet normal -0.9469301294951058 0.32143946530316087 0
    outer loop
      vertex 24.56246146238798 8.059914052780147 1.4
      vertex 24.56246146238798 8.059914052780147 5
      vertex 24.610814700232428 8.202358098132102 1.4
    endloop
  endfacet
  facet normal -0.06540312923014036 -0.9978589232386038 0
    outer loop
      vertex 23.5 9.65 1.4
      vertex 23.65010512105306 9.640161590579883 1.4
      vertex 23.65010512105306 9.640161590579883 5
    endloop
  endfacet
  facet normal -0.19509032201613713 -0.9807852804032288 0
    outer loop
      vertex 23.65010512105306 9.640161590579883 1.4
      vertex 23.797641901867898 9.610814700232428 1.4
      vertex 23.797641901867898 9.610814700232428 5
    endloop
  endfacet
  facet normal -0.32143946530316087 -0.9469301294951058 0
    outer loop
      vertex 23.940085947219853 9.56246146238798 1.4
      vertex 23.940085947219853 9.56246146238798 5
      vertex 23.797641901867898 9.610814700232428 1.4
    endloop
  endfacet
  facet normal -0.555570233019596 -0.8314696123025492 0
    outer loop
      vertex 24.075 9.495929214352104 1.4
      vertex 24.20007564336003 9.41235634133492 1.4
      vertex 24.20007564336003 9.41235634133492 5
    endloop
  endfacet
  facet normal -0.4422886902189997 -0.896872741532689 0
    outer loop
      vertex 23.940085947219853 9.56246146238798 1.4
      vertex 24.075 9.495929214352104 1.4
      vertex 24.075 9.495929214352104 5
    endloop
  endfacet
  facet normal -0.6593458151000716 -0.7518398074789748 0
    outer loop
      vertex 24.20007564336003 9.41235634133492 1.4
      vertex 24.31317279836453 9.31317279836453 1.4
      vertex 24.31317279836453 9.31317279836453 5
    endloop
  endfacet
  facet normal -0.7518398074789802 -0.6593458151000658 0
    outer loop
      vertex 24.31317279836453 9.31317279836453 1.4
      vertex 24.41235634133492 9.200075643360028 1.4
      vertex 24.41235634133492 9.200075643360028 5
    endloop
  endfacet
  facet normal -0.8314696123025511 -0.5555702330195933 0
    outer loop
      vertex 24.41235634133492 9.200075643360028 1.4
      vertex 24.495929214352103 9.075 1.4
      vertex 24.495929214352103 9.075 5
    endloop
  endfacet
  facet normal -0.9807852804032288 0.19509032201613713 0
    outer loop
      vertex 24.610814700232428 8.202358098132102 1.4
      vertex 24.610814700232428 8.202358098132102 5
      vertex 24.640161590579883 8.349894878946941 1.4
    endloop
  endfacet
  facet normal -0.9978589232386044 0.0654031292301286 0
    outer loop
      vertex 24.640161590579883 8.349894878946941 1.4
      vertex 24.640161590579883 8.349894878946941 5
      vertex 24.65 8.5 1.4
    endloop
  endfacet
  facet normal -0.9978589232386044 -0.0654031292301286 0
    outer loop
      vertex 24.65 8.5 1.4
      vertex 24.65 8.5 5
      vertex 24.640161590579883 8.650105121053059 1.4
    endloop
  endfacet
  facet normal -0.8968727415326845 -0.4422886902190092 0
    outer loop
      vertex 24.56246146238798 8.940085947219853 1.4
      vertex 24.56246146238798 8.940085947219853 5
      vertex 24.495929214352103 9.075 1.4
    endloop
  endfacet
  facet normal -0.9807852804032288 -0.19509032201613713 0
    outer loop
      vertex 24.610814700232428 8.797641901867898 1.4
      vertex 24.640161590579883 8.650105121053059 1.4
      vertex 24.640161590579883 8.650105121053059 5
    endloop
  endfacet
  facet normal -0.9469301294951058 -0.32143946530316087 0
    outer loop
      vertex 24.610814700232428 8.797641901867898 1.4
      vertex 24.610814700232428 8.797641901867898 5
      vertex 24.56246146238798 8.940085947219853 1.4
    endloop
  endfacet
  facet normal 0.9469301294951058 0.32143946530316087 0
    outer loop
      vertex 22.43753853761202 8.059914052780147 1.4
      vertex 22.389185299767572 8.202358098132102 5
      vertex 22.43753853761202 8.059914052780147 5
    endloop
  endfacet
  facet normal 0.8314696123025492 0.5555702330195961 0
    outer loop
      vertex 22.58764365866508 7.799924356639972 1.4
      vertex 22.504070785647897 7.925 5
      vertex 22.58764365866508 7.799924356639972 5
    endloop
  endfacet
  facet normal 0.7518398074789802 0.6593458151000658 0
    outer loop
      vertex 22.68682720163547 7.68682720163547 1.4
      vertex 22.58764365866508 7.799924356639972 5
      vertex 22.68682720163547 7.68682720163547 5
    endloop
  endfacet
  facet normal 0.8968727415326856 0.44228869021900685 0
    outer loop
      vertex 22.504070785647897 7.925 1.4
      vertex 22.43753853761202 8.059914052780147 5
      vertex 22.504070785647897 7.925 5
    endloop
  endfacet
  facet normal 0.6593458151000716 0.7518398074789748 0
    outer loop
      vertex 22.79992435663997 7.58764365866508 1.4
      vertex 22.68682720163547 7.68682720163547 5
      vertex 22.79992435663997 7.58764365866508 5
    endloop
  endfacet
  facet normal 0.555570233019596 0.8314696123025492 0
    outer loop
      vertex 22.925 7.504070785647896 1.4
      vertex 22.79992435663997 7.58764365866508 5
      vertex 22.925 7.504070785647896 5
    endloop
  endfacet
  facet normal 0.4422886902189997 0.896872741532689 0
    outer loop
      vertex 23.059914052780147 7.437538537612021 1.4
      vertex 22.925 7.504070785647896 5
      vertex 23.059914052780147 7.437538537612021 5
    endloop
  endfacet
  facet normal 0.32143946530316087 0.9469301294951058 0
    outer loop
      vertex 23.202358098132102 7.389185299767572 1.4
      vertex 23.059914052780147 7.437538537612021 5
      vertex 23.202358098132102 7.389185299767572 5
    endloop
  endfacet
  facet normal 0.19509032201613147 0.9807852804032299 0
    outer loop
      vertex 23.34989487894694 7.359838409420118 1.4
      vertex 23.202358098132102 7.389185299767572 5
      vertex 23.34989487894694 7.359838409420118 5
    endloop
  endfacet
  facet normal 0.06540312923014623 0.9978589232386031 0
    outer loop
      vertex 23.5 7.35 1.4
      vertex 23.34989487894694 7.359838409420118 5
      vertex 23.5 7.35 5
    endloop
  endfacet
  facet normal 0.9978589232386044 0.0654031292301286 0
    outer loop
      vertex 22.359838409420117 8.349894878946941 1.4
      vertex 22.35 8.5 5
      vertex 22.359838409420117 8.349894878946941 5
    endloop
  endfacet
  facet normal 0.9807852804032288 0.19509032201613713 0
    outer loop
      vertex 22.389185299767572 8.202358098132102 1.4
      vertex 22.359838409420117 8.349894878946941 5
      vertex 22.389185299767572 8.202358098132102 5
    endloop
  endfacet
  facet normal 0.9978589232386044 -0.0654031292301286 0
    outer loop
      vertex 22.35 8.5 1.4
      vertex 22.359838409420117 8.650105121053059 5
      vertex 22.35 8.5 5
    endloop
  endfacet
  facet normal 0.9807852804032288 -0.19509032201613713 0
    outer loop
      vertex 22.359838409420117 8.650105121053059 1.4
      vertex 22.389185299767572 8.797641901867898 5
      vertex 22.359838409420117 8.650105121053059 5
    endloop
  endfacet
  facet normal 0.9469301294951058 -0.32143946530316087 0
    outer loop
      vertex 22.389185299767572 8.797641901867898 1.4
      vertex 22.43753853761202 8.940085947219853 5
      vertex 22.389185299767572 8.797641901867898 5
    endloop
  endfacet
  facet normal 0.8968727415326845 -0.4422886902190092 0
    outer loop
      vertex 22.43753853761202 8.940085947219853 1.4
      vertex 22.504070785647897 9.075 5
      vertex 22.43753853761202 8.940085947219853 5
    endloop
  endfacet
  facet normal 0.8314696123025511 -0.5555702330195933 0
    outer loop
      vertex 22.504070785647897 9.075 1.4
      vertex 22.58764365866508 9.200075643360028 5
      vertex 22.504070785647897 9.075 5
    endloop
  endfacet
  facet normal 0.7518398074789802 -0.6593458151000658 0
    outer loop
      vertex 22.58764365866508 9.200075643360028 1.4
      vertex 22.68682720163547 9.31317279836453 5
      vertex 22.58764365866508 9.200075643360028 5
    endloop
  endfacet
  facet normal 0.6593458151000716 -0.7518398074789748 0
    outer loop
      vertex 22.68682720163547 9.31317279836453 1.4
      vertex 22.79992435663997 9.41235634133492 5
      vertex 22.68682720163547 9.31317279836453 5
    endloop
  endfacet
  facet normal 0.555570233019596 -0.8314696123025492 0
    outer loop
      vertex 22.79992435663997 9.41235634133492 1.4
      vertex 22.925 9.495929214352104 5
      vertex 22.79992435663997 9.41235634133492 5
    endloop
  endfacet
  facet normal 0.4422886902189997 -0.896872741532689 0
    outer loop
      vertex 22.925 9.495929214352104 1.4
      vertex 23.059914052780147 9.56246146238798 5
      vertex 22.925 9.495929214352104 5
    endloop
  endfacet
  facet normal 0.32143946530316087 -0.9469301294951058 0
    outer loop
      vertex 23.059914052780147 9.56246146238798 1.4
      vertex 23.202358098132102 9.610814700232428 5
      vertex 23.059914052780147 9.56246146238798 5
    endloop
  endfacet
  facet normal 0.19509032201613713 -0.9807852804032288 0
    outer loop
      vertex 23.202358098132102 9.610814700232428 1.4
      vertex 23.34989487894694 9.640161590579883 5
      vertex 23.202358098132102 9.610814700232428 5
    endloop
  endfacet
  facet normal 0.06540312923014036 -0.9978589232386038 0
    outer loop
      vertex 23.34989487894694 9.640161590579883 1.4
      vertex 23.5 9.65 5
      vertex 23.34989487894694 9.640161590579883 5
    endloop
  endfacet
  facet normal -0.06540312923014036 -0.9978589232386038 0
    outer loop
      vertex 23.5 9.65 1.4
      vertex 23.65010512105306 9.640161590579883 5
      vertex 23.5 9.65 5
    endloop
  endfacet
  facet normal -0.06540312923014623 0.9978589232386031 0
    outer loop
      vertex 23.65010512105306 7.359838409420118 1.4
      vertex 23.5 7.35 5
      vertex 23.65010512105306 7.359838409420118 5
    endloop
  endfacet
  facet normal -0.19509032201613147 0.9807852804032299 0
    outer loop
      vertex 23.797641901867898 7.389185299767572 1.4
      vertex 23.65010512105306 7.359838409420118 5
      vertex 23.797641901867898 7.389185299767572 5
    endloop
  endfacet
  facet normal -0.32143946530316087 0.9469301294951058 0
    outer loop
      vertex 23.940085947219853 7.437538537612021 1.4
      vertex 23.797641901867898 7.389185299767572 5
      vertex 23.940085947219853 7.437538537612021 5
    endloop
  endfacet
  facet normal -0.4422886902189997 0.896872741532689 0
    outer loop
      vertex 24.075 7.504070785647896 1.4
      vertex 23.940085947219853 7.437538537612021 5
      vertex 24.075 7.504070785647896 5
    endloop
  endfacet
  facet normal -0.555570233019596 0.8314696123025492 0
    outer loop
      vertex 24.20007564336003 7.58764365866508 1.4
      vertex 24.075 7.504070785647896 5
      vertex 24.20007564336003 7.58764365866508 5
    endloop
  endfacet
  facet normal -0.6593458151000716 0.7518398074789748 0
    outer loop
      vertex 24.31317279836453 7.68682720163547 1.4
      vertex 24.20007564336003 7.58764365866508 5
      vertex 24.31317279836453 7.68682720163547 5
    endloop
  endfacet
  facet normal -0.7518398074789802 0.6593458151000658 0
    outer loop
      vertex 24.41235634133492 7.799924356639972 1.4
      vertex 24.31317279836453 7.68682720163547 5
      vertex 24.41235634133492 7.799924356639972 5
    endloop
  endfacet
  facet normal -0.8314696123025492 0.5555702330195961 0
    outer loop
      vertex 24.495929214352103 7.925 1.4
      vertex 24.41235634133492 7.799924356639972 5
      vertex 24.495929214352103 7.925 5
    endloop
  endfacet
  facet normal -0.8968727415326856 0.44228869021900685 0
    outer loop
      vertex 24.56246146238798 8.059914052780147 1.4
      vertex 24.495929214352103 7.925 5
      vertex 24.56246146238798 8.059914052780147 5
    endloop
  endfacet
  facet normal -0.9469301294951058 0.32143946530316087 0
    outer loop
      vertex 24.610814700232428 8.202358098132102 1.4
      vertex 24.56246146238798 8.059914052780147 5
      vertex 24.610814700232428 8.202358098132102 5
    endloop
  endfacet
  facet normal -0.19509032201613713 -0.9807852804032288 0
    outer loop
      vertex 23.65010512105306 9.640161590579883 1.4
      vertex 23.797641901867898 9.610814700232428 5
      vertex 23.65010512105306 9.640161590579883 5
    endloop
  endfacet
  facet normal -0.32143946530316087 -0.9469301294951058 0
    outer loop
      vertex 23.797641901867898 9.610814700232428 1.4
      vertex 23.940085947219853 9.56246146238798 5
      vertex 23.797641901867898 9.610814700232428 5
    endloop
  endfacet
  facet normal -0.4422886902189997 -0.896872741532689 0
    outer loop
      vertex 23.940085947219853 9.56246146238798 1.4
      vertex 24.075 9.495929214352104 5
      vertex 23.940085947219853 9.56246146238798 5
    endloop
  endfacet
  facet normal -0.555570233019596 -0.8314696123025492 0
    outer loop
      vertex 24.075 9.495929214352104 1.4
      vertex 24.20007564336003 9.41235634133492 5
      vertex 24.075 9.495929214352104 5
    endloop
  endfacet
  facet normal -0.6593458151000716 -0.7518398074789748 0
    outer loop
      vertex 24.20007564336003 9.41235634133492 1.4
      vertex 24.31317279836453 9.31317279836453 5
      vertex 24.20007564336003 9.41235634133492 5
    endloop
  endfacet
  facet normal -0.7518398074789802 -0.6593458151000658 0
    outer loop
      vertex 24.31317279836453 9.31317279836453 1.4
      vertex 24.41235634133492 9.200075643360028 5
      vertex 24.31317279836453 9.31317279836453 5
    endloop
  endfacet
  facet normal -0.8314696123025511 -0.5555702330195933 0
    outer loop
      vertex 24.41235634133492 9.200075643360028 1.4
      vertex 24.495929214352103 9.075 5
      vertex 24.41235634133492 9.200075643360028 5
    endloop
  endfacet
  facet normal -0.9807852804032288 0.19509032201613713 0
    outer loop
      vertex 24.640161590579883 8.349894878946941 1.4
      vertex 24.610814700232428 8.202358098132102 5
      vertex 24.640161590579883 8.349894878946941 5
    endloop
  endfacet
  facet normal -0.9978589232386044 0.0654031292301286 0
    outer loop
      vertex 24.65 8.5 1.4
      vertex 24.640161590579883 8.349894878946941 5
      vertex 24.65 8.5 5
    endloop
  endfacet
  facet normal -0.9978589232386044 -0.0654031292301286 0
    outer loop
      vertex 24.640161590579883 8.650105121053059 1.4
      vertex 24.65 8.5 5
      vertex 24.640161590579883 8.650105121053059 5
    endloop
  endfacet
  facet normal -0.8968727415326845 -0.4422886902190092 0
    outer loop
      vertex 24.495929214352103 9.075 1.4
      vertex 24.56246146238798 8.940085947219853 5
      vertex 24.495929214352103 9.075 5
    endloop
  endfacet
  facet normal -0.9469301294951058 -0.32143946530316087 0
    outer loop
      vertex 24.56246146238798 8.940085947219853 1.4
      vertex 24.610814700232428 8.797641901867898 5
      vertex 24.56246146238798 8.940085947219853 5
    endloop
  endfacet
  facet normal -0.9807852804032288 -0.19509032201613713 0
    outer loop
      vertex 24.610814700232428 8.797641901867898 1.4
      vertex 24.640161590579883 8.650105121053059 5
      vertex 24.610814700232428 8.797641901867898 5
    endloop
  endfacet
  facet normal 0.9807852804032309 0.1950903220161261 0
    outer loop
      vertex 3.318821304977617 8.212842377115887 1.4
      vertex 3.3749631821640493 7.930598100774454 0
      vertex 3.318821304977617 8.212842377115887 0
    endloop
  endfacet
  facet normal 0.8968727415326887 0.4422886902190006 0
    outer loop
      vertex 3.467465028475169 7.658096448796803 1.4
      vertex 3.5947441116742347 7.4 0
      vertex 3.467465028475169 7.658096448796803 0
    endloop
  endfacet
  facet normal 0.9469301294951051 0.32143946530316325 0
    outer loop
      vertex 3.3749631821640493 7.930598100774454 1.4
      vertex 3.467465028475169 7.658096448796803 0
      vertex 3.3749631821640493 7.930598100774454 0
    endloop
  endfacet
  facet normal 0.9807852804032309 0.1950903220161261 0
    outer loop
      vertex 3.318821304977617 8.212842377115887 1.4
      vertex 3.3749631821640493 7.930598100774454 1.4
      vertex 3.3749631821640493 7.930598100774454 0
    endloop
  endfacet
  facet normal 0.9469301294951051 0.32143946530316325 0
    outer loop
      vertex 3.467465028475169 7.658096448796803 1.4
      vertex 3.467465028475169 7.658096448796803 0
      vertex 3.3749631821640493 7.930598100774454 1.4
    endloop
  endfacet
  facet normal 0.8968727415326887 0.4422886902190006 0
    outer loop
      vertex 3.467465028475169 7.658096448796803 1.4
      vertex 3.5947441116742347 7.4 1.4
      vertex 3.5947441116742347 7.4 0
    endloop
  endfacet
  facet normal 0 0 -1
    outer loop
      vertex 3.467465028475169 7.658096448796803 1.4
      vertex 3.3749631821640493 7.930598100774454 1.4
      vertex 3.3749631821640493 9.069401899225547 1.4
    endloop
  endfacet
  facet normal 0 0 -1
    outer loop
      vertex 3.467465028475169 7.658096448796803 1.4
      vertex 3.467465028475169 9.341903551203197 1.4
      vertex 3.5947441116742347 7.4 1.4
    endloop
  endfacet
  facet normal 0.9978589232386035 0.06540312923014414 0
    outer loop
      vertex 3.3 8.5 1.4
      vertex 3.318821304977617 8.212842377115887 0
      vertex 3.3 8.5 0
    endloop
  endfacet
  facet normal 0.9978589232386035 -0.06540312923014414 0
    outer loop
      vertex 3.318821304977617 8.787157622884113 1.4
      vertex 3.3 8.5 0
      vertex 3.318821304977617 8.787157622884113 0
    endloop
  endfacet
  facet normal 0.9807852804032311 -0.19509032201612556 0
    outer loop
      vertex 3.3749631821640493 9.069401899225547 1.4
      vertex 3.318821304977617 8.787157622884113 0
      vertex 3.3749631821640493 9.069401899225547 0
    endloop
  endfacet
  facet normal 0.9469301294951049 -0.3214394653031642 0
    outer loop
      vertex 3.467465028475169 9.341903551203197 1.4
      vertex 3.3749631821640493 9.069401899225547 0
      vertex 3.467465028475169 9.341903551203197 0
    endloop
  endfacet
  facet normal 0.8968727415326887 -0.4422886902190006 0
    outer loop
      vertex 3.5947441116742347 9.6 1.4
      vertex 3.467465028475169 9.341903551203197 0
      vertex 3.5947441116742347 9.6 0
    endloop
  endfacet
  facet normal 0.9978589232386035 0.06540312923014414 0
    outer loop
      vertex 3.318821304977617 8.212842377115887 1.4
      vertex 3.318821304977617 8.212842377115887 0
      vertex 3.3 8.5 1.4
    endloop
  endfacet
  facet normal 0.9978589232386035 -0.06540312923014414 0
    outer loop
      vertex 3.3 8.5 1.4
      vertex 3.3 8.5 0
      vertex 3.318821304977617 8.787157622884113 1.4
    endloop
  endfacet
  facet normal 0.9807852804032311 -0.19509032201612556 0
    outer loop
      vertex 3.318821304977617 8.787157622884113 1.4
      vertex 3.318821304977617 8.787157622884113 0
      vertex 3.3749631821640493 9.069401899225547 1.4
    endloop
  endfacet
  facet normal 0.9469301294951049 -0.3214394653031642 0
    outer loop
      vertex 3.3749631821640493 9.069401899225547 1.4
      vertex 3.3749631821640493 9.069401899225547 0
      vertex 3.467465028475169 9.341903551203197 1.4
    endloop
  endfacet
  facet normal 0.8968727415326887 -0.4422886902190006 0
    outer loop
      vertex 3.467465028475169 9.341903551203197 1.4
      vertex 3.467465028475169 9.341903551203197 0
      vertex 3.5947441116742347 9.6 1.4
    endloop
  endfacet
  facet normal 0 0 -1
    outer loop
      vertex 3.318821304977617 8.212842377115887 1.4
      vertex 3.318821304977617 8.787157622884113 1.4
      vertex 3.3749631821640493 7.930598100774454 1.4
    endloop
  endfacet
  facet normal 0 0 -1
    outer loop
      vertex 3.318821304977617 8.212842377115887 1.4
      vertex 3.3 8.5 1.4
      vertex 3.318821304977617 8.787157622884113 1.4
    endloop
  endfacet
  facet normal 0 0 -1
    outer loop
      vertex 3.318821304977617 8.787157622884113 1.4
      vertex 3.3749631821640493 9.069401899225547 1.4
      vertex 3.3749631821640493 7.930598100774454 1.4
    endloop
  endfacet
  facet normal 0 0 -1
    outer loop
      vertex 3.467465028475169 7.658096448796803 1.4
      vertex 3.3749631821640493 9.069401899225547 1.4
      vertex 3.467465028475169 9.341903551203197 1.4
    endloop
  endfacet
  facet normal 0 0 -1
    outer loop
      vertex 3.5947441116742347 7.4 1.4
      vertex 3.467465028475169 9.341903551203197 1.4
      vertex 3.5947441116742347 9.6 1.4
    endloop
  endfacet
  facet normal 0.4422886902189993 0.8968727415326894 0
    outer loop
      vertex 4.4 6.594744111674235 1.4
      vertex 4.658096448796803 6.46746502847517 0
      vertex 4.4 6.594744111674235 0
    endloop
  endfacet
  facet normal 0.8314696123025458 0.5555702330196014 0
    outer loop
      vertex 3.5947441116742347 7.4 1.4
      vertex 3.7546226513592824 7.160724856180814 0
      vertex 3.5947441116742347 7.4 0
    endloop
  endfacet
  facet normal 0.7518398074789783 0.659345815100068 0
    outer loop
      vertex 3.7546226513592824 7.160724856180814 1.4
      vertex 3.944365081389595 6.944365081389595 0
      vertex 3.7546226513592824 7.160724856180814 0
    endloop
  endfacet
  facet normal 0.659345815100068 0.7518398074789783 0
    outer loop
      vertex 3.944365081389595 6.944365081389595 1.4
      vertex 4.160724856180814 6.754622651359282 0
      vertex 3.944365081389595 6.944365081389595 0
    endloop
  endfacet
  facet normal 0.5555702330196014 0.8314696123025458 0
    outer loop
      vertex 4.160724856180814 6.754622651359282 1.4
      vertex 4.4 6.594744111674235 0
      vertex 4.160724856180814 6.754622651359282 0
    endloop
  endfacet
  facet normal 0.8314696123025458 0.5555702330196014 0
    outer loop
      vertex 3.5947441116742347 7.4 1.4
      vertex 3.7546226513592824 7.160724856180814 1.4
      vertex 3.7546226513592824 7.160724856180814 0
    endloop
  endfacet
  facet normal 0.7518398074789783 0.659345815100068 0
    outer loop
      vertex 3.7546226513592824 7.160724856180814 1.4
      vertex 3.944365081389595 6.944365081389595 1.4
      vertex 3.944365081389595 6.944365081389595 0
    endloop
  endfacet
  facet normal 0.659345815100068 0.7518398074789783 0
    outer loop
      vertex 3.944365081389595 6.944365081389595 1.4
      vertex 4.160724856180814 6.754622651359282 1.4
      vertex 4.160724856180814 6.754622651359282 0
    endloop
  endfacet
  facet normal 0.5555702330196014 0.8314696123025458 0
    outer loop
      vertex 4.160724856180814 6.754622651359282 1.4
      vertex 4.4 6.594744111674235 1.4
      vertex 4.4 6.594744111674235 0
    endloop
  endfacet
  facet normal 0.32143946530316464 0.9469301294951046 0
    outer loop
      vertex 4.658096448796803 6.46746502847517 1.4
      vertex 4.930598100774454 6.374963182164049 0
      vertex 4.658096448796803 6.46746502847517 0
    endloop
  endfacet
  facet normal 0.19509032201612672 0.9807852804032308 0
    outer loop
      vertex 4.930598100774454 6.374963182164049 1.4
      vertex 5.212842377115886 6.318821304977617 0
      vertex 4.930598100774454 6.374963182164049 0
    endloop
  endfacet
  facet normal 0.06540312923014394 0.9978589232386035 0
    outer loop
      vertex 5.212842377115886 6.318821304977617 1.4
      vertex 5.5 6.3 0
      vertex 5.212842377115886 6.318821304977617 0
    endloop
  endfacet
  facet normal 0.4422886902189993 0.8968727415326894 0
    outer loop
      vertex 4.4 6.594744111674235 1.4
      vertex 4.658096448796803 6.46746502847517 1.4
      vertex 4.658096448796803 6.46746502847517 0
    endloop
  endfacet
  facet normal 0.32143946530316464 0.9469301294951046 0
    outer loop
      vertex 4.658096448796803 6.46746502847517 1.4
      vertex 4.930598100774454 6.374963182164049 1.4
      vertex 4.930598100774454 6.374963182164049 0
    endloop
  endfacet
  facet normal 0.19509032201612672 0.9807852804032308 0
    outer loop
      vertex 4.930598100774454 6.374963182164049 1.4
      vertex 5.212842377115886 6.318821304977617 1.4
      vertex 5.212842377115886 6.318821304977617 0
    endloop
  endfacet
  facet normal 0.06540312923014394 0.9978589232386035 0
    outer loop
      vertex 5.212842377115886 6.318821304977617 1.4
      vertex 5.5 6.3 1.4
      vertex 5.5 6.3 0
    endloop
  endfacet
  facet normal 0 0 -1
    outer loop
      vertex 3.5947441116742347 7.4 1.4
      vertex 3.5947441116742347 9.6 1.4
      vertex 3.7546226513592824 7.160724856180814 1.4
    endloop
  endfacet
  facet normal 0 0 -1
    outer loop
      vertex 3.7546226513592824 7.160724856180814 1.4
      vertex 3.7546226513592824 9.839275143819185 1.4
      vertex 3.944365081389595 6.944365081389595 1.4
    endloop
  endfacet
  facet normal 0 0 -1
    outer loop
      vertex 3.944365081389595 6.944365081389595 1.4
      vertex 3.944365081389595 10.055634918610405 1.4
      vertex 4.160724856180814 6.754622651359282 1.4
    endloop
  endfacet
  facet normal 0 0 -1
    outer loop
      vertex 4.160724856180814 6.754622651359282 1.4
      vertex 4.160724856180814 10.245377348640718 1.4
      vertex 4.4 6.594744111674235 1.4
    endloop
  endfacet
  facet normal 0 0 -1
    outer loop
      vertex 4.4 6.594744111674235 1.4
      vertex 4.389185299767572 8.202358098132102 1.4
      vertex 4.437538537612021 8.059914052780147 1.4
    endloop
  endfacet
  facet normal 0 0 -1
    outer loop
      vertex 4.4 6.594744111674235 1.4
      vertex 4.359838409420118 8.349894878946941 1.4
      vertex 4.389185299767572 8.202358098132102 1.4
    endloop
  endfacet
  facet normal 0 0 -1
    outer loop
      vertex 4.4 6.594744111674235 1.4
      vertex 4.437538537612021 8.059914052780147 1.4
      vertex 4.504070785647896 7.925 1.4
    endloop
  endfacet
  facet normal 0 0 -1
    outer loop
      vertex 4.4 6.594744111674235 1.4
      vertex 4.504070785647896 7.925 1.4
      vertex 4.58764365866508 7.799924356639972 1.4
    endloop
  endfacet
  facet normal 0 0 -1
    outer loop
      vertex 4.4 6.594744111674235 1.4
      vertex 4.58764365866508 7.799924356639972 1.4
      vertex 4.658096448796803 6.46746502847517 1.4
    endloop
  endfacet
  facet normal 0 0 -1
    outer loop
      vertex 4.658096448796803 6.46746502847517 1.4
      vertex 4.58764365866508 7.799924356639972 1.4
      vertex 4.68682720163547 7.68682720163547 1.4
    endloop
  endfacet
  facet normal 0 0 -1
    outer loop
      vertex 4.658096448796803 6.46746502847517 1.4
      vertex 4.68682720163547 7.68682720163547 1.4
      vertex 4.799924356639972 7.58764365866508 1.4
    endloop
  endfacet
  facet normal 0 0 -1
    outer loop
      vertex 4.658096448796803 6.46746502847517 1.4
      vertex 4.925 7.504070785647896 1.4
      vertex 4.930598100774454 6.374963182164049 1.4
    endloop
  endfacet
  facet normal 0 0 -1
    outer loop
      vertex 4.658096448796803 6.46746502847517 1.4
      vertex 4.799924356639972 7.58764365866508 1.4
      vertex 4.925 7.504070785647896 1.4
    endloop
  endfacet
  facet normal 0 0 -1
    outer loop
      vertex 4.930598100774454 6.374963182164049 1.4
      vertex 4.925 7.504070785647896 1.4
      vertex 5.0599140527801465 7.437538537612021 1.4
    endloop
  endfacet
  facet normal 0 0 -1
    outer loop
      vertex 4.930598100774454 6.374963182164049 1.4
      vertex 5.202358098132101 7.389185299767572 1.4
      vertex 5.212842377115886 6.318821304977617 1.4
    endloop
  endfacet
  facet normal 0 0 -1
    outer loop
      vertex 4.930598100774454 6.374963182164049 1.4
      vertex 5.0599140527801465 7.437538537612021 1.4
      vertex 5.202358098132101 7.389185299767572 1.4
    endloop
  endfacet
  facet normal 0 0 -1
    outer loop
      vertex 5.212842377115886 6.318821304977617 1.4
      vertex 5.202358098132101 7.389185299767572 1.4
      vertex 5.349894878946941 7.359838409420118 1.4
    endloop
  endfacet
  facet normal 0 0 -1
    outer loop
      vertex 5.212842377115886 6.318821304977617 1.4
      vertex 5.5 7.35 1.4
      vertex 5.5 6.3 1.4
    endloop
  endfacet
  facet normal 0 0 -1
    outer loop
      vertex 5.212842377115886 6.318821304977617 1.4
      vertex 5.349894878946941 7.359838409420118 1.4
      vertex 5.5 7.35 1.4
    endloop
  endfacet
  facet normal 0.8314696123025449 -0.5555702330196028 0
    outer loop
      vertex 3.7546226513592824 9.839275143819185 1.4
      vertex 3.5947441116742347 9.6 0
      vertex 3.7546226513592824 9.839275143819185 0
    endloop
  endfacet
  facet normal 0.8314696123025449 -0.5555702330196028 0
    outer loop
      vertex 3.5947441116742347 9.6 1.4
      vertex 3.5947441116742347 9.6 0
      vertex 3.7546226513592824 9.839275143819185 1.4
    endloop
  endfacet
  facet normal 0.7518398074789796 -0.6593458151000664 0
    outer loop
      vertex 3.944365081389595 10.055634918610405 1.4
      vertex 3.7546226513592824 9.839275143819185 0
      vertex 3.944365081389595 10.055634918610405 0
    endloop
  endfacet
  facet normal 0.659345815100068 -0.7518398074789783 0
    outer loop
      vertex 4.160724856180814 10.245377348640718 1.4
      vertex 3.944365081389595 10.055634918610405 0
      vertex 4.160724856180814 10.245377348640718 0
    endloop
  endfacet
  facet normal 0.5555702330196014 -0.8314696123025458 0
    outer loop
      vertex 4.4 10.405255888325765 1.4
      vertex 4.160724856180814 10.245377348640718 0
      vertex 4.4 10.405255888325765 0
    endloop
  endfacet
  facet normal 0.7518398074789796 -0.6593458151000664 0
    outer loop
      vertex 3.7546226513592824 9.839275143819185 1.4
      vertex 3.7546226513592824 9.839275143819185 0
      vertex 3.944365081389595 10.055634918610405 1.4
    endloop
  endfacet
  facet normal 0.659345815100068 -0.7518398074789783 0
    outer loop
      vertex 3.944365081389595 10.055634918610405 1.4
      vertex 3.944365081389595 10.055634918610405 0
      vertex 4.160724856180814 10.245377348640718 1.4
    endloop
  endfacet
  facet normal 0.5555702330196014 -0.8314696123025458 0
    outer loop
      vertex 4.160724856180814 10.245377348640718 1.4
      vertex 4.160724856180814 10.245377348640718 0
      vertex 4.4 10.405255888325765 1.4
    endloop
  endfacet
  facet normal 0.4422886902189993 -0.8968727415326894 0
    outer loop
      vertex 4.4 10.405255888325765 1.4
      vertex 4.4 10.405255888325765 0
      vertex 4.658096448796803 10.53253497152483 1.4
    endloop
  endfacet
  facet normal 0.4422886902189993 -0.8968727415326894 0
    outer loop
      vertex 4.658096448796803 10.53253497152483 1.4
      vertex 4.4 10.405255888325765 0
      vertex 4.658096448796803 10.53253497152483 0
    endloop
  endfacet
  facet normal 0.32143946530316736 -0.9469301294951037 0
    outer loop
      vertex 4.930598100774454 10.625036817835952 1.4
      vertex 4.658096448796803 10.53253497152483 0
      vertex 4.930598100774454 10.625036817835952 0
    endloop
  endfacet
  facet normal 0.19509032201612078 -0.9807852804032319 0
    outer loop
      vertex 5.212842377115886 10.681178695022382 1.4
      vertex 4.930598100774454 10.625036817835952 0
      vertex 5.212842377115886 10.681178695022382 0
    endloop
  endfacet
  facet normal 0.06540312923014394 -0.9978589232386035 0
    outer loop
      vertex 5.5 10.7 1.4
      vertex 5.212842377115886 10.681178695022382 0
      vertex 5.5 10.7 0
    endloop
  endfacet
  facet normal 0.32143946530316736 -0.9469301294951037 0
    outer loop
      vertex 4.658096448796803 10.53253497152483 1.4
      vertex 4.658096448796803 10.53253497152483 0
      vertex 4.930598100774454 10.625036817835952 1.4
    endloop
  endfacet
  facet normal 0.19509032201612078 -0.9807852804032319 0
    outer loop
      vertex 4.930598100774454 10.625036817835952 1.4
      vertex 4.930598100774454 10.625036817835952 0
      vertex 5.212842377115886 10.681178695022382 1.4
    endloop
  endfacet
  facet normal 0.06540312923014394 -0.9978589232386035 0
    outer loop
      vertex 5.212842377115886 10.681178695022382 1.4
      vertex 5.212842377115886 10.681178695022382 0
      vertex 5.5 10.7 1.4
    endloop
  endfacet
  facet normal 0 0 -1
    outer loop
      vertex 3.5947441116742347 9.6 1.4
      vertex 3.7546226513592824 9.839275143819185 1.4
      vertex 3.7546226513592824 7.160724856180814 1.4
    endloop
  endfacet
  facet normal 0 0 -1
    outer loop
      vertex 3.944365081389595 6.944365081389595 1.4
      vertex 3.7546226513592824 9.839275143819185 1.4
      vertex 3.944365081389595 10.055634918610405 1.4
    endloop
  endfacet
  facet normal 0 0 -1
    outer loop
      vertex 4.160724856180814 6.754622651359282 1.4
      vertex 3.944365081389595 10.055634918610405 1.4
      vertex 4.160724856180814 10.245377348640718 1.4
    endloop
  endfacet
  facet normal 0 0 -1
    outer loop
      vertex 4.359838409420118 8.349894878946941 1.4
      vertex 4.160724856180814 10.245377348640718 1.4
      vertex 4.35 8.5 1.4
    endloop
  endfacet
  facet normal 0 0 -1
    outer loop
      vertex 4.4 6.594744111674235 1.4
      vertex 4.160724856180814 10.245377348640718 1.4
      vertex 4.359838409420118 8.349894878946941 1.4
    endloop
  endfacet
  facet normal 0 0 -1
    outer loop
      vertex 4.35 8.5 1.4
      vertex 4.160724856180814 10.245377348640718 1.4
      vertex 4.359838409420118 8.650105121053059 1.4
    endloop
  endfacet
  facet normal 0 0 -1
    outer loop
      vertex 4.359838409420118 8.650105121053059 1.4
      vertex 4.160724856180814 10.245377348640718 1.4
      vertex 4.389185299767572 8.797641901867898 1.4
    endloop
  endfacet
  facet normal 0 0 -1
    outer loop
      vertex 4.389185299767572 8.797641901867898 1.4
      vertex 4.4 10.405255888325765 1.4
      vertex 4.437538537612021 8.940085947219853 1.4
    endloop
  endfacet
  facet normal 0 0 -1
    outer loop
      vertex 4.389185299767572 8.797641901867898 1.4
      vertex 4.160724856180814 10.245377348640718 1.4
      vertex 4.4 10.405255888325765 1.4
    endloop
  endfacet
  facet normal 0 0 -1
    outer loop
      vertex 4.437538537612021 8.940085947219853 1.4
      vertex 4.4 10.405255888325765 1.4
      vertex 4.504070785647896 9.075 1.4
    endloop
  endfacet
  facet normal 0 0 -1
    outer loop
      vertex 4.504070785647896 9.075 1.4
      vertex 4.4 10.405255888325765 1.4
      vertex 4.58764365866508 9.200075643360028 1.4
    endloop
  endfacet
  facet normal 0 0 -1
    outer loop
      vertex 4.58764365866508 9.200075643360028 1.4
      vertex 4.658096448796803 10.53253497152483 1.4
      vertex 4.68682720163547 9.31317279836453 1.4
    endloop
  endfacet
  facet normal 0 0 -1
    outer loop
      vertex 4.68682720163547 9.31317279836453 1.4
      vertex 4.658096448796803 10.53253497152483 1.4
      vertex 4.799924356639972 9.41235634133492 1.4
    endloop
  endfacet
  facet normal 0 0 -1
    outer loop
      vertex 4.799924356639972 9.41235634133492 1.4
      vertex 4.658096448796803 10.53253497152483 1.4
      vertex 4.925 9.495929214352104 1.4
    endloop
  endfacet
  facet normal 0 0 -1
    outer loop
      vertex 4.4 10.405255888325765 1.4
      vertex 4.658096448796803 10.53253497152483 1.4
      vertex 4.58764365866508 9.200075643360028 1.4
    endloop
  endfacet
  facet normal 0 0 -1
    outer loop
      vertex 4.925 9.495929214352104 1.4
      vertex 4.658096448796803 10.53253497152483 1.4
      vertex 4.930598100774454 10.625036817835952 1.4
    endloop
  endfacet
  facet normal 0 0 -1
    outer loop
      vertex 4.925 9.495929214352104 1.4
      vertex 4.930598100774454 10.625036817835952 1.4
      vertex 5.0599140527801465 9.56246146238798 1.4
    endloop
  endfacet
  facet normal 0 0 -1
    outer loop
      vertex 5.0599140527801465 9.56246146238798 1.4
      vertex 4.930598100774454 10.625036817835952 1.4
      vertex 5.202358098132101 9.610814700232428 1.4
    endloop
  endfacet
  facet normal 0 0 -1
    outer loop
      vertex 5.202358098132101 9.610814700232428 1.4
      vertex 4.930598100774454 10.625036817835952 1.4
      vertex 5.212842377115886 10.681178695022382 1.4
    endloop
  endfacet
  facet normal 0 0 -1
    outer loop
      vertex 5.202358098132101 9.610814700232428 1.4
      vertex 5.212842377115886 10.681178695022382 1.4
      vertex 5.349894878946941 9.640161590579883 1.4
    endloop
  endfacet
  facet normal 0 0 -1
    outer loop
      vertex 5.212842377115886 10.681178695022382 1.4
      vertex 5.5 9.65 1.4
      vertex 5.349894878946941 9.640161590579883 1.4
    endloop
  endfacet
  facet normal 0 0 -1
    outer loop
      vertex 5.212842377115886 10.681178695022382 1.4
      vertex 5.5 10.7 1.4
      vertex 5.5 9.65 1.4
    endloop
  endfacet
  facet normal -0.06540312923014394 0.9978589232386035 0
    outer loop
      vertex 5.5 6.3 1.4
      vertex 5.787157622884114 6.318821304977617 0
      vertex 5.5 6.3 0
    endloop
  endfacet
  facet normal -0.19509032201612672 0.9807852804032308 0
    outer loop
      vertex 5.787157622884114 6.318821304977617 1.4
      vertex 6.069401899225546 6.374963182164049 0
      vertex 5.787157622884114 6.318821304977617 0
    endloop
  endfacet
  facet normal -0.32143946530316464 0.9469301294951046 0
    outer loop
      vertex 6.069401899225546 6.374963182164049 1.4
      vertex 6.341903551203197 6.46746502847517 0
      vertex 6.069401899225546 6.374963182164049 0
    endloop
  endfacet
  facet normal -0.06540312923014394 0.9978589232386035 0
    outer loop
      vertex 5.5 6.3 1.4
      vertex 5.787157622884114 6.318821304977617 1.4
      vertex 5.787157622884114 6.318821304977617 0
    endloop
  endfacet
  facet normal -0.19509032201612672 0.9807852804032308 0
    outer loop
      vertex 5.787157622884114 6.318821304977617 1.4
      vertex 6.069401899225546 6.374963182164049 1.4
      vertex 6.069401899225546 6.374963182164049 0
    endloop
  endfacet
  facet normal -0.32143946530316464 0.9469301294951046 0
    outer loop
      vertex 6.069401899225546 6.374963182164049 1.4
      vertex 6.341903551203197 6.46746502847517 1.4
      vertex 6.341903551203197 6.46746502847517 0
    endloop
  endfacet
  facet normal -0.4422886902189993 0.8968727415326894 0
    outer loop
      vertex 6.341903551203197 6.46746502847517 1.4
      vertex 6.6 6.594744111674235 0
      vertex 6.341903551203197 6.46746502847517 0
    endloop
  endfacet
  facet normal -0.4422886902189993 0.8968727415326894 0
    outer loop
      vertex 6.341903551203197 6.46746502847517 1.4
      vertex 6.6 6.594744111674235 1.4
      vertex 6.6 6.594744111674235 0
    endloop
  endfacet
  facet normal -0.5555702330196014 0.8314696123025458 0
    outer loop
      vertex 6.6 6.594744111674235 1.4
      vertex 6.839275143819186 6.754622651359282 0
      vertex 6.6 6.594744111674235 0
    endloop
  endfacet
  facet normal -0.659345815100068 0.7518398074789783 0
    outer loop
      vertex 6.839275143819186 6.754622651359282 1.4
      vertex 7.055634918610405 6.944365081389595 0
      vertex 6.839275143819186 6.754622651359282 0
    endloop
  endfacet
  facet normal -0.7518398074789783 0.659345815100068 0
    outer loop
      vertex 7.055634918610405 6.944365081389595 1.4
      vertex 7.245377348640718 7.160724856180814 0
      vertex 7.055634918610405 6.944365081389595 0
    endloop
  endfacet
  facet normal -0.5555702330196014 0.8314696123025458 0
    outer loop
      vertex 6.6 6.594744111674235 1.4
      vertex 6.839275143819186 6.754622651359282 1.4
      vertex 6.839275143819186 6.754622651359282 0
    endloop
  endfacet
  facet normal -0.659345815100068 0.7518398074789783 0
    outer loop
      vertex 6.839275143819186 6.754622651359282 1.4
      vertex 7.055634918610405 6.944365081389595 1.4
      vertex 7.055634918610405 6.944365081389595 0
    endloop
  endfacet
  facet normal -0.7518398074789783 0.659345815100068 0
    outer loop
      vertex 7.055634918610405 6.944365081389595 1.4
      vertex 7.245377348640718 7.160724856180814 1.4
      vertex 7.245377348640718 7.160724856180814 0
    endloop
  endfacet
  facet normal 0 0 -1
    outer loop
      vertex 5.5 6.3 1.4
      vertex 5.5 7.35 1.4
      vertex 5.787157622884114 6.318821304977617 1.4
    endloop
  endfacet
  facet normal 0 0 -1
    outer loop
      vertex 5.787157622884114 6.318821304977617 1.4
      vertex 5.5 7.35 1.4
      vertex 5.650105121053059 7.359838409420118 1.4
    endloop
  endfacet
  facet normal 0 0 -1
    outer loop
      vertex 5.787157622884114 6.318821304977617 1.4
      vertex 5.650105121053059 7.359838409420118 1.4
      vertex 5.797641901867899 7.389185299767572 1.4
    endloop
  endfacet
  facet normal 0 0 -1
    outer loop
      vertex 5.787157622884114 6.318821304977617 1.4
      vertex 5.797641901867899 7.389185299767572 1.4
      vertex 6.069401899225546 6.374963182164049 1.4
    endloop
  endfacet
  facet normal 0 0 -1
    outer loop
      vertex 5.797641901867899 7.389185299767572 1.4
      vertex 5.9400859472198535 7.437538537612021 1.4
      vertex 6.069401899225546 6.374963182164049 1.4
    endloop
  endfacet
  facet normal 0 0 -1
    outer loop
      vertex 5.9400859472198535 7.437538537612021 1.4
      vertex 6.075 7.504070785647896 1.4
      vertex 6.069401899225546 6.374963182164049 1.4
    endloop
  endfacet
  facet normal 0 0 -1
    outer loop
      vertex 6.069401899225546 6.374963182164049 1.4
      vertex 6.075 7.504070785647896 1.4
      vertex 6.341903551203197 6.46746502847517 1.4
    endloop
  endfacet
  facet normal 0 0 -1
    outer loop
      vertex 6.341903551203197 6.46746502847517 1.4
      vertex 6.075 7.504070785647896 1.4
      vertex 6.200075643360028 7.58764365866508 1.4
    endloop
  endfacet
  facet normal 0 0 -1
    outer loop
      vertex 6.341903551203197 6.46746502847517 1.4
      vertex 6.200075643360028 7.58764365866508 1.4
      vertex 6.31317279836453 7.68682720163547 1.4
    endloop
  endfacet
  facet normal 0 0 -1
    outer loop
      vertex 6.341903551203197 6.46746502847517 1.4
      vertex 6.41235634133492 7.799924356639972 1.4
      vertex 6.6 6.594744111674235 1.4
    endloop
  endfacet
  facet normal 0 0 -1
    outer loop
      vertex 6.341903551203197 6.46746502847517 1.4
      vertex 6.31317279836453 7.68682720163547 1.4
      vertex 6.41235634133492 7.799924356639972 1.4
    endloop
  endfacet
  facet normal 0 0 -1
    outer loop
      vertex 6.6 6.594744111674235 1.4
      vertex 6.610814700232428 8.202358098132102 1.4
      vertex 6.839275143819186 6.754622651359282 1.4
    endloop
  endfacet
  facet normal 0 0 -1
    outer loop
      vertex 6.6 6.594744111674235 1.4
      vertex 6.41235634133492 7.799924356639972 1.4
      vertex 6.495929214352104 7.925 1.4
    endloop
  endfacet
  facet normal 0 0 -1
    outer loop
      vertex 6.6 6.594744111674235 1.4
      vertex 6.495929214352104 7.925 1.4
      vertex 6.562461462387979 8.059914052780147 1.4
    endloop
  endfacet
  facet normal 0 0 -1
    outer loop
      vertex 6.6 6.594744111674235 1.4
      vertex 6.562461462387979 8.059914052780147 1.4
      vertex 6.610814700232428 8.202358098132102 1.4
    endloop
  endfacet
  facet normal 0 0 -1
    outer loop
      vertex 6.610814700232428 8.202358098132102 1.4
      vertex 6.640161590579882 8.349894878946941 1.4
      vertex 6.839275143819186 6.754622651359282 1.4
    endloop
  endfacet
  facet normal 0 0 -1
    outer loop
      vertex 6.640161590579882 8.349894878946941 1.4
      vertex 6.65 8.5 1.4
      vertex 6.839275143819186 6.754622651359282 1.4
    endloop
  endfacet
  facet normal 0 0 -1
    outer loop
      vertex 6.65 8.5 1.4
      vertex 6.640161590579882 8.650105121053059 1.4
      vertex 6.839275143819186 6.754622651359282 1.4
    endloop
  endfacet
  facet normal 0 0 -1
    outer loop
      vertex 6.839275143819186 6.754622651359282 1.4
      vertex 6.839275143819186 10.245377348640718 1.4
      vertex 7.055634918610405 6.944365081389595 1.4
    endloop
  endfacet
  facet normal 0 0 -1
    outer loop
      vertex 7.055634918610405 6.944365081389595 1.4
      vertex 7.055634918610405 10.055634918610405 1.4
      vertex 7.245377348640718 7.160724856180814 1.4
    endloop
  endfacet
  facet normal -0.06540312923014394 -0.9978589232386035 0
    outer loop
      vertex 5.787157622884114 10.681178695022382 1.4
      vertex 5.5 10.7 0
      vertex 5.787157622884114 10.681178695022382 0
    endloop
  endfacet
  facet normal -0.19509032201612078 -0.9807852804032319 0
    outer loop
      vertex 6.069401899225546 10.625036817835952 1.4
      vertex 5.787157622884114 10.681178695022382 0
      vertex 6.069401899225546 10.625036817835952 0
    endloop
  endfacet
  facet normal -0.32143946530316736 -0.9469301294951037 0
    outer loop
      vertex 6.341903551203197 10.53253497152483 1.4
      vertex 6.069401899225546 10.625036817835952 0
      vertex 6.341903551203197 10.53253497152483 0
    endloop
  endfacet
  facet normal -0.19509032201612078 -0.9807852804032319 0
    outer loop
      vertex 5.787157622884114 10.681178695022382 1.4
      vertex 5.787157622884114 10.681178695022382 0
      vertex 6.069401899225546 10.625036817835952 1.4
    endloop
  endfacet
  facet normal -0.06540312923014394 -0.9978589232386035 0
    outer loop
      vertex 5.5 10.7 1.4
      vertex 5.5 10.7 0
      vertex 5.787157622884114 10.681178695022382 1.4
    endloop
  endfacet
  facet normal -0.32143946530316736 -0.9469301294951037 0
    outer loop
      vertex 6.069401899225546 10.625036817835952 1.4
      vertex 6.069401899225546 10.625036817835952 0
      vertex 6.341903551203197 10.53253497152483 1.4
    endloop
  endfacet
  facet normal -0.4422886902189993 -0.8968727415326894 0
    outer loop
      vertex 6.6 10.405255888325765 1.4
      vertex 6.341903551203197 10.53253497152483 0
      vertex 6.6 10.405255888325765 0
    endloop
  endfacet
  facet normal -0.5555702330196014 -0.8314696123025458 0
    outer loop
      vertex 6.839275143819186 10.245377348640718 1.4
      vertex 6.6 10.405255888325765 0
      vertex 6.839275143819186 10.245377348640718 0
    endloop
  endfacet
  facet normal -0.659345815100068 -0.7518398074789783 0
    outer loop
      vertex 7.055634918610405 10.055634918610405 1.4
      vertex 6.839275143819186 10.245377348640718 0
      vertex 7.055634918610405 10.055634918610405 0
    endloop
  endfacet
  facet normal -0.7518398074789796 -0.6593458151000664 0
    outer loop
      vertex 7.245377348640718 9.839275143819185 1.4
      vertex 7.055634918610405 10.055634918610405 0
      vertex 7.245377348640718 9.839275143819185 0
    endloop
  endfacet
  facet normal -0.4422886902189993 -0.8968727415326894 0
    outer loop
      vertex 6.341903551203197 10.53253497152483 1.4
      vertex 6.341903551203197 10.53253497152483 0
      vertex 6.6 10.405255888325765 1.4
    endloop
  endfacet
  facet normal -0.5555702330196014 -0.8314696123025458 0
    outer loop
      vertex 6.6 10.405255888325765 1.4
      vertex 6.6 10.405255888325765 0
      vertex 6.839275143819186 10.245377348640718 1.4
    endloop
  endfacet
  facet normal -0.659345815100068 -0.7518398074789783 0
    outer loop
      vertex 6.839275143819186 10.245377348640718 1.4
      vertex 6.839275143819186 10.245377348640718 0
      vertex 7.055634918610405 10.055634918610405 1.4
    endloop
  endfacet
  facet normal -0.7518398074789796 -0.6593458151000664 0
    outer loop
      vertex 7.055634918610405 10.055634918610405 1.4
      vertex 7.055634918610405 10.055634918610405 0
      vertex 7.245377348640718 9.839275143819185 1.4
    endloop
  endfacet
  facet normal 0 0 -1
    outer loop
      vertex 6.075 9.495929214352104 1.4
      vertex 6.341903551203197 10.53253497152483 1.4
      vertex 6.200075643360028 9.41235634133492 1.4
    endloop
  endfacet
  facet normal 0 0 -1
    outer loop
      vertex 6.200075643360028 9.41235634133492 1.4
      vertex 6.341903551203197 10.53253497152483 1.4
      vertex 6.31317279836453 9.31317279836453 1.4
    endloop
  endfacet
  facet normal 0 0 -1
    outer loop
      vertex 5.5 9.65 1.4
      vertex 5.787157622884114 10.681178695022382 1.4
      vertex 5.650105121053059 9.640161590579883 1.4
    endloop
  endfacet
  facet normal 0 0 -1
    outer loop
      vertex 5.5 9.65 1.4
      vertex 5.5 10.7 1.4
      vertex 5.787157622884114 10.681178695022382 1.4
    endloop
  endfacet
  facet normal 0 0 -1
    outer loop
      vertex 5.650105121053059 9.640161590579883 1.4
      vertex 5.787157622884114 10.681178695022382 1.4
      vertex 5.797641901867899 9.610814700232428 1.4
    endloop
  endfacet
  facet normal 0 0 -1
    outer loop
      vertex 5.797641901867899 9.610814700232428 1.4
      vertex 5.787157622884114 10.681178695022382 1.4
      vertex 6.069401899225546 10.625036817835952 1.4
    endloop
  endfacet
  facet normal 0 0 -1
    outer loop
      vertex 5.9400859472198535 9.56246146238798 1.4
      vertex 5.797641901867899 9.610814700232428 1.4
      vertex 6.069401899225546 10.625036817835952 1.4
    endloop
  endfacet
  facet normal 0 0 -1
    outer loop
      vertex 5.9400859472198535 9.56246146238798 1.4
      vertex 6.069401899225546 10.625036817835952 1.4
      vertex 6.075 9.495929214352104 1.4
    endloop
  endfacet
  facet normal 0 0 -1
    outer loop
      vertex 6.075 9.495929214352104 1.4
      vertex 6.069401899225546 10.625036817835952 1.4
      vertex 6.341903551203197 10.53253497152483 1.4
    endloop
  endfacet
  facet normal 0 0 -1
    outer loop
      vertex 6.640161590579882 8.650105121053059 1.4
      vertex 6.6 10.405255888325765 1.4
      vertex 6.839275143819186 6.754622651359282 1.4
    endloop
  endfacet
  facet normal 0 0 -1
    outer loop
      vertex 6.31317279836453 9.31317279836453 1.4
      vertex 6.341903551203197 10.53253497152483 1.4
      vertex 6.41235634133492 9.200075643360028 1.4
    endloop
  endfacet
  facet normal 0 0 -1
    outer loop
      vertex 6.41235634133492 9.200075643360028 1.4
      vertex 6.6 10.405255888325765 1.4
      vertex 6.495929214352104 9.075 1.4
    endloop
  endfacet
  facet normal 0 0 -1
    outer loop
      vertex 6.495929214352104 9.075 1.4
      vertex 6.6 10.405255888325765 1.4
      vertex 6.562461462387979 8.940085947219853 1.4
    endloop
  endfacet
  facet normal 0 0 -1
    outer loop
      vertex 6.610814700232428 8.797641901867898 1.4
      vertex 6.6 10.405255888325765 1.4
      vertex 6.640161590579882 8.650105121053059 1.4
    endloop
  endfacet
  facet normal 0 0 -1
    outer loop
      vertex 6.610814700232428 8.797641901867898 1.4
      vertex 6.562461462387979 8.940085947219853 1.4
      vertex 6.6 10.405255888325765 1.4
    endloop
  endfacet
  facet normal 0 0 -1
    outer loop
      vertex 6.6 10.405255888325765 1.4
      vertex 6.839275143819186 10.245377348640718 1.4
      vertex 6.839275143819186 6.754622651359282 1.4
    endloop
  endfacet
  facet normal 0 0 -1
    outer loop
      vertex 7.245377348640718 7.160724856180814 1.4
      vertex 7.055634918610405 10.055634918610405 1.4
      vertex 7.245377348640718 9.839275143819185 1.4
    endloop
  endfacet
  facet normal 0 0 -1
    outer loop
      vertex 7.055634918610405 6.944365081389595 1.4
      vertex 6.839275143819186 10.245377348640718 1.4
      vertex 7.055634918610405 10.055634918610405 1.4
    endloop
  endfacet
  facet normal 0 0 -1
    outer loop
      vertex 6.41235634133492 9.200075643360028 1.4
      vertex 6.341903551203197 10.53253497152483 1.4
      vertex 6.6 10.405255888325765 1.4
    endloop
  endfacet
  facet normal -0.8314696123025458 0.5555702330196014 0
    outer loop
      vertex 7.245377348640718 7.160724856180814 1.4
      vertex 7.405255888325765 7.4 0
      vertex 7.245377348640718 7.160724856180814 0
    endloop
  endfacet
  facet normal -0.8968727415326894 0.4422886902189993 0
    outer loop
      vertex 7.405255888325765 7.4 1.4
      vertex 7.53253497152483 7.658096448796803 0
      vertex 7.405255888325765 7.4 0
    endloop
  endfacet
  facet normal -0.9469301294951046 0.32143946530316464 0
    outer loop
      vertex 7.53253497152483 7.658096448796803 1.4
      vertex 7.625036817835951 7.930598100774454 0
      vertex 7.53253497152483 7.658096448796803 0
    endloop
  endfacet
  facet normal -0.9807852804032309 0.1950903220161261 0
    outer loop
      vertex 7.625036817835951 7.930598100774454 1.4
      vertex 7.681178695022383 8.212842377115887 0
      vertex 7.625036817835951 7.930598100774454 0
    endloop
  endfacet
  facet normal -0.8314696123025458 0.5555702330196014 0
    outer loop
      vertex 7.245377348640718 7.160724856180814 1.4
      vertex 7.405255888325765 7.4 1.4
      vertex 7.405255888325765 7.4 0
    endloop
  endfacet
  facet normal -0.8968727415326894 0.4422886902189993 0
    outer loop
      vertex 7.405255888325765 7.4 1.4
      vertex 7.53253497152483 7.658096448796803 1.4
      vertex 7.53253497152483 7.658096448796803 0
    endloop
  endfacet
  facet normal -0.9469301294951046 0.32143946530316464 0
    outer loop
      vertex 7.53253497152483 7.658096448796803 1.4
      vertex 7.625036817835951 7.930598100774454 1.4
      vertex 7.625036817835951 7.930598100774454 0
    endloop
  endfacet
  facet normal -0.9807852804032309 0.1950903220161261 0
    outer loop
      vertex 7.625036817835951 7.930598100774454 1.4
      vertex 7.681178695022383 8.212842377115887 1.4
      vertex 7.681178695022383 8.212842377115887 0
    endloop
  endfacet
  facet normal 0 0 -1
    outer loop
      vertex 7.245377348640718 7.160724856180814 1.4
      vertex 7.245377348640718 9.839275143819185 1.4
      vertex 7.405255888325765 7.4 1.4
    endloop
  endfacet
  facet normal 0 0 -1
    outer loop
      vertex 7.405255888325765 7.4 1.4
      vertex 7.405255888325765 9.6 1.4
      vertex 7.53253497152483 7.658096448796803 1.4
    endloop
  endfacet
  facet normal -0.9978589232386035 0.06540312923014414 0
    outer loop
      vertex 7.681178695022383 8.212842377115887 1.4
      vertex 7.7 8.5 0
      vertex 7.681178695022383 8.212842377115887 0
    endloop
  endfacet
  facet normal -0.9978589232386035 -0.06540312923014414 0
    outer loop
      vertex 7.7 8.5 1.4
      vertex 7.681178695022383 8.787157622884113 0
      vertex 7.7 8.5 0
    endloop
  endfacet
  facet normal -0.9807852804032311 -0.19509032201612556 0
    outer loop
      vertex 7.681178695022383 8.787157622884113 1.4
      vertex 7.625036817835951 9.069401899225547 0
      vertex 7.681178695022383 8.787157622884113 0
    endloop
  endfacet
  facet normal -0.8314696123025449 -0.5555702330196028 0
    outer loop
      vertex 7.405255888325765 9.6 1.4
      vertex 7.245377348640718 9.839275143819185 0
      vertex 7.405255888325765 9.6 0
    endloop
  endfacet
  facet normal -0.8968727415326894 -0.4422886902189993 0
    outer loop
      vertex 7.53253497152483 9.341903551203197 1.4
      vertex 7.405255888325765 9.6 0
      vertex 7.53253497152483 9.341903551203197 0
    endloop
  endfacet
  facet normal -0.9469301294951044 -0.3214394653031656 0
    outer loop
      vertex 7.625036817835951 9.069401899225547 1.4
      vertex 7.53253497152483 9.341903551203197 0
      vertex 7.625036817835951 9.069401899225547 0
    endloop
  endfacet
  facet normal -0.9978589232386035 0.06540312923014414 0
    outer loop
      vertex 7.681178695022383 8.212842377115887 1.4
      vertex 7.7 8.5 1.4
      vertex 7.7 8.5 0
    endloop
  endfacet
  facet normal -0.9978589232386035 -0.06540312923014414 0
    outer loop
      vertex 7.7 8.5 1.4
      vertex 7.681178695022383 8.787157622884113 1.4
      vertex 7.681178695022383 8.787157622884113 0
    endloop
  endfacet
  facet normal -0.9807852804032311 -0.19509032201612556 0
    outer loop
      vertex 7.681178695022383 8.787157622884113 1.4
      vertex 7.625036817835951 9.069401899225547 1.4
      vertex 7.625036817835951 9.069401899225547 0
    endloop
  endfacet
  facet normal -0.8314696123025449 -0.5555702330196028 0
    outer loop
      vertex 7.245377348640718 9.839275143819185 1.4
      vertex 7.245377348640718 9.839275143819185 0
      vertex 7.405255888325765 9.6 1.4
    endloop
  endfacet
  facet normal -0.8968727415326894 -0.4422886902189993 0
    outer loop
      vertex 7.53253497152483 9.341903551203197 1.4
      vertex 7.405255888325765 9.6 1.4
      vertex 7.405255888325765 9.6 0
    endloop
  endfacet
  facet normal -0.9469301294951044 -0.3214394653031656 0
    outer loop
      vertex 7.53253497152483 9.341903551203197 1.4
      vertex 7.53253497152483 9.341903551203197 0
      vertex 7.625036817835951 9.069401899225547 1.4
    endloop
  endfacet
  facet normal 0 0 -1
    outer loop
      vertex 7.405255888325765 7.4 1.4
      vertex 7.245377348640718 9.839275143819185 1.4
      vertex 7.405255888325765 9.6 1.4
    endloop
  endfacet
  facet normal 0 0 -1
    outer loop
      vertex 7.53253497152483 7.658096448796803 1.4
      vertex 7.53253497152483 9.341903551203197 1.4
      vertex 7.625036817835951 7.930598100774454 1.4
    endloop
  endfacet
  facet normal 0 0 -1
    outer loop
      vertex 7.625036817835951 7.930598100774454 1.4
      vertex 7.625036817835951 9.069401899225547 1.4
      vertex 7.681178695022383 8.212842377115887 1.4
    endloop
  endfacet
  facet normal 0 0 -1
    outer loop
      vertex 7.681178695022383 8.212842377115887 1.4
      vertex 7.681178695022383 8.787157622884113 1.4
      vertex 7.7 8.5 1.4
    endloop
  endfacet
  facet normal 0 0 -1
    outer loop
      vertex 7.53253497152483 7.658096448796803 1.4
      vertex 7.405255888325765 9.6 1.4
      vertex 7.53253497152483 9.341903551203197 1.4
    endloop
  endfacet
  facet normal 0 0 -1
    outer loop
      vertex 7.625036817835951 7.930598100774454 1.4
      vertex 7.53253497152483 9.341903551203197 1.4
      vertex 7.625036817835951 9.069401899225547 1.4
    endloop
  endfacet
  facet normal 0 0 -1
    outer loop
      vertex 7.681178695022383 8.212842377115887 1.4
      vertex 7.625036817835951 9.069401899225547 1.4
      vertex 7.681178695022383 8.787157622884113 1.4
    endloop
  endfacet
  facet normal 0.831469612302543 0.5555702330196057 0
    outer loop
      vertex 21.594744111674235 7.4 1.4
      vertex 21.754622651359284 7.160724856180814 0
      vertex 21.594744111674235 7.4 0
    endloop
  endfacet
  facet normal 0.9469301294951056 0.32143946530316186 0
    outer loop
      vertex 21.37496318216405 7.930598100774454 1.4
      vertex 21.467465028475168 7.658096448796803 0
      vertex 21.37496318216405 7.930598100774454 0
    endloop
  endfacet
  facet normal 0.8968727415326868 0.4422886902190043 0
    outer loop
      vertex 21.467465028475168 7.658096448796803 1.4
      vertex 21.594744111674235 7.4 0
      vertex 21.467465028475168 7.658096448796803 0
    endloop
  endfacet
  facet normal 0.9807852804032321 0.1950903220161202 0
    outer loop
      vertex 21.318821304977618 8.212842377115887 1.4
      vertex 21.37496318216405 7.930598100774454 0
      vertex 21.318821304977618 8.212842377115887 0
    endloop
  endfacet
  facet normal 0.831469612302543 0.5555702330196057 0
    outer loop
      vertex 21.754622651359284 7.160724856180814 1.4
      vertex 21.754622651359284 7.160724856180814 0
      vertex 21.594744111674235 7.4 1.4
    endloop
  endfacet
  facet normal 0.9469301294951056 0.32143946530316186 0
    outer loop
      vertex 21.37496318216405 7.930598100774454 1.4
      vertex 21.467465028475168 7.658096448796803 1.4
      vertex 21.467465028475168 7.658096448796803 0
    endloop
  endfacet
  facet normal 0.9807852804032321 0.1950903220161202 0
    outer loop
      vertex 21.37496318216405 7.930598100774454 1.4
      vertex 21.37496318216405 7.930598100774454 0
      vertex 21.318821304977618 8.212842377115887 1.4
    endloop
  endfacet
  facet normal 0.8968727415326868 0.4422886902190043 0
    outer loop
      vertex 21.467465028475168 7.658096448796803 1.4
      vertex 21.594744111674235 7.4 1.4
      vertex 21.594744111674235 7.4 0
    endloop
  endfacet
  facet normal 0 0 -1
    outer loop
      vertex 21.37496318216405 7.930598100774454 1.4
      vertex 21.37496318216405 9.069401899225547 1.4
      vertex 21.467465028475168 7.658096448796803 1.4
    endloop
  endfacet
  facet normal 0 0 -1
    outer loop
      vertex 21.467465028475168 7.658096448796803 1.4
      vertex 21.467465028475168 9.341903551203197 1.4
      vertex 21.594744111674235 7.4 1.4
    endloop
  endfacet
  facet normal 0 0 -1
    outer loop
      vertex 21.754622651359284 7.160724856180814 1.4
      vertex 21.594744111674235 7.4 1.4
      vertex 21.594744111674235 9.6 1.4
    endloop
  endfacet
  facet normal 0.9978589232386035 0.06540312923014414 0
    outer loop
      vertex 21.3 8.5 1.4
      vertex 21.318821304977618 8.212842377115887 0
      vertex 21.3 8.5 0
    endloop
  endfacet
  facet normal 0.9978589232386035 -0.06540312923014414 0
    outer loop
      vertex 21.318821304977618 8.787157622884113 1.4
      vertex 21.3 8.5 0
      vertex 21.318821304977618 8.787157622884113 0
    endloop
  endfacet
  facet normal 0.9807852804032321 -0.1950903220161196 0
    outer loop
      vertex 21.37496318216405 9.069401899225547 1.4
      vertex 21.318821304977618 8.787157622884113 0
      vertex 21.37496318216405 9.069401899225547 0
    endloop
  endfacet
  facet normal 0.9469301294951052 -0.3214394653031628 0
    outer loop
      vertex 21.467465028475168 9.341903551203197 1.4
      vertex 21.37496318216405 9.069401899225547 0
      vertex 21.467465028475168 9.341903551203197 0
    endloop
  endfacet
  facet normal 0.8968727415326868 -0.4422886902190043 0
    outer loop
      vertex 21.594744111674235 9.6 1.4
      vertex 21.467465028475168 9.341903551203197 0
      vertex 21.594744111674235 9.6 0
    endloop
  endfacet
  facet normal 0.831469612302542 -0.5555702330196071 0
    outer loop
      vertex 21.754622651359284 9.839275143819185 1.4
      vertex 21.594744111674235 9.6 0
      vertex 21.754622651359284 9.839275143819185 0
    endloop
  endfacet
  facet normal 0.9978589232386035 0.06540312923014414 0
    outer loop
      vertex 21.318821304977618 8.212842377115887 1.4
      vertex 21.318821304977618 8.212842377115887 0
      vertex 21.3 8.5 1.4
    endloop
  endfacet
  facet normal 0.9978589232386035 -0.06540312923014414 0
    outer loop
      vertex 21.3 8.5 1.4
      vertex 21.3 8.5 0
      vertex 21.318821304977618 8.787157622884113 1.4
    endloop
  endfacet
  facet normal 0.9807852804032321 -0.1950903220161196 0
    outer loop
      vertex 21.318821304977618 8.787157622884113 1.4
      vertex 21.318821304977618 8.787157622884113 0
      vertex 21.37496318216405 9.069401899225547 1.4
    endloop
  endfacet
  facet normal 0.9469301294951052 -0.3214394653031628 0
    outer loop
      vertex 21.37496318216405 9.069401899225547 1.4
      vertex 21.37496318216405 9.069401899225547 0
      vertex 21.467465028475168 9.341903551203197 1.4
    endloop
  endfacet
  facet normal 0.8968727415326868 -0.4422886902190043 0
    outer loop
      vertex 21.467465028475168 9.341903551203197 1.4
      vertex 21.467465028475168 9.341903551203197 0
      vertex 21.594744111674235 9.6 1.4
    endloop
  endfacet
  facet normal 0.831469612302542 -0.5555702330196071 0
    outer loop
      vertex 21.594744111674235 9.6 1.4
      vertex 21.594744111674235 9.6 0
      vertex 21.754622651359284 9.839275143819185 1.4
    endloop
  endfacet
  facet normal 0 0 -1
    outer loop
      vertex 21.37496318216405 7.930598100774454 1.4
      vertex 21.318821304977618 8.212842377115887 1.4
      vertex 21.318821304977618 8.787157622884113 1.4
    endloop
  endfacet
  facet normal 0 0 -1
    outer loop
      vertex 21.318821304977618 8.212842377115887 1.4
      vertex 21.3 8.5 1.4
      vertex 21.318821304977618 8.787157622884113 1.4
    endloop
  endfacet
  facet normal 0 0 -1
    outer loop
      vertex 21.37496318216405 7.930598100774454 1.4
      vertex 21.318821304977618 8.787157622884113 1.4
      vertex 21.37496318216405 9.069401899225547 1.4
    endloop
  endfacet
  facet normal 0 0 -1
    outer loop
      vertex 21.467465028475168 7.658096448796803 1.4
      vertex 21.37496318216405 9.069401899225547 1.4
      vertex 21.467465028475168 9.341903551203197 1.4
    endloop
  endfacet
  facet normal 0 0 -1
    outer loop
      vertex 21.594744111674235 7.4 1.4
      vertex 21.467465028475168 9.341903551203197 1.4
      vertex 21.594744111674235 9.6 1.4
    endloop
  endfacet
  facet normal 0 0 -1
    outer loop
      vertex 21.754622651359284 7.160724856180814 1.4
      vertex 21.594744111674235 9.6 1.4
      vertex 21.754622651359284 9.839275143819185 1.4
    endloop
  endfacet
  facet normal 0.4422886902189993 0.8968727415326894 0
    outer loop
      vertex 22.4 6.594744111674235 1.4
      vertex 22.6580964487968 6.46746502847517 0
      vertex 22.4 6.594744111674235 0
    endloop
  endfacet
  facet normal 0.4422886902189993 0.8968727415326894 0
    outer loop
      vertex 22.4 6.594744111674235 1.4
      vertex 22.6580964487968 6.46746502847517 1.4
      vertex 22.6580964487968 6.46746502847517 0
    endloop
  endfacet
  facet normal 0.7518398074789813 0.6593458151000645 0
    outer loop
      vertex 21.754622651359284 7.160724856180814 1.4
      vertex 21.944365081389595 6.944365081389595 0
      vertex 21.754622651359284 7.160724856180814 0
    endloop
  endfacet
  facet normal 0.6593458151000695 0.7518398074789769 0
    outer loop
      vertex 21.944365081389595 6.944365081389595 1.4
      vertex 22.160724856180813 6.754622651359282 0
      vertex 21.944365081389595 6.944365081389595 0
    endloop
  endfacet
  facet normal 0.5555702330196028 0.8314696123025449 0
    outer loop
      vertex 22.160724856180813 6.754622651359282 1.4
      vertex 22.4 6.594744111674235 0
      vertex 22.160724856180813 6.754622651359282 0
    endloop
  endfacet
  facet normal 0.7518398074789813 0.6593458151000645 0
    outer loop
      vertex 21.754622651359284 7.160724856180814 1.4
      vertex 21.944365081389595 6.944365081389595 1.4
      vertex 21.944365081389595 6.944365081389595 0
    endloop
  endfacet
  facet normal 0.6593458151000695 0.7518398074789769 0
    outer loop
      vertex 21.944365081389595 6.944365081389595 1.4
      vertex 22.160724856180813 6.754622651359282 1.4
      vertex 22.160724856180813 6.754622651359282 0
    endloop
  endfacet
  facet normal 0.5555702330196028 0.8314696123025449 0
    outer loop
      vertex 22.160724856180813 6.754622651359282 1.4
      vertex 22.4 6.594744111674235 1.4
      vertex 22.4 6.594744111674235 0
    endloop
  endfacet
  facet normal 0.3214394653031637 0.946930129495105 0
    outer loop
      vertex 22.6580964487968 6.46746502847517 1.4
      vertex 22.930598100774453 6.374963182164049 0
      vertex 22.6580964487968 6.46746502847517 0
    endloop
  endfacet
  facet normal 0.19509032201612556 0.9807852804032311 0
    outer loop
      vertex 22.930598100774453 6.374963182164049 1.4
      vertex 23.212842377115887 6.318821304977617 0
      vertex 22.930598100774453 6.374963182164049 0
    endloop
  endfacet
  facet normal 0.06540312923014414 0.9978589232386035 0
    outer loop
      vertex 23.212842377115887 6.318821304977617 1.4
      vertex 23.5 6.3 0
      vertex 23.212842377115887 6.318821304977617 0
    endloop
  endfacet
  facet normal 0.3214394653031637 0.946930129495105 0
    outer loop
      vertex 22.6580964487968 6.46746502847517 1.4
      vertex 22.930598100774453 6.374963182164049 1.4
      vertex 22.930598100774453 6.374963182164049 0
    endloop
  endfacet
  facet normal 0.19509032201612556 0.9807852804032311 0
    outer loop
      vertex 22.930598100774453 6.374963182164049 1.4
      vertex 23.212842377115887 6.318821304977617 1.4
      vertex 23.212842377115887 6.318821304977617 0
    endloop
  endfacet
  facet normal 0.06540312923014414 0.9978589232386035 0
    outer loop
      vertex 23.212842377115887 6.318821304977617 1.4
      vertex 23.5 6.3 1.4
      vertex 23.5 6.3 0
    endloop
  endfacet
  facet normal 0 0 -1
    outer loop
      vertex 21.754622651359284 7.160724856180814 1.4
      vertex 21.754622651359284 9.839275143819185 1.4
      vertex 21.944365081389595 6.944365081389595 1.4
    endloop
  endfacet
  facet normal 0 0 -1
    outer loop
      vertex 21.944365081389595 6.944365081389595 1.4
      vertex 21.944365081389595 10.055634918610405 1.4
      vertex 22.160724856180813 6.754622651359282 1.4
    endloop
  endfacet
  facet normal 0 0 -1
    outer loop
      vertex 22.4 6.594744111674235 1.4
      vertex 22.58764365866508 7.799924356639972 1.4
      vertex 22.6580964487968 6.46746502847517 1.4
    endloop
  endfacet
  facet normal 0 0 -1
    outer loop
      vertex 22.6580964487968 6.46746502847517 1.4
      vertex 22.58764365866508 7.799924356639972 1.4
      vertex 22.68682720163547 7.68682720163547 1.4
    endloop
  endfacet
  facet normal 0 0 -1
    outer loop
      vertex 22.4 6.594744111674235 1.4
      vertex 22.389185299767572 8.202358098132102 1.4
      vertex 22.43753853761202 8.059914052780147 1.4
    endloop
  endfacet
  facet normal 0 0 -1
    outer loop
      vertex 22.4 6.594744111674235 1.4
      vertex 22.359838409420117 8.349894878946941 1.4
      vertex 22.389185299767572 8.202358098132102 1.4
    endloop
  endfacet
  facet normal 0 0 -1
    outer loop
      vertex 22.160724856180813 6.754622651359282 1.4
      vertex 22.160724856180813 10.245377348640718 1.4
      vertex 22.4 6.594744111674235 1.4
    endloop
  endfacet
  facet normal 0 0 -1
    outer loop
      vertex 22.4 6.594744111674235 1.4
      vertex 22.43753853761202 8.059914052780147 1.4
      vertex 22.504070785647897 7.925 1.4
    endloop
  endfacet
  facet normal 0 0 -1
    outer loop
      vertex 22.4 6.594744111674235 1.4
      vertex 22.504070785647897 7.925 1.4
      vertex 22.58764365866508 7.799924356639972 1.4
    endloop
  endfacet
  facet normal 0 0 -1
    outer loop
      vertex 22.6580964487968 6.46746502847517 1.4
      vertex 22.925 7.504070785647896 1.4
      vertex 22.930598100774453 6.374963182164049 1.4
    endloop
  endfacet
  facet normal 0 0 -1
    outer loop
      vertex 22.6580964487968 6.46746502847517 1.4
      vertex 22.68682720163547 7.68682720163547 1.4
      vertex 22.79992435663997 7.58764365866508 1.4
    endloop
  endfacet
  facet normal 0 0 -1
    outer loop
      vertex 22.6580964487968 6.46746502847517 1.4
      vertex 22.79992435663997 7.58764365866508 1.4
      vertex 22.925 7.504070785647896 1.4
    endloop
  endfacet
  facet normal 0 0 -1
    outer loop
      vertex 22.930598100774453 6.374963182164049 1.4
      vertex 22.925 7.504070785647896 1.4
      vertex 23.059914052780147 7.437538537612021 1.4
    endloop
  endfacet
  facet normal 0 0 -1
    outer loop
      vertex 22.930598100774453 6.374963182164049 1.4
      vertex 23.059914052780147 7.437538537612021 1.4
      vertex 23.202358098132102 7.389185299767572 1.4
    endloop
  endfacet
  facet normal 0 0 -1
    outer loop
      vertex 22.930598100774453 6.374963182164049 1.4
      vertex 23.202358098132102 7.389185299767572 1.4
      vertex 23.212842377115887 6.318821304977617 1.4
    endloop
  endfacet
  facet normal 0 0 -1
    outer loop
      vertex 23.212842377115887 6.318821304977617 1.4
      vertex 23.202358098132102 7.389185299767572 1.4
      vertex 23.34989487894694 7.359838409420118 1.4
    endloop
  endfacet
  facet normal 0 0 -1
    outer loop
      vertex 23.212842377115887 6.318821304977617 1.4
      vertex 23.5 7.35 1.4
      vertex 23.5 6.3 1.4
    endloop
  endfacet
  facet normal 0 0 -1
    outer loop
      vertex 23.212842377115887 6.318821304977617 1.4
      vertex 23.34989487894694 7.359838409420118 1.4
      vertex 23.5 7.35 1.4
    endloop
  endfacet
  facet normal 0.7518398074789826 -0.6593458151000631 0
    outer loop
      vertex 21.944365081389595 10.055634918610405 1.4
      vertex 21.754622651359284 9.839275143819185 0
      vertex 21.944365081389595 10.055634918610405 0
    endloop
  endfacet
  facet normal 0.6593458151000695 -0.7518398074789769 0
    outer loop
      vertex 22.160724856180813 10.245377348640718 1.4
      vertex 21.944365081389595 10.055634918610405 0
      vertex 22.160724856180813 10.245377348640718 0
    endloop
  endfacet
  facet normal 0.5555702330196028 -0.8314696123025449 0
    outer loop
      vertex 22.4 10.405255888325765 1.4
      vertex 22.160724856180813 10.245377348640718 0
      vertex 22.4 10.405255888325765 0
    endloop
  endfacet
  facet normal 0.4422886902189993 -0.8968727415326894 0
    outer loop
      vertex 22.6580964487968 10.53253497152483 1.4
      vertex 22.4 10.405255888325765 0
      vertex 22.6580964487968 10.53253497152483 0
    endloop
  endfacet
  facet normal 0.7518398074789826 -0.6593458151000631 0
    outer loop
      vertex 21.754622651359284 9.839275143819185 1.4
      vertex 21.754622651359284 9.839275143819185 0
      vertex 21.944365081389595 10.055634918610405 1.4
    endloop
  endfacet
  facet normal 0.6593458151000695 -0.7518398074789769 0
    outer loop
      vertex 21.944365081389595 10.055634918610405 1.4
      vertex 21.944365081389595 10.055634918610405 0
      vertex 22.160724856180813 10.245377348640718 1.4
    endloop
  endfacet
  facet normal 0.5555702330196028 -0.8314696123025449 0
    outer loop
      vertex 22.160724856180813 10.245377348640718 1.4
      vertex 22.160724856180813 10.245377348640718 0
      vertex 22.4 10.405255888325765 1.4
    endloop
  endfacet
  facet normal 0.4422886902189993 -0.8968727415326894 0
    outer loop
      vertex 22.4 10.405255888325765 1.4
      vertex 22.4 10.405255888325765 0
      vertex 22.6580964487968 10.53253497152483 1.4
    endloop
  endfacet
  facet normal 0.3214394653031664 -0.946930129495104 0
    outer loop
      vertex 22.930598100774453 10.625036817835952 1.4
      vertex 22.6580964487968 10.53253497152483 0
      vertex 22.930598100774453 10.625036817835952 0
    endloop
  endfacet
  facet normal 0.1950903220161196 -0.9807852804032321 0
    outer loop
      vertex 23.212842377115887 10.681178695022382 1.4
      vertex 22.930598100774453 10.625036817835952 0
      vertex 23.212842377115887 10.681178695022382 0
    endloop
  endfacet
  facet normal 0.06540312923014414 -0.9978589232386035 0
    outer loop
      vertex 23.5 10.7 1.4
      vertex 23.212842377115887 10.681178695022382 0
      vertex 23.5 10.7 0
    endloop
  endfacet
  facet normal 0.3214394653031664 -0.946930129495104 0
    outer loop
      vertex 22.6580964487968 10.53253497152483 1.4
      vertex 22.6580964487968 10.53253497152483 0
      vertex 22.930598100774453 10.625036817835952 1.4
    endloop
  endfacet
  facet normal 0.1950903220161196 -0.9807852804032321 0
    outer loop
      vertex 22.930598100774453 10.625036817835952 1.4
      vertex 22.930598100774453 10.625036817835952 0
      vertex 23.212842377115887 10.681178695022382 1.4
    endloop
  endfacet
  facet normal 0.06540312923014414 -0.9978589232386035 0
    outer loop
      vertex 23.212842377115887 10.681178695022382 1.4
      vertex 23.212842377115887 10.681178695022382 0
      vertex 23.5 10.7 1.4
    endloop
  endfacet
  facet normal 0 0 -1
    outer loop
      vertex 21.944365081389595 6.944365081389595 1.4
      vertex 21.754622651359284 9.839275143819185 1.4
      vertex 21.944365081389595 10.055634918610405 1.4
    endloop
  endfacet
  facet normal 0 0 -1
    outer loop
      vertex 22.160724856180813 6.754622651359282 1.4
      vertex 21.944365081389595 10.055634918610405 1.4
      vertex 22.160724856180813 10.245377348640718 1.4
    endloop
  endfacet
  facet normal 0 0 -1
    outer loop
      vertex 22.160724856180813 10.245377348640718 1.4
      vertex 22.359838409420117 8.349894878946941 1.4
      vertex 22.4 6.594744111674235 1.4
    endloop
  endfacet
  facet normal 0 0 -1
    outer loop
      vertex 22.160724856180813 10.245377348640718 1.4
      vertex 22.35 8.5 1.4
      vertex 22.359838409420117 8.349894878946941 1.4
    endloop
  endfacet
  facet normal 0 0 -1
    outer loop
      vertex 22.160724856180813 10.245377348640718 1.4
      vertex 22.359838409420117 8.650105121053059 1.4
      vertex 22.35 8.5 1.4
    endloop
  endfacet
  facet normal 0 0 -1
    outer loop
      vertex 22.160724856180813 10.245377348640718 1.4
      vertex 22.389185299767572 8.797641901867898 1.4
      vertex 22.359838409420117 8.650105121053059 1.4
    endloop
  endfacet
  facet normal 0 0 -1
    outer loop
      vertex 22.389185299767572 8.797641901867898 1.4
      vertex 22.4 10.405255888325765 1.4
      vertex 22.43753853761202 8.940085947219853 1.4
    endloop
  endfacet
  facet normal 0 0 -1
    outer loop
      vertex 22.160724856180813 10.245377348640718 1.4
      vertex 22.4 10.405255888325765 1.4
      vertex 22.389185299767572 8.797641901867898 1.4
    endloop
  endfacet
  facet normal 0 0 -1
    outer loop
      vertex 22.43753853761202 8.940085947219853 1.4
      vertex 22.4 10.405255888325765 1.4
      vertex 22.504070785647897 9.075 1.4
    endloop
  endfacet
  facet normal 0 0 -1
    outer loop
      vertex 22.504070785647897 9.075 1.4
      vertex 22.4 10.405255888325765 1.4
      vertex 22.58764365866508 9.200075643360028 1.4
    endloop
  endfacet
  facet normal 0 0 -1
    outer loop
      vertex 22.58764365866508 9.200075643360028 1.4
      vertex 22.6580964487968 10.53253497152483 1.4
      vertex 22.68682720163547 9.31317279836453 1.4
    endloop
  endfacet
  facet normal 0 0 -1
    outer loop
      vertex 22.58764365866508 9.200075643360028 1.4
      vertex 22.4 10.405255888325765 1.4
      vertex 22.6580964487968 10.53253497152483 1.4
    endloop
  endfacet
  facet normal 0 0 -1
    outer loop
      vertex 22.68682720163547 9.31317279836453 1.4
      vertex 22.6580964487968 10.53253497152483 1.4
      vertex 22.79992435663997 9.41235634133492 1.4
    endloop
  endfacet
  facet normal 0 0 -1
    outer loop
      vertex 22.79992435663997 9.41235634133492 1.4
      vertex 22.6580964487968 10.53253497152483 1.4
      vertex 22.925 9.495929214352104 1.4
    endloop
  endfacet
  facet normal 0 0 -1
    outer loop
      vertex 22.925 9.495929214352104 1.4
      vertex 22.6580964487968 10.53253497152483 1.4
      vertex 22.930598100774453 10.625036817835952 1.4
    endloop
  endfacet
  facet normal 0 0 -1
    outer loop
      vertex 22.925 9.495929214352104 1.4
      vertex 22.930598100774453 10.625036817835952 1.4
      vertex 23.059914052780147 9.56246146238798 1.4
    endloop
  endfacet
  facet normal 0 0 -1
    outer loop
      vertex 22.930598100774453 10.625036817835952 1.4
      vertex 23.202358098132102 9.610814700232428 1.4
      vertex 23.059914052780147 9.56246146238798 1.4
    endloop
  endfacet
  facet normal 0 0 -1
    outer loop
      vertex 23.202358098132102 9.610814700232428 1.4
      vertex 23.212842377115887 10.681178695022382 1.4
      vertex 23.34989487894694 9.640161590579883 1.4
    endloop
  endfacet
  facet normal 0 0 -1
    outer loop
      vertex 22.930598100774453 10.625036817835952 1.4
      vertex 23.212842377115887 10.681178695022382 1.4
      vertex 23.202358098132102 9.610814700232428 1.4
    endloop
  endfacet
  facet normal 0 0 -1
    outer loop
      vertex 23.34989487894694 9.640161590579883 1.4
      vertex 23.212842377115887 10.681178695022382 1.4
      vertex 23.5 9.65 1.4
    endloop
  endfacet
  facet normal 0 0 -1
    outer loop
      vertex 23.5 9.65 1.4
      vertex 23.212842377115887 10.681178695022382 1.4
      vertex 23.5 10.7 1.4
    endloop
  endfacet
  facet normal -0.06540312923014414 0.9978589232386035 0
    outer loop
      vertex 23.5 6.3 1.4
      vertex 23.787157622884113 6.318821304977617 0
      vertex 23.5 6.3 0
    endloop
  endfacet
  facet normal -0.19509032201612556 0.9807852804032311 0
    outer loop
      vertex 23.787157622884113 6.318821304977617 1.4
      vertex 24.069401899225547 6.374963182164049 0
      vertex 23.787157622884113 6.318821304977617 0
    endloop
  endfacet
  facet normal -0.3214394653031637 0.946930129495105 0
    outer loop
      vertex 24.069401899225547 6.374963182164049 1.4
      vertex 24.3419035512032 6.46746502847517 0
      vertex 24.069401899225547 6.374963182164049 0
    endloop
  endfacet
  facet normal -0.4422886902189993 0.8968727415326894 0
    outer loop
      vertex 24.3419035512032 6.46746502847517 1.4
      vertex 24.6 6.594744111674235 0
      vertex 24.3419035512032 6.46746502847517 0
    endloop
  endfacet
  facet normal -0.06540312923014414 0.9978589232386035 0
    outer loop
      vertex 23.5 6.3 1.4
      vertex 23.787157622884113 6.318821304977617 1.4
      vertex 23.787157622884113 6.318821304977617 0
    endloop
  endfacet
  facet normal -0.19509032201612556 0.9807852804032311 0
    outer loop
      vertex 23.787157622884113 6.318821304977617 1.4
      vertex 24.069401899225547 6.374963182164049 1.4
      vertex 24.069401899225547 6.374963182164049 0
    endloop
  endfacet
  facet normal -0.3214394653031637 0.946930129495105 0
    outer loop
      vertex 24.069401899225547 6.374963182164049 1.4
      vertex 24.3419035512032 6.46746502847517 1.4
      vertex 24.3419035512032 6.46746502847517 0
    endloop
  endfacet
  facet normal -0.4422886902189993 0.8968727415326894 0
    outer loop
      vertex 24.3419035512032 6.46746502847517 1.4
      vertex 24.6 6.594744111674235 1.4
      vertex 24.6 6.594744111674235 0
    endloop
  endfacet
  facet normal -0.5555702330196028 0.8314696123025449 0
    outer loop
      vertex 24.6 6.594744111674235 1.4
      vertex 24.839275143819187 6.754622651359282 0
      vertex 24.6 6.594744111674235 0
    endloop
  endfacet
  facet normal -0.6593458151000695 0.7518398074789769 0
    outer loop
      vertex 24.839275143819187 6.754622651359282 1.4
      vertex 25.055634918610405 6.944365081389595 0
      vertex 24.839275143819187 6.754622651359282 0
    endloop
  endfacet
  facet normal -0.7518398074789813 0.6593458151000645 0
    outer loop
      vertex 25.055634918610405 6.944365081389595 1.4
      vertex 25.245377348640716 7.160724856180814 0
      vertex 25.055634918610405 6.944365081389595 0
    endloop
  endfacet
  facet normal -0.831469612302543 0.5555702330196057 0
    outer loop
      vertex 25.245377348640716 7.160724856180814 1.4
      vertex 25.405255888325765 7.4 0
      vertex 25.245377348640716 7.160724856180814 0
    endloop
  endfacet
  facet normal -0.5555702330196028 0.8314696123025449 0
    outer loop
      vertex 24.6 6.594744111674235 1.4
      vertex 24.839275143819187 6.754622651359282 1.4
      vertex 24.839275143819187 6.754622651359282 0
    endloop
  endfacet
  facet normal -0.6593458151000695 0.7518398074789769 0
    outer loop
      vertex 24.839275143819187 6.754622651359282 1.4
      vertex 25.055634918610405 6.944365081389595 1.4
      vertex 25.055634918610405 6.944365081389595 0
    endloop
  endfacet
  facet normal -0.7518398074789813 0.6593458151000645 0
    outer loop
      vertex 25.055634918610405 6.944365081389595 1.4
      vertex 25.245377348640716 7.160724856180814 1.4
      vertex 25.245377348640716 7.160724856180814 0
    endloop
  endfacet
  facet normal -0.831469612302543 0.5555702330196057 0
    outer loop
      vertex 25.245377348640716 7.160724856180814 1.4
      vertex 25.405255888325765 7.4 1.4
      vertex 25.405255888325765 7.4 0
    endloop
  endfacet
  facet normal 0 0 -1
    outer loop
      vertex 23.5 6.3 1.4
      vertex 23.5 7.35 1.4
      vertex 23.787157622884113 6.318821304977617 1.4
    endloop
  endfacet
  facet normal 0 0 -1
    outer loop
      vertex 23.5 7.35 1.4
      vertex 23.65010512105306 7.359838409420118 1.4
      vertex 23.787157622884113 6.318821304977617 1.4
    endloop
  endfacet
  facet normal 0 0 -1
    outer loop
      vertex 23.65010512105306 7.359838409420118 1.4
      vertex 23.797641901867898 7.389185299767572 1.4
      vertex 23.787157622884113 6.318821304977617 1.4
    endloop
  endfacet
  facet normal 0 0 -1
    outer loop
      vertex 23.787157622884113 6.318821304977617 1.4
      vertex 23.797641901867898 7.389185299767572 1.4
      vertex 24.069401899225547 6.374963182164049 1.4
    endloop
  endfacet
  facet normal 0 0 -1
    outer loop
      vertex 24.069401899225547 6.374963182164049 1.4
      vertex 23.797641901867898 7.389185299767572 1.4
      vertex 23.940085947219853 7.437538537612021 1.4
    endloop
  endfacet
  facet normal 0 0 -1
    outer loop
      vertex 24.069401899225547 6.374963182164049 1.4
      vertex 24.075 7.504070785647896 1.4
      vertex 24.3419035512032 6.46746502847517 1.4
    endloop
  endfacet
  facet normal 0 0 -1
    outer loop
      vertex 24.069401899225547 6.374963182164049 1.4
      vertex 23.940085947219853 7.437538537612021 1.4
      vertex 24.075 7.504070785647896 1.4
    endloop
  endfacet
  facet normal 0 0 -1
    outer loop
      vertex 24.3419035512032 6.46746502847517 1.4
      vertex 24.075 7.504070785647896 1.4
      vertex 24.20007564336003 7.58764365866508 1.4
    endloop
  endfacet
  facet normal 0 0 -1
    outer loop
      vertex 24.3419035512032 6.46746502847517 1.4
      vertex 24.41235634133492 7.799924356639972 1.4
      vertex 24.6 6.594744111674235 1.4
    endloop
  endfacet
  facet normal 0 0 -1
    outer loop
      vertex 24.3419035512032 6.46746502847517 1.4
      vertex 24.20007564336003 7.58764365866508 1.4
      vertex 24.31317279836453 7.68682720163547 1.4
    endloop
  endfacet
  facet normal 0 0 -1
    outer loop
      vertex 24.3419035512032 6.46746502847517 1.4
      vertex 24.31317279836453 7.68682720163547 1.4
      vertex 24.41235634133492 7.799924356639972 1.4
    endloop
  endfacet
  facet normal 0 0 -1
    outer loop
      vertex 24.6 6.594744111674235 1.4
      vertex 24.610814700232428 8.202358098132102 1.4
      vertex 24.839275143819187 6.754622651359282 1.4
    endloop
  endfacet
  facet normal 0 0 -1
    outer loop
      vertex 24.41235634133492 7.799924356639972 1.4
      vertex 24.495929214352103 7.925 1.4
      vertex 24.6 6.594744111674235 1.4
    endloop
  endfacet
  facet normal 0 0 -1
    outer loop
      vertex 24.6 6.594744111674235 1.4
      vertex 24.495929214352103 7.925 1.4
      vertex 24.56246146238798 8.059914052780147 1.4
    endloop
  endfacet
  facet normal 0 0 -1
    outer loop
      vertex 24.6 6.594744111674235 1.4
      vertex 24.56246146238798 8.059914052780147 1.4
      vertex 24.610814700232428 8.202358098132102 1.4
    endloop
  endfacet
  facet normal 0 0 -1
    outer loop
      vertex 24.839275143819187 6.754622651359282 1.4
      vertex 24.610814700232428 8.202358098132102 1.4
      vertex 24.640161590579883 8.349894878946941 1.4
    endloop
  endfacet
  facet normal 0 0 -1
    outer loop
      vertex 24.839275143819187 6.754622651359282 1.4
      vertex 24.640161590579883 8.349894878946941 1.4
      vertex 24.65 8.5 1.4
    endloop
  endfacet
  facet normal 0 0 -1
    outer loop
      vertex 24.839275143819187 6.754622651359282 1.4
      vertex 24.65 8.5 1.4
      vertex 24.640161590579883 8.650105121053059 1.4
    endloop
  endfacet
  facet normal 0 0 -1
    outer loop
      vertex 24.839275143819187 6.754622651359282 1.4
      vertex 24.839275143819187 10.245377348640718 1.4
      vertex 25.055634918610405 6.944365081389595 1.4
    endloop
  endfacet
  facet normal 0 0 -1
    outer loop
      vertex 25.055634918610405 6.944365081389595 1.4
      vertex 25.055634918610405 10.055634918610405 1.4
      vertex 25.245377348640716 7.160724856180814 1.4
    endloop
  endfacet
  facet normal 0 0 -1
    outer loop
      vertex 25.245377348640716 7.160724856180814 1.4
      vertex 25.245377348640716 9.839275143819185 1.4
      vertex 25.405255888325765 7.4 1.4
    endloop
  endfacet
  facet normal -0.06540312923014414 -0.9978589232386035 0
    outer loop
      vertex 23.787157622884113 10.681178695022382 1.4
      vertex 23.5 10.7 0
      vertex 23.787157622884113 10.681178695022382 0
    endloop
  endfacet
  facet normal -0.1950903220161196 -0.9807852804032321 0
    outer loop
      vertex 24.069401899225547 10.625036817835952 1.4
      vertex 23.787157622884113 10.681178695022382 0
      vertex 24.069401899225547 10.625036817835952 0
    endloop
  endfacet
  facet normal -0.3214394653031664 -0.946930129495104 0
    outer loop
      vertex 24.3419035512032 10.53253497152483 1.4
      vertex 24.069401899225547 10.625036817835952 0
      vertex 24.3419035512032 10.53253497152483 0
    endloop
  endfacet
  facet normal -0.1950903220161196 -0.9807852804032321 0
    outer loop
      vertex 23.787157622884113 10.681178695022382 1.4
      vertex 23.787157622884113 10.681178695022382 0
      vertex 24.069401899225547 10.625036817835952 1.4
    endloop
  endfacet
  facet normal -0.06540312923014414 -0.9978589232386035 0
    outer loop
      vertex 23.5 10.7 1.4
      vertex 23.5 10.7 0
      vertex 23.787157622884113 10.681178695022382 1.4
    endloop
  endfacet
  facet normal -0.3214394653031664 -0.946930129495104 0
    outer loop
      vertex 24.069401899225547 10.625036817835952 1.4
      vertex 24.069401899225547 10.625036817835952 0
      vertex 24.3419035512032 10.53253497152483 1.4
    endloop
  endfacet
  facet normal -0.4422886902189993 -0.8968727415326894 0
    outer loop
      vertex 24.3419035512032 10.53253497152483 1.4
      vertex 24.3419035512032 10.53253497152483 0
      vertex 24.6 10.405255888325765 1.4
    endloop
  endfacet
  facet normal -0.831469612302542 -0.5555702330196071 0
    outer loop
      vertex 25.405255888325765 9.6 1.4
      vertex 25.245377348640716 9.839275143819185 0
      vertex 25.405255888325765 9.6 0
    endloop
  endfacet
  facet normal -0.831469612302542 -0.5555702330196071 0
    outer loop
      vertex 25.245377348640716 9.839275143819185 1.4
      vertex 25.245377348640716 9.839275143819185 0
      vertex 25.405255888325765 9.6 1.4
    endloop
  endfacet
  facet normal -0.4422886902189993 -0.8968727415326894 0
    outer loop
      vertex 24.6 10.405255888325765 1.4
      vertex 24.3419035512032 10.53253497152483 0
      vertex 24.6 10.405255888325765 0
    endloop
  endfacet
  facet normal -0.5555702330196028 -0.8314696123025449 0
    outer loop
      vertex 24.839275143819187 10.245377348640718 1.4
      vertex 24.6 10.405255888325765 0
      vertex 24.839275143819187 10.245377348640718 0
    endloop
  endfacet
  facet normal -0.6593458151000695 -0.7518398074789769 0
    outer loop
      vertex 25.055634918610405 10.055634918610405 1.4
      vertex 24.839275143819187 10.245377348640718 0
      vertex 25.055634918610405 10.055634918610405 0
    endloop
  endfacet
  facet normal -0.7518398074789826 -0.6593458151000631 0
    outer loop
      vertex 25.245377348640716 9.839275143819185 1.4
      vertex 25.055634918610405 10.055634918610405 0
      vertex 25.245377348640716 9.839275143819185 0
    endloop
  endfacet
  facet normal -0.5555702330196028 -0.8314696123025449 0
    outer loop
      vertex 24.839275143819187 10.245377348640718 1.4
      vertex 24.6 10.405255888325765 1.4
      vertex 24.6 10.405255888325765 0
    endloop
  endfacet
  facet normal -0.6593458151000695 -0.7518398074789769 0
    outer loop
      vertex 24.839275143819187 10.245377348640718 1.4
      vertex 24.839275143819187 10.245377348640718 0
      vertex 25.055634918610405 10.055634918610405 1.4
    endloop
  endfacet
  facet normal -0.7518398074789826 -0.6593458151000631 0
    outer loop
      vertex 25.055634918610405 10.055634918610405 1.4
      vertex 25.055634918610405 10.055634918610405 0
      vertex 25.245377348640716 9.839275143819185 1.4
    endloop
  endfacet
  facet normal 0 0 -1
    outer loop
      vertex 24.075 9.495929214352104 1.4
      vertex 24.3419035512032 10.53253497152483 1.4
      vertex 24.20007564336003 9.41235634133492 1.4
    endloop
  endfacet
  facet normal 0 0 -1
    outer loop
      vertex 24.20007564336003 9.41235634133492 1.4
      vertex 24.3419035512032 10.53253497152483 1.4
      vertex 24.31317279836453 9.31317279836453 1.4
    endloop
  endfacet
  facet normal 0 0 -1
    outer loop
      vertex 24.31317279836453 9.31317279836453 1.4
      vertex 24.3419035512032 10.53253497152483 1.4
      vertex 24.41235634133492 9.200075643360028 1.4
    endloop
  endfacet
  facet normal 0 0 -1
    outer loop
      vertex 23.5 9.65 1.4
      vertex 23.787157622884113 10.681178695022382 1.4
      vertex 23.65010512105306 9.640161590579883 1.4
    endloop
  endfacet
  facet normal 0 0 -1
    outer loop
      vertex 23.65010512105306 9.640161590579883 1.4
      vertex 23.787157622884113 10.681178695022382 1.4
      vertex 23.797641901867898 9.610814700232428 1.4
    endloop
  endfacet
  facet normal 0 0 -1
    outer loop
      vertex 23.5 9.65 1.4
      vertex 23.5 10.7 1.4
      vertex 23.787157622884113 10.681178695022382 1.4
    endloop
  endfacet
  facet normal 0 0 -1
    outer loop
      vertex 23.940085947219853 9.56246146238798 1.4
      vertex 23.797641901867898 9.610814700232428 1.4
      vertex 24.069401899225547 10.625036817835952 1.4
    endloop
  endfacet
  facet normal 0 0 -1
    outer loop
      vertex 23.797641901867898 9.610814700232428 1.4
      vertex 23.787157622884113 10.681178695022382 1.4
      vertex 24.069401899225547 10.625036817835952 1.4
    endloop
  endfacet
  facet normal 0 0 -1
    outer loop
      vertex 23.940085947219853 9.56246146238798 1.4
      vertex 24.069401899225547 10.625036817835952 1.4
      vertex 24.075 9.495929214352104 1.4
    endloop
  endfacet
  facet normal 0 0 -1
    outer loop
      vertex 24.075 9.495929214352104 1.4
      vertex 24.069401899225547 10.625036817835952 1.4
      vertex 24.3419035512032 10.53253497152483 1.4
    endloop
  endfacet
  facet normal 0 0 -1
    outer loop
      vertex 24.41235634133492 9.200075643360028 1.4
      vertex 24.3419035512032 10.53253497152483 1.4
      vertex 24.6 10.405255888325765 1.4
    endloop
  endfacet
  facet normal 0 0 -1
    outer loop
      vertex 24.839275143819187 6.754622651359282 1.4
      vertex 24.640161590579883 8.650105121053059 1.4
      vertex 24.6 10.405255888325765 1.4
    endloop
  endfacet
  facet normal 0 0 -1
    outer loop
      vertex 24.610814700232428 8.797641901867898 1.4
      vertex 24.6 10.405255888325765 1.4
      vertex 24.640161590579883 8.650105121053059 1.4
    endloop
  endfacet
  facet normal 0 0 -1
    outer loop
      vertex 24.610814700232428 8.797641901867898 1.4
      vertex 24.56246146238798 8.940085947219853 1.4
      vertex 24.6 10.405255888325765 1.4
    endloop
  endfacet
  facet normal 0 0 -1
    outer loop
      vertex 24.41235634133492 9.200075643360028 1.4
      vertex 24.6 10.405255888325765 1.4
      vertex 24.495929214352103 9.075 1.4
    endloop
  endfacet
  facet normal 0 0 -1
    outer loop
      vertex 24.56246146238798 8.940085947219853 1.4
      vertex 24.495929214352103 9.075 1.4
      vertex 24.6 10.405255888325765 1.4
    endloop
  endfacet
  facet normal 0 0 -1
    outer loop
      vertex 24.839275143819187 6.754622651359282 1.4
      vertex 24.6 10.405255888325765 1.4
      vertex 24.839275143819187 10.245377348640718 1.4
    endloop
  endfacet
  facet normal 0 0 -1
    outer loop
      vertex 25.245377348640716 7.160724856180814 1.4
      vertex 25.055634918610405 10.055634918610405 1.4
      vertex 25.245377348640716 9.839275143819185 1.4
    endloop
  endfacet
  facet normal 0 0 -1
    outer loop
      vertex 25.245377348640716 9.839275143819185 1.4
      vertex 25.405255888325765 9.6 1.4
      vertex 25.405255888325765 7.4 1.4
    endloop
  endfacet
  facet normal 0 0 -1
    outer loop
      vertex 25.055634918610405 6.944365081389595 1.4
      vertex 24.839275143819187 10.245377348640718 1.4
      vertex 25.055634918610405 10.055634918610405 1.4
    endloop
  endfacet
  facet normal -0.8968727415326868 0.4422886902190043 0
    outer loop
      vertex 25.405255888325765 7.4 1.4
      vertex 25.532534971524832 7.658096448796803 0
      vertex 25.405255888325765 7.4 0
    endloop
  endfacet
  facet normal -0.9469301294951056 0.32143946530316186 0
    outer loop
      vertex 25.532534971524832 7.658096448796803 1.4
      vertex 25.62503681783595 7.930598100774454 0
      vertex 25.532534971524832 7.658096448796803 0
    endloop
  endfacet
  facet normal -0.9807852804032321 0.1950903220161202 0
    outer loop
      vertex 25.62503681783595 7.930598100774454 1.4
      vertex 25.681178695022382 8.212842377115887 0
      vertex 25.62503681783595 7.930598100774454 0
    endloop
  endfacet
  facet normal -0.8968727415326868 0.4422886902190043 0
    outer loop
      vertex 25.405255888325765 7.4 1.4
      vertex 25.532534971524832 7.658096448796803 1.4
      vertex 25.532534971524832 7.658096448796803 0
    endloop
  endfacet
  facet normal -0.9469301294951056 0.32143946530316186 0
    outer loop
      vertex 25.532534971524832 7.658096448796803 1.4
      vertex 25.62503681783595 7.930598100774454 1.4
      vertex 25.62503681783595 7.930598100774454 0
    endloop
  endfacet
  facet normal -0.9807852804032321 0.1950903220161202 0
    outer loop
      vertex 25.62503681783595 7.930598100774454 1.4
      vertex 25.681178695022382 8.212842377115887 1.4
      vertex 25.681178695022382 8.212842377115887 0
    endloop
  endfacet
  facet normal 0 0 -1
    outer loop
      vertex 25.405255888325765 7.4 1.4
      vertex 25.405255888325765 9.6 1.4
      vertex 25.532534971524832 7.658096448796803 1.4
    endloop
  endfacet
  facet normal -0.9978589232386035 0.06540312923014414 0
    outer loop
      vertex 25.681178695022382 8.212842377115887 1.4
      vertex 25.7 8.5 0
      vertex 25.681178695022382 8.212842377115887 0
    endloop
  endfacet
  facet normal -0.9978589232386035 -0.06540312923014414 0
    outer loop
      vertex 25.7 8.5 1.4
      vertex 25.681178695022382 8.787157622884113 0
      vertex 25.7 8.5 0
    endloop
  endfacet
  facet normal -0.9807852804032321 -0.1950903220161196 0
    outer loop
      vertex 25.681178695022382 8.787157622884113 1.4
      vertex 25.62503681783595 9.069401899225547 0
      vertex 25.681178695022382 8.787157622884113 0
    endloop
  endfacet
  facet normal -0.9469301294951052 -0.3214394653031628 0
    outer loop
      vertex 25.62503681783595 9.069401899225547 1.4
      vertex 25.532534971524832 9.341903551203197 0
      vertex 25.62503681783595 9.069401899225547 0
    endloop
  endfacet
  facet normal -0.8968727415326868 -0.4422886902190043 0
    outer loop
      vertex 25.532534971524832 9.341903551203197 1.4
      vertex 25.405255888325765 9.6 0
      vertex 25.532534971524832 9.341903551203197 0
    endloop
  endfacet
  facet normal -0.9978589232386035 0.06540312923014414 0
    outer loop
      vertex 25.681178695022382 8.212842377115887 1.4
      vertex 25.7 8.5 1.4
      vertex 25.7 8.5 0
    endloop
  endfacet
  facet normal -0.9978589232386035 -0.06540312923014414 0
    outer loop
      vertex 25.7 8.5 1.4
      vertex 25.681178695022382 8.787157622884113 1.4
      vertex 25.681178695022382 8.787157622884113 0
    endloop
  endfacet
  facet normal -0.9807852804032321 -0.1950903220161196 0
    outer loop
      vertex 25.681178695022382 8.787157622884113 1.4
      vertex 25.62503681783595 9.069401899225547 1.4
      vertex 25.62503681783595 9.069401899225547 0
    endloop
  endfacet
  facet normal -0.9469301294951052 -0.3214394653031628 0
    outer loop
      vertex 25.62503681783595 9.069401899225547 1.4
      vertex 25.532534971524832 9.341903551203197 1.4
      vertex 25.532534971524832 9.341903551203197 0
    endloop
  endfacet
  facet normal -0.8968727415326868 -0.4422886902190043 0
    outer loop
      vertex 25.532534971524832 9.341903551203197 1.4
      vertex 25.405255888325765 9.6 1.4
      vertex 25.405255888325765 9.6 0
    endloop
  endfacet
  facet normal 0 0 -1
    outer loop
      vertex 25.532534971524832 7.658096448796803 1.4
      vertex 25.532534971524832 9.341903551203197 1.4
      vertex 25.62503681783595 7.930598100774454 1.4
    endloop
  endfacet
  facet normal 0 0 -1
    outer loop
      vertex 25.62503681783595 7.930598100774454 1.4
      vertex 25.532534971524832 9.341903551203197 1.4
      vertex 25.62503681783595 9.069401899225547 1.4
    endloop
  endfacet
  facet normal 0 0 -1
    outer loop
      vertex 25.532534971524832 7.658096448796803 1.4
      vertex 25.405255888325765 9.6 1.4
      vertex 25.532534971524832 9.341903551203197 1.4
    endloop
  endfacet
  facet normal 0 0 -1
    outer loop
      vertex 25.62503681783595 7.930598100774454 1.4
      vertex 25.62503681783595 9.069401899225547 1.4
      vertex 25.681178695022382 8.212842377115887 1.4
    endloop
  endfacet
  facet normal 0 0 -1
    outer loop
      vertex 25.681178695022382 8.212842377115887 1.4
      vertex 25.681178695022382 8.787157622884113 1.4
      vertex 25.7 8.5 1.4
    endloop
  endfacet
  facet normal 0 0 -1
    outer loop
      vertex 25.681178695022382 8.212842377115887 1.4
      vertex 25.62503681783595 9.069401899225547 1.4
      vertex 25.681178695022382 8.787157622884113 1.4
    endloop
  endfacet
  facet normal 0.9469301294951058 0.3214394653031608 0
    outer loop
      vertex 12.857926095308583 35.66000762332572 2.4
      vertex 12.929404794730813 35.44943816497935 0
      vertex 12.857926095308583 35.66000762332572 0
    endloop
  endfacet
  facet normal 0.9807852804032304 0.19509032201612841 0
    outer loop
      vertex 12.814543735664522 35.878105473225915 2.4
      vertex 12.857926095308583 35.66000762332572 0
      vertex 12.814543735664522 35.878105473225915 0
    endloop
  endfacet
  facet normal 0.8968727415326876 0.4422886902190028 0
    outer loop
      vertex 12.929404794730813 35.44943816497935 2.4
      vertex 13.027756813566455 35.25 0
      vertex 12.929404794730813 35.44943816497935 0
    endloop
  endfacet
  facet normal 0.8314696123025439 0.5555702330196043 0
    outer loop
      vertex 13.027756813566455 35.25 2.4
      vertex 13.1512993215049 35.065105570685176 0
      vertex 13.027756813566455 35.25 0
    endloop
  endfacet
  facet normal 0.7518398074789798 0.6593458151000662 0
    outer loop
      vertex 13.1512993215049 35.065105570685176 2.4
      vertex 13.29791847198287 34.89791847198287 0
      vertex 13.1512993215049 35.065105570685176 0
    endloop
  endfacet
  facet normal 0.6593458151000656 0.7518398074789802 0
    outer loop
      vertex 13.29791847198287 34.89791847198287 2.4
      vertex 13.465105570685175 34.7512993215049 0
      vertex 13.29791847198287 34.89791847198287 0
    endloop
  endfacet
  facet normal 0.5555702330196005 0.8314696123025463 0
    outer loop
      vertex 13.465105570685175 34.7512993215049 2.4
      vertex 13.65 34.62775681356646 0
      vertex 13.465105570685175 34.7512993215049 0
    endloop
  endfacet
  facet normal 0.9978589232386037 0.06540312923013784 0
    outer loop
      vertex 12.8 36.1 2.4
      vertex 12.814543735664522 35.878105473225915 0
      vertex 12.8 36.1 0
    endloop
  endfacet
  facet normal 0.44228869021899947 0.8968727415326891 0
    outer loop
      vertex 13.65 34.62775681356646 2.4
      vertex 13.849438164979347 34.529404794730816 0
      vertex 13.65 34.62775681356646 0
    endloop
  endfacet
  facet normal 0.3214394653031633 0.946930129495105 0
    outer loop
      vertex 13.849438164979347 34.529404794730816 2.4
      vertex 14.060007623325715 34.457926095308586 0
      vertex 13.849438164979347 34.529404794730816 0
    endloop
  endfacet
  facet normal 0.1950903220161361 0.980785280403229 0
    outer loop
      vertex 14.060007623325715 34.457926095308586 2.4
      vertex 14.278105473225912 34.41454373566452 0
      vertex 14.060007623325715 34.457926095308586 0
    endloop
  endfacet
  facet normal 0.06540312923015323 0.9978589232386027 0
    outer loop
      vertex 14.278105473225912 34.41454373566452 2.4
      vertex 14.5 34.4 0
      vertex 14.278105473225912 34.41454373566452 0
    endloop
  endfacet
  facet normal 0.9469301294951058 0.3214394653031608 0
    outer loop
      vertex 12.857926095308583 35.66000762332572 2.4
      vertex 12.929404794730813 35.44943816497935 2.4
      vertex 12.929404794730813 35.44943816497935 0
    endloop
  endfacet
  facet normal 0.9807852804032304 0.19509032201612841 0
    outer loop
      vertex 12.857926095308583 35.66000762332572 2.4
      vertex 12.857926095308583 35.66000762332572 0
      vertex 12.814543735664522 35.878105473225915 2.4
    endloop
  endfacet
  facet normal 0.8968727415326876 0.4422886902190028 0
    outer loop
      vertex 12.929404794730813 35.44943816497935 2.4
      vertex 13.027756813566455 35.25 2.4
      vertex 13.027756813566455 35.25 0
    endloop
  endfacet
  facet normal 0.8314696123025439 0.5555702330196043 0
    outer loop
      vertex 13.027756813566455 35.25 2.4
      vertex 13.1512993215049 35.065105570685176 2.4
      vertex 13.1512993215049 35.065105570685176 0
    endloop
  endfacet
  facet normal 0.7518398074789798 0.6593458151000662 0
    outer loop
      vertex 13.1512993215049 35.065105570685176 2.4
      vertex 13.29791847198287 34.89791847198287 2.4
      vertex 13.29791847198287 34.89791847198287 0
    endloop
  endfacet
  facet normal 0.6593458151000656 0.7518398074789802 0
    outer loop
      vertex 13.29791847198287 34.89791847198287 2.4
      vertex 13.465105570685175 34.7512993215049 2.4
      vertex 13.465105570685175 34.7512993215049 0
    endloop
  endfacet
  facet normal 0.5555702330196005 0.8314696123025463 0
    outer loop
      vertex 13.65 34.62775681356646 2.4
      vertex 13.65 34.62775681356646 0
      vertex 13.465105570685175 34.7512993215049 2.4
    endloop
  endfacet
  facet normal 0.9978589232386037 0.06540312923013784 0
    outer loop
      vertex 12.814543735664522 35.878105473225915 2.4
      vertex 12.814543735664522 35.878105473225915 0
      vertex 12.8 36.1 2.4
    endloop
  endfacet
  facet normal 0.44228869021899947 0.8968727415326891 0
    outer loop
      vertex 13.65 34.62775681356646 2.4
      vertex 13.849438164979347 34.529404794730816 2.4
      vertex 13.849438164979347 34.529404794730816 0
    endloop
  endfacet
  facet normal 0.3214394653031633 0.946930129495105 0
    outer loop
      vertex 13.849438164979347 34.529404794730816 2.4
      vertex 14.060007623325715 34.457926095308586 2.4
      vertex 14.060007623325715 34.457926095308586 0
    endloop
  endfacet
  facet normal 0.1950903220161361 0.980785280403229 0
    outer loop
      vertex 14.060007623325715 34.457926095308586 2.4
      vertex 14.278105473225912 34.41454373566452 2.4
      vertex 14.278105473225912 34.41454373566452 0
    endloop
  endfacet
  facet normal 0.06540312923015323 0.9978589232386027 0
    outer loop
      vertex 14.278105473225912 34.41454373566452 2.4
      vertex 14.5 34.4 2.4
      vertex 14.5 34.4 0
    endloop
  endfacet
  facet normal 1 0 0
    outer loop
      vertex 12.8 42.1 2.4
      vertex 12.8 36.1 0
      vertex 12.8 42.1 0
    endloop
  endfacet
  facet normal 1 0 0
    outer loop
      vertex 12.8 36.1 2.4
      vertex 12.8 36.1 0
      vertex 12.8 42.1 2.4
    endloop
  endfacet
  facet normal 0.9978589232386037 -0.06540312923013784 0
    outer loop
      vertex 12.814543735664522 42.32189452677409 2.4
      vertex 12.8 42.1 0
      vertex 12.814543735664522 42.32189452677409 0
    endloop
  endfacet
  facet normal 0.9807852804032304 -0.19509032201612841 0
    outer loop
      vertex 12.857926095308583 42.539992376674284 2.4
      vertex 12.814543735664522 42.32189452677409 0
      vertex 12.857926095308583 42.539992376674284 0
    endloop
  endfacet
  facet normal 0.9469301294951058 -0.3214394653031608 0
    outer loop
      vertex 12.929404794730813 42.750561835020655 2.4
      vertex 12.857926095308583 42.539992376674284 0
      vertex 12.929404794730813 42.750561835020655 0
    endloop
  endfacet
  facet normal 0.8968727415326876 -0.4422886902190028 0
    outer loop
      vertex 13.027756813566455 42.95 2.4
      vertex 12.929404794730813 42.750561835020655 0
      vertex 13.027756813566455 42.95 0
    endloop
  endfacet
  facet normal 0.8314696123025439 -0.5555702330196043 0
    outer loop
      vertex 13.1512993215049 43.134894429314826 2.4
      vertex 13.027756813566455 42.95 0
      vertex 13.1512993215049 43.134894429314826 0
    endloop
  endfacet
  facet normal 0.7518398074789798 -0.6593458151000662 0
    outer loop
      vertex 13.29791847198287 43.30208152801713 2.4
      vertex 13.1512993215049 43.134894429314826 0
      vertex 13.29791847198287 43.30208152801713 0
    endloop
  endfacet
  facet normal 0.6593458151000656 -0.7518398074789802 0
    outer loop
      vertex 13.465105570685175 43.4487006784951 2.4
      vertex 13.29791847198287 43.30208152801713 0
      vertex 13.465105570685175 43.4487006784951 0
    endloop
  endfacet
  facet normal 0.5555702330196005 -0.8314696123025463 0
    outer loop
      vertex 13.65 43.572243186433546 2.4
      vertex 13.465105570685175 43.4487006784951 0
      vertex 13.65 43.572243186433546 0
    endloop
  endfacet
  facet normal 0.44228869021899947 -0.8968727415326891 0
    outer loop
      vertex 13.849438164979347 43.67059520526919 2.4
      vertex 13.65 43.572243186433546 0
      vertex 13.849438164979347 43.67059520526919 0
    endloop
  endfacet
  facet normal 0.3214394653031633 -0.946930129495105 0
    outer loop
      vertex 14.060007623325715 43.742073904691416 2.4
      vertex 13.849438164979347 43.67059520526919 0
      vertex 14.060007623325715 43.742073904691416 0
    endloop
  endfacet
  facet normal 0.1950903220161361 -0.980785280403229 0
    outer loop
      vertex 14.278105473225912 43.78545626433548 2.4
      vertex 14.060007623325715 43.742073904691416 0
      vertex 14.278105473225912 43.78545626433548 0
    endloop
  endfacet
  facet normal 0.06540312923015323 -0.9978589232386027 0
    outer loop
      vertex 14.5 43.800000000000004 2.4
      vertex 14.278105473225912 43.78545626433548 0
      vertex 14.5 43.800000000000004 0
    endloop
  endfacet
  facet normal 0.9978589232386037 -0.06540312923013784 0
    outer loop
      vertex 12.8 42.1 2.4
      vertex 12.8 42.1 0
      vertex 12.814543735664522 42.32189452677409 2.4
    endloop
  endfacet
  facet normal 0.9807852804032304 -0.19509032201612841 0
    outer loop
      vertex 12.814543735664522 42.32189452677409 2.4
      vertex 12.814543735664522 42.32189452677409 0
      vertex 12.857926095308583 42.539992376674284 2.4
    endloop
  endfacet
  facet normal 0.9469301294951058 -0.3214394653031608 0
    outer loop
      vertex 12.857926095308583 42.539992376674284 2.4
      vertex 12.857926095308583 42.539992376674284 0
      vertex 12.929404794730813 42.750561835020655 2.4
    endloop
  endfacet
  facet normal 0.8968727415326876 -0.4422886902190028 0
    outer loop
      vertex 12.929404794730813 42.750561835020655 2.4
      vertex 12.929404794730813 42.750561835020655 0
      vertex 13.027756813566455 42.95 2.4
    endloop
  endfacet
  facet normal 0.8314696123025439 -0.5555702330196043 0
    outer loop
      vertex 13.027756813566455 42.95 2.4
      vertex 13.027756813566455 42.95 0
      vertex 13.1512993215049 43.134894429314826 2.4
    endloop
  endfacet
  facet normal 0.7518398074789798 -0.6593458151000662 0
    outer loop
      vertex 13.1512993215049 43.134894429314826 2.4
      vertex 13.1512993215049 43.134894429314826 0
      vertex 13.29791847198287 43.30208152801713 2.4
    endloop
  endfacet
  facet normal 0.6593458151000656 -0.7518398074789802 0
    outer loop
      vertex 13.29791847198287 43.30208152801713 2.4
      vertex 13.29791847198287 43.30208152801713 0
      vertex 13.465105570685175 43.4487006784951 2.4
    endloop
  endfacet
  facet normal 0.5555702330196005 -0.8314696123025463 0
    outer loop
      vertex 13.465105570685175 43.4487006784951 2.4
      vertex 13.465105570685175 43.4487006784951 0
      vertex 13.65 43.572243186433546 2.4
    endloop
  endfacet
  facet normal 0.44228869021899947 -0.8968727415326891 0
    outer loop
      vertex 13.65 43.572243186433546 2.4
      vertex 13.65 43.572243186433546 0
      vertex 13.849438164979347 43.67059520526919 2.4
    endloop
  endfacet
  facet normal 0.3214394653031633 -0.946930129495105 0
    outer loop
      vertex 13.849438164979347 43.67059520526919 2.4
      vertex 13.849438164979347 43.67059520526919 0
      vertex 14.060007623325715 43.742073904691416 2.4
    endloop
  endfacet
  facet normal 0.1950903220161361 -0.980785280403229 0
    outer loop
      vertex 14.060007623325715 43.742073904691416 2.4
      vertex 14.060007623325715 43.742073904691416 0
      vertex 14.278105473225912 43.78545626433548 2.4
    endloop
  endfacet
  facet normal 0.06540312923015323 -0.9978589232386027 0
    outer loop
      vertex 14.278105473225912 43.78545626433548 2.4
      vertex 14.278105473225912 43.78545626433548 0
      vertex 14.5 43.800000000000004 2.4
    endloop
  endfacet
  facet normal -0.06540312923015323 0.9978589232386027 0
    outer loop
      vertex 14.5 34.4 2.4
      vertex 14.721894526774088 34.41454373566452 0
      vertex 14.5 34.4 0
    endloop
  endfacet
  facet normal -0.1950903220161361 0.980785280403229 0
    outer loop
      vertex 14.721894526774088 34.41454373566452 2.4
      vertex 14.939992376674285 34.457926095308586 0
      vertex 14.721894526774088 34.41454373566452 0
    endloop
  endfacet
  facet normal -0.3214394653031633 0.946930129495105 0
    outer loop
      vertex 14.939992376674285 34.457926095308586 2.4
      vertex 15.150561835020653 34.529404794730816 0
      vertex 14.939992376674285 34.457926095308586 0
    endloop
  endfacet
  facet normal -0.44228869021899947 0.8968727415326891 0
    outer loop
      vertex 15.150561835020653 34.529404794730816 2.4
      vertex 15.35 34.62775681356646 0
      vertex 15.150561835020653 34.529404794730816 0
    endloop
  endfacet
  facet normal -0.5555702330196005 0.8314696123025463 0
    outer loop
      vertex 15.35 34.62775681356646 2.4
      vertex 15.534894429314825 34.7512993215049 0
      vertex 15.35 34.62775681356646 0
    endloop
  endfacet
  facet normal -0.6593458151000656 0.7518398074789802 0
    outer loop
      vertex 15.534894429314825 34.7512993215049 2.4
      vertex 15.70208152801713 34.89791847198287 0
      vertex 15.534894429314825 34.7512993215049 0
    endloop
  endfacet
  facet normal -0.7518398074789798 0.6593458151000662 0
    outer loop
      vertex 15.70208152801713 34.89791847198287 2.4
      vertex 15.8487006784951 35.065105570685176 0
      vertex 15.70208152801713 34.89791847198287 0
    endloop
  endfacet
  facet normal -0.8314696123025439 0.5555702330196043 0
    outer loop
      vertex 15.8487006784951 35.065105570685176 2.4
      vertex 15.972243186433545 35.25 0
      vertex 15.8487006784951 35.065105570685176 0
    endloop
  endfacet
  facet normal -0.8968727415326907 0.44228869021899636 0
    outer loop
      vertex 15.972243186433545 35.25 2.4
      vertex 16.070595205269186 35.44943816497935 0
      vertex 15.972243186433545 35.25 0
    endloop
  endfacet
  facet normal -0.9469301294951058 0.3214394653031608 0
    outer loop
      vertex 16.070595205269186 35.44943816497935 2.4
      vertex 16.142073904691415 35.66000762332572 0
      vertex 16.070595205269186 35.44943816497935 0
    endloop
  endfacet
  facet normal -0.980785280403229 0.1950903220161361 0
    outer loop
      vertex 16.142073904691415 35.66000762332572 2.4
      vertex 16.18545626433548 35.878105473225915 0
      vertex 16.142073904691415 35.66000762332572 0
    endloop
  endfacet
  facet normal -0.9978589232386037 0.06540312923013784 0
    outer loop
      vertex 16.18545626433548 35.878105473225915 2.4
      vertex 16.2 36.1 0
      vertex 16.18545626433548 35.878105473225915 0
    endloop
  endfacet
  facet normal -0.06540312923015323 0.9978589232386027 0
    outer loop
      vertex 14.5 34.4 2.4
      vertex 14.721894526774088 34.41454373566452 2.4
      vertex 14.721894526774088 34.41454373566452 0
    endloop
  endfacet
  facet normal -0.1950903220161361 0.980785280403229 0
    outer loop
      vertex 14.721894526774088 34.41454373566452 2.4
      vertex 14.939992376674285 34.457926095308586 2.4
      vertex 14.939992376674285 34.457926095308586 0
    endloop
  endfacet
  facet normal -0.3214394653031633 0.946930129495105 0
    outer loop
      vertex 14.939992376674285 34.457926095308586 2.4
      vertex 15.150561835020653 34.529404794730816 2.4
      vertex 15.150561835020653 34.529404794730816 0
    endloop
  endfacet
  facet normal -0.44228869021899947 0.8968727415326891 0
    outer loop
      vertex 15.150561835020653 34.529404794730816 2.4
      vertex 15.35 34.62775681356646 2.4
      vertex 15.35 34.62775681356646 0
    endloop
  endfacet
  facet normal -0.5555702330196005 0.8314696123025463 0
    outer loop
      vertex 15.35 34.62775681356646 2.4
      vertex 15.534894429314825 34.7512993215049 2.4
      vertex 15.534894429314825 34.7512993215049 0
    endloop
  endfacet
  facet normal -0.6593458151000656 0.7518398074789802 0
    outer loop
      vertex 15.534894429314825 34.7512993215049 2.4
      vertex 15.70208152801713 34.89791847198287 2.4
      vertex 15.70208152801713 34.89791847198287 0
    endloop
  endfacet
  facet normal -0.7518398074789798 0.6593458151000662 0
    outer loop
      vertex 15.70208152801713 34.89791847198287 2.4
      vertex 15.8487006784951 35.065105570685176 2.4
      vertex 15.8487006784951 35.065105570685176 0
    endloop
  endfacet
  facet normal -0.8314696123025439 0.5555702330196043 0
    outer loop
      vertex 15.8487006784951 35.065105570685176 2.4
      vertex 15.972243186433545 35.25 2.4
      vertex 15.972243186433545 35.25 0
    endloop
  endfacet
  facet normal -0.8968727415326907 0.44228869021899636 0
    outer loop
      vertex 15.972243186433545 35.25 2.4
      vertex 16.070595205269186 35.44943816497935 2.4
      vertex 16.070595205269186 35.44943816497935 0
    endloop
  endfacet
  facet normal -0.9469301294951058 0.3214394653031608 0
    outer loop
      vertex 16.070595205269186 35.44943816497935 2.4
      vertex 16.142073904691415 35.66000762332572 2.4
      vertex 16.142073904691415 35.66000762332572 0
    endloop
  endfacet
  facet normal -0.980785280403229 0.1950903220161361 0
    outer loop
      vertex 16.142073904691415 35.66000762332572 2.4
      vertex 16.18545626433548 35.878105473225915 2.4
      vertex 16.18545626433548 35.878105473225915 0
    endloop
  endfacet
  facet normal -0.9978589232386037 0.06540312923013784 0
    outer loop
      vertex 16.18545626433548 35.878105473225915 2.4
      vertex 16.2 36.1 2.4
      vertex 16.2 36.1 0
    endloop
  endfacet
  facet normal -1 0 0
    outer loop
      vertex 16.2 36.1 2.4
      vertex 16.2 42.1 0
      vertex 16.2 36.1 0
    endloop
  endfacet
  facet normal -1 0 0
    outer loop
      vertex 16.2 36.1 2.4
      vertex 16.2 42.1 2.4
      vertex 16.2 42.1 0
    endloop
  endfacet
  facet normal -0.06540312923015323 -0.9978589232386027 0
    outer loop
      vertex 14.721894526774088 43.78545626433548 2.4
      vertex 14.5 43.800000000000004 0
      vertex 14.721894526774088 43.78545626433548 0
    endloop
  endfacet
  facet normal -0.1950903220161361 -0.980785280403229 0
    outer loop
      vertex 14.939992376674285 43.742073904691416 2.4
      vertex 14.721894526774088 43.78545626433548 0
      vertex 14.939992376674285 43.742073904691416 0
    endloop
  endfacet
  facet normal -0.3214394653031633 -0.946930129495105 0
    outer loop
      vertex 15.150561835020653 43.67059520526919 2.4
      vertex 14.939992376674285 43.742073904691416 0
      vertex 15.150561835020653 43.67059520526919 0
    endloop
  endfacet
  facet normal -0.44228869021899947 -0.8968727415326891 0
    outer loop
      vertex 15.35 43.572243186433546 2.4
      vertex 15.150561835020653 43.67059520526919 0
      vertex 15.35 43.572243186433546 0
    endloop
  endfacet
  facet normal -0.9978589232386037 -0.06540312923013784 0
    outer loop
      vertex 16.2 42.1 2.4
      vertex 16.18545626433548 42.32189452677409 0
      vertex 16.2 42.1 0
    endloop
  endfacet
  facet normal -0.5555702330196005 -0.8314696123025463 0
    outer loop
      vertex 15.534894429314825 43.4487006784951 2.4
      vertex 15.35 43.572243186433546 0
      vertex 15.534894429314825 43.4487006784951 0
    endloop
  endfacet
  facet normal -0.6593458151000656 -0.7518398074789802 0
    outer loop
      vertex 15.70208152801713 43.30208152801713 2.4
      vertex 15.534894429314825 43.4487006784951 0
      vertex 15.70208152801713 43.30208152801713 0
    endloop
  endfacet
  facet normal -0.7518398074789798 -0.6593458151000662 0
    outer loop
      vertex 15.8487006784951 43.134894429314826 2.4
      vertex 15.70208152801713 43.30208152801713 0
      vertex 15.8487006784951 43.134894429314826 0
    endloop
  endfacet
  facet normal -0.8314696123025439 -0.5555702330196043 0
    outer loop
      vertex 15.972243186433545 42.95 2.4
      vertex 15.8487006784951 43.134894429314826 0
      vertex 15.972243186433545 42.95 0
    endloop
  endfacet
  facet normal -0.8968727415326907 -0.44228869021899636 0
    outer loop
      vertex 16.070595205269186 42.750561835020655 2.4
      vertex 15.972243186433545 42.95 0
      vertex 16.070595205269186 42.750561835020655 0
    endloop
  endfacet
  facet normal -0.980785280403229 -0.1950903220161361 0
    outer loop
      vertex 16.18545626433548 42.32189452677409 2.4
      vertex 16.142073904691415 42.539992376674284 0
      vertex 16.18545626433548 42.32189452677409 0
    endloop
  endfacet
  facet normal -0.9469301294951058 -0.3214394653031608 0
    outer loop
      vertex 16.142073904691415 42.539992376674284 2.4
      vertex 16.070595205269186 42.750561835020655 0
      vertex 16.142073904691415 42.539992376674284 0
    endloop
  endfacet
  facet normal -0.06540312923015323 -0.9978589232386027 0
    outer loop
      vertex 14.5 43.800000000000004 2.4
      vertex 14.5 43.800000000000004 0
      vertex 14.721894526774088 43.78545626433548 2.4
    endloop
  endfacet
  facet normal -0.1950903220161361 -0.980785280403229 0
    outer loop
      vertex 14.939992376674285 43.742073904691416 2.4
      vertex 14.721894526774088 43.78545626433548 2.4
      vertex 14.721894526774088 43.78545626433548 0
    endloop
  endfacet
  facet normal -0.3214394653031633 -0.946930129495105 0
    outer loop
      vertex 14.939992376674285 43.742073904691416 2.4
      vertex 14.939992376674285 43.742073904691416 0
      vertex 15.150561835020653 43.67059520526919 2.4
    endloop
  endfacet
  facet normal -0.44228869021899947 -0.8968727415326891 0
    outer loop
      vertex 15.150561835020653 43.67059520526919 2.4
      vertex 15.150561835020653 43.67059520526919 0
      vertex 15.35 43.572243186433546 2.4
    endloop
  endfacet
  facet normal -0.9978589232386037 -0.06540312923013784 0
    outer loop
      vertex 16.2 42.1 2.4
      vertex 16.18545626433548 42.32189452677409 2.4
      vertex 16.18545626433548 42.32189452677409 0
    endloop
  endfacet
  facet normal -0.5555702330196005 -0.8314696123025463 0
    outer loop
      vertex 15.35 43.572243186433546 2.4
      vertex 15.35 43.572243186433546 0
      vertex 15.534894429314825 43.4487006784951 2.4
    endloop
  endfacet
  facet normal -0.6593458151000656 -0.7518398074789802 0
    outer loop
      vertex 15.534894429314825 43.4487006784951 2.4
      vertex 15.534894429314825 43.4487006784951 0
      vertex 15.70208152801713 43.30208152801713 2.4
    endloop
  endfacet
  facet normal -0.7518398074789798 -0.6593458151000662 0
    outer loop
      vertex 15.70208152801713 43.30208152801713 2.4
      vertex 15.70208152801713 43.30208152801713 0
      vertex 15.8487006784951 43.134894429314826 2.4
    endloop
  endfacet
  facet normal -0.8314696123025439 -0.5555702330196043 0
    outer loop
      vertex 15.972243186433545 42.95 2.4
      vertex 15.8487006784951 43.134894429314826 2.4
      vertex 15.8487006784951 43.134894429314826 0
    endloop
  endfacet
  facet normal -0.8968727415326907 -0.44228869021899636 0
    outer loop
      vertex 15.972243186433545 42.95 2.4
      vertex 15.972243186433545 42.95 0
      vertex 16.070595205269186 42.750561835020655 2.4
    endloop
  endfacet
  facet normal -0.980785280403229 -0.1950903220161361 0
    outer loop
      vertex 16.18545626433548 42.32189452677409 2.4
      vertex 16.142073904691415 42.539992376674284 2.4
      vertex 16.142073904691415 42.539992376674284 0
    endloop
  endfacet
  facet normal -0.9469301294951058 -0.3214394653031608 0
    outer loop
      vertex 16.142073904691415 42.539992376674284 2.4
      vertex 16.070595205269186 42.750561835020655 2.4
      vertex 16.070595205269186 42.750561835020655 0
    endloop
  endfacet
  facet normal 0.8968727415326876 0.4422886902190028 0
    outer loop
      vertex 12.929404794730813 22.74943816497935 2.4
      vertex 13.027756813566455 22.55 0
      vertex 12.929404794730813 22.74943816497935 0
    endloop
  endfacet
  facet normal 0.8314696123025439 0.5555702330196043 0
    outer loop
      vertex 13.027756813566455 22.55 2.4
      vertex 13.1512993215049 22.365105570685177 0
      vertex 13.027756813566455 22.55 0
    endloop
  endfacet
  facet normal 0.5555702330196005 0.8314696123025463 0
    outer loop
      vertex 13.465105570685175 22.051299321504903 2.4
      vertex 13.65 21.927756813566457 0
      vertex 13.465105570685175 22.051299321504903 0
    endloop
  endfacet
  facet normal 0.7518398074789798 0.6593458151000662 0
    outer loop
      vertex 13.1512993215049 22.365105570685177 2.4
      vertex 13.29791847198287 22.19791847198287 0
      vertex 13.1512993215049 22.365105570685177 0
    endloop
  endfacet
  facet normal 0.6593458151000656 0.7518398074789802 0
    outer loop
      vertex 13.29791847198287 22.19791847198287 2.4
      vertex 13.465105570685175 22.051299321504903 0
      vertex 13.29791847198287 22.19791847198287 0
    endloop
  endfacet
  facet normal 0.9469301294951042 0.3214394653031657 0
    outer loop
      vertex 12.857926095308583 22.960007623325716 2.4
      vertex 12.929404794730813 22.74943816497935 0
      vertex 12.857926095308583 22.960007623325716 0
    endloop
  endfacet
  facet normal 0.9807852804032311 0.19509032201612536 0
    outer loop
      vertex 12.814543735664522 23.178105473225916 2.4
      vertex 12.857926095308583 22.960007623325716 0
      vertex 12.814543735664522 23.178105473225916 0
    endloop
  endfacet
  facet normal 0.9978589232386037 0.06540312923013784 0
    outer loop
      vertex 12.8 23.400000000000002 2.4
      vertex 12.814543735664522 23.178105473225916 0
      vertex 12.8 23.400000000000002 0
    endloop
  endfacet
  facet normal 0.44228869021901235 0.8968727415326828 0
    outer loop
      vertex 13.65 21.927756813566457 2.4
      vertex 13.849438164979347 21.829404794730813 0
      vertex 13.65 21.927756813566457 0
    endloop
  endfacet
  facet normal 0.321439465303149 0.9469301294951099 0
    outer loop
      vertex 13.849438164979347 21.829404794730813 2.4
      vertex 14.060007623325715 21.757926095308587 0
      vertex 13.849438164979347 21.829404794730813 0
    endloop
  endfacet
  facet normal 0.1950903220161361 0.980785280403229 0
    outer loop
      vertex 14.060007623325715 21.757926095308587 2.4
      vertex 14.278105473225912 21.714543735664524 0
      vertex 14.060007623325715 21.757926095308587 0
    endloop
  endfacet
  facet normal 0.06540312923013732 0.9978589232386038 0
    outer loop
      vertex 14.278105473225912 21.714543735664524 2.4
      vertex 14.5 21.700000000000003 0
      vertex 14.278105473225912 21.714543735664524 0
    endloop
  endfacet
  facet normal 0.9469301294951042 0.3214394653031657 0
    outer loop
      vertex 12.929404794730813 22.74943816497935 2.4
      vertex 12.929404794730813 22.74943816497935 0
      vertex 12.857926095308583 22.960007623325716 2.4
    endloop
  endfacet
  facet normal 0.8314696123025439 0.5555702330196043 0
    outer loop
      vertex 13.1512993215049 22.365105570685177 2.4
      vertex 13.1512993215049 22.365105570685177 0
      vertex 13.027756813566455 22.55 2.4
    endloop
  endfacet
  facet normal 0.8968727415326876 0.4422886902190028 0
    outer loop
      vertex 12.929404794730813 22.74943816497935 2.4
      vertex 13.027756813566455 22.55 2.4
      vertex 13.027756813566455 22.55 0
    endloop
  endfacet
  facet normal 0.5555702330196005 0.8314696123025463 0
    outer loop
      vertex 13.465105570685175 22.051299321504903 2.4
      vertex 13.65 21.927756813566457 2.4
      vertex 13.65 21.927756813566457 0
    endloop
  endfacet
  facet normal 0.7518398074789798 0.6593458151000662 0
    outer loop
      vertex 13.1512993215049 22.365105570685177 2.4
      vertex 13.29791847198287 22.19791847198287 2.4
      vertex 13.29791847198287 22.19791847198287 0
    endloop
  endfacet
  facet normal 0.6593458151000656 0.7518398074789802 0
    outer loop
      vertex 13.29791847198287 22.19791847198287 2.4
      vertex 13.465105570685175 22.051299321504903 2.4
      vertex 13.465105570685175 22.051299321504903 0
    endloop
  endfacet
  facet normal 0.9807852804032311 0.19509032201612536 0
    outer loop
      vertex 12.857926095308583 22.960007623325716 2.4
      vertex 12.857926095308583 22.960007623325716 0
      vertex 12.814543735664522 23.178105473225916 2.4
    endloop
  endfacet
  facet normal 0.9978589232386037 0.06540312923013784 0
    outer loop
      vertex 12.814543735664522 23.178105473225916 2.4
      vertex 12.814543735664522 23.178105473225916 0
      vertex 12.8 23.400000000000002 2.4
    endloop
  endfacet
  facet normal 0.44228869021901235 0.8968727415326828 0
    outer loop
      vertex 13.65 21.927756813566457 2.4
      vertex 13.849438164979347 21.829404794730813 2.4
      vertex 13.849438164979347 21.829404794730813 0
    endloop
  endfacet
  facet normal 0.321439465303149 0.9469301294951099 0
    outer loop
      vertex 13.849438164979347 21.829404794730813 2.4
      vertex 14.060007623325715 21.757926095308587 2.4
      vertex 14.060007623325715 21.757926095308587 0
    endloop
  endfacet
  facet normal 0.1950903220161361 0.980785280403229 0
    outer loop
      vertex 14.060007623325715 21.757926095308587 2.4
      vertex 14.278105473225912 21.714543735664524 2.4
      vertex 14.278105473225912 21.714543735664524 0
    endloop
  endfacet
  facet normal 0.06540312923013732 0.9978589232386038 0
    outer loop
      vertex 14.278105473225912 21.714543735664524 2.4
      vertex 14.5 21.700000000000003 2.4
      vertex 14.5 21.700000000000003 0
    endloop
  endfacet
  facet normal 1 0 0
    outer loop
      vertex 12.8 29.400000000000002 2.4
      vertex 12.8 23.400000000000002 0
      vertex 12.8 29.400000000000002 0
    endloop
  endfacet
  facet normal 1 0 0
    outer loop
      vertex 12.8 23.400000000000002 2.4
      vertex 12.8 23.400000000000002 0
      vertex 12.8 29.400000000000002 2.4
    endloop
  endfacet
  facet normal 0.9978589232386037 -0.06540312923013784 0
    outer loop
      vertex 12.814543735664522 29.62189452677409 2.4
      vertex 12.8 29.400000000000002 0
      vertex 12.814543735664522 29.62189452677409 0
    endloop
  endfacet
  facet normal 0.9807852804032311 -0.19509032201612536 0
    outer loop
      vertex 12.857926095308583 29.83999237667429 2.4
      vertex 12.814543735664522 29.62189452677409 0
      vertex 12.857926095308583 29.83999237667429 0
    endloop
  endfacet
  facet normal 0.9469301294951042 -0.3214394653031657 0
    outer loop
      vertex 12.929404794730813 30.050561835020655 2.4
      vertex 12.857926095308583 29.83999237667429 0
      vertex 12.929404794730813 30.050561835020655 0
    endloop
  endfacet
  facet normal 0.8968727415326876 -0.4422886902190028 0
    outer loop
      vertex 13.027756813566455 30.250000000000004 2.4
      vertex 12.929404794730813 30.050561835020655 0
      vertex 13.027756813566455 30.250000000000004 0
    endloop
  endfacet
  facet normal 0.8314696123025439 -0.5555702330196043 0
    outer loop
      vertex 13.1512993215049 30.434894429314827 2.4
      vertex 13.027756813566455 30.250000000000004 0
      vertex 13.1512993215049 30.434894429314827 0
    endloop
  endfacet
  facet normal 0.7518398074789798 -0.6593458151000662 0
    outer loop
      vertex 13.29791847198287 30.602081528017134 2.4
      vertex 13.1512993215049 30.434894429314827 0
      vertex 13.29791847198287 30.602081528017134 0
    endloop
  endfacet
  facet normal 0.6593458151000656 -0.7518398074789802 0
    outer loop
      vertex 13.465105570685175 30.7487006784951 2.4
      vertex 13.29791847198287 30.602081528017134 0
      vertex 13.465105570685175 30.7487006784951 0
    endloop
  endfacet
  facet normal 0.5555702330196005 -0.8314696123025463 0
    outer loop
      vertex 13.65 30.872243186433547 2.4
      vertex 13.465105570685175 30.7487006784951 0
      vertex 13.65 30.872243186433547 0
    endloop
  endfacet
  facet normal 0.44228869021901235 -0.8968727415326828 0
    outer loop
      vertex 13.849438164979347 30.97059520526919 2.4
      vertex 13.65 30.872243186433547 0
      vertex 13.849438164979347 30.97059520526919 0
    endloop
  endfacet
  facet normal 0.9978589232386037 -0.06540312923013784 0
    outer loop
      vertex 12.8 29.400000000000002 2.4
      vertex 12.8 29.400000000000002 0
      vertex 12.814543735664522 29.62189452677409 2.4
    endloop
  endfacet
  facet normal 0.9807852804032311 -0.19509032201612536 0
    outer loop
      vertex 12.814543735664522 29.62189452677409 2.4
      vertex 12.814543735664522 29.62189452677409 0
      vertex 12.857926095308583 29.83999237667429 2.4
    endloop
  endfacet
  facet normal 0.9469301294951042 -0.3214394653031657 0
    outer loop
      vertex 12.857926095308583 29.83999237667429 2.4
      vertex 12.857926095308583 29.83999237667429 0
      vertex 12.929404794730813 30.050561835020655 2.4
    endloop
  endfacet
  facet normal 0.8968727415326876 -0.4422886902190028 0
    outer loop
      vertex 12.929404794730813 30.050561835020655 2.4
      vertex 12.929404794730813 30.050561835020655 0
      vertex 13.027756813566455 30.250000000000004 2.4
    endloop
  endfacet
  facet normal 0.8314696123025439 -0.5555702330196043 0
    outer loop
      vertex 13.027756813566455 30.250000000000004 2.4
      vertex 13.027756813566455 30.250000000000004 0
      vertex 13.1512993215049 30.434894429314827 2.4
    endloop
  endfacet
  facet normal 0.7518398074789798 -0.6593458151000662 0
    outer loop
      vertex 13.1512993215049 30.434894429314827 2.4
      vertex 13.1512993215049 30.434894429314827 0
      vertex 13.29791847198287 30.602081528017134 2.4
    endloop
  endfacet
  facet normal 0.6593458151000656 -0.7518398074789802 0
    outer loop
      vertex 13.29791847198287 30.602081528017134 2.4
      vertex 13.29791847198287 30.602081528017134 0
      vertex 13.465105570685175 30.7487006784951 2.4
    endloop
  endfacet
  facet normal 0.5555702330196005 -0.8314696123025463 0
    outer loop
      vertex 13.465105570685175 30.7487006784951 2.4
      vertex 13.465105570685175 30.7487006784951 0
      vertex 13.65 30.872243186433547 2.4
    endloop
  endfacet
  facet normal 0.44228869021901235 -0.8968727415326828 0
    outer loop
      vertex 13.65 30.872243186433547 2.4
      vertex 13.65 30.872243186433547 0
      vertex 13.849438164979347 30.97059520526919 2.4
    endloop
  endfacet
  facet normal 0.321439465303149 -0.9469301294951099 0
    outer loop
      vertex 13.849438164979347 30.97059520526919 2.4
      vertex 13.849438164979347 30.97059520526919 0
      vertex 14.060007623325715 31.042073904691417 2.4
    endloop
  endfacet
  facet normal 0.321439465303149 -0.9469301294951099 0
    outer loop
      vertex 14.060007623325715 31.042073904691417 2.4
      vertex 13.849438164979347 30.97059520526919 0
      vertex 14.060007623325715 31.042073904691417 0
    endloop
  endfacet
  facet normal 0.1950903220161361 -0.980785280403229 0
    outer loop
      vertex 14.278105473225912 31.08545626433548 2.4
      vertex 14.060007623325715 31.042073904691417 0
      vertex 14.278105473225912 31.08545626433548 0
    endloop
  endfacet
  facet normal 0.06540312923013732 -0.9978589232386038 0
    outer loop
      vertex 14.5 31.1 2.4
      vertex 14.278105473225912 31.08545626433548 0
      vertex 14.5 31.1 0
    endloop
  endfacet
  facet normal 0.1950903220161361 -0.980785280403229 0
    outer loop
      vertex 14.060007623325715 31.042073904691417 2.4
      vertex 14.060007623325715 31.042073904691417 0
      vertex 14.278105473225912 31.08545626433548 2.4
    endloop
  endfacet
  facet normal 0.06540312923013732 -0.9978589232386038 0
    outer loop
      vertex 14.278105473225912 31.08545626433548 2.4
      vertex 14.278105473225912 31.08545626433548 0
      vertex 14.5 31.1 2.4
    endloop
  endfacet
  facet normal -0.06540312923013732 0.9978589232386038 0
    outer loop
      vertex 14.5 21.700000000000003 2.4
      vertex 14.721894526774088 21.714543735664524 0
      vertex 14.5 21.700000000000003 0
    endloop
  endfacet
  facet normal -0.1950903220161361 0.980785280403229 0
    outer loop
      vertex 14.721894526774088 21.714543735664524 2.4
      vertex 14.939992376674285 21.757926095308587 0
      vertex 14.721894526774088 21.714543735664524 0
    endloop
  endfacet
  facet normal -0.321439465303149 0.9469301294951099 0
    outer loop
      vertex 14.939992376674285 21.757926095308587 2.4
      vertex 15.150561835020653 21.829404794730813 0
      vertex 14.939992376674285 21.757926095308587 0
    endloop
  endfacet
  facet normal -0.44228869021901235 0.8968727415326828 0
    outer loop
      vertex 15.150561835020653 21.829404794730813 2.4
      vertex 15.35 21.927756813566457 0
      vertex 15.150561835020653 21.829404794730813 0
    endloop
  endfacet
  facet normal -0.5555702330196005 0.8314696123025463 0
    outer loop
      vertex 15.35 21.927756813566457 2.4
      vertex 15.534894429314825 22.051299321504903 0
      vertex 15.35 21.927756813566457 0
    endloop
  endfacet
  facet normal -0.6593458151000656 0.7518398074789802 0
    outer loop
      vertex 15.534894429314825 22.051299321504903 2.4
      vertex 15.70208152801713 22.19791847198287 0
      vertex 15.534894429314825 22.051299321504903 0
    endloop
  endfacet
  facet normal -0.7518398074789798 0.6593458151000662 0
    outer loop
      vertex 15.70208152801713 22.19791847198287 2.4
      vertex 15.8487006784951 22.365105570685177 0
      vertex 15.70208152801713 22.19791847198287 0
    endloop
  endfacet
  facet normal -0.8314696123025439 0.5555702330196043 0
    outer loop
      vertex 15.8487006784951 22.365105570685177 2.4
      vertex 15.972243186433545 22.55 0
      vertex 15.8487006784951 22.365105570685177 0
    endloop
  endfacet
  facet normal -0.8968727415326907 0.44228869021899636 0
    outer loop
      vertex 15.972243186433545 22.55 2.4
      vertex 16.070595205269186 22.74943816497935 0
      vertex 15.972243186433545 22.55 0
    endloop
  endfacet
  facet normal -0.9469301294951042 0.3214394653031657 0
    outer loop
      vertex 16.070595205269186 22.74943816497935 2.4
      vertex 16.142073904691415 22.960007623325716 0
      vertex 16.070595205269186 22.74943816497935 0
    endloop
  endfacet
  facet normal -0.9807852804032294 0.19509032201613302 0
    outer loop
      vertex 16.142073904691415 22.960007623325716 2.4
      vertex 16.18545626433548 23.178105473225916 0
      vertex 16.142073904691415 22.960007623325716 0
    endloop
  endfacet
  facet normal -0.9978589232386037 0.06540312923013784 0
    outer loop
      vertex 16.18545626433548 23.178105473225916 2.4
      vertex 16.2 23.400000000000002 0
      vertex 16.18545626433548 23.178105473225916 0
    endloop
  endfacet
  facet normal -0.06540312923013732 0.9978589232386038 0
    outer loop
      vertex 14.5 21.700000000000003 2.4
      vertex 14.721894526774088 21.714543735664524 2.4
      vertex 14.721894526774088 21.714543735664524 0
    endloop
  endfacet
  facet normal -0.1950903220161361 0.980785280403229 0
    outer loop
      vertex 14.721894526774088 21.714543735664524 2.4
      vertex 14.939992376674285 21.757926095308587 2.4
      vertex 14.939992376674285 21.757926095308587 0
    endloop
  endfacet
  facet normal -0.321439465303149 0.9469301294951099 0
    outer loop
      vertex 14.939992376674285 21.757926095308587 2.4
      vertex 15.150561835020653 21.829404794730813 2.4
      vertex 15.150561835020653 21.829404794730813 0
    endloop
  endfacet
  facet normal -0.44228869021901235 0.8968727415326828 0
    outer loop
      vertex 15.150561835020653 21.829404794730813 2.4
      vertex 15.35 21.927756813566457 2.4
      vertex 15.35 21.927756813566457 0
    endloop
  endfacet
  facet normal -0.5555702330196005 0.8314696123025463 0
    outer loop
      vertex 15.35 21.927756813566457 2.4
      vertex 15.534894429314825 22.051299321504903 2.4
      vertex 15.534894429314825 22.051299321504903 0
    endloop
  endfacet
  facet normal -0.6593458151000656 0.7518398074789802 0
    outer loop
      vertex 15.534894429314825 22.051299321504903 2.4
      vertex 15.70208152801713 22.19791847198287 2.4
      vertex 15.70208152801713 22.19791847198287 0
    endloop
  endfacet
  facet normal -0.7518398074789798 0.6593458151000662 0
    outer loop
      vertex 15.70208152801713 22.19791847198287 2.4
      vertex 15.8487006784951 22.365105570685177 2.4
      vertex 15.8487006784951 22.365105570685177 0
    endloop
  endfacet
  facet normal -0.8314696123025439 0.5555702330196043 0
    outer loop
      vertex 15.8487006784951 22.365105570685177 2.4
      vertex 15.972243186433545 22.55 2.4
      vertex 15.972243186433545 22.55 0
    endloop
  endfacet
  facet normal -0.8968727415326907 0.44228869021899636 0
    outer loop
      vertex 15.972243186433545 22.55 2.4
      vertex 16.070595205269186 22.74943816497935 2.4
      vertex 16.070595205269186 22.74943816497935 0
    endloop
  endfacet
  facet normal -0.9469301294951042 0.3214394653031657 0
    outer loop
      vertex 16.070595205269186 22.74943816497935 2.4
      vertex 16.142073904691415 22.960007623325716 2.4
      vertex 16.142073904691415 22.960007623325716 0
    endloop
  endfacet
  facet normal -0.9807852804032294 0.19509032201613302 0
    outer loop
      vertex 16.142073904691415 22.960007623325716 2.4
      vertex 16.18545626433548 23.178105473225916 2.4
      vertex 16.18545626433548 23.178105473225916 0
    endloop
  endfacet
  facet normal -0.9978589232386037 0.06540312923013784 0
    outer loop
      vertex 16.18545626433548 23.178105473225916 2.4
      vertex 16.2 23.400000000000002 2.4
      vertex 16.2 23.400000000000002 0
    endloop
  endfacet
  facet normal -1 0 0
    outer loop
      vertex 16.2 23.400000000000002 2.4
      vertex 16.2 29.400000000000002 0
      vertex 16.2 23.400000000000002 0
    endloop
  endfacet
  facet normal -1 0 0
    outer loop
      vertex 16.2 23.400000000000002 2.4
      vertex 16.2 29.400000000000002 2.4
      vertex 16.2 29.400000000000002 0
    endloop
  endfacet
  facet normal -0.321439465303149 -0.9469301294951099 0
    outer loop
      vertex 15.150561835020653 30.97059520526919 2.4
      vertex 14.939992376674285 31.042073904691417 0
      vertex 15.150561835020653 30.97059520526919 0
    endloop
  endfacet
  facet normal -0.44228869021901235 -0.8968727415326828 0
    outer loop
      vertex 15.35 30.872243186433547 2.4
      vertex 15.150561835020653 30.97059520526919 0
      vertex 15.35 30.872243186433547 0
    endloop
  endfacet
  facet normal -0.5555702330196005 -0.8314696123025463 0
    outer loop
      vertex 15.534894429314825 30.7487006784951 2.4
      vertex 15.35 30.872243186433547 0
      vertex 15.534894429314825 30.7487006784951 0
    endloop
  endfacet
  facet normal -0.7518398074789798 -0.6593458151000662 0
    outer loop
      vertex 15.8487006784951 30.434894429314827 2.4
      vertex 15.70208152801713 30.602081528017134 0
      vertex 15.8487006784951 30.434894429314827 0
    endloop
  endfacet
  facet normal -0.6593458151000656 -0.7518398074789802 0
    outer loop
      vertex 15.70208152801713 30.602081528017134 2.4
      vertex 15.534894429314825 30.7487006784951 0
      vertex 15.70208152801713 30.602081528017134 0
    endloop
  endfacet
  facet normal -0.8968727415326907 -0.44228869021899636 0
    outer loop
      vertex 16.070595205269186 30.050561835020655 2.4
      vertex 15.972243186433545 30.250000000000004 0
      vertex 16.070595205269186 30.050561835020655 0
    endloop
  endfacet
  facet normal -0.9978589232386037 -0.06540312923013784 0
    outer loop
      vertex 16.2 29.400000000000002 2.4
      vertex 16.18545626433548 29.62189452677409 0
      vertex 16.2 29.400000000000002 0
    endloop
  endfacet
  facet normal -0.9807852804032294 -0.19509032201613302 0
    outer loop
      vertex 16.18545626433548 29.62189452677409 2.4
      vertex 16.142073904691415 29.83999237667429 0
      vertex 16.18545626433548 29.62189452677409 0
    endloop
  endfacet
  facet normal -0.9469301294951042 -0.3214394653031657 0
    outer loop
      vertex 16.142073904691415 29.83999237667429 2.4
      vertex 16.070595205269186 30.050561835020655 0
      vertex 16.142073904691415 29.83999237667429 0
    endloop
  endfacet
  facet normal -0.8314696123025439 -0.5555702330196043 0
    outer loop
      vertex 15.972243186433545 30.250000000000004 2.4
      vertex 15.8487006784951 30.434894429314827 0
      vertex 15.972243186433545 30.250000000000004 0
    endloop
  endfacet
  facet normal -0.44228869021901235 -0.8968727415326828 0
    outer loop
      vertex 15.150561835020653 30.97059520526919 2.4
      vertex 15.150561835020653 30.97059520526919 0
      vertex 15.35 30.872243186433547 2.4
    endloop
  endfacet
  facet normal -0.5555702330196005 -0.8314696123025463 0
    outer loop
      vertex 15.534894429314825 30.7487006784951 2.4
      vertex 15.35 30.872243186433547 2.4
      vertex 15.35 30.872243186433547 0
    endloop
  endfacet
  facet normal -0.6593458151000656 -0.7518398074789802 0
    outer loop
      vertex 15.534894429314825 30.7487006784951 2.4
      vertex 15.534894429314825 30.7487006784951 0
      vertex 15.70208152801713 30.602081528017134 2.4
    endloop
  endfacet
  facet normal -0.7518398074789798 -0.6593458151000662 0
    outer loop
      vertex 15.70208152801713 30.602081528017134 2.4
      vertex 15.70208152801713 30.602081528017134 0
      vertex 15.8487006784951 30.434894429314827 2.4
    endloop
  endfacet
  facet normal -0.8968727415326907 -0.44228869021899636 0
    outer loop
      vertex 16.070595205269186 30.050561835020655 2.4
      vertex 15.972243186433545 30.250000000000004 2.4
      vertex 15.972243186433545 30.250000000000004 0
    endloop
  endfacet
  facet normal -0.9978589232386037 -0.06540312923013784 0
    outer loop
      vertex 16.2 29.400000000000002 2.4
      vertex 16.18545626433548 29.62189452677409 2.4
      vertex 16.18545626433548 29.62189452677409 0
    endloop
  endfacet
  facet normal -0.9807852804032294 -0.19509032201613302 0
    outer loop
      vertex 16.18545626433548 29.62189452677409 2.4
      vertex 16.142073904691415 29.83999237667429 2.4
      vertex 16.142073904691415 29.83999237667429 0
    endloop
  endfacet
  facet normal -0.9469301294951042 -0.3214394653031657 0
    outer loop
      vertex 16.070595205269186 30.050561835020655 2.4
      vertex 16.070595205269186 30.050561835020655 0
      vertex 16.142073904691415 29.83999237667429 2.4
    endloop
  endfacet
  facet normal -0.8314696123025439 -0.5555702330196043 0
    outer loop
      vertex 15.8487006784951 30.434894429314827 2.4
      vertex 15.8487006784951 30.434894429314827 0
      vertex 15.972243186433545 30.250000000000004 2.4
    endloop
  endfacet
  facet normal -0.06540312923013732 -0.9978589232386038 0
    outer loop
      vertex 14.721894526774088 31.08545626433548 2.4
      vertex 14.5 31.1 0
      vertex 14.721894526774088 31.08545626433548 0
    endloop
  endfacet
  facet normal -0.1950903220161361 -0.980785280403229 0
    outer loop
      vertex 14.939992376674285 31.042073904691417 2.4
      vertex 14.721894526774088 31.08545626433548 0
      vertex 14.939992376674285 31.042073904691417 0
    endloop
  endfacet
  facet normal -0.06540312923013732 -0.9978589232386038 0
    outer loop
      vertex 14.5 31.1 2.4
      vertex 14.5 31.1 0
      vertex 14.721894526774088 31.08545626433548 2.4
    endloop
  endfacet
  facet normal -0.1950903220161361 -0.980785280403229 0
    outer loop
      vertex 14.721894526774088 31.08545626433548 2.4
      vertex 14.721894526774088 31.08545626433548 0
      vertex 14.939992376674285 31.042073904691417 2.4
    endloop
  endfacet
  facet normal -0.321439465303149 -0.9469301294951099 0
    outer loop
      vertex 14.939992376674285 31.042073904691417 2.4
      vertex 14.939992376674285 31.042073904691417 0
      vertex 15.150561835020653 30.97059520526919 2.4
    endloop
  endfacet
  facet normal 0 0 1
    outer loop
      vertex 11.17457351945706 36.1 2.4
      vertex 12.83728675972853 33.22009618943234 2.4
      vertex 12.814543735664522 35.878105473225915 2.4
    endloop
  endfacet
  facet normal 0 0 1
    outer loop
      vertex 11.17457351945706 36.1 2.4
      vertex 12.814543735664522 35.878105473225915 2.4
      vertex 12.8 36.1 2.4
    endloop
  endfacet
  facet normal 0 0 1
    outer loop
      vertex 12.83728675972853 33.22009618943234 2.4
      vertex 13.65 34.62775681356646 2.4
      vertex 13.465105570685175 34.7512993215049 2.4
    endloop
  endfacet
  facet normal 0 0 1
    outer loop
      vertex 12.83728675972853 33.22009618943234 2.4
      vertex 13.849438164979347 34.529404794730816 2.4
      vertex 13.65 34.62775681356646 2.4
    endloop
  endfacet
  facet normal 0 0 1
    outer loop
      vertex 12.83728675972853 33.22009618943234 2.4
      vertex 14.060007623325715 34.457926095308586 2.4
      vertex 13.849438164979347 34.529404794730816 2.4
    endloop
  endfacet
  facet normal 0 0 1
    outer loop
      vertex 12.83728675972853 33.22009618943234 2.4
      vertex 14.278105473225912 34.41454373566452 2.4
      vertex 14.060007623325715 34.457926095308586 2.4
    endloop
  endfacet
  facet normal 0 0 1
    outer loop
      vertex 12.83728675972853 33.22009618943234 2.4
      vertex 14.5 34.4 2.4
      vertex 14.278105473225912 34.41454373566452 2.4
    endloop
  endfacet
  facet normal 0 0 1
    outer loop
      vertex 12.83728675972853 33.22009618943234 2.4
      vertex 14.721894526774088 34.41454373566452 2.4
      vertex 14.5 34.4 2.4
    endloop
  endfacet
  facet normal 0 0 1
    outer loop
      vertex 12.83728675972853 33.22009618943234 2.4
      vertex 14.939992376674285 34.457926095308586 2.4
      vertex 14.721894526774088 34.41454373566452 2.4
    endloop
  endfacet
  facet normal 0 0 1
    outer loop
      vertex 12.83728675972853 33.22009618943234 2.4
      vertex 12.929404794730813 35.44943816497935 2.4
      vertex 12.857926095308583 35.66000762332572 2.4
    endloop
  endfacet
  facet normal 0 0 1
    outer loop
      vertex 12.83728675972853 33.22009618943234 2.4
      vertex 12.857926095308583 35.66000762332572 2.4
      vertex 12.814543735664522 35.878105473225915 2.4
    endloop
  endfacet
  facet normal 0 0 1
    outer loop
      vertex 12.83728675972853 33.22009618943234 2.4
      vertex 13.027756813566455 35.25 2.4
      vertex 12.929404794730813 35.44943816497935 2.4
    endloop
  endfacet
  facet normal 0 0 1
    outer loop
      vertex 12.83728675972853 33.22009618943234 2.4
      vertex 13.1512993215049 35.065105570685176 2.4
      vertex 13.027756813566455 35.25 2.4
    endloop
  endfacet
  facet normal 0 0 1
    outer loop
      vertex 12.83728675972853 33.22009618943234 2.4
      vertex 13.29791847198287 34.89791847198287 2.4
      vertex 13.1512993215049 35.065105570685176 2.4
    endloop
  endfacet
  facet normal 0 0 1
    outer loop
      vertex 12.83728675972853 33.22009618943234 2.4
      vertex 13.465105570685175 34.7512993215049 2.4
      vertex 13.29791847198287 34.89791847198287 2.4
    endloop
  endfacet
  facet normal 0.8660254037844385 0.5000000000000006 0
    outer loop
      vertex 12.83728675972853 33.22009618943234 2.4
      vertex 11.17457351945706 36.1 5
      vertex 12.83728675972853 33.22009618943234 5
    endloop
  endfacet
  facet normal 0.8660254037844385 0.5000000000000006 0
    outer loop
      vertex 11.17457351945706 36.1 2.4
      vertex 11.17457351945706 36.1 5
      vertex 12.83728675972853 33.22009618943234 2.4
    endloop
  endfacet
  facet normal 0 1 0
    outer loop
      vertex 12.83728675972853 33.22009618943234 2.4
      vertex 12.83728675972853 33.22009618943234 5
      vertex 16.162713240271472 33.22009618943234 2.4
    endloop
  endfacet
  facet normal 0 0 1
    outer loop
      vertex 11.17457351945706 36.1 2.4
      vertex 12.8 36.1 2.4
      vertex 12.8 42.1 2.4
    endloop
  endfacet
  facet normal 0 0 1
    outer loop
      vertex 11.17457351945706 36.1 2.4
      vertex 12.83728675972853 44.97990381056766 2.4
      vertex 11.17457351945706 42.1 2.4
    endloop
  endfacet
  facet normal 0 0 1
    outer loop
      vertex 11.17457351945706 36.1 2.4
      vertex 12.8 42.1 2.4
      vertex 12.83728675972853 44.97990381056766 2.4
    endloop
  endfacet
  facet normal 0 0 1
    outer loop
      vertex 12.8 42.1 2.4
      vertex 12.814543735664522 42.32189452677409 2.4
      vertex 12.83728675972853 44.97990381056766 2.4
    endloop
  endfacet
  facet normal 0 0 1
    outer loop
      vertex 12.814543735664522 42.32189452677409 2.4
      vertex 12.857926095308583 42.539992376674284 2.4
      vertex 12.83728675972853 44.97990381056766 2.4
    endloop
  endfacet
  facet normal 0 0 1
    outer loop
      vertex 12.857926095308583 42.539992376674284 2.4
      vertex 12.929404794730813 42.750561835020655 2.4
      vertex 12.83728675972853 44.97990381056766 2.4
    endloop
  endfacet
  facet normal 0 0 1
    outer loop
      vertex 12.929404794730813 42.750561835020655 2.4
      vertex 13.027756813566455 42.95 2.4
      vertex 12.83728675972853 44.97990381056766 2.4
    endloop
  endfacet
  facet normal 0 0 1
    outer loop
      vertex 12.83728675972853 44.97990381056766 2.4
      vertex 13.027756813566455 42.95 2.4
      vertex 13.1512993215049 43.134894429314826 2.4
    endloop
  endfacet
  facet normal 0 0 1
    outer loop
      vertex 12.83728675972853 44.97990381056766 2.4
      vertex 13.1512993215049 43.134894429314826 2.4
      vertex 13.29791847198287 43.30208152801713 2.4
    endloop
  endfacet
  facet normal 0 0 1
    outer loop
      vertex 12.83728675972853 44.97990381056766 2.4
      vertex 13.29791847198287 43.30208152801713 2.4
      vertex 13.465105570685175 43.4487006784951 2.4
    endloop
  endfacet
  facet normal 1 0 0
    outer loop
      vertex 11.17457351945706 36.1 2.4
      vertex 11.17457351945706 42.1 2.4
      vertex 11.17457351945706 42.1 5
    endloop
  endfacet
  facet normal 1 0 0
    outer loop
      vertex 11.17457351945706 36.1 2.4
      vertex 11.17457351945706 42.1 5
      vertex 11.17457351945706 36.1 5
    endloop
  endfacet
  facet normal 0.8660254037844385 -0.5000000000000006 0
    outer loop
      vertex 11.17457351945706 42.1 2.4
      vertex 12.83728675972853 44.97990381056766 5
      vertex 11.17457351945706 42.1 5
    endloop
  endfacet
  facet normal 0 0 1
    outer loop
      vertex 12.83728675972853 44.97990381056766 2.4
      vertex 13.465105570685175 43.4487006784951 2.4
      vertex 13.65 43.572243186433546 2.4
    endloop
  endfacet
  facet normal 0 0 1
    outer loop
      vertex 12.83728675972853 44.97990381056766 2.4
      vertex 13.65 43.572243186433546 2.4
      vertex 13.849438164979347 43.67059520526919 2.4
    endloop
  endfacet
  facet normal 0 0 1
    outer loop
      vertex 12.83728675972853 44.97990381056766 2.4
      vertex 13.849438164979347 43.67059520526919 2.4
      vertex 14.060007623325715 43.742073904691416 2.4
    endloop
  endfacet
  facet normal 0 0 1
    outer loop
      vertex 12.83728675972853 44.97990381056766 2.4
      vertex 14.060007623325715 43.742073904691416 2.4
      vertex 14.278105473225912 43.78545626433548 2.4
    endloop
  endfacet
  facet normal 0 0 1
    outer loop
      vertex 12.83728675972853 44.97990381056766 2.4
      vertex 14.278105473225912 43.78545626433548 2.4
      vertex 14.5 43.800000000000004 2.4
    endloop
  endfacet
  facet normal 0 0 1
    outer loop
      vertex 12.83728675972853 44.97990381056766 2.4
      vertex 14.5 43.800000000000004 2.4
      vertex 14.721894526774088 43.78545626433548 2.4
    endloop
  endfacet
  facet normal 0 0 1
    outer loop
      vertex 12.83728675972853 44.97990381056766 2.4
      vertex 14.721894526774088 43.78545626433548 2.4
      vertex 14.939992376674285 43.742073904691416 2.4
    endloop
  endfacet
  facet normal 0 0 1
    outer loop
      vertex 12.83728675972853 44.97990381056766 2.4
      vertex 14.939992376674285 43.742073904691416 2.4
      vertex 15.150561835020653 43.67059520526919 2.4
    endloop
  endfacet
  facet normal 0.8660254037844385 -0.5000000000000006 0
    outer loop
      vertex 11.17457351945706 42.1 2.4
      vertex 12.83728675972853 44.97990381056766 2.4
      vertex 12.83728675972853 44.97990381056766 5
    endloop
  endfacet
  facet normal 0 -1 0
    outer loop
      vertex 12.83728675972853 44.97990381056766 2.4
      vertex 16.162713240271472 44.97990381056766 5
      vertex 12.83728675972853 44.97990381056766 5
    endloop
  endfacet
  facet normal 0 0 1
    outer loop
      vertex 12.83728675972853 33.22009618943234 2.4
      vertex 16.162713240271472 33.22009618943234 2.4
      vertex 14.939992376674285 34.457926095308586 2.4
    endloop
  endfacet
  facet normal 0 0 1
    outer loop
      vertex 14.939992376674285 34.457926095308586 2.4
      vertex 16.162713240271472 33.22009618943234 2.4
      vertex 15.150561835020653 34.529404794730816 2.4
    endloop
  endfacet
  facet normal 0 0 1
    outer loop
      vertex 15.150561835020653 34.529404794730816 2.4
      vertex 16.162713240271472 33.22009618943234 2.4
      vertex 15.35 34.62775681356646 2.4
    endloop
  endfacet
  facet normal 0 0 1
    outer loop
      vertex 15.35 34.62775681356646 2.4
      vertex 16.162713240271472 33.22009618943234 2.4
      vertex 15.534894429314825 34.7512993215049 2.4
    endloop
  endfacet
  facet normal 0 0 1
    outer loop
      vertex 15.534894429314825 34.7512993215049 2.4
      vertex 16.162713240271472 33.22009618943234 2.4
      vertex 17.82542648054294 36.1 2.4
    endloop
  endfacet
  facet normal 0 0 1
    outer loop
      vertex 15.534894429314825 34.7512993215049 2.4
      vertex 17.82542648054294 36.1 2.4
      vertex 15.70208152801713 34.89791847198287 2.4
    endloop
  endfacet
  facet normal 0 0 1
    outer loop
      vertex 15.70208152801713 34.89791847198287 2.4
      vertex 17.82542648054294 36.1 2.4
      vertex 15.8487006784951 35.065105570685176 2.4
    endloop
  endfacet
  facet normal 0 0 1
    outer loop
      vertex 15.8487006784951 35.065105570685176 2.4
      vertex 17.82542648054294 36.1 2.4
      vertex 15.972243186433545 35.25 2.4
    endloop
  endfacet
  facet normal 0 0 1
    outer loop
      vertex 15.972243186433545 35.25 2.4
      vertex 17.82542648054294 36.1 2.4
      vertex 16.070595205269186 35.44943816497935 2.4
    endloop
  endfacet
  facet normal 0 0 1
    outer loop
      vertex 16.070595205269186 35.44943816497935 2.4
      vertex 17.82542648054294 36.1 2.4
      vertex 16.142073904691415 35.66000762332572 2.4
    endloop
  endfacet
  facet normal 0 0 1
    outer loop
      vertex 16.142073904691415 35.66000762332572 2.4
      vertex 17.82542648054294 36.1 2.4
      vertex 16.18545626433548 35.878105473225915 2.4
    endloop
  endfacet
  facet normal 0 0 1
    outer loop
      vertex 16.18545626433548 35.878105473225915 2.4
      vertex 17.82542648054294 36.1 2.4
      vertex 16.2 36.1 2.4
    endloop
  endfacet
  facet normal 0 1 0
    outer loop
      vertex 12.83728675972853 33.22009618943234 5
      vertex 16.162713240271472 33.22009618943234 5
      vertex 16.162713240271472 33.22009618943234 2.4
    endloop
  endfacet
  facet normal -0.8660254037844386 0.5000000000000001 0
    outer loop
      vertex 16.162713240271472 33.22009618943234 2.4
      vertex 16.162713240271472 33.22009618943234 5
      vertex 17.82542648054294 36.1 2.4
    endloop
  endfacet
  facet normal -0.8660254037844386 0.5000000000000001 0
    outer loop
      vertex 17.82542648054294 36.1 2.4
      vertex 16.162713240271472 33.22009618943234 5
      vertex 17.82542648054294 36.1 5
    endloop
  endfacet
  facet normal 0 0 1
    outer loop
      vertex 15.534894429314825 43.4487006784951 2.4
      vertex 15.70208152801713 43.30208152801713 2.4
      vertex 16.162713240271472 44.97990381056766 2.4
    endloop
  endfacet
  facet normal 0 0 1
    outer loop
      vertex 16.2 36.1 2.4
      vertex 17.82542648054294 42.1 2.4
      vertex 16.2 42.1 2.4
    endloop
  endfacet
  facet normal 0 0 1
    outer loop
      vertex 16.2 36.1 2.4
      vertex 17.82542648054294 36.1 2.4
      vertex 17.82542648054294 42.1 2.4
    endloop
  endfacet
  facet normal 0 0 1
    outer loop
      vertex 16.2 42.1 2.4
      vertex 17.82542648054294 42.1 2.4
      vertex 16.18545626433548 42.32189452677409 2.4
    endloop
  endfacet
  facet normal 0 0 1
    outer loop
      vertex 16.18545626433548 42.32189452677409 2.4
      vertex 17.82542648054294 42.1 2.4
      vertex 16.142073904691415 42.539992376674284 2.4
    endloop
  endfacet
  facet normal 0 0 1
    outer loop
      vertex 15.70208152801713 43.30208152801713 2.4
      vertex 15.8487006784951 43.134894429314826 2.4
      vertex 17.82542648054294 42.1 2.4
    endloop
  endfacet
  facet normal 0 0 1
    outer loop
      vertex 15.972243186433545 42.95 2.4
      vertex 17.82542648054294 42.1 2.4
      vertex 15.8487006784951 43.134894429314826 2.4
    endloop
  endfacet
  facet normal 0 0 1
    outer loop
      vertex 15.972243186433545 42.95 2.4
      vertex 16.070595205269186 42.750561835020655 2.4
      vertex 17.82542648054294 42.1 2.4
    endloop
  endfacet
  facet normal 0 0 1
    outer loop
      vertex 16.142073904691415 42.539992376674284 2.4
      vertex 17.82542648054294 42.1 2.4
      vertex 16.070595205269186 42.750561835020655 2.4
    endloop
  endfacet
  facet normal 0 0 1
    outer loop
      vertex 15.70208152801713 43.30208152801713 2.4
      vertex 17.82542648054294 42.1 2.4
      vertex 16.162713240271472 44.97990381056766 2.4
    endloop
  endfacet
  facet normal -1 0 0
    outer loop
      vertex 17.82542648054294 36.1 2.4
      vertex 17.82542648054294 36.1 5
      vertex 17.82542648054294 42.1 2.4
    endloop
  endfacet
  facet normal -1 0 0
    outer loop
      vertex 17.82542648054294 36.1 5
      vertex 17.82542648054294 42.1 5
      vertex 17.82542648054294 42.1 2.4
    endloop
  endfacet
  facet normal -0.8660254037844386 -0.5000000000000001 0
    outer loop
      vertex 16.162713240271472 44.97990381056766 2.4
      vertex 17.82542648054294 42.1 2.4
      vertex 17.82542648054294 42.1 5
    endloop
  endfacet
  facet normal 0 0 1
    outer loop
      vertex 12.83728675972853 44.97990381056766 2.4
      vertex 15.150561835020653 43.67059520526919 2.4
      vertex 16.162713240271472 44.97990381056766 2.4
    endloop
  endfacet
  facet normal 0 0 1
    outer loop
      vertex 15.150561835020653 43.67059520526919 2.4
      vertex 15.35 43.572243186433546 2.4
      vertex 16.162713240271472 44.97990381056766 2.4
    endloop
  endfacet
  facet normal 0 0 1
    outer loop
      vertex 15.35 43.572243186433546 2.4
      vertex 15.534894429314825 43.4487006784951 2.4
      vertex 16.162713240271472 44.97990381056766 2.4
    endloop
  endfacet
  facet normal 0 -1 0
    outer loop
      vertex 12.83728675972853 44.97990381056766 2.4
      vertex 16.162713240271472 44.97990381056766 2.4
      vertex 16.162713240271472 44.97990381056766 5
    endloop
  endfacet
  facet normal -0.8660254037844386 -0.5000000000000001 0
    outer loop
      vertex 16.162713240271472 44.97990381056766 2.4
      vertex 17.82542648054294 42.1 5
      vertex 16.162713240271472 44.97990381056766 5
    endloop
  endfacet
  facet normal 0 0 1
    outer loop
      vertex 11.17457351945706 23.400000000000002 2.4
      vertex 12.83728675972853 20.520096189432337 2.4
      vertex 12.814543735664522 23.178105473225916 2.4
    endloop
  endfacet
  facet normal 0 0 1
    outer loop
      vertex 11.17457351945706 23.400000000000002 2.4
      vertex 12.814543735664522 23.178105473225916 2.4
      vertex 12.8 23.400000000000002 2.4
    endloop
  endfacet
  facet normal 0 0 1
    outer loop
      vertex 12.83728675972853 20.520096189432337 2.4
      vertex 13.1512993215049 22.365105570685177 2.4
      vertex 13.027756813566455 22.55 2.4
    endloop
  endfacet
  facet normal 0 0 1
    outer loop
      vertex 12.83728675972853 20.520096189432337 2.4
      vertex 13.027756813566455 22.55 2.4
      vertex 12.929404794730813 22.74943816497935 2.4
    endloop
  endfacet
  facet normal 0 0 1
    outer loop
      vertex 12.83728675972853 20.520096189432337 2.4
      vertex 13.29791847198287 22.19791847198287 2.4
      vertex 13.1512993215049 22.365105570685177 2.4
    endloop
  endfacet
  facet normal 0 0 1
    outer loop
      vertex 12.83728675972853 20.520096189432337 2.4
      vertex 12.857926095308583 22.960007623325716 2.4
      vertex 12.814543735664522 23.178105473225916 2.4
    endloop
  endfacet
  facet normal 0 0 1
    outer loop
      vertex 12.83728675972853 20.520096189432337 2.4
      vertex 12.929404794730813 22.74943816497935 2.4
      vertex 12.857926095308583 22.960007623325716 2.4
    endloop
  endfacet
  facet normal 0 0 1
    outer loop
      vertex 12.83728675972853 20.520096189432337 2.4
      vertex 13.465105570685175 22.051299321504903 2.4
      vertex 13.29791847198287 22.19791847198287 2.4
    endloop
  endfacet
  facet normal 0 0 1
    outer loop
      vertex 12.83728675972853 20.520096189432337 2.4
      vertex 13.65 21.927756813566457 2.4
      vertex 13.465105570685175 22.051299321504903 2.4
    endloop
  endfacet
  facet normal 0 0 1
    outer loop
      vertex 12.83728675972853 20.520096189432337 2.4
      vertex 13.849438164979347 21.829404794730813 2.4
      vertex 13.65 21.927756813566457 2.4
    endloop
  endfacet
  facet normal 0 0 1
    outer loop
      vertex 12.83728675972853 20.520096189432337 2.4
      vertex 14.060007623325715 21.757926095308587 2.4
      vertex 13.849438164979347 21.829404794730813 2.4
    endloop
  endfacet
  facet normal 0 0 1
    outer loop
      vertex 12.83728675972853 20.520096189432337 2.4
      vertex 14.278105473225912 21.714543735664524 2.4
      vertex 14.060007623325715 21.757926095308587 2.4
    endloop
  endfacet
  facet normal 0 0 1
    outer loop
      vertex 12.83728675972853 20.520096189432337 2.4
      vertex 14.5 21.700000000000003 2.4
      vertex 14.278105473225912 21.714543735664524 2.4
    endloop
  endfacet
  facet normal 0 0 1
    outer loop
      vertex 12.83728675972853 20.520096189432337 2.4
      vertex 14.721894526774088 21.714543735664524 2.4
      vertex 14.5 21.700000000000003 2.4
    endloop
  endfacet
  facet normal 0 0 1
    outer loop
      vertex 12.83728675972853 20.520096189432337 2.4
      vertex 14.939992376674285 21.757926095308587 2.4
      vertex 14.721894526774088 21.714543735664524 2.4
    endloop
  endfacet
  facet normal 0.8660254037844386 0.5 0
    outer loop
      vertex 11.17457351945706 23.400000000000002 2.4
      vertex 11.17457351945706 23.400000000000002 5
      vertex 12.83728675972853 20.520096189432337 2.4
    endloop
  endfacet
  facet normal 0.8660254037844386 0.5 0
    outer loop
      vertex 12.83728675972853 20.520096189432337 2.4
      vertex 11.17457351945706 23.400000000000002 5
      vertex 12.83728675972853 20.520096189432337 5
    endloop
  endfacet
  facet normal 0 1 0
    outer loop
      vertex 12.83728675972853 20.520096189432337 2.4
      vertex 12.83728675972853 20.520096189432337 5
      vertex 16.162713240271472 20.520096189432337 2.4
    endloop
  endfacet
  facet normal 0 0 1
    outer loop
      vertex 11.17457351945706 23.400000000000002 2.4
      vertex 12.8 23.400000000000002 2.4
      vertex 12.8 29.400000000000002 2.4
    endloop
  endfacet
  facet normal 0 0 1
    outer loop
      vertex 11.17457351945706 23.400000000000002 2.4
      vertex 12.83728675972853 32.27990381056767 2.4
      vertex 11.17457351945706 29.400000000000002 2.4
    endloop
  endfacet
  facet normal 0 0 1
    outer loop
      vertex 11.17457351945706 23.400000000000002 2.4
      vertex 12.8 29.400000000000002 2.4
      vertex 12.83728675972853 32.27990381056767 2.4
    endloop
  endfacet
  facet normal 0 0 1
    outer loop
      vertex 12.8 29.400000000000002 2.4
      vertex 12.814543735664522 29.62189452677409 2.4
      vertex 12.83728675972853 32.27990381056767 2.4
    endloop
  endfacet
  facet normal 0 0 1
    outer loop
      vertex 12.814543735664522 29.62189452677409 2.4
      vertex 12.857926095308583 29.83999237667429 2.4
      vertex 12.83728675972853 32.27990381056767 2.4
    endloop
  endfacet
  facet normal 0 0 1
    outer loop
      vertex 12.857926095308583 29.83999237667429 2.4
      vertex 12.929404794730813 30.050561835020655 2.4
      vertex 12.83728675972853 32.27990381056767 2.4
    endloop
  endfacet
  facet normal 0 0 1
    outer loop
      vertex 12.929404794730813 30.050561835020655 2.4
      vertex 13.027756813566455 30.250000000000004 2.4
      vertex 12.83728675972853 32.27990381056767 2.4
    endloop
  endfacet
  facet normal 0 0 1
    outer loop
      vertex 12.83728675972853 32.27990381056767 2.4
      vertex 13.027756813566455 30.250000000000004 2.4
      vertex 13.1512993215049 30.434894429314827 2.4
    endloop
  endfacet
  facet normal 1 0 0
    outer loop
      vertex 11.17457351945706 23.400000000000002 2.4
      vertex 11.17457351945706 29.400000000000002 2.4
      vertex 11.17457351945706 29.400000000000002 5
    endloop
  endfacet
  facet normal 1 0 0
    outer loop
      vertex 11.17457351945706 23.400000000000002 2.4
      vertex 11.17457351945706 29.400000000000002 5
      vertex 11.17457351945706 23.400000000000002 5
    endloop
  endfacet
  facet normal 0.8660254037844386 -0.5 0
    outer loop
      vertex 11.17457351945706 29.400000000000002 2.4
      vertex 12.83728675972853 32.27990381056767 5
      vertex 11.17457351945706 29.400000000000002 5
    endloop
  endfacet
  facet normal 0 0 1
    outer loop
      vertex 12.83728675972853 32.27990381056767 2.4
      vertex 13.1512993215049 30.434894429314827 2.4
      vertex 13.29791847198287 30.602081528017134 2.4
    endloop
  endfacet
  facet normal 0 0 1
    outer loop
      vertex 12.83728675972853 32.27990381056767 2.4
      vertex 13.29791847198287 30.602081528017134 2.4
      vertex 13.465105570685175 30.7487006784951 2.4
    endloop
  endfacet
  facet normal 0 0 1
    outer loop
      vertex 12.83728675972853 32.27990381056767 2.4
      vertex 13.465105570685175 30.7487006784951 2.4
      vertex 13.65 30.872243186433547 2.4
    endloop
  endfacet
  facet normal 0 0 1
    outer loop
      vertex 12.83728675972853 32.27990381056767 2.4
      vertex 13.65 30.872243186433547 2.4
      vertex 13.849438164979347 30.97059520526919 2.4
    endloop
  endfacet
  facet normal 0 0 1
    outer loop
      vertex 12.83728675972853 32.27990381056767 2.4
      vertex 13.849438164979347 30.97059520526919 2.4
      vertex 14.060007623325715 31.042073904691417 2.4
    endloop
  endfacet
  facet normal 0 0 1
    outer loop
      vertex 12.83728675972853 32.27990381056767 2.4
      vertex 14.060007623325715 31.042073904691417 2.4
      vertex 14.278105473225912 31.08545626433548 2.4
    endloop
  endfacet
  facet normal 0 0 1
    outer loop
      vertex 12.83728675972853 32.27990381056767 2.4
      vertex 14.278105473225912 31.08545626433548 2.4
      vertex 14.5 31.1 2.4
    endloop
  endfacet
  facet normal 0 0 1
    outer loop
      vertex 12.83728675972853 32.27990381056767 2.4
      vertex 14.5 31.1 2.4
      vertex 14.721894526774088 31.08545626433548 2.4
    endloop
  endfacet
  facet normal 0 0 1
    outer loop
      vertex 12.83728675972853 32.27990381056767 2.4
      vertex 14.721894526774088 31.08545626433548 2.4
      vertex 14.939992376674285 31.042073904691417 2.4
    endloop
  endfacet
  facet normal 0 0 1
    outer loop
      vertex 12.83728675972853 32.27990381056767 2.4
      vertex 14.939992376674285 31.042073904691417 2.4
      vertex 15.150561835020653 30.97059520526919 2.4
    endloop
  endfacet
  facet normal 0.8660254037844386 -0.5 0
    outer loop
      vertex 11.17457351945706 29.400000000000002 2.4
      vertex 12.83728675972853 32.27990381056767 2.4
      vertex 12.83728675972853 32.27990381056767 5
    endloop
  endfacet
  facet normal 0 -1 0
    outer loop
      vertex 12.83728675972853 32.27990381056767 2.4
      vertex 16.162713240271472 32.27990381056767 5
      vertex 12.83728675972853 32.27990381056767 5
    endloop
  endfacet
  facet normal 0 0 1
    outer loop
      vertex 12.83728675972853 20.520096189432337 2.4
      vertex 16.162713240271472 20.520096189432337 2.4
      vertex 14.939992376674285 21.757926095308587 2.4
    endloop
  endfacet
  facet normal 0 0 1
    outer loop
      vertex 14.939992376674285 21.757926095308587 2.4
      vertex 16.162713240271472 20.520096189432337 2.4
      vertex 15.150561835020653 21.829404794730813 2.4
    endloop
  endfacet
  facet normal 0 0 1
    outer loop
      vertex 15.150561835020653 21.829404794730813 2.4
      vertex 16.162713240271472 20.520096189432337 2.4
      vertex 15.35 21.927756813566457 2.4
    endloop
  endfacet
  facet normal 0 0 1
    outer loop
      vertex 15.35 21.927756813566457 2.4
      vertex 16.162713240271472 20.520096189432337 2.4
      vertex 15.534894429314825 22.051299321504903 2.4
    endloop
  endfacet
  facet normal 0 0 1
    outer loop
      vertex 15.534894429314825 22.051299321504903 2.4
      vertex 16.162713240271472 20.520096189432337 2.4
      vertex 17.82542648054294 23.400000000000002 2.4
    endloop
  endfacet
  facet normal 0 0 1
    outer loop
      vertex 15.534894429314825 22.051299321504903 2.4
      vertex 17.82542648054294 23.400000000000002 2.4
      vertex 15.70208152801713 22.19791847198287 2.4
    endloop
  endfacet
  facet normal 0 0 1
    outer loop
      vertex 15.70208152801713 22.19791847198287 2.4
      vertex 17.82542648054294 23.400000000000002 2.4
      vertex 15.8487006784951 22.365105570685177 2.4
    endloop
  endfacet
  facet normal 0 0 1
    outer loop
      vertex 15.8487006784951 22.365105570685177 2.4
      vertex 17.82542648054294 23.400000000000002 2.4
      vertex 15.972243186433545 22.55 2.4
    endloop
  endfacet
  facet normal 0 0 1
    outer loop
      vertex 15.972243186433545 22.55 2.4
      vertex 17.82542648054294 23.400000000000002 2.4
      vertex 16.070595205269186 22.74943816497935 2.4
    endloop
  endfacet
  facet normal 0 0 1
    outer loop
      vertex 16.070595205269186 22.74943816497935 2.4
      vertex 17.82542648054294 23.400000000000002 2.4
      vertex 16.142073904691415 22.960007623325716 2.4
    endloop
  endfacet
  facet normal 0 0 1
    outer loop
      vertex 16.142073904691415 22.960007623325716 2.4
      vertex 17.82542648054294 23.400000000000002 2.4
      vertex 16.18545626433548 23.178105473225916 2.4
    endloop
  endfacet
  facet normal 0 0 1
    outer loop
      vertex 16.18545626433548 23.178105473225916 2.4
      vertex 17.82542648054294 23.400000000000002 2.4
      vertex 16.2 23.400000000000002 2.4
    endloop
  endfacet
  facet normal 0 1 0
    outer loop
      vertex 12.83728675972853 20.520096189432337 5
      vertex 16.162713240271472 20.520096189432337 5
      vertex 16.162713240271472 20.520096189432337 2.4
    endloop
  endfacet
  facet normal -0.8660254037844388 0.4999999999999996 0
    outer loop
      vertex 16.162713240271472 20.520096189432337 2.4
      vertex 16.162713240271472 20.520096189432337 5
      vertex 17.82542648054294 23.400000000000002 2.4
    endloop
  endfacet
  facet normal -0.8660254037844388 0.4999999999999996 0
    outer loop
      vertex 17.82542648054294 23.400000000000002 2.4
      vertex 16.162713240271472 20.520096189432337 5
      vertex 17.82542648054294 23.400000000000002 5
    endloop
  endfacet
  facet normal 0 0 1
    outer loop
      vertex 16.2 23.400000000000002 2.4
      vertex 17.82542648054294 29.400000000000002 2.4
      vertex 16.2 29.400000000000002 2.4
    endloop
  endfacet
  facet normal 0 0 1
    outer loop
      vertex 16.2 23.400000000000002 2.4
      vertex 17.82542648054294 23.400000000000002 2.4
      vertex 17.82542648054294 29.400000000000002 2.4
    endloop
  endfacet
  facet normal 0 0 1
    outer loop
      vertex 15.70208152801713 30.602081528017134 2.4
      vertex 15.8487006784951 30.434894429314827 2.4
      vertex 17.82542648054294 29.400000000000002 2.4
    endloop
  endfacet
  facet normal 0 0 1
    outer loop
      vertex 16.2 29.400000000000002 2.4
      vertex 17.82542648054294 29.400000000000002 2.4
      vertex 16.18545626433548 29.62189452677409 2.4
    endloop
  endfacet
  facet normal 0 0 1
    outer loop
      vertex 16.070595205269186 30.050561835020655 2.4
      vertex 16.142073904691415 29.83999237667429 2.4
      vertex 17.82542648054294 29.400000000000002 2.4
    endloop
  endfacet
  facet normal 0 0 1
    outer loop
      vertex 16.18545626433548 29.62189452677409 2.4
      vertex 17.82542648054294 29.400000000000002 2.4
      vertex 16.142073904691415 29.83999237667429 2.4
    endloop
  endfacet
  facet normal 0 0 1
    outer loop
      vertex 16.070595205269186 30.050561835020655 2.4
      vertex 17.82542648054294 29.400000000000002 2.4
      vertex 15.972243186433545 30.250000000000004 2.4
    endloop
  endfacet
  facet normal 0 0 1
    outer loop
      vertex 15.8487006784951 30.434894429314827 2.4
      vertex 15.972243186433545 30.250000000000004 2.4
      vertex 17.82542648054294 29.400000000000002 2.4
    endloop
  endfacet
  facet normal 0 0 1
    outer loop
      vertex 15.70208152801713 30.602081528017134 2.4
      vertex 17.82542648054294 29.400000000000002 2.4
      vertex 16.162713240271472 32.27990381056767 2.4
    endloop
  endfacet
  facet normal -1 0 0
    outer loop
      vertex 17.82542648054294 23.400000000000002 2.4
      vertex 17.82542648054294 29.400000000000002 5
      vertex 17.82542648054294 29.400000000000002 2.4
    endloop
  endfacet
  facet normal -1 0 0
    outer loop
      vertex 17.82542648054294 23.400000000000002 2.4
      vertex 17.82542648054294 23.400000000000002 5
      vertex 17.82542648054294 29.400000000000002 5
    endloop
  endfacet
  facet normal -0.8660254037844388 -0.4999999999999996 0
    outer loop
      vertex 16.162713240271472 32.27990381056767 2.4
      vertex 17.82542648054294 29.400000000000002 2.4
      vertex 17.82542648054294 29.400000000000002 5
    endloop
  endfacet
  facet normal 0 0 1
    outer loop
      vertex 12.83728675972853 32.27990381056767 2.4
      vertex 15.150561835020653 30.97059520526919 2.4
      vertex 16.162713240271472 32.27990381056767 2.4
    endloop
  endfacet
  facet normal 0 0 1
    outer loop
      vertex 15.150561835020653 30.97059520526919 2.4
      vertex 15.35 30.872243186433547 2.4
      vertex 16.162713240271472 32.27990381056767 2.4
    endloop
  endfacet
  facet normal 0 0 1
    outer loop
      vertex 15.534894429314825 30.7487006784951 2.4
      vertex 16.162713240271472 32.27990381056767 2.4
      vertex 15.35 30.872243186433547 2.4
    endloop
  endfacet
  facet normal 0 0 1
    outer loop
      vertex 15.534894429314825 30.7487006784951 2.4
      vertex 15.70208152801713 30.602081528017134 2.4
      vertex 16.162713240271472 32.27990381056767 2.4
    endloop
  endfacet
  facet normal 0 -1 0
    outer loop
      vertex 12.83728675972853 32.27990381056767 2.4
      vertex 16.162713240271472 32.27990381056767 2.4
      vertex 16.162713240271472 32.27990381056767 5
    endloop
  endfacet
  facet normal -0.8660254037844388 -0.4999999999999996 0
    outer loop
      vertex 16.162713240271472 32.27990381056767 2.4
      vertex 17.82542648054294 29.400000000000002 5
      vertex 16.162713240271472 32.27990381056767 5
    endloop
  endfacet
  facet normal 0 0 1
    outer loop
      vertex 2.2263077422976494 2.5888004824519157 5
      vertex 4.925 7.504070785647896 5
      vertex 2.2006423249840736 2.9803790599107742 5
    endloop
  endfacet
  facet normal 0 0 1
    outer loop
      vertex 2.2000000029802322 3 5
      vertex 2.2006423249840736 2.9803790599107742 5
      vertex 4.799924356639972 7.58764365866508 5
    endloop
  endfacet
  facet normal 0 0 1
    outer loop
      vertex 2.2000000029802322 3 5
      vertex 4.68682720163547 7.68682720163547 5
      vertex 4.58764365866508 7.799924356639972 5
    endloop
  endfacet
  facet normal 0 0 1
    outer loop
      vertex 2.2000000029802322 3 5
      vertex 4.437538537612021 8.059914052780147 5
      vertex 4.389185299767572 8.202358098132102 5
    endloop
  endfacet
  facet normal 0 0 1
    outer loop
      vertex 2.2000000029802322 3 5
      vertex 4.504070785647896 7.925 5
      vertex 4.437538537612021 8.059914052780147 5
    endloop
  endfacet
  facet normal 0 0 1
    outer loop
      vertex 2.2000000029802322 3 5
      vertex 4.389185299767572 8.202358098132102 5
      vertex 4.359838409420118 8.349894878946941 5
    endloop
  endfacet
  facet normal 0 0 1
    outer loop
      vertex 2.2000000029802322 3 5
      vertex 4.359838409420118 8.349894878946941 5
      vertex 4.35 8.5 5
    endloop
  endfacet
  facet normal 0 0 1
    outer loop
      vertex 2.2000000029802322 3 5
      vertex 4.58764365866508 7.799924356639972 5
      vertex 4.504070785647896 7.925 5
    endloop
  endfacet
  facet normal 0 0 1
    outer loop
      vertex 2.2000000029802322 3 5
      vertex 4.799924356639972 7.58764365866508 5
      vertex 4.68682720163547 7.68682720163547 5
    endloop
  endfacet
  facet normal 0 0 1
    outer loop
      vertex 2.2263077422976494 2.5888004824519157 5
      vertex 5.0599140527801465 7.437538537612021 5
      vertex 4.925 7.504070785647896 5
    endloop
  endfacet
  facet normal 0 0 1
    outer loop
      vertex 2.2006423249840736 2.9803790599107742 5
      vertex 4.925 7.504070785647896 5
      vertex 4.799924356639972 7.58764365866508 5
    endloop
  endfacet
  facet normal 0 0 1
    outer loop
      vertex 2.2263077422976494 2.5888004824519157 5
      vertex 5.202358098132101 7.389185299767572 5
      vertex 5.0599140527801465 7.437538537612021 5
    endloop
  endfacet
  facet normal 0 0 1
    outer loop
      vertex 2.2263077422976494 2.5888004824519157 5
      vertex 5.349894878946941 7.359838409420118 5
      vertex 5.202358098132101 7.389185299767572 5
    endloop
  endfacet
  facet normal 0 0 1
    outer loop
      vertex 2.2263077422976494 2.5888004824519157 5
      vertex 5.5 7.35 5
      vertex 5.349894878946941 7.359838409420118 5
    endloop
  endfacet
  facet normal 0 0 1
    outer loop
      vertex 2.2000000029802322 3 5
      vertex 4.35 8.5 5
      vertex 4.359838409420118 8.650105121053059 5
    endloop
  endfacet
  facet normal 0 0 1
    outer loop
      vertex 2.2000000029802322 3 5
      vertex 4.359838409420118 8.650105121053059 5
      vertex 4.389185299767572 8.797641901867898 5
    endloop
  endfacet
  facet normal 0.9238795904788806 0.3826832924189088 0
    outer loop
      vertex 2.4592995792627335 1.7192630916833878 5
      vertex 2.444282367825508 1.7555178627371788 5
      vertex 2.444282367825508 1.7555178627371788 8
    endloop
  endfacet
  facet normal 0.8968727332159228 0.4422887070837332 0
    outer loop
      vertex 2.4592995792627335 1.7192630916833878 5
      vertex 2.4592995792627335 1.7192630916833878 8
      vertex 2.6328619718551636 1.3673133924603462 5
    endloop
  endfacet
  facet normal 0.8660254529321847 0.499999914873597 0
    outer loop
      vertex 2.6524829044938087 1.3333289325237274 5
      vertex 2.6328619718551636 1.3673133924603462 5
      vertex 2.6328619718551636 1.3673133924603462 8
    endloop
  endfacet
  facet normal 0.7518397930733159 0.6593458315265772 0
    outer loop
      vertex 2.8943880274891853 0.9759119674563408 5
      vertex 2.8943880274891853 0.9759119674563408 8
      vertex 3.1531277149915695 0.6808759123086929 5
    endloop
  endfacet
  facet normal 0.7071067811865476 0.7071067811865476 0
    outer loop
      vertex 3.1531277149915695 0.6808759123086929 5
      vertex 3.1531277149915695 0.6808759123086929 8
      vertex 3.180875912308693 0.6531277149915695 5
    endloop
  endfacet
  facet normal 0.8314696207458843 0.5555702203832522 0
    outer loop
      vertex 2.870499089360237 1.007044643163681 5
      vertex 2.6524829044938087 1.3333289325237274 5
      vertex 2.6524829044938087 1.3333289325237274 8
    endloop
  endfacet
  facet normal 0.7933533913579451 0.6087613624572826 0
    outer loop
      vertex 2.870499089360237 1.007044643163681 5
      vertex 2.870499089360237 1.007044643163681 8
      vertex 2.8943880274891853 0.9759119674563408 5
    endloop
  endfacet
  facet normal 0.6593458207943228 0.7518398024852507 0
    outer loop
      vertex 3.180875912308693 0.6531277149915695 5
      vertex 3.180875912308693 0.6531277149915695 8
      vertex 3.475911967456341 0.39438803493976593 5
    endloop
  endfacet
  facet normal 0.6087615736556538 0.7933532292997186 0
    outer loop
      vertex 3.475911967456341 0.39438803493976593 5
      vertex 3.475911967456341 0.39438803493976593 8
      vertex 3.5070446357131004 0.3704990893602371 5
    endloop
  endfacet
  facet normal 0.5555702116127254 0.8314696266061626 0
    outer loop
      vertex 3.5070446357131004 0.3704990893602371 5
      vertex 3.5070446357131004 0.3704990893602371 8
      vertex 3.8333289325237274 0.15248290449380875 5
    endloop
  endfacet
  facet normal 0.9238795904788806 0.3826832924189088 0
    outer loop
      vertex 2.4592995792627335 1.7192630916833878 5
      vertex 2.444282367825508 1.7555178627371788 8
      vertex 2.4592995792627335 1.7192630916833878 8
    endloop
  endfacet
  facet normal 0.8968727332159228 0.4422887070837332 0
    outer loop
      vertex 2.6328619718551636 1.3673133924603462 5
      vertex 2.4592995792627335 1.7192630916833878 8
      vertex 2.6328619718551636 1.3673133924603462 8
    endloop
  endfacet
  facet normal 0.8660254529321847 0.499999914873597 0
    outer loop
      vertex 2.6524829044938087 1.3333289325237274 5
      vertex 2.6328619718551636 1.3673133924603462 8
      vertex 2.6524829044938087 1.3333289325237274 8
    endloop
  endfacet
  facet normal 0.7071067811865476 0.7071067811865476 0
    outer loop
      vertex 3.180875912308693 0.6531277149915695 5
      vertex 3.1531277149915695 0.6808759123086929 8
      vertex 3.180875912308693 0.6531277149915695 8
    endloop
  endfacet
  facet normal 0.7518397930733159 0.6593458315265772 0
    outer loop
      vertex 3.1531277149915695 0.6808759123086929 5
      vertex 2.8943880274891853 0.9759119674563408 8
      vertex 3.1531277149915695 0.6808759123086929 8
    endloop
  endfacet
  facet normal 0.8314696207458843 0.5555702203832522 0
    outer loop
      vertex 2.870499089360237 1.007044643163681 5
      vertex 2.6524829044938087 1.3333289325237274 8
      vertex 2.870499089360237 1.007044643163681 8
    endloop
  endfacet
  facet normal 0.7933533913579451 0.6087613624572826 0
    outer loop
      vertex 2.8943880274891853 0.9759119674563408 5
      vertex 2.870499089360237 1.007044643163681 8
      vertex 2.8943880274891853 0.9759119674563408 8
    endloop
  endfacet
  facet normal 0.6593458207943228 0.7518398024852507 0
    outer loop
      vertex 3.475911967456341 0.39438803493976593 5
      vertex 3.180875912308693 0.6531277149915695 8
      vertex 3.475911967456341 0.39438803493976593 8
    endloop
  endfacet
  facet normal 0.6087615736556538 0.7933532292997186 0
    outer loop
      vertex 3.5070446357131004 0.3704990893602371 5
      vertex 3.475911967456341 0.39438803493976593 8
      vertex 3.5070446357131004 0.3704990893602371 8
    endloop
  endfacet
  facet normal 0.9807852796390061 0.19509032585814412 0
    outer loop
      vertex 2.3079869374632835 2.1650157645344734 5
      vertex 2.2314298301935196 2.5498943254351616 5
      vertex 2.2314298301935196 2.5498943254351616 8
    endloop
  endfacet
  facet normal 0.9914448773576636 0.13052607081057527 0
    outer loop
      vertex 2.2263077422976494 2.5888004824519157 5
      vertex 2.2263077422976494 2.5888004824519157 8
      vertex 2.2314298301935196 2.5498943254351616 5
    endloop
  endfacet
  facet normal 0.9978589230086541 0.06540313273849395 0
    outer loop
      vertex 2.2263077422976494 2.5888004824519157 5
      vertex 2.2006423249840736 2.9803790599107742 5
      vertex 2.2006423249840736 2.9803790599107742 8
    endloop
  endfacet
  facet normal 0.999464589255071 0.03271902848790418 0
    outer loop
      vertex 2.2000000029802322 3 5
      vertex 2.2000000029802322 3 8
      vertex 2.2006423249840736 2.9803790599107742 5
    endloop
  endfacet
  facet normal 0.9659257931153894 0.2588191689083443 0
    outer loop
      vertex 2.3079869374632835 2.1650157645344734 5
      vertex 2.3079869374632835 2.1650157645344734 8
      vertex 2.3181434869766235 2.1271110251545906 5
    endloop
  endfacet
  facet normal 0.9469301300366789 0.3214394637077385 0
    outer loop
      vertex 2.444282367825508 1.7555178627371788 5
      vertex 2.3181434869766235 2.1271110251545906 5
      vertex 2.3181434869766235 2.1271110251545906 8
    endloop
  endfacet
  facet normal 0.9914448773576636 0.13052607081057527 0
    outer loop
      vertex 2.2314298301935196 2.5498943254351616 5
      vertex 2.2263077422976494 2.5888004824519157 8
      vertex 2.2314298301935196 2.5498943254351616 8
    endloop
  endfacet
  facet normal 0.9978589230086541 0.06540313273849395 0
    outer loop
      vertex 2.2263077422976494 2.5888004824519157 5
      vertex 2.2006423249840736 2.9803790599107742 8
      vertex 2.2263077422976494 2.5888004824519157 8
    endloop
  endfacet
  facet normal 0.999464589255071 0.03271902848790418 0
    outer loop
      vertex 2.2006423249840736 2.9803790599107742 5
      vertex 2.2000000029802322 3 8
      vertex 2.2006423249840736 2.9803790599107742 8
    endloop
  endfacet
  facet normal 0.9659257931153894 0.2588191689083443 0
    outer loop
      vertex 2.3181434869766235 2.1271110251545906 5
      vertex 2.3079869374632835 2.1650157645344734 8
      vertex 2.3181434869766235 2.1271110251545906 8
    endloop
  endfacet
  facet normal 0.9469301300366789 0.3214394637077385 0
    outer loop
      vertex 2.444282367825508 1.7555178627371788 5
      vertex 2.3181434869766235 2.1271110251545906 8
      vertex 2.444282367825508 1.7555178627371788 8
    endloop
  endfacet
  facet normal 0.9807852796390061 0.19509032585814412 0
    outer loop
      vertex 2.3079869374632835 2.1650157645344734 5
      vertex 2.2314298301935196 2.5498943254351616 8
      vertex 2.3079869374632835 2.1650157645344734 8
    endloop
  endfacet
  facet normal 0.4422886918115197 0.8968727407473451 0
    outer loop
      vertex 3.867313392460346 0.13286197185516357 5
      vertex 3.867313392460346 0.13286197185516357 8
      vertex 4.219263091683388 -0.040700413286685944 5
    endloop
  endfacet
  facet normal 0.3826834544771131 0.9238795233521865 0
    outer loop
      vertex 4.219263091683388 -0.040700413286685944 5
      vertex 4.219263091683388 -0.040700413286685944 8
      vertex 4.255517862737179 -0.05571763217449188 5
    endloop
  endfacet
  facet normal 0.3214394637077385 0.9469301300366789 0
    outer loop
      vertex 4.255517862737179 -0.05571763217449188 5
      vertex 4.255517862737179 -0.05571763217449188 8
      vertex 4.627111025154591 -0.18185651302337646 5
    endloop
  endfacet
  facet normal 0.499999914873597 0.8660254529321847 0
    outer loop
      vertex 3.8333289325237274 0.15248290449380875 5
      vertex 3.8333289325237274 0.15248290449380875 8
      vertex 3.867313392460346 0.13286197185516357 5
    endloop
  endfacet
  facet normal 0.2588191689083443 0.9659257931153894 0
    outer loop
      vertex 4.627111025154591 -0.18185651302337646 5
      vertex 4.627111025154591 -0.18185651302337646 8
      vertex 4.665015764534473 -0.19201306253671646 5
    endloop
  endfacet
  facet normal 0.19509032585814412 0.9807852796390061 0
    outer loop
      vertex 4.665015764534473 -0.19201306253671646 5
      vertex 4.665015764534473 -0.19201306253671646 8
      vertex 5.049894325435162 -0.2685701698064804 5
    endloop
  endfacet
  facet normal 0.13052607081057527 0.9914448773576636 0
    outer loop
      vertex 5.049894325435162 -0.2685701698064804 5
      vertex 5.049894325435162 -0.2685701698064804 8
      vertex 5.088800482451916 -0.2736922577023506 5
    endloop
  endfacet
  facet normal 0.06540313273849395 0.9978589230086541 0
    outer loop
      vertex 5.088800482451916 -0.2736922577023506 5
      vertex 5.088800482451916 -0.2736922577023506 8
      vertex 5.480379059910774 -0.29935767501592636 5
    endloop
  endfacet
  facet normal 0.4422886918115197 0.8968727407473451 0
    outer loop
      vertex 4.219263091683388 -0.040700413286685944 5
      vertex 3.867313392460346 0.13286197185516357 8
      vertex 4.219263091683388 -0.040700413286685944 8
    endloop
  endfacet
  facet normal 0.3826834544771131 0.9238795233521865 0
    outer loop
      vertex 4.255517862737179 -0.05571763217449188 5
      vertex 4.219263091683388 -0.040700413286685944 8
      vertex 4.255517862737179 -0.05571763217449188 8
    endloop
  endfacet
  facet normal 0.3214394637077385 0.9469301300366789 0
    outer loop
      vertex 4.627111025154591 -0.18185651302337646 5
      vertex 4.255517862737179 -0.05571763217449188 8
      vertex 4.627111025154591 -0.18185651302337646 8
    endloop
  endfacet
  facet normal 0.5555702116127254 0.8314696266061626 0
    outer loop
      vertex 3.8333289325237274 0.15248290449380875 5
      vertex 3.5070446357131004 0.3704990893602371 8
      vertex 3.8333289325237274 0.15248290449380875 8
    endloop
  endfacet
  facet normal 0.499999914873597 0.8660254529321847 0
    outer loop
      vertex 3.867313392460346 0.13286197185516357 5
      vertex 3.8333289325237274 0.15248290449380875 8
      vertex 3.867313392460346 0.13286197185516357 8
    endloop
  endfacet
  facet normal 0.2588191689083443 0.9659257931153894 0
    outer loop
      vertex 4.665015764534473 -0.19201306253671646 5
      vertex 4.627111025154591 -0.18185651302337646 8
      vertex 4.665015764534473 -0.19201306253671646 8
    endloop
  endfacet
  facet normal 0.19509032585814412 0.9807852796390061 0
    outer loop
      vertex 5.049894325435162 -0.2685701698064804 5
      vertex 4.665015764534473 -0.19201306253671646 8
      vertex 5.049894325435162 -0.2685701698064804 8
    endloop
  endfacet
  facet normal 0.13052607081057527 0.9914448773576636 0
    outer loop
      vertex 5.088800482451916 -0.2736922577023506 5
      vertex 5.049894325435162 -0.2685701698064804 8
      vertex 5.088800482451916 -0.2736922577023506 8
    endloop
  endfacet
  facet normal 0.06540313273849395 0.9978589230086541 0
    outer loop
      vertex 5.480379059910774 -0.29935767501592636 5
      vertex 5.088800482451916 -0.2736922577023506 8
      vertex 5.480379059910774 -0.29935767501592636 8
    endloop
  endfacet
  facet normal 0.03271902848790418 0.999464589255071 0
    outer loop
      vertex 5.480379059910774 -0.29935767501592636 5
      vertex 5.480379059910774 -0.29935767501592636 8
      vertex 5.5 -0.29999999701976776 5
    endloop
  endfacet
  facet normal 0.03271902848790418 0.999464589255071 0
    outer loop
      vertex 5.5 -0.29999999701976776 5
      vertex 5.480379059910774 -0.29935767501592636 8
      vertex 5.5 -0.29999999701976776 8
    endloop
  endfacet
  facet normal 0 0 1
    outer loop
      vertex 2.2000000029802322 3 5
      vertex 4.389185299767572 8.797641901867898 5
      vertex 11.17457351945706 29.400000000000002 5
    endloop
  endfacet
  facet normal 0 0 1
    outer loop
      vertex 4.799924356639972 9.41235634133492 5
      vertex 4.925 9.495929214352104 5
      vertex 11.17457351945706 23.400000000000002 5
    endloop
  endfacet
  facet normal 0 0 1
    outer loop
      vertex 4.925 9.495929214352104 5
      vertex 5.0599140527801465 9.56246146238798 5
      vertex 11.17457351945706 23.400000000000002 5
    endloop
  endfacet
  facet normal 0 0 1
    outer loop
      vertex 5.0599140527801465 9.56246146238798 5
      vertex 5.202358098132101 9.610814700232428 5
      vertex 11.17457351945706 23.400000000000002 5
    endloop
  endfacet
  facet normal 0 0 1
    outer loop
      vertex 5.202358098132101 9.610814700232428 5
      vertex 5.349894878946941 9.640161590579883 5
      vertex 11.17457351945706 23.400000000000002 5
    endloop
  endfacet
  facet normal 0 0 1
    outer loop
      vertex 4.389185299767572 8.797641901867898 5
      vertex 4.437538537612021 8.940085947219853 5
      vertex 11.17457351945706 29.400000000000002 5
    endloop
  endfacet
  facet normal 0 0 1
    outer loop
      vertex 4.437538537612021 8.940085947219853 5
      vertex 4.504070785647896 9.075 5
      vertex 11.17457351945706 29.400000000000002 5
    endloop
  endfacet
  facet normal 0 0 1
    outer loop
      vertex 4.504070785647896 9.075 5
      vertex 4.58764365866508 9.200075643360028 5
      vertex 11.17457351945706 29.400000000000002 5
    endloop
  endfacet
  facet normal 0 0 1
    outer loop
      vertex 4.58764365866508 9.200075643360028 5
      vertex 4.68682720163547 9.31317279836453 5
      vertex 11.17457351945706 29.400000000000002 5
    endloop
  endfacet
  facet normal 0 0 1
    outer loop
      vertex 4.68682720163547 9.31317279836453 5
      vertex 4.799924356639972 9.41235634133492 5
      vertex 11.17457351945706 29.400000000000002 5
    endloop
  endfacet
  facet normal 1 0 0
    outer loop
      vertex 2.2000000029802322 3 5
      vertex 2.2000000029802322 45 8
      vertex 2.2000000029802322 3 8
    endloop
  endfacet
  facet normal 0 0 1
    outer loop
      vertex 3.1531277149915695 0.6808759123086929 5
      vertex 3.180875912308693 0.6531277149915695 5
      vertex 26.129500910639763 1.0070446357131004 5
    endloop
  endfacet
  facet normal 0 0 1
    outer loop
      vertex 2.6524829044938087 1.3333289325237274 5
      vertex 26.555717632174492 1.7555178627371788 5
      vertex 2.6328619718551636 1.3673133924603462 5
    endloop
  endfacet
  facet normal 0 0 1
    outer loop
      vertex 2.4592995792627335 1.7192630916833878 5
      vertex 2.6328619718551636 1.3673133924603462 5
      vertex 26.681856513023376 2.1271110251545906 5
    endloop
  endfacet
  facet normal 0 0 1
    outer loop
      vertex 2.870499089360237 1.007044643163681 5
      vertex 2.8943880274891853 0.9759119674563408 5
      vertex 26.367138028144836 1.3673133924603462 5
    endloop
  endfacet
  facet normal 0 0 1
    outer loop
      vertex 2.8943880274891853 0.9759119674563408 5
      vertex 3.1531277149915695 0.6808759123086929 5
      vertex 26.34751709550619 1.3333289325237274 5
    endloop
  endfacet
  facet normal 0 0 1
    outer loop
      vertex 2.870499089360237 1.007044643163681 5
      vertex 26.540700413286686 1.7192630916833878 5
      vertex 2.6524829044938087 1.3333289325237274 5
    endloop
  endfacet
  facet normal 0 0 1
    outer loop
      vertex 2.2263077422976494 2.5888004824519157 5
      vertex 2.2314298301935196 2.5498943254351616 5
      vertex 26.799999997019768 3 5
    endloop
  endfacet
  facet normal 0 0 1
    outer loop
      vertex 2.4592995792627335 1.7192630916833878 5
      vertex 26.692013062536716 2.1650157645344734 5
      vertex 2.444282367825508 1.7555178627371788 5
    endloop
  endfacet
  facet normal 0 0 1
    outer loop
      vertex 2.444282367825508 1.7555178627371788 5
      vertex 26.76857016980648 2.5498943254351616 5
      vertex 2.3181434869766235 2.1271110251545906 5
    endloop
  endfacet
  facet normal 0 0 1
    outer loop
      vertex 2.3079869374632835 2.1650157645344734 5
      vertex 2.3181434869766235 2.1271110251545906 5
      vertex 26.77369225770235 2.5888004824519157 5
    endloop
  endfacet
  facet normal 0 0 1
    outer loop
      vertex 2.3079869374632835 2.1650157645344734 5
      vertex 26.799357675015926 2.9803790599107742 5
      vertex 2.2314298301935196 2.5498943254351616 5
    endloop
  endfacet
  facet normal 0 0 1
    outer loop
      vertex 4.219263091683388 -0.040700413286685944 5
      vertex 4.255517862737179 -0.05571763217449188 5
      vertex 25.166671067476273 0.15248290449380875 5
    endloop
  endfacet
  facet normal 0 0 1
    outer loop
      vertex 4.627111025154591 -0.18185651302337646 5
      vertex 4.665015764534473 -0.19201306253671646 5
      vertex 24.780736908316612 -0.04070042073726654 5
    endloop
  endfacet
  facet normal 0 0 1
    outer loop
      vertex 4.255517862737179 -0.05571763217449188 5
      vertex 4.627111025154591 -0.18185651302337646 5
      vertex 25.132686607539654 0.13286197185516357 5
    endloop
  endfacet
  facet normal 0 0 1
    outer loop
      vertex 4.665015764534473 -0.19201306253671646 5
      vertex 5.049894325435162 -0.2685701698064804 5
      vertex 24.74448213726282 -0.05571763217449188 5
    endloop
  endfacet
  facet normal 0 0 1
    outer loop
      vertex 5.049894325435162 -0.2685701698064804 5
      vertex 5.088800482451916 -0.2736922577023506 5
      vertex 24.37288897484541 -0.18185651302337646 5
    endloop
  endfacet
  facet normal 0 0 1
    outer loop
      vertex 5.480379059910774 -0.29935767501592636 5
      vertex 5.5 -0.29999999701976776 5
      vertex 23.95010567456484 -0.2685701698064804 5
    endloop
  endfacet
  facet normal 0 0 1
    outer loop
      vertex 5.088800482451916 -0.2736922577023506 5
      vertex 5.480379059910774 -0.29935767501592636 5
      vertex 24.334984235465527 -0.19201306253671646 5
    endloop
  endfacet
  facet normal 0 0 1
    outer loop
      vertex 3.475911967456341 0.39438803493976593 5
      vertex 3.5070446357131004 0.3704990893602371 5
      vertex 25.84687228500843 0.6808759123086929 5
    endloop
  endfacet
  facet normal 0 0 1
    outer loop
      vertex 3.8333289325237274 0.15248290449380875 5
      vertex 3.867313392460346 0.13286197185516357 5
      vertex 25.52408803254366 0.39438802748918533 5
    endloop
  endfacet
  facet normal 0 0 1
    outer loop
      vertex 3.5070446357131004 0.3704990893602371 5
      vertex 3.8333289325237274 0.15248290449380875 5
      vertex 25.819124087691307 0.6531277149915695 5
    endloop
  endfacet
  facet normal 0 0 1
    outer loop
      vertex 3.180875912308693 0.6531277149915695 5
      vertex 3.475911967456341 0.39438803493976593 5
      vertex 26.105611965060234 0.9759119674563408 5
    endloop
  endfacet
  facet normal 0 0 1
    outer loop
      vertex 3.867313392460346 0.13286197185516357 5
      vertex 4.219263091683388 -0.040700413286685944 5
      vertex 25.49295535683632 0.3704990893602371 5
    endloop
  endfacet
  facet normal 0 0 1
    outer loop
      vertex 2.2263077422976494 2.5888004824519157 5
      vertex 26.799999997019768 3 5
      vertex 5.5 7.35 5
    endloop
  endfacet
  facet normal 0 0 1
    outer loop
      vertex 5.5 7.35 5
      vertex 26.799999997019768 3 5
      vertex 5.650105121053059 7.359838409420118 5
    endloop
  endfacet
  facet normal 0 0 1
    outer loop
      vertex 6.41235634133492 7.799924356639972 5
      vertex 22.504070785647897 7.925 5
      vertex 6.495929214352104 7.925 5
    endloop
  endfacet
  facet normal 0 0 1
    outer loop
      vertex 6.495929214352104 7.925 5
      vertex 22.43753853761202 8.059914052780147 5
      vertex 6.562461462387979 8.059914052780147 5
    endloop
  endfacet
  facet normal 0 0 1
    outer loop
      vertex 6.562461462387979 8.059914052780147 5
      vertex 22.389185299767572 8.202358098132102 5
      vertex 6.610814700232428 8.202358098132102 5
    endloop
  endfacet
  facet normal 0 0 1
    outer loop
      vertex 6.610814700232428 8.202358098132102 5
      vertex 22.359838409420117 8.349894878946941 5
      vertex 6.640161590579882 8.349894878946941 5
    endloop
  endfacet
  facet normal 0 0 1
    outer loop
      vertex 6.640161590579882 8.349894878946941 5
      vertex 22.35 8.5 5
      vertex 6.65 8.5 5
    endloop
  endfacet
  facet normal 0 0 1
    outer loop
      vertex 6.65 8.5 5
      vertex 22.359838409420117 8.650105121053059 5
      vertex 6.640161590579882 8.650105121053059 5
    endloop
  endfacet
  facet normal 0 0 1
    outer loop
      vertex 6.610814700232428 8.797641901867898 5
      vertex 6.640161590579882 8.650105121053059 5
      vertex 22.389185299767572 8.797641901867898 5
    endloop
  endfacet
  facet normal 0 0 1
    outer loop
      vertex 6.610814700232428 8.797641901867898 5
      vertex 22.43753853761202 8.940085947219853 5
      vertex 6.562461462387979 8.940085947219853 5
    endloop
  endfacet
  facet normal 0 0 1
    outer loop
      vertex 6.495929214352104 9.075 5
      vertex 6.562461462387979 8.940085947219853 5
      vertex 22.504070785647897 9.075 5
    endloop
  endfacet
  facet normal 0 0 1
    outer loop
      vertex 5.650105121053059 7.359838409420118 5
      vertex 26.799999997019768 3 5
      vertex 5.797641901867899 7.389185299767572 5
    endloop
  endfacet
  facet normal 0 0 1
    outer loop
      vertex 5.797641901867899 7.389185299767572 5
      vertex 26.799999997019768 3 5
      vertex 5.9400859472198535 7.437538537612021 5
    endloop
  endfacet
  facet normal 0 0 1
    outer loop
      vertex 5.9400859472198535 7.437538537612021 5
      vertex 26.799999997019768 3 5
      vertex 6.075 7.504070785647896 5
    endloop
  endfacet
  facet normal 0 0 1
    outer loop
      vertex 6.075 7.504070785647896 5
      vertex 26.799999997019768 3 5
      vertex 6.200075643360028 7.58764365866508 5
    endloop
  endfacet
  facet normal 0 0 1
    outer loop
      vertex 6.200075643360028 7.58764365866508 5
      vertex 26.799999997019768 3 5
      vertex 6.31317279836453 7.68682720163547 5
    endloop
  endfacet
  facet normal 0 0 1
    outer loop
      vertex 6.31317279836453 7.68682720163547 5
      vertex 26.799999997019768 3 5
      vertex 6.41235634133492 7.799924356639972 5
    endloop
  endfacet
  facet normal 0 1 0
    outer loop
      vertex 5.5 -0.29999999701976776 5
      vertex 5.5 -0.29999999701976776 8
      vertex 23.5 -0.29999999701976776 5
    endloop
  endfacet
  facet normal 0 0 1
    outer loop
      vertex 5.349894878946941 9.640161590579883 5
      vertex 5.5 9.65 5
      vertex 11.17457351945706 23.400000000000002 5
    endloop
  endfacet
  facet normal 0 0 1
    outer loop
      vertex 5.5 9.65 5
      vertex 5.650105121053059 9.640161590579883 5
      vertex 11.17457351945706 23.400000000000002 5
    endloop
  endfacet
  facet normal 0 0 1
    outer loop
      vertex 5.650105121053059 9.640161590579883 5
      vertex 5.797641901867899 9.610814700232428 5
      vertex 11.17457351945706 23.400000000000002 5
    endloop
  endfacet
  facet normal 0 0 1
    outer loop
      vertex 5.9400859472198535 9.56246146238798 5
      vertex 11.17457351945706 23.400000000000002 5
      vertex 5.797641901867899 9.610814700232428 5
    endloop
  endfacet
  facet normal 0 0 1
    outer loop
      vertex 5.9400859472198535 9.56246146238798 5
      vertex 6.075 9.495929214352104 5
      vertex 11.17457351945706 23.400000000000002 5
    endloop
  endfacet
  facet normal 0 0 1
    outer loop
      vertex 6.075 9.495929214352104 5
      vertex 6.200075643360028 9.41235634133492 5
      vertex 11.17457351945706 23.400000000000002 5
    endloop
  endfacet
  facet normal 0 0 1
    outer loop
      vertex 6.200075643360028 9.41235634133492 5
      vertex 6.31317279836453 9.31317279836453 5
      vertex 12.83728675972853 20.520096189432337 5
    endloop
  endfacet
  facet normal 0 0 1
    outer loop
      vertex 6.31317279836453 9.31317279836453 5
      vertex 6.41235634133492 9.200075643360028 5
      vertex 12.83728675972853 20.520096189432337 5
    endloop
  endfacet
  facet normal 0 0 1
    outer loop
      vertex 6.41235634133492 9.200075643360028 5
      vertex 6.495929214352104 9.075 5
      vertex 12.83728675972853 20.520096189432337 5
    endloop
  endfacet
  facet normal 0 0 1
    outer loop
      vertex 6.200075643360028 9.41235634133492 5
      vertex 12.83728675972853 20.520096189432337 5
      vertex 11.17457351945706 23.400000000000002 5
    endloop
  endfacet
  facet normal 0 0 1
    outer loop
      vertex 4.799924356639972 9.41235634133492 5
      vertex 11.17457351945706 23.400000000000002 5
      vertex 11.17457351945706 29.400000000000002 5
    endloop
  endfacet
  facet normal 0 0 1
    outer loop
      vertex 2.2000000029802322 3 5
      vertex 11.17457351945706 29.400000000000002 5
      vertex 11.17457351945706 36.1 5
    endloop
  endfacet
  facet normal 0 0 1
    outer loop
      vertex 6.495929214352104 9.075 5
      vertex 22.504070785647897 9.075 5
      vertex 12.83728675972853 20.520096189432337 5
    endloop
  endfacet
  facet normal 0 0 1
    outer loop
      vertex 2.2000000029802322 3 5
      vertex 11.17457351945706 36.1 5
      vertex 2.2000000029802322 45 5
    endloop
  endfacet
  facet normal 1 0 0
    outer loop
      vertex 2.2000000029802322 3 5
      vertex 2.2000000029802322 45 5
      vertex 2.2000000029802322 45 8
    endloop
  endfacet
  facet normal 0 0 1
    outer loop
      vertex 5.088800482451916 48.27369225770235 5
      vertex 5.5 48.29999999701977 5
      vertex 5.480379059910774 48.299357675015926 5
    endloop
  endfacet
  facet normal 0.999464589255071 -0.03271902848790418 0
    outer loop
      vertex 2.2006423249840736 45.019620940089226 5
      vertex 2.2006423249840736 45.019620940089226 8
      vertex 2.2000000029802322 45 5
    endloop
  endfacet
  facet normal 0.9978589230086541 -0.06540313273849395 0
    outer loop
      vertex 2.2006423249840736 45.019620940089226 5
      vertex 2.2263077422976494 45.411199517548084 5
      vertex 2.2263077422976494 45.411199517548084 8
    endloop
  endfacet
  facet normal 0.9914448773576636 -0.13052607081057527 0
    outer loop
      vertex 2.2314298301935196 45.45010567456484 5
      vertex 2.2314298301935196 45.45010567456484 8
      vertex 2.2263077422976494 45.411199517548084 5
    endloop
  endfacet
  facet normal 0.9807852796390061 -0.19509032585814412 0
    outer loop
      vertex 2.2314298301935196 45.45010567456484 5
      vertex 2.3079869374632835 45.83498423546553 5
      vertex 2.3079869374632835 45.83498423546553 8
    endloop
  endfacet
  facet normal 0.9659257931153894 -0.2588191689083443 0
    outer loop
      vertex 2.3181434869766235 45.87288897484541 5
      vertex 2.3181434869766235 45.87288897484541 8
      vertex 2.3079869374632835 45.83498423546553 5
    endloop
  endfacet
  facet normal 0.9469301300366789 -0.3214394637077385 0
    outer loop
      vertex 2.3181434869766235 45.87288897484541 5
      vertex 2.444282367825508 46.24448213726282 5
      vertex 2.444282367825508 46.24448213726282 8
    endloop
  endfacet
  facet normal 0.9238795233521865 -0.3826834544771131 0
    outer loop
      vertex 2.444282367825508 46.24448213726282 5
      vertex 2.459299586713314 46.28073690831661 5
      vertex 2.459299586713314 46.28073690831661 8
    endloop
  endfacet
  facet normal 0.8968727407473451 -0.4422886918115197 0
    outer loop
      vertex 2.459299586713314 46.28073690831661 5
      vertex 2.6328619718551636 46.632686607539654 5
      vertex 2.6328619718551636 46.632686607539654 8
    endloop
  endfacet
  facet normal 0.8660254529321847 -0.499999914873597 0
    outer loop
      vertex 2.6328619718551636 46.632686607539654 5
      vertex 2.6524829044938087 46.66667106747627 5
      vertex 2.6524829044938087 46.66667106747627 8
    endloop
  endfacet
  facet normal 0.8314696266061626 -0.5555702116127254 0
    outer loop
      vertex 2.6524829044938087 46.66667106747627 5
      vertex 2.870499089360237 46.9929553642869 5
      vertex 2.870499089360237 46.9929553642869 8
    endloop
  endfacet
  facet normal 0.7933532292997186 -0.6087615736556538 0
    outer loop
      vertex 2.870499089360237 46.9929553642869 5
      vertex 2.894388034939766 47.02408803254366 5
      vertex 2.894388034939766 47.02408803254366 8
    endloop
  endfacet
  facet normal 0.7518398024852507 -0.6593458207943228 -4.420592442141484e-17
    outer loop
      vertex 2.894388034939766 47.02408803254366 5
      vertex 3.1531277149915695 47.31912408769131 5
      vertex 2.9609610446755616 47.099999999999994 8
    endloop
  endfacet
  facet normal 0.999464589255071 -0.03271902848790418 0
    outer loop
      vertex 2.2000000029802322 45 5
      vertex 2.2006423249840736 45.019620940089226 8
      vertex 2.2000000029802322 45 8
    endloop
  endfacet
  facet normal 0.9978589230086541 -0.06540313273849395 0
    outer loop
      vertex 2.2006423249840736 45.019620940089226 5
      vertex 2.2263077422976494 45.411199517548084 8
      vertex 2.2006423249840736 45.019620940089226 8
    endloop
  endfacet
  facet normal 0.9914448773576636 -0.13052607081057527 0
    outer loop
      vertex 2.2263077422976494 45.411199517548084 5
      vertex 2.2314298301935196 45.45010567456484 8
      vertex 2.2263077422976494 45.411199517548084 8
    endloop
  endfacet
  facet normal 0.9807852796390061 -0.19509032585814412 0
    outer loop
      vertex 2.2314298301935196 45.45010567456484 5
      vertex 2.3079869374632835 45.83498423546553 8
      vertex 2.2314298301935196 45.45010567456484 8
    endloop
  endfacet
  facet normal 0.9659257931153894 -0.2588191689083443 0
    outer loop
      vertex 2.3079869374632835 45.83498423546553 5
      vertex 2.3181434869766235 45.87288897484541 8
      vertex 2.3079869374632835 45.83498423546553 8
    endloop
  endfacet
  facet normal 0.9469301300366789 -0.3214394637077385 0
    outer loop
      vertex 2.3181434869766235 45.87288897484541 5
      vertex 2.444282367825508 46.24448213726282 8
      vertex 2.3181434869766235 45.87288897484541 8
    endloop
  endfacet
  facet normal 0.9238795233521865 -0.3826834544771131 0
    outer loop
      vertex 2.444282367825508 46.24448213726282 5
      vertex 2.459299586713314 46.28073690831661 8
      vertex 2.444282367825508 46.24448213726282 8
    endloop
  endfacet
  facet normal 0.8968727407473451 -0.4422886918115197 0
    outer loop
      vertex 2.459299586713314 46.28073690831661 5
      vertex 2.6328619718551636 46.632686607539654 8
      vertex 2.459299586713314 46.28073690831661 8
    endloop
  endfacet
  facet normal 0.8660254529321847 -0.499999914873597 0
    outer loop
      vertex 2.6328619718551636 46.632686607539654 5
      vertex 2.6524829044938087 46.66667106747627 8
      vertex 2.6328619718551636 46.632686607539654 8
    endloop
  endfacet
  facet normal 0.8314696266061626 -0.5555702116127254 0
    outer loop
      vertex 2.6524829044938087 46.66667106747627 5
      vertex 2.870499089360237 46.9929553642869 8
      vertex 2.6524829044938087 46.66667106747627 8
    endloop
  endfacet
  facet normal 0.7933532292997186 -0.6087615736556538 0
    outer loop
      vertex 2.870499089360237 46.9929553642869 5
      vertex 2.894388034939766 47.02408803254366 8
      vertex 2.870499089360237 46.9929553642869 8
    endloop
  endfacet
  facet normal 0.7518398024852498 -0.6593458207943238 0
    outer loop
      vertex 2.894388034939766 47.02408803254366 5
      vertex 2.9609610446755616 47.099999999999994 8
      vertex 2.894388034939766 47.02408803254366 8
    endloop
  endfacet
  facet normal 0.7071067811865475 -0.7071067811865475 0
    outer loop
      vertex 3.1531277149915695 47.31912408769131 5
      vertex 3.180875912308693 47.34687228500843 5
      vertex 3.180875912308693 47.34687228500843 19.38
    endloop
  endfacet
  facet normal 0.6593458315265772 -0.7518397930733158 0
    outer loop
      vertex 3.180875912308693 47.34687228500843 5
      vertex 3.475911967456341 47.605611972510815 5
      vertex 3.475911967456341 47.605611972510815 19.38
    endloop
  endfacet
  facet normal 0.6087613624572826 -0.7933533913579452 0
    outer loop
      vertex 3.475911967456341 47.605611972510815 5
      vertex 3.507044643163681 47.62950091063976 5
      vertex 3.507044643163681 47.62950091063976 19.38
    endloop
  endfacet
  facet normal 0.5555702203832522 -0.8314696207458843 0
    outer loop
      vertex 3.507044643163681 47.62950091063976 5
      vertex 3.8333289325237274 47.84751709550619 5
      vertex 3.8333289325237274 47.84751709550619 19.38
    endloop
  endfacet
  facet normal 0.4999999148735971 -0.8660254529321847 0
    outer loop
      vertex 3.8333289325237274 47.84751709550619 5
      vertex 3.867313392460346 47.867138028144836 5
      vertex 3.867313392460346 47.867138028144836 19.38
    endloop
  endfacet
  facet normal 0.44228870708373325 -0.8968727332159228 0
    outer loop
      vertex 3.867313392460346 47.867138028144836 5
      vertex 4.219263091683388 48.04070042073727 5
      vertex 4.219263091683388 48.04070042073727 19.38
    endloop
  endfacet
  facet normal 0.38268329241890886 -0.9238795904788806 0
    outer loop
      vertex 4.219263091683388 48.04070042073727 5
      vertex 4.255517862737179 48.05571763217449 5
      vertex 4.255517862737179 48.05571763217449 19.38
    endloop
  endfacet
  facet normal 0.32143946370773846 -0.9469301300366788 0
    outer loop
      vertex 4.255517862737179 48.05571763217449 5
      vertex 4.627111025154591 48.18185651302338 5
      vertex 4.627111025154591 48.18185651302338 19.38
    endloop
  endfacet
  facet normal 0.2588191689083443 -0.9659257931153893 0
    outer loop
      vertex 4.627111025154591 48.18185651302338 5
      vertex 4.665015764534473 48.19201306253672 5
      vertex 4.665015764534473 48.19201306253672 19.38
    endloop
  endfacet
  facet normal 0.1950903258581441 -0.9807852796390061 0
    outer loop
      vertex 4.665015764534473 48.19201306253672 5
      vertex 5.049894325435162 48.26857016980648 5
      vertex 5.049894325435162 48.26857016980648 19.38
    endloop
  endfacet
  facet normal 0.1305260708105753 -0.9914448773576636 0
    outer loop
      vertex 5.049894325435162 48.26857016980648 5
      vertex 5.088800482451916 48.27369225770235 5
      vertex 5.088800482451916 48.27369225770235 19.38
    endloop
  endfacet
  facet normal 0.06540313273849395 -0.9978589230086541 0
    outer loop
      vertex 5.088800482451916 48.27369225770235 5
      vertex 5.480379059910774 48.299357675015926 5
      vertex 5.480379059910774 48.299357675015926 19.38
    endloop
  endfacet
  facet normal 0.03271902848790418 -0.9994645892550711 0
    outer loop
      vertex 5.480379059910774 48.299357675015926 5
      vertex 5.5 48.29999999701977 5
      vertex 5.5 48.29999999701977 19.38
    endloop
  endfacet
  facet normal 0 0 1
    outer loop
      vertex 11.17457351945706 29.400000000000002 5
      vertex 12.83728675972853 32.27990381056767 5
      vertex 11.17457351945706 36.1 5
    endloop
  endfacet
  facet normal 0 0 1
    outer loop
      vertex 11.17457351945706 36.1 5
      vertex 12.83728675972853 32.27990381056767 5
      vertex 12.83728675972853 33.22009618943234 5
    endloop
  endfacet
  facet normal 0 0 1
    outer loop
      vertex 12.83728675972853 32.27990381056767 5
      vertex 16.162713240271472 32.27990381056767 5
      vertex 12.83728675972853 33.22009618943234 5
    endloop
  endfacet
  facet normal 0 0 1
    outer loop
      vertex 2.2000000029802322 45 5
      vertex 11.17457351945706 36.1 5
      vertex 11.17457351945706 42.1 5
    endloop
  endfacet
  facet normal 0 0 1
    outer loop
      vertex 2.2000000029802322 45 5
      vertex 11.17457351945706 42.1 5
      vertex 12.83728675972853 44.97990381056766 5
    endloop
  endfacet
  facet normal 0 0 1
    outer loop
      vertex 2.2006423249840736 45.019620940089226 5
      vertex 2.2000000029802322 45 5
      vertex 26.76857016980648 45.45010567456484 5
    endloop
  endfacet
  facet normal 0 0 1
    outer loop
      vertex 2.2006423249840736 45.019620940089226 5
      vertex 26.692013062536716 45.83498423546553 5
      vertex 2.2263077422976494 45.411199517548084 5
    endloop
  endfacet
  facet normal 0 0 1
    outer loop
      vertex 2.2314298301935196 45.45010567456484 5
      vertex 2.2263077422976494 45.411199517548084 5
      vertex 26.681856513023376 45.87288897484541 5
    endloop
  endfacet
  facet normal 0 0 1
    outer loop
      vertex 2.2314298301935196 45.45010567456484 5
      vertex 26.555717632174492 46.24448213726282 5
      vertex 2.3079869374632835 45.83498423546553 5
    endloop
  endfacet
  facet normal 0 0 1
    outer loop
      vertex 2.3181434869766235 45.87288897484541 5
      vertex 2.3079869374632835 45.83498423546553 5
      vertex 26.540700420737267 46.28073690831661 5
    endloop
  endfacet
  facet normal 0 0 1
    outer loop
      vertex 2.3181434869766235 45.87288897484541 5
      vertex 26.367138028144836 46.632686607539654 5
      vertex 2.444282367825508 46.24448213726282 5
    endloop
  endfacet
  facet normal 0 0 1
    outer loop
      vertex 2.444282367825508 46.24448213726282 5
      vertex 26.34751709550619 46.66667106747627 5
      vertex 2.459299586713314 46.28073690831661 5
    endloop
  endfacet
  facet normal 0 0 1
    outer loop
      vertex 2.459299586713314 46.28073690831661 5
      vertex 26.129500910639763 46.99295535683632 5
      vertex 2.6328619718551636 46.632686607539654 5
    endloop
  endfacet
  facet normal 0 0 1
    outer loop
      vertex 2.6328619718551636 46.632686607539654 5
      vertex 26.105611972510815 47.02408803254366 5
      vertex 2.6524829044938087 46.66667106747627 5
    endloop
  endfacet
  facet normal 0 0 1
    outer loop
      vertex 2.6524829044938087 46.66667106747627 5
      vertex 25.84687228500843 47.31912408769131 5
      vertex 2.870499089360237 46.9929553642869 5
    endloop
  endfacet
  facet normal 0 0 1
    outer loop
      vertex 2.870499089360237 46.9929553642869 5
      vertex 25.819124087691307 47.34687228500843 5
      vertex 2.894388034939766 47.02408803254366 5
    endloop
  endfacet
  facet normal 0 0 1
    outer loop
      vertex 2.894388034939766 47.02408803254366 5
      vertex 25.52408803254366 47.605611965060234 5
      vertex 3.1531277149915695 47.31912408769131 5
    endloop
  endfacet
  facet normal 0 0 1
    outer loop
      vertex 3.1531277149915695 47.31912408769131 5
      vertex 25.4929553642869 47.62950091063976 5
      vertex 3.180875912308693 47.34687228500843 5
    endloop
  endfacet
  facet normal 0 0 1
    outer loop
      vertex 3.180875912308693 47.34687228500843 5
      vertex 25.166671067476273 47.84751709550619 5
      vertex 3.475911967456341 47.605611972510815 5
    endloop
  endfacet
  facet normal 0 0 1
    outer loop
      vertex 3.475911967456341 47.605611972510815 5
      vertex 25.132686607539654 47.867138028144836 5
      vertex 3.507044643163681 47.62950091063976 5
    endloop
  endfacet
  facet normal 0 0 1
    outer loop
      vertex 3.507044643163681 47.62950091063976 5
      vertex 24.780736908316612 48.040700413286686 5
      vertex 3.8333289325237274 47.84751709550619 5
    endloop
  endfacet
  facet normal 0 0 1
    outer loop
      vertex 3.8333289325237274 47.84751709550619 5
      vertex 24.74448213726282 48.05571763217449 5
      vertex 3.867313392460346 47.867138028144836 5
    endloop
  endfacet
  facet normal 0 0 1
    outer loop
      vertex 3.867313392460346 47.867138028144836 5
      vertex 24.37288897484541 48.18185651302338 5
      vertex 4.219263091683388 48.04070042073727 5
    endloop
  endfacet
  facet normal 0 0 1
    outer loop
      vertex 4.219263091683388 48.04070042073727 5
      vertex 24.334984235465527 48.19201306253672 5
      vertex 4.255517862737179 48.05571763217449 5
    endloop
  endfacet
  facet normal 0 0 1
    outer loop
      vertex 4.255517862737179 48.05571763217449 5
      vertex 23.95010567456484 48.26857016980648 5
      vertex 4.627111025154591 48.18185651302338 5
    endloop
  endfacet
  facet normal 0 0 1
    outer loop
      vertex 4.627111025154591 48.18185651302338 5
      vertex 23.911199517548084 48.27369225770235 5
      vertex 4.665015764534473 48.19201306253672 5
    endloop
  endfacet
  facet normal 0 0 1
    outer loop
      vertex 4.665015764534473 48.19201306253672 5
      vertex 23.519620940089226 48.299357675015926 5
      vertex 5.049894325435162 48.26857016980648 5
    endloop
  endfacet
  facet normal 0 0 1
    outer loop
      vertex 5.049894325435162 48.26857016980648 5
      vertex 23.5 48.29999999701977 5
      vertex 5.088800482451916 48.27369225770235 5
    endloop
  endfacet
  facet normal 0 0 1
    outer loop
      vertex 5.088800482451916 48.27369225770235 5
      vertex 23.5 48.29999999701977 5
      vertex 5.5 48.29999999701977 5
    endloop
  endfacet
  facet normal 0 0 1
    outer loop
      vertex 2.2000000029802322 45 5
      vertex 12.83728675972853 44.97990381056766 5
      vertex 26.77369225770235 45.411199517548084 5
    endloop
  endfacet
  facet normal 0.7518398024852511 -0.6593458207943225 0
    outer loop
      vertex 3.1531277149915695 47.31912408769131 5
      vertex 3.1531277149915695 47.31912408769131 19.38
      vertex 2.9609610446755616 47.099999999999994 8
    endloop
  endfacet
  facet normal 0.7518398024852511 -0.6593458207943225 0
    outer loop
      vertex 3.1531277149915695 47.31912408769131 19.38
      vertex 2.9609610446755616 47.099999999999994 19.38
      vertex 2.9609610446755616 47.099999999999994 8
    endloop
  endfacet
  facet normal 0.7071067811865475 -0.7071067811865475 0
    outer loop
      vertex 3.1531277149915695 47.31912408769131 5
      vertex 3.180875912308693 47.34687228500843 19.38
      vertex 3.1531277149915695 47.31912408769131 19.38
    endloop
  endfacet
  facet normal 0.6593458315265772 -0.7518397930733158 0
    outer loop
      vertex 3.180875912308693 47.34687228500843 5
      vertex 3.475911967456341 47.605611972510815 19.38
      vertex 3.180875912308693 47.34687228500843 19.38
    endloop
  endfacet
  facet normal 0.6087613624572826 -0.7933533913579452 0
    outer loop
      vertex 3.475911967456341 47.605611972510815 5
      vertex 3.507044643163681 47.62950091063976 19.38
      vertex 3.475911967456341 47.605611972510815 19.38
    endloop
  endfacet
  facet normal 0.5555702203832522 -0.8314696207458843 0
    outer loop
      vertex 3.507044643163681 47.62950091063976 5
      vertex 3.8333289325237274 47.84751709550619 19.38
      vertex 3.507044643163681 47.62950091063976 19.38
    endloop
  endfacet
  facet normal 0.4999999148735971 -0.8660254529321847 0
    outer loop
      vertex 3.8333289325237274 47.84751709550619 5
      vertex 3.867313392460346 47.867138028144836 19.38
      vertex 3.8333289325237274 47.84751709550619 19.38
    endloop
  endfacet
  facet normal 0.44228870708373325 -0.8968727332159228 0
    outer loop
      vertex 3.867313392460346 47.867138028144836 5
      vertex 4.219263091683388 48.04070042073727 19.38
      vertex 3.867313392460346 47.867138028144836 19.38
    endloop
  endfacet
  facet normal 0.38268329241890886 -0.9238795904788806 0
    outer loop
      vertex 4.219263091683388 48.04070042073727 5
      vertex 4.255517862737179 48.05571763217449 19.38
      vertex 4.219263091683388 48.04070042073727 19.38
    endloop
  endfacet
  facet normal 0.32143946370773846 -0.9469301300366788 0
    outer loop
      vertex 4.255517862737179 48.05571763217449 5
      vertex 4.627111025154591 48.18185651302338 19.38
      vertex 4.255517862737179 48.05571763217449 19.38
    endloop
  endfacet
  facet normal 0.2588191689083443 -0.9659257931153893 0
    outer loop
      vertex 4.627111025154591 48.18185651302338 5
      vertex 4.665015764534473 48.19201306253672 19.38
      vertex 4.627111025154591 48.18185651302338 19.38
    endloop
  endfacet
  facet normal 0.1950903258581441 -0.9807852796390061 0
    outer loop
      vertex 4.665015764534473 48.19201306253672 5
      vertex 5.049894325435162 48.26857016980648 19.38
      vertex 4.665015764534473 48.19201306253672 19.38
    endloop
  endfacet
  facet normal 0.1305260708105753 -0.9914448773576636 0
    outer loop
      vertex 5.049894325435162 48.26857016980648 5
      vertex 5.088800482451916 48.27369225770235 19.38
      vertex 5.049894325435162 48.26857016980648 19.38
    endloop
  endfacet
  facet normal 0.06540313273849395 -0.9978589230086541 0
    outer loop
      vertex 5.088800482451916 48.27369225770235 5
      vertex 5.480379059910774 48.299357675015926 19.38
      vertex 5.088800482451916 48.27369225770235 19.38
    endloop
  endfacet
  facet normal 0.03271902848790418 -0.9994645892550711 0
    outer loop
      vertex 5.480379059910774 48.299357675015926 5
      vertex 5.5 48.29999999701977 19.38
      vertex 5.480379059910774 48.299357675015926 19.38
    endloop
  endfacet
  facet normal 0 0 -1
    outer loop
      vertex 5.088800482451916 48.27369225770235 19.38
      vertex 5.480379059910774 48.299357675015926 19.38
      vertex 5.5 48.29999999701977 19.38
    endloop
  endfacet
  facet normal 0 -1 0
    outer loop
      vertex 5.5 48.29999999701977 5
      vertex 23.5 48.29999999701977 19.38
      vertex 5.5 48.29999999701977 19.38
    endloop
  endfacet
  facet normal 0 0 -1
    outer loop
      vertex 3.1531277149915695 47.31912408769131 19.38
      vertex 26.039038960858004 47.099999999999994 19.38
      vertex 2.9609610446755616 47.099999999999994 19.38
    endloop
  endfacet
  facet normal 0 0 -1
    outer loop
      vertex 3.1531277149915695 47.31912408769131 19.38
      vertex 3.180875912308693 47.34687228500843 19.38
      vertex 25.4929553642869 47.62950091063976 19.38
    endloop
  endfacet
  facet normal 0 0 -1
    outer loop
      vertex 3.180875912308693 47.34687228500843 19.38
      vertex 3.475911967456341 47.605611972510815 19.38
      vertex 25.166671067476273 47.84751709550619 19.38
    endloop
  endfacet
  facet normal 0 0 -1
    outer loop
      vertex 3.475911967456341 47.605611972510815 19.38
      vertex 3.507044643163681 47.62950091063976 19.38
      vertex 25.132686607539654 47.867138028144836 19.38
    endloop
  endfacet
  facet normal 0 0 -1
    outer loop
      vertex 3.507044643163681 47.62950091063976 19.38
      vertex 3.8333289325237274 47.84751709550619 19.38
      vertex 24.780736908316612 48.040700413286686 19.38
    endloop
  endfacet
  facet normal 0 0 -1
    outer loop
      vertex 3.8333289325237274 47.84751709550619 19.38
      vertex 3.867313392460346 47.867138028144836 19.38
      vertex 24.74448213726282 48.05571763217449 19.38
    endloop
  endfacet
  facet normal 0 0 -1
    outer loop
      vertex 3.867313392460346 47.867138028144836 19.38
      vertex 4.219263091683388 48.04070042073727 19.38
      vertex 24.37288897484541 48.18185651302338 19.38
    endloop
  endfacet
  facet normal 0 0 -1
    outer loop
      vertex 4.219263091683388 48.04070042073727 19.38
      vertex 4.255517862737179 48.05571763217449 19.38
      vertex 24.334984235465527 48.19201306253672 19.38
    endloop
  endfacet
  facet normal 0 0 -1
    outer loop
      vertex 4.255517862737179 48.05571763217449 19.38
      vertex 4.627111025154591 48.18185651302338 19.38
      vertex 23.95010567456484 48.26857016980648 19.38
    endloop
  endfacet
  facet normal 0 0 -1
    outer loop
      vertex 4.627111025154591 48.18185651302338 19.38
      vertex 4.665015764534473 48.19201306253672 19.38
      vertex 23.911199517548084 48.27369225770235 19.38
    endloop
  endfacet
  facet normal 0 0 -1
    outer loop
      vertex 4.665015764534473 48.19201306253672 19.38
      vertex 5.049894325435162 48.26857016980648 19.38
      vertex 23.519620940089226 48.299357675015926 19.38
    endloop
  endfacet
  facet normal 0 0 -1
    outer loop
      vertex 5.049894325435162 48.26857016980648 19.38
      vertex 5.088800482451916 48.27369225770235 19.38
      vertex 23.5 48.29999999701977 19.38
    endloop
  endfacet
  facet normal 0 0 -1
    outer loop
      vertex 5.088800482451916 48.27369225770235 19.38
      vertex 5.5 48.29999999701977 19.38
      vertex 23.5 48.29999999701977 19.38
    endloop
  endfacet
  facet normal 0 0 1
    outer loop
      vertex 5.5 -0.29999999701976776 5
      vertex 23.5 -0.29999999701976776 5
      vertex 23.911199517548084 -0.2736922577023506 5
    endloop
  endfacet
  facet normal 0 0 1
    outer loop
      vertex 5.5 -0.29999999701976776 5
      vertex 23.911199517548084 -0.2736922577023506 5
      vertex 23.95010567456484 -0.2685701698064804 5
    endloop
  endfacet
  facet normal 0 0 1
    outer loop
      vertex 5.480379059910774 -0.29935767501592636 5
      vertex 23.95010567456484 -0.2685701698064804 5
      vertex 24.334984235465527 -0.19201306253671646 5
    endloop
  endfacet
  facet normal 0 0 1
    outer loop
      vertex 5.088800482451916 -0.2736922577023506 5
      vertex 24.334984235465527 -0.19201306253671646 5
      vertex 24.37288897484541 -0.18185651302337646 5
    endloop
  endfacet
  facet normal 0 0 1
    outer loop
      vertex 5.049894325435162 -0.2685701698064804 5
      vertex 24.37288897484541 -0.18185651302337646 5
      vertex 24.74448213726282 -0.05571763217449188 5
    endloop
  endfacet
  facet normal 0 0 1
    outer loop
      vertex 4.665015764534473 -0.19201306253671646 5
      vertex 24.74448213726282 -0.05571763217449188 5
      vertex 24.780736908316612 -0.04070042073726654 5
    endloop
  endfacet
  facet normal 0 0 1
    outer loop
      vertex 6.41235634133492 7.799924356639972 5
      vertex 22.58764365866508 7.799924356639972 5
      vertex 22.504070785647897 7.925 5
    endloop
  endfacet
  facet normal 0 0 1
    outer loop
      vertex 6.495929214352104 7.925 5
      vertex 22.504070785647897 7.925 5
      vertex 22.43753853761202 8.059914052780147 5
    endloop
  endfacet
  facet normal 0 0 1
    outer loop
      vertex 6.562461462387979 8.059914052780147 5
      vertex 22.43753853761202 8.059914052780147 5
      vertex 22.389185299767572 8.202358098132102 5
    endloop
  endfacet
  facet normal 0 0 1
    outer loop
      vertex 6.41235634133492 7.799924356639972 5
      vertex 22.68682720163547 7.68682720163547 5
      vertex 22.58764365866508 7.799924356639972 5
    endloop
  endfacet
  facet normal 0 0 1
    outer loop
      vertex 6.610814700232428 8.202358098132102 5
      vertex 22.389185299767572 8.202358098132102 5
      vertex 22.359838409420117 8.349894878946941 5
    endloop
  endfacet
  facet normal 0 0 1
    outer loop
      vertex 6.640161590579882 8.349894878946941 5
      vertex 22.359838409420117 8.349894878946941 5
      vertex 22.35 8.5 5
    endloop
  endfacet
  facet normal 0 0 1
    outer loop
      vertex 6.65 8.5 5
      vertex 22.35 8.5 5
      vertex 22.359838409420117 8.650105121053059 5
    endloop
  endfacet
  facet normal 0 0 1
    outer loop
      vertex 6.640161590579882 8.650105121053059 5
      vertex 22.359838409420117 8.650105121053059 5
      vertex 22.389185299767572 8.797641901867898 5
    endloop
  endfacet
  facet normal 0 0 1
    outer loop
      vertex 6.610814700232428 8.797641901867898 5
      vertex 22.389185299767572 8.797641901867898 5
      vertex 22.43753853761202 8.940085947219853 5
    endloop
  endfacet
  facet normal 0 0 1
    outer loop
      vertex 6.562461462387979 8.940085947219853 5
      vertex 22.43753853761202 8.940085947219853 5
      vertex 22.504070785647897 9.075 5
    endloop
  endfacet
  facet normal 0 0 1
    outer loop
      vertex 4.627111025154591 -0.18185651302337646 5
      vertex 24.780736908316612 -0.04070042073726654 5
      vertex 25.132686607539654 0.13286197185516357 5
    endloop
  endfacet
  facet normal 0 0 1
    outer loop
      vertex 4.255517862737179 -0.05571763217449188 5
      vertex 25.132686607539654 0.13286197185516357 5
      vertex 25.166671067476273 0.15248290449380875 5
    endloop
  endfacet
  facet normal 0 0 1
    outer loop
      vertex 4.219263091683388 -0.040700413286685944 5
      vertex 25.166671067476273 0.15248290449380875 5
      vertex 25.49295535683632 0.3704990893602371 5
    endloop
  endfacet
  facet normal 0 0 1
    outer loop
      vertex 3.867313392460346 0.13286197185516357 5
      vertex 25.49295535683632 0.3704990893602371 5
      vertex 25.52408803254366 0.39438802748918533 5
    endloop
  endfacet
  facet normal 0 0 1
    outer loop
      vertex 3.8333289325237274 0.15248290449380875 5
      vertex 25.52408803254366 0.39438802748918533 5
      vertex 25.819124087691307 0.6531277149915695 5
    endloop
  endfacet
  facet normal 0 0 1
    outer loop
      vertex 3.5070446357131004 0.3704990893602371 5
      vertex 25.819124087691307 0.6531277149915695 5
      vertex 25.84687228500843 0.6808759123086929 5
    endloop
  endfacet
  facet normal 0 0 1
    outer loop
      vertex 3.475911967456341 0.39438803493976593 5
      vertex 25.84687228500843 0.6808759123086929 5
      vertex 26.105611965060234 0.9759119674563408 5
    endloop
  endfacet
  facet normal 0 0 1
    outer loop
      vertex 3.180875912308693 0.6531277149915695 5
      vertex 26.105611965060234 0.9759119674563408 5
      vertex 26.129500910639763 1.0070446357131004 5
    endloop
  endfacet
  facet normal 0 0 1
    outer loop
      vertex 3.1531277149915695 0.6808759123086929 5
      vertex 26.129500910639763 1.0070446357131004 5
      vertex 26.34751709550619 1.3333289325237274 5
    endloop
  endfacet
  facet normal 0 0 1
    outer loop
      vertex 2.8943880274891853 0.9759119674563408 5
      vertex 26.34751709550619 1.3333289325237274 5
      vertex 26.367138028144836 1.3673133924603462 5
    endloop
  endfacet
  facet normal 0 0 1
    outer loop
      vertex 2.870499089360237 1.007044643163681 5
      vertex 26.367138028144836 1.3673133924603462 5
      vertex 26.540700413286686 1.7192630916833878 5
    endloop
  endfacet
  facet normal 0 0 1
    outer loop
      vertex 2.6524829044938087 1.3333289325237274 5
      vertex 26.540700413286686 1.7192630916833878 5
      vertex 26.555717632174492 1.7555178627371788 5
    endloop
  endfacet
  facet normal 0 0 1
    outer loop
      vertex 2.6328619718551636 1.3673133924603462 5
      vertex 26.555717632174492 1.7555178627371788 5
      vertex 26.681856513023376 2.1271110251545906 5
    endloop
  endfacet
  facet normal 0 0 1
    outer loop
      vertex 2.4592995792627335 1.7192630916833878 5
      vertex 26.681856513023376 2.1271110251545906 5
      vertex 26.692013062536716 2.1650157645344734 5
    endloop
  endfacet
  facet normal 0 0 1
    outer loop
      vertex 2.444282367825508 1.7555178627371788 5
      vertex 26.692013062536716 2.1650157645344734 5
      vertex 26.76857016980648 2.5498943254351616 5
    endloop
  endfacet
  facet normal 0 0 1
    outer loop
      vertex 2.3181434869766235 2.1271110251545906 5
      vertex 26.76857016980648 2.5498943254351616 5
      vertex 26.77369225770235 2.5888004824519157 5
    endloop
  endfacet
  facet normal 0 0 1
    outer loop
      vertex 2.3079869374632835 2.1650157645344734 5
      vertex 26.77369225770235 2.5888004824519157 5
      vertex 26.799357675015926 2.9803790599107742 5
    endloop
  endfacet
  facet normal 0 0 1
    outer loop
      vertex 2.2314298301935196 2.5498943254351616 5
      vertex 26.799357675015926 2.9803790599107742 5
      vertex 26.799999997019768 3 5
    endloop
  endfacet
  facet normal 0 0 1
    outer loop
      vertex 6.41235634133492 7.799924356639972 5
      vertex 26.799999997019768 3 5
      vertex 22.68682720163547 7.68682720163547 5
    endloop
  endfacet
  facet normal 0 1 0
    outer loop
      vertex 23.5 -0.29999999701976776 5
      vertex 5.5 -0.29999999701976776 8
      vertex 23.5 -0.29999999701976776 8
    endloop
  endfacet
  facet normal 0 0 1
    outer loop
      vertex 12.83728675972853 20.520096189432337 5
      vertex 22.504070785647897 9.075 5
      vertex 16.162713240271472 20.520096189432337 5
    endloop
  endfacet
  facet normal 0 0 1
    outer loop
      vertex 16.162713240271472 20.520096189432337 5
      vertex 23.5 9.65 5
      vertex 17.82542648054294 23.400000000000002 5
    endloop
  endfacet
  facet normal 0 0 1
    outer loop
      vertex 16.162713240271472 20.520096189432337 5
      vertex 22.504070785647897 9.075 5
      vertex 22.58764365866508 9.200075643360028 5
    endloop
  endfacet
  facet normal 0 0 1
    outer loop
      vertex 16.162713240271472 20.520096189432337 5
      vertex 22.58764365866508 9.200075643360028 5
      vertex 22.68682720163547 9.31317279836453 5
    endloop
  endfacet
  facet normal 0 0 1
    outer loop
      vertex 16.162713240271472 20.520096189432337 5
      vertex 22.68682720163547 9.31317279836453 5
      vertex 22.79992435663997 9.41235634133492 5
    endloop
  endfacet
  facet normal 0 0 1
    outer loop
      vertex 16.162713240271472 20.520096189432337 5
      vertex 22.79992435663997 9.41235634133492 5
      vertex 22.925 9.495929214352104 5
    endloop
  endfacet
  facet normal 0 0 1
    outer loop
      vertex 16.162713240271472 20.520096189432337 5
      vertex 22.925 9.495929214352104 5
      vertex 23.059914052780147 9.56246146238798 5
    endloop
  endfacet
  facet normal 0 0 1
    outer loop
      vertex 16.162713240271472 20.520096189432337 5
      vertex 23.059914052780147 9.56246146238798 5
      vertex 23.202358098132102 9.610814700232428 5
    endloop
  endfacet
  facet normal 0 0 1
    outer loop
      vertex 16.162713240271472 20.520096189432337 5
      vertex 23.202358098132102 9.610814700232428 5
      vertex 23.34989487894694 9.640161590579883 5
    endloop
  endfacet
  facet normal 0 0 1
    outer loop
      vertex 16.162713240271472 20.520096189432337 5
      vertex 23.34989487894694 9.640161590579883 5
      vertex 23.5 9.65 5
    endloop
  endfacet
  facet normal 0 0 1
    outer loop
      vertex 17.82542648054294 23.400000000000002 5
      vertex 23.5 9.65 5
      vertex 23.65010512105306 9.640161590579883 5
    endloop
  endfacet
  facet normal 0 0 1
    outer loop
      vertex 17.82542648054294 23.400000000000002 5
      vertex 24.20007564336003 9.41235634133492 5
      vertex 17.82542648054294 29.400000000000002 5
    endloop
  endfacet
  facet normal 0 0 1
    outer loop
      vertex 23.5 -0.29999999701976776 5
      vertex 23.519620940089226 -0.29935767501592636 5
      vertex 23.911199517548084 -0.2736922577023506 5
    endloop
  endfacet
  facet normal 0 0 1
    outer loop
      vertex 22.68682720163547 7.68682720163547 5
      vertex 26.799999997019768 3 5
      vertex 22.79992435663997 7.58764365866508 5
    endloop
  endfacet
  facet normal 0 0 1
    outer loop
      vertex 22.79992435663997 7.58764365866508 5
      vertex 26.799999997019768 3 5
      vertex 22.925 7.504070785647896 5
    endloop
  endfacet
  facet normal 0 0 1
    outer loop
      vertex 22.925 7.504070785647896 5
      vertex 26.799999997019768 3 5
      vertex 23.059914052780147 7.437538537612021 5
    endloop
  endfacet
  facet normal 0 0 1
    outer loop
      vertex 23.059914052780147 7.437538537612021 5
      vertex 26.799999997019768 3 5
      vertex 23.202358098132102 7.389185299767572 5
    endloop
  endfacet
  facet normal 0 0 1
    outer loop
      vertex 23.202358098132102 7.389185299767572 5
      vertex 26.799999997019768 3 5
      vertex 23.34989487894694 7.359838409420118 5
    endloop
  endfacet
  facet normal 0 0 1
    outer loop
      vertex 23.34989487894694 7.359838409420118 5
      vertex 26.799999997019768 3 5
      vertex 23.5 7.35 5
    endloop
  endfacet
  facet normal 0 0 1
    outer loop
      vertex 23.5 7.35 5
      vertex 26.799999997019768 3 5
      vertex 23.65010512105306 7.359838409420118 5
    endloop
  endfacet
  facet normal 0 0 1
    outer loop
      vertex 23.65010512105306 7.359838409420118 5
      vertex 26.799999997019768 3 5
      vertex 23.797641901867898 7.389185299767572 5
    endloop
  endfacet
  facet normal 0 0 1
    outer loop
      vertex 26.799999997019768 3 5
      vertex 23.940085947219853 7.437538537612021 5
      vertex 23.797641901867898 7.389185299767572 5
    endloop
  endfacet
  facet normal 0 0 1
    outer loop
      vertex 26.799999997019768 3 5
      vertex 24.075 7.504070785647896 5
      vertex 23.940085947219853 7.437538537612021 5
    endloop
  endfacet
  facet normal 0 0 1
    outer loop
      vertex 26.799999997019768 3 5
      vertex 24.20007564336003 7.58764365866508 5
      vertex 24.075 7.504070785647896 5
    endloop
  endfacet
  facet normal 0 0 1
    outer loop
      vertex 26.799999997019768 3 5
      vertex 24.31317279836453 7.68682720163547 5
      vertex 24.20007564336003 7.58764365866508 5
    endloop
  endfacet
  facet normal 0 0 1
    outer loop
      vertex 26.799999997019768 3 5
      vertex 24.41235634133492 7.799924356639972 5
      vertex 24.31317279836453 7.68682720163547 5
    endloop
  endfacet
  facet normal 0 0 1
    outer loop
      vertex 26.799999997019768 3 5
      vertex 24.495929214352103 7.925 5
      vertex 24.41235634133492 7.799924356639972 5
    endloop
  endfacet
  facet normal 0 0 1
    outer loop
      vertex 26.799999997019768 3 5
      vertex 24.56246146238798 8.059914052780147 5
      vertex 24.495929214352103 7.925 5
    endloop
  endfacet
  facet normal 0 0 1
    outer loop
      vertex 26.799999997019768 3 5
      vertex 24.610814700232428 8.202358098132102 5
      vertex 24.56246146238798 8.059914052780147 5
    endloop
  endfacet
  facet normal 0 0 1
    outer loop
      vertex 26.799999997019768 3 5
      vertex 24.640161590579883 8.349894878946941 5
      vertex 24.610814700232428 8.202358098132102 5
    endloop
  endfacet
  facet normal 0 0 1
    outer loop
      vertex 26.799999997019768 3 5
      vertex 24.65 8.5 5
      vertex 24.640161590579883 8.349894878946941 5
    endloop
  endfacet
  facet normal 0 0 1
    outer loop
      vertex 26.799999997019768 3 5
      vertex 24.640161590579883 8.650105121053059 5
      vertex 24.65 8.5 5
    endloop
  endfacet
  facet normal 0 0 1
    outer loop
      vertex 26.799999997019768 3 5
      vertex 24.610814700232428 8.797641901867898 5
      vertex 24.640161590579883 8.650105121053059 5
    endloop
  endfacet
  facet normal 0 0 1
    outer loop
      vertex 26.799999997019768 3 5
      vertex 24.56246146238798 8.940085947219853 5
      vertex 24.610814700232428 8.797641901867898 5
    endloop
  endfacet
  facet normal -0.03271902848790418 0.999464589255071 0
    outer loop
      vertex 23.5 -0.29999999701976776 5
      vertex 23.5 -0.29999999701976776 8
      vertex 23.519620940089226 -0.29935767501592636 5
    endloop
  endfacet
  facet normal -0.03271902848790418 0.999464589255071 0
    outer loop
      vertex 23.519620940089226 -0.29935767501592636 5
      vertex 23.5 -0.29999999701976776 8
      vertex 23.519620940089226 -0.29935767501592636 8
    endloop
  endfacet
  facet normal -0.06540313273849395 0.9978589230086541 0
    outer loop
      vertex 23.519620940089226 -0.29935767501592636 5
      vertex 23.519620940089226 -0.29935767501592636 8
      vertex 23.911199517548084 -0.2736922577023506 5
    endloop
  endfacet
  facet normal -0.13052607081057527 0.9914448773576636 0
    outer loop
      vertex 23.911199517548084 -0.2736922577023506 5
      vertex 23.911199517548084 -0.2736922577023506 8
      vertex 23.95010567456484 -0.2685701698064804 5
    endloop
  endfacet
  facet normal -0.19509032585814412 0.9807852796390061 0
    outer loop
      vertex 23.95010567456484 -0.2685701698064804 5
      vertex 23.95010567456484 -0.2685701698064804 8
      vertex 24.334984235465527 -0.19201306253671646 5
    endloop
  endfacet
  facet normal -0.2588191689083443 0.9659257931153894 0
    outer loop
      vertex 24.334984235465527 -0.19201306253671646 5
      vertex 24.334984235465527 -0.19201306253671646 8
      vertex 24.37288897484541 -0.18185651302337646 5
    endloop
  endfacet
  facet normal -0.3214394637077385 0.9469301300366789 0
    outer loop
      vertex 24.37288897484541 -0.18185651302337646 5
      vertex 24.37288897484541 -0.18185651302337646 8
      vertex 24.74448213726282 -0.05571763217449188 5
    endloop
  endfacet
  facet normal -0.3826832924189088 0.9238795904788806 0
    outer loop
      vertex 24.74448213726282 -0.05571763217449188 5
      vertex 24.74448213726282 -0.05571763217449188 8
      vertex 24.780736908316612 -0.04070042073726654 5
    endloop
  endfacet
  facet normal -0.4422887070837332 0.8968727332159228 0
    outer loop
      vertex 24.780736908316612 -0.04070042073726654 5
      vertex 24.780736908316612 -0.04070042073726654 8
      vertex 25.132686607539654 0.13286197185516357 5
    endloop
  endfacet
  facet normal -0.499999914873597 0.8660254529321847 0
    outer loop
      vertex 25.132686607539654 0.13286197185516357 5
      vertex 25.132686607539654 0.13286197185516357 8
      vertex 25.166671067476273 0.15248290449380875 5
    endloop
  endfacet
  facet normal -0.5555702203832522 0.8314696207458843 0
    outer loop
      vertex 25.166671067476273 0.15248290449380875 5
      vertex 25.166671067476273 0.15248290449380875 8
      vertex 25.49295535683632 0.3704990893602371 5
    endloop
  endfacet
  facet normal -0.06540313273849395 0.9978589230086541 0
    outer loop
      vertex 23.911199517548084 -0.2736922577023506 5
      vertex 23.519620940089226 -0.29935767501592636 8
      vertex 23.911199517548084 -0.2736922577023506 8
    endloop
  endfacet
  facet normal -0.13052607081057527 0.9914448773576636 0
    outer loop
      vertex 23.95010567456484 -0.2685701698064804 5
      vertex 23.911199517548084 -0.2736922577023506 8
      vertex 23.95010567456484 -0.2685701698064804 8
    endloop
  endfacet
  facet normal -0.19509032585814412 0.9807852796390061 0
    outer loop
      vertex 24.334984235465527 -0.19201306253671646 5
      vertex 23.95010567456484 -0.2685701698064804 8
      vertex 24.334984235465527 -0.19201306253671646 8
    endloop
  endfacet
  facet normal -0.2588191689083443 0.9659257931153894 0
    outer loop
      vertex 24.37288897484541 -0.18185651302337646 5
      vertex 24.334984235465527 -0.19201306253671646 8
      vertex 24.37288897484541 -0.18185651302337646 8
    endloop
  endfacet
  facet normal -0.3214394637077385 0.9469301300366789 0
    outer loop
      vertex 24.74448213726282 -0.05571763217449188 5
      vertex 24.37288897484541 -0.18185651302337646 8
      vertex 24.74448213726282 -0.05571763217449188 8
    endloop
  endfacet
  facet normal -0.3826832924189088 0.9238795904788806 0
    outer loop
      vertex 24.780736908316612 -0.04070042073726654 5
      vertex 24.74448213726282 -0.05571763217449188 8
      vertex 24.780736908316612 -0.04070042073726654 8
    endloop
  endfacet
  facet normal -0.4422887070837332 0.8968727332159228 0
    outer loop
      vertex 25.132686607539654 0.13286197185516357 5
      vertex 24.780736908316612 -0.04070042073726654 8
      vertex 25.132686607539654 0.13286197185516357 8
    endloop
  endfacet
  facet normal -0.499999914873597 0.8660254529321847 0
    outer loop
      vertex 25.166671067476273 0.15248290449380875 5
      vertex 25.132686607539654 0.13286197185516357 8
      vertex 25.166671067476273 0.15248290449380875 8
    endloop
  endfacet
  facet normal -0.6087613624572826 0.7933533913579451 0
    outer loop
      vertex 25.49295535683632 0.3704990893602371 5
      vertex 25.49295535683632 0.3704990893602371 8
      vertex 25.52408803254366 0.39438802748918533 5
    endloop
  endfacet
  facet normal -0.6593458315265772 0.7518397930733159 0
    outer loop
      vertex 25.52408803254366 0.39438802748918533 5
      vertex 25.52408803254366 0.39438802748918533 8
      vertex 25.819124087691307 0.6531277149915695 5
    endloop
  endfacet
  facet normal -0.7071067811865476 0.7071067811865476 0
    outer loop
      vertex 25.819124087691307 0.6531277149915695 5
      vertex 25.819124087691307 0.6531277149915695 8
      vertex 25.84687228500843 0.6808759123086929 5
    endloop
  endfacet
  facet normal -0.7518398024852507 0.6593458207943228 0
    outer loop
      vertex 25.84687228500843 0.6808759123086929 5
      vertex 25.84687228500843 0.6808759123086929 8
      vertex 26.105611965060234 0.9759119674563408 5
    endloop
  endfacet
  facet normal -0.7933532292997186 0.6087615736556538 0
    outer loop
      vertex 26.105611965060234 0.9759119674563408 5
      vertex 26.105611965060234 0.9759119674563408 8
      vertex 26.129500910639763 1.0070446357131004 5
    endloop
  endfacet
  facet normal -0.8314696266061626 0.5555702116127254 0
    outer loop
      vertex 26.129500910639763 1.0070446357131004 5
      vertex 26.129500910639763 1.0070446357131004 8
      vertex 26.34751709550619 1.3333289325237274 5
    endloop
  endfacet
  facet normal -0.8660254529321847 0.499999914873597 0
    outer loop
      vertex 26.34751709550619 1.3333289325237274 5
      vertex 26.34751709550619 1.3333289325237274 8
      vertex 26.367138028144836 1.3673133924603462 5
    endloop
  endfacet
  facet normal -0.8968727407473451 0.4422886918115197 0
    outer loop
      vertex 26.367138028144836 1.3673133924603462 5
      vertex 26.367138028144836 1.3673133924603462 8
      vertex 26.540700413286686 1.7192630916833878 5
    endloop
  endfacet
  facet normal -0.9238795233521865 0.3826834544771131 0
    outer loop
      vertex 26.540700413286686 1.7192630916833878 5
      vertex 26.540700413286686 1.7192630916833878 8
      vertex 26.555717632174492 1.7555178627371788 5
    endloop
  endfacet
  facet normal -0.5555702203832522 0.8314696207458843 0
    outer loop
      vertex 25.49295535683632 0.3704990893602371 5
      vertex 25.166671067476273 0.15248290449380875 8
      vertex 25.49295535683632 0.3704990893602371 8
    endloop
  endfacet
  facet normal -0.6087613624572826 0.7933533913579451 0
    outer loop
      vertex 25.52408803254366 0.39438802748918533 5
      vertex 25.49295535683632 0.3704990893602371 8
      vertex 25.52408803254366 0.39438802748918533 8
    endloop
  endfacet
  facet normal -0.6593458315265772 0.7518397930733159 0
    outer loop
      vertex 25.819124087691307 0.6531277149915695 5
      vertex 25.52408803254366 0.39438802748918533 8
      vertex 25.819124087691307 0.6531277149915695 8
    endloop
  endfacet
  facet normal -0.7071067811865476 0.7071067811865476 0
    outer loop
      vertex 25.84687228500843 0.6808759123086929 5
      vertex 25.819124087691307 0.6531277149915695 8
      vertex 25.84687228500843 0.6808759123086929 8
    endloop
  endfacet
  facet normal -0.7518398024852507 0.6593458207943228 0
    outer loop
      vertex 26.105611965060234 0.9759119674563408 5
      vertex 25.84687228500843 0.6808759123086929 8
      vertex 26.105611965060234 0.9759119674563408 8
    endloop
  endfacet
  facet normal -0.7933532292997186 0.6087615736556538 0
    outer loop
      vertex 26.129500910639763 1.0070446357131004 5
      vertex 26.105611965060234 0.9759119674563408 8
      vertex 26.129500910639763 1.0070446357131004 8
    endloop
  endfacet
  facet normal -0.8314696266061626 0.5555702116127254 0
    outer loop
      vertex 26.34751709550619 1.3333289325237274 5
      vertex 26.129500910639763 1.0070446357131004 8
      vertex 26.34751709550619 1.3333289325237274 8
    endloop
  endfacet
  facet normal -0.8660254529321847 0.499999914873597 0
    outer loop
      vertex 26.367138028144836 1.3673133924603462 5
      vertex 26.34751709550619 1.3333289325237274 8
      vertex 26.367138028144836 1.3673133924603462 8
    endloop
  endfacet
  facet normal -0.8968727407473451 0.4422886918115197 0
    outer loop
      vertex 26.540700413286686 1.7192630916833878 5
      vertex 26.367138028144836 1.3673133924603462 8
      vertex 26.540700413286686 1.7192630916833878 8
    endloop
  endfacet
  facet normal -0.9238795233521865 0.3826834544771131 0
    outer loop
      vertex 26.555717632174492 1.7555178627371788 5
      vertex 26.540700413286686 1.7192630916833878 8
      vertex 26.555717632174492 1.7555178627371788 8
    endloop
  endfacet
  facet normal -0.9469301300366789 0.3214394637077385 0
    outer loop
      vertex 26.555717632174492 1.7555178627371788 5
      vertex 26.555717632174492 1.7555178627371788 8
      vertex 26.681856513023376 2.1271110251545906 5
    endloop
  endfacet
  facet normal -0.9659257931153894 0.2588191689083443 0
    outer loop
      vertex 26.681856513023376 2.1271110251545906 5
      vertex 26.681856513023376 2.1271110251545906 8
      vertex 26.692013062536716 2.1650157645344734 5
    endloop
  endfacet
  facet normal -0.9807852796390061 0.19509032585814412 0
    outer loop
      vertex 26.692013062536716 2.1650157645344734 5
      vertex 26.692013062536716 2.1650157645344734 8
      vertex 26.76857016980648 2.5498943254351616 5
    endloop
  endfacet
  facet normal -0.9914448773576636 0.13052607081057527 0
    outer loop
      vertex 26.76857016980648 2.5498943254351616 5
      vertex 26.76857016980648 2.5498943254351616 8
      vertex 26.77369225770235 2.5888004824519157 5
    endloop
  endfacet
  facet normal -0.9978589230086541 0.06540313273849395 0
    outer loop
      vertex 26.77369225770235 2.5888004824519157 5
      vertex 26.77369225770235 2.5888004824519157 8
      vertex 26.799357675015926 2.9803790599107742 5
    endloop
  endfacet
  facet normal -0.999464589255071 0.03271902848790418 0
    outer loop
      vertex 26.799357675015926 2.9803790599107742 5
      vertex 26.799357675015926 2.9803790599107742 8
      vertex 26.799999997019768 3 5
    endloop
  endfacet
  facet normal -0.9469301300366789 0.3214394637077385 0
    outer loop
      vertex 26.681856513023376 2.1271110251545906 5
      vertex 26.555717632174492 1.7555178627371788 8
      vertex 26.681856513023376 2.1271110251545906 8
    endloop
  endfacet
  facet normal -0.9659257931153894 0.2588191689083443 0
    outer loop
      vertex 26.692013062536716 2.1650157645344734 5
      vertex 26.681856513023376 2.1271110251545906 8
      vertex 26.692013062536716 2.1650157645344734 8
    endloop
  endfacet
  facet normal -0.9807852796390061 0.19509032585814412 0
    outer loop
      vertex 26.76857016980648 2.5498943254351616 5
      vertex 26.692013062536716 2.1650157645344734 8
      vertex 26.76857016980648 2.5498943254351616 8
    endloop
  endfacet
  facet normal -0.9914448773576636 0.13052607081057527 0
    outer loop
      vertex 26.77369225770235 2.5888004824519157 5
      vertex 26.76857016980648 2.5498943254351616 8
      vertex 26.77369225770235 2.5888004824519157 8
    endloop
  endfacet
  facet normal -0.9978589230086541 0.06540313273849395 0
    outer loop
      vertex 26.799357675015926 2.9803790599107742 5
      vertex 26.77369225770235 2.5888004824519157 8
      vertex 26.799357675015926 2.9803790599107742 8
    endloop
  endfacet
  facet normal -0.999464589255071 0.03271902848790418 0
    outer loop
      vertex 26.799999997019768 3 5
      vertex 26.799357675015926 2.9803790599107742 8
      vertex 26.799999997019768 3 8
    endloop
  endfacet
  facet normal 0 0 1
    outer loop
      vertex 17.82542648054294 23.400000000000002 5
      vertex 23.65010512105306 9.640161590579883 5
      vertex 23.797641901867898 9.610814700232428 5
    endloop
  endfacet
  facet normal 0 0 1
    outer loop
      vertex 17.82542648054294 23.400000000000002 5
      vertex 23.797641901867898 9.610814700232428 5
      vertex 23.940085947219853 9.56246146238798 5
    endloop
  endfacet
  facet normal 0 0 1
    outer loop
      vertex 17.82542648054294 23.400000000000002 5
      vertex 23.940085947219853 9.56246146238798 5
      vertex 24.075 9.495929214352104 5
    endloop
  endfacet
  facet normal 0 0 1
    outer loop
      vertex 17.82542648054294 23.400000000000002 5
      vertex 24.075 9.495929214352104 5
      vertex 24.20007564336003 9.41235634133492 5
    endloop
  endfacet
  facet normal 0 0 1
    outer loop
      vertex 26.799999997019768 3 5
      vertex 17.82542648054294 29.400000000000002 5
      vertex 24.56246146238798 8.940085947219853 5
    endloop
  endfacet
  facet normal 0 0 1
    outer loop
      vertex 24.20007564336003 9.41235634133492 5
      vertex 24.31317279836453 9.31317279836453 5
      vertex 17.82542648054294 29.400000000000002 5
    endloop
  endfacet
  facet normal 0 0 1
    outer loop
      vertex 24.31317279836453 9.31317279836453 5
      vertex 24.41235634133492 9.200075643360028 5
      vertex 17.82542648054294 29.400000000000002 5
    endloop
  endfacet
  facet normal 0 0 1
    outer loop
      vertex 24.41235634133492 9.200075643360028 5
      vertex 24.495929214352103 9.075 5
      vertex 17.82542648054294 29.400000000000002 5
    endloop
  endfacet
  facet normal 0 0 1
    outer loop
      vertex 24.56246146238798 8.940085947219853 5
      vertex 17.82542648054294 29.400000000000002 5
      vertex 24.495929214352103 9.075 5
    endloop
  endfacet
  facet normal -1 0 0
    outer loop
      vertex 26.799999997019768 3 5
      vertex 26.799999997019768 3 8
      vertex 26.799999997019768 45 5
    endloop
  endfacet
  facet normal 0 0 1
    outer loop
      vertex 12.83728675972853 33.22009618943234 5
      vertex 16.162713240271472 32.27990381056767 5
      vertex 16.162713240271472 33.22009618943234 5
    endloop
  endfacet
  facet normal 0 0 1
    outer loop
      vertex 16.162713240271472 32.27990381056767 5
      vertex 17.82542648054294 36.1 5
      vertex 16.162713240271472 33.22009618943234 5
    endloop
  endfacet
  facet normal 0 0 1
    outer loop
      vertex 16.162713240271472 32.27990381056767 5
      vertex 17.82542648054294 29.400000000000002 5
      vertex 26.77369225770235 45.411199517548084 5
    endloop
  endfacet
  facet normal 0 0 1
    outer loop
      vertex 3.867313392460346 47.867138028144836 5
      vertex 24.74448213726282 48.05571763217449 5
      vertex 24.37288897484541 48.18185651302338 5
    endloop
  endfacet
  facet normal 0 0 1
    outer loop
      vertex 4.665015764534473 48.19201306253672 5
      vertex 23.911199517548084 48.27369225770235 5
      vertex 23.519620940089226 48.299357675015926 5
    endloop
  endfacet
  facet normal 0 0 1
    outer loop
      vertex 5.049894325435162 48.26857016980648 5
      vertex 23.519620940089226 48.299357675015926 5
      vertex 23.5 48.29999999701977 5
    endloop
  endfacet
  facet normal 0 0 1
    outer loop
      vertex 4.627111025154591 48.18185651302338 5
      vertex 23.95010567456484 48.26857016980648 5
      vertex 23.911199517548084 48.27369225770235 5
    endloop
  endfacet
  facet normal 0 0 1
    outer loop
      vertex 4.255517862737179 48.05571763217449 5
      vertex 24.334984235465527 48.19201306253672 5
      vertex 23.95010567456484 48.26857016980648 5
    endloop
  endfacet
  facet normal 0 0 1
    outer loop
      vertex 4.219263091683388 48.04070042073727 5
      vertex 24.37288897484541 48.18185651302338 5
      vertex 24.334984235465527 48.19201306253672 5
    endloop
  endfacet
  facet normal 0 0 1
    outer loop
      vertex 3.507044643163681 47.62950091063976 5
      vertex 25.132686607539654 47.867138028144836 5
      vertex 24.780736908316612 48.040700413286686 5
    endloop
  endfacet
  facet normal 0 0 1
    outer loop
      vertex 3.8333289325237274 47.84751709550619 5
      vertex 24.780736908316612 48.040700413286686 5
      vertex 24.74448213726282 48.05571763217449 5
    endloop
  endfacet
  facet normal 0 0 1
    outer loop
      vertex 3.180875912308693 47.34687228500843 5
      vertex 25.4929553642869 47.62950091063976 5
      vertex 25.166671067476273 47.84751709550619 5
    endloop
  endfacet
  facet normal 0 0 1
    outer loop
      vertex 2.894388034939766 47.02408803254366 5
      vertex 25.819124087691307 47.34687228500843 5
      vertex 25.52408803254366 47.605611965060234 5
    endloop
  endfacet
  facet normal 0 0 1
    outer loop
      vertex 3.1531277149915695 47.31912408769131 5
      vertex 25.52408803254366 47.605611965060234 5
      vertex 25.4929553642869 47.62950091063976 5
    endloop
  endfacet
  facet normal 0 0 1
    outer loop
      vertex 3.475911967456341 47.605611972510815 5
      vertex 25.166671067476273 47.84751709550619 5
      vertex 25.132686607539654 47.867138028144836 5
    endloop
  endfacet
  facet normal 0 0 1
    outer loop
      vertex 16.162713240271472 32.27990381056767 5
      vertex 26.77369225770235 45.411199517548084 5
      vertex 17.82542648054294 36.1 5
    endloop
  endfacet
  facet normal 0 0 1
    outer loop
      vertex 17.82542648054294 36.1 5
      vertex 26.77369225770235 45.411199517548084 5
      vertex 17.82542648054294 42.1 5
    endloop
  endfacet
  facet normal 0 0 1
    outer loop
      vertex 2.2006423249840736 45.019620940089226 5
      vertex 26.76857016980648 45.45010567456484 5
      vertex 26.692013062536716 45.83498423546553 5
    endloop
  endfacet
  facet normal 0 0 1
    outer loop
      vertex 12.83728675972853 44.97990381056766 5
      vertex 16.162713240271472 44.97990381056766 5
      vertex 26.77369225770235 45.411199517548084 5
    endloop
  endfacet
  facet normal 0 0 1
    outer loop
      vertex 2.2000000029802322 45 5
      vertex 26.77369225770235 45.411199517548084 5
      vertex 26.76857016980648 45.45010567456484 5
    endloop
  endfacet
  facet normal 0 0 1
    outer loop
      vertex 2.2263077422976494 45.411199517548084 5
      vertex 26.692013062536716 45.83498423546553 5
      vertex 26.681856513023376 45.87288897484541 5
    endloop
  endfacet
  facet normal 0 0 1
    outer loop
      vertex 2.2314298301935196 45.45010567456484 5
      vertex 26.681856513023376 45.87288897484541 5
      vertex 26.555717632174492 46.24448213726282 5
    endloop
  endfacet
  facet normal 0 0 1
    outer loop
      vertex 2.3181434869766235 45.87288897484541 5
      vertex 26.540700420737267 46.28073690831661 5
      vertex 26.367138028144836 46.632686607539654 5
    endloop
  endfacet
  facet normal 0 0 1
    outer loop
      vertex 2.3079869374632835 45.83498423546553 5
      vertex 26.555717632174492 46.24448213726282 5
      vertex 26.540700420737267 46.28073690831661 5
    endloop
  endfacet
  facet normal 0 0 1
    outer loop
      vertex 2.459299586713314 46.28073690831661 5
      vertex 26.34751709550619 46.66667106747627 5
      vertex 26.129500910639763 46.99295535683632 5
    endloop
  endfacet
  facet normal 0 0 1
    outer loop
      vertex 2.6524829044938087 46.66667106747627 5
      vertex 26.105611972510815 47.02408803254366 5
      vertex 25.84687228500843 47.31912408769131 5
    endloop
  endfacet
  facet normal 0 0 1
    outer loop
      vertex 2.870499089360237 46.9929553642869 5
      vertex 25.84687228500843 47.31912408769131 5
      vertex 25.819124087691307 47.34687228500843 5
    endloop
  endfacet
  facet normal 0 0 1
    outer loop
      vertex 2.6328619718551636 46.632686607539654 5
      vertex 26.129500910639763 46.99295535683632 5
      vertex 26.105611972510815 47.02408803254366 5
    endloop
  endfacet
  facet normal 0 0 1
    outer loop
      vertex 2.444282367825508 46.24448213726282 5
      vertex 26.367138028144836 46.632686607539654 5
      vertex 26.34751709550619 46.66667106747627 5
    endloop
  endfacet
  facet normal 0 0 1
    outer loop
      vertex 16.162713240271472 44.97990381056766 5
      vertex 17.82542648054294 42.1 5
      vertex 26.77369225770235 45.411199517548084 5
    endloop
  endfacet
  facet normal 0 -1 0
    outer loop
      vertex 5.5 48.29999999701977 5
      vertex 23.5 48.29999999701977 5
      vertex 23.5 48.29999999701977 19.38
    endloop
  endfacet
  facet normal 0 0 1
    outer loop
      vertex 26.799999997019768 3 5
      vertex 26.799999997019768 45 5
      vertex 17.82542648054294 29.400000000000002 5
    endloop
  endfacet
  facet normal -1 0 0
    outer loop
      vertex 26.799999997019768 45 5
      vertex 26.799999997019768 3 8
      vertex 26.799999997019768 45 8
    endloop
  endfacet
  facet normal 0 0 1
    outer loop
      vertex 17.82542648054294 29.400000000000002 5
      vertex 26.799999997019768 45 5
      vertex 26.799357675015926 45.019620940089226 5
    endloop
  endfacet
  facet normal 0 0 1
    outer loop
      vertex 17.82542648054294 29.400000000000002 5
      vertex 26.799357675015926 45.019620940089226 5
      vertex 26.77369225770235 45.411199517548084 5
    endloop
  endfacet
  facet normal -0.03271902848790418 -0.9994645892550711 0
    outer loop
      vertex 23.5 48.29999999701977 5
      vertex 23.519620940089226 48.299357675015926 5
      vertex 23.519620940089226 48.299357675015926 19.38
    endloop
  endfacet
  facet normal -0.06540313273849395 -0.9978589230086541 0
    outer loop
      vertex 23.519620940089226 48.299357675015926 5
      vertex 23.911199517548084 48.27369225770235 5
      vertex 23.911199517548084 48.27369225770235 19.38
    endloop
  endfacet
  facet normal -0.1305260708105753 -0.9914448773576636 0
    outer loop
      vertex 23.911199517548084 48.27369225770235 5
      vertex 23.95010567456484 48.26857016980648 5
      vertex 23.95010567456484 48.26857016980648 19.38
    endloop
  endfacet
  facet normal -0.1950903258581441 -0.9807852796390061 0
    outer loop
      vertex 23.95010567456484 48.26857016980648 5
      vertex 24.334984235465527 48.19201306253672 5
      vertex 24.334984235465527 48.19201306253672 19.38
    endloop
  endfacet
  facet normal -0.2588191689083443 -0.9659257931153893 0
    outer loop
      vertex 24.334984235465527 48.19201306253672 5
      vertex 24.37288897484541 48.18185651302338 5
      vertex 24.37288897484541 48.18185651302338 19.38
    endloop
  endfacet
  facet normal -0.3826834544771131 -0.9238795233521866 0
    outer loop
      vertex 24.74448213726282 48.05571763217449 5
      vertex 24.780736908316612 48.040700413286686 5
      vertex 24.780736908316612 48.040700413286686 19.38
    endloop
  endfacet
  facet normal -0.32143946370773846 -0.9469301300366788 0
    outer loop
      vertex 24.37288897484541 48.18185651302338 5
      vertex 24.74448213726282 48.05571763217449 5
      vertex 24.74448213726282 48.05571763217449 19.38
    endloop
  endfacet
  facet normal -0.44228869181151975 -0.8968727407473451 0
    outer loop
      vertex 24.780736908316612 48.040700413286686 5
      vertex 25.132686607539654 47.867138028144836 5
      vertex 25.132686607539654 47.867138028144836 19.38
    endloop
  endfacet
  facet normal -0.4999999148735971 -0.8660254529321847 0
    outer loop
      vertex 25.132686607539654 47.867138028144836 5
      vertex 25.166671067476273 47.84751709550619 5
      vertex 25.166671067476273 47.84751709550619 19.38
    endloop
  endfacet
  facet normal -0.7518397930733159 -0.6593458315265772 -1.9450606501929379e-16
    outer loop
      vertex 25.84687228500843 47.31912408769131 5
      vertex 26.105611972510815 47.02408803254366 5
      vertex 26.039038960858004 47.099999999999994 8
    endloop
  endfacet
  facet normal -0.8314696207458843 -0.5555702203832522 0
    outer loop
      vertex 26.34751709550619 46.66667106747627 5
      vertex 26.34751709550619 46.66667106747627 8
      vertex 26.129500910639763 46.99295535683632 5
    endloop
  endfacet
  facet normal -0.7933533913579451 -0.6087613624572826 0
    outer loop
      vertex 26.105611972510815 47.02408803254366 5
      vertex 26.129500910639763 46.99295535683632 5
      vertex 26.129500910639763 46.99295535683632 8
    endloop
  endfacet
  facet normal -0.999464589255071 -0.03271902848790418 0
    outer loop
      vertex 26.799999997019768 45 5
      vertex 26.799999997019768 45 8
      vertex 26.799357675015926 45.019620940089226 5
    endloop
  endfacet
  facet normal -0.9978589230086541 -0.06540313273849395 0
    outer loop
      vertex 26.799357675015926 45.019620940089226 5
      vertex 26.799357675015926 45.019620940089226 8
      vertex 26.77369225770235 45.411199517548084 5
    endloop
  endfacet
  facet normal -0.9914448773576636 -0.13052607081057527 0
    outer loop
      vertex 26.77369225770235 45.411199517548084 5
      vertex 26.77369225770235 45.411199517548084 8
      vertex 26.76857016980648 45.45010567456484 5
    endloop
  endfacet
  facet normal -0.9807852796390061 -0.19509032585814412 0
    outer loop
      vertex 26.76857016980648 45.45010567456484 5
      vertex 26.76857016980648 45.45010567456484 8
      vertex 26.692013062536716 45.83498423546553 5
    endloop
  endfacet
  facet normal -0.8968727332159228 -0.4422887070837332 0
    outer loop
      vertex 26.367138028144836 46.632686607539654 5
      vertex 26.540700420737267 46.28073690831661 5
      vertex 26.540700420737267 46.28073690831661 8
    endloop
  endfacet
  facet normal -0.9469301300366789 -0.3214394637077385 0
    outer loop
      vertex 26.681856513023376 45.87288897484541 5
      vertex 26.681856513023376 45.87288897484541 8
      vertex 26.555717632174492 46.24448213726282 5
    endloop
  endfacet
  facet normal -0.9659257931153894 -0.2588191689083443 0
    outer loop
      vertex 26.692013062536716 45.83498423546553 5
      vertex 26.692013062536716 45.83498423546553 8
      vertex 26.681856513023376 45.87288897484541 5
    endloop
  endfacet
  facet normal -0.9238795904788806 -0.3826832924189088 0
    outer loop
      vertex 26.555717632174492 46.24448213726282 5
      vertex 26.555717632174492 46.24448213726282 8
      vertex 26.540700420737267 46.28073690831661 5
    endloop
  endfacet
  facet normal -0.8660254529321847 -0.499999914873597 0
    outer loop
      vertex 26.367138028144836 46.632686607539654 5
      vertex 26.367138028144836 46.632686607539654 8
      vertex 26.34751709550619 46.66667106747627 5
    endloop
  endfacet
  facet normal -0.7933533913579451 -0.6087613624572826 0
    outer loop
      vertex 26.105611972510815 47.02408803254366 5
      vertex 26.129500910639763 46.99295535683632 8
      vertex 26.105611972510815 47.02408803254366 8
    endloop
  endfacet
  facet normal -0.7518397930733122 -0.6593458315265815 0
    outer loop
      vertex 26.105611972510815 47.02408803254366 5
      vertex 26.105611972510815 47.02408803254366 8
      vertex 26.039038960858004 47.099999999999994 8
    endloop
  endfacet
  facet normal -0.8314696207458843 -0.5555702203832522 0
    outer loop
      vertex 26.129500910639763 46.99295535683632 5
      vertex 26.34751709550619 46.66667106747627 8
      vertex 26.129500910639763 46.99295535683632 8
    endloop
  endfacet
  facet normal -0.999464589255071 -0.03271902848790418 0
    outer loop
      vertex 26.799357675015926 45.019620940089226 5
      vertex 26.799999997019768 45 8
      vertex 26.799357675015926 45.019620940089226 8
    endloop
  endfacet
  facet normal -0.9978589230086541 -0.06540313273849395 0
    outer loop
      vertex 26.77369225770235 45.411199517548084 5
      vertex 26.799357675015926 45.019620940089226 8
      vertex 26.77369225770235 45.411199517548084 8
    endloop
  endfacet
  facet normal -0.9914448773576636 -0.13052607081057527 0
    outer loop
      vertex 26.76857016980648 45.45010567456484 5
      vertex 26.77369225770235 45.411199517548084 8
      vertex 26.76857016980648 45.45010567456484 8
    endloop
  endfacet
  facet normal -0.9807852796390061 -0.19509032585814412 0
    outer loop
      vertex 26.692013062536716 45.83498423546553 5
      vertex 26.76857016980648 45.45010567456484 8
      vertex 26.692013062536716 45.83498423546553 8
    endloop
  endfacet
  facet normal -0.9659257931153894 -0.2588191689083443 0
    outer loop
      vertex 26.681856513023376 45.87288897484541 5
      vertex 26.692013062536716 45.83498423546553 8
      vertex 26.681856513023376 45.87288897484541 8
    endloop
  endfacet
  facet normal -0.9469301300366789 -0.3214394637077385 0
    outer loop
      vertex 26.555717632174492 46.24448213726282 5
      vertex 26.681856513023376 45.87288897484541 8
      vertex 26.555717632174492 46.24448213726282 8
    endloop
  endfacet
  facet normal -0.9238795904788806 -0.3826832924189088 0
    outer loop
      vertex 26.540700420737267 46.28073690831661 5
      vertex 26.555717632174492 46.24448213726282 8
      vertex 26.540700420737267 46.28073690831661 8
    endloop
  endfacet
  facet normal -0.8660254529321847 -0.499999914873597 0
    outer loop
      vertex 26.34751709550619 46.66667106747627 5
      vertex 26.367138028144836 46.632686607539654 8
      vertex 26.34751709550619 46.66667106747627 8
    endloop
  endfacet
  facet normal -0.8968727332159228 -0.4422887070837332 0
    outer loop
      vertex 26.367138028144836 46.632686607539654 5
      vertex 26.540700420737267 46.28073690831661 8
      vertex 26.367138028144836 46.632686607539654 8
    endloop
  endfacet
  facet normal -0.6087615736556539 -0.7933532292997187 0
    outer loop
      vertex 25.4929553642869 47.62950091063976 5
      vertex 25.52408803254366 47.605611965060234 5
      vertex 25.52408803254366 47.605611965060234 19.38
    endloop
  endfacet
  facet normal -0.5555702116127254 -0.8314696266061626 0
    outer loop
      vertex 25.166671067476273 47.84751709550619 5
      vertex 25.4929553642869 47.62950091063976 5
      vertex 25.4929553642869 47.62950091063976 19.38
    endloop
  endfacet
  facet normal -0.6593458207943228 -0.7518398024852506 0
    outer loop
      vertex 25.52408803254366 47.605611965060234 5
      vertex 25.819124087691307 47.34687228500843 5
      vertex 25.819124087691307 47.34687228500843 19.38
    endloop
  endfacet
  facet normal -0.7071067811865475 -0.7071067811865475 0
    outer loop
      vertex 25.819124087691307 47.34687228500843 5
      vertex 25.84687228500843 47.31912408769131 5
      vertex 25.84687228500843 47.31912408769131 19.38
    endloop
  endfacet
  facet normal 0 0 -1
    outer loop
      vertex 3.867313392460346 47.867138028144836 19.38
      vertex 24.37288897484541 48.18185651302338 19.38
      vertex 24.74448213726282 48.05571763217449 19.38
    endloop
  endfacet
  facet normal 0 0 -1
    outer loop
      vertex 4.665015764534473 48.19201306253672 19.38
      vertex 23.519620940089226 48.299357675015926 19.38
      vertex 23.911199517548084 48.27369225770235 19.38
    endloop
  endfacet
  facet normal 0 0 -1
    outer loop
      vertex 5.049894325435162 48.26857016980648 19.38
      vertex 23.5 48.29999999701977 19.38
      vertex 23.519620940089226 48.299357675015926 19.38
    endloop
  endfacet
  facet normal 0 0 -1
    outer loop
      vertex 4.627111025154591 48.18185651302338 19.38
      vertex 23.911199517548084 48.27369225770235 19.38
      vertex 23.95010567456484 48.26857016980648 19.38
    endloop
  endfacet
  facet normal 0 0 -1
    outer loop
      vertex 4.255517862737179 48.05571763217449 19.38
      vertex 23.95010567456484 48.26857016980648 19.38
      vertex 24.334984235465527 48.19201306253672 19.38
    endloop
  endfacet
  facet normal 0 0 -1
    outer loop
      vertex 4.219263091683388 48.04070042073727 19.38
      vertex 24.334984235465527 48.19201306253672 19.38
      vertex 24.37288897484541 48.18185651302338 19.38
    endloop
  endfacet
  facet normal 0 0 -1
    outer loop
      vertex 3.507044643163681 47.62950091063976 19.38
      vertex 24.780736908316612 48.040700413286686 19.38
      vertex 25.132686607539654 47.867138028144836 19.38
    endloop
  endfacet
  facet normal 0 0 -1
    outer loop
      vertex 3.8333289325237274 47.84751709550619 19.38
      vertex 24.74448213726282 48.05571763217449 19.38
      vertex 24.780736908316612 48.040700413286686 19.38
    endloop
  endfacet
  facet normal 0 0 -1
    outer loop
      vertex 3.180875912308693 47.34687228500843 19.38
      vertex 25.166671067476273 47.84751709550619 19.38
      vertex 25.4929553642869 47.62950091063976 19.38
    endloop
  endfacet
  facet normal 0 0 -1
    outer loop
      vertex 3.1531277149915695 47.31912408769131 19.38
      vertex 25.4929553642869 47.62950091063976 19.38
      vertex 25.52408803254366 47.605611965060234 19.38
    endloop
  endfacet
  facet normal 0 0 -1
    outer loop
      vertex 3.475911967456341 47.605611972510815 19.38
      vertex 25.132686607539654 47.867138028144836 19.38
      vertex 25.166671067476273 47.84751709550619 19.38
    endloop
  endfacet
  facet normal 0 0 -1
    outer loop
      vertex 3.1531277149915695 47.31912408769131 19.38
      vertex 25.52408803254366 47.605611965060234 19.38
      vertex 26.039038960858004 47.099999999999994 19.38
    endloop
  endfacet
  facet normal -0.03271902848790418 -0.9994645892550711 0
    outer loop
      vertex 23.5 48.29999999701977 5
      vertex 23.519620940089226 48.299357675015926 19.38
      vertex 23.5 48.29999999701977 19.38
    endloop
  endfacet
  facet normal -0.06540313273849395 -0.9978589230086541 0
    outer loop
      vertex 23.519620940089226 48.299357675015926 5
      vertex 23.911199517548084 48.27369225770235 19.38
      vertex 23.519620940089226 48.299357675015926 19.38
    endloop
  endfacet
  facet normal -0.1305260708105753 -0.9914448773576636 0
    outer loop
      vertex 23.911199517548084 48.27369225770235 5
      vertex 23.95010567456484 48.26857016980648 19.38
      vertex 23.911199517548084 48.27369225770235 19.38
    endloop
  endfacet
  facet normal -0.1950903258581441 -0.9807852796390061 0
    outer loop
      vertex 23.95010567456484 48.26857016980648 5
      vertex 24.334984235465527 48.19201306253672 19.38
      vertex 23.95010567456484 48.26857016980648 19.38
    endloop
  endfacet
  facet normal -0.2588191689083443 -0.9659257931153893 0
    outer loop
      vertex 24.334984235465527 48.19201306253672 5
      vertex 24.37288897484541 48.18185651302338 19.38
      vertex 24.334984235465527 48.19201306253672 19.38
    endloop
  endfacet
  facet normal -0.3826834544771131 -0.9238795233521866 0
    outer loop
      vertex 24.74448213726282 48.05571763217449 5
      vertex 24.780736908316612 48.040700413286686 19.38
      vertex 24.74448213726282 48.05571763217449 19.38
    endloop
  endfacet
  facet normal -0.44228869181151975 -0.8968727407473451 0
    outer loop
      vertex 24.780736908316612 48.040700413286686 5
      vertex 25.132686607539654 47.867138028144836 19.38
      vertex 24.780736908316612 48.040700413286686 19.38
    endloop
  endfacet
  facet normal -0.32143946370773846 -0.9469301300366788 0
    outer loop
      vertex 24.37288897484541 48.18185651302338 5
      vertex 24.74448213726282 48.05571763217449 19.38
      vertex 24.37288897484541 48.18185651302338 19.38
    endloop
  endfacet
  facet normal -0.4999999148735971 -0.8660254529321847 0
    outer loop
      vertex 25.132686607539654 47.867138028144836 5
      vertex 25.166671067476273 47.84751709550619 19.38
      vertex 25.132686607539654 47.867138028144836 19.38
    endloop
  endfacet
  facet normal -0.5555702116127254 -0.8314696266061626 0
    outer loop
      vertex 25.166671067476273 47.84751709550619 5
      vertex 25.4929553642869 47.62950091063976 19.38
      vertex 25.166671067476273 47.84751709550619 19.38
    endloop
  endfacet
  facet normal -0.7518397930733173 -0.6593458315265757 0
    outer loop
      vertex 25.84687228500843 47.31912408769131 5
      vertex 26.039038960858004 47.099999999999994 8
      vertex 25.84687228500843 47.31912408769131 19.38
    endloop
  endfacet
  facet normal -0.7518397930733173 -0.6593458315265756 0
    outer loop
      vertex 25.84687228500843 47.31912408769131 19.38
      vertex 26.039038960858004 47.099999999999994 8
      vertex 26.039038960858004 47.099999999999994 19.38
    endloop
  endfacet
  facet normal -0.6087615736556539 -0.7933532292997187 0
    outer loop
      vertex 25.4929553642869 47.62950091063976 5
      vertex 25.52408803254366 47.605611965060234 19.38
      vertex 25.4929553642869 47.62950091063976 19.38
    endloop
  endfacet
  facet normal -0.6593458207943228 -0.7518398024852506 0
    outer loop
      vertex 25.52408803254366 47.605611965060234 5
      vertex 25.819124087691307 47.34687228500843 19.38
      vertex 25.52408803254366 47.605611965060234 19.38
    endloop
  endfacet
  facet normal -0.7071067811865475 -0.7071067811865475 0
    outer loop
      vertex 25.819124087691307 47.34687228500843 5
      vertex 25.84687228500843 47.31912408769131 19.38
      vertex 25.819124087691307 47.34687228500843 19.38
    endloop
  endfacet
  facet normal 0 0 -1
    outer loop
      vertex 25.52408803254366 47.605611965060234 19.38
      vertex 25.819124087691307 47.34687228500843 19.38
      vertex 26.039038960858004 47.099999999999994 19.38
    endloop
  endfacet
  facet normal 0 0 -1
    outer loop
      vertex 25.819124087691307 47.34687228500843 19.38
      vertex 25.84687228500843 47.31912408769131 19.38
      vertex 26.039038960858004 47.099999999999994 19.38
    endloop
  endfacet
endsolid OpenSCAD_Model
