solid OpenSCAD_Model
  facet normal 0 0 -1
    outer loop
      vertex -25.28006002306938 -13.126284286379814 0
      vertex -25.49807620793581 -12.799999997019768 0
      vertex -25.021320343017578 -13.421320341527462 0
    endloop
  endfacet
  facet normal 0 0 -1
    outer loop
      vertex -24.399999998509884 -13.898076206445694 0
      vertex -24.72628428786993 -13.680060021579266 0
      vertex -25.021320343017578 -13.421320341527462 0
    endloop
  endfacet
  facet normal 0 0 -1
    outer loop
      vertex -24.399999998509884 -13.898076206445694 0
      vertex -25.021320343017578 -13.421320341527462 0
      vertex -25.49807620793581 -12.799999997019768 0
    endloop
  endfacet
  facet normal 0 0 -1
    outer loop
      vertex -24.048050299286842 -14.071638591587543 0
      vertex -23.291578575968742 -14.274334579706192 0
      vertex -23.67645713686943 -14.197777472436428 0
    endloop
  endfacet
  facet normal 0 0 -1
    outer loop
      vertex -24.399999998509884 -13.898076206445694 0
      vertex -22.899999998509884 -14.299999997019768 0
      vertex -24.048050299286842 -14.071638591587543 0
    endloop
  endfacet
  facet normal 0 0 -1
    outer loop
      vertex -24.048050299286842 -14.071638591587543 0
      vertex -22.899999998509884 -14.299999997019768 0
      vertex -23.291578575968742 -14.274334579706192 0
    endloop
  endfacet
  facet normal 0 0 -1
    outer loop
      vertex -24.399999998509884 -13.898076206445694 0
      vertex -25.49807620793581 -12.799999997019768 0
      vertex -25.899999998509884 -11.299999997019768 0
    endloop
  endfacet
  facet normal 0 0 -1
    outer loop
      vertex -25.49807620793581 -12.799999997019768 0
      vertex -25.67163859307766 -12.448050297796726 0
      vertex -25.797777473926544 -12.076457135379314 0
    endloop
  endfacet
  facet normal 0 0 -1
    outer loop
      vertex -25.49807620793581 -12.799999997019768 0
      vertex -25.797777473926544 -12.076457135379314 0
      vertex -25.899999998509884 -11.299999997019768 0
    endloop
  endfacet
  facet normal 0 0 -1
    outer loop
      vertex -25.797777473926544 -12.076457135379314 0
      vertex -25.874334581196308 -11.691578574478626 0
      vertex -25.899999998509884 -11.299999997019768 0
    endloop
  endfacet
  facet normal 0 0 -1
    outer loop
      vertex -24.399999998509884 -13.898076206445694 0
      vertex -23.9 -10.7 0
      vertex -23.9 -12.899999999999999 0
    endloop
  endfacet
  facet normal 0 0 -1
    outer loop
      vertex -24.399999998509884 -13.898076206445694 0
      vertex -23.9 -12.899999999999999 0
      vertex -15.696876517799831 -12.899999999999999 0
    endloop
  endfacet
  facet normal -0.4422886918115197 -0.8968727407473451 0
    outer loop
      vertex -24.399999998509884 -13.898076206445694 0
      vertex -24.048050299286842 -14.071638591587543 0
      vertex -24.399999998509884 -13.898076206445694 16.890000000000004
    endloop
  endfacet
  facet normal -0.7518398024852506 -0.6593458207943228 0
    outer loop
      vertex -25.28006002306938 -13.126284286379814 0
      vertex -25.021320343017578 -13.421320341527462 0
      vertex -25.28006002306938 -13.126284286379814 16.880000000000003
    endloop
  endfacet
  facet normal -0.8314696207458843 -0.5555702203832522 0
    outer loop
      vertex -25.28006002306938 -13.126284286379814 0
      vertex -25.28006002306938 -13.126284286379814 16.880000000000003
      vertex -25.49807620793581 -12.799999997019768 0
    endloop
  endfacet
  facet normal -0.6593458207943227 -0.7518398024852507 0
    outer loop
      vertex -24.72628428786993 -13.680060021579266 0
      vertex -25.021320343017578 -13.421320341527462 16.890000000000004
      vertex -25.021320343017578 -13.421320341527462 0
    endloop
  endfacet
  facet normal -0.5555702203832522 -0.8314696207458843 0
    outer loop
      vertex -24.399999998509884 -13.898076206445694 0
      vertex -24.399999998509884 -13.898076206445694 16.890000000000004
      vertex -24.72628428786993 -13.680060021579266 0
    endloop
  endfacet
  facet normal -0.44228869181151975 -0.8968727407473452 0
    outer loop
      vertex -24.048050299286842 -14.071638591587543 0
      vertex -24.048050299286842 -14.071638591587543 0.01
      vertex -24.399999998509884 -13.898076206445694 16.890000000000004
    endloop
  endfacet
  facet normal -0.3214394637077384 -0.9469301300366787 0
    outer loop
      vertex -24.048050299286842 -14.071638591587543 0
      vertex -23.67645713686943 -14.197777472436428 16.890000000000004
      vertex -24.048050299286842 -14.071638591587543 0.01
    endloop
  endfacet
  facet normal -0.32143946370773846 -0.9469301300366787 0
    outer loop
      vertex -24.048050299286842 -14.071638591587543 0
      vertex -23.67645713686943 -14.197777472436428 0
      vertex -23.67645713686943 -14.197777472436428 16.890000000000004
    endloop
  endfacet
  facet normal -0.1950903258581441 -0.980785279639006 0
    outer loop
      vertex -23.67645713686943 -14.197777472436428 0
      vertex -23.291578575968742 -14.274334579706192 0
      vertex -23.67645713686943 -14.197777472436428 16.890000000000004
    endloop
  endfacet
  facet normal -0.06540313273849395 -0.9978589230086541 0
    outer loop
      vertex -23.291578575968742 -14.274334579706192 0
      vertex -22.899999998509884 -14.299999997019768 0
      vertex -23.291578575968742 -14.274334579706192 16.890000000000004
    endloop
  endfacet
  facet normal -0.8968727407473451 -0.4422886918115197 0
    outer loop
      vertex -25.49807620793581 -12.799999997019768 0
      vertex -25.49807620793581 -12.799999997019768 16.890000000000004
      vertex -25.67163859307766 -12.448050297796726 0
    endloop
  endfacet
  facet normal -0.9469301300366787 -0.32143946370773846 0
    outer loop
      vertex -25.67163859307766 -12.448050297796726 0
      vertex -25.797777473926544 -12.076457135379314 16.890000000000004
      vertex -25.797777473926544 -12.076457135379314 0
    endloop
  endfacet
  facet normal -0.980785279639006 -0.1950903258581441 0
    outer loop
      vertex -25.797777473926544 -12.076457135379314 0
      vertex -25.797777473926544 -12.076457135379314 16.890000000000004
      vertex -25.874334581196308 -11.691578574478626 0
    endloop
  endfacet
  facet normal -0.9978589230086541 -0.06540313273849395 0
    outer loop
      vertex -25.874334581196308 -11.691578574478626 0
      vertex -25.899999998509884 -11.299999997019768 16.890000000000004
      vertex -25.899999998509884 -11.299999997019768 0
    endloop
  endfacet
  facet normal 0 -1 0
    outer loop
      vertex -22.899999998509884 -14.299999997019768 0
      vertex -6.010000002980231 -14.299999997019768 7.600000002980231
      vertex -22.899999998509884 -14.299999997019768 16.880000000000003
    endloop
  endfacet
  facet normal 0 0 -1
    outer loop
      vertex -24.399999998509884 -13.898076206445694 0
      vertex -25.899999998509884 -11.299999997019768 0
      vertex -25.899999998509884 11.299999997019768 0
    endloop
  endfacet
  facet normal 0 0 -1
    outer loop
      vertex -24.399999998509884 -13.898076206445694 0
      vertex -25.899999998509884 11.299999997019768 0
      vertex -23.9 -10.7 0
    endloop
  endfacet
  facet normal 0 0 -1
    outer loop
      vertex -25.899999998509884 11.299999997019768 0
      vertex -15.696876517799831 -10.7 0
      vertex -23.9 -10.7 0
    endloop
  endfacet
  facet normal 0 0 -1
    outer loop
      vertex -24.399999998509884 -13.898076206445694 0
      vertex 22.899999998509884 -14.299999997019768 0
      vertex -22.899999998509884 -14.299999997019768 0
    endloop
  endfacet
  facet normal 0 0 -1
    outer loop
      vertex -24.399999998509884 -13.898076206445694 0
      vertex -15.696876517799831 -12.899999999999999 0
      vertex 15.696876517799831 -12.899999999999999 0
    endloop
  endfacet
  facet normal 0 -1 0
    outer loop
      vertex -22.899999998509884 -14.299999997019768 0
      vertex -5.59464021509395 -14.299999997019768 6.37638952729475
      vertex -5.648054181886748 -14.299999997019768 6.45632917770176
    endloop
  endfacet
  facet normal 0 -1 0
    outer loop
      vertex -22.899999998509884 -14.299999997019768 0
      vertex -5.648054181886748 -14.299999997019768 6.45632917770176
      vertex -5.7407110628963265 -14.299999997019768 6.595000001490115
    endloop
  endfacet
  facet normal 0 -1 0
    outer loop
      vertex -22.899999998509884 -14.299999997019768 0
      vertex -5.7407110628963265 -14.299999997019768 6.595000001490115
      vertex -5.783233848822844 -14.299999997019768 6.681227679100707
    endloop
  endfacet
  facet normal 0 -1 0
    outer loop
      vertex -22.899999998509884 -14.299999997019768 0
      vertex -5.783233848822844 -14.299999997019768 6.681227679100707
      vertex -5.856997862305877 -14.299999997019768 6.830806304044474
    endloop
  endfacet
  facet normal 0 -1 0
    outer loop
      vertex -22.899999998509884 -14.299999997019768 0
      vertex -5.856997862305877 -14.299999997019768 6.830806304044474
      vertex -5.910606890779718 -14.299999997019768 6.988733400261334
    endloop
  endfacet
  facet normal 0 -1 0
    outer loop
      vertex -22.899999998509884 -14.299999997019768 0
      vertex -5.910606890779718 -14.299999997019768 6.988733400261334
      vertex -5.941510916399733 -14.299999997019768 7.079773724499883
    endloop
  endfacet
  facet normal 0 -1 0
    outer loop
      vertex -22.899999998509884 -14.299999997019768 0
      vertex -4.611266602718897 -14.299999997019768 5.689393112200513
      vertex -4.769193698935757 -14.299999997019768 5.743002140674354
    endloop
  endfacet
  facet normal 0 -1 0
    outer loop
      vertex -22.899999998509884 -14.299999997019768 0
      vertex -4.520226278480348 -14.299999997019768 5.658489086580498
      vertex -4.611266602718897 -14.299999997019768 5.689393112200513
    endloop
  endfacet
  facet normal 0 -1 0
    outer loop
      vertex -22.899999998509884 -14.299999997019768 0
      vertex -4.918772323879524 -14.299999997019768 5.816766154157387
      vertex -5.0050000014901155 -14.299999997019768 5.859288940083904
    endloop
  endfacet
  facet normal 0 -1 0
    outer loop
      vertex -22.899999998509884 -14.299999997019768 0
      vertex -5.0050000014901155 -14.299999997019768 5.859288940083904
      vertex -5.143670825278471 -14.299999997019768 5.951945821093483
    endloop
  endfacet
  facet normal 0 -1 0
    outer loop
      vertex -22.899999998509884 -14.299999997019768 0
      vertex -5.223610475685481 -14.299999997019768 6.005359787886281
      vertex -5.349000799222662 -14.299999997019768 6.115324151284286
    endloop
  endfacet
  facet normal 0 -1 0
    outer loop
      vertex -22.899999998509884 -14.299999997019768 0
      vertex -5.349000799222662 -14.299999997019768 6.115324151284286
      vertex -5.421284630468805 -14.299999997019768 6.178715372511426
    endloop
  endfacet
  facet normal 0 -1 0
    outer loop
      vertex -22.899999998509884 -14.299999997019768 0
      vertex -5.143670825278471 -14.299999997019768 5.951945821093483
      vertex -5.223610475685481 -14.299999997019768 6.005359787886281
    endloop
  endfacet
  facet normal 0 -1 0
    outer loop
      vertex -22.899999998509884 -14.299999997019768 0
      vertex -4.769193698935757 -14.299999997019768 5.743002140674354
      vertex -4.918772323879524 -14.299999997019768 5.816766154157387
    endloop
  endfacet
  facet normal 0 -1 0
    outer loop
      vertex -22.899999998509884 -14.299999997019768 0
      vertex -5.421284630468805 -14.299999997019768 6.178715372511426
      vertex -5.484675851695945 -14.299999997019768 6.250999203757569
    endloop
  endfacet
  facet normal 0 -1 0
    outer loop
      vertex -22.899999998509884 -14.299999997019768 0
      vertex -5.484675851695945 -14.299999997019768 6.250999203757569
      vertex -5.59464021509395 -14.299999997019768 6.37638952729475
    endloop
  endfacet
  facet normal 0 0 -1
    outer loop
      vertex -15.696876517799831 -10.7 0
      vertex 15.696876517799831 -12.899999999999999 0
      vertex -15.696876517799831 -12.899999999999999 0
    endloop
  endfacet
  facet normal 0 -1 0
    outer loop
      vertex -22.899999998509884 -14.299999997019768 0
      vertex 22.899999998509884 -14.299999997019768 0
      vertex -4.520226278480348 -14.299999997019768 5.658489086580498
    endloop
  endfacet
  facet normal 0 -1 0
    outer loop
      vertex -22.899999998509884 -14.299999997019768 0
      vertex -5.941510916399733 -14.299999997019768 7.079773724499883
      vertex -5.974047685279617 -14.299999997019768 7.243347112571932
    endloop
  endfacet
  facet normal 0 -1 0
    outer loop
      vertex -22.899999998509884 -14.299999997019768 0
      vertex -5.974047685279617 -14.299999997019768 7.243347112571932
      vertex -5.992804174621238 -14.299999997019768 7.337642359419088
    endloop
  endfacet
  facet normal 0 -1 0
    outer loop
      vertex -22.899999998509884 -14.299999997019768 0
      vertex -5.992804174621238 -14.299999997019768 7.337642359419088
      vertex -5.999092201824819 -14.299999997019768 7.433579108487619
    endloop
  endfacet
  facet normal 0 -1 0
    outer loop
      vertex -22.899999998509884 -14.299999997019768 0
      vertex -5.999092201824819 -14.299999997019768 7.433579108487619
      vertex -6.010000002980231 -14.299999997019768 7.600000002980231
    endloop
  endfacet
  facet normal 0 0 -1
    outer loop
      vertex -25.899999998509884 11.299999997019768 0
      vertex 15.696876517799831 -10.7 0
      vertex -15.696876517799831 -10.7 0
    endloop
  endfacet
  facet normal -0.7518398024852507 -0.6593458207943227 0
    outer loop
      vertex -25.021320343017578 -13.421320341527462 0
      vertex -25.021320343017578 -13.421320341527462 16.890000000000004
      vertex -25.28006002306938 -13.126284286379814 16.880000000000003
    endloop
  endfacet
  facet normal -0.6593458207943227 -0.7518398024852507 0
    outer loop
      vertex -24.72628428786993 -13.680060021579266 0
      vertex -24.72628428786993 -13.680060021579266 16.890000000000004
      vertex -25.021320343017578 -13.421320341527462 16.890000000000004
    endloop
  endfacet
  facet normal -0.5555702203832522 -0.8314696207458843 0
    outer loop
      vertex -24.72628428786993 -13.680060021579266 0
      vertex -24.399999998509884 -13.898076206445694 16.890000000000004
      vertex -24.72628428786993 -13.680060021579266 16.890000000000004
    endloop
  endfacet
  facet normal -0.4422886918115197 -0.8968727407473451 0
    outer loop
      vertex -24.048050299286842 -14.071638591587543 0.01
      vertex -24.048050299286842 -14.071638591587543 16.890000000000004
      vertex -24.399999998509884 -13.898076206445694 16.890000000000004
    endloop
  endfacet
  facet normal -0.3214394637077385 -0.9469301300366788 0
    outer loop
      vertex -24.048050299286842 -14.071638591587543 0.01
      vertex -23.67645713686943 -14.197777472436428 16.890000000000004
      vertex -24.048050299286842 -14.071638591587543 16.890000000000004
    endloop
  endfacet
  facet normal -0.1950903258581441 -0.980785279639006 0
    outer loop
      vertex -23.291578575968742 -14.274334579706192 0
      vertex -23.291578575968742 -14.274334579706192 16.890000000000004
      vertex -23.67645713686943 -14.197777472436428 16.890000000000004
    endloop
  endfacet
  facet normal -0.06540313273849395 -0.997858923008654 0
    outer loop
      vertex -22.899999998509884 -14.299999997019768 0
      vertex -22.899999998509884 -14.299999997019768 16.880000000000003
      vertex -23.291578575968742 -14.274334579706192 16.890000000000004
    endloop
  endfacet
  facet normal -0.8968727407473451 -0.4422886918115197 0
    outer loop
      vertex -25.67163859307766 -12.448050297796726 0
      vertex -25.49807620793581 -12.799999997019768 16.890000000000004
      vertex -25.67163859307766 -12.448050297796726 16.890000000000004
    endloop
  endfacet
  facet normal -0.8314696207458843 -0.5555702203832522 0
    outer loop
      vertex -25.49807620793581 -12.799999997019768 0
      vertex -25.28006002306938 -13.126284286379814 16.880000000000003
      vertex -25.49807620793581 -12.799999997019768 16.890000000000004
    endloop
  endfacet
  facet normal -0.9469301300366787 -0.32143946370773846 0
    outer loop
      vertex -25.67163859307766 -12.448050297796726 0
      vertex -25.67163859307766 -12.448050297796726 16.890000000000004
      vertex -25.797777473926544 -12.076457135379314 16.890000000000004
    endloop
  endfacet
  facet normal -0.980785279639006 -0.1950903258581441 0
    outer loop
      vertex -25.874334581196308 -11.691578574478626 0
      vertex -25.797777473926544 -12.076457135379314 16.890000000000004
      vertex -25.874334581196308 -11.691578574478626 16.890000000000004
    endloop
  endfacet
  facet normal -0.9978589230086541 -0.06540313273849395 0
    outer loop
      vertex -25.874334581196308 -11.691578574478626 0
      vertex -25.874334581196308 -11.691578574478626 16.890000000000004
      vertex -25.899999998509884 -11.299999997019768 16.890000000000004
    endloop
  endfacet
  facet normal -0.7518398024852507 -0.6593458207943228 0
    outer loop
      vertex -25.28006002306938 -13.126284286379814 16.880000000000003
      vertex -25.021320343017578 -13.421320341527462 16.890000000000004
      vertex -25.28006002306938 -13.126284286379814 16.890000000000004
    endloop
  endfacet
  facet normal -0.8314696207458842 -0.5555702203832521 0
    outer loop
      vertex -25.28006002306938 -13.126284286379814 16.880000000000003
      vertex -25.28006002306938 -13.126284286379814 16.890000000000004
      vertex -25.49807620793581 -12.799999997019768 16.890000000000004
    endloop
  endfacet
  facet normal -0.39326825333263266 -0.5885675535746149 0.7063485795270584
    outer loop
      vertex -24.399999998509884 -13.898076206445694 16.890000000000004
      vertex -24.117522858083248 -12.886706680059433 17.890000000000004
      vertex -24.72628428786993 -13.680060021579266 16.890000000000004
    endloop
  endfacet
  facet normal -0.5322004581782154 -0.46672728254702106 0.7063485796978505
    outer loop
      vertex -25.28006002306938 -13.126284286379814 16.890000000000004
      vertex -25.021320343017578 -13.421320341527462 16.890000000000004
      vertex -24.48670668154955 -12.517522856593132 17.890000000000004
    endloop
  endfacet
  facet normal -0.46672728254702106 -0.5322004581782154 0.7063485796978505
    outer loop
      vertex -24.72628428786993 -13.680060021579266 16.890000000000004
      vertex -24.117522858083248 -12.886706680059433 17.890000000000004
      vertex -25.021320343017578 -13.421320341527462 16.890000000000004
    endloop
  endfacet
  facet normal -0.46672728865435636 -0.5322004507599033 0.7063485812517136
    outer loop
      vertex -25.021320343017578 -13.421320341527462 16.890000000000004
      vertex -24.117522858083248 -12.886706680059433 17.890000000000004
      vertex -24.314213559031487 -12.71421355754137 17.890000000000004
    endloop
  endfacet
  facet normal -0.06540313273849395 -0.9978589230086542 0
    outer loop
      vertex -23.291578575968742 -14.274334579706192 16.890000000000004
      vertex -22.899999998509884 -14.299999997019768 16.880000000000003
      vertex -22.899999998509884 -14.299999997019768 16.890000000000004
    endloop
  endfacet
  facet normal -0.138097452078298 -0.6942627603817373 0.7063485777409144
    outer loop
      vertex -23.67645713686943 -14.197777472436428 16.890000000000004
      vertex -23.291578575968742 -14.274334579706192 16.890000000000004
      vertex -23.417638085782528 -13.231851652264595 17.890000000000004
    endloop
  endfacet
  facet normal -0.04629653433489803 -0.7063485792824168 0.7063485792824168
    outer loop
      vertex -23.291578575968742 -14.274334579706192 16.890000000000004
      vertex -22.899999998509884 -14.299999997019768 16.890000000000004
      vertex -22.899999998509884 -13.299999997019768 17.890000000000004
    endloop
  endfacet
  facet normal -0.31308031889277976 -0.6348640805835469 0.7063485776207117
    outer loop
      vertex -24.399999998509884 -13.898076206445694 16.890000000000004
      vertex -24.048050299286842 -14.071638591587543 16.890000000000004
      vertex -23.665366865694523 -13.147759065032005 17.890000000000004
    endloop
  endfacet
  facet normal -0.22753548007823357 -0.6702979131844935 0.7063485774644703
    outer loop
      vertex -24.048050299286842 -14.071638591587543 16.890000000000004
      vertex -23.67645713686943 -14.197777472436428 16.890000000000004
      vertex -23.665366865694523 -13.147759065032005 17.890000000000004
    endloop
  endfacet
  facet normal -0.22753547576038918 -0.6702979139042554 0.7063485781723474
    outer loop
      vertex -23.67645713686943 -14.197777472436428 16.890000000000004
      vertex -23.417638085782528 -13.231851652264595 17.890000000000004
      vertex -23.665366865694523 -13.147759065032005 17.890000000000004
    endloop
  endfacet
  facet normal -0.3932682533326326 -0.5885675535746149 0.7063485795270584
    outer loop
      vertex -24.399999998509884 -13.898076206445694 16.890000000000004
      vertex -23.899999998509884 -13.032050803303719 17.890000000000004
      vertex -24.117522858083248 -12.886706680059433 17.890000000000004
    endloop
  endfacet
  facet normal -0.31308032883173775 -0.6348640734847008 0.7063485795958135
    outer loop
      vertex -24.399999998509884 -13.898076206445694 16.890000000000004
      vertex -23.665366865694523 -13.147759065032005 17.890000000000004
      vertex -23.899999998509884 -13.032050803303719 17.890000000000004
    endloop
  endfacet
  facet normal -0.1380974347105019 -0.6942627609772737 0.7063485805511268
    outer loop
      vertex -23.291578575968742 -14.274334579706192 16.890000000000004
      vertex -23.161052383482456 -13.28288971632719 17.890000000000004
      vertex -23.417638085782528 -13.231851652264595 17.890000000000004
    endloop
  endfacet
  facet normal -0.04629654095430644 -0.7063485777498106 0.7063485803811641
    outer loop
      vertex -23.291578575968742 -14.274334579706192 16.890000000000004
      vertex -22.899999998509884 -13.299999997019768 17.890000000000004
      vertex -23.161052383482456 -13.28288971632719 17.890000000000004
    endloop
  endfacet
  facet normal 0 0 1
    outer loop
      vertex -23.899999998509884 -13.032050803303719 17.890000000000004
      vertex -23.665366865694523 -13.147759065032005 17.890000000000004
      vertex -23.417638085782528 -13.231851652264595 17.890000000000004
    endloop
  endfacet
  facet normal 0 0 1
    outer loop
      vertex -23.417638085782528 -13.231851652264595 17.890000000000004
      vertex -23.161052383482456 -13.28288971632719 17.890000000000004
      vertex -22.899999998509884 -13.299999997019768 17.890000000000004
    endloop
  endfacet
  facet normal 0 0 1
    outer loop
      vertex -23.899999998509884 -13.032050803303719 17.890000000000004
      vertex -23.417638085782528 -13.231851652264595 17.890000000000004
      vertex -22.899999998509884 -13.299999997019768 17.890000000000004
    endloop
  endfacet
  facet normal -0.5885675535746149 -0.39326825333263266 0.7063485795270584
    outer loop
      vertex -25.28006002306938 -13.126284286379814 16.890000000000004
      vertex -24.632050804793835 -12.299999997019768 17.890000000000004
      vertex -25.49807620793581 -12.799999997019768 16.890000000000004
    endloop
  endfacet
  facet normal -0.6348640805835469 -0.31308031889277976 0.7063485776207117
    outer loop
      vertex -25.49807620793581 -12.799999997019768 16.890000000000004
      vertex -24.74775906652212 -12.065366864204407 17.890000000000004
      vertex -25.67163859307766 -12.448050297796726 16.890000000000004
    endloop
  endfacet
  facet normal -0.6702979131844935 -0.22753548007823357 0.7063485774644703
    outer loop
      vertex -25.67163859307766 -12.448050297796726 16.890000000000004
      vertex -24.74775906652212 -12.065366864204407 17.890000000000004
      vertex -25.797777473926544 -12.076457135379314 16.890000000000004
    endloop
  endfacet
  facet normal -0.5885675535746149 -0.3932682533326326 0.7063485795270584
    outer loop
      vertex -25.28006002306938 -13.126284286379814 16.890000000000004
      vertex -24.48670668154955 -12.517522856593132 17.890000000000004
      vertex -24.632050804793835 -12.299999997019768 17.890000000000004
    endloop
  endfacet
  facet normal -0.5322004507599033 -0.46672728865435636 0.7063485812517136
    outer loop
      vertex -25.021320343017578 -13.421320341527462 16.890000000000004
      vertex -24.314213559031487 -12.71421355754137 17.890000000000004
      vertex -24.48670668154955 -12.517522856593132 17.890000000000004
    endloop
  endfacet
  facet normal -0.6348640734847008 -0.31308032883173775 0.7063485795958135
    outer loop
      vertex -25.49807620793581 -12.799999997019768 16.890000000000004
      vertex -24.632050804793835 -12.299999997019768 17.890000000000004
      vertex -24.74775906652212 -12.065366864204407 17.890000000000004
    endloop
  endfacet
  facet normal -0.6942627603817373 -0.138097452078298 0.7063485777409144
    outer loop
      vertex -25.797777473926544 -12.076457135379314 16.890000000000004
      vertex -24.83185165375471 -11.817638084292412 17.890000000000004
      vertex -25.874334581196308 -11.691578574478626 16.890000000000004
    endloop
  endfacet
  facet normal -0.6702979139042554 -0.22753547576038918 0.7063485781723474
    outer loop
      vertex -25.797777473926544 -12.076457135379314 16.890000000000004
      vertex -24.74775906652212 -12.065366864204407 17.890000000000004
      vertex -24.83185165375471 -11.817638084292412 17.890000000000004
    endloop
  endfacet
  facet normal -0.6942627609772737 -0.1380974347105019 0.7063485805511268
    outer loop
      vertex -25.874334581196308 -11.691578574478626 16.890000000000004
      vertex -24.83185165375471 -11.817638084292412 17.890000000000004
      vertex -24.882889717817307 -11.56105238199234 17.890000000000004
    endloop
  endfacet
  facet normal -0.7063485792824168 -0.04629653433489803 0.7063485792824168
    outer loop
      vertex -25.874334581196308 -11.691578574478626 16.890000000000004
      vertex -24.899999998509884 -11.299999997019768 17.890000000000004
      vertex -25.899999998509884 -11.299999997019768 16.890000000000004
    endloop
  endfacet
  facet normal -0.7063485777498106 -0.04629654095430644 0.7063485803811641
    outer loop
      vertex -25.874334581196308 -11.691578574478626 16.890000000000004
      vertex -24.882889717817307 -11.56105238199234 17.890000000000004
      vertex -24.899999998509884 -11.299999997019768 17.890000000000004
    endloop
  endfacet
  facet normal 0 0 1
    outer loop
      vertex -23.899999998509884 -13.032050803303719 17.890000000000004
      vertex -24.632050804793835 -12.299999997019768 17.890000000000004
      vertex -24.314213559031487 -12.71421355754137 17.890000000000004
    endloop
  endfacet
  facet normal 0 0 1
    outer loop
      vertex -24.48670668154955 -12.517522856593132 17.890000000000004
      vertex -24.314213559031487 -12.71421355754137 17.890000000000004
      vertex -24.632050804793835 -12.299999997019768 17.890000000000004
    endloop
  endfacet
  facet normal 0 0 1
    outer loop
      vertex -24.74775906652212 -12.065366864204407 17.890000000000004
      vertex -24.632050804793835 -12.299999997019768 17.890000000000004
      vertex -24.83185165375471 -11.817638084292412 17.890000000000004
    endloop
  endfacet
  facet normal 0 0 1
    outer loop
      vertex -24.632050804793835 -12.299999997019768 17.890000000000004
      vertex -24.899999998509884 -11.299999997019768 17.890000000000004
      vertex -24.83185165375471 -11.817638084292412 17.890000000000004
    endloop
  endfacet
  facet normal 0 0 1
    outer loop
      vertex -24.83185165375471 -11.817638084292412 17.890000000000004
      vertex -24.899999998509884 -11.299999997019768 17.890000000000004
      vertex -24.882889717817307 -11.56105238199234 17.890000000000004
    endloop
  endfacet
  facet normal 0 0 1
    outer loop
      vertex -23.899999998509884 -13.032050803303719 17.890000000000004
      vertex -24.314213559031487 -12.71421355754137 17.890000000000004
      vertex -24.117522858083248 -12.886706680059433 17.890000000000004
    endloop
  endfacet
  facet normal 0 0 1
    outer loop
      vertex -23.899999998509884 -13.032050803303719 17.890000000000004
      vertex -15.020986224923815 -6.739864972020898 17.890000000000004
      vertex -15.125863317932401 -6.669788338776145 17.890000000000004
    endloop
  endfacet
  facet normal 0 0 1
    outer loop
      vertex -23.899999998509884 -13.032050803303719 17.890000000000004
      vertex -14.707676732646567 -6.882814021514994 17.890000000000004
      vertex -14.82711739199502 -6.842269381242138 17.890000000000004
    endloop
  endfacet
  facet normal 0 0 1
    outer loop
      vertex -23.899999998509884 -13.032050803303719 17.890000000000004
      vertex -14.940244083425828 -6.786481469337429 17.890000000000004
      vertex -14.982142857142858 -6.765819279743092 17.890000000000004
    endloop
  endfacet
  facet normal 0 0 1
    outer loop
      vertex -23.899999998509884 -13.032050803303719 17.890000000000004
      vertex -14.982142857142858 -6.765819279743092 17.890000000000004
      vertex -15.020986224923815 -6.739864972020898 17.890000000000004
    endloop
  endfacet
  facet normal 0 0 1
    outer loop
      vertex -23.899999998509884 -13.032050803303719 17.890000000000004
      vertex -14.82711739199502 -6.842269381242138 17.890000000000004
      vertex -14.940244083425828 -6.786481469337429 17.890000000000004
    endloop
  endfacet
  facet normal 0 0 1
    outer loop
      vertex -23.899999998509884 -13.032050803303719 17.890000000000004
      vertex -15.369788341756378 -6.425863314952169 17.890000000000004
      vertex -15.43986497500113 -6.320986221943582 17.890000000000004
    endloop
  endfacet
  facet normal 0 0 1
    outer loop
      vertex -23.899999998509884 -13.032050803303719 17.890000000000004
      vertex -15.43986497500113 -6.320986221943582 17.890000000000004
      vertex -15.465819282723324 -6.2821428541626245 17.890000000000004
    endloop
  endfacet
  facet normal 0 0 1
    outer loop
      vertex -23.899999998509884 -13.032050803303719 17.890000000000004
      vertex -15.465819282723324 -6.2821428541626245 17.890000000000004
      vertex -15.486481472317662 -6.240244080445596 17.890000000000004
    endloop
  endfacet
  facet normal 0 0 1
    outer loop
      vertex -23.899999998509884 -13.032050803303719 17.890000000000004
      vertex -15.486481472317662 -6.240244080445596 17.890000000000004
      vertex -15.54226938422237 -6.1271173890147885 17.890000000000004
    endloop
  endfacet
  facet normal 0 0 1
    outer loop
      vertex -23.899999998509884 -13.032050803303719 17.890000000000004
      vertex -15.54226938422237 -6.1271173890147885 17.890000000000004
      vertex -15.582814024495226 -6.007676729666335 17.890000000000004
    endloop
  endfacet
  facet normal 0 0 1
    outer loop
      vertex -23.899999998509884 -13.032050803303719 17.890000000000004
      vertex -15.582814024495226 -6.007676729666335 17.890000000000004
      vertex -15.597830557929617 -5.963439447539193 17.890000000000004
    endloop
  endfacet
  facet normal 0 0 1
    outer loop
      vertex -23.899999998509884 -13.032050803303719 17.890000000000004
      vertex -15.255819674049105 -6.555819671068872 17.890000000000004
      vertex -15.338985999780041 -6.460986655737672 17.890000000000004
    endloop
  endfacet
  facet normal 0 0 1
    outer loop
      vertex -23.899999998509884 -13.032050803303719 17.890000000000004
      vertex -15.125863317932401 -6.669788338776145 17.890000000000004
      vertex -15.160986658717905 -6.638985996799809 17.890000000000004
    endloop
  endfacet
  facet normal 0 0 1
    outer loop
      vertex -23.899999998509884 -13.032050803303719 17.890000000000004
      vertex -15.160986658717905 -6.638985996799809 17.890000000000004
      vertex -15.255819674049105 -6.555819671068872 17.890000000000004
    endloop
  endfacet
  facet normal 0 0 1
    outer loop
      vertex -23.899999998509884 -13.032050803303719 17.890000000000004
      vertex -15.338985999780041 -6.460986655737672 17.890000000000004
      vertex -15.369788341756378 -6.425863314952169 17.890000000000004
    endloop
  endfacet
  facet normal 0 0 1
    outer loop
      vertex -23.899999998509884 -13.032050803303719 17.890000000000004
      vertex -15.597830557929617 -5.963439447539193 17.890000000000004
      vertex -15.606944499271256 -5.917620572128466 17.890000000000004
    endloop
  endfacet
  facet normal 0 0 1
    outer loop
      vertex -23.899999998509884 -13.032050803303719 17.890000000000004
      vertex -15.606944499271256 -5.917620572128466 17.890000000000004
      vertex -15.63155213849885 -5.793909606124673 17.890000000000004
    endloop
  endfacet
  facet normal 0 0 1
    outer loop
      vertex -23.899999998509884 -13.032050803303719 17.890000000000004
      vertex -15.63155213849885 -5.793909606124673 17.890000000000004
      vertex -15.639801736921072 -5.66804506576487 17.890000000000004
    endloop
  endfacet
  facet normal 0 0 1
    outer loop
      vertex -23.899999998509884 -13.032050803303719 17.890000000000004
      vertex -15.639801736921072 -5.66804506576487 17.890000000000004
      vertex -15.642857142857142 -5.621428568448339 17.890000000000004
    endloop
  endfacet
  facet normal 0 0 1
    outer loop
      vertex -23.899999998509884 -13.032050803303719 17.890000000000004
      vertex -14.663439450519425 -6.897830554949385 17.890000000000004
      vertex -14.707676732646567 -6.882814021514994 17.890000000000004
    endloop
  endfacet
  facet normal 0 0 1
    outer loop
      vertex -23.899999998509884 -13.032050803303719 17.890000000000004
      vertex -14.617620575108699 -6.906944496291024 17.890000000000004
      vertex -14.663439450519425 -6.897830554949385 17.890000000000004
    endloop
  endfacet
  facet normal 0 0 1
    outer loop
      vertex -23.899999998509884 -13.032050803303719 17.890000000000004
      vertex -14.493909609104906 -6.9315521355186185 17.890000000000004
      vertex -14.617620575108699 -6.906944496291024 17.890000000000004
    endloop
  endfacet
  facet normal 0 0 1
    outer loop
      vertex -23.899999998509884 -13.032050803303719 17.890000000000004
      vertex -14.321428571428571 -6.94285713987691 17.890000000000004
      vertex -14.368045068745102 -6.93980173394084 17.890000000000004
    endloop
  endfacet
  facet normal 0 0 1
    outer loop
      vertex -23.899999998509884 -13.032050803303719 17.890000000000004
      vertex -14.368045068745102 -6.93980173394084 17.890000000000004
      vertex -14.493909609104906 -6.9315521355186185 17.890000000000004
    endloop
  endfacet
  facet normal 0 0 1
    outer loop
      vertex -23.899999998509884 -13.032050803303719 17.890000000000004
      vertex -12.678571428571429 -6.94285713987691 17.890000000000004
      vertex -14.321428571428571 -6.94285713987691 17.890000000000004
    endloop
  endfacet
  facet normal 0 0 1
    outer loop
      vertex -23.899999998509884 -13.032050803303719 17.890000000000004
      vertex -12.631954931254898 -6.93980173394084 17.890000000000004
      vertex -12.678571428571429 -6.94285713987691 17.890000000000004
    endloop
  endfacet
  facet normal 0 0 1
    outer loop
      vertex -23.899999998509884 -13.032050803303719 17.890000000000004
      vertex -12.506090390895094 -6.9315521355186185 17.890000000000004
      vertex -12.631954931254898 -6.93980173394084 17.890000000000004
    endloop
  endfacet
  facet normal 0 0 1
    outer loop
      vertex -23.899999998509884 -13.032050803303719 17.890000000000004
      vertex -12.382379424891301 -6.906944496291024 17.890000000000004
      vertex -12.506090390895094 -6.9315521355186185 17.890000000000004
    endloop
  endfacet
  facet normal 0 0 1
    outer loop
      vertex -23.899999998509884 -13.032050803303719 17.890000000000004
      vertex -12.336560549480575 -6.897830554949385 17.890000000000004
      vertex -12.382379424891301 -6.906944496291024 17.890000000000004
    endloop
  endfacet
  facet normal 0 0 1
    outer loop
      vertex -23.899999998509884 -13.032050803303719 17.890000000000004
      vertex -8.148050300776958 -9.271638594567776 17.890000000000004
      vertex -8.5 -9.098076209425926 17.890000000000004
    endloop
  endfacet
  facet normal 0 0 1
    outer loop
      vertex -23.899999998509884 -13.032050803303719 17.890000000000004
      vertex -8.5 -9.098076209425926 17.890000000000004
      vertex -8.826284289360046 -8.880060024559498 17.890000000000004
    endloop
  endfacet
  facet normal 0 0 1
    outer loop
      vertex -23.899999998509884 -13.032050803303719 17.890000000000004
      vertex -7.776457138359547 -9.39777747541666 17.890000000000004
      vertex -8.148050300776958 -9.271638594567776 17.890000000000004
    endloop
  endfacet
  facet normal 0 0 1
    outer loop
      vertex -23.899999998509884 -13.032050803303719 17.890000000000004
      vertex -7.3915785774588585 -9.474334582686424 17.890000000000004
      vertex -7.776457138359547 -9.39777747541666 17.890000000000004
    endloop
  endfacet
  facet normal 0 0 1
    outer loop
      vertex -23.899999998509884 -13.032050803303719 17.890000000000004
      vertex -9.380060024559498 -8.326284289360046 17.890000000000004
      vertex -9.598076209425926 -8 17.890000000000004
    endloop
  endfacet
  facet normal 0 0 1
    outer loop
      vertex -23.899999998509884 -13.032050803303719 17.890000000000004
      vertex -9.121320344507694 -8.621320344507694 17.890000000000004
      vertex -9.380060024559498 -8.326284289360046 17.890000000000004
    endloop
  endfacet
  facet normal 0 0 1
    outer loop
      vertex -23.899999998509884 -13.032050803303719 17.890000000000004
      vertex -8.826284289360046 -8.880060024559498 17.890000000000004
      vertex -9.121320344507694 -8.621320344507694 17.890000000000004
    endloop
  endfacet
  facet normal 0 0 1
    outer loop
      vertex -23.899999998509884 -13.032050803303719 17.890000000000004
      vertex -9.598076209425926 -8 17.890000000000004
      vertex -9.771638594567776 -7.6480503007769585 17.890000000000004
    endloop
  endfacet
  facet normal 0 0 1
    outer loop
      vertex -23.899999998509884 -13.032050803303719 17.890000000000004
      vertex -12.292323267353433 -6.882814021514994 17.890000000000004
      vertex -12.336560549480575 -6.897830554949385 17.890000000000004
    endloop
  endfacet
  facet normal 0 0 1
    outer loop
      vertex -23.899999998509884 -13.032050803303719 17.890000000000004
      vertex -12.17288260800498 -6.842269381242138 17.890000000000004
      vertex -12.292323267353433 -6.882814021514994 17.890000000000004
    endloop
  endfacet
  facet normal 0 0 1
    outer loop
      vertex -23.899999998509884 -13.032050803303719 17.890000000000004
      vertex -12.059755916574172 -6.786481469337429 17.890000000000004
      vertex -12.17288260800498 -6.842269381242138 17.890000000000004
    endloop
  endfacet
  facet normal 0 0 1
    outer loop
      vertex -23.899999998509884 -13.032050803303719 17.890000000000004
      vertex -12.017857142857142 -6.765819279743092 17.890000000000004
      vertex -12.059755916574172 -6.786481469337429 17.890000000000004
    endloop
  endfacet
  facet normal 0 0 1
    outer loop
      vertex -23.899999998509884 -13.032050803303719 17.890000000000004
      vertex -9.771638594567776 -7.6480503007769585 17.890000000000004
      vertex -12.017857142857142 -6.765819279743092 17.890000000000004
    endloop
  endfacet
  facet normal -1 0 0
    outer loop
      vertex -25.899999998509884 -11.299999997019768 0
      vertex -25.899999998509884 -11.299999997019768 16.890000000000004
      vertex -25.899999998509884 11.299999997019768 16.890000000000004
    endloop
  endfacet
  facet normal -0.7071067811865476 0 0.7071067811865476
    outer loop
      vertex -25.899999998509884 -11.299999997019768 16.890000000000004
      vertex -24.899999998509884 -11.299999997019768 17.890000000000004
      vertex -24.899999998509884 11.299999997019768 17.890000000000004
    endloop
  endfacet
  facet normal 0 0 1
    outer loop
      vertex -23.899999998509884 -13.032050803303719 17.890000000000004
      vertex -24.899999998509884 11.299999997019768 17.890000000000004
      vertex -24.632050804793835 -12.299999997019768 17.890000000000004
    endloop
  endfacet
  facet normal 0 0 1
    outer loop
      vertex -24.632050804793835 -12.299999997019768 17.890000000000004
      vertex -24.899999998509884 11.299999997019768 17.890000000000004
      vertex -24.899999998509884 -11.299999997019768 17.890000000000004
    endloop
  endfacet
  facet normal 0 0 1
    outer loop
      vertex -23.899999998509884 -13.032050803303719 17.890000000000004
      vertex -15.642857142857142 -5.621428568448339 17.890000000000004
      vertex -22.899999998509884 13.299999997019768 17.890000000000004
    endloop
  endfacet
  facet normal 0 -1 0
    outer loop
      vertex -6.010000002980231 -14.299999997019768 7.600000002980231
      vertex -6.010000002980231 -14.299999997019768 12.199999997019766
      vertex -22.899999998509884 -14.299999997019768 16.880000000000003
    endloop
  endfacet
  facet normal 0 -1 0
    outer loop
      vertex -22.899999998509884 -14.299999997019768 16.880000000000003
      vertex -6.010000002980231 -14.299999997019768 12.199999997019766
      vertex -5.999092201824819 -14.299999997019768 12.366420891512378
    endloop
  endfacet
  facet normal 0 -1 0
    outer loop
      vertex -22.899999998509884 -14.299999997019768 16.880000000000003
      vertex -5.999092201824819 -14.299999997019768 12.366420891512378
      vertex -5.992804174621238 -14.299999997019768 12.46235764058091
    endloop
  endfacet
  facet normal 0 -1 0
    outer loop
      vertex -22.899999998509884 -14.299999997019768 16.880000000000003
      vertex -5.992804174621238 -14.299999997019768 12.46235764058091
      vertex -5.974047685279617 -14.299999997019768 12.556652887428065
    endloop
  endfacet
  facet normal 0 -1 0
    outer loop
      vertex -22.899999998509884 -14.299999997019768 16.880000000000003
      vertex -5.974047685279617 -14.299999997019768 12.556652887428065
      vertex -5.941510916399733 -14.299999997019768 12.720226275500114
    endloop
  endfacet
  facet normal 0 -1 0
    outer loop
      vertex -22.899999998509884 -14.299999997019768 16.880000000000003
      vertex -5.941510916399733 -14.299999997019768 12.720226275500114
      vertex -5.910606890779718 -14.299999997019768 12.811266599738664
    endloop
  endfacet
  facet normal 0 -1 0
    outer loop
      vertex -22.899999998509884 -14.299999997019768 16.880000000000003
      vertex -5.910606890779718 -14.299999997019768 12.811266599738664
      vertex -5.856997862305877 -14.299999997019768 12.969193695955523
    endloop
  endfacet
  facet normal 0 -1 0
    outer loop
      vertex -22.899999998509884 -14.299999997019768 16.880000000000003
      vertex -5.856997862305877 -14.299999997019768 12.969193695955523
      vertex -5.783233848822844 -14.299999997019768 13.11877232089929
    endloop
  endfacet
  facet normal 0 -1 0
    outer loop
      vertex -22.899999998509884 -14.299999997019768 16.880000000000003
      vertex -5.783233848822844 -14.299999997019768 13.11877232089929
      vertex -5.7407110628963265 -14.299999997019768 13.204999998509882
    endloop
  endfacet
  facet normal 0 -1 0
    outer loop
      vertex -22.899999998509884 -14.299999997019768 16.880000000000003
      vertex -5.7407110628963265 -14.299999997019768 13.204999998509882
      vertex -5.648054181886748 -14.299999997019768 13.343670822298236
    endloop
  endfacet
  facet normal 0 -1 0
    outer loop
      vertex -22.899999998509884 -14.299999997019768 16.880000000000003
      vertex -5.648054181886748 -14.299999997019768 13.343670822298236
      vertex -5.59464021509395 -14.299999997019768 13.423610472705247
    endloop
  endfacet
  facet normal 0 -1 0
    outer loop
      vertex -22.899999998509884 -14.299999997019768 16.880000000000003
      vertex -5.59464021509395 -14.299999997019768 13.423610472705247
      vertex -5.484675851695945 -14.299999997019768 13.549000796242428
    endloop
  endfacet
  facet normal 0 -1 0
    outer loop
      vertex -22.899999998509884 -14.299999997019768 16.880000000000003
      vertex -5.484675851695945 -14.299999997019768 13.549000796242428
      vertex -5.421284630468805 -14.299999997019768 13.62128462748857
    endloop
  endfacet
  facet normal 0 -1 0
    outer loop
      vertex -22.899999998509884 -14.299999997019768 16.880000000000003
      vertex -5.421284630468805 -14.299999997019768 13.62128462748857
      vertex -5.349000799222662 -14.299999997019768 13.684675848715711
    endloop
  endfacet
  facet normal 0 -1 0
    outer loop
      vertex -22.899999998509884 -14.299999997019768 16.880000000000003
      vertex -5.349000799222662 -14.299999997019768 13.684675848715711
      vertex -5.223610475685481 -14.299999997019768 13.794640212113716
    endloop
  endfacet
  facet normal 0 -1 0
    outer loop
      vertex -22.899999998509884 -14.299999997019768 16.880000000000003
      vertex -5.223610475685481 -14.299999997019768 13.794640212113716
      vertex -5.143670825278471 -14.299999997019768 13.848054178906514
    endloop
  endfacet
  facet normal 0 -1 0
    outer loop
      vertex -22.899999998509884 -14.299999997019768 16.880000000000003
      vertex -5.143670825278471 -14.299999997019768 13.848054178906514
      vertex -5.0050000014901155 -14.299999997019768 13.940711059916092
    endloop
  endfacet
  facet normal 0 -1 0
    outer loop
      vertex -22.899999998509884 -14.299999997019768 16.880000000000003
      vertex -5.0050000014901155 -14.299999997019768 13.940711059916092
      vertex -4.918772323879524 -14.299999997019768 13.98323384584261
    endloop
  endfacet
  facet normal 0 -1 0
    outer loop
      vertex -22.899999998509884 -14.299999997019768 16.880000000000003
      vertex -4.918772323879524 -14.299999997019768 13.98323384584261
      vertex -4.769193698935757 -14.299999997019768 14.056997859325643
    endloop
  endfacet
  facet normal 0 -1 0
    outer loop
      vertex -22.899999998509884 -14.299999997019768 16.880000000000003
      vertex -4.769193698935757 -14.299999997019768 14.056997859325643
      vertex -4.611266602718897 -14.299999997019768 14.110606887799484
    endloop
  endfacet
  facet normal 0 -1 0
    outer loop
      vertex -22.899999998509884 -14.299999997019768 16.880000000000003
      vertex -4.611266602718897 -14.299999997019768 14.110606887799484
      vertex -4.520226278480348 -14.299999997019768 14.1415109134195
    endloop
  endfacet
  facet normal 0 -1 0
    outer loop
      vertex -22.899999998509884 -14.299999997019768 16.880000000000003
      vertex -4.520226278480348 -14.299999997019768 14.1415109134195
      vertex -4.356652890408299 -14.299999997019768 14.174047682299383
    endloop
  endfacet
  facet normal 0 -1 0
    outer loop
      vertex -22.899999998509884 -14.299999997019768 16.880000000000003
      vertex -4.356652890408299 -14.299999997019768 14.174047682299383
      vertex -4.262357643561143 -14.299999997019768 14.192804171641004
    endloop
  endfacet
  facet normal 0 -1 0
    outer loop
      vertex -22.899999998509884 -14.299999997019768 16.880000000000003
      vertex -4.262357643561143 -14.299999997019768 14.192804171641004
      vertex -4.166420894492612 -14.299999997019768 14.199092198844586
    endloop
  endfacet
  facet normal 0 -1 0
    outer loop
      vertex -22.899999998509884 -14.299999997019768 16.880000000000003
      vertex -4.166420894492612 -14.299999997019768 14.199092198844586
      vertex -4 -14.299999997019768 14.209999999999997
    endloop
  endfacet
  facet normal 0 -1 0
    outer loop
      vertex -22.899999998509884 -14.299999997019768 16.880000000000003
      vertex -4 -14.299999997019768 14.209999999999997
      vertex 4 -14.299999997019768 14.209999999999997
    endloop
  endfacet
  facet normal 0 -1 0
    outer loop
      vertex -22.899999998509884 -14.299999997019768 16.880000000000003
      vertex 22.899999998509884 -14.299999997019768 16.890000000000004
      vertex -22.899999998509884 -14.299999997019768 16.890000000000004
    endloop
  endfacet
  facet normal 0 -0.7071067811865475 0.7071067811865475
    outer loop
      vertex -22.899999998509884 -14.299999997019768 16.890000000000004
      vertex 22.899999998509884 -14.299999997019768 16.890000000000004
      vertex -22.899999998509884 -13.299999997019768 17.890000000000004
    endloop
  endfacet
  facet normal 0 0 1
    outer loop
      vertex -23.899999998509884 -13.032050803303719 17.890000000000004
      vertex -22.899999998509884 -13.299999997019768 17.890000000000004
      vertex 23.161052383482456 -13.28288971632719 17.890000000000004
    endloop
  endfacet
  facet normal 0 -1 0
    outer loop
      vertex -22.899999998509884 -14.299999997019768 16.880000000000003
      vertex 4 -14.299999997019768 14.209999999999997
      vertex 4.166420894492612 -14.299999997019768 14.199092198844586
    endloop
  endfacet
  facet normal 0 -1 0
    outer loop
      vertex -22.899999998509884 -14.299999997019768 16.880000000000003
      vertex 4.166420894492612 -14.299999997019768 14.199092198844586
      vertex 4.262357643561143 -14.299999997019768 14.192804171641004
    endloop
  endfacet
  facet normal 0 0 1
    outer loop
      vertex -23.899999998509884 -13.032050803303719 17.890000000000004
      vertex 23.161052383482456 -13.28288971632719 17.890000000000004
      vertex -7.3915785774588585 -9.474334582686424 17.890000000000004
    endloop
  endfacet
  facet normal 0 0 1
    outer loop
      vertex -12.017857142857142 -6.765819279743092 17.890000000000004
      vertex -9.771638594567776 -7.6480503007769585 17.890000000000004
      vertex -9.89777747541666 -7.276457138359547 17.890000000000004
    endloop
  endfacet
  facet normal 0 0 1
    outer loop
      vertex -12.017857142857142 -6.765819279743092 17.890000000000004
      vertex -9.89777747541666 -7.276457138359547 17.890000000000004
      vertex -9.974334582686424 -6.8915785774588585 17.890000000000004
    endloop
  endfacet
  facet normal 0 0 1
    outer loop
      vertex -12.017857142857142 -6.765819279743092 17.890000000000004
      vertex -9.974334582686424 -6.8915785774588585 17.890000000000004
      vertex -11.979013775076185 -6.739864972020898 17.890000000000004
    endloop
  endfacet
  facet normal 0 0 1
    outer loop
      vertex -11.979013775076185 -6.739864972020898 17.890000000000004
      vertex -9.974334582686424 -6.8915785774588585 17.890000000000004
      vertex -11.874136682067599 -6.669788338776145 17.890000000000004
    endloop
  endfacet
  facet normal 0 0 1
    outer loop
      vertex -11.874136682067599 -6.669788338776145 17.890000000000004
      vertex -9.974334582686424 -6.8915785774588585 17.890000000000004
      vertex -11.839013341282095 -6.638985996799809 17.890000000000004
    endloop
  endfacet
  facet normal 0 0 1
    outer loop
      vertex -11.839013341282095 -6.638985996799809 17.890000000000004
      vertex -9.974334582686424 -6.8915785774588585 17.890000000000004
      vertex -11.744180325950895 -6.555819671068872 17.890000000000004
    endloop
  endfacet
  facet normal 0 0 1
    outer loop
      vertex -11.744180325950895 -6.555819671068872 17.890000000000004
      vertex -9.974334582686424 -6.8915785774588585 17.890000000000004
      vertex -11.661014000219959 -6.460986655737672 17.890000000000004
    endloop
  endfacet
  facet normal 0 0 1
    outer loop
      vertex -11.661014000219959 -6.460986655737672 17.890000000000004
      vertex -9.974334582686424 -6.8915785774588585 17.890000000000004
      vertex -10 -6.5 17.890000000000004
    endloop
  endfacet
  facet normal 0 0 1
    outer loop
      vertex -11.661014000219959 -6.460986655737672 17.890000000000004
      vertex -10 -6.5 17.890000000000004
      vertex -11.630211658243622 -6.425863314952169 17.890000000000004
    endloop
  endfacet
  facet normal 0 0 1
    outer loop
      vertex -11.630211658243622 -6.425863314952169 17.890000000000004
      vertex -10 -6.5 17.890000000000004
      vertex -11.56013502499887 -6.320986221943582 17.890000000000004
    endloop
  endfacet
  facet normal 0 0 1
    outer loop
      vertex -11.56013502499887 -6.320986221943582 17.890000000000004
      vertex -10 -6.5 17.890000000000004
      vertex -11.534180717276676 -6.2821428541626245 17.890000000000004
    endloop
  endfacet
  facet normal 0 0 1
    outer loop
      vertex -11.534180717276676 -6.2821428541626245 17.890000000000004
      vertex -10 -6.5 17.890000000000004
      vertex -11.513518527682338 -6.240244080445596 17.890000000000004
    endloop
  endfacet
  facet normal 0 0 1
    outer loop
      vertex -11.513518527682338 -6.240244080445596 17.890000000000004
      vertex -10 -6.5 17.890000000000004
      vertex -11.45773061577763 -6.1271173890147885 17.890000000000004
    endloop
  endfacet
  facet normal 0 0 1
    outer loop
      vertex -11.45773061577763 -6.1271173890147885 17.890000000000004
      vertex -10 -6.5 17.890000000000004
      vertex -11.417185975504774 -6.007676729666335 17.890000000000004
    endloop
  endfacet
  facet normal 0 0 1
    outer loop
      vertex -11.417185975504774 -6.007676729666335 17.890000000000004
      vertex -10 -6.5 17.890000000000004
      vertex -11.402169442070383 -5.963439447539193 17.890000000000004
    endloop
  endfacet
  facet normal 0 0 1
    outer loop
      vertex -11.402169442070383 -5.963439447539193 17.890000000000004
      vertex -10 -6.5 17.890000000000004
      vertex -11.393055500728744 -5.917620572128466 17.890000000000004
    endloop
  endfacet
  facet normal 0 0 1
    outer loop
      vertex -11.393055500728744 -5.917620572128466 17.890000000000004
      vertex -10 -6.5 17.890000000000004
      vertex -11.36844786150115 -5.793909606124673 17.890000000000004
    endloop
  endfacet
  facet normal 0 0 1
    outer loop
      vertex -11.36844786150115 -5.793909606124673 17.890000000000004
      vertex -10 -6.5 17.890000000000004
      vertex -11.360198263078928 -5.66804506576487 17.890000000000004
    endloop
  endfacet
  facet normal 0 0 1
    outer loop
      vertex -11.360198263078928 -5.66804506576487 17.890000000000004
      vertex -10 -6.5 17.890000000000004
      vertex -11.357142857142858 -5.621428568448339 17.890000000000004
    endloop
  endfacet
  facet normal 0 0 1
    outer loop
      vertex -11.357142857142858 -5.621428568448339 17.890000000000004
      vertex -10 -6.5 17.890000000000004
      vertex -11.357142857142858 5.621428568448339 17.890000000000004
    endloop
  endfacet
  facet normal -1 0 0
    outer loop
      vertex -25.899999998509884 -11.299999997019768 0
      vertex -25.899999998509884 11.299999997019768 16.890000000000004
      vertex -25.899999998509884 11.299999997019768 0
    endloop
  endfacet
  facet normal 0 0 -1
    outer loop
      vertex -25.899999998509884 11.299999997019768 0
      vertex -25.874334581196308 11.691578574478626 0
      vertex -25.67163859307766 12.448050297796726 0
    endloop
  endfacet
  facet normal 0 0 -1
    outer loop
      vertex -25.899999998509884 11.299999997019768 0
      vertex -23.9 12.899999999999999 0
      vertex -23.9 10.7 0
    endloop
  endfacet
  facet normal 0 0 -1
    outer loop
      vertex -25.874334581196308 11.691578574478626 0
      vertex -25.797777473926544 12.076457135379314 0
      vertex -25.67163859307766 12.448050297796726 0
    endloop
  endfacet
  facet normal 0 0 -1
    outer loop
      vertex -25.899999998509884 11.299999997019768 0
      vertex -25.67163859307766 12.448050297796726 0
      vertex -25.021320343017578 13.421320341527462 0
    endloop
  endfacet
  facet normal 0 0 -1
    outer loop
      vertex -25.67163859307766 12.448050297796726 0
      vertex -25.49807620793581 12.799999997019768 0
      vertex -25.28006002306938 13.126284286379814 0
    endloop
  endfacet
  facet normal 0 0 -1
    outer loop
      vertex -25.899999998509884 11.299999997019768 0
      vertex -22.899999998509884 14.299999997019768 0
      vertex -23.9 12.899999999999999 0
    endloop
  endfacet
  facet normal 0 0 -1
    outer loop
      vertex -25.67163859307766 12.448050297796726 0
      vertex -25.28006002306938 13.126284286379814 0
      vertex -25.021320343017578 13.421320341527462 0
    endloop
  endfacet
  facet normal 0 0 -1
    outer loop
      vertex -25.899999998509884 11.299999997019768 0
      vertex -25.021320343017578 13.421320341527462 0
      vertex -22.899999998509884 14.299999997019768 0
    endloop
  endfacet
  facet normal 0 0 -1
    outer loop
      vertex -25.021320343017578 13.421320341527462 0
      vertex -24.72628428786993 13.680060021579266 0
      vertex -24.048050299286842 14.071638591587543 0
    endloop
  endfacet
  facet normal 0 0 -1
    outer loop
      vertex -24.72628428786993 13.680060021579266 0
      vertex -24.399999998509884 13.898076206445694 0
      vertex -24.048050299286842 14.071638591587543 0
    endloop
  endfacet
  facet normal 0 0 -1
    outer loop
      vertex -25.021320343017578 13.421320341527462 0
      vertex -24.048050299286842 14.071638591587543 0
      vertex -22.899999998509884 14.299999997019768 0
    endloop
  endfacet
  facet normal 0 0 -1
    outer loop
      vertex -24.048050299286842 14.071638591587543 0
      vertex -23.67645713686943 14.197777472436428 0
      vertex -23.291578575968742 14.274334579706192 0
    endloop
  endfacet
  facet normal 0 0 -1
    outer loop
      vertex -24.048050299286842 14.071638591587543 0
      vertex -23.291578575968742 14.274334579706192 0
      vertex -22.899999998509884 14.299999997019768 0
    endloop
  endfacet
  facet normal 0 0 -1
    outer loop
      vertex -22.899999998509884 14.299999997019768 0
      vertex -15.696876517799831 12.899999999999999 0
      vertex -23.9 12.899999999999999 0
    endloop
  endfacet
  facet normal 0 1 0
    outer loop
      vertex -22.899999998509884 14.299999997019768 0
      vertex -18.414213562628944 14.299999997019768 6.185786440351286
      vertex -18.340454551144315 14.299999997019768 6.1211015207238875
    endloop
  endfacet
  facet normal 0 1 0
    outer loop
      vertex -22.899999998509884 14.299999997019768 0
      vertex -18.135951789533802 14.299999997019768 5.958789273547096
      vertex -18.000000001490115 14.299999997019768 5.867949194115324
    endloop
  endfacet
  facet normal 0 1 0
    outer loop
      vertex -22.899999998509884 14.299999997019768 0
      vertex -17.765366864599834 14.299999997019768 5.752240935939909
      vertex -17.610536378094622 14.299999997019768 5.699683064880981
    endloop
  endfacet
  facet normal 0 1 0
    outer loop
      vertex -22.899999998509884 14.299999997019768 0
      vertex -17.912012575346157 14.299999997019768 5.824558596225844
      vertex -17.765366864599834 14.299999997019768 5.752240935939909
    endloop
  endfacet
  facet normal 0 1 0
    outer loop
      vertex -22.899999998509884 14.299999997019768 0
      vertex -18.000000001490115 14.299999997019768 5.867949194115324
      vertex -17.912012575346157 14.299999997019768 5.824558596225844
    endloop
  endfacet
  facet normal 0 1 0
    outer loop
      vertex -22.899999998509884 14.299999997019768 0
      vertex -18.217522861387614 14.299999997019768 6.01329332130148
      vertex -18.135951789533802 14.299999997019768 5.958789273547096
    endloop
  endfacet
  facet normal 0 1 0
    outer loop
      vertex -22.899999998509884 14.299999997019768 0
      vertex -18.340454551144315 14.299999997019768 6.1211015207238875
      vertex -18.217522861387614 14.299999997019768 6.01329332130148
    endloop
  endfacet
  facet normal 0 1 0
    outer loop
      vertex -22.899999998509884 14.299999997019768 0
      vertex -18.93185165812351 14.299999997019768 7.0823619149362464
      vertex -18.90031693809925 14.299999997019768 6.98946362488561
    endloop
  endfacet
  facet normal 0 1 0
    outer loop
      vertex -22.899999998509884 14.299999997019768 0
      vertex -18.478898482256344 14.299999997019768 6.2595454518359155
      vertex -18.414213562628944 14.299999997019768 6.185786440351286
    endloop
  endfacet
  facet normal 0 1 0
    outer loop
      vertex -22.899999998509884 14.299999997019768 0
      vertex -18.586706681678752 14.299999997019768 6.3824771415926165
      vertex -18.478898482256344 14.299999997019768 6.2595454518359155
    endloop
  endfacet
  facet normal 0 1 0
    outer loop
      vertex -22.899999998509884 14.299999997019768 0
      vertex -18.641210729433134 14.299999997019768 6.464048213446427
      vertex -18.586706681678752 14.299999997019768 6.3824771415926165
    endloop
  endfacet
  facet normal 0 1 0
    outer loop
      vertex -22.899999998509884 14.299999997019768 0
      vertex -18.732050808864905 14.299999997019768 6.600000001490115
      vertex -18.641210729433134 14.299999997019768 6.464048213446427
    endloop
  endfacet
  facet normal 0 1 0
    outer loop
      vertex -22.899999998509884 14.299999997019768 0
      vertex -18.775441406754386 14.299999997019768 6.687987427634075
      vertex -18.732050808864905 14.299999997019768 6.600000001490115
    endloop
  endfacet
  facet normal 0 1 0
    outer loop
      vertex -22.899999998509884 14.299999997019768 0
      vertex -18.84775906704032 14.299999997019768 6.834633138380397
      vertex -18.775441406754386 14.299999997019768 6.687987427634075
    endloop
  endfacet
  facet normal 0 1 0
    outer loop
      vertex -22.899999998509884 14.299999997019768 0
      vertex -18.90031693809925 14.299999997019768 6.98946362488561
      vertex -18.84775906704032 14.299999997019768 6.834633138380397
    endloop
  endfacet
  facet normal 0 1 0
    outer loop
      vertex -22.899999998509884 14.299999997019768 0
      vertex -17.610536378094622 14.299999997019768 5.699683064880981
      vertex -17.517638088043984 14.299999997019768 5.668148344856721
    endloop
  endfacet
  facet normal 0 1 0
    outer loop
      vertex -22.899999998509884 14.299999997019768 0
      vertex -17.517638088043984 14.299999997019768 5.668148344856721
      vertex -17.35727202128794 14.299999997019768 5.6362495518335
    endloop
  endfacet
  facet normal 0 1 0
    outer loop
      vertex -22.899999998509884 14.299999997019768 0
      vertex -17.26105238163628 14.299999997019768 5.617110276992783
      vertex -17.163157739717708 14.299999997019768 5.610693922702634
    endloop
  endfacet
  facet normal 0 1 0
    outer loop
      vertex -22.899999998509884 14.299999997019768 0
      vertex -17.163157739717708 14.299999997019768 5.610693922702634
      vertex -17 14.299999997019768 5.6
    endloop
  endfacet
  facet normal 0 1 0
    outer loop
      vertex -22.899999998509884 14.299999997019768 0
      vertex -17.35727202128794 14.299999997019768 5.6362495518335
      vertex -17.26105238163628 14.299999997019768 5.617110276992783
    endloop
  endfacet
  facet normal 0 1 0
    outer loop
      vertex -22.899999998509884 14.299999997019768 0
      vertex -17 14.299999997019768 5.6
      vertex -14 14.299999997019768 5.6
    endloop
  endfacet
  facet normal 0 1 0
    outer loop
      vertex -22.899999998509884 14.299999997019768 0
      vertex -14 14.299999997019768 5.6
      vertex -13.836842260282292 14.299999997019768 5.610693922702634
    endloop
  endfacet
  facet normal 0 1 0
    outer loop
      vertex -22.899999998509884 14.299999997019768 0
      vertex -13.836842260282292 14.299999997019768 5.610693922702634
      vertex -13.738947618363719 14.299999997019768 5.617110276992783
    endloop
  endfacet
  facet normal 0 1 0
    outer loop
      vertex -22.899999998509884 14.299999997019768 0
      vertex -13.738947618363719 14.299999997019768 5.617110276992783
      vertex -13.642727978712061 14.299999997019768 5.6362495518335
    endloop
  endfacet
  facet normal 0 1 0
    outer loop
      vertex -22.899999998509884 14.299999997019768 0
      vertex -13.642727978712061 14.299999997019768 5.6362495518335
      vertex -13.482361911956016 14.299999997019768 5.668148344856721
    endloop
  endfacet
  facet normal -0.997858923008654 0.06540313273849395 0
    outer loop
      vertex -25.899999998509884 11.299999997019768 0
      vertex -25.874334581196308 11.691578574478626 16.880000000000003
      vertex -25.874334581196308 11.691578574478626 0
    endloop
  endfacet
  facet normal -0.9807852796390061 0.1950903258581441 0
    outer loop
      vertex -25.874334581196308 11.691578574478626 0
      vertex -25.797777473926544 12.076457135379314 16.880000000000003
      vertex -25.797777473926544 12.076457135379314 0
    endloop
  endfacet
  facet normal -0.9469301300366788 0.3214394637077385 0
    outer loop
      vertex -25.797777473926544 12.076457135379314 0
      vertex -25.797777473926544 12.076457135379314 16.880000000000003
      vertex -25.67163859307766 12.448050297796726 0
    endloop
  endfacet
  facet normal -0.8968727407473451 0.4422886918115197 0
    outer loop
      vertex -25.67163859307766 12.448050297796726 0
      vertex -25.49807620793581 12.799999997019768 16.880000000000003
      vertex -25.49807620793581 12.799999997019768 0
    endloop
  endfacet
  facet normal -0.8314696207458843 0.5555702203832522 0
    outer loop
      vertex -25.49807620793581 12.799999997019768 0
      vertex -25.49807620793581 12.799999997019768 16.880000000000003
      vertex -25.28006002306938 13.126284286379814 0
    endloop
  endfacet
  facet normal -0.7518398024852507 0.6593458207943227 0
    outer loop
      vertex -25.28006002306938 13.126284286379814 0
      vertex -25.28006002306938 13.126284286379814 16.890000000000004
      vertex -25.021320343017578 13.421320341527462 0
    endloop
  endfacet
  facet normal -0.6593458207943227 0.7518398024852507 0
    outer loop
      vertex -25.021320343017578 13.421320341527462 0
      vertex -24.72628428786993 13.680060021579266 16.890000000000004
      vertex -24.72628428786993 13.680060021579266 0
    endloop
  endfacet
  facet normal -0.5555702203832522 0.8314696207458843 0
    outer loop
      vertex -24.72628428786993 13.680060021579266 0
      vertex -24.399999998509884 13.898076206445694 16.890000000000004
      vertex -24.399999998509884 13.898076206445694 0
    endloop
  endfacet
  facet normal -0.4422886918115197 0.8968727407473451 0
    outer loop
      vertex -24.399999998509884 13.898076206445694 0
      vertex -24.399999998509884 13.898076206445694 16.890000000000004
      vertex -24.048050299286842 14.071638591587543 0
    endloop
  endfacet
  facet normal -0.32143946370773846 0.9469301300366787 0
    outer loop
      vertex -24.048050299286842 14.071638591587543 0
      vertex -23.67645713686943 14.197777472436428 16.890000000000004
      vertex -23.67645713686943 14.197777472436428 0
    endloop
  endfacet
  facet normal -0.1950903258581441 0.9807852796390061 0
    outer loop
      vertex -23.67645713686943 14.197777472436428 0
      vertex -23.291578575968742 14.274334579706192 16.880000000000003
      vertex -23.291578575968742 14.274334579706192 0
    endloop
  endfacet
  facet normal -0.06540313273849395 0.997858923008654 0
    outer loop
      vertex -23.291578575968742 14.274334579706192 0
      vertex -23.291578575968742 14.274334579706192 16.880000000000003
      vertex -22.899999998509884 14.299999997019768 0
    endloop
  endfacet
  facet normal 0 1 0
    outer loop
      vertex -22.899999998509884 14.299999997019768 0
      vertex -18.96375045114673 14.299999997019768 7.242727981692292
      vertex -18.93185165812351 14.299999997019768 7.0823619149362464
    endloop
  endfacet
  facet normal 0 1 0
    outer loop
      vertex -22.899999998509884 14.299999997019768 0
      vertex -18.982889725987448 14.299999997019768 7.338947621343951
      vertex -18.96375045114673 14.299999997019768 7.242727981692292
    endloop
  endfacet
  facet normal 0 1 0
    outer loop
      vertex -22.899999998509884 14.299999997019768 0
      vertex -18.989306080277597 14.299999997019768 7.436842263262522
      vertex -18.982889725987448 14.299999997019768 7.338947621343951
    endloop
  endfacet
  facet normal 0 1 0
    outer loop
      vertex -22.899999998509884 14.299999997019768 0
      vertex -19.00000000298023 14.299999997019768 7.600000002980231
      vertex -18.989306080277597 14.299999997019768 7.436842263262522
    endloop
  endfacet
  facet normal 0 1 0
    outer loop
      vertex -22.899999998509884 14.299999997019768 0
      vertex -19.00000000298023 14.299999997019768 12.199999997019766
      vertex -19.00000000298023 14.299999997019768 7.600000002980231
    endloop
  endfacet
  facet normal 0 0 -1
    outer loop
      vertex 15.696876517799831 -10.7 0
      vertex -23.9 10.7 0
      vertex -15.696876517799831 10.7 0
    endloop
  endfacet
  facet normal 0 0 -1
    outer loop
      vertex -25.899999998509884 11.299999997019768 0
      vertex -23.9 10.7 0
      vertex 15.696876517799831 -10.7 0
    endloop
  endfacet
  facet normal 0 0 -1
    outer loop
      vertex -15.696876517799831 10.7 0
      vertex -15.696876517799831 12.899999999999999 0
      vertex 15.696876517799831 10.7 0
    endloop
  endfacet
  facet normal 0 0 -1
    outer loop
      vertex -22.899999998509884 14.299999997019768 0
      vertex 24.72628428786993 13.680060021579266 0
      vertex -15.696876517799831 12.899999999999999 0
    endloop
  endfacet
  facet normal 0 1 0
    outer loop
      vertex -22.899999998509884 14.299999997019768 0
      vertex -13.482361911956016 14.299999997019768 5.668148344856721
      vertex 22.899999998509884 14.299999997019768 16.890000000000004
    endloop
  endfacet
  facet normal -0.7071067811865476 0 0.7071067811865476
    outer loop
      vertex -25.899999998509884 -11.299999997019768 16.890000000000004
      vertex -24.899999998509884 11.299999997019768 17.890000000000004
      vertex -25.899999998509884 11.299999997019768 16.890000000000004
    endloop
  endfacet
  facet normal 0 0 1
    outer loop
      vertex -23.899999998509884 -13.032050803303719 17.890000000000004
      vertex -22.899999998509884 13.299999997019768 17.890000000000004
      vertex -24.899999998509884 11.299999997019768 17.890000000000004
    endloop
  endfacet
  facet normal 0 0 1
    outer loop
      vertex -15.642857142857142 -5.621428568448339 17.890000000000004
      vertex -15.642857142857142 5.621428568448339 17.890000000000004
      vertex -22.899999998509884 13.299999997019768 17.890000000000004
    endloop
  endfacet
  facet normal -0.9978589230086541 0.06540313273849395 0
    outer loop
      vertex -25.899999998509884 11.299999997019768 0
      vertex -25.899999998509884 11.299999997019768 16.890000000000004
      vertex -25.874334581196308 11.691578574478626 16.880000000000003
    endloop
  endfacet
  facet normal -0.9807852796390061 0.1950903258581441 0
    outer loop
      vertex -25.874334581196308 11.691578574478626 0
      vertex -25.874334581196308 11.691578574478626 16.880000000000003
      vertex -25.797777473926544 12.076457135379314 16.880000000000003
    endloop
  endfacet
  facet normal -0.9469301300366787 0.32143946370773846 0
    outer loop
      vertex -25.67163859307766 12.448050297796726 0
      vertex -25.797777473926544 12.076457135379314 16.880000000000003
      vertex -25.67163859307766 12.448050297796726 16.890000000000004
    endloop
  endfacet
  facet normal -0.8968727407473451 0.4422886918115197 0
    outer loop
      vertex -25.67163859307766 12.448050297796726 0
      vertex -25.67163859307766 12.448050297796726 16.890000000000004
      vertex -25.49807620793581 12.799999997019768 16.880000000000003
    endloop
  endfacet
  facet normal -0.8314696207458843 0.5555702203832522 0
    outer loop
      vertex -25.28006002306938 13.126284286379814 0
      vertex -25.49807620793581 12.799999997019768 16.880000000000003
      vertex -25.28006002306938 13.126284286379814 16.890000000000004
    endloop
  endfacet
  facet normal -0.7518398024852507 0.6593458207943227 0
    outer loop
      vertex -25.021320343017578 13.421320341527462 0
      vertex -25.28006002306938 13.126284286379814 16.890000000000004
      vertex -25.021320343017578 13.421320341527462 16.890000000000004
    endloop
  endfacet
  facet normal -0.6593458207943227 0.7518398024852507 0
    outer loop
      vertex -25.021320343017578 13.421320341527462 0
      vertex -25.021320343017578 13.421320341527462 16.890000000000004
      vertex -24.72628428786993 13.680060021579266 16.890000000000004
    endloop
  endfacet
  facet normal -0.5555702203832522 0.8314696207458843 0
    outer loop
      vertex -24.72628428786993 13.680060021579266 0
      vertex -24.72628428786993 13.680060021579266 16.890000000000004
      vertex -24.399999998509884 13.898076206445694 16.890000000000004
    endloop
  endfacet
  facet normal -0.4422886918115197 0.8968727407473451 0
    outer loop
      vertex -24.048050299286842 14.071638591587543 0
      vertex -24.399999998509884 13.898076206445694 16.890000000000004
      vertex -24.048050299286842 14.071638591587543 16.890000000000004
    endloop
  endfacet
  facet normal -0.32143946370773846 0.9469301300366787 0
    outer loop
      vertex -24.048050299286842 14.071638591587543 0
      vertex -24.048050299286842 14.071638591587543 16.890000000000004
      vertex -23.67645713686943 14.197777472436428 16.890000000000004
    endloop
  endfacet
  facet normal -0.1950903258581441 0.980785279639006 0
    outer loop
      vertex -23.67645713686943 14.197777472436428 0
      vertex -23.67645713686943 14.197777472436428 16.890000000000004
      vertex -23.291578575968742 14.274334579706192 16.890000000000004
    endloop
  endfacet
  facet normal -0.1950903258581739 0.980785279639 0
    outer loop
      vertex -23.67645713686943 14.197777472436428 0
      vertex -23.291578575968742 14.274334579706192 16.890000000000004
      vertex -23.291578575968742 14.274334579706192 16.880000000000003
    endloop
  endfacet
  facet normal -0.06540313273849395 0.9978589230086541 0
    outer loop
      vertex -22.899999998509884 14.299999997019768 0
      vertex -23.291578575968742 14.274334579706192 16.880000000000003
      vertex -22.899999998509884 14.299999997019768 16.890000000000004
    endloop
  endfacet
  facet normal 0 1 0
    outer loop
      vertex -22.899999998509884 14.299999997019768 0
      vertex -22.899999998509884 14.299999997019768 16.890000000000004
      vertex -19.00000000298023 14.299999997019768 12.199999997019766
    endloop
  endfacet
  facet normal 0 1 0
    outer loop
      vertex -19.00000000298023 14.299999997019768 12.199999997019766
      vertex -22.899999998509884 14.299999997019768 16.890000000000004
      vertex -18.989306080277597 14.299999997019768 12.363157736737474
    endloop
  endfacet
  facet normal 0 1 0
    outer loop
      vertex -18.989306080277597 14.299999997019768 12.363157736737474
      vertex -22.899999998509884 14.299999997019768 16.890000000000004
      vertex -18.982889725987448 14.299999997019768 12.461052378656047
    endloop
  endfacet
  facet normal 0 1 0
    outer loop
      vertex -18.982889725987448 14.299999997019768 12.461052378656047
      vertex -22.899999998509884 14.299999997019768 16.890000000000004
      vertex -18.96375045114673 14.299999997019768 12.557272018307705
    endloop
  endfacet
  facet normal 0 1 0
    outer loop
      vertex -18.96375045114673 14.299999997019768 12.557272018307705
      vertex -22.899999998509884 14.299999997019768 16.890000000000004
      vertex -18.93185165812351 14.299999997019768 12.71763808506375
    endloop
  endfacet
  facet normal 0 1 0
    outer loop
      vertex -18.93185165812351 14.299999997019768 12.71763808506375
      vertex -22.899999998509884 14.299999997019768 16.890000000000004
      vertex -18.90031693809925 14.299999997019768 12.810536375114387
    endloop
  endfacet
  facet normal 0 1 0
    outer loop
      vertex -18.90031693809925 14.299999997019768 12.810536375114387
      vertex -22.899999998509884 14.299999997019768 16.890000000000004
      vertex -18.84775906704032 14.299999997019768 12.9653668616196
    endloop
  endfacet
  facet normal 0 1 0
    outer loop
      vertex -18.84775906704032 14.299999997019768 12.9653668616196
      vertex -22.899999998509884 14.299999997019768 16.890000000000004
      vertex -18.775441406754386 14.299999997019768 13.112012572365922
    endloop
  endfacet
  facet normal 0 1 0
    outer loop
      vertex -18.775441406754386 14.299999997019768 13.112012572365922
      vertex -22.899999998509884 14.299999997019768 16.890000000000004
      vertex -18.732050808864905 14.299999997019768 13.199999998509881
    endloop
  endfacet
  facet normal 0 1 0
    outer loop
      vertex -18.732050808864905 14.299999997019768 13.199999998509881
      vertex -22.899999998509884 14.299999997019768 16.890000000000004
      vertex -18.641210729433134 14.299999997019768 13.33595178655357
    endloop
  endfacet
  facet normal 0 1 0
    outer loop
      vertex -18.641210729433134 14.299999997019768 13.33595178655357
      vertex -22.899999998509884 14.299999997019768 16.890000000000004
      vertex -18.586706681678752 14.299999997019768 13.41752285840738
    endloop
  endfacet
  facet normal 0 1 0
    outer loop
      vertex -18.586706681678752 14.299999997019768 13.41752285840738
      vertex -22.899999998509884 14.299999997019768 16.890000000000004
      vertex -18.478898482256344 14.299999997019768 13.540454548164082
    endloop
  endfacet
  facet normal 0 1 0
    outer loop
      vertex -18.478898482256344 14.299999997019768 13.540454548164082
      vertex -22.899999998509884 14.299999997019768 16.890000000000004
      vertex -18.414213562628944 14.299999997019768 13.61421355964871
    endloop
  endfacet
  facet normal 0 1 0
    outer loop
      vertex -18.414213562628944 14.299999997019768 13.61421355964871
      vertex -22.899999998509884 14.299999997019768 16.890000000000004
      vertex -18.340454551144315 14.299999997019768 13.678898479276109
    endloop
  endfacet
  facet normal 0 1 0
    outer loop
      vertex -18.340454551144315 14.299999997019768 13.678898479276109
      vertex -22.899999998509884 14.299999997019768 16.890000000000004
      vertex -18.217522861387614 14.299999997019768 13.786706678698518
    endloop
  endfacet
  facet normal 0 1 0
    outer loop
      vertex -18.217522861387614 14.299999997019768 13.786706678698518
      vertex -22.899999998509884 14.299999997019768 16.890000000000004
      vertex -18.135951789533802 14.299999997019768 13.8412107264529
    endloop
  endfacet
  facet normal 0 1 0
    outer loop
      vertex -18.135951789533802 14.299999997019768 13.8412107264529
      vertex -22.899999998509884 14.299999997019768 16.890000000000004
      vertex -18.000000001490115 14.299999997019768 13.932050805884673
    endloop
  endfacet
  facet normal 0 1 0
    outer loop
      vertex -18.000000001490115 14.299999997019768 13.932050805884673
      vertex -22.899999998509884 14.299999997019768 16.890000000000004
      vertex -17.912012575346157 14.299999997019768 13.975441403774152
    endloop
  endfacet
  facet normal 0 1 0
    outer loop
      vertex -17.912012575346157 14.299999997019768 13.975441403774152
      vertex -22.899999998509884 14.299999997019768 16.890000000000004
      vertex -17.765366864599834 14.299999997019768 14.047759064060088
    endloop
  endfacet
  facet normal 0 1 0
    outer loop
      vertex -17.765366864599834 14.299999997019768 14.047759064060088
      vertex -22.899999998509884 14.299999997019768 16.890000000000004
      vertex -17.610536378094622 14.299999997019768 14.100316935119016
    endloop
  endfacet
  facet normal -0.9978589230086542 0.06540313273849395 0
    outer loop
      vertex -25.899999998509884 11.299999997019768 16.890000000000004
      vertex -25.874334581196308 11.691578574478626 16.890000000000004
      vertex -25.874334581196308 11.691578574478626 16.880000000000003
    endloop
  endfacet
  facet normal -0.980785279639006 0.19509032585814406 0
    outer loop
      vertex -25.874334581196308 11.691578574478626 16.880000000000003
      vertex -25.874334581196308 11.691578574478626 16.890000000000004
      vertex -25.797777473926544 12.076457135379314 16.880000000000003
    endloop
  endfacet
  facet normal -0.980785279639006 0.19509032585814406 0
    outer loop
      vertex -25.874334581196308 11.691578574478626 16.890000000000004
      vertex -25.797777473926544 12.076457135379314 16.890000000000004
      vertex -25.797777473926544 12.076457135379314 16.880000000000003
    endloop
  endfacet
  facet normal -0.7063485792824168 0.04629653433489803 0.7063485792824168
    outer loop
      vertex -25.899999998509884 11.299999997019768 16.890000000000004
      vertex -24.899999998509884 11.299999997019768 17.890000000000004
      vertex -25.874334581196308 11.691578574478626 16.890000000000004
    endloop
  endfacet
  facet normal -0.7063485777498106 0.04629654095430644 0.7063485803811641
    outer loop
      vertex -25.874334581196308 11.691578574478626 16.890000000000004
      vertex -24.899999998509884 11.299999997019768 17.890000000000004
      vertex -24.882889717817307 11.56105238199234 17.890000000000004
    endloop
  endfacet
  facet normal -0.6942627603817373 0.138097452078298 0.7063485777409144
    outer loop
      vertex -25.874334581196308 11.691578574478626 16.890000000000004
      vertex -24.83185165375471 11.817638084292412 17.890000000000004
      vertex -25.797777473926544 12.076457135379314 16.890000000000004
    endloop
  endfacet
  facet normal -0.6942627609772737 0.1380974347105019 0.7063485805511268
    outer loop
      vertex -25.874334581196308 11.691578574478626 16.890000000000004
      vertex -24.882889717817307 11.56105238199234 17.890000000000004
      vertex -24.83185165375471 11.817638084292412 17.890000000000004
    endloop
  endfacet
  facet normal -0.6702979139042554 0.22753547576038918 0.7063485781723474
    outer loop
      vertex -25.797777473926544 12.076457135379314 16.890000000000004
      vertex -24.83185165375471 11.817638084292412 17.890000000000004
      vertex -24.74775906652212 12.065366864204407 17.890000000000004
    endloop
  endfacet
  facet normal -0.9469301300366787 0.32143946370773846 0
    outer loop
      vertex -25.797777473926544 12.076457135379314 16.880000000000003
      vertex -25.797777473926544 12.076457135379314 16.890000000000004
      vertex -25.67163859307766 12.448050297796726 16.890000000000004
    endloop
  endfacet
  facet normal -0.896872740747345 0.4422886918115197 0
    outer loop
      vertex -25.67163859307766 12.448050297796726 16.890000000000004
      vertex -25.49807620793581 12.799999997019768 16.890000000000004
      vertex -25.49807620793581 12.799999997019768 16.880000000000003
    endloop
  endfacet
  facet normal -0.8314696207458842 0.5555702203832521 0
    outer loop
      vertex -25.49807620793581 12.799999997019768 16.880000000000003
      vertex -25.49807620793581 12.799999997019768 16.890000000000004
      vertex -25.28006002306938 13.126284286379814 16.890000000000004
    endloop
  endfacet
  facet normal -0.6702979131844935 0.22753548007823357 0.7063485774644703
    outer loop
      vertex -25.797777473926544 12.076457135379314 16.890000000000004
      vertex -24.74775906652212 12.065366864204407 17.890000000000004
      vertex -25.67163859307766 12.448050297796726 16.890000000000004
    endloop
  endfacet
  facet normal -0.6348640805835469 0.31308031889277976 0.7063485776207117
    outer loop
      vertex -25.67163859307766 12.448050297796726 16.890000000000004
      vertex -24.74775906652212 12.065366864204407 17.890000000000004
      vertex -25.49807620793581 12.799999997019768 16.890000000000004
    endloop
  endfacet
  facet normal -0.6348640734847008 0.31308032883173775 0.7063485795958135
    outer loop
      vertex -25.49807620793581 12.799999997019768 16.890000000000004
      vertex -24.74775906652212 12.065366864204407 17.890000000000004
      vertex -24.632050804793835 12.299999997019768 17.890000000000004
    endloop
  endfacet
  facet normal -0.5885675535746149 0.39326825333263266 0.7063485795270584
    outer loop
      vertex -25.49807620793581 12.799999997019768 16.890000000000004
      vertex -24.48670668154955 12.517522856593132 17.890000000000004
      vertex -25.28006002306938 13.126284286379814 16.890000000000004
    endloop
  endfacet
  facet normal -0.5885675535746149 0.3932682533326326 0.7063485795270584
    outer loop
      vertex -25.49807620793581 12.799999997019768 16.890000000000004
      vertex -24.632050804793835 12.299999997019768 17.890000000000004
      vertex -24.48670668154955 12.517522856593132 17.890000000000004
    endloop
  endfacet
  facet normal -0.5322004507599033 0.46672728865435636 0.7063485812517136
    outer loop
      vertex -24.48670668154955 12.517522856593132 17.890000000000004
      vertex -24.314213559031487 12.71421355754137 17.890000000000004
      vertex -25.021320343017578 13.421320341527462 16.890000000000004
    endloop
  endfacet
  facet normal 0 0 1
    outer loop
      vertex -24.899999998509884 11.299999997019768 17.890000000000004
      vertex -24.74775906652212 12.065366864204407 17.890000000000004
      vertex -24.882889717817307 11.56105238199234 17.890000000000004
    endloop
  endfacet
  facet normal 0 0 1
    outer loop
      vertex -24.882889717817307 11.56105238199234 17.890000000000004
      vertex -24.74775906652212 12.065366864204407 17.890000000000004
      vertex -24.83185165375471 11.817638084292412 17.890000000000004
    endloop
  endfacet
  facet normal 0 0 1
    outer loop
      vertex -24.899999998509884 11.299999997019768 17.890000000000004
      vertex -24.314213559031487 12.71421355754137 17.890000000000004
      vertex -24.74775906652212 12.065366864204407 17.890000000000004
    endloop
  endfacet
  facet normal 0 0 1
    outer loop
      vertex -24.74775906652212 12.065366864204407 17.890000000000004
      vertex -24.48670668154955 12.517522856593132 17.890000000000004
      vertex -24.632050804793835 12.299999997019768 17.890000000000004
    endloop
  endfacet
  facet normal 0 0 1
    outer loop
      vertex -24.74775906652212 12.065366864204407 17.890000000000004
      vertex -24.314213559031487 12.71421355754137 17.890000000000004
      vertex -24.48670668154955 12.517522856593132 17.890000000000004
    endloop
  endfacet
  facet normal 0 0 1
    outer loop
      vertex -24.899999998509884 11.299999997019768 17.890000000000004
      vertex -22.899999998509884 13.299999997019768 17.890000000000004
      vertex -24.314213559031487 12.71421355754137 17.890000000000004
    endloop
  endfacet
  facet normal 0 0 1
    outer loop
      vertex -24.314213559031487 12.71421355754137 17.890000000000004
      vertex -23.899999998509884 13.032050803303719 17.890000000000004
      vertex -24.117522858083248 12.886706680059433 17.890000000000004
    endloop
  endfacet
  facet normal -0.5322004581782154 0.46672728254702106 0.7063485796978506
    outer loop
      vertex -24.48670668154955 12.517522856593132 17.890000000000004
      vertex -25.021320343017578 13.421320341527462 16.890000000000004
      vertex -25.28006002306938 13.126284286379814 16.890000000000004
    endloop
  endfacet
  facet normal -0.46672728254702106 0.5322004581782154 0.7063485796978506
    outer loop
      vertex -24.117522858083248 12.886706680059433 17.890000000000004
      vertex -24.72628428786993 13.680060021579266 16.890000000000004
      vertex -25.021320343017578 13.421320341527462 16.890000000000004
    endloop
  endfacet
  facet normal -0.46672728865435636 0.5322004507599033 0.7063485812517136
    outer loop
      vertex -24.314213559031487 12.71421355754137 17.890000000000004
      vertex -24.117522858083248 12.886706680059433 17.890000000000004
      vertex -25.021320343017578 13.421320341527462 16.890000000000004
    endloop
  endfacet
  facet normal -0.39326825333263266 0.5885675535746149 0.7063485795270584
    outer loop
      vertex -24.72628428786993 13.680060021579266 16.890000000000004
      vertex -23.899999998509884 13.032050803303719 17.890000000000004
      vertex -24.399999998509884 13.898076206445694 16.890000000000004
    endloop
  endfacet
  facet normal -0.3932682533326326 0.5885675535746149 0.7063485795270584
    outer loop
      vertex -24.117522858083248 12.886706680059433 17.890000000000004
      vertex -23.899999998509884 13.032050803303719 17.890000000000004
      vertex -24.72628428786993 13.680060021579266 16.890000000000004
    endloop
  endfacet
  facet normal -0.31308032883173775 0.6348640734847008 0.7063485795958135
    outer loop
      vertex -24.399999998509884 13.898076206445694 16.890000000000004
      vertex -23.899999998509884 13.032050803303719 17.890000000000004
      vertex -23.665366865694523 13.147759065032005 17.890000000000004
    endloop
  endfacet
  facet normal -0.31308031889277976 0.6348640805835469 0.7063485776207117
    outer loop
      vertex -24.399999998509884 13.898076206445694 16.890000000000004
      vertex -23.665366865694523 13.147759065032005 17.890000000000004
      vertex -24.048050299286842 14.071638591587543 16.890000000000004
    endloop
  endfacet
  facet normal -0.22753548007823357 0.6702979131844935 0.7063485774644703
    outer loop
      vertex -24.048050299286842 14.071638591587543 16.890000000000004
      vertex -23.665366865694523 13.147759065032005 17.890000000000004
      vertex -23.67645713686943 14.197777472436428 16.890000000000004
    endloop
  endfacet
  facet normal -0.22753547576038918 0.6702979139042554 0.7063485781723474
    outer loop
      vertex -23.67645713686943 14.197777472436428 16.890000000000004
      vertex -23.665366865694523 13.147759065032005 17.890000000000004
      vertex -23.417638085782528 13.231851652264595 17.890000000000004
    endloop
  endfacet
  facet normal -0.1380974347105019 0.6942627609772737 0.7063485805511268
    outer loop
      vertex -23.291578575968742 14.274334579706192 16.890000000000004
      vertex -23.417638085782528 13.231851652264595 17.890000000000004
      vertex -23.161052383482456 13.28288971632719 17.890000000000004
    endloop
  endfacet
  facet normal -0.04629654095430644 0.7063485777498106 0.7063485803811641
    outer loop
      vertex -23.291578575968742 14.274334579706192 16.890000000000004
      vertex -23.161052383482456 13.28288971632719 17.890000000000004
      vertex -22.899999998509884 13.299999997019768 17.890000000000004
    endloop
  endfacet
  facet normal -0.06540313273849395 0.9978589230086542 0
    outer loop
      vertex -23.291578575968742 14.274334579706192 16.880000000000003
      vertex -23.291578575968742 14.274334579706192 16.890000000000004
      vertex -22.899999998509884 14.299999997019768 16.890000000000004
    endloop
  endfacet
  facet normal -0.138097452078298 0.6942627603817373 0.7063485777409144
    outer loop
      vertex -23.67645713686943 14.197777472436428 16.890000000000004
      vertex -23.417638085782528 13.231851652264595 17.890000000000004
      vertex -23.291578575968742 14.274334579706192 16.890000000000004
    endloop
  endfacet
  facet normal -0.04629653433489803 0.7063485792824168 0.7063485792824168
    outer loop
      vertex -23.291578575968742 14.274334579706192 16.890000000000004
      vertex -22.899999998509884 13.299999997019768 17.890000000000004
      vertex -22.899999998509884 14.299999997019768 16.890000000000004
    endloop
  endfacet
  facet normal 0 0 1
    outer loop
      vertex -24.314213559031487 12.71421355754137 17.890000000000004
      vertex -23.417638085782528 13.231851652264595 17.890000000000004
      vertex -23.899999998509884 13.032050803303719 17.890000000000004
    endloop
  endfacet
  facet normal 0 0 1
    outer loop
      vertex -23.899999998509884 13.032050803303719 17.890000000000004
      vertex -23.417638085782528 13.231851652264595 17.890000000000004
      vertex -23.665366865694523 13.147759065032005 17.890000000000004
    endloop
  endfacet
  facet normal 0 0 1
    outer loop
      vertex -24.314213559031487 12.71421355754137 17.890000000000004
      vertex -22.899999998509884 13.299999997019768 17.890000000000004
      vertex -23.417638085782528 13.231851652264595 17.890000000000004
    endloop
  endfacet
  facet normal 0 0 1
    outer loop
      vertex -23.417638085782528 13.231851652264595 17.890000000000004
      vertex -22.899999998509884 13.299999997019768 17.890000000000004
      vertex -23.161052383482456 13.28288971632719 17.890000000000004
    endloop
  endfacet
  facet normal 0 0 1
    outer loop
      vertex -15.642857142857142 5.621428568448339 17.890000000000004
      vertex -15.639801736921072 5.66804506576487 17.890000000000004
      vertex -22.899999998509884 13.299999997019768 17.890000000000004
    endloop
  endfacet
  facet normal 0 0 1
    outer loop
      vertex -15.639801736921072 5.66804506576487 17.890000000000004
      vertex -15.63155213849885 5.793909606124673 17.890000000000004
      vertex -22.899999998509884 13.299999997019768 17.890000000000004
    endloop
  endfacet
  facet normal 0 0 1
    outer loop
      vertex -15.63155213849885 5.793909606124673 17.890000000000004
      vertex -15.606944499271256 5.917620572128466 17.890000000000004
      vertex -22.899999998509884 13.299999997019768 17.890000000000004
    endloop
  endfacet
  facet normal 0 0 1
    outer loop
      vertex -15.606944499271256 5.917620572128466 17.890000000000004
      vertex -15.597830557929617 5.963439447539193 17.890000000000004
      vertex -22.899999998509884 13.299999997019768 17.890000000000004
    endloop
  endfacet
  facet normal 0 0 1
    outer loop
      vertex -15.597830557929617 5.963439447539193 17.890000000000004
      vertex -15.582814024495226 6.007676729666335 17.890000000000004
      vertex -22.899999998509884 13.299999997019768 17.890000000000004
    endloop
  endfacet
  facet normal 0 0 1
    outer loop
      vertex -15.582814024495226 6.007676729666335 17.890000000000004
      vertex -15.54226938422237 6.1271173890147885 17.890000000000004
      vertex -22.899999998509884 13.299999997019768 17.890000000000004
    endloop
  endfacet
  facet normal 0 0 1
    outer loop
      vertex -15.54226938422237 6.1271173890147885 17.890000000000004
      vertex -15.486481472317662 6.240244080445596 17.890000000000004
      vertex -22.899999998509884 13.299999997019768 17.890000000000004
    endloop
  endfacet
  facet normal 0 0 1
    outer loop
      vertex -15.486481472317662 6.240244080445596 17.890000000000004
      vertex -15.465819282723324 6.2821428541626245 17.890000000000004
      vertex -22.899999998509884 13.299999997019768 17.890000000000004
    endloop
  endfacet
  facet normal 0 0 1
    outer loop
      vertex -15.465819282723324 6.2821428541626245 17.890000000000004
      vertex -15.43986497500113 6.320986221943582 17.890000000000004
      vertex -22.899999998509884 13.299999997019768 17.890000000000004
    endloop
  endfacet
  facet normal 0 0 1
    outer loop
      vertex -15.43986497500113 6.320986221943582 17.890000000000004
      vertex -15.369788341756378 6.425863314952169 17.890000000000004
      vertex -22.899999998509884 13.299999997019768 17.890000000000004
    endloop
  endfacet
  facet normal 0 0 1
    outer loop
      vertex -15.369788341756378 6.425863314952169 17.890000000000004
      vertex -15.338985999780041 6.460986655737672 17.890000000000004
      vertex -22.899999998509884 13.299999997019768 17.890000000000004
    endloop
  endfacet
  facet normal 0 0 1
    outer loop
      vertex -15.338985999780041 6.460986655737672 17.890000000000004
      vertex -15.255819674049105 6.555819671068872 17.890000000000004
      vertex -22.899999998509884 13.299999997019768 17.890000000000004
    endloop
  endfacet
  facet normal 0 0 1
    outer loop
      vertex -15.255819674049105 6.555819671068872 17.890000000000004
      vertex -15.160986658717905 6.638985996799809 17.890000000000004
      vertex -22.899999998509884 13.299999997019768 17.890000000000004
    endloop
  endfacet
  facet normal 0 0 1
    outer loop
      vertex -15.160986658717905 6.638985996799809 17.890000000000004
      vertex -15.125863317932401 6.669788338776145 17.890000000000004
      vertex -22.899999998509884 13.299999997019768 17.890000000000004
    endloop
  endfacet
  facet normal 0 0 1
    outer loop
      vertex -15.125863317932401 6.669788338776145 17.890000000000004
      vertex -15.020986224923815 6.739864972020898 17.890000000000004
      vertex -22.899999998509884 13.299999997019768 17.890000000000004
    endloop
  endfacet
  facet normal 0 0 1
    outer loop
      vertex -15.020986224923815 6.739864972020898 17.890000000000004
      vertex -14.982142857142858 6.765819279743092 17.890000000000004
      vertex -22.899999998509884 13.299999997019768 17.890000000000004
    endloop
  endfacet
  facet normal 0 0 1
    outer loop
      vertex -14.982142857142858 6.765819279743092 17.890000000000004
      vertex -14.940244083425828 6.786481469337429 17.890000000000004
      vertex -22.899999998509884 13.299999997019768 17.890000000000004
    endloop
  endfacet
  facet normal 0 0 1
    outer loop
      vertex -14.940244083425828 6.786481469337429 17.890000000000004
      vertex -14.82711739199502 6.842269381242138 17.890000000000004
      vertex -22.899999998509884 13.299999997019768 17.890000000000004
    endloop
  endfacet
  facet normal 0 0 1
    outer loop
      vertex -14.82711739199502 6.842269381242138 17.890000000000004
      vertex -14.707676732646567 6.882814021514994 17.890000000000004
      vertex -22.899999998509884 13.299999997019768 17.890000000000004
    endloop
  endfacet
  facet normal 0 0 1
    outer loop
      vertex -14.707676732646567 6.882814021514994 17.890000000000004
      vertex -14.663439450519425 6.897830554949385 17.890000000000004
      vertex -22.899999998509884 13.299999997019768 17.890000000000004
    endloop
  endfacet
  facet normal 0 0 1
    outer loop
      vertex -14.663439450519425 6.897830554949385 17.890000000000004
      vertex -14.617620575108699 6.906944496291024 17.890000000000004
      vertex -22.899999998509884 13.299999997019768 17.890000000000004
    endloop
  endfacet
  facet normal 0 0 1
    outer loop
      vertex -14.617620575108699 6.906944496291024 17.890000000000004
      vertex -14.493909609104906 6.9315521355186185 17.890000000000004
      vertex -22.899999998509884 13.299999997019768 17.890000000000004
    endloop
  endfacet
  facet normal 0 0 1
    outer loop
      vertex -14.493909609104906 6.9315521355186185 17.890000000000004
      vertex -14.368045068745102 6.93980173394084 17.890000000000004
      vertex -22.899999998509884 13.299999997019768 17.890000000000004
    endloop
  endfacet
  facet normal 0 0 1
    outer loop
      vertex -14.368045068745102 6.93980173394084 17.890000000000004
      vertex -14.321428571428571 6.94285713987691 17.890000000000004
      vertex -22.899999998509884 13.299999997019768 17.890000000000004
    endloop
  endfacet
  facet normal 0 0 1
    outer loop
      vertex -14.321428571428571 6.94285713987691 17.890000000000004
      vertex -12.678571428571429 6.94285713987691 17.890000000000004
      vertex -22.899999998509884 13.299999997019768 17.890000000000004
    endloop
  endfacet
  facet normal 0 0 1
    outer loop
      vertex -22.899999998509884 13.299999997019768 17.890000000000004
      vertex -12.292323267353433 6.882814021514995 17.890000000000004
      vertex -12.17288260800498 6.842269381242139 17.890000000000004
    endloop
  endfacet
  facet normal 0 0 1
    outer loop
      vertex -22.899999998509884 13.299999997019768 17.890000000000004
      vertex -12.678571428571429 6.94285713987691 17.890000000000004
      vertex -12.631954931254898 6.93980173394084 17.890000000000004
    endloop
  endfacet
  facet normal 0 0 1
    outer loop
      vertex -22.899999998509884 13.299999997019768 17.890000000000004
      vertex -12.631954931254898 6.93980173394084 17.890000000000004
      vertex -12.506090390895094 6.9315521355186185 17.890000000000004
    endloop
  endfacet
  facet normal 0 0 1
    outer loop
      vertex -22.899999998509884 13.299999997019768 17.890000000000004
      vertex -12.506090390895094 6.9315521355186185 17.890000000000004
      vertex -12.382379424891303 6.906944496291023 17.890000000000004
    endloop
  endfacet
  facet normal 0 0 1
    outer loop
      vertex -22.899999998509884 13.299999997019768 17.890000000000004
      vertex -12.382379424891303 6.906944496291023 17.890000000000004
      vertex -12.336560549480575 6.897830554949385 17.890000000000004
    endloop
  endfacet
  facet normal 0 0 1
    outer loop
      vertex -22.899999998509884 13.299999997019768 17.890000000000004
      vertex -12.336560549480575 6.897830554949385 17.890000000000004
      vertex -12.292323267353433 6.882814021514995 17.890000000000004
    endloop
  endfacet
  facet normal 0 0 1
    outer loop
      vertex -22.899999998509884 13.299999997019768 17.890000000000004
      vertex -12.17288260800498 6.842269381242139 17.890000000000004
      vertex -12.059755916574172 6.78648146933743 17.890000000000004
    endloop
  endfacet
  facet normal 0 0 1
    outer loop
      vertex -22.899999998509884 13.299999997019768 17.890000000000004
      vertex -12.059755916574172 6.78648146933743 17.890000000000004
      vertex -12.017857142857144 6.765819279743091 17.890000000000004
    endloop
  endfacet
  facet normal 0 0 1
    outer loop
      vertex -22.899999998509884 13.299999997019768 17.890000000000004
      vertex -12.017857142857144 6.765819279743091 17.890000000000004
      vertex -10 6.5 17.890000000000004
    endloop
  endfacet
  facet normal 0 0 1
    outer loop
      vertex -22.899999998509884 13.299999997019768 17.890000000000004
      vertex -10 6.5 17.890000000000004
      vertex -9.974334582686424 6.8915785774588585 17.890000000000004
    endloop
  endfacet
  facet normal 0 0 1
    outer loop
      vertex -22.899999998509884 13.299999997019768 17.890000000000004
      vertex -9.974334582686424 6.8915785774588585 17.890000000000004
      vertex -9.89777747541666 7.276457138359547 17.890000000000004
    endloop
  endfacet
  facet normal 0 0 1
    outer loop
      vertex -22.899999998509884 13.299999997019768 17.890000000000004
      vertex -9.89777747541666 7.276457138359547 17.890000000000004
      vertex -9.771638594567776 7.6480503007769585 17.890000000000004
    endloop
  endfacet
  facet normal 0 0 1
    outer loop
      vertex -22.899999998509884 13.299999997019768 17.890000000000004
      vertex -9.771638594567776 7.6480503007769585 17.890000000000004
      vertex -9.598076209425926 8 17.890000000000004
    endloop
  endfacet
  facet normal 0 0 1
    outer loop
      vertex -22.899999998509884 13.299999997019768 17.890000000000004
      vertex -9.598076209425926 8 17.890000000000004
      vertex -9.380060024559498 8.326284289360046 17.890000000000004
    endloop
  endfacet
  facet normal 0 0 1
    outer loop
      vertex -22.899999998509884 13.299999997019768 17.890000000000004
      vertex -9.380060024559498 8.326284289360046 17.890000000000004
      vertex -9.121320344507694 8.621320344507694 17.890000000000004
    endloop
  endfacet
  facet normal 0 0 1
    outer loop
      vertex -22.899999998509884 13.299999997019768 17.890000000000004
      vertex -9.121320344507694 8.621320344507694 17.890000000000004
      vertex -8.826284289360046 8.880060024559498 17.890000000000004
    endloop
  endfacet
  facet normal 0 0 1
    outer loop
      vertex -22.899999998509884 13.299999997019768 17.890000000000004
      vertex -8.826284289360046 8.880060024559498 17.890000000000004
      vertex -8.5 9.098076209425926 17.890000000000004
    endloop
  endfacet
  facet normal 0 0 1
    outer loop
      vertex -22.899999998509884 13.299999997019768 17.890000000000004
      vertex -8.5 9.098076209425926 17.890000000000004
      vertex -8.148050300776958 9.271638594567776 17.890000000000004
    endloop
  endfacet
  facet normal 0 1 0
    outer loop
      vertex -22.899999998509884 14.299999997019768 16.890000000000004
      vertex -17.517638088043984 14.299999997019768 14.131851655143276
      vertex -17.610536378094622 14.299999997019768 14.100316935119016
    endloop
  endfacet
  facet normal 0 1 0
    outer loop
      vertex -22.899999998509884 14.299999997019768 16.890000000000004
      vertex -17.35727202128794 14.299999997019768 14.163750448166498
      vertex -17.517638088043984 14.299999997019768 14.131851655143276
    endloop
  endfacet
  facet normal 0 1 0
    outer loop
      vertex -22.899999998509884 14.299999997019768 16.890000000000004
      vertex -17.26105238163628 14.299999997019768 14.182889723007214
      vertex -17.35727202128794 14.299999997019768 14.163750448166498
    endloop
  endfacet
  facet normal 0 1 0
    outer loop
      vertex -22.899999998509884 14.299999997019768 16.890000000000004
      vertex -17.163157739717708 14.299999997019768 14.189306077297363
      vertex -17.26105238163628 14.299999997019768 14.182889723007214
    endloop
  endfacet
  facet normal 0 1 0
    outer loop
      vertex -22.899999998509884 14.299999997019768 16.890000000000004
      vertex -17 14.299999997019768 14.199999999999998
      vertex -17.163157739717708 14.299999997019768 14.189306077297363
    endloop
  endfacet
  facet normal 0 1 0
    outer loop
      vertex -22.899999998509884 14.299999997019768 16.890000000000004
      vertex -14 14.299999997019768 14.199999999999998
      vertex -17 14.299999997019768 14.199999999999998
    endloop
  endfacet
  facet normal 0 0 1
    outer loop
      vertex -11.357142857142858 5.621428568448339 17.890000000000004
      vertex -10 -6.5 17.890000000000004
      vertex -10 6.5 17.890000000000004
    endloop
  endfacet
  facet normal 0 0 1
    outer loop
      vertex -11.979013775076185 6.739864972020898 17.890000000000004
      vertex -10 6.5 17.890000000000004
      vertex -12.017857142857144 6.765819279743091 17.890000000000004
    endloop
  endfacet
  facet normal 0 0 1
    outer loop
      vertex -11.357142857142858 5.621428568448339 17.890000000000004
      vertex -10 6.5 17.890000000000004
      vertex -11.360198263078928 5.66804506576487 17.890000000000004
    endloop
  endfacet
  facet normal 0 0 1
    outer loop
      vertex -11.360198263078928 5.66804506576487 17.890000000000004
      vertex -10 6.5 17.890000000000004
      vertex -11.36844786150115 5.793909606124673 17.890000000000004
    endloop
  endfacet
  facet normal 0 0 1
    outer loop
      vertex -11.393055500728744 5.917620572128466 17.890000000000004
      vertex -10 6.5 17.890000000000004
      vertex -11.402169442070383 5.963439447539193 17.890000000000004
    endloop
  endfacet
  facet normal 0 0 1
    outer loop
      vertex -11.402169442070383 5.963439447539193 17.890000000000004
      vertex -10 6.5 17.890000000000004
      vertex -11.417185975504774 6.007676729666335 17.890000000000004
    endloop
  endfacet
  facet normal 0 0 1
    outer loop
      vertex -11.417185975504774 6.007676729666335 17.890000000000004
      vertex -10 6.5 17.890000000000004
      vertex -11.45773061577763 6.1271173890147885 17.890000000000004
    endloop
  endfacet
  facet normal 0 0 1
    outer loop
      vertex -11.45773061577763 6.1271173890147885 17.890000000000004
      vertex -10 6.5 17.890000000000004
      vertex -11.513518527682338 6.240244080445596 17.890000000000004
    endloop
  endfacet
  facet normal 0 0 1
    outer loop
      vertex -11.513518527682338 6.240244080445596 17.890000000000004
      vertex -10 6.5 17.890000000000004
      vertex -11.534180717276676 6.2821428541626245 17.890000000000004
    endloop
  endfacet
  facet normal 0 0 1
    outer loop
      vertex -11.534180717276676 6.2821428541626245 17.890000000000004
      vertex -10 6.5 17.890000000000004
      vertex -11.56013502499887 6.320986221943582 17.890000000000004
    endloop
  endfacet
  facet normal 0 0 1
    outer loop
      vertex -11.661014000219959 6.460986655737672 17.890000000000004
      vertex -11.630211658243624 6.425863314952169 17.890000000000004
      vertex -10 6.5 17.890000000000004
    endloop
  endfacet
  facet normal 0 0 1
    outer loop
      vertex -11.56013502499887 6.320986221943582 17.890000000000004
      vertex -10 6.5 17.890000000000004
      vertex -11.630211658243624 6.425863314952169 17.890000000000004
    endloop
  endfacet
  facet normal 0 0 1
    outer loop
      vertex -11.36844786150115 5.793909606124673 17.890000000000004
      vertex -10 6.5 17.890000000000004
      vertex -11.393055500728744 5.917620572128466 17.890000000000004
    endloop
  endfacet
  facet normal 0 0 1
    outer loop
      vertex -11.661014000219959 6.460986655737672 17.890000000000004
      vertex -10 6.5 17.890000000000004
      vertex -11.744180325950895 6.555819671068873 17.890000000000004
    endloop
  endfacet
  facet normal 0 0 1
    outer loop
      vertex -11.744180325950895 6.555819671068873 17.890000000000004
      vertex -10 6.5 17.890000000000004
      vertex -11.839013341282095 6.638985996799809 17.890000000000004
    endloop
  endfacet
  facet normal 0 0 1
    outer loop
      vertex -11.874136682067599 6.669788338776145 17.890000000000004
      vertex -10 6.5 17.890000000000004
      vertex -11.979013775076185 6.739864972020898 17.890000000000004
    endloop
  endfacet
  facet normal 0 0 1
    outer loop
      vertex -11.839013341282095 6.638985996799809 17.890000000000004
      vertex -10 6.5 17.890000000000004
      vertex -11.874136682067599 6.669788338776145 17.890000000000004
    endloop
  endfacet
  facet normal 0 1 0
    outer loop
      vertex -13.482361911956016 14.299999997019768 5.668148344856721
      vertex -13.38946362190538 14.299999997019768 5.699683064880981
      vertex 22.899999998509884 14.299999997019768 16.890000000000004
    endloop
  endfacet
  facet normal 0 1 0
    outer loop
      vertex -13.38946362190538 14.299999997019768 5.699683064880981
      vertex -13.234633135400166 14.299999997019768 5.752240935939909
      vertex 22.899999998509884 14.299999997019768 16.890000000000004
    endloop
  endfacet
  facet normal 0 1 0
    outer loop
      vertex -13.234633135400166 14.299999997019768 5.752240935939909
      vertex -13.087987424653845 14.299999997019768 5.824558596225844
      vertex 22.899999998509884 14.299999997019768 16.890000000000004
    endloop
  endfacet
  facet normal 0 1 0
    outer loop
      vertex -13.087987424653845 14.299999997019768 5.824558596225844
      vertex -12.999999998509885 14.299999997019768 5.867949194115324
      vertex 22.899999998509884 14.299999997019768 16.890000000000004
    endloop
  endfacet
  facet normal 0 1 0
    outer loop
      vertex -12.999999998509885 14.299999997019768 5.867949194115324
      vertex -12.864048210466196 14.299999997019768 5.958789273547096
      vertex 22.899999998509884 14.299999997019768 16.890000000000004
    endloop
  endfacet
  facet normal 0 1 0
    outer loop
      vertex -12.864048210466196 14.299999997019768 5.958789273547096
      vertex -12.782477138612386 14.299999997019768 6.01329332130148
      vertex 22.899999998509884 14.299999997019768 16.890000000000004
    endloop
  endfacet
  facet normal 0 1 0
    outer loop
      vertex -12.782477138612386 14.299999997019768 6.01329332130148
      vertex -12.659545448855685 14.299999997019768 6.1211015207238875
      vertex 22.899999998509884 14.299999997019768 16.890000000000004
    endloop
  endfacet
  facet normal 0 1 0
    outer loop
      vertex -12.659545448855685 14.299999997019768 6.1211015207238875
      vertex -12.585786437371056 14.299999997019768 6.185786440351286
      vertex 22.899999998509884 14.299999997019768 16.890000000000004
    endloop
  endfacet
  facet normal 0 1 0
    outer loop
      vertex -12.585786437371056 14.299999997019768 6.185786440351286
      vertex -12.521101517743658 14.299999997019768 6.2595454518359155
      vertex 22.899999998509884 14.299999997019768 16.890000000000004
    endloop
  endfacet
  facet normal 0 1 0
    outer loop
      vertex -12.521101517743658 14.299999997019768 6.2595454518359155
      vertex -12.413293318321248 14.299999997019768 6.3824771415926165
      vertex 22.899999998509884 14.299999997019768 16.890000000000004
    endloop
  endfacet
  facet normal 0 1 0
    outer loop
      vertex -12.413293318321248 14.299999997019768 6.3824771415926165
      vertex -12.358789270566866 14.299999997019768 6.464048213446427
      vertex 22.899999998509884 14.299999997019768 16.890000000000004
    endloop
  endfacet
  facet normal 0 1 0
    outer loop
      vertex -12.358789270566866 14.299999997019768 6.464048213446427
      vertex -12.267949191135093 14.299999997019768 6.600000001490115
      vertex 22.899999998509884 14.299999997019768 16.890000000000004
    endloop
  endfacet
  facet normal 0 1 0
    outer loop
      vertex -12.267949191135093 14.299999997019768 6.600000001490115
      vertex -12.224558593245614 14.299999997019768 6.687987427634075
      vertex 22.899999998509884 14.299999997019768 16.890000000000004
    endloop
  endfacet
  facet normal 0 1 0
    outer loop
      vertex -12.224558593245614 14.299999997019768 6.687987427634075
      vertex -12.152240932959678 14.299999997019768 6.834633138380397
      vertex 22.899999998509884 14.299999997019768 16.890000000000004
    endloop
  endfacet
  facet normal 0 1 0
    outer loop
      vertex -12.152240932959678 14.299999997019768 6.834633138380397
      vertex -12.09968306190075 14.299999997019768 6.98946362488561
      vertex 22.899999998509884 14.299999997019768 16.890000000000004
    endloop
  endfacet
  facet normal 0 1 0
    outer loop
      vertex -12.09968306190075 14.299999997019768 6.98946362488561
      vertex -12.06814834187649 14.299999997019768 7.0823619149362464
      vertex 22.899999998509884 14.299999997019768 16.890000000000004
    endloop
  endfacet
  facet normal 0 1 0
    outer loop
      vertex -12.06814834187649 14.299999997019768 7.0823619149362464
      vertex -12.036249548853268 14.299999997019768 7.242727981692292
      vertex 22.899999998509884 14.299999997019768 16.890000000000004
    endloop
  endfacet
  facet normal 0 1 0
    outer loop
      vertex -12.036249548853268 14.299999997019768 7.242727981692292
      vertex -12.017110274012552 14.299999997019768 7.338947621343951
      vertex 22.899999998509884 14.299999997019768 16.890000000000004
    endloop
  endfacet
  facet normal 0 1 0
    outer loop
      vertex -12.017110274012552 14.299999997019768 7.338947621343951
      vertex -12.010693919722403 14.299999997019768 7.436842263262522
      vertex 22.899999998509884 14.299999997019768 16.890000000000004
    endloop
  endfacet
  facet normal 0 1 0
    outer loop
      vertex -12.010693919722403 14.299999997019768 7.436842263262522
      vertex -11.999999997019769 14.299999997019768 7.600000002980231
      vertex 22.899999998509884 14.299999997019768 16.890000000000004
    endloop
  endfacet
  facet normal 0 1 0
    outer loop
      vertex -11.999999997019769 14.299999997019768 7.600000002980231
      vertex -11.999999997019769 14.299999997019768 12.199999997019766
      vertex 22.899999998509884 14.299999997019768 16.890000000000004
    endloop
  endfacet
  facet normal 0 1 0
    outer loop
      vertex -11.999999997019769 14.299999997019768 12.199999997019766
      vertex -12.010693919722403 14.299999997019768 12.363157736737474
      vertex 22.899999998509884 14.299999997019768 16.890000000000004
    endloop
  endfacet
  facet normal 0 1 0
    outer loop
      vertex -12.010693919722403 14.299999997019768 12.363157736737474
      vertex -12.017110274012552 14.299999997019768 12.461052378656047
      vertex 22.899999998509884 14.299999997019768 16.890000000000004
    endloop
  endfacet
  facet normal 0 1 0
    outer loop
      vertex -12.017110274012552 14.299999997019768 12.461052378656047
      vertex -12.036249548853268 14.299999997019768 12.557272018307705
      vertex 22.899999998509884 14.299999997019768 16.890000000000004
    endloop
  endfacet
  facet normal 0 1 0
    outer loop
      vertex -12.036249548853268 14.299999997019768 12.557272018307705
      vertex -12.06814834187649 14.299999997019768 12.71763808506375
      vertex 22.899999998509884 14.299999997019768 16.890000000000004
    endloop
  endfacet
  facet normal 0 0 1
    outer loop
      vertex -22.899999998509884 13.299999997019768 17.890000000000004
      vertex -8.148050300776958 9.271638594567776 17.890000000000004
      vertex -7.776457138359547 9.39777747541666 17.890000000000004
    endloop
  endfacet
  facet normal 0 0 1
    outer loop
      vertex -22.899999998509884 13.299999997019768 17.890000000000004
      vertex -7.776457138359547 9.39777747541666 17.890000000000004
      vertex -7.3915785774588585 9.474334582686424 17.890000000000004
    endloop
  endfacet
  facet normal 0 0.7071067811865475 0.7071067811865475
    outer loop
      vertex -22.899999998509884 14.299999997019768 16.890000000000004
      vertex -22.899999998509884 13.299999997019768 17.890000000000004
      vertex 22.899999998509884 14.299999997019768 16.890000000000004
    endloop
  endfacet
  facet normal 0 1 0
    outer loop
      vertex -22.899999998509884 14.299999997019768 16.890000000000004
      vertex 22.899999998509884 14.299999997019768 16.890000000000004
      vertex -14 14.299999997019768 14.199999999999998
    endloop
  endfacet
  facet normal 0 1 0
    outer loop
      vertex -14 14.299999997019768 14.199999999999998
      vertex 22.899999998509884 14.299999997019768 16.890000000000004
      vertex -13.836842260282292 14.299999997019768 14.189306077297363
    endloop
  endfacet
  facet normal 0 1 0
    outer loop
      vertex -12.06814834187649 14.299999997019768 12.71763808506375
      vertex -12.09968306190075 14.299999997019768 12.810536375114387
      vertex 22.899999998509884 14.299999997019768 16.890000000000004
    endloop
  endfacet
  facet normal 0 1 0
    outer loop
      vertex -12.09968306190075 14.299999997019768 12.810536375114387
      vertex -12.152240932959678 14.299999997019768 12.9653668616196
      vertex 22.899999998509884 14.299999997019768 16.890000000000004
    endloop
  endfacet
  facet normal 0 1 0
    outer loop
      vertex -12.152240932959678 14.299999997019768 12.9653668616196
      vertex -12.224558593245614 14.299999997019768 13.112012572365922
      vertex 22.899999998509884 14.299999997019768 16.890000000000004
    endloop
  endfacet
  facet normal 0 1 0
    outer loop
      vertex -12.224558593245614 14.299999997019768 13.112012572365922
      vertex -12.267949191135093 14.299999997019768 13.199999998509881
      vertex 22.899999998509884 14.299999997019768 16.890000000000004
    endloop
  endfacet
  facet normal 0 1 0
    outer loop
      vertex -12.267949191135093 14.299999997019768 13.199999998509881
      vertex -12.358789270566866 14.299999997019768 13.33595178655357
      vertex 22.899999998509884 14.299999997019768 16.890000000000004
    endloop
  endfacet
  facet normal 0 1 0
    outer loop
      vertex -12.358789270566866 14.299999997019768 13.33595178655357
      vertex -12.413293318321248 14.299999997019768 13.41752285840738
      vertex 22.899999998509884 14.299999997019768 16.890000000000004
    endloop
  endfacet
  facet normal 0 1 0
    outer loop
      vertex -12.413293318321248 14.299999997019768 13.41752285840738
      vertex -12.521101517743658 14.299999997019768 13.540454548164082
      vertex 22.899999998509884 14.299999997019768 16.890000000000004
    endloop
  endfacet
  facet normal 0 1 0
    outer loop
      vertex -12.782477138612386 14.299999997019768 13.786706678698518
      vertex 22.899999998509884 14.299999997019768 16.890000000000004
      vertex -12.659545448855685 14.299999997019768 13.678898479276109
    endloop
  endfacet
  facet normal 0 1 0
    outer loop
      vertex -13.234633135400166 14.299999997019768 14.047759064060088
      vertex 22.899999998509884 14.299999997019768 16.890000000000004
      vertex -13.087987424653845 14.299999997019768 13.975441403774152
    endloop
  endfacet
  facet normal 0 1 0
    outer loop
      vertex -12.999999998509885 14.299999997019768 13.932050805884673
      vertex -13.087987424653845 14.299999997019768 13.975441403774152
      vertex 22.899999998509884 14.299999997019768 16.890000000000004
    endloop
  endfacet
  facet normal 0 1 0
    outer loop
      vertex -12.782477138612386 14.299999997019768 13.786706678698518
      vertex -12.864048210466196 14.299999997019768 13.8412107264529
      vertex 22.899999998509884 14.299999997019768 16.890000000000004
    endloop
  endfacet
  facet normal 0 1 0
    outer loop
      vertex -12.999999998509885 14.299999997019768 13.932050805884673
      vertex 22.899999998509884 14.299999997019768 16.890000000000004
      vertex -12.864048210466196 14.299999997019768 13.8412107264529
    endloop
  endfacet
  facet normal 0 1 0
    outer loop
      vertex -13.836842260282292 14.299999997019768 14.189306077297363
      vertex 22.899999998509884 14.299999997019768 16.890000000000004
      vertex -13.738947618363719 14.299999997019768 14.182889723007214
    endloop
  endfacet
  facet normal 0 1 0
    outer loop
      vertex -13.642727978712061 14.299999997019768 14.163750448166498
      vertex -13.738947618363719 14.299999997019768 14.182889723007214
      vertex 22.899999998509884 14.299999997019768 16.890000000000004
    endloop
  endfacet
  facet normal 0 1 0
    outer loop
      vertex -13.482361911956016 14.299999997019768 14.131851655143276
      vertex 22.899999998509884 14.299999997019768 16.890000000000004
      vertex -13.38946362190538 14.299999997019768 14.100316935119016
    endloop
  endfacet
  facet normal 0 1 0
    outer loop
      vertex -13.234633135400166 14.299999997019768 14.047759064060088
      vertex -13.38946362190538 14.299999997019768 14.100316935119016
      vertex 22.899999998509884 14.299999997019768 16.890000000000004
    endloop
  endfacet
  facet normal 0 1 0
    outer loop
      vertex -13.642727978712061 14.299999997019768 14.163750448166498
      vertex 22.899999998509884 14.299999997019768 16.890000000000004
      vertex -13.482361911956016 14.299999997019768 14.131851655143276
    endloop
  endfacet
  facet normal 0 1 0
    outer loop
      vertex -12.585786437371056 14.299999997019768 13.61421355964871
      vertex 22.899999998509884 14.299999997019768 16.890000000000004
      vertex -12.521101517743658 14.299999997019768 13.540454548164082
    endloop
  endfacet
  facet normal 0 1 0
    outer loop
      vertex -12.585786437371056 14.299999997019768 13.61421355964871
      vertex -12.659545448855685 14.299999997019768 13.678898479276109
      vertex 22.899999998509884 14.299999997019768 16.890000000000004
    endloop
  endfacet
  facet normal 0 0 1
    outer loop
      vertex -22.899999998509884 13.299999997019768 17.890000000000004
      vertex -7.3915785774588585 9.474334582686424 17.890000000000004
      vertex 23.899999998509884 13.032050803303719 17.890000000000004
    endloop
  endfacet
  facet normal 0 0 -1
    outer loop
      vertex -24.399999998509884 -13.898076206445694 0
      vertex 15.696876517799831 -12.899999999999999 0
      vertex 23.9 -12.899999999999999 0
    endloop
  endfacet
  facet normal 0 0 -1
    outer loop
      vertex -15.696876517799831 -10.7 0
      vertex 15.696876517799831 -10.7 0
      vertex 15.696876517799831 -12.899999999999999 0
    endloop
  endfacet
  facet normal 0 -1 0
    outer loop
      vertex -4.262357643561143 -14.299999997019768 5.607195828358993
      vertex 22.899999998509884 -14.299999997019768 0
      vertex -4.166420894492612 -14.299999997019768 5.600907801155412
    endloop
  endfacet
  facet normal 0 -1 0
    outer loop
      vertex -4.520226278480348 -14.299999997019768 5.658489086580498
      vertex 22.899999998509884 -14.299999997019768 0
      vertex -4.356652890408299 -14.299999997019768 5.625952317700614
    endloop
  endfacet
  facet normal 0 -1 0
    outer loop
      vertex -4.356652890408299 -14.299999997019768 5.625952317700614
      vertex 22.899999998509884 -14.299999997019768 0
      vertex -4.262357643561143 -14.299999997019768 5.607195828358993
    endloop
  endfacet
  facet normal 0 -1 0
    outer loop
      vertex -4.166420894492612 -14.299999997019768 5.600907801155412
      vertex 22.899999998509884 -14.299999997019768 0
      vertex -4 -14.299999997019768 5.59
    endloop
  endfacet
  facet normal 0 0 -1
    outer loop
      vertex -24.399999998509884 -13.898076206445694 0
      vertex 23.9 -12.899999999999999 0
      vertex 22.899999998509884 -14.299999997019768 0
    endloop
  endfacet
  facet normal 0 -1 0
    outer loop
      vertex -4 -14.299999997019768 5.59
      vertex 22.899999998509884 -14.299999997019768 0
      vertex 4 -14.299999997019768 5.59
    endloop
  endfacet
  facet normal 0 -1 0
    outer loop
      vertex 4 -14.299999997019768 5.59
      vertex 22.899999998509884 -14.299999997019768 0
      vertex 4.166420894492612 -14.299999997019768 5.600907801155412
    endloop
  endfacet
  facet normal 0 -1 0
    outer loop
      vertex 4.166420894492612 -14.299999997019768 5.600907801155412
      vertex 22.899999998509884 -14.299999997019768 0
      vertex 4.262357643561143 -14.299999997019768 5.607195828358993
    endloop
  endfacet
  facet normal 0 -1 0
    outer loop
      vertex 4.262357643561143 -14.299999997019768 5.607195828358993
      vertex 22.899999998509884 -14.299999997019768 0
      vertex 4.356652890408299 -14.299999997019768 5.625952317700614
    endloop
  endfacet
  facet normal 0 -1 0
    outer loop
      vertex 4.356652890408299 -14.299999997019768 5.625952317700614
      vertex 22.899999998509884 -14.299999997019768 0
      vertex 4.520226278480348 -14.299999997019768 5.658489086580498
    endloop
  endfacet
  facet normal 0 -1 0
    outer loop
      vertex 4.520226278480348 -14.299999997019768 5.658489086580498
      vertex 22.899999998509884 -14.299999997019768 0
      vertex 4.611266602718897 -14.299999997019768 5.689393112200513
    endloop
  endfacet
  facet normal 0 -1 0
    outer loop
      vertex 4.611266602718897 -14.299999997019768 5.689393112200513
      vertex 22.899999998509884 -14.299999997019768 0
      vertex 4.769193698935757 -14.299999997019768 5.743002140674354
    endloop
  endfacet
  facet normal 0 -1 0
    outer loop
      vertex 4.769193698935757 -14.299999997019768 5.743002140674354
      vertex 22.899999998509884 -14.299999997019768 0
      vertex 4.918772323879524 -14.299999997019768 5.816766154157387
    endloop
  endfacet
  facet normal 0 -1 0
    outer loop
      vertex 4.918772323879524 -14.299999997019768 5.816766154157387
      vertex 22.899999998509884 -14.299999997019768 0
      vertex 5.0050000014901155 -14.299999997019768 5.859288940083904
    endloop
  endfacet
  facet normal 0 -1 0
    outer loop
      vertex 5.0050000014901155 -14.299999997019768 5.859288940083904
      vertex 22.899999998509884 -14.299999997019768 0
      vertex 5.143670825278471 -14.299999997019768 5.951945821093483
    endloop
  endfacet
  facet normal 0 -1 0
    outer loop
      vertex 5.143670825278471 -14.299999997019768 5.951945821093483
      vertex 22.899999998509884 -14.299999997019768 0
      vertex 5.223610475685481 -14.299999997019768 6.005359787886281
    endloop
  endfacet
  facet normal 0 -1 0
    outer loop
      vertex 5.223610475685481 -14.299999997019768 6.005359787886281
      vertex 22.899999998509884 -14.299999997019768 0
      vertex 5.349000799222662 -14.299999997019768 6.115324151284286
    endloop
  endfacet
  facet normal 0 -1 0
    outer loop
      vertex 5.349000799222662 -14.299999997019768 6.115324151284286
      vertex 22.899999998509884 -14.299999997019768 0
      vertex 5.421284630468805 -14.299999997019768 6.178715372511426
    endloop
  endfacet
  facet normal 0 -1 0
    outer loop
      vertex 5.421284630468805 -14.299999997019768 6.178715372511426
      vertex 22.899999998509884 -14.299999997019768 0
      vertex 5.484675851695945 -14.299999997019768 6.250999203757569
    endloop
  endfacet
  facet normal 0 -1 0
    outer loop
      vertex 5.484675851695945 -14.299999997019768 6.250999203757569
      vertex 22.899999998509884 -14.299999997019768 0
      vertex 5.59464021509395 -14.299999997019768 6.37638952729475
    endloop
  endfacet
  facet normal 0 -1 0
    outer loop
      vertex 5.59464021509395 -14.299999997019768 6.37638952729475
      vertex 22.899999998509884 -14.299999997019768 0
      vertex 5.648054181886748 -14.299999997019768 6.45632917770176
    endloop
  endfacet
  facet normal 0 -1 0
    outer loop
      vertex 5.648054181886748 -14.299999997019768 6.45632917770176
      vertex 22.899999998509884 -14.299999997019768 0
      vertex 5.7407110628963265 -14.299999997019768 6.595000001490115
    endloop
  endfacet
  facet normal 0 -1 0
    outer loop
      vertex 5.7407110628963265 -14.299999997019768 6.595000001490115
      vertex 22.899999998509884 -14.299999997019768 0
      vertex 5.783233848822844 -14.299999997019768 6.681227679100707
    endloop
  endfacet
  facet normal 0 -1 0
    outer loop
      vertex 5.783233848822844 -14.299999997019768 6.681227679100707
      vertex 22.899999998509884 -14.299999997019768 0
      vertex 5.856997862305877 -14.299999997019768 6.830806304044474
    endloop
  endfacet
  facet normal 0 -1 0
    outer loop
      vertex 5.856997862305877 -14.299999997019768 6.830806304044474
      vertex 22.899999998509884 -14.299999997019768 0
      vertex 5.910606890779718 -14.299999997019768 6.988733400261334
    endloop
  endfacet
  facet normal 0 -1 0
    outer loop
      vertex 5.910606890779718 -14.299999997019768 6.988733400261334
      vertex 22.899999998509884 -14.299999997019768 0
      vertex 5.941510916399733 -14.299999997019768 7.079773724499883
    endloop
  endfacet
  facet normal 0 -1 0
    outer loop
      vertex 5.941510916399733 -14.299999997019768 7.079773724499883
      vertex 22.899999998509884 -14.299999997019768 0
      vertex 5.974047685279617 -14.299999997019768 7.243347112571932
    endloop
  endfacet
  facet normal 0 -1 0
    outer loop
      vertex 5.974047685279617 -14.299999997019768 7.243347112571932
      vertex 22.899999998509884 -14.299999997019768 0
      vertex 5.992804174621238 -14.299999997019768 7.337642359419088
    endloop
  endfacet
  facet normal 0.06540313273849395 -0.9978589230086541 0
    outer loop
      vertex 22.899999998509884 -14.299999997019768 0
      vertex 23.291578575968742 -14.274334579706192 0
      vertex 23.291578575968742 -14.274334579706192 0.01
    endloop
  endfacet
  facet normal 0.1950903258581441 -0.980785279639006 0
    outer loop
      vertex 23.291578575968742 -14.274334579706192 0.01
      vertex 23.291578575968742 -14.274334579706192 0
      vertex 23.67645713686943 -14.197777472436428 0.01
    endloop
  endfacet
  facet normal 0 0 -1
    outer loop
      vertex 22.899999998509884 -14.299999997019768 0
      vertex 24.048050299286842 -14.071638591587543 0
      vertex 23.291578575968742 -14.274334579706192 0
    endloop
  endfacet
  facet normal 0.1950903258581441 -0.980785279639006 0
    outer loop
      vertex 23.291578575968742 -14.274334579706192 0
      vertex 23.67645713686943 -14.197777472436428 0
      vertex 23.67645713686943 -14.197777472436428 0.01
    endloop
  endfacet
  facet normal 0 0 -1
    outer loop
      vertex 23.291578575968742 -14.274334579706192 0
      vertex 24.048050299286842 -14.071638591587543 0
      vertex 23.67645713686943 -14.197777472436428 0
    endloop
  endfacet
  facet normal 0.3214394637077384 -0.9469301300366787 0
    outer loop
      vertex 23.67645713686943 -14.197777472436428 0
      vertex 24.048050299286842 -14.071638591587543 0
      vertex 23.67645713686943 -14.197777472436428 0.01
    endloop
  endfacet
  facet normal 0.3214394637077384 -0.9469301300366787 0
    outer loop
      vertex 23.67645713686943 -14.197777472436428 0.01
      vertex 24.048050299286842 -14.071638591587543 0
      vertex 24.048050299286842 -14.071638591587543 0.01
    endloop
  endfacet
  facet normal 0 0 -1
    outer loop
      vertex 22.899999998509884 -14.299999997019768 0
      vertex 25.021320343017578 -13.421320341527462 0
      vertex 24.048050299286842 -14.071638591587543 0
    endloop
  endfacet
  facet normal 0.44228869181151975 -0.8968727407473452 0
    outer loop
      vertex 24.048050299286842 -14.071638591587543 0
      vertex 24.399999998509884 -13.898076206445694 0.01
      vertex 24.048050299286842 -14.071638591587543 0.01
    endloop
  endfacet
  facet normal 0.44228869181151975 -0.8968727407473452 0
    outer loop
      vertex 24.048050299286842 -14.071638591587543 0
      vertex 24.399999998509884 -13.898076206445694 0
      vertex 24.399999998509884 -13.898076206445694 0.01
    endloop
  endfacet
  facet normal 0 0 -1
    outer loop
      vertex 24.048050299286842 -14.071638591587543 0
      vertex 24.72628428786993 -13.680060021579266 0
      vertex 24.399999998509884 -13.898076206445694 0
    endloop
  endfacet
  facet normal 0.5555702203832522 -0.8314696207458843 0
    outer loop
      vertex 24.399999998509884 -13.898076206445694 0
      vertex 24.72628428786993 -13.680060021579266 0
      vertex 24.399999998509884 -13.898076206445694 0.01
    endloop
  endfacet
  facet normal 0.5555702203832522 -0.8314696207458843 0
    outer loop
      vertex 24.399999998509884 -13.898076206445694 0.01
      vertex 24.72628428786993 -13.680060021579266 0
      vertex 24.72628428786993 -13.680060021579266 0.01
    endloop
  endfacet
  facet normal 0 0 -1
    outer loop
      vertex 24.048050299286842 -14.071638591587543 0
      vertex 25.021320343017578 -13.421320341527462 0
      vertex 24.72628428786993 -13.680060021579266 0
    endloop
  endfacet
  facet normal 0.6593458207943228 -0.7518398024852507 0
    outer loop
      vertex 24.72628428786993 -13.680060021579266 0
      vertex 25.021320343017578 -13.421320341527462 0
      vertex 24.72628428786993 -13.680060021579266 0.01
    endloop
  endfacet
  facet normal 0 0 -1
    outer loop
      vertex 22.899999998509884 -14.299999997019768 0
      vertex 25.899999998509884 -11.299999997019768 0
      vertex 25.021320343017578 -13.421320341527462 0
    endloop
  endfacet
  facet normal 0 0 -1
    outer loop
      vertex 25.021320343017578 -13.421320341527462 0
      vertex 25.67163859307766 -12.448050297796726 0
      vertex 25.28006002306938 -13.126284286379814 0
    endloop
  endfacet
  facet normal 0 0 -1
    outer loop
      vertex 22.899999998509884 -14.299999997019768 0
      vertex 23.9 -12.899999999999999 0
      vertex 25.899999998509884 -11.299999997019768 0
    endloop
  endfacet
  facet normal 0 0 -1
    outer loop
      vertex 25.28006002306938 -13.126284286379814 0
      vertex 25.67163859307766 -12.448050297796726 0
      vertex 25.49807620793581 -12.799999997019768 0
    endloop
  endfacet
  facet normal 0 0 -1
    outer loop
      vertex 25.021320343017578 -13.421320341527462 0
      vertex 25.899999998509884 -11.299999997019768 0
      vertex 25.67163859307766 -12.448050297796726 0
    endloop
  endfacet
  facet normal 0 0 -1
    outer loop
      vertex 25.67163859307766 -12.448050297796726 0
      vertex 25.874334581196308 -11.691578574478626 0
      vertex 25.797777473926544 -12.076457135379314 0
    endloop
  endfacet
  facet normal 0 0 -1
    outer loop
      vertex 25.899999998509884 -11.299999997019768 0
      vertex 23.9 -12.899999999999999 0
      vertex 23.9 -10.7 0
    endloop
  endfacet
  facet normal 0 0 -1
    outer loop
      vertex 25.67163859307766 -12.448050297796726 0
      vertex 25.899999998509884 -11.299999997019768 0
      vertex 25.874334581196308 -11.691578574478626 0
    endloop
  endfacet
  facet normal 0 -1 0
    outer loop
      vertex 5.992804174621238 -14.299999997019768 7.337642359419088
      vertex 22.899999998509884 -14.299999997019768 0
      vertex 22.899999998509884 -14.299999997019768 16.890000000000004
    endloop
  endfacet
  facet normal 0.06540313273849395 -0.9978589230086541 0
    outer loop
      vertex 22.899999998509884 -14.299999997019768 0
      vertex 23.291578575968742 -14.274334579706192 0.01
      vertex 22.899999998509884 -14.299999997019768 16.890000000000004
    endloop
  endfacet
  facet normal 0.1950903258581441 -0.9807852796390061 0
    outer loop
      vertex 23.291578575968742 -14.274334579706192 0.01
      vertex 23.67645713686943 -14.197777472436428 0.01
      vertex 23.291578575968742 -14.274334579706192 16.890000000000004
    endloop
  endfacet
  facet normal 0.3214394637077385 -0.9469301300366788 0
    outer loop
      vertex 23.67645713686943 -14.197777472436428 0.01
      vertex 24.048050299286842 -14.071638591587543 0.01
      vertex 24.048050299286842 -14.071638591587543 16.890000000000004
    endloop
  endfacet
  facet normal 0.4422886918115197 -0.8968727407473451 0
    outer loop
      vertex 24.048050299286842 -14.071638591587543 0.01
      vertex 24.399999998509884 -13.898076206445694 0.01
      vertex 24.048050299286842 -14.071638591587543 16.890000000000004
    endloop
  endfacet
  facet normal 0.5555702203832522 -0.8314696207458843 0
    outer loop
      vertex 24.399999998509884 -13.898076206445694 0.01
      vertex 24.72628428786993 -13.680060021579266 0.01
      vertex 24.72628428786993 -13.680060021579266 16.890000000000004
    endloop
  endfacet
  facet normal 0.6593458207943228 -0.7518398024852506 0
    outer loop
      vertex 24.72628428786993 -13.680060021579266 0.01
      vertex 25.021320343017578 -13.421320341527462 0
      vertex 24.72628428786993 -13.680060021579266 16.890000000000004
    endloop
  endfacet
  facet normal 0.7518398024852507 -0.6593458207943227 0
    outer loop
      vertex 25.021320343017578 -13.421320341527462 0
      vertex 25.28006002306938 -13.126284286379814 0
      vertex 25.28006002306938 -13.126284286379814 16.890000000000004
    endloop
  endfacet
  facet normal 0.8314696207458843 -0.5555702203832522 0
    outer loop
      vertex 25.28006002306938 -13.126284286379814 0
      vertex 25.49807620793581 -12.799999997019768 0
      vertex 25.49807620793581 -12.799999997019768 16.890000000000004
    endloop
  endfacet
  facet normal 0.8968727407473451 -0.4422886918115197 0
    outer loop
      vertex 25.49807620793581 -12.799999997019768 0
      vertex 25.67163859307766 -12.448050297796726 0
      vertex 25.49807620793581 -12.799999997019768 16.890000000000004
    endloop
  endfacet
  facet normal 0.9469301300366787 -0.32143946370773846 0
    outer loop
      vertex 25.67163859307766 -12.448050297796726 0
      vertex 25.797777473926544 -12.076457135379314 0
      vertex 25.67163859307766 -12.448050297796726 16.890000000000004
    endloop
  endfacet
  facet normal 0.980785279639006 -0.1950903258581441 0
    outer loop
      vertex 25.797777473926544 -12.076457135379314 0
      vertex 25.874334581196308 -11.691578574478626 0
      vertex 25.874334581196308 -11.691578574478626 16.890000000000004
    endloop
  endfacet
  facet normal 0.9978589230086541 -0.06540313273849395 0
    outer loop
      vertex 25.874334581196308 -11.691578574478626 0
      vertex 25.899999998509884 -11.299999997019768 0
      vertex 25.874334581196308 -11.691578574478626 16.890000000000004
    endloop
  endfacet
  facet normal 0 0 -1
    outer loop
      vertex 23.9 -10.7 0
      vertex 15.696876517799831 -10.7 0
      vertex 23.9 10.7 0
    endloop
  endfacet
  facet normal 0 0 -1
    outer loop
      vertex 25.899999998509884 -11.299999997019768 0
      vertex 23.9 -10.7 0
      vertex 24.72628428786993 13.680060021579266 0
    endloop
  endfacet
  facet normal 0 -1 0
    outer loop
      vertex 5.992804174621238 -14.299999997019768 7.337642359419088
      vertex 22.899999998509884 -14.299999997019768 16.890000000000004
      vertex 5.999092201824819 -14.299999997019768 7.433579108487619
    endloop
  endfacet
  facet normal 0 -1 0
    outer loop
      vertex 5.999092201824819 -14.299999997019768 7.433579108487619
      vertex 22.899999998509884 -14.299999997019768 16.890000000000004
      vertex 6.010000002980231 -14.299999997019768 7.600000002980231
    endloop
  endfacet
  facet normal 0 -1 0
    outer loop
      vertex 6.010000002980231 -14.299999997019768 7.600000002980231
      vertex 22.899999998509884 -14.299999997019768 16.890000000000004
      vertex 6.010000002980231 -14.299999997019768 12.199999997019766
    endloop
  endfacet
  facet normal 0 -1 0
    outer loop
      vertex 6.010000002980231 -14.299999997019768 12.199999997019766
      vertex 22.899999998509884 -14.299999997019768 16.890000000000004
      vertex 5.999092201824819 -14.299999997019768 12.366420891512378
    endloop
  endfacet
  facet normal 0 -1 0
    outer loop
      vertex 5.999092201824819 -14.299999997019768 12.366420891512378
      vertex 22.899999998509884 -14.299999997019768 16.890000000000004
      vertex 5.992804174621238 -14.299999997019768 12.46235764058091
    endloop
  endfacet
  facet normal 0 -1 0
    outer loop
      vertex 5.992804174621238 -14.299999997019768 12.46235764058091
      vertex 22.899999998509884 -14.299999997019768 16.890000000000004
      vertex 5.974047685279617 -14.299999997019768 12.556652887428065
    endloop
  endfacet
  facet normal 0 -1 0
    outer loop
      vertex 5.974047685279617 -14.299999997019768 12.556652887428065
      vertex 22.899999998509884 -14.299999997019768 16.890000000000004
      vertex 5.941510916399733 -14.299999997019768 12.720226275500114
    endloop
  endfacet
  facet normal 0 -1 0
    outer loop
      vertex -22.899999998509884 -14.299999997019768 16.880000000000003
      vertex 4.262357643561143 -14.299999997019768 14.192804171641004
      vertex 22.899999998509884 -14.299999997019768 16.890000000000004
    endloop
  endfacet
  facet normal 0 0 1
    outer loop
      vertex 23.161052383482456 -13.28288971632719 17.890000000000004
      vertex -7 -9.5 17.890000000000004
      vertex -7.3915785774588585 -9.474334582686424 17.890000000000004
    endloop
  endfacet
  facet normal 0 -1 0
    outer loop
      vertex 5.59464021509395 -14.299999997019768 13.423610472705247
      vertex 22.899999998509884 -14.299999997019768 16.890000000000004
      vertex 5.484675851695945 -14.299999997019768 13.549000796242428
    endloop
  endfacet
  facet normal 0 -1 0
    outer loop
      vertex 4.262357643561143 -14.299999997019768 14.192804171641004
      vertex 4.356652890408299 -14.299999997019768 14.174047682299383
      vertex 22.899999998509884 -14.299999997019768 16.890000000000004
    endloop
  endfacet
  facet normal 0 -1 0
    outer loop
      vertex 5.421284630468805 -14.299999997019768 13.62128462748857
      vertex 22.899999998509884 -14.299999997019768 16.890000000000004
      vertex 5.349000799222662 -14.299999997019768 13.684675848715711
    endloop
  endfacet
  facet normal 0 -1 0
    outer loop
      vertex 5.421284630468805 -14.299999997019768 13.62128462748857
      vertex 5.484675851695945 -14.299999997019768 13.549000796242428
      vertex 22.899999998509884 -14.299999997019768 16.890000000000004
    endloop
  endfacet
  facet normal 0 -1 0
    outer loop
      vertex 5.223610475685481 -14.299999997019768 13.794640212113716
      vertex 5.349000799222662 -14.299999997019768 13.684675848715711
      vertex 22.899999998509884 -14.299999997019768 16.890000000000004
    endloop
  endfacet
  facet normal 0 -1 0
    outer loop
      vertex 5.0050000014901155 -14.299999997019768 13.940711059916092
      vertex 5.143670825278471 -14.299999997019768 13.848054178906514
      vertex 22.899999998509884 -14.299999997019768 16.890000000000004
    endloop
  endfacet
  facet normal 0 -1 0
    outer loop
      vertex 5.223610475685481 -14.299999997019768 13.794640212113716
      vertex 22.899999998509884 -14.299999997019768 16.890000000000004
      vertex 5.143670825278471 -14.299999997019768 13.848054178906514
    endloop
  endfacet
  facet normal 0 -1 0
    outer loop
      vertex 5.0050000014901155 -14.299999997019768 13.940711059916092
      vertex 22.899999998509884 -14.299999997019768 16.890000000000004
      vertex 4.918772323879524 -14.299999997019768 13.98323384584261
    endloop
  endfacet
  facet normal 0 -1 0
    outer loop
      vertex 4.356652890408299 -14.299999997019768 14.174047682299383
      vertex 4.520226278480348 -14.299999997019768 14.1415109134195
      vertex 22.899999998509884 -14.299999997019768 16.890000000000004
    endloop
  endfacet
  facet normal 0 -1 0
    outer loop
      vertex 4.520226278480348 -14.299999997019768 14.1415109134195
      vertex 4.611266602718897 -14.299999997019768 14.110606887799484
      vertex 22.899999998509884 -14.299999997019768 16.890000000000004
    endloop
  endfacet
  facet normal 0 -1 0
    outer loop
      vertex 4.769193698935757 -14.299999997019768 14.056997859325643
      vertex 22.899999998509884 -14.299999997019768 16.890000000000004
      vertex 4.611266602718897 -14.299999997019768 14.110606887799484
    endloop
  endfacet
  facet normal 0 -1 0
    outer loop
      vertex 4.769193698935757 -14.299999997019768 14.056997859325643
      vertex 4.918772323879524 -14.299999997019768 13.98323384584261
      vertex 22.899999998509884 -14.299999997019768 16.890000000000004
    endloop
  endfacet
  facet normal 0 -1 0
    outer loop
      vertex 5.941510916399733 -14.299999997019768 12.720226275500114
      vertex 22.899999998509884 -14.299999997019768 16.890000000000004
      vertex 5.910606890779718 -14.299999997019768 12.811266599738664
    endloop
  endfacet
  facet normal 0 -1 0
    outer loop
      vertex 5.910606890779718 -14.299999997019768 12.811266599738664
      vertex 22.899999998509884 -14.299999997019768 16.890000000000004
      vertex 5.856997862305877 -14.299999997019768 12.969193695955523
    endloop
  endfacet
  facet normal 0 -1 0
    outer loop
      vertex 5.856997862305877 -14.299999997019768 12.969193695955523
      vertex 22.899999998509884 -14.299999997019768 16.890000000000004
      vertex 5.783233848822844 -14.299999997019768 13.11877232089929
    endloop
  endfacet
  facet normal 0 -1 0
    outer loop
      vertex 5.783233848822844 -14.299999997019768 13.11877232089929
      vertex 22.899999998509884 -14.299999997019768 16.890000000000004
      vertex 5.7407110628963265 -14.299999997019768 13.204999998509882
    endloop
  endfacet
  facet normal 0 -1 0
    outer loop
      vertex 5.648054181886748 -14.299999997019768 13.343670822298236
      vertex 5.7407110628963265 -14.299999997019768 13.204999998509882
      vertex 22.899999998509884 -14.299999997019768 16.890000000000004
    endloop
  endfacet
  facet normal 0 -1 0
    outer loop
      vertex 5.648054181886748 -14.299999997019768 13.343670822298236
      vertex 22.899999998509884 -14.299999997019768 16.890000000000004
      vertex 5.59464021509395 -14.299999997019768 13.423610472705247
    endloop
  endfacet
  facet normal 0 -0.7071067811865475 0.7071067811865475
    outer loop
      vertex -22.899999998509884 -13.299999997019768 17.890000000000004
      vertex 22.899999998509884 -14.299999997019768 16.890000000000004
      vertex 22.899999998509884 -13.299999997019768 17.890000000000004
    endloop
  endfacet
  facet normal 0 0 1
    outer loop
      vertex -22.899999998509884 -13.299999997019768 17.890000000000004
      vertex 22.899999998509884 -13.299999997019768 17.890000000000004
      vertex 23.161052383482456 -13.28288971632719 17.890000000000004
    endloop
  endfacet
  facet normal 0 0 1
    outer loop
      vertex 23.161052383482456 -13.28288971632719 17.890000000000004
      vertex 18.5 -9.5 17.890000000000004
      vertex -7 -9.5 17.890000000000004
    endloop
  endfacet
  facet normal 0.06540313273849395 -0.997858923008654 0
    outer loop
      vertex 23.291578575968742 -14.274334579706192 0.01
      vertex 23.291578575968742 -14.274334579706192 16.890000000000004
      vertex 22.899999998509884 -14.299999997019768 16.890000000000004
    endloop
  endfacet
  facet normal 0.1950903258581441 -0.9807852796390061 0
    outer loop
      vertex 23.67645713686943 -14.197777472436428 0.01
      vertex 23.67645713686943 -14.197777472436428 16.890000000000004
      vertex 23.291578575968742 -14.274334579706192 16.890000000000004
    endloop
  endfacet
  facet normal 0.3214394637077385 -0.9469301300366788 0
    outer loop
      vertex 23.67645713686943 -14.197777472436428 0.01
      vertex 24.048050299286842 -14.071638591587543 16.890000000000004
      vertex 23.67645713686943 -14.197777472436428 16.890000000000004
    endloop
  endfacet
  facet normal 0.4422886918115197 -0.8968727407473451 0
    outer loop
      vertex 24.399999998509884 -13.898076206445694 0.01
      vertex 24.399999998509884 -13.898076206445694 16.890000000000004
      vertex 24.048050299286842 -14.071638591587543 16.890000000000004
    endloop
  endfacet
  facet normal 0.5555702203832522 -0.8314696207458843 0
    outer loop
      vertex 24.399999998509884 -13.898076206445694 0.01
      vertex 24.72628428786993 -13.680060021579266 16.890000000000004
      vertex 24.399999998509884 -13.898076206445694 16.890000000000004
    endloop
  endfacet
  facet normal 0.6593458207943227 -0.7518398024852507 0
    outer loop
      vertex 25.021320343017578 -13.421320341527462 0
      vertex 25.021320343017578 -13.421320341527462 16.890000000000004
      vertex 24.72628428786993 -13.680060021579266 16.890000000000004
    endloop
  endfacet
  facet normal 0.7518398024852507 -0.6593458207943227 0
    outer loop
      vertex 25.021320343017578 -13.421320341527462 0
      vertex 25.28006002306938 -13.126284286379814 16.890000000000004
      vertex 25.021320343017578 -13.421320341527462 16.890000000000004
    endloop
  endfacet
  facet normal 0.8314696207458843 -0.5555702203832522 0
    outer loop
      vertex 25.28006002306938 -13.126284286379814 0
      vertex 25.49807620793581 -12.799999997019768 16.890000000000004
      vertex 25.28006002306938 -13.126284286379814 16.890000000000004
    endloop
  endfacet
  facet normal 0.8968727407473451 -0.4422886918115197 0
    outer loop
      vertex 25.67163859307766 -12.448050297796726 0
      vertex 25.67163859307766 -12.448050297796726 16.890000000000004
      vertex 25.49807620793581 -12.799999997019768 16.890000000000004
    endloop
  endfacet
  facet normal 0.9469301300366787 -0.32143946370773846 0
    outer loop
      vertex 25.797777473926544 -12.076457135379314 0
      vertex 25.797777473926544 -12.076457135379314 16.890000000000004
      vertex 25.67163859307766 -12.448050297796726 16.890000000000004
    endloop
  endfacet
  facet normal 0.980785279639006 -0.1950903258581441 0
    outer loop
      vertex 25.797777473926544 -12.076457135379314 0
      vertex 25.874334581196308 -11.691578574478626 16.890000000000004
      vertex 25.797777473926544 -12.076457135379314 16.890000000000004
    endloop
  endfacet
  facet normal 0.9978589230086541 -0.06540313273849395 0
    outer loop
      vertex 25.899999998509884 -11.299999997019768 0
      vertex 25.899999998509884 -11.299999997019768 16.890000000000004
      vertex 25.874334581196308 -11.691578574478626 16.890000000000004
    endloop
  endfacet
  facet normal 0.04629653433489803 -0.7063485792824168 0.7063485792824168
    outer loop
      vertex 22.899999998509884 -14.299999997019768 16.890000000000004
      vertex 23.291578575968742 -14.274334579706192 16.890000000000004
      vertex 22.899999998509884 -13.299999997019768 17.890000000000004
    endloop
  endfacet
  facet normal 0.138097452078298 -0.6942627603817373 0.7063485777409144
    outer loop
      vertex 23.291578575968742 -14.274334579706192 16.890000000000004
      vertex 23.67645713686943 -14.197777472436428 16.890000000000004
      vertex 23.417638085782528 -13.231851652264595 17.890000000000004
    endloop
  endfacet
  facet normal 0.04629654095430644 -0.7063485777498106 0.7063485803811641
    outer loop
      vertex 23.291578575968742 -14.274334579706192 16.890000000000004
      vertex 23.161052383482456 -13.28288971632719 17.890000000000004
      vertex 22.899999998509884 -13.299999997019768 17.890000000000004
    endloop
  endfacet
  facet normal 0.1380974347105019 -0.6942627609772737 0.7063485805511268
    outer loop
      vertex 23.291578575968742 -14.274334579706192 16.890000000000004
      vertex 23.417638085782528 -13.231851652264595 17.890000000000004
      vertex 23.161052383482456 -13.28288971632719 17.890000000000004
    endloop
  endfacet
  facet normal 0.22753548007823357 -0.6702979131844935 0.7063485774644703
    outer loop
      vertex 23.67645713686943 -14.197777472436428 16.890000000000004
      vertex 24.048050299286842 -14.071638591587543 16.890000000000004
      vertex 23.665366865694523 -13.147759065032005 17.890000000000004
    endloop
  endfacet
  facet normal 0.31308031889277976 -0.6348640805835469 0.7063485776207117
    outer loop
      vertex 24.048050299286842 -14.071638591587543 16.890000000000004
      vertex 24.399999998509884 -13.898076206445694 16.890000000000004
      vertex 23.665366865694523 -13.147759065032005 17.890000000000004
    endloop
  endfacet
  facet normal 0.22753547576038918 -0.6702979139042554 0.7063485781723474
    outer loop
      vertex 23.67645713686943 -14.197777472436428 16.890000000000004
      vertex 23.665366865694523 -13.147759065032005 17.890000000000004
      vertex 23.417638085782528 -13.231851652264595 17.890000000000004
    endloop
  endfacet
  facet normal 0.31308032883173775 -0.6348640734847008 0.7063485795958135
    outer loop
      vertex 24.399999998509884 -13.898076206445694 16.890000000000004
      vertex 23.899999998509884 -13.032050803303719 17.890000000000004
      vertex 23.665366865694523 -13.147759065032005 17.890000000000004
    endloop
  endfacet
  facet normal 0.3932682533326326 -0.5885675535746149 0.7063485795270584
    outer loop
      vertex 24.72628428786993 -13.680060021579266 16.890000000000004
      vertex 24.117522858083248 -12.886706680059433 17.890000000000004
      vertex 23.899999998509884 -13.032050803303719 17.890000000000004
    endloop
  endfacet
  facet normal 0.39326825333263266 -0.5885675535746149 0.7063485795270584
    outer loop
      vertex 24.399999998509884 -13.898076206445694 16.890000000000004
      vertex 24.72628428786993 -13.680060021579266 16.890000000000004
      vertex 23.899999998509884 -13.032050803303719 17.890000000000004
    endloop
  endfacet
  facet normal 0.46672728254702106 -0.5322004581782154 0.7063485796978505
    outer loop
      vertex 24.72628428786993 -13.680060021579266 16.890000000000004
      vertex 25.021320343017578 -13.421320341527462 16.890000000000004
      vertex 24.117522858083248 -12.886706680059433 17.890000000000004
    endloop
  endfacet
  facet normal 0.5322004581782154 -0.46672728254702106 0.7063485796978505
    outer loop
      vertex 25.021320343017578 -13.421320341527462 16.890000000000004
      vertex 25.28006002306938 -13.126284286379814 16.890000000000004
      vertex 24.48670668154955 -12.517522856593132 17.890000000000004
    endloop
  endfacet
  facet normal 0.46672728865435636 -0.5322004507599033 0.7063485812517136
    outer loop
      vertex 25.021320343017578 -13.421320341527462 16.890000000000004
      vertex 24.314213559031487 -12.71421355754137 17.890000000000004
      vertex 24.117522858083248 -12.886706680059433 17.890000000000004
    endloop
  endfacet
  facet normal 0 0 1
    outer loop
      vertex 23.161052383482456 -13.28288971632719 17.890000000000004
      vertex 23.417638085782528 -13.231851652264595 17.890000000000004
      vertex 23.665366865694523 -13.147759065032005 17.890000000000004
    endloop
  endfacet
  facet normal 0 0 1
    outer loop
      vertex 23.161052383482456 -13.28288971632719 17.890000000000004
      vertex 23.665366865694523 -13.147759065032005 17.890000000000004
      vertex 23.899999998509884 -13.032050803303719 17.890000000000004
    endloop
  endfacet
  facet normal 0.5885675535746149 -0.39326825333263266 0.7063485795270584
    outer loop
      vertex 25.28006002306938 -13.126284286379814 16.890000000000004
      vertex 25.49807620793581 -12.799999997019768 16.890000000000004
      vertex 24.48670668154955 -12.517522856593132 17.890000000000004
    endloop
  endfacet
  facet normal 0.5322004507599033 -0.46672728865435636 0.7063485812517136
    outer loop
      vertex 25.021320343017578 -13.421320341527462 16.890000000000004
      vertex 24.48670668154955 -12.517522856593132 17.890000000000004
      vertex 24.314213559031487 -12.71421355754137 17.890000000000004
    endloop
  endfacet
  facet normal 0.5885675535746149 -0.3932682533326326 0.7063485795270584
    outer loop
      vertex 25.49807620793581 -12.799999997019768 16.890000000000004
      vertex 24.632050804793835 -12.299999997019768 17.890000000000004
      vertex 24.48670668154955 -12.517522856593132 17.890000000000004
    endloop
  endfacet
  facet normal 0.6348640734847008 -0.31308032883173775 0.7063485795958135
    outer loop
      vertex 25.49807620793581 -12.799999997019768 16.890000000000004
      vertex 24.74775906652212 -12.065366864204407 17.890000000000004
      vertex 24.632050804793835 -12.299999997019768 17.890000000000004
    endloop
  endfacet
  facet normal 0.6348640805835469 -0.31308031889277976 0.7063485776207117
    outer loop
      vertex 25.49807620793581 -12.799999997019768 16.890000000000004
      vertex 25.67163859307766 -12.448050297796726 16.890000000000004
      vertex 24.74775906652212 -12.065366864204407 17.890000000000004
    endloop
  endfacet
  facet normal 0.6702979131844935 -0.22753548007823357 0.7063485774644703
    outer loop
      vertex 25.67163859307766 -12.448050297796726 16.890000000000004
      vertex 25.797777473926544 -12.076457135379314 16.890000000000004
      vertex 24.74775906652212 -12.065366864204407 17.890000000000004
    endloop
  endfacet
  facet normal 0.6942627603817373 -0.138097452078298 0.7063485777409144
    outer loop
      vertex 25.797777473926544 -12.076457135379314 16.890000000000004
      vertex 25.874334581196308 -11.691578574478626 16.890000000000004
      vertex 24.83185165375471 -11.817638084292412 17.890000000000004
    endloop
  endfacet
  facet normal 0.6702979139042554 -0.22753547576038918 0.7063485781723474
    outer loop
      vertex 25.797777473926544 -12.076457135379314 16.890000000000004
      vertex 24.83185165375471 -11.817638084292412 17.890000000000004
      vertex 24.74775906652212 -12.065366864204407 17.890000000000004
    endloop
  endfacet
  facet normal 0.6942627609772737 -0.1380974347105019 0.7063485805511268
    outer loop
      vertex 25.874334581196308 -11.691578574478626 16.890000000000004
      vertex 24.882889717817307 -11.56105238199234 17.890000000000004
      vertex 24.83185165375471 -11.817638084292412 17.890000000000004
    endloop
  endfacet
  facet normal 0.7063485792824168 -0.04629653433489803 0.7063485792824168
    outer loop
      vertex 25.874334581196308 -11.691578574478626 16.890000000000004
      vertex 25.899999998509884 -11.299999997019768 16.890000000000004
      vertex 24.899999998509884 -11.299999997019768 17.890000000000004
    endloop
  endfacet
  facet normal 0.7063485777498106 -0.04629654095430644 0.7063485803811641
    outer loop
      vertex 25.874334581196308 -11.691578574478626 16.890000000000004
      vertex 24.899999998509884 -11.299999997019768 17.890000000000004
      vertex 24.882889717817307 -11.56105238199234 17.890000000000004
    endloop
  endfacet
  facet normal 0 0 1
    outer loop
      vertex 23.161052383482456 -13.28288971632719 17.890000000000004
      vertex 23.899999998509884 -13.032050803303719 17.890000000000004
      vertex 24.48670668154955 -12.517522856593132 17.890000000000004
    endloop
  endfacet
  facet normal 0 0 1
    outer loop
      vertex 23.899999998509884 -13.032050803303719 17.890000000000004
      vertex 24.117522858083248 -12.886706680059433 17.890000000000004
      vertex 24.48670668154955 -12.517522856593132 17.890000000000004
    endloop
  endfacet
  facet normal 0 0 1
    outer loop
      vertex 23.161052383482456 -13.28288971632719 17.890000000000004
      vertex 24.48670668154955 -12.517522856593132 17.890000000000004
      vertex 24.899999998509884 -11.299999997019768 17.890000000000004
    endloop
  endfacet
  facet normal 0 0 1
    outer loop
      vertex 24.117522858083248 -12.886706680059433 17.890000000000004
      vertex 24.314213559031487 -12.71421355754137 17.890000000000004
      vertex 24.48670668154955 -12.517522856593132 17.890000000000004
    endloop
  endfacet
  facet normal 0 0 1
    outer loop
      vertex 24.48670668154955 -12.517522856593132 17.890000000000004
      vertex 24.632050804793835 -12.299999997019768 17.890000000000004
      vertex 24.74775906652212 -12.065366864204407 17.890000000000004
    endloop
  endfacet
  facet normal 0 0 1
    outer loop
      vertex 24.48670668154955 -12.517522856593132 17.890000000000004
      vertex 24.74775906652212 -12.065366864204407 17.890000000000004
      vertex 24.899999998509884 -11.299999997019768 17.890000000000004
    endloop
  endfacet
  facet normal 0 0 1
    outer loop
      vertex 24.74775906652212 -12.065366864204407 17.890000000000004
      vertex 24.83185165375471 -11.817638084292412 17.890000000000004
      vertex 24.899999998509884 -11.299999997019768 17.890000000000004
    endloop
  endfacet
  facet normal 0 0 1
    outer loop
      vertex 24.83185165375471 -11.817638084292412 17.890000000000004
      vertex 24.882889717817307 -11.56105238199234 17.890000000000004
      vertex 24.899999998509884 -11.299999997019768 17.890000000000004
    endloop
  endfacet
  facet normal 0 0 1
    outer loop
      vertex 23.161052383482456 -13.28288971632719 17.890000000000004
      vertex 18.89157857745886 -9.474334582686424 17.890000000000004
      vertex 18.5 -9.5 17.890000000000004
    endloop
  endfacet
  facet normal 0 0 1
    outer loop
      vertex 23.161052383482456 -13.28288971632719 17.890000000000004
      vertex 19.276457138359547 -9.39777747541666 17.890000000000004
      vertex 18.89157857745886 -9.474334582686424 17.890000000000004
    endloop
  endfacet
  facet normal 0 0 1
    outer loop
      vertex 23.161052383482456 -13.28288971632719 17.890000000000004
      vertex 19.64805030077696 -9.271638594567776 17.890000000000004
      vertex 19.276457138359547 -9.39777747541666 17.890000000000004
    endloop
  endfacet
  facet normal 0 0 1
    outer loop
      vertex 23.161052383482456 -13.28288971632719 17.890000000000004
      vertex 20 -9.098076209425926 17.890000000000004
      vertex 19.64805030077696 -9.271638594567776 17.890000000000004
    endloop
  endfacet
  facet normal 0 0 1
    outer loop
      vertex 23.161052383482456 -13.28288971632719 17.890000000000004
      vertex 20.326284289360046 -8.880060024559498 17.890000000000004
      vertex 20 -9.098076209425926 17.890000000000004
    endloop
  endfacet
  facet normal 0 0 1
    outer loop
      vertex 23.161052383482456 -13.28288971632719 17.890000000000004
      vertex 20.621320344507694 -8.621320344507694 17.890000000000004
      vertex 20.326284289360046 -8.880060024559498 17.890000000000004
    endloop
  endfacet
  facet normal 0 0 1
    outer loop
      vertex 23.161052383482456 -13.28288971632719 17.890000000000004
      vertex 20.880060024559498 -8.326284289360046 17.890000000000004
      vertex 20.621320344507694 -8.621320344507694 17.890000000000004
    endloop
  endfacet
  facet normal 0 0 1
    outer loop
      vertex 23.161052383482456 -13.28288971632719 17.890000000000004
      vertex 21.098076209425926 -8 17.890000000000004
      vertex 20.880060024559498 -8.326284289360046 17.890000000000004
    endloop
  endfacet
  facet normal 0 0 1
    outer loop
      vertex 23.161052383482456 -13.28288971632719 17.890000000000004
      vertex 21.271638594567776 -7.6480503007769585 17.890000000000004
      vertex 21.098076209425926 -8 17.890000000000004
    endloop
  endfacet
  facet normal 0 0 1
    outer loop
      vertex 23.161052383482456 -13.28288971632719 17.890000000000004
      vertex 21.39777747541666 -7.276457138359547 17.890000000000004
      vertex 21.271638594567776 -7.6480503007769585 17.890000000000004
    endloop
  endfacet
  facet normal 0 0 1
    outer loop
      vertex 23.161052383482456 -13.28288971632719 17.890000000000004
      vertex 21.474334582686424 -6.8915785774588585 17.890000000000004
      vertex 21.39777747541666 -7.276457138359547 17.890000000000004
    endloop
  endfacet
  facet normal 0 0 1
    outer loop
      vertex 23.161052383482456 -13.28288971632719 17.890000000000004
      vertex 21.5 -6.5 17.890000000000004
      vertex 21.474334582686424 -6.8915785774588585 17.890000000000004
    endloop
  endfacet
  facet normal 1 0 0
    outer loop
      vertex 25.899999998509884 -11.299999997019768 0
      vertex 25.899999998509884 11.299999997019768 16.890000000000004
      vertex 25.899999998509884 -11.299999997019768 16.890000000000004
    endloop
  endfacet
  facet normal 0 0 1
    outer loop
      vertex 23.161052383482456 -13.28288971632719 17.890000000000004
      vertex 21.5 6.5 17.890000000000004
      vertex 21.5 -6.5 17.890000000000004
    endloop
  endfacet
  facet normal 0.7071067811865476 0 0.7071067811865476
    outer loop
      vertex 25.899999998509884 -11.299999997019768 16.890000000000004
      vertex 25.899999998509884 11.299999997019768 16.890000000000004
      vertex 24.899999998509884 -11.299999997019768 17.890000000000004
    endloop
  endfacet
  facet normal 0 0 1
    outer loop
      vertex 23.161052383482456 -13.28288971632719 17.890000000000004
      vertex 24.899999998509884 -11.299999997019768 17.890000000000004
      vertex 23.899999998509884 13.032050803303719 17.890000000000004
    endloop
  endfacet
  facet normal 0 0 -1
    outer loop
      vertex 15.696876517799831 -10.7 0
      vertex -15.696876517799831 10.7 0
      vertex 15.696876517799831 10.7 0
    endloop
  endfacet
  facet normal 0 0 -1
    outer loop
      vertex -15.696876517799831 12.899999999999999 0
      vertex 15.696876517799831 12.899999999999999 0
      vertex 15.696876517799831 10.7 0
    endloop
  endfacet
  facet normal 0 0 -1
    outer loop
      vertex 24.72628428786993 13.680060021579266 0
      vertex 15.696876517799831 12.899999999999999 0
      vertex -15.696876517799831 12.899999999999999 0
    endloop
  endfacet
  facet normal 0 0 -1
    outer loop
      vertex -22.899999998509884 14.299999997019768 0
      vertex 22.899999998509884 14.299999997019768 0
      vertex 24.72628428786993 13.680060021579266 0
    endloop
  endfacet
  facet normal 0 1 0
    outer loop
      vertex -22.899999998509884 14.299999997019768 0
      vertex 22.899999998509884 14.299999997019768 16.890000000000004
      vertex 22.899999998509884 14.299999997019768 0
    endloop
  endfacet
  facet normal 0 0 -1
    outer loop
      vertex 15.696876517799831 -10.7 0
      vertex 15.696876517799831 10.7 0
      vertex 23.9 10.7 0
    endloop
  endfacet
  facet normal 0 0 -1
    outer loop
      vertex 24.72628428786993 13.680060021579266 0
      vertex 23.9 -10.7 0
      vertex 23.9 10.7 0
    endloop
  endfacet
  facet normal 0 0 -1
    outer loop
      vertex 25.899999998509884 -11.299999997019768 0
      vertex 24.72628428786993 13.680060021579266 0
      vertex 25.899999998509884 11.299999997019768 0
    endloop
  endfacet
  facet normal 1 0 0
    outer loop
      vertex 25.899999998509884 -11.299999997019768 0
      vertex 25.899999998509884 11.299999997019768 0
      vertex 25.899999998509884 11.299999997019768 16.890000000000004
    endloop
  endfacet
  facet normal 0 0 -1
    outer loop
      vertex 24.72628428786993 13.680060021579266 0
      vertex 23.9 12.899999999999999 0
      vertex 15.696876517799831 12.899999999999999 0
    endloop
  endfacet
  facet normal 0 0 -1
    outer loop
      vertex 24.72628428786993 13.680060021579266 0
      vertex 23.9 10.7 0
      vertex 23.9 12.899999999999999 0
    endloop
  endfacet
  facet normal 0 0 -1
    outer loop
      vertex 25.899999998509884 11.299999997019768 0
      vertex 25.67163859307766 12.448050297796726 0
      vertex 25.874334581196308 11.691578574478626 0
    endloop
  endfacet
  facet normal 0.980785279639006 0.1950903258581441 0
    outer loop
      vertex 25.874334581196308 11.691578574478626 0
      vertex 25.797777473926544 12.076457135379314 0
      vertex 25.874334581196308 11.691578574478626 0.01
    endloop
  endfacet
  facet normal 0 0 -1
    outer loop
      vertex 25.899999998509884 11.299999997019768 0
      vertex 24.72628428786993 13.680060021579266 0
      vertex 25.67163859307766 12.448050297796726 0
    endloop
  endfacet
  facet normal 0 0 -1
    outer loop
      vertex 25.874334581196308 11.691578574478626 0
      vertex 25.67163859307766 12.448050297796726 0
      vertex 25.797777473926544 12.076457135379314 0
    endloop
  endfacet
  facet normal 0 0 -1
    outer loop
      vertex 25.67163859307766 12.448050297796726 0
      vertex 25.28006002306938 13.126284286379814 0
      vertex 25.49807620793581 12.799999997019768 0
    endloop
  endfacet
  facet normal 0 0 -1
    outer loop
      vertex 22.899999998509884 14.299999997019768 0
      vertex 23.291578575968742 14.274334579706192 0
      vertex 23.67645713686943 14.197777472436428 0
    endloop
  endfacet
  facet normal 0 0 -1
    outer loop
      vertex 22.899999998509884 14.299999997019768 0
      vertex 23.67645713686943 14.197777472436428 0
      vertex 24.72628428786993 13.680060021579266 0
    endloop
  endfacet
  facet normal 0 0 -1
    outer loop
      vertex 23.67645713686943 14.197777472436428 0
      vertex 24.048050299286842 14.071638591587543 0
      vertex 24.72628428786993 13.680060021579266 0
    endloop
  endfacet
  facet normal 0 0 -1
    outer loop
      vertex 25.021320343017578 13.421320341527462 0
      vertex 25.28006002306938 13.126284286379814 0
      vertex 24.72628428786993 13.680060021579266 0
    endloop
  endfacet
  facet normal 0 0 -1
    outer loop
      vertex 25.67163859307766 12.448050297796726 0
      vertex 24.72628428786993 13.680060021579266 0
      vertex 25.28006002306938 13.126284286379814 0
    endloop
  endfacet
  facet normal 0 0 -1
    outer loop
      vertex 24.048050299286842 14.071638591587543 0
      vertex 24.399999998509884 13.898076206445694 0
      vertex 24.72628428786993 13.680060021579266 0
    endloop
  endfacet
  facet normal 0.9978589230086541 0.06540313273849395 0
    outer loop
      vertex 25.899999998509884 11.299999997019768 0
      vertex 25.874334581196308 11.691578574478626 0
      vertex 25.899999998509884 11.299999997019768 16.890000000000004
    endloop
  endfacet
  facet normal 0.9978589230086541 0.06540313273849395 0
    outer loop
      vertex 25.874334581196308 11.691578574478626 0
      vertex 25.874334581196308 11.691578574478626 0.01
      vertex 25.899999998509884 11.299999997019768 16.890000000000004
    endloop
  endfacet
  facet normal 0.9807852796390061 0.1950903258581441 0
    outer loop
      vertex 25.874334581196308 11.691578574478626 0.01
      vertex 25.797777473926544 12.076457135379314 0
      vertex 25.874334581196308 11.691578574478626 16.890000000000004
    endloop
  endfacet
  facet normal 0.9469301300366787 0.32143946370773846 0
    outer loop
      vertex 25.797777473926544 12.076457135379314 0
      vertex 25.67163859307766 12.448050297796726 0
      vertex 25.67163859307766 12.448050297796726 16.890000000000004
    endloop
  endfacet
  facet normal 0.8968727407473451 0.4422886918115197 0
    outer loop
      vertex 25.67163859307766 12.448050297796726 0
      vertex 25.49807620793581 12.799999997019768 0
      vertex 25.67163859307766 12.448050297796726 16.890000000000004
    endloop
  endfacet
  facet normal 0.06540313273849395 0.9978589230086541 0
    outer loop
      vertex 22.899999998509884 14.299999997019768 0
      vertex 22.899999998509884 14.299999997019768 16.890000000000004
      vertex 23.291578575968742 14.274334579706192 0
    endloop
  endfacet
  facet normal 0.1950903258581441 0.980785279639006 0
    outer loop
      vertex 23.291578575968742 14.274334579706192 0
      vertex 23.291578575968742 14.274334579706192 16.890000000000004
      vertex 23.67645713686943 14.197777472436428 0
    endloop
  endfacet
  facet normal 0.32143946370773846 0.9469301300366787 0
    outer loop
      vertex 23.67645713686943 14.197777472436428 0
      vertex 24.048050299286842 14.071638591587543 16.890000000000004
      vertex 24.048050299286842 14.071638591587543 0
    endloop
  endfacet
  facet normal 0.5555702203832522 0.8314696207458843 0
    outer loop
      vertex 24.72628428786993 13.680060021579266 0
      vertex 24.399999998509884 13.898076206445694 0
      vertex 24.399999998509884 13.898076206445694 16.890000000000004
    endloop
  endfacet
  facet normal 0.6593458207943227 0.7518398024852507 0
    outer loop
      vertex 25.021320343017578 13.421320341527462 0
      vertex 24.72628428786993 13.680060021579266 0
      vertex 25.021320343017578 13.421320341527462 16.890000000000004
    endloop
  endfacet
  facet normal 0.8314696207458843 0.5555702203832522 0
    outer loop
      vertex 25.49807620793581 12.799999997019768 0
      vertex 25.28006002306938 13.126284286379814 0
      vertex 25.28006002306938 13.126284286379814 16.890000000000004
    endloop
  endfacet
  facet normal 0.7518398024852507 0.6593458207943227 0
    outer loop
      vertex 25.021320343017578 13.421320341527462 0
      vertex 25.021320343017578 13.421320341527462 16.890000000000004
      vertex 25.28006002306938 13.126284286379814 0
    endloop
  endfacet
  facet normal 0.4422886918115197 0.8968727407473451 0
    outer loop
      vertex 24.048050299286842 14.071638591587543 0
      vertex 24.399999998509884 13.898076206445694 16.890000000000004
      vertex 24.399999998509884 13.898076206445694 0
    endloop
  endfacet
  facet normal 0 0 1
    outer loop
      vertex 23.899999998509884 13.032050803303719 17.890000000000004
      vertex -7.3915785774588585 9.474334582686424 17.890000000000004
      vertex -7 9.5 17.890000000000004
    endloop
  endfacet
  facet normal 0 0 1
    outer loop
      vertex 23.899999998509884 13.032050803303719 17.890000000000004
      vertex -7 9.5 17.890000000000004
      vertex 18.5 9.5 17.890000000000004
    endloop
  endfacet
  facet normal 0 0.7071067811865475 0.7071067811865475
    outer loop
      vertex -22.899999998509884 13.299999997019768 17.890000000000004
      vertex 22.899999998509884 13.299999997019768 17.890000000000004
      vertex 22.899999998509884 14.299999997019768 16.890000000000004
    endloop
  endfacet
  facet normal 0 0 1
    outer loop
      vertex -22.899999998509884 13.299999997019768 17.890000000000004
      vertex 23.899999998509884 13.032050803303719 17.890000000000004
      vertex 22.899999998509884 13.299999997019768 17.890000000000004
    endloop
  endfacet
  facet normal 0 0 1
    outer loop
      vertex 23.161052383482456 -13.28288971632719 17.890000000000004
      vertex 21.474334582686424 6.8915785774588585 17.890000000000004
      vertex 21.5 6.5 17.890000000000004
    endloop
  endfacet
  facet normal 0 0 1
    outer loop
      vertex 23.161052383482456 -13.28288971632719 17.890000000000004
      vertex 23.899999998509884 13.032050803303719 17.890000000000004
      vertex 21.474334582686424 6.8915785774588585 17.890000000000004
    endloop
  endfacet
  facet normal 0.7071067811865476 0 0.7071067811865476
    outer loop
      vertex 24.899999998509884 -11.299999997019768 17.890000000000004
      vertex 25.899999998509884 11.299999997019768 16.890000000000004
      vertex 24.899999998509884 11.299999997019768 17.890000000000004
    endloop
  endfacet
  facet normal 0 0 1
    outer loop
      vertex 24.899999998509884 -11.299999997019768 17.890000000000004
      vertex 24.899999998509884 11.299999997019768 17.890000000000004
      vertex 24.48670668154955 12.517522856593132 17.890000000000004
    endloop
  endfacet
  facet normal 0 0 1
    outer loop
      vertex 24.899999998509884 -11.299999997019768 17.890000000000004
      vertex 24.48670668154955 12.517522856593132 17.890000000000004
      vertex 23.899999998509884 13.032050803303719 17.890000000000004
    endloop
  endfacet
  facet normal 0.997858923008654 0.06540313273849395 0
    outer loop
      vertex 25.874334581196308 11.691578574478626 0.01
      vertex 25.874334581196308 11.691578574478626 16.890000000000004
      vertex 25.899999998509884 11.299999997019768 16.890000000000004
    endloop
  endfacet
  facet normal 0.980785279639006 0.1950903258581441 0
    outer loop
      vertex 25.797777473926544 12.076457135379314 0
      vertex 25.797777473926544 12.076457135379314 16.890000000000004
      vertex 25.874334581196308 11.691578574478626 16.890000000000004
    endloop
  endfacet
  facet normal 0.9469301300366787 0.32143946370773846 0
    outer loop
      vertex 25.797777473926544 12.076457135379314 0
      vertex 25.67163859307766 12.448050297796726 16.890000000000004
      vertex 25.797777473926544 12.076457135379314 16.890000000000004
    endloop
  endfacet
  facet normal 0.8314696207458843 0.5555702203832522 0
    outer loop
      vertex 25.49807620793581 12.799999997019768 0
      vertex 25.28006002306938 13.126284286379814 16.890000000000004
      vertex 25.49807620793581 12.799999997019768 16.890000000000004
    endloop
  endfacet
  facet normal 0.8968727407473451 0.4422886918115197 0
    outer loop
      vertex 25.49807620793581 12.799999997019768 0
      vertex 25.49807620793581 12.799999997019768 16.890000000000004
      vertex 25.67163859307766 12.448050297796726 16.890000000000004
    endloop
  endfacet
  facet normal 0.06540313273849395 0.9978589230086541 0
    outer loop
      vertex 23.291578575968742 14.274334579706192 0
      vertex 22.899999998509884 14.299999997019768 16.890000000000004
      vertex 23.291578575968742 14.274334579706192 16.890000000000004
    endloop
  endfacet
  facet normal 0.1950903258581441 0.980785279639006 0
    outer loop
      vertex 23.67645713686943 14.197777472436428 0
      vertex 23.291578575968742 14.274334579706192 16.890000000000004
      vertex 23.67645713686943 14.197777472436428 16.890000000000004
    endloop
  endfacet
  facet normal 0.32143946370773846 0.9469301300366787 0
    outer loop
      vertex 23.67645713686943 14.197777472436428 0
      vertex 23.67645713686943 14.197777472436428 16.890000000000004
      vertex 24.048050299286842 14.071638591587543 16.890000000000004
    endloop
  endfacet
  facet normal 0.4422886918115197 0.8968727407473451 0
    outer loop
      vertex 24.048050299286842 14.071638591587543 0
      vertex 24.048050299286842 14.071638591587543 16.890000000000004
      vertex 24.399999998509884 13.898076206445694 16.890000000000004
    endloop
  endfacet
  facet normal 0.5555702203832522 0.8314696207458843 0
    outer loop
      vertex 24.72628428786993 13.680060021579266 0
      vertex 24.399999998509884 13.898076206445694 16.890000000000004
      vertex 24.72628428786993 13.680060021579266 16.890000000000004
    endloop
  endfacet
  facet normal 0.6593458207943227 0.7518398024852507 0
    outer loop
      vertex 24.72628428786993 13.680060021579266 0
      vertex 24.72628428786993 13.680060021579266 16.890000000000004
      vertex 25.021320343017578 13.421320341527462 16.890000000000004
    endloop
  endfacet
  facet normal 0.7518398024852507 0.6593458207943227 0
    outer loop
      vertex 25.28006002306938 13.126284286379814 0
      vertex 25.021320343017578 13.421320341527462 16.890000000000004
      vertex 25.28006002306938 13.126284286379814 16.890000000000004
    endloop
  endfacet
  facet normal 0 0 1
    outer loop
      vertex 23.899999998509884 13.032050803303719 17.890000000000004
      vertex 21.39777747541666 7.276457138359547 17.890000000000004
      vertex 21.474334582686424 6.8915785774588585 17.890000000000004
    endloop
  endfacet
  facet normal 0 0 1
    outer loop
      vertex 23.899999998509884 13.032050803303719 17.890000000000004
      vertex 18.89157857745886 9.474334582686424 17.890000000000004
      vertex 19.276457138359547 9.39777747541666 17.890000000000004
    endloop
  endfacet
  facet normal 0 0 1
    outer loop
      vertex 23.899999998509884 13.032050803303719 17.890000000000004
      vertex 19.276457138359547 9.39777747541666 17.890000000000004
      vertex 19.64805030077696 9.271638594567776 17.890000000000004
    endloop
  endfacet
  facet normal 0 0 1
    outer loop
      vertex 23.899999998509884 13.032050803303719 17.890000000000004
      vertex 18.5 9.5 17.890000000000004
      vertex 18.89157857745886 9.474334582686424 17.890000000000004
    endloop
  endfacet
  facet normal 0 0 1
    outer loop
      vertex 23.899999998509884 13.032050803303719 17.890000000000004
      vertex 20.621320344507694 8.621320344507694 17.890000000000004
      vertex 20.880060024559498 8.326284289360046 17.890000000000004
    endloop
  endfacet
  facet normal 0 0 1
    outer loop
      vertex 23.899999998509884 13.032050803303719 17.890000000000004
      vertex 21.271638594567776 7.6480503007769585 17.890000000000004
      vertex 21.39777747541666 7.276457138359547 17.890000000000004
    endloop
  endfacet
  facet normal 0 0 1
    outer loop
      vertex 23.899999998509884 13.032050803303719 17.890000000000004
      vertex 21.098076209425926 8 17.890000000000004
      vertex 21.271638594567776 7.6480503007769585 17.890000000000004
    endloop
  endfacet
  facet normal 0 0 1
    outer loop
      vertex 23.899999998509884 13.032050803303719 17.890000000000004
      vertex 20.880060024559498 8.326284289360046 17.890000000000004
      vertex 21.098076209425926 8 17.890000000000004
    endloop
  endfacet
  facet normal 0 0 1
    outer loop
      vertex 23.899999998509884 13.032050803303719 17.890000000000004
      vertex 20 9.098076209425926 17.890000000000004
      vertex 20.326284289360046 8.880060024559498 17.890000000000004
    endloop
  endfacet
  facet normal 0 0 1
    outer loop
      vertex 23.899999998509884 13.032050803303719 17.890000000000004
      vertex 19.64805030077696 9.271638594567776 17.890000000000004
      vertex 20 9.098076209425926 17.890000000000004
    endloop
  endfacet
  facet normal 0 0 1
    outer loop
      vertex 23.899999998509884 13.032050803303719 17.890000000000004
      vertex 20.326284289360046 8.880060024559498 17.890000000000004
      vertex 20.621320344507694 8.621320344507694 17.890000000000004
    endloop
  endfacet
  facet normal 0.7063485792824168 0.04629653433489803 0.7063485792824168
    outer loop
      vertex 25.899999998509884 11.299999997019768 16.890000000000004
      vertex 25.874334581196308 11.691578574478626 16.890000000000004
      vertex 24.899999998509884 11.299999997019768 17.890000000000004
    endloop
  endfacet
  facet normal 0.7063485777498106 0.04629654095430644 0.7063485803811641
    outer loop
      vertex 25.874334581196308 11.691578574478626 16.890000000000004
      vertex 24.882889717817307 11.56105238199234 17.890000000000004
      vertex 24.899999998509884 11.299999997019768 17.890000000000004
    endloop
  endfacet
  facet normal 0.6942627603817373 0.138097452078298 0.7063485777409144
    outer loop
      vertex 25.874334581196308 11.691578574478626 16.890000000000004
      vertex 25.797777473926544 12.076457135379314 16.890000000000004
      vertex 24.83185165375471 11.817638084292412 17.890000000000004
    endloop
  endfacet
  facet normal 0.6942627609772737 0.1380974347105019 0.7063485805511268
    outer loop
      vertex 25.874334581196308 11.691578574478626 16.890000000000004
      vertex 24.83185165375471 11.817638084292412 17.890000000000004
      vertex 24.882889717817307 11.56105238199234 17.890000000000004
    endloop
  endfacet
  facet normal 0.6702979139042554 0.22753547576038918 0.7063485781723474
    outer loop
      vertex 25.797777473926544 12.076457135379314 16.890000000000004
      vertex 24.74775906652212 12.065366864204407 17.890000000000004
      vertex 24.83185165375471 11.817638084292412 17.890000000000004
    endloop
  endfacet
  facet normal 0.6348640734847008 0.31308032883173775 0.7063485795958135
    outer loop
      vertex 25.49807620793581 12.799999997019768 16.890000000000004
      vertex 24.632050804793835 12.299999997019768 17.890000000000004
      vertex 24.74775906652212 12.065366864204407 17.890000000000004
    endloop
  endfacet
  facet normal 0.5322004507599033 0.46672728865435636 0.7063485812517136
    outer loop
      vertex 24.314213559031487 12.71421355754137 17.890000000000004
      vertex 24.48670668154955 12.517522856593132 17.890000000000004
      vertex 25.021320343017578 13.421320341527462 16.890000000000004
    endloop
  endfacet
  facet normal 0.5885675535746149 0.3932682533326326 0.7063485795270584
    outer loop
      vertex 24.632050804793835 12.299999997019768 17.890000000000004
      vertex 25.28006002306938 13.126284286379814 16.890000000000004
      vertex 24.48670668154955 12.517522856593132 17.890000000000004
    endloop
  endfacet
  facet normal 0.6702979131844935 0.22753548007823357 0.7063485774644703
    outer loop
      vertex 25.797777473926544 12.076457135379314 16.890000000000004
      vertex 25.67163859307766 12.448050297796726 16.890000000000004
      vertex 24.74775906652212 12.065366864204407 17.890000000000004
    endloop
  endfacet
  facet normal 0.6348640805835469 0.31308031889277976 0.7063485776207117
    outer loop
      vertex 25.67163859307766 12.448050297796726 16.890000000000004
      vertex 25.49807620793581 12.799999997019768 16.890000000000004
      vertex 24.74775906652212 12.065366864204407 17.890000000000004
    endloop
  endfacet
  facet normal 0.5885675535746149 0.39326825333263266 0.7063485795270584
    outer loop
      vertex 25.49807620793581 12.799999997019768 16.890000000000004
      vertex 25.28006002306938 13.126284286379814 16.890000000000004
      vertex 24.632050804793835 12.299999997019768 17.890000000000004
    endloop
  endfacet
  facet normal 0 0 1
    outer loop
      vertex 24.117522858083248 12.886706680059433 17.890000000000004
      vertex 23.899999998509884 13.032050803303719 17.890000000000004
      vertex 24.48670668154955 12.517522856593132 17.890000000000004
    endloop
  endfacet
  facet normal 0 0 1
    outer loop
      vertex 24.899999998509884 11.299999997019768 17.890000000000004
      vertex 24.882889717817307 11.56105238199234 17.890000000000004
      vertex 24.83185165375471 11.817638084292412 17.890000000000004
    endloop
  endfacet
  facet normal 0 0 1
    outer loop
      vertex 24.899999998509884 11.299999997019768 17.890000000000004
      vertex 24.83185165375471 11.817638084292412 17.890000000000004
      vertex 24.74775906652212 12.065366864204407 17.890000000000004
    endloop
  endfacet
  facet normal 0 0 1
    outer loop
      vertex 24.899999998509884 11.299999997019768 17.890000000000004
      vertex 24.74775906652212 12.065366864204407 17.890000000000004
      vertex 24.48670668154955 12.517522856593132 17.890000000000004
    endloop
  endfacet
  facet normal 0 0 1
    outer loop
      vertex 24.632050804793835 12.299999997019768 17.890000000000004
      vertex 24.48670668154955 12.517522856593132 17.890000000000004
      vertex 24.74775906652212 12.065366864204407 17.890000000000004
    endloop
  endfacet
  facet normal 0 0 1
    outer loop
      vertex 24.117522858083248 12.886706680059433 17.890000000000004
      vertex 24.48670668154955 12.517522856593132 17.890000000000004
      vertex 24.314213559031487 12.71421355754137 17.890000000000004
    endloop
  endfacet
  facet normal 0.04629654095430644 0.7063485777498106 0.7063485803811641
    outer loop
      vertex 23.291578575968742 14.274334579706192 16.890000000000004
      vertex 22.899999998509884 13.299999997019768 17.890000000000004
      vertex 23.161052383482456 13.28288971632719 17.890000000000004
    endloop
  endfacet
  facet normal 0.1380974347105019 0.6942627609772737 0.7063485805511268
    outer loop
      vertex 23.291578575968742 14.274334579706192 16.890000000000004
      vertex 23.161052383482456 13.28288971632719 17.890000000000004
      vertex 23.417638085782528 13.231851652264595 17.890000000000004
    endloop
  endfacet
  facet normal 0.31308032883173775 0.6348640734847008 0.7063485795958135
    outer loop
      vertex 24.399999998509884 13.898076206445694 16.890000000000004
      vertex 23.665366865694523 13.147759065032005 17.890000000000004
      vertex 23.899999998509884 13.032050803303719 17.890000000000004
    endloop
  endfacet
  facet normal 0.3932682533326326 0.5885675535746149 0.7063485795270584
    outer loop
      vertex 24.117522858083248 12.886706680059433 17.890000000000004
      vertex 24.72628428786993 13.680060021579266 16.890000000000004
      vertex 23.899999998509884 13.032050803303719 17.890000000000004
    endloop
  endfacet
  facet normal 0.22753548007823357 0.6702979131844935 0.7063485774644703
    outer loop
      vertex 23.67645713686943 14.197777472436428 16.890000000000004
      vertex 23.665366865694523 13.147759065032005 17.890000000000004
      vertex 24.048050299286842 14.071638591587543 16.890000000000004
    endloop
  endfacet
  facet normal 0.31308031889277976 0.6348640805835469 0.7063485776207117
    outer loop
      vertex 24.048050299286842 14.071638591587543 16.890000000000004
      vertex 23.665366865694523 13.147759065032005 17.890000000000004
      vertex 24.399999998509884 13.898076206445694 16.890000000000004
    endloop
  endfacet
  facet normal 0.22753547576038918 0.6702979139042554 0.7063485781723474
    outer loop
      vertex 23.67645713686943 14.197777472436428 16.890000000000004
      vertex 23.417638085782528 13.231851652264595 17.890000000000004
      vertex 23.665366865694523 13.147759065032005 17.890000000000004
    endloop
  endfacet
  facet normal 0.04629653433489803 0.7063485792824168 0.7063485792824168
    outer loop
      vertex 22.899999998509884 14.299999997019768 16.890000000000004
      vertex 22.899999998509884 13.299999997019768 17.890000000000004
      vertex 23.291578575968742 14.274334579706192 16.890000000000004
    endloop
  endfacet
  facet normal 0.138097452078298 0.6942627603817373 0.7063485777409144
    outer loop
      vertex 23.291578575968742 14.274334579706192 16.890000000000004
      vertex 23.417638085782528 13.231851652264595 17.890000000000004
      vertex 23.67645713686943 14.197777472436428 16.890000000000004
    endloop
  endfacet
  facet normal 0.46672728254702106 0.5322004581782154 0.7063485796978506
    outer loop
      vertex 24.117522858083248 12.886706680059433 17.890000000000004
      vertex 25.021320343017578 13.421320341527462 16.890000000000004
      vertex 24.72628428786993 13.680060021579266 16.890000000000004
    endloop
  endfacet
  facet normal 0.5322004581782154 0.46672728254702106 0.7063485796978506
    outer loop
      vertex 24.48670668154955 12.517522856593132 17.890000000000004
      vertex 25.28006002306938 13.126284286379814 16.890000000000004
      vertex 25.021320343017578 13.421320341527462 16.890000000000004
    endloop
  endfacet
  facet normal 0.46672728865435636 0.5322004507599033 0.7063485812517136
    outer loop
      vertex 24.117522858083248 12.886706680059433 17.890000000000004
      vertex 24.314213559031487 12.71421355754137 17.890000000000004
      vertex 25.021320343017578 13.421320341527462 16.890000000000004
    endloop
  endfacet
  facet normal 0.39326825333263266 0.5885675535746149 0.7063485795270584
    outer loop
      vertex 24.72628428786993 13.680060021579266 16.890000000000004
      vertex 24.399999998509884 13.898076206445694 16.890000000000004
      vertex 23.899999998509884 13.032050803303719 17.890000000000004
    endloop
  endfacet
  facet normal 0 0 1
    outer loop
      vertex 22.899999998509884 13.299999997019768 17.890000000000004
      vertex 23.417638085782528 13.231851652264595 17.890000000000004
      vertex 23.161052383482456 13.28288971632719 17.890000000000004
    endloop
  endfacet
  facet normal 0 0 1
    outer loop
      vertex 22.899999998509884 13.299999997019768 17.890000000000004
      vertex 23.899999998509884 13.032050803303719 17.890000000000004
      vertex 23.417638085782528 13.231851652264595 17.890000000000004
    endloop
  endfacet
  facet normal 0 0 1
    outer loop
      vertex 23.417638085782528 13.231851652264595 17.890000000000004
      vertex 23.899999998509884 13.032050803303719 17.890000000000004
      vertex 23.665366865694523 13.147759065032005 17.890000000000004
    endloop
  endfacet
  facet normal -0.22753547936640056 0.7063485796837261 -0.6702979110875145
    outer loop
      vertex -17.610536378094622 14.299999997019768 5.699683064880981
      vertex -17.388228565454483 14.799999999999999 6.15111126154661
      vertex -17.517638088043984 14.299999997019768 5.668148344856721
    endloop
  endfacet
  facet normal -0.13809744498957283 0.7063485795924154 -0.6942627599080401
    outer loop
      vertex -17.517638088043984 14.299999997019768 5.668148344856721
      vertex -17.388228565454483 14.799999999999999 6.15111126154661
      vertex -17.35727202128794 14.299999997019768 5.6362495518335
    endloop
  endfacet
  facet normal -0.13809743862834317 0.7063485804210634 -0.6942627603302942
    outer loop
      vertex -17.35727202128794 14.299999997019768 5.6362495518335
      vertex -17.19578928500414 14.799999999999999 6.112832711637019
      vertex -17.26105238163628 14.299999997019768 5.617110276992783
    endloop
  endfacet
  facet normal -0.04629653515276622 0.706348580190221 -0.7063485783210068
    outer loop
      vertex -17.26105238163628 14.299999997019768 5.617110276992783
      vertex -17.19578928500414 14.799999999999999 6.112832711637019
      vertex -17.163157739717708 14.299999997019768 5.610693922702634
    endloop
  endfacet
  facet normal -0.04629652949793204 0.7063485794409327 -0.7063485794409327
    outer loop
      vertex -17.163157739717708 14.299999997019768 5.610693922702634
      vertex -17 14.799999999999999 6.100000002980231
      vertex -17 14.299999997019768 5.6
    endloop
  endfacet
  facet normal -0.31308032358649607 0.706348579401011 -0.6348640762881046
    outer loop
      vertex -17.912012575346157 14.299999997019768 5.824558596225844
      vertex -18.000000001490115 14.299999997019768 5.867949194115324
      vertex -17.75 14.799999999999999 6.300961898267268
    endloop
  endfacet
  facet normal -0.39326826242104646 0.7063485798932724 -0.5885675470624322
    outer loop
      vertex -18.217522861387614 14.299999997019768 6.01329332130148
      vertex -17.913142144680023 14.799999999999999 6.409969994425772
      vertex -18.135951789533802 14.299999997019768 5.958789273547096
    endloop
  endfacet
  facet normal -0.39326825902931073 0.7063485793073295 -0.5885675500319161
    outer loop
      vertex -18.000000001490115 14.299999997019768 5.867949194115324
      vertex -18.135951789533802 14.299999997019768 5.958789273547096
      vertex -17.75 14.799999999999999 6.300961898267268
    endloop
  endfacet
  facet normal -0.4667272882004538 0.7063485812313448 -0.5322004511849994
    outer loop
      vertex -18.340454551144315 14.299999997019768 6.1211015207238875
      vertex -18.414213562628944 14.299999997019768 6.185786440351286
      vertex -18.060660168528557 14.799999999999999 6.539339834451674
    endloop
  endfacet
  facet normal -0.5322004596188159 0.706348579772227 -0.466727280791769
    outer loop
      vertex -18.478898482256344 14.299999997019768 6.2595454518359155
      vertex -18.586706681678752 14.299999997019768 6.3824771415926165
      vertex -18.19003000855446 14.799999999999999 6.686857858300208
    endloop
  endfacet
  facet normal -0.532200451184996 0.7063485812313449 -0.4667272882004573
    outer loop
      vertex -18.414213562628944 14.299999997019768 6.185786440351286
      vertex -18.478898482256344 14.299999997019768 6.2595454518359155
      vertex -18.060660168528557 14.799999999999999 6.539339834451674
    endloop
  endfacet
  facet normal -0.46672728079176934 0.7063485797722265 -0.5322004596188163
    outer loop
      vertex -18.217522861387614 14.299999997019768 6.01329332130148
      vertex -18.340454551144315 14.299999997019768 6.1211015207238875
      vertex -17.913142144680023 14.799999999999999 6.409969994425772
    endloop
  endfacet
  facet normal -0.39326826242105106 0.706348579893272 -0.5885675470624295
    outer loop
      vertex -18.135951789533802 14.299999997019768 5.958789273547096
      vertex -17.913142144680023 14.799999999999999 6.409969994425772
      vertex -17.75 14.799999999999999 6.300961898267268
    endloop
  endfacet
  facet normal -0.4667272882004544 0.7063485812313446 -0.5322004511849989
    outer loop
      vertex -18.340454551144315 14.299999997019768 6.1211015207238875
      vertex -18.060660168528557 14.799999999999999 6.539339834451674
      vertex -17.913142144680023 14.799999999999999 6.409969994425772
    endloop
  endfacet
  facet normal 0 1 0
    outer loop
      vertex -17.913142144680023 14.799999999999999 6.409969994425772
      vertex -18.060660168528557 14.799999999999999 6.539339834451674
      vertex -17.75 14.799999999999999 6.300961898267268
    endloop
  endfacet
  facet normal -0.6348640830519238 0.7063485778165972 -0.3130803134454647
    outer loop
      vertex -18.775441406754386 14.299999997019768 6.687987427634075
      vertex -18.84775906704032 14.299999997019768 6.834633138380397
      vertex -18.385819301009178 14.799999999999999 7.025974856317042
    endloop
  endfacet
  facet normal -0.6702979084115989 0.7063485779083216 -0.2275354927608606
    outer loop
      vertex -18.84775906704032 14.299999997019768 6.834633138380397
      vertex -18.90031693809925 14.299999997019768 6.98946362488561
      vertex -18.385819301009178 14.799999999999999 7.025974856317042
    endloop
  endfacet
  facet normal -0.588567547062434 0.7063485798932728 -0.39326826242104335
    outer loop
      vertex -18.586706681678752 14.299999997019768 6.3824771415926165
      vertex -18.641210729433134 14.299999997019768 6.464048213446427
      vertex -18.19003000855446 14.799999999999999 6.686857858300208
    endloop
  endfacet
  facet normal -0.5885675500319195 0.7063485793073291 -0.3932682590293066
    outer loop
      vertex -18.641210729433134 14.299999997019768 6.464048213446427
      vertex -18.732050808864905 14.299999997019768 6.600000001490115
      vertex -18.299038104712963 14.799999999999999 6.850000002980231
    endloop
  endfacet
  facet normal -0.6348640762881068 0.7063485794010103 -0.31308032358649407
    outer loop
      vertex -18.732050808864905 14.299999997019768 6.600000001490115
      vertex -18.775441406754386 14.299999997019768 6.687987427634075
      vertex -18.299038104712963 14.799999999999999 6.850000002980231
    endloop
  endfacet
  facet normal -0.5322004511849986 0.7063485812313451 -0.4667272882004541
    outer loop
      vertex -18.478898482256344 14.299999997019768 6.2595454518359155
      vertex -18.19003000855446 14.799999999999999 6.686857858300208
      vertex -18.060660168528557 14.799999999999999 6.539339834451674
    endloop
  endfacet
  facet normal -0.5885675470624294 0.7063485798932723 -0.39326826242105095
    outer loop
      vertex -18.641210729433134 14.299999997019768 6.464048213446427
      vertex -18.299038104712963 14.799999999999999 6.850000002980231
      vertex -18.19003000855446 14.799999999999999 6.686857858300208
    endloop
  endfacet
  facet normal 0 1 0
    outer loop
      vertex -18.060660168528557 14.799999999999999 6.539339834451674
      vertex -18.19003000855446 14.799999999999999 6.686857858300208
      vertex -17.57402514666319 14.799999999999999 6.214180701971053
    endloop
  endfacet
  facet normal -0.634864076288109 0.7063485794010106 -0.31308032358648846
    outer loop
      vertex -18.775441406754386 14.299999997019768 6.687987427634075
      vertex -18.385819301009178 14.799999999999999 7.025974856317042
      vertex -18.299038104712963 14.799999999999999 6.850000002980231
    endloop
  endfacet
  facet normal 0 1 0
    outer loop
      vertex -18.19003000855446 14.799999999999999 6.686857858300208
      vertex -18.299038104712963 14.799999999999999 6.850000002980231
      vertex -18.385819301009178 14.799999999999999 7.025974856317042
    endloop
  endfacet
  facet normal -0.3130803134454585 0.7063485778165974 -0.6348640830519267
    outer loop
      vertex -17.912012575346157 14.299999997019768 5.824558596225844
      vertex -17.57402514666319 14.799999999999999 6.214180701971053
      vertex -17.765366864599834 14.299999997019768 5.752240935939909
    endloop
  endfacet
  facet normal -0.2275354927608549 0.7063485779083214 -0.6702979084116009
    outer loop
      vertex -17.610536378094622 14.299999997019768 5.699683064880981
      vertex -17.765366864599834 14.299999997019768 5.752240935939909
      vertex -17.57402514666319 14.799999999999999 6.214180701971053
    endloop
  endfacet
  facet normal -0.31308032358648796 0.7063485794010117 -0.634864076288108
    outer loop
      vertex -17.912012575346157 14.299999997019768 5.824558596225844
      vertex -17.75 14.799999999999999 6.300961898267268
      vertex -17.57402514666319 14.799999999999999 6.214180701971053
    endloop
  endfacet
  facet normal -0.2275354793664046 0.7063485796837262 -0.6702979110875127
    outer loop
      vertex -17.610536378094622 14.299999997019768 5.699683064880981
      vertex -17.57402514666319 14.799999999999999 6.214180701971053
      vertex -17.388228565454483 14.799999999999999 6.15111126154661
    endloop
  endfacet
  facet normal -0.13809743862834395 0.7063485804210634 -0.6942627603302941
    outer loop
      vertex -17.35727202128794 14.299999997019768 5.6362495518335
      vertex -17.388228565454483 14.799999999999999 6.15111126154661
      vertex -17.19578928500414 14.799999999999999 6.112832711637019
    endloop
  endfacet
  facet normal -0.046296535152769616 0.7063485801902208 -0.7063485783210068
    outer loop
      vertex -17.163157739717708 14.299999997019768 5.610693922702634
      vertex -17.19578928500414 14.799999999999999 6.112832711637019
      vertex -17 14.799999999999999 6.100000002980231
    endloop
  endfacet
  facet normal 0 1 0
    outer loop
      vertex -17.388228565454483 14.799999999999999 6.15111126154661
      vertex -17.57402514666319 14.799999999999999 6.214180701971053
      vertex -17 14.799999999999999 6.100000002980231
    endloop
  endfacet
  facet normal 0 1 0
    outer loop
      vertex -17.388228565454483 14.799999999999999 6.15111126154661
      vertex -17 14.799999999999999 6.100000002980231
      vertex -17.19578928500414 14.799999999999999 6.112832711637019
    endloop
  endfacet
  facet normal 0 1 0
    outer loop
      vertex -18.060660168528557 14.799999999999999 6.539339834451674
      vertex -17.57402514666319 14.799999999999999 6.214180701971053
      vertex -17.75 14.799999999999999 6.300961898267268
    endloop
  endfacet
  facet normal 0 1 0
    outer loop
      vertex -17 14.799999999999999 6.100000002980231
      vertex -17.57402514666319 14.799999999999999 6.214180701971053
      vertex -14 14.799999999999999 6.100000002980231
    endloop
  endfacet
  facet normal 0 1 0
    outer loop
      vertex -18.19003000855446 14.799999999999999 6.686857858300208
      vertex -14 14.799999999999999 6.100000002980231
      vertex -17.57402514666319 14.799999999999999 6.214180701971053
    endloop
  endfacet
  facet normal 0 0.7071067811865475 -0.7071067811865475
    outer loop
      vertex -17 14.299999997019768 5.6
      vertex -14 14.799999999999999 6.100000002980231
      vertex -14 14.299999997019768 5.6
    endloop
  endfacet
  facet normal 0.04629652949793204 0.7063485794409327 -0.7063485794409327
    outer loop
      vertex -14 14.299999997019768 5.6
      vertex -14 14.799999999999999 6.100000002980231
      vertex -13.836842260282292 14.299999997019768 5.610693922702634
    endloop
  endfacet
  facet normal 0.046296535152765377 0.706348580190221 -0.7063485783210068
    outer loop
      vertex -13.836842260282292 14.299999997019768 5.610693922702634
      vertex -13.804210714995861 14.799999999999999 6.112832711637019
      vertex -13.738947618363719 14.299999997019768 5.617110276992783
    endloop
  endfacet
  facet normal 0.13809743862834806 0.7063485804210635 -0.6942627603302932
    outer loop
      vertex -13.738947618363719 14.299999997019768 5.617110276992783
      vertex -13.804210714995861 14.799999999999999 6.112832711637019
      vertex -13.642727978712061 14.299999997019768 5.6362495518335
    endloop
  endfacet
  facet normal 0.13809744498957138 0.7063485795924154 -0.6942627599080405
    outer loop
      vertex -13.642727978712061 14.299999997019768 5.6362495518335
      vertex -13.611771434545517 14.799999999999999 6.15111126154661
      vertex -13.482361911956016 14.299999997019768 5.668148344856721
    endloop
  endfacet
  facet normal 0.22753547936640448 0.7063485796837258 -0.6702979110875131
    outer loop
      vertex -13.482361911956016 14.299999997019768 5.668148344856721
      vertex -13.611771434545517 14.799999999999999 6.15111126154661
      vertex -13.38946362190538 14.299999997019768 5.699683064880981
    endloop
  endfacet
  facet normal 0 0.7071067811865475 -0.7071067811865475
    outer loop
      vertex -17 14.299999997019768 5.6
      vertex -17 14.799999999999999 6.100000002980231
      vertex -14 14.799999999999999 6.100000002980231
    endloop
  endfacet
  facet normal 0 1 0
    outer loop
      vertex -18.19003000855446 14.799999999999999 6.686857858300208
      vertex -12.55111125856638 14.799999999999999 7.211771437525748
      vertex -14 14.799999999999999 6.100000002980231
    endloop
  endfacet
  facet normal 0.046296535152769616 0.7063485801902208 -0.7063485783210068
    outer loop
      vertex -13.836842260282292 14.299999997019768 5.610693922702634
      vertex -14 14.799999999999999 6.100000002980231
      vertex -13.804210714995861 14.799999999999999 6.112832711637019
    endloop
  endfacet
  facet normal 0 1 0
    outer loop
      vertex -14 14.799999999999999 6.100000002980231
      vertex -13.611771434545517 14.799999999999999 6.15111126154661
      vertex -13.804210714995861 14.799999999999999 6.112832711637019
    endloop
  endfacet
  facet normal 0.138097438628344 0.7063485804210632 -0.6942627603302943
    outer loop
      vertex -13.642727978712061 14.299999997019768 5.6362495518335
      vertex -13.804210714995861 14.799999999999999 6.112832711637019
      vertex -13.611771434545517 14.799999999999999 6.15111126154661
    endloop
  endfacet
  facet normal 0 1 0
    outer loop
      vertex -14 14.799999999999999 6.100000002980231
      vertex -13.425974853336811 14.799999999999999 6.214180701971053
      vertex -13.611771434545517 14.799999999999999 6.15111126154661
    endloop
  endfacet
  facet normal 0.2275354793664048 0.706348579683726 -0.6702979110875131
    outer loop
      vertex -13.38946362190538 14.299999997019768 5.699683064880981
      vertex -13.611771434545517 14.799999999999999 6.15111126154661
      vertex -13.425974853336811 14.799999999999999 6.214180701971053
    endloop
  endfacet
  facet normal 0.22753549276085258 0.7063485779083214 -0.6702979084116018
    outer loop
      vertex -13.38946362190538 14.299999997019768 5.699683064880981
      vertex -13.425974853336811 14.799999999999999 6.214180701971053
      vertex -13.234633135400166 14.299999997019768 5.752240935939909
    endloop
  endfacet
  facet normal 0.3130803134454616 0.7063485778165973 -0.6348640830519253
    outer loop
      vertex -13.234633135400166 14.299999997019768 5.752240935939909
      vertex -13.425974853336811 14.799999999999999 6.214180701971053
      vertex -13.087987424653845 14.299999997019768 5.824558596225844
    endloop
  endfacet
  facet normal 0.3130803235864911 0.706348579401011 -0.6348640762881074
    outer loop
      vertex -13.087987424653845 14.299999997019768 5.824558596225844
      vertex -13.25 14.799999999999999 6.300961898267268
      vertex -12.999999998509885 14.299999997019768 5.867949194115324
    endloop
  endfacet
  facet normal 0.3932682590293071 0.7063485793073297 -0.5885675500319184
    outer loop
      vertex -12.999999998509885 14.299999997019768 5.867949194115324
      vertex -13.25 14.799999999999999 6.300961898267268
      vertex -12.864048210466196 14.299999997019768 5.958789273547096
    endloop
  endfacet
  facet normal 0.31308032358648813 0.7063485794010111 -0.6348640762881085
    outer loop
      vertex -13.087987424653845 14.299999997019768 5.824558596225844
      vertex -13.425974853336811 14.799999999999999 6.214180701971053
      vertex -13.25 14.799999999999999 6.300961898267268
    endloop
  endfacet
  facet normal 0 1 0
    outer loop
      vertex -14 14.799999999999999 6.100000002980231
      vertex -13.086857855319977 14.799999999999999 6.409969994425772
      vertex -13.425974853336811 14.799999999999999 6.214180701971053
    endloop
  endfacet
  facet normal 0 1 0
    outer loop
      vertex -13.425974853336811 14.799999999999999 6.214180701971053
      vertex -13.086857855319977 14.799999999999999 6.409969994425772
      vertex -13.25 14.799999999999999 6.300961898267268
    endloop
  endfacet
  facet normal 0.3932682624210506 0.7063485798932728 -0.588567547062429
    outer loop
      vertex -13.25 14.799999999999999 6.300961898267268
      vertex -13.086857855319977 14.799999999999999 6.409969994425772
      vertex -12.864048210466196 14.299999997019768 5.958789273547096
    endloop
  endfacet
  facet normal 0 1 0
    outer loop
      vertex -14 14.799999999999999 6.100000002980231
      vertex -12.55111125856638 14.799999999999999 7.211771437525748
      vertex -13.086857855319977 14.799999999999999 6.409969994425772
    endloop
  endfacet
  facet normal -0.6702979110875172 0.7063485796837263 -0.22753547936639087
    outer loop
      vertex -18.90031693809925 14.299999997019768 6.98946362488561
      vertex -18.93185165812351 14.299999997019768 7.0823619149362464
      vertex -18.44888874143362 14.799999999999999 7.211771437525748
    endloop
  endfacet
  facet normal -0.6942627599080414 0.7063485795924153 -0.1380974449895677
    outer loop
      vertex -18.93185165812351 14.299999997019768 7.0823619149362464
      vertex -18.96375045114673 14.299999997019768 7.242727981692292
      vertex -18.44888874143362 14.799999999999999 7.211771437525748
    endloop
  endfacet
  facet normal -0.6942627603302925 0.7063485804210632 -0.13809743862835305
    outer loop
      vertex -18.96375045114673 14.299999997019768 7.242727981692292
      vertex -18.982889725987448 14.299999997019768 7.338947621343951
      vertex -18.487167291343212 14.799999999999999 7.404210717976092
    endloop
  endfacet
  facet normal -0.6942627603302949 0.7063485804210625 -0.13809743862834412
    outer loop
      vertex -18.96375045114673 14.299999997019768 7.242727981692292
      vertex -18.487167291343212 14.799999999999999 7.404210717976092
      vertex -18.44888874143362 14.799999999999999 7.211771437525748
    endloop
  endfacet
  facet normal -0.7063485783210068 0.7063485801902211 -0.04629653515276622
    outer loop
      vertex -18.982889725987448 14.299999997019768 7.338947621343951
      vertex -18.989306080277597 14.299999997019768 7.436842263262522
      vertex -18.487167291343212 14.799999999999999 7.404210717976092
    endloop
  endfacet
  facet normal -0.7063485794409341 0.7063485794409317 -0.046296529497924184
    outer loop
      vertex -18.989306080277597 14.299999997019768 7.436842263262522
      vertex -19.00000000298023 14.299999997019768 7.600000002980231
      vertex -18.5 14.799999999999999 7.600000002980231
    endloop
  endfacet
  facet normal -0.7063485783210068 0.7063485801902208 -0.046296535152769616
    outer loop
      vertex -18.989306080277597 14.299999997019768 7.436842263262522
      vertex -18.5 14.799999999999999 7.600000002980231
      vertex -18.487167291343212 14.799999999999999 7.404210717976092
    endloop
  endfacet
  facet normal -0.6702979110875118 0.7063485796837272 -0.22753547936640436
    outer loop
      vertex -18.90031693809925 14.299999997019768 6.98946362488561
      vertex -18.44888874143362 14.799999999999999 7.211771437525748
      vertex -18.385819301009178 14.799999999999999 7.025974856317042
    endloop
  endfacet
  facet normal 0 1 0
    outer loop
      vertex -18.19003000855446 14.799999999999999 6.686857858300208
      vertex -18.385819301009178 14.799999999999999 7.025974856317042
      vertex -18.5 14.799999999999999 7.600000002980231
    endloop
  endfacet
  facet normal 0 1 0
    outer loop
      vertex -18.385819301009178 14.799999999999999 7.025974856317042
      vertex -18.44888874143362 14.799999999999999 7.211771437525748
      vertex -18.5 14.799999999999999 7.600000002980231
    endloop
  endfacet
  facet normal 0 1 0
    outer loop
      vertex -18.44888874143362 14.799999999999999 7.211771437525748
      vertex -18.487167291343212 14.799999999999999 7.404210717976092
      vertex -18.5 14.799999999999999 7.600000002980231
    endloop
  endfacet
  facet normal -0.7071067811865488 0.7071067811865464 0
    outer loop
      vertex -19.00000000298023 14.299999997019768 7.600000002980231
      vertex -19.00000000298023 14.299999997019768 12.199999997019766
      vertex -18.5 14.799999999999999 7.600000002980231
    endloop
  endfacet
  facet normal 0 1 0
    outer loop
      vertex -18.19003000855446 14.799999999999999 6.686857858300208
      vertex -18.5 14.799999999999999 7.600000002980231
      vertex -18.5 14.799999999999999 12.199999997019766
    endloop
  endfacet
  facet normal 0 1 0
    outer loop
      vertex -18.19003000855446 14.799999999999999 6.686857858300208
      vertex -17.57402514666319 14.799999999999999 13.585819298028945
      vertex -12.55111125856638 14.799999999999999 7.211771437525748
    endloop
  endfacet
  facet normal 0.39326826242105234 0.7063485798932726 -0.5885675470624279
    outer loop
      vertex -13.086857855319977 14.799999999999999 6.409969994425772
      vertex -12.782477138612386 14.299999997019768 6.01329332130148
      vertex -12.864048210466196 14.299999997019768 5.958789273547096
    endloop
  endfacet
  facet normal 0.4667272807917693 0.7063485797722266 -0.5322004596188163
    outer loop
      vertex -13.086857855319977 14.799999999999999 6.409969994425772
      vertex -12.659545448855685 14.299999997019768 6.1211015207238875
      vertex -12.782477138612386 14.299999997019768 6.01329332130148
    endloop
  endfacet
  facet normal 0.4667272882004538 0.7063485812313448 -0.5322004511849994
    outer loop
      vertex -12.659545448855685 14.299999997019768 6.1211015207238875
      vertex -12.939339831471443 14.799999999999999 6.539339834451674
      vertex -12.585786437371056 14.299999997019768 6.185786440351286
    endloop
  endfacet
  facet normal 0.5322004511850027 0.7063485812313447 -0.46672728820045023
    outer loop
      vertex -12.585786437371056 14.299999997019768 6.185786440351286
      vertex -12.939339831471443 14.799999999999999 6.539339834451674
      vertex -12.521101517743658 14.299999997019768 6.2595454518359155
    endloop
  endfacet
  facet normal 0.5322004596188123 0.7063485797722269 -0.4667272807917735
    outer loop
      vertex -12.521101517743658 14.299999997019768 6.2595454518359155
      vertex -12.809969991445541 14.799999999999999 6.686857858300208
      vertex -12.413293318321248 14.299999997019768 6.3824771415926165
    endloop
  endfacet
  facet normal 0.4667272882004544 0.7063485812313447 -0.5322004511849988
    outer loop
      vertex -13.086857855319977 14.799999999999999 6.409969994425772
      vertex -12.939339831471443 14.799999999999999 6.539339834451674
      vertex -12.659545448855685 14.299999997019768 6.1211015207238875
    endloop
  endfacet
  facet normal 0.5322004511849993 0.7063485812313443 -0.46672728820045467
    outer loop
      vertex -12.521101517743658 14.299999997019768 6.2595454518359155
      vertex -12.939339831471443 14.799999999999999 6.539339834451674
      vertex -12.809969991445541 14.799999999999999 6.686857858300208
    endloop
  endfacet
  facet normal 0 1 0
    outer loop
      vertex -13.086857855319977 14.799999999999999 6.409969994425772
      vertex -12.809969991445541 14.799999999999999 6.686857858300208
      vertex -12.939339831471443 14.799999999999999 6.539339834451674
    endloop
  endfacet
  facet normal 0 1 0
    outer loop
      vertex -13.086857855319977 14.799999999999999 6.409969994425772
      vertex -12.700961895287037 14.799999999999999 6.850000002980231
      vertex -12.809969991445541 14.799999999999999 6.686857858300208
    endloop
  endfacet
  facet normal 0.5885675470624294 0.7063485798932723 -0.39326826242105095
    outer loop
      vertex -12.358789270566866 14.299999997019768 6.464048213446427
      vertex -12.809969991445541 14.799999999999999 6.686857858300208
      vertex -12.700961895287037 14.799999999999999 6.850000002980231
    endloop
  endfacet
  facet normal 0.588567547062434 0.7063485798932728 -0.39326826242104335
    outer loop
      vertex -12.413293318321248 14.299999997019768 6.3824771415926165
      vertex -12.809969991445541 14.799999999999999 6.686857858300208
      vertex -12.358789270566866 14.299999997019768 6.464048213446427
    endloop
  endfacet
  facet normal 0.5885675500319153 0.7063485793073299 -0.39326825902931145
    outer loop
      vertex -12.358789270566866 14.299999997019768 6.464048213446427
      vertex -12.700961895287037 14.799999999999999 6.850000002980231
      vertex -12.267949191135093 14.299999997019768 6.600000001490115
    endloop
  endfacet
  facet normal 0.634864076288111 0.706348579401011 -0.3130803235864834
    outer loop
      vertex -12.267949191135093 14.299999997019768 6.600000001490115
      vertex -12.700961895287037 14.799999999999999 6.850000002980231
      vertex -12.224558593245614 14.299999997019768 6.687987427634075
    endloop
  endfacet
  facet normal 0 1 0
    outer loop
      vertex -13.086857855319977 14.799999999999999 6.409969994425772
      vertex -12.55111125856638 14.799999999999999 7.211771437525748
      vertex -12.700961895287037 14.799999999999999 6.850000002980231
    endloop
  endfacet
  facet normal 0 1 0
    outer loop
      vertex -12.700961895287037 14.799999999999999 6.850000002980231
      vertex -12.55111125856638 14.799999999999999 7.211771437525748
      vertex -12.614180698990822 14.799999999999999 7.025974856317042
    endloop
  endfacet
  facet normal 0.6348640830519238 0.7063485778165972 -0.3130803134454647
    outer loop
      vertex -12.224558593245614 14.299999997019768 6.687987427634075
      vertex -12.614180698990822 14.799999999999999 7.025974856317042
      vertex -12.152240932959678 14.299999997019768 6.834633138380397
    endloop
  endfacet
  facet normal 0.6702979084116014 0.7063485779083214 -0.22753549276085375
    outer loop
      vertex -12.152240932959678 14.299999997019768 6.834633138380397
      vertex -12.614180698990822 14.799999999999999 7.025974856317042
      vertex -12.09968306190075 14.299999997019768 6.98946362488561
    endloop
  endfacet
  facet normal 0.634864076288109 0.7063485794010106 -0.31308032358648846
    outer loop
      vertex -12.224558593245614 14.299999997019768 6.687987427634075
      vertex -12.700961895287037 14.799999999999999 6.850000002980231
      vertex -12.614180698990822 14.799999999999999 7.025974856317042
    endloop
  endfacet
  facet normal 0.6702979110875138 0.706348579683726 -0.2275354793664025
    outer loop
      vertex -12.09968306190075 14.299999997019768 6.98946362488561
      vertex -12.55111125856638 14.799999999999999 7.211771437525748
      vertex -12.06814834187649 14.299999997019768 7.0823619149362464
    endloop
  endfacet
  facet normal 0.6942627599080397 0.7063485795924154 -0.13809744498957513
    outer loop
      vertex -12.55111125856638 14.799999999999999 7.211771437525748
      vertex -12.036249548853268 14.299999997019768 7.242727981692292
      vertex -12.06814834187649 14.299999997019768 7.0823619149362464
    endloop
  endfacet
  facet normal 0.6942627603302944 0.7063485804210636 -0.13809743862834056
    outer loop
      vertex -12.512832708656788 14.799999999999999 7.404210717976092
      vertex -12.017110274012552 14.299999997019768 7.338947621343951
      vertex -12.036249548853268 14.299999997019768 7.242727981692292
    endloop
  endfacet
  facet normal 0.6702979110875129 0.7063485796837261 -0.22753547936640456
    outer loop
      vertex -12.614180698990822 14.799999999999999 7.025974856317042
      vertex -12.55111125856638 14.799999999999999 7.211771437525748
      vertex -12.09968306190075 14.299999997019768 6.98946362488561
    endloop
  endfacet
  facet normal 0.6942627603302937 0.7063485804210637 -0.13809743862834375
    outer loop
      vertex -12.55111125856638 14.799999999999999 7.211771437525748
      vertex -12.512832708656788 14.799999999999999 7.404210717976092
      vertex -12.036249548853268 14.299999997019768 7.242727981692292
    endloop
  endfacet
  facet normal 0.7063485783210068 0.7063485801902211 -0.04629653515276601
    outer loop
      vertex -12.512832708656788 14.799999999999999 7.404210717976092
      vertex -12.010693919722403 14.299999997019768 7.436842263262522
      vertex -12.017110274012552 14.299999997019768 7.338947621343951
    endloop
  endfacet
  facet normal 0.7063485794409327 0.7063485794409327 -0.046296529497931595
    outer loop
      vertex -12.5 14.799999999999999 7.600000002980231
      vertex -11.999999997019769 14.299999997019768 7.600000002980231
      vertex -12.010693919722403 14.299999997019768 7.436842263262522
    endloop
  endfacet
  facet normal 0 1 0
    outer loop
      vertex -12.55111125856638 14.799999999999999 7.211771437525748
      vertex -12.5 14.799999999999999 7.600000002980231
      vertex -12.512832708656788 14.799999999999999 7.404210717976092
    endloop
  endfacet
  facet normal 0.7063485783210068 0.7063485801902208 -0.04629653515276983
    outer loop
      vertex -12.512832708656788 14.799999999999999 7.404210717976092
      vertex -12.5 14.799999999999999 7.600000002980231
      vertex -12.010693919722403 14.299999997019768 7.436842263262522
    endloop
  endfacet
  facet normal 0 1 0
    outer loop
      vertex -12.55111125856638 14.799999999999999 7.211771437525748
      vertex -12.5 14.799999999999999 12.199999997019766
      vertex -12.5 14.799999999999999 7.600000002980231
    endloop
  endfacet
  facet normal 0.7071067811865475 0.7071067811865475 0
    outer loop
      vertex -12.5 14.799999999999999 7.600000002980231
      vertex -12.5 14.799999999999999 12.199999997019766
      vertex -11.999999997019769 14.299999997019768 7.600000002980231
    endloop
  endfacet
  facet normal 0 1 0
    outer loop
      vertex -18.19003000855446 14.799999999999999 6.686857858300208
      vertex -18.5 14.799999999999999 12.199999997019766
      vertex -18.487167291343212 14.799999999999999 12.395789282023905
    endloop
  endfacet
  facet normal -0.7071067811865488 0.7071067811865464 0
    outer loop
      vertex -18.5 14.799999999999999 7.600000002980231
      vertex -19.00000000298023 14.299999997019768 12.199999997019766
      vertex -18.5 14.799999999999999 12.199999997019766
    endloop
  endfacet
  facet normal 0 1 0
    outer loop
      vertex -18.19003000855446 14.799999999999999 6.686857858300208
      vertex -18.487167291343212 14.799999999999999 12.395789282023905
      vertex -17.57402514666319 14.799999999999999 13.585819298028945
    endloop
  endfacet
  facet normal 0 1 0
    outer loop
      vertex -12.55111125856638 14.799999999999999 7.211771437525748
      vertex -17.57402514666319 14.799999999999999 13.585819298028945
      vertex -17 14.799999999999999 13.699999997019766
    endloop
  endfacet
  facet normal 0 1 0
    outer loop
      vertex -12.55111125856638 14.799999999999999 7.211771437525748
      vertex -17 14.799999999999999 13.699999997019766
      vertex -13.425974853336811 14.799999999999999 13.585819298028945
    endloop
  endfacet
  facet normal -0.7063485794409342 0.7063485794409317 0.04629652949792445
    outer loop
      vertex -19.00000000298023 14.299999997019768 12.199999997019766
      vertex -18.989306080277597 14.299999997019768 12.363157736737474
      vertex -18.5 14.799999999999999 12.199999997019766
    endloop
  endfacet
  facet normal -0.7063485783210068 0.7063485801902207 0.04629653515276983
    outer loop
      vertex -18.5 14.799999999999999 12.199999997019766
      vertex -18.989306080277597 14.299999997019768 12.363157736737474
      vertex -18.487167291343212 14.799999999999999 12.395789282023905
    endloop
  endfacet
  facet normal -0.7063485783210068 0.706348580190221 0.046296535152765377
    outer loop
      vertex -18.989306080277597 14.299999997019768 12.363157736737474
      vertex -18.982889725987448 14.299999997019768 12.461052378656047
      vertex -18.487167291343212 14.799999999999999 12.395789282023905
    endloop
  endfacet
  facet normal -0.6942627603302922 0.7063485804210633 0.13809743862835427
    outer loop
      vertex -18.982889725987448 14.299999997019768 12.461052378656047
      vertex -18.96375045114673 14.299999997019768 12.557272018307705
      vertex -18.487167291343212 14.799999999999999 12.395789282023905
    endloop
  endfacet
  facet normal -0.6942627599080414 0.7063485795924153 0.1380974449895677
    outer loop
      vertex -18.96375045114673 14.299999997019768 12.557272018307705
      vertex -18.93185165812351 14.299999997019768 12.71763808506375
      vertex -18.44888874143362 14.799999999999999 12.58822856247425
    endloop
  endfacet
  facet normal -0.6942627603302949 0.7063485804210625 0.13809743862834412
    outer loop
      vertex -18.96375045114673 14.299999997019768 12.557272018307705
      vertex -18.44888874143362 14.799999999999999 12.58822856247425
      vertex -18.487167291343212 14.799999999999999 12.395789282023905
    endloop
  endfacet
  facet normal -0.6702979110875167 0.7063485796837262 0.22753547936639285
    outer loop
      vertex -18.93185165812351 14.299999997019768 12.71763808506375
      vertex -18.90031693809925 14.299999997019768 12.810536375114387
      vertex -18.44888874143362 14.799999999999999 12.58822856247425
    endloop
  endfacet
  facet normal -0.6702979084115992 0.7063485779083216 0.22753549276085944
    outer loop
      vertex -18.90031693809925 14.299999997019768 12.810536375114387
      vertex -18.84775906704032 14.299999997019768 12.9653668616196
      vertex -18.385819301009178 14.799999999999999 12.774025143682955
    endloop
  endfacet
  facet normal -0.670297911087512 0.706348579683727 0.2275354793664044
    outer loop
      vertex -18.90031693809925 14.299999997019768 12.810536375114387
      vertex -18.385819301009178 14.799999999999999 12.774025143682955
      vertex -18.44888874143362 14.799999999999999 12.58822856247425
    endloop
  endfacet
  facet normal 0 1 0
    outer loop
      vertex -18.44888874143362 14.799999999999999 12.58822856247425
      vertex -18.385819301009178 14.799999999999999 12.774025143682955
      vertex -18.299038104712963 14.799999999999999 12.949999997019766
    endloop
  endfacet
  facet normal 0 1 0
    outer loop
      vertex -18.487167291343212 14.799999999999999 12.395789282023905
      vertex -18.44888874143362 14.799999999999999 12.58822856247425
      vertex -17.57402514666319 14.799999999999999 13.585819298028945
    endloop
  endfacet
  facet normal -0.634864083051924 0.7063485778165972 0.3130803134454648
    outer loop
      vertex -18.385819301009178 14.799999999999999 12.774025143682955
      vertex -18.84775906704032 14.299999997019768 12.9653668616196
      vertex -18.775441406754386 14.299999997019768 13.112012572365922
    endloop
  endfacet
  facet normal -0.6348640762881056 0.70634857940101 0.3130803235864967
    outer loop
      vertex -18.775441406754386 14.299999997019768 13.112012572365922
      vertex -18.732050808864905 14.299999997019768 13.199999998509881
      vertex -18.299038104712963 14.799999999999999 12.949999997019766
    endloop
  endfacet
  facet normal -0.5885675500319208 0.7063485793073287 0.39326825902930496
    outer loop
      vertex -18.732050808864905 14.299999997019768 13.199999998509881
      vertex -18.641210729433134 14.299999997019768 13.33595178655357
      vertex -18.299038104712963 14.799999999999999 12.949999997019766
    endloop
  endfacet
  facet normal -0.634864076288109 0.7063485794010106 0.3130803235864884
    outer loop
      vertex -18.385819301009178 14.799999999999999 12.774025143682955
      vertex -18.775441406754386 14.299999997019768 13.112012572365922
      vertex -18.299038104712963 14.799999999999999 12.949999997019766
    endloop
  endfacet
  facet normal -0.5885675470624294 0.7063485798932723 0.39326826242105095
    outer loop
      vertex -18.641210729433134 14.299999997019768 13.33595178655357
      vertex -18.19003000855446 14.799999999999999 13.11314214169979
      vertex -18.299038104712963 14.799999999999999 12.949999997019766
    endloop
  endfacet
  facet normal 0 1 0
    outer loop
      vertex -18.44888874143362 14.799999999999999 12.58822856247425
      vertex -18.299038104712963 14.799999999999999 12.949999997019766
      vertex -17.57402514666319 14.799999999999999 13.585819298028945
    endloop
  endfacet
  facet normal -0.588567547062434 0.7063485798932728 0.39326826242104335
    outer loop
      vertex -18.641210729433134 14.299999997019768 13.33595178655357
      vertex -18.586706681678752 14.299999997019768 13.41752285840738
      vertex -18.19003000855446 14.799999999999999 13.11314214169979
    endloop
  endfacet
  facet normal -0.5322004596188159 0.706348579772227 0.466727280791769
    outer loop
      vertex -18.586706681678752 14.299999997019768 13.41752285840738
      vertex -18.478898482256344 14.299999997019768 13.540454548164082
      vertex -18.19003000855446 14.799999999999999 13.11314214169979
    endloop
  endfacet
  facet normal -0.532200451184996 0.706348581231345 0.4667272882004573
    outer loop
      vertex -18.060660168528557 14.799999999999999 13.260660165548323
      vertex -18.478898482256344 14.299999997019768 13.540454548164082
      vertex -18.414213562628944 14.299999997019768 13.61421355964871
    endloop
  endfacet
  facet normal -0.5322004511849985 0.7063485812313453 0.4667272882004541
    outer loop
      vertex -18.19003000855446 14.799999999999999 13.11314214169979
      vertex -18.478898482256344 14.299999997019768 13.540454548164082
      vertex -18.060660168528557 14.799999999999999 13.260660165548323
    endloop
  endfacet
  facet normal 0 1 0
    outer loop
      vertex -18.299038104712963 14.799999999999999 12.949999997019766
      vertex -18.19003000855446 14.799999999999999 13.11314214169979
      vertex -17.57402514666319 14.799999999999999 13.585819298028945
    endloop
  endfacet
  facet normal 0 1 0
    outer loop
      vertex -18.19003000855446 14.799999999999999 13.11314214169979
      vertex -18.060660168528557 14.799999999999999 13.260660165548323
      vertex -17.913142144680023 14.799999999999999 13.390030005574225
    endloop
  endfacet
  facet normal -0.4667272882004548 0.7063485812313444 0.5322004511849993
    outer loop
      vertex -18.060660168528557 14.799999999999999 13.260660165548323
      vertex -18.340454551144315 14.299999997019768 13.678898479276109
      vertex -17.913142144680023 14.799999999999999 13.390030005574225
    endloop
  endfacet
  facet normal 0 1 0
    outer loop
      vertex -18.19003000855446 14.799999999999999 13.11314214169979
      vertex -17.913142144680023 14.799999999999999 13.390030005574225
      vertex -17.57402514666319 14.799999999999999 13.585819298028945
    endloop
  endfacet
  facet normal -0.4667272882004503 0.7063485812313446 0.5322004511850027
    outer loop
      vertex -18.060660168528557 14.799999999999999 13.260660165548323
      vertex -18.414213562628944 14.299999997019768 13.61421355964871
      vertex -18.340454551144315 14.299999997019768 13.678898479276109
    endloop
  endfacet
  facet normal -0.4667272807917735 0.7063485797722269 0.5322004596188123
    outer loop
      vertex -17.913142144680023 14.799999999999999 13.390030005574225
      vertex -18.340454551144315 14.299999997019768 13.678898479276109
      vertex -18.217522861387614 14.299999997019768 13.786706678698518
    endloop
  endfacet
  facet normal -0.39326826242103763 0.7063485798932726 0.5885675470624379
    outer loop
      vertex -17.913142144680023 14.799999999999999 13.390030005574225
      vertex -18.217522861387614 14.299999997019768 13.786706678698518
      vertex -18.135951789533802 14.299999997019768 13.8412107264529
    endloop
  endfacet
  facet normal -0.39326825902931345 0.7063485793073294 0.5885675500319144
    outer loop
      vertex -18.135951789533802 14.299999997019768 13.8412107264529
      vertex -18.000000001490115 14.299999997019768 13.932050805884673
      vertex -17.75 14.799999999999999 13.49903810173273
    endloop
  endfacet
  facet normal -0.39326826242105134 0.7063485798932716 0.58856754706243
    outer loop
      vertex -17.913142144680023 14.799999999999999 13.390030005574225
      vertex -18.135951789533802 14.299999997019768 13.8412107264529
      vertex -17.75 14.799999999999999 13.49903810173273
    endloop
  endfacet
  facet normal -0.31308032358649107 0.7063485794010109 0.6348640762881074
    outer loop
      vertex -18.000000001490115 14.299999997019768 13.932050805884673
      vertex -17.912012575346157 14.299999997019768 13.975441403774152
      vertex -17.75 14.799999999999999 13.49903810173273
    endloop
  endfacet
  facet normal 0 1 0
    outer loop
      vertex -17.913142144680023 14.799999999999999 13.390030005574225
      vertex -17.75 14.799999999999999 13.49903810173273
      vertex -17.57402514666319 14.799999999999999 13.585819298028945
    endloop
  endfacet
  facet normal -0.3130803235864882 0.706348579401011 0.6348640762881086
    outer loop
      vertex -17.912012575346157 14.299999997019768 13.975441403774152
      vertex -17.57402514666319 14.799999999999999 13.585819298028945
      vertex -17.75 14.799999999999999 13.49903810173273
    endloop
  endfacet
  facet normal -0.22753547936640453 0.7063485796837263 0.6702979110875128
    outer loop
      vertex -17.57402514666319 14.799999999999999 13.585819298028945
      vertex -17.610536378094622 14.299999997019768 14.100316935119016
      vertex -17.388228565454483 14.799999999999999 13.648888738453387
    endloop
  endfacet
  facet normal 0 1 0
    outer loop
      vertex -17.57402514666319 14.799999999999999 13.585819298028945
      vertex -17.388228565454483 14.799999999999999 13.648888738453387
      vertex -17 14.799999999999999 13.699999997019766
    endloop
  endfacet
  facet normal 0 1 0
    outer loop
      vertex -17.388228565454483 14.799999999999999 13.648888738453387
      vertex -17.19578928500414 14.799999999999999 13.687167288362978
      vertex -17 14.799999999999999 13.699999997019766
    endloop
  endfacet
  facet normal -0.3130803134454616 0.7063485778165972 0.6348640830519252
    outer loop
      vertex -17.912012575346157 14.299999997019768 13.975441403774152
      vertex -17.765366864599834 14.299999997019768 14.047759064060088
      vertex -17.57402514666319 14.799999999999999 13.585819298028945
    endloop
  endfacet
  facet normal -0.2275354927608549 0.7063485779083214 0.6702979084116009
    outer loop
      vertex -17.765366864599834 14.299999997019768 14.047759064060088
      vertex -17.610536378094622 14.299999997019768 14.100316935119016
      vertex -17.57402514666319 14.799999999999999 13.585819298028945
    endloop
  endfacet
  facet normal -0.22753547936640067 0.706348579683726 0.6702979110875144
    outer loop
      vertex -17.388228565454483 14.799999999999999 13.648888738453387
      vertex -17.610536378094622 14.299999997019768 14.100316935119016
      vertex -17.517638088043984 14.299999997019768 14.131851655143276
    endloop
  endfacet
  facet normal -0.1380974449895766 0.7063485795924156 0.6942627599080394
    outer loop
      vertex -17.388228565454483 14.799999999999999 13.648888738453387
      vertex -17.517638088043984 14.299999997019768 14.131851655143276
      vertex -17.35727202128794 14.299999997019768 14.163750448166498
    endloop
  endfacet
  facet normal -0.13809743862833687 0.7063485804210637 0.6942627603302952
    outer loop
      vertex -17.19578928500414 14.799999999999999 13.687167288362978
      vertex -17.35727202128794 14.299999997019768 14.163750448166498
      vertex -17.26105238163628 14.299999997019768 14.182889723007214
    endloop
  endfacet
  facet normal -0.04629653515276601 0.7063485801902211 0.7063485783210068
    outer loop
      vertex -17.19578928500414 14.799999999999999 13.687167288362978
      vertex -17.26105238163628 14.299999997019768 14.182889723007214
      vertex -17.163157739717708 14.299999997019768 14.189306077297363
    endloop
  endfacet
  facet normal -0.04629652949793185 0.7063485794409327 0.7063485794409327
    outer loop
      vertex -17 14.799999999999999 13.699999997019766
      vertex -17.163157739717708 14.299999997019768 14.189306077297363
      vertex -17 14.299999997019768 14.199999999999998
    endloop
  endfacet
  facet normal -0.13809743862834373 0.7063485804210641 0.6942627603302935
    outer loop
      vertex -17.388228565454483 14.799999999999999 13.648888738453387
      vertex -17.35727202128794 14.299999997019768 14.163750448166498
      vertex -17.19578928500414 14.799999999999999 13.687167288362978
    endloop
  endfacet
  facet normal -0.04629653515276983 0.7063485801902207 0.7063485783210068
    outer loop
      vertex -17.19578928500414 14.799999999999999 13.687167288362978
      vertex -17.163157739717708 14.299999997019768 14.189306077297363
      vertex -17 14.799999999999999 13.699999997019766
    endloop
  endfacet
  facet normal 0 0.7071067811865475 0.7071067811865475
    outer loop
      vertex -17 14.799999999999999 13.699999997019766
      vertex -17 14.299999997019768 14.199999999999998
      vertex -14 14.299999997019768 14.199999999999998
    endloop
  endfacet
  facet normal 0 1 0
    outer loop
      vertex -17 14.799999999999999 13.699999997019766
      vertex -14 14.799999999999999 13.699999997019766
      vertex -13.425974853336811 14.799999999999999 13.585819298028945
    endloop
  endfacet
  facet normal 0 0.7071067811865475 0.7071067811865475
    outer loop
      vertex -17 14.799999999999999 13.699999997019766
      vertex -14 14.299999997019768 14.199999999999998
      vertex -14 14.799999999999999 13.699999997019766
    endloop
  endfacet
  facet normal 0 1 0
    outer loop
      vertex -13.25 14.799999999999999 13.49903810173273
      vertex -13.086857855319977 14.799999999999999 13.390030005574225
      vertex -13.425974853336811 14.799999999999999 13.585819298028945
    endloop
  endfacet
  facet normal 0 1 0
    outer loop
      vertex -13.086857855319977 14.799999999999999 13.390030005574225
      vertex -12.809969991445541 14.799999999999999 13.11314214169979
      vertex -13.425974853336811 14.799999999999999 13.585819298028945
    endloop
  endfacet
  facet normal 0 1 0
    outer loop
      vertex -14 14.799999999999999 13.699999997019766
      vertex -13.804210714995861 14.799999999999999 13.687167288362978
      vertex -13.611771434545517 14.799999999999999 13.648888738453387
    endloop
  endfacet
  facet normal 0.04629652949793185 0.7063485794409327 0.7063485794409327
    outer loop
      vertex -14 14.799999999999999 13.699999997019766
      vertex -14 14.299999997019768 14.199999999999998
      vertex -13.836842260282292 14.299999997019768 14.189306077297363
    endloop
  endfacet
  facet normal 0.04629653515276516 0.706348580190221 0.7063485783210068
    outer loop
      vertex -13.804210714995861 14.799999999999999 13.687167288362978
      vertex -13.836842260282292 14.299999997019768 14.189306077297363
      vertex -13.738947618363719 14.299999997019768 14.182889723007214
    endloop
  endfacet
  facet normal 0.04629653515276983 0.7063485801902207 0.7063485783210068
    outer loop
      vertex -14 14.799999999999999 13.699999997019766
      vertex -13.836842260282292 14.299999997019768 14.189306077297363
      vertex -13.804210714995861 14.799999999999999 13.687167288362978
    endloop
  endfacet
  facet normal 0 1 0
    outer loop
      vertex -14 14.799999999999999 13.699999997019766
      vertex -13.611771434545517 14.799999999999999 13.648888738453387
      vertex -13.425974853336811 14.799999999999999 13.585819298028945
    endloop
  endfacet
  facet normal 0.22753547936640467 0.706348579683726 0.6702979110875131
    outer loop
      vertex -13.611771434545517 14.799999999999999 13.648888738453387
      vertex -13.38946362190538 14.299999997019768 14.100316935119016
      vertex -13.425974853336811 14.799999999999999 13.585819298028945
    endloop
  endfacet
  facet normal 0.3932682590293097 0.7063485793073297 0.5885675500319167
    outer loop
      vertex -13.25 14.799999999999999 13.49903810173273
      vertex -12.999999998509885 14.299999997019768 13.932050805884673
      vertex -12.864048210466196 14.299999997019768 13.8412107264529
    endloop
  endfacet
  facet normal 0.39326826242105095 0.7063485798932723 0.5885675470624294
    outer loop
      vertex -13.25 14.799999999999999 13.49903810173273
      vertex -12.864048210466196 14.299999997019768 13.8412107264529
      vertex -13.086857855319977 14.799999999999999 13.390030005574225
    endloop
  endfacet
  facet normal 0.3130803235864884 0.7063485794010106 0.634864076288109
    outer loop
      vertex -13.25 14.799999999999999 13.49903810173273
      vertex -13.425974853336811 14.799999999999999 13.585819298028945
      vertex -13.087987424653845 14.299999997019768 13.975441403774152
    endloop
  endfacet
  facet normal 0.13809743862834178 0.7063485804210637 0.6942627603302942
    outer loop
      vertex -13.804210714995861 14.799999999999999 13.687167288362978
      vertex -13.738947618363719 14.299999997019768 14.182889723007214
      vertex -13.642727978712061 14.299999997019768 14.163750448166498
    endloop
  endfacet
  facet normal 0.13809744498957513 0.7063485795924155 0.6942627599080398
    outer loop
      vertex -13.611771434545517 14.799999999999999 13.648888738453387
      vertex -13.642727978712061 14.299999997019768 14.163750448166498
      vertex -13.482361911956016 14.299999997019768 14.131851655143276
    endloop
  endfacet
  facet normal 0.22753547936640459 0.7063485796837258 0.6702979110875131
    outer loop
      vertex -13.611771434545517 14.799999999999999 13.648888738453387
      vertex -13.482361911956016 14.299999997019768 14.131851655143276
      vertex -13.38946362190538 14.299999997019768 14.100316935119016
    endloop
  endfacet
  facet normal 0.13809743862834375 0.7063485804210637 0.6942627603302937
    outer loop
      vertex -13.804210714995861 14.799999999999999 13.687167288362978
      vertex -13.642727978712061 14.299999997019768 14.163750448166498
      vertex -13.611771434545517 14.799999999999999 13.648888738453387
    endloop
  endfacet
  facet normal 0.3130803134454647 0.7063485778165972 0.6348640830519238
    outer loop
      vertex -13.234633135400166 14.299999997019768 14.047759064060088
      vertex -13.087987424653845 14.299999997019768 13.975441403774152
      vertex -13.425974853336811 14.799999999999999 13.585819298028945
    endloop
  endfacet
  facet normal 0.22753549276085258 0.7063485779083214 0.6702979084116018
    outer loop
      vertex -13.234633135400166 14.299999997019768 14.047759064060088
      vertex -13.425974853336811 14.799999999999999 13.585819298028945
      vertex -13.38946362190538 14.299999997019768 14.100316935119016
    endloop
  endfacet
  facet normal 0.31308032358648635 0.7063485794010108 0.63486407628811
    outer loop
      vertex -13.25 14.799999999999999 13.49903810173273
      vertex -13.087987424653845 14.299999997019768 13.975441403774152
      vertex -12.999999998509885 14.299999997019768 13.932050805884673
    endloop
  endfacet
  facet normal 0.7071067811865475 0.7071067811865475 0
    outer loop
      vertex -11.999999997019769 14.299999997019768 7.600000002980231
      vertex -12.5 14.799999999999999 12.199999997019766
      vertex -11.999999997019769 14.299999997019768 12.199999997019766
    endloop
  endfacet
  facet normal 0 1 0
    outer loop
      vertex -12.55111125856638 14.799999999999999 7.211771437525748
      vertex -12.512832708656788 14.799999999999999 12.395789282023905
      vertex -12.5 14.799999999999999 12.199999997019766
    endloop
  endfacet
  facet normal 0 1 0
    outer loop
      vertex -12.55111125856638 14.799999999999999 7.211771437525748
      vertex -12.809969991445541 14.799999999999999 13.11314214169979
      vertex -12.512832708656788 14.799999999999999 12.395789282023905
    endloop
  endfacet
  facet normal 0 1 0
    outer loop
      vertex -12.55111125856638 14.799999999999999 7.211771437525748
      vertex -13.425974853336811 14.799999999999999 13.585819298028945
      vertex -12.809969991445541 14.799999999999999 13.11314214169979
    endloop
  endfacet
  facet normal 0.7063485794409327 0.7063485794409327 0.04629652949793185
    outer loop
      vertex -12.5 14.799999999999999 12.199999997019766
      vertex -12.010693919722403 14.299999997019768 12.363157736737474
      vertex -11.999999997019769 14.299999997019768 12.199999997019766
    endloop
  endfacet
  facet normal 0.7063485783210068 0.7063485801902207 0.04629653515276983
    outer loop
      vertex -12.5 14.799999999999999 12.199999997019766
      vertex -12.512832708656788 14.799999999999999 12.395789282023905
      vertex -12.010693919722403 14.299999997019768 12.363157736737474
    endloop
  endfacet
  facet normal 0 1 0
    outer loop
      vertex -12.55111125856638 14.799999999999999 12.58822856247425
      vertex -12.512832708656788 14.799999999999999 12.395789282023905
      vertex -12.614180698990822 14.799999999999999 12.774025143682955
    endloop
  endfacet
  facet normal 0.7063485783210068 0.706348580190221 0.04629653515276516
    outer loop
      vertex -12.512832708656788 14.799999999999999 12.395789282023905
      vertex -12.017110274012552 14.299999997019768 12.461052378656047
      vertex -12.010693919722403 14.299999997019768 12.363157736737474
    endloop
  endfacet
  facet normal 0.6942627603302942 0.7063485804210637 0.13809743862834178
    outer loop
      vertex -12.512832708656788 14.799999999999999 12.395789282023905
      vertex -12.036249548853268 14.299999997019768 12.557272018307705
      vertex -12.017110274012552 14.299999997019768 12.461052378656047
    endloop
  endfacet
  facet normal 0.6942627599080397 0.7063485795924154 0.13809744498957513
    outer loop
      vertex -12.55111125856638 14.799999999999999 12.58822856247425
      vertex -12.06814834187649 14.299999997019768 12.71763808506375
      vertex -12.036249548853268 14.299999997019768 12.557272018307705
    endloop
  endfacet
  facet normal 0.6942627603302937 0.7063485804210637 0.13809743862834375
    outer loop
      vertex -12.55111125856638 14.799999999999999 12.58822856247425
      vertex -12.036249548853268 14.299999997019768 12.557272018307705
      vertex -12.512832708656788 14.799999999999999 12.395789282023905
    endloop
  endfacet
  facet normal 0 1 0
    outer loop
      vertex -12.512832708656788 14.799999999999999 12.395789282023905
      vertex -12.809969991445541 14.799999999999999 13.11314214169979
      vertex -12.614180698990822 14.799999999999999 12.774025143682955
    endloop
  endfacet
  facet normal 0.6702979110875131 0.7063485796837258 0.22753547936640459
    outer loop
      vertex -12.55111125856638 14.799999999999999 12.58822856247425
      vertex -12.09968306190075 14.299999997019768 12.810536375114387
      vertex -12.06814834187649 14.299999997019768 12.71763808506375
    endloop
  endfacet
  facet normal 0.6702979084116018 0.7063485779083214 0.22753549276085272
    outer loop
      vertex -12.614180698990822 14.799999999999999 12.774025143682955
      vertex -12.152240932959678 14.299999997019768 12.9653668616196
      vertex -12.09968306190075 14.299999997019768 12.810536375114387
    endloop
  endfacet
  facet normal 0.6702979110875131 0.706348579683726 0.22753547936640467
    outer loop
      vertex -12.55111125856638 14.799999999999999 12.58822856247425
      vertex -12.614180698990822 14.799999999999999 12.774025143682955
      vertex -12.09968306190075 14.299999997019768 12.810536375114387
    endloop
  endfacet
  facet normal 0 1 0
    outer loop
      vertex -12.614180698990822 14.799999999999999 12.774025143682955
      vertex -12.809969991445541 14.799999999999999 13.11314214169979
      vertex -12.700961895287037 14.799999999999999 12.949999997019766
    endloop
  endfacet
  facet normal 0.5885675470624294 0.7063485798932723 0.39326826242105095
    outer loop
      vertex -12.358789270566866 14.299999997019768 13.33595178655357
      vertex -12.700961895287037 14.799999999999999 12.949999997019766
      vertex -12.809969991445541 14.799999999999999 13.11314214169979
    endloop
  endfacet
  facet normal 0.634864083051924 0.7063485778165972 0.3130803134454648
    outer loop
      vertex -12.614180698990822 14.799999999999999 12.774025143682955
      vertex -12.224558593245614 14.299999997019768 13.112012572365922
      vertex -12.152240932959678 14.299999997019768 12.9653668616196
    endloop
  endfacet
  facet normal 0.63486407628811 0.7063485794010108 0.313080323586486
    outer loop
      vertex -12.224558593245614 14.299999997019768 13.112012572365922
      vertex -12.700961895287037 14.799999999999999 12.949999997019766
      vertex -12.267949191135093 14.299999997019768 13.199999998509881
    endloop
  endfacet
  facet normal 0.5885675500319166 0.7063485793073295 0.3932682590293098
    outer loop
      vertex -12.267949191135093 14.299999997019768 13.199999998509881
      vertex -12.700961895287037 14.799999999999999 12.949999997019766
      vertex -12.358789270566866 14.299999997019768 13.33595178655357
    endloop
  endfacet
  facet normal 0.634864076288109 0.7063485794010106 0.3130803235864884
    outer loop
      vertex -12.614180698990822 14.799999999999999 12.774025143682955
      vertex -12.700961895287037 14.799999999999999 12.949999997019766
      vertex -12.224558593245614 14.299999997019768 13.112012572365922
    endloop
  endfacet
  facet normal 0.5322004596188123 0.7063485797722269 0.46672728079177356
    outer loop
      vertex -12.413293318321248 14.299999997019768 13.41752285840738
      vertex -12.809969991445541 14.799999999999999 13.11314214169979
      vertex -12.521101517743658 14.299999997019768 13.540454548164082
    endloop
  endfacet
  facet normal 0.5322004511850027 0.7063485812313446 0.4667272882004503
    outer loop
      vertex -12.939339831471443 14.799999999999999 13.260660165548323
      vertex -12.585786437371056 14.299999997019768 13.61421355964871
      vertex -12.521101517743658 14.299999997019768 13.540454548164082
    endloop
  endfacet
  facet normal 0.5322004511849993 0.7063485812313444 0.4667272882004548
    outer loop
      vertex -12.809969991445541 14.799999999999999 13.11314214169979
      vertex -12.939339831471443 14.799999999999999 13.260660165548323
      vertex -12.521101517743658 14.299999997019768 13.540454548164082
    endloop
  endfacet
  facet normal 0 1 0
    outer loop
      vertex -13.086857855319977 14.799999999999999 13.390030005574225
      vertex -12.939339831471443 14.799999999999999 13.260660165548323
      vertex -12.809969991445541 14.799999999999999 13.11314214169979
    endloop
  endfacet
  facet normal 0.4667272882004548 0.7063485812313444 0.5322004511849993
    outer loop
      vertex -13.086857855319977 14.799999999999999 13.390030005574225
      vertex -12.659545448855685 14.299999997019768 13.678898479276109
      vertex -12.939339831471443 14.799999999999999 13.260660165548323
    endloop
  endfacet
  facet normal 0.588567547062434 0.7063485798932728 0.39326826242104335
    outer loop
      vertex -12.358789270566866 14.299999997019768 13.33595178655357
      vertex -12.809969991445541 14.799999999999999 13.11314214169979
      vertex -12.413293318321248 14.299999997019768 13.41752285840738
    endloop
  endfacet
  facet normal 0.4667272807917735 0.7063485797722269 0.5322004596188123
    outer loop
      vertex -13.086857855319977 14.799999999999999 13.390030005574225
      vertex -12.782477138612386 14.299999997019768 13.786706678698518
      vertex -12.659545448855685 14.299999997019768 13.678898479276109
    endloop
  endfacet
  facet normal 0.4667272882004503 0.7063485812313446 0.5322004511850027
    outer loop
      vertex -12.939339831471443 14.799999999999999 13.260660165548323
      vertex -12.659545448855685 14.299999997019768 13.678898479276109
      vertex -12.585786437371056 14.299999997019768 13.61421355964871
    endloop
  endfacet
  facet normal 0.39326826242104346 0.7063485798932728 0.5885675470624337
    outer loop
      vertex -13.086857855319977 14.799999999999999 13.390030005574225
      vertex -12.864048210466196 14.299999997019768 13.8412107264529
      vertex -12.782477138612386 14.299999997019768 13.786706678698518
    endloop
  endfacet
  facet normal -0.22753547936640506 -0.7063485796837258 -0.6702979110875131
    outer loop
      vertex -4.611266602718897 -14.299999997019768 5.689393112200513
      vertex -4.520226278480348 -14.299999997019768 5.658489086580498
      vertex -4.388228565454483 -14.809999999999999 6.15111126154661
    endloop
  endfacet
  facet normal -0.13809743862834434 -0.7063485804210634 -0.6942627603302939
    outer loop
      vertex -4.356652890408299 -14.299999997019768 5.625952317700614
      vertex -4.262357643561143 -14.299999997019768 5.607195828358993
      vertex -4.195789285004139 -14.809999999999999 6.112832711637019
    endloop
  endfacet
  facet normal -0.13809744498957371 -0.7063485795924153 -0.6942627599080401
    outer loop
      vertex -4.520226278480348 -14.299999997019768 5.658489086580498
      vertex -4.356652890408299 -14.299999997019768 5.625952317700614
      vertex -4.388228565454483 -14.809999999999999 6.15111126154661
    endloop
  endfacet
  facet normal -0.046296535152767 -0.7063485801902211 -0.7063485783210067
    outer loop
      vertex -4.262357643561143 -14.299999997019768 5.607195828358993
      vertex -4.166420894492612 -14.299999997019768 5.600907801155412
      vertex -4.195789285004139 -14.809999999999999 6.112832711637019
    endloop
  endfacet
  facet normal -0.04629652949793105 -0.7063485794409327 -0.7063485794409327
    outer loop
      vertex -4.166420894492612 -14.299999997019768 5.600907801155412
      vertex -4 -14.299999997019768 5.59
      vertex -4 -14.809999999999999 6.100000002980231
    endloop
  endfacet
  facet normal -0.31308032358648946 -0.7063485794010114 -0.6348640762881078
    outer loop
      vertex -5.0050000014901155 -14.299999997019768 5.859288940083904
      vertex -4.918772323879524 -14.299999997019768 5.816766154157387
      vertex -4.75 -14.809999999999999 6.300961898267268
    endloop
  endfacet
  facet normal -0.3932682624210485 -0.7063485798932729 -0.5885675470624301
    outer loop
      vertex -4.913142144680023 -14.809999999999999 6.409969994425772
      vertex -5.223610475685481 -14.299999997019768 6.005359787886281
      vertex -5.143670825278471 -14.299999997019768 5.951945821093483
    endloop
  endfacet
  facet normal -0.39326825902930984 -0.7063485793073302 -0.5885675500319161
    outer loop
      vertex -5.0050000014901155 -14.299999997019768 5.859288940083904
      vertex -4.75 -14.809999999999999 6.300961898267268
      vertex -5.143670825278471 -14.299999997019768 5.951945821093483
    endloop
  endfacet
  facet normal -0.466727288200455 -0.7063485812313447 -0.5322004511849983
    outer loop
      vertex -5.349000799222662 -14.299999997019768 6.115324151284286
      vertex -5.060660168528557 -14.809999999999999 6.539339834451674
      vertex -5.421284630468805 -14.299999997019768 6.178715372511426
    endloop
  endfacet
  facet normal -0.5322004511849983 -0.7063485812313447 -0.466727288200455
    outer loop
      vertex -5.484675851695945 -14.299999997019768 6.250999203757569
      vertex -5.421284630468805 -14.299999997019768 6.178715372511426
      vertex -5.060660168528557 -14.809999999999999 6.539339834451674
    endloop
  endfacet
  facet normal -0.5322004596188152 -0.7063485797722269 -0.4667272807917702
    outer loop
      vertex -5.484675851695945 -14.299999997019768 6.250999203757569
      vertex -5.190030008554459 -14.809999999999999 6.686857858300208
      vertex -5.59464021509395 -14.299999997019768 6.37638952729475
    endloop
  endfacet
  facet normal -0.3932682624210507 -0.7063485798932726 -0.5885675470624291
    outer loop
      vertex -4.913142144680023 -14.809999999999999 6.409969994425772
      vertex -5.143670825278471 -14.299999997019768 5.951945821093483
      vertex -4.75 -14.809999999999999 6.300961898267268
    endloop
  endfacet
  facet normal -0.4667272882004544 -0.7063485812313448 -0.5322004511849988
    outer loop
      vertex -4.913142144680023 -14.809999999999999 6.409969994425772
      vertex -5.060660168528557 -14.809999999999999 6.539339834451674
      vertex -5.349000799222662 -14.299999997019768 6.115324151284286
    endloop
  endfacet
  facet normal -0.4667272807917702 -0.7063485797722268 -0.5322004596188152
    outer loop
      vertex -4.913142144680023 -14.809999999999999 6.409969994425772
      vertex -5.349000799222662 -14.299999997019768 6.115324151284286
      vertex -5.223610475685481 -14.299999997019768 6.005359787886281
    endloop
  endfacet
  facet normal -0.6348640830519253 -0.7063485778165975 -0.3130803134454613
    outer loop
      vertex -5.783233848822844 -14.299999997019768 6.681227679100707
      vertex -5.385819301009178 -14.809999999999999 7.025974856317042
      vertex -5.856997862305877 -14.299999997019768 6.830806304044474
    endloop
  endfacet
  facet normal -0.6702979084116023 -0.7063485779083215 -0.2275354927608507
    outer loop
      vertex -5.856997862305877 -14.299999997019768 6.830806304044474
      vertex -5.385819301009178 -14.809999999999999 7.025974856317042
      vertex -5.910606890779718 -14.299999997019768 6.988733400261334
    endloop
  endfacet
  facet normal -0.588567547062429 -0.7063485798932726 -0.39326826242105073
    outer loop
      vertex -5.648054181886748 -14.299999997019768 6.45632917770176
      vertex -5.190030008554459 -14.809999999999999 6.686857858300208
      vertex -5.299038104712963 -14.809999999999999 6.850000002980231
    endloop
  endfacet
  facet normal -0.5885675470624302 -0.7063485798932728 -0.3932682624210487
    outer loop
      vertex -5.59464021509395 -14.299999997019768 6.37638952729475
      vertex -5.190030008554459 -14.809999999999999 6.686857858300208
      vertex -5.648054181886748 -14.299999997019768 6.45632917770176
    endloop
  endfacet
  facet normal -0.5885675500319161 -0.70634857930733 -0.39326825902930984
    outer loop
      vertex -5.648054181886748 -14.299999997019768 6.45632917770176
      vertex -5.299038104712963 -14.809999999999999 6.850000002980231
      vertex -5.7407110628963265 -14.299999997019768 6.595000001490115
    endloop
  endfacet
  facet normal -0.6348640762881077 -0.7063485794010111 -0.3130803235864894
    outer loop
      vertex -5.7407110628963265 -14.299999997019768 6.595000001490115
      vertex -5.299038104712963 -14.809999999999999 6.850000002980231
      vertex -5.783233848822844 -14.299999997019768 6.681227679100707
    endloop
  endfacet
  facet normal -0.5322004511849988 -0.7063485812313448 -0.4667272882004544
    outer loop
      vertex -5.484675851695945 -14.299999997019768 6.250999203757569
      vertex -5.060660168528557 -14.809999999999999 6.539339834451674
      vertex -5.190030008554459 -14.809999999999999 6.686857858300208
    endloop
  endfacet
  facet normal 0 -1 0
    outer loop
      vertex -4.913142144680023 -14.809999999999999 6.409969994425772
      vertex -5.190030008554459 -14.809999999999999 6.686857858300208
      vertex -5.060660168528557 -14.809999999999999 6.539339834451674
    endloop
  endfacet
  facet normal 0 -1 0
    outer loop
      vertex -4.913142144680023 -14.809999999999999 6.409969994425772
      vertex -5.299038104712963 -14.809999999999999 6.850000002980231
      vertex -5.190030008554459 -14.809999999999999 6.686857858300208
    endloop
  endfacet
  facet normal -0.6348640762881084 -0.7063485794010115 -0.313080323586488
    outer loop
      vertex -5.783233848822844 -14.299999997019768 6.681227679100707
      vertex -5.299038104712963 -14.809999999999999 6.850000002980231
      vertex -5.385819301009178 -14.809999999999999 7.025974856317042
    endloop
  endfacet
  facet normal 0 -1 0
    outer loop
      vertex -5.299038104712963 -14.809999999999999 6.850000002980231
      vertex -5.4488887414336205 -14.809999999999999 7.211771437525748
      vertex -5.385819301009178 -14.809999999999999 7.025974856317042
    endloop
  endfacet
  facet normal 0 -1 0
    outer loop
      vertex -4.913142144680023 -14.809999999999999 6.409969994425772
      vertex -5.4488887414336205 -14.809999999999999 7.211771437525748
      vertex -5.299038104712963 -14.809999999999999 6.850000002980231
    endloop
  endfacet
  facet normal -0.22753547936640475 -0.7063485796837257 -0.6702979110875132
    outer loop
      vertex -4.611266602718897 -14.299999997019768 5.689393112200513
      vertex -4.388228565454483 -14.809999999999999 6.15111126154661
      vertex -4.574025146663189 -14.809999999999999 6.214180701971053
    endloop
  endfacet
  facet normal -0.313080323586488 -0.7063485794010115 -0.6348640762881084
    outer loop
      vertex -4.918772323879524 -14.299999997019768 5.816766154157387
      vertex -4.574025146663189 -14.809999999999999 6.214180701971053
      vertex -4.75 -14.809999999999999 6.300961898267268
    endloop
  endfacet
  facet normal -0.3130803134454613 -0.7063485778165975 -0.6348640830519253
    outer loop
      vertex -4.918772323879524 -14.299999997019768 5.816766154157387
      vertex -4.769193698935757 -14.299999997019768 5.743002140674354
      vertex -4.574025146663189 -14.809999999999999 6.214180701971053
    endloop
  endfacet
  facet normal -0.2275354927608507 -0.7063485779083215 -0.6702979084116023
    outer loop
      vertex -4.611266602718897 -14.299999997019768 5.689393112200513
      vertex -4.574025146663189 -14.809999999999999 6.214180701971053
      vertex -4.769193698935757 -14.299999997019768 5.743002140674354
    endloop
  endfacet
  facet normal -0.13809743862834367 -0.7063485804210634 -0.6942627603302941
    outer loop
      vertex -4.356652890408299 -14.299999997019768 5.625952317700614
      vertex -4.195789285004139 -14.809999999999999 6.112832711637019
      vertex -4.388228565454483 -14.809999999999999 6.15111126154661
    endloop
  endfacet
  facet normal -0.0462965351527698 -0.7063485801902208 -0.7063485783210066
    outer loop
      vertex -4.166420894492612 -14.299999997019768 5.600907801155412
      vertex -4 -14.809999999999999 6.100000002980231
      vertex -4.195789285004139 -14.809999999999999 6.112832711637019
    endloop
  endfacet
  facet normal 0 -1 0
    outer loop
      vertex -4.388228565454483 -14.809999999999999 6.15111126154661
      vertex -4 -14.809999999999999 6.100000002980231
      vertex -4.574025146663189 -14.809999999999999 6.214180701971053
    endloop
  endfacet
  facet normal 0 -1 0
    outer loop
      vertex -4.388228565454483 -14.809999999999999 6.15111126154661
      vertex -4.195789285004139 -14.809999999999999 6.112832711637019
      vertex -4 -14.809999999999999 6.100000002980231
    endloop
  endfacet
  facet normal 0 -1 0
    outer loop
      vertex -4.913142144680023 -14.809999999999999 6.409969994425772
      vertex -4.75 -14.809999999999999 6.300961898267268
      vertex -4.574025146663189 -14.809999999999999 6.214180701971053
    endloop
  endfacet
  facet normal 0 -1 0
    outer loop
      vertex -4.913142144680023 -14.809999999999999 6.409969994425772
      vertex -4.574025146663189 -14.809999999999999 6.214180701971053
      vertex -4 -14.809999999999999 6.100000002980231
    endloop
  endfacet
  facet normal 0 -1 0
    outer loop
      vertex -4.913142144680023 -14.809999999999999 6.409969994425772
      vertex -4 -14.809999999999999 6.100000002980231
      vertex -5.4488887414336205 -14.809999999999999 7.211771437525748
    endloop
  endfacet
  facet normal 0 -0.7071067811865476 -0.7071067811865476
    outer loop
      vertex -4 -14.299999997019768 5.59
      vertex 4 -14.299999997019768 5.59
      vertex -4 -14.809999999999999 6.100000002980231
    endloop
  endfacet
  facet normal 0 -1 0
    outer loop
      vertex -4 -14.809999999999999 6.100000002980231
      vertex 5.190030008554459 -14.809999999999999 6.686857858300208
      vertex -5.4488887414336205 -14.809999999999999 7.211771437525748
    endloop
  endfacet
  facet normal -0.670297911087513 -0.7063485796837257 -0.227535479366405
    outer loop
      vertex -5.910606890779718 -14.299999997019768 6.988733400261334
      vertex -5.4488887414336205 -14.809999999999999 7.211771437525748
      vertex -5.941510916399733 -14.299999997019768 7.079773724499883
    endloop
  endfacet
  facet normal -0.6942627599080401 -0.7063485795924153 -0.13809744498957371
    outer loop
      vertex -5.941510916399733 -14.299999997019768 7.079773724499883
      vertex -5.4488887414336205 -14.809999999999999 7.211771437525748
      vertex -5.974047685279617 -14.299999997019768 7.243347112571932
    endloop
  endfacet
  facet normal -0.694262760330294 -0.7063485804210635 -0.13809743862834437
    outer loop
      vertex -5.974047685279617 -14.299999997019768 7.243347112571932
      vertex -5.487167291343212 -14.809999999999999 7.404210717976092
      vertex -5.992804174621238 -14.299999997019768 7.337642359419088
    endloop
  endfacet
  facet normal -0.7063485783210067 -0.7063485801902211 -0.046296535152767
    outer loop
      vertex -5.992804174621238 -14.299999997019768 7.337642359419088
      vertex -5.487167291343212 -14.809999999999999 7.404210717976092
      vertex -5.999092201824819 -14.299999997019768 7.433579108487619
    endloop
  endfacet
  facet normal -0.7063485794409327 -0.7063485794409327 -0.046296529497931053
    outer loop
      vertex -5.999092201824819 -14.299999997019768 7.433579108487619
      vertex -5.5 -14.809999999999999 7.600000002980231
      vertex -6.010000002980231 -14.299999997019768 7.600000002980231
    endloop
  endfacet
  facet normal -0.6702979110875132 -0.7063485796837257 -0.22753547936640475
    outer loop
      vertex -5.910606890779718 -14.299999997019768 6.988733400261334
      vertex -5.385819301009178 -14.809999999999999 7.025974856317042
      vertex -5.4488887414336205 -14.809999999999999 7.211771437525748
    endloop
  endfacet
  facet normal -0.6942627603302941 -0.7063485804210634 -0.13809743862834367
    outer loop
      vertex -5.974047685279617 -14.299999997019768 7.243347112571932
      vertex -5.4488887414336205 -14.809999999999999 7.211771437525748
      vertex -5.487167291343212 -14.809999999999999 7.404210717976092
    endloop
  endfacet
  facet normal 0 -1 0
    outer loop
      vertex -5.4488887414336205 -14.809999999999999 7.211771437525748
      vertex -5.5 -14.809999999999999 7.600000002980231
      vertex -5.487167291343212 -14.809999999999999 7.404210717976092
    endloop
  endfacet
  facet normal -0.7063485783210066 -0.7063485801902208 -0.0462965351527698
    outer loop
      vertex -5.999092201824819 -14.299999997019768 7.433579108487619
      vertex -5.487167291343212 -14.809999999999999 7.404210717976092
      vertex -5.5 -14.809999999999999 7.600000002980231
    endloop
  endfacet
  facet normal -0.7071067811865475 -0.7071067811865475 0
    outer loop
      vertex -6.010000002980231 -14.299999997019768 7.600000002980231
      vertex -5.5 -14.809999999999999 7.600000002980231
      vertex -5.5 -14.809999999999999 12.199999997019766
    endloop
  endfacet
  facet normal 0 -1 0
    outer loop
      vertex -5.4488887414336205 -14.809999999999999 7.211771437525748
      vertex -5.5 -14.809999999999999 12.199999997019766
      vertex -5.5 -14.809999999999999 7.600000002980231
    endloop
  endfacet
  facet normal -0.7071067811865475 -0.7071067811865475 0
    outer loop
      vertex -6.010000002980231 -14.299999997019768 7.600000002980231
      vertex -5.5 -14.809999999999999 12.199999997019766
      vertex -6.010000002980231 -14.299999997019768 12.199999997019766
    endloop
  endfacet
  facet normal 0 -1 0
    outer loop
      vertex -5.4488887414336205 -14.809999999999999 7.211771437525748
      vertex -5.487167291343212 -14.809999999999999 12.395789282023905
      vertex -5.5 -14.809999999999999 12.199999997019766
    endloop
  endfacet
  facet normal 0 -1 0
    outer loop
      vertex -5.4488887414336205 -14.809999999999999 7.211771437525748
      vertex -4.75 -14.809999999999999 13.49903810173273
      vertex -5.487167291343212 -14.809999999999999 12.395789282023905
    endloop
  endfacet
  facet normal 0 -1 0
    outer loop
      vertex -5.4488887414336205 -14.809999999999999 7.211771437525748
      vertex 4.574025146663189 -14.809999999999999 13.585819298028945
      vertex -4.75 -14.809999999999999 13.49903810173273
    endloop
  endfacet
  facet normal -0.7063485794409327 -0.7063485794409327 0.046296529497931053
    outer loop
      vertex -6.010000002980231 -14.299999997019768 12.199999997019766
      vertex -5.5 -14.809999999999999 12.199999997019766
      vertex -5.999092201824819 -14.299999997019768 12.366420891512378
    endloop
  endfacet
  facet normal -0.7063485783210067 -0.706348580190221 0.04629653515276983
    outer loop
      vertex -5.5 -14.809999999999999 12.199999997019766
      vertex -5.487167291343212 -14.809999999999999 12.395789282023905
      vertex -5.999092201824819 -14.299999997019768 12.366420891512378
    endloop
  endfacet
  facet normal -0.7063485783210068 -0.7063485801902212 0.04629653515276658
    outer loop
      vertex -5.999092201824819 -14.299999997019768 12.366420891512378
      vertex -5.487167291343212 -14.809999999999999 12.395789282023905
      vertex -5.992804174621238 -14.299999997019768 12.46235764058091
    endloop
  endfacet
  facet normal -0.6942627603302937 -0.7063485804210635 0.1380974386283456
    outer loop
      vertex -5.992804174621238 -14.299999997019768 12.46235764058091
      vertex -5.487167291343212 -14.809999999999999 12.395789282023905
      vertex -5.974047685279617 -14.299999997019768 12.556652887428065
    endloop
  endfacet
  facet normal -0.6942627599080401 -0.7063485795924153 0.13809744498957446
    outer loop
      vertex -5.974047685279617 -14.299999997019768 12.556652887428065
      vertex -5.4488887414336205 -14.809999999999999 12.58822856247425
      vertex -5.941510916399733 -14.299999997019768 12.720226275500114
    endloop
  endfacet
  facet normal -0.6702979110875145 -0.7063485796837258 0.2275354793664011
    outer loop
      vertex -5.941510916399733 -14.299999997019768 12.720226275500114
      vertex -5.4488887414336205 -14.809999999999999 12.58822856247425
      vertex -5.910606890779718 -14.299999997019768 12.811266599738664
    endloop
  endfacet
  facet normal -0.6702979084116018 -0.7063485779083215 0.2275354927608518
    outer loop
      vertex -5.910606890779718 -14.299999997019768 12.811266599738664
      vertex -5.385819301009178 -14.809999999999999 12.774025143682955
      vertex -5.856997862305877 -14.299999997019768 12.969193695955523
    endloop
  endfacet
  facet normal -0.6942627603302941 -0.7063485804210634 0.13809743862834367
    outer loop
      vertex -5.974047685279617 -14.299999997019768 12.556652887428065
      vertex -5.487167291343212 -14.809999999999999 12.395789282023905
      vertex -5.4488887414336205 -14.809999999999999 12.58822856247425
    endloop
  endfacet
  facet normal 0 -1 0
    outer loop
      vertex -5.487167291343212 -14.809999999999999 12.395789282023905
      vertex -5.385819301009178 -14.809999999999999 12.774025143682955
      vertex -5.4488887414336205 -14.809999999999999 12.58822856247425
    endloop
  endfacet
  facet normal -0.6702979110875129 -0.706348579683726 0.2275354793664047
    outer loop
      vertex -5.910606890779718 -14.299999997019768 12.811266599738664
      vertex -5.4488887414336205 -14.809999999999999 12.58822856247425
      vertex -5.385819301009178 -14.809999999999999 12.774025143682955
    endloop
  endfacet
  facet normal 0 -1 0
    outer loop
      vertex -5.487167291343212 -14.809999999999999 12.395789282023905
      vertex -5.299038104712963 -14.809999999999999 12.949999997019766
      vertex -5.385819301009178 -14.809999999999999 12.774025143682955
    endloop
  endfacet
  facet normal -0.6348640830519244 -0.7063485778165974 0.31308031344546267
    outer loop
      vertex -5.385819301009178 -14.809999999999999 12.774025143682955
      vertex -5.783233848822844 -14.299999997019768 13.11877232089929
      vertex -5.856997862305877 -14.299999997019768 12.969193695955523
    endloop
  endfacet
  facet normal -0.6348640762881086 -0.7063485794010111 0.31308032358648813
    outer loop
      vertex -5.385819301009178 -14.809999999999999 12.774025143682955
      vertex -5.299038104712963 -14.809999999999999 12.949999997019766
      vertex -5.783233848822844 -14.299999997019768 13.11877232089929
    endloop
  endfacet
  facet normal -0.5885675470624294 -0.7063485798932724 0.3932682624210509
    outer loop
      vertex -5.299038104712963 -14.809999999999999 12.949999997019766
      vertex -5.190030008554459 -14.809999999999999 13.11314214169979
      vertex -5.648054181886748 -14.299999997019768 13.343670822298236
    endloop
  endfacet
  facet normal -0.6348640762881091 -0.7063485794010113 0.3130803235864869
    outer loop
      vertex -5.783233848822844 -14.299999997019768 13.11877232089929
      vertex -5.299038104712963 -14.809999999999999 12.949999997019766
      vertex -5.7407110628963265 -14.299999997019768 13.204999998509882
    endloop
  endfacet
  facet normal -0.588567550031915 -0.70634857930733 0.39326825902931156
    outer loop
      vertex -5.7407110628963265 -14.299999997019768 13.204999998509882
      vertex -5.299038104712963 -14.809999999999999 12.949999997019766
      vertex -5.648054181886748 -14.299999997019768 13.343670822298236
    endloop
  endfacet
  facet normal 0 -1 0
    outer loop
      vertex -5.487167291343212 -14.809999999999999 12.395789282023905
      vertex -4.75 -14.809999999999999 13.49903810173273
      vertex -5.299038104712963 -14.809999999999999 12.949999997019766
    endloop
  endfacet
  facet normal 0 -1 0
    outer loop
      vertex -5.299038104712963 -14.809999999999999 12.949999997019766
      vertex -5.060660168528557 -14.809999999999999 13.260660165548323
      vertex -5.190030008554459 -14.809999999999999 13.11314214169979
    endloop
  endfacet
  facet normal -0.5885675470624322 -0.7063485798932728 0.39326826242104557
    outer loop
      vertex -5.190030008554459 -14.809999999999999 13.11314214169979
      vertex -5.59464021509395 -14.299999997019768 13.423610472705247
      vertex -5.648054181886748 -14.299999997019768 13.343670822298236
    endloop
  endfacet
  facet normal -0.5322004596188153 -0.7063485797722268 0.4667272807917703
    outer loop
      vertex -5.190030008554459 -14.809999999999999 13.11314214169979
      vertex -5.484675851695945 -14.299999997019768 13.549000796242428
      vertex -5.59464021509395 -14.299999997019768 13.423610472705247
    endloop
  endfacet
  facet normal -0.5322004511849957 -0.7063485812313444 0.46672728820045845
    outer loop
      vertex -5.060660168528557 -14.809999999999999 13.260660165548323
      vertex -5.421284630468805 -14.299999997019768 13.62128462748857
      vertex -5.484675851695945 -14.299999997019768 13.549000796242428
    endloop
  endfacet
  facet normal -0.5322004511849988 -0.7063485812313448 0.4667272882004544
    outer loop
      vertex -5.190030008554459 -14.809999999999999 13.11314214169979
      vertex -5.060660168528557 -14.809999999999999 13.260660165548323
      vertex -5.484675851695945 -14.299999997019768 13.549000796242428
    endloop
  endfacet
  facet normal 0 -1 0
    outer loop
      vertex -5.299038104712963 -14.809999999999999 12.949999997019766
      vertex -4.75 -14.809999999999999 13.49903810173273
      vertex -5.060660168528557 -14.809999999999999 13.260660165548323
    endloop
  endfacet
  facet normal -0.4667272882004544 -0.7063485812313447 0.5322004511849988
    outer loop
      vertex -5.060660168528557 -14.809999999999999 13.260660165548323
      vertex -4.913142144680023 -14.809999999999999 13.390030005574225
      vertex -5.349000799222662 -14.299999997019768 13.684675848715711
    endloop
  endfacet
  facet normal 0 -1 0
    outer loop
      vertex -5.060660168528557 -14.809999999999999 13.260660165548323
      vertex -4.75 -14.809999999999999 13.49903810173273
      vertex -4.913142144680023 -14.809999999999999 13.390030005574225
    endloop
  endfacet
  facet normal -0.4667272882004588 -0.7063485812313446 0.5322004511849953
    outer loop
      vertex -5.060660168528557 -14.809999999999999 13.260660165548323
      vertex -5.349000799222662 -14.299999997019768 13.684675848715711
      vertex -5.421284630468805 -14.299999997019768 13.62128462748857
    endloop
  endfacet
  facet normal -0.3932682624210507 -0.7063485798932726 0.5885675470624291
    outer loop
      vertex -4.913142144680023 -14.809999999999999 13.390030005574225
      vertex -4.75 -14.809999999999999 13.49903810173273
      vertex -5.143670825278471 -14.299999997019768 13.848054178906514
    endloop
  endfacet
  facet normal -0.4667272807917702 -0.7063485797722268 0.5322004596188152
    outer loop
      vertex -4.913142144680023 -14.809999999999999 13.390030005574225
      vertex -5.223610475685481 -14.299999997019768 13.794640212113716
      vertex -5.349000799222662 -14.299999997019768 13.684675848715711
    endloop
  endfacet
  facet normal -0.3932682624210485 -0.7063485798932729 0.5885675470624301
    outer loop
      vertex -4.913142144680023 -14.809999999999999 13.390030005574225
      vertex -5.143670825278471 -14.299999997019768 13.848054178906514
      vertex -5.223610475685481 -14.299999997019768 13.794640212113716
    endloop
  endfacet
  facet normal -0.3932682590293075 -0.7063485793073297 0.5885675500319182
    outer loop
      vertex -5.143670825278471 -14.299999997019768 13.848054178906514
      vertex -4.75 -14.809999999999999 13.49903810173273
      vertex -5.0050000014901155 -14.299999997019768 13.940711059916092
    endloop
  endfacet
  facet normal -0.3130803235864949 -0.706348579401011 0.6348640762881056
    outer loop
      vertex -5.0050000014901155 -14.299999997019768 13.940711059916092
      vertex -4.75 -14.809999999999999 13.49903810173273
      vertex -4.918772323879524 -14.299999997019768 13.98323384584261
    endloop
  endfacet
  facet normal 0 -1 0
    outer loop
      vertex -4.75 -14.809999999999999 13.49903810173273
      vertex -4.388228565454483 -14.809999999999999 13.648888738453387
      vertex -4.574025146663189 -14.809999999999999 13.585819298028945
    endloop
  endfacet
  facet normal -0.313080323586488 -0.7063485794010115 0.6348640762881084
    outer loop
      vertex -4.918772323879524 -14.299999997019768 13.98323384584261
      vertex -4.75 -14.809999999999999 13.49903810173273
      vertex -4.574025146663189 -14.809999999999999 13.585819298028945
    endloop
  endfacet
  facet normal -0.2275354793664047 -0.7063485796837258 0.6702979110875132
    outer loop
      vertex -4.574025146663189 -14.809999999999999 13.585819298028945
      vertex -4.388228565454483 -14.809999999999999 13.648888738453387
      vertex -4.611266602718897 -14.299999997019768 14.110606887799484
    endloop
  endfacet
  facet normal 0 -1 0
    outer loop
      vertex -4.75 -14.809999999999999 13.49903810173273
      vertex -4 -14.809999999999999 13.699999997019766
      vertex -4.388228565454483 -14.809999999999999 13.648888738453387
    endloop
  endfacet
  facet normal 0 -1 0
    outer loop
      vertex -4.388228565454483 -14.809999999999999 13.648888738453387
      vertex -4 -14.809999999999999 13.699999997019766
      vertex -4.195789285004139 -14.809999999999999 13.687167288362978
    endloop
  endfacet
  facet normal -0.3130803134454584 -0.706348577816597 0.6348640830519272
    outer loop
      vertex -4.918772323879524 -14.299999997019768 13.98323384584261
      vertex -4.574025146663189 -14.809999999999999 13.585819298028945
      vertex -4.769193698935757 -14.299999997019768 14.056997859325643
    endloop
  endfacet
  facet normal -0.22753549276085439 -0.7063485779083211 0.6702979084116015
    outer loop
      vertex -4.574025146663189 -14.809999999999999 13.585819298028945
      vertex -4.611266602718897 -14.299999997019768 14.110606887799484
      vertex -4.769193698935757 -14.299999997019768 14.056997859325643
    endloop
  endfacet
  facet normal -0.22753547936641108 -0.706348579683726 0.6702979110875108
    outer loop
      vertex -4.388228565454483 -14.809999999999999 13.648888738453387
      vertex -4.520226278480348 -14.299999997019768 14.1415109134195
      vertex -4.611266602718897 -14.299999997019768 14.110606887799484
    endloop
  endfacet
  facet normal -0.13809743862834387 -0.7063485804210634 0.6942627603302941
    outer loop
      vertex -4.388228565454483 -14.809999999999999 13.648888738453387
      vertex -4.195789285004139 -14.809999999999999 13.687167288362978
      vertex -4.356652890408299 -14.299999997019768 14.174047682299383
    endloop
  endfacet
  facet normal -0.04629653515276983 -0.706348580190221 0.7063485783210067
    outer loop
      vertex -4.195789285004139 -14.809999999999999 13.687167288362978
      vertex -4 -14.809999999999999 13.699999997019766
      vertex -4.166420894492612 -14.299999997019768 14.199092198844586
    endloop
  endfacet
  facet normal -0.13809744498956958 -0.7063485795924159 0.6942627599080403
    outer loop
      vertex -4.388228565454483 -14.809999999999999 13.648888738453387
      vertex -4.356652890408299 -14.299999997019768 14.174047682299383
      vertex -4.520226278480348 -14.299999997019768 14.1415109134195
    endloop
  endfacet
  facet normal -0.13809743862834467 -0.7063485804210635 0.6942627603302939
    outer loop
      vertex -4.195789285004139 -14.809999999999999 13.687167288362978
      vertex -4.262357643561143 -14.299999997019768 14.192804171641004
      vertex -4.356652890408299 -14.299999997019768 14.174047682299383
    endloop
  endfacet
  facet normal -0.046296535152766605 -0.7063485801902212 0.7063485783210068
    outer loop
      vertex -4.195789285004139 -14.809999999999999 13.687167288362978
      vertex -4.166420894492612 -14.299999997019768 14.199092198844586
      vertex -4.262357643561143 -14.299999997019768 14.192804171641004
    endloop
  endfacet
  facet normal -0.04629652949793122 -0.7063485794409327 0.7063485794409327
    outer loop
      vertex -4 -14.809999999999999 13.699999997019766
      vertex -4 -14.299999997019768 14.209999999999997
      vertex -4.166420894492612 -14.299999997019768 14.199092198844586
    endloop
  endfacet
  facet normal 0 -1 0
    outer loop
      vertex -4.75 -14.809999999999999 13.49903810173273
      vertex 4.574025146663189 -14.809999999999999 13.585819298028945
      vertex -4 -14.809999999999999 13.699999997019766
    endloop
  endfacet
  facet normal 0 -0.7071067811865476 0.7071067811865476
    outer loop
      vertex -4 -14.809999999999999 13.699999997019766
      vertex 4 -14.809999999999999 13.699999997019766
      vertex -4 -14.299999997019768 14.209999999999997
    endloop
  endfacet
  facet normal 0 -0.7071067811865476 -0.7071067811865476
    outer loop
      vertex -4 -14.809999999999999 6.100000002980231
      vertex 4 -14.299999997019768 5.59
      vertex 4 -14.809999999999999 6.100000002980231
    endloop
  endfacet
  facet normal 0 -1 0
    outer loop
      vertex -4 -14.809999999999999 6.100000002980231
      vertex 4 -14.809999999999999 6.100000002980231
      vertex 5.190030008554459 -14.809999999999999 6.686857858300208
    endloop
  endfacet
  facet normal 0.04629652949793105 -0.7063485794409327 -0.7063485794409327
    outer loop
      vertex 4 -14.299999997019768 5.59
      vertex 4.166420894492612 -14.299999997019768 5.600907801155412
      vertex 4 -14.809999999999999 6.100000002980231
    endloop
  endfacet
  facet normal 0.046296535152767 -0.7063485801902211 -0.7063485783210067
    outer loop
      vertex 4.166420894492612 -14.299999997019768 5.600907801155412
      vertex 4.262357643561143 -14.299999997019768 5.607195828358993
      vertex 4.195789285004139 -14.809999999999999 6.112832711637019
    endloop
  endfacet
  facet normal 0.13809743862834434 -0.7063485804210634 -0.6942627603302939
    outer loop
      vertex 4.262357643561143 -14.299999997019768 5.607195828358993
      vertex 4.356652890408299 -14.299999997019768 5.625952317700614
      vertex 4.195789285004139 -14.809999999999999 6.112832711637019
    endloop
  endfacet
  facet normal 0.13809744498957371 -0.7063485795924153 -0.6942627599080401
    outer loop
      vertex 4.356652890408299 -14.299999997019768 5.625952317700614
      vertex 4.520226278480348 -14.299999997019768 5.658489086580498
      vertex 4.388228565454483 -14.809999999999999 6.15111126154661
    endloop
  endfacet
  facet normal 0.227535479366405 -0.7063485796837258 -0.670297911087513
    outer loop
      vertex 4.520226278480348 -14.299999997019768 5.658489086580498
      vertex 4.611266602718897 -14.299999997019768 5.689393112200513
      vertex 4.388228565454483 -14.809999999999999 6.15111126154661
    endloop
  endfacet
  facet normal 0.0462965351527698 -0.7063485801902208 -0.7063485783210066
    outer loop
      vertex 4.166420894492612 -14.299999997019768 5.600907801155412
      vertex 4.195789285004139 -14.809999999999999 6.112832711637019
      vertex 4 -14.809999999999999 6.100000002980231
    endloop
  endfacet
  facet normal 0.13809743862834367 -0.7063485804210634 -0.6942627603302941
    outer loop
      vertex 4.356652890408299 -14.299999997019768 5.625952317700614
      vertex 4.388228565454483 -14.809999999999999 6.15111126154661
      vertex 4.195789285004139 -14.809999999999999 6.112832711637019
    endloop
  endfacet
  facet normal 0 -1 0
    outer loop
      vertex 4 -14.809999999999999 6.100000002980231
      vertex 4.195789285004139 -14.809999999999999 6.112832711637019
      vertex 4.388228565454483 -14.809999999999999 6.15111126154661
    endloop
  endfacet
  facet normal 0 -1 0
    outer loop
      vertex 4 -14.809999999999999 6.100000002980231
      vertex 4.388228565454483 -14.809999999999999 6.15111126154661
      vertex 4.574025146663189 -14.809999999999999 6.214180701971053
    endloop
  endfacet
  facet normal 0.22753547936640475 -0.7063485796837257 -0.6702979110875132
    outer loop
      vertex 4.611266602718897 -14.299999997019768 5.689393112200513
      vertex 4.574025146663189 -14.809999999999999 6.214180701971053
      vertex 4.388228565454483 -14.809999999999999 6.15111126154661
    endloop
  endfacet
  facet normal 0.313080323586488 -0.7063485794010115 -0.6348640762881084
    outer loop
      vertex 4.918772323879524 -14.299999997019768 5.816766154157387
      vertex 4.75 -14.809999999999999 6.300961898267268
      vertex 4.574025146663189 -14.809999999999999 6.214180701971053
    endloop
  endfacet
  facet normal 0.2275354927608507 -0.7063485779083215 -0.6702979084116023
    outer loop
      vertex 4.611266602718897 -14.299999997019768 5.689393112200513
      vertex 4.769193698935757 -14.299999997019768 5.743002140674354
      vertex 4.574025146663189 -14.809999999999999 6.214180701971053
    endloop
  endfacet
  facet normal 0.3130803134454613 -0.7063485778165974 -0.6348640830519253
    outer loop
      vertex 4.769193698935757 -14.299999997019768 5.743002140674354
      vertex 4.918772323879524 -14.299999997019768 5.816766154157387
      vertex 4.574025146663189 -14.809999999999999 6.214180701971053
    endloop
  endfacet
  facet normal 0 -1 0
    outer loop
      vertex 4 -14.809999999999999 6.100000002980231
      vertex 4.574025146663189 -14.809999999999999 6.214180701971053
      vertex 5.190030008554459 -14.809999999999999 6.686857858300208
    endloop
  endfacet
  facet normal 0 -1 0
    outer loop
      vertex 4.574025146663189 -14.809999999999999 6.214180701971053
      vertex 4.75 -14.809999999999999 6.300961898267268
      vertex 5.190030008554459 -14.809999999999999 6.686857858300208
    endloop
  endfacet
  facet normal 0.31308032358648946 -0.7063485794010114 -0.6348640762881078
    outer loop
      vertex 4.918772323879524 -14.299999997019768 5.816766154157387
      vertex 5.0050000014901155 -14.299999997019768 5.859288940083904
      vertex 4.75 -14.809999999999999 6.300961898267268
    endloop
  endfacet
  facet normal 0.39326825902930984 -0.7063485793073302 -0.5885675500319161
    outer loop
      vertex 5.0050000014901155 -14.299999997019768 5.859288940083904
      vertex 5.143670825278471 -14.299999997019768 5.951945821093483
      vertex 4.75 -14.809999999999999 6.300961898267268
    endloop
  endfacet
  facet normal 0.3932682624210485 -0.7063485798932729 -0.5885675470624301
    outer loop
      vertex 4.913142144680023 -14.809999999999999 6.409969994425772
      vertex 5.143670825278471 -14.299999997019768 5.951945821093483
      vertex 5.223610475685481 -14.299999997019768 6.005359787886281
    endloop
  endfacet
  facet normal 0.3932682624210507 -0.7063485798932726 -0.5885675470624291
    outer loop
      vertex 4.75 -14.809999999999999 6.300961898267268
      vertex 5.143670825278471 -14.299999997019768 5.951945821093483
      vertex 4.913142144680023 -14.809999999999999 6.409969994425772
    endloop
  endfacet
  facet normal 0.4667272882004544 -0.7063485812313448 -0.5322004511849988
    outer loop
      vertex 4.913142144680023 -14.809999999999999 6.409969994425772
      vertex 5.349000799222662 -14.299999997019768 6.115324151284286
      vertex 5.060660168528557 -14.809999999999999 6.539339834451674
    endloop
  endfacet
  facet normal 0.4667272807917702 -0.7063485797722268 -0.5322004596188152
    outer loop
      vertex 4.913142144680023 -14.809999999999999 6.409969994425772
      vertex 5.223610475685481 -14.299999997019768 6.005359787886281
      vertex 5.349000799222662 -14.299999997019768 6.115324151284286
    endloop
  endfacet
  facet normal 0.466727288200455 -0.7063485812313447 -0.5322004511849983
    outer loop
      vertex 5.349000799222662 -14.299999997019768 6.115324151284286
      vertex 5.421284630468805 -14.299999997019768 6.178715372511426
      vertex 5.060660168528557 -14.809999999999999 6.539339834451674
    endloop
  endfacet
  facet normal 0.5322004511849983 -0.7063485812313447 -0.466727288200455
    outer loop
      vertex 5.421284630468805 -14.299999997019768 6.178715372511426
      vertex 5.484675851695945 -14.299999997019768 6.250999203757569
      vertex 5.060660168528557 -14.809999999999999 6.539339834451674
    endloop
  endfacet
  facet normal 0.5322004596188152 -0.7063485797722269 -0.4667272807917702
    outer loop
      vertex 5.484675851695945 -14.299999997019768 6.250999203757569
      vertex 5.59464021509395 -14.299999997019768 6.37638952729475
      vertex 5.190030008554459 -14.809999999999999 6.686857858300208
    endloop
  endfacet
  facet normal 0 -1 0
    outer loop
      vertex 4.75 -14.809999999999999 6.300961898267268
      vertex 4.913142144680023 -14.809999999999999 6.409969994425772
      vertex 5.190030008554459 -14.809999999999999 6.686857858300208
    endloop
  endfacet
  facet normal 0 -1 0
    outer loop
      vertex 4.913142144680023 -14.809999999999999 6.409969994425772
      vertex 5.060660168528557 -14.809999999999999 6.539339834451674
      vertex 5.190030008554459 -14.809999999999999 6.686857858300208
    endloop
  endfacet
  facet normal 0.5322004511849988 -0.7063485812313448 -0.4667272882004544
    outer loop
      vertex 5.484675851695945 -14.299999997019768 6.250999203757569
      vertex 5.190030008554459 -14.809999999999999 6.686857858300208
      vertex 5.060660168528557 -14.809999999999999 6.539339834451674
    endloop
  endfacet
  facet normal 0.588567547062429 -0.7063485798932726 -0.39326826242105073
    outer loop
      vertex 5.648054181886748 -14.299999997019768 6.45632917770176
      vertex 5.299038104712963 -14.809999999999999 6.850000002980231
      vertex 5.190030008554459 -14.809999999999999 6.686857858300208
    endloop
  endfacet
  facet normal 0.5885675470624302 -0.7063485798932728 -0.3932682624210487
    outer loop
      vertex 5.59464021509395 -14.299999997019768 6.37638952729475
      vertex 5.648054181886748 -14.299999997019768 6.45632917770176
      vertex 5.190030008554459 -14.809999999999999 6.686857858300208
    endloop
  endfacet
  facet normal 0.5885675500319161 -0.70634857930733 -0.39326825902930984
    outer loop
      vertex 5.648054181886748 -14.299999997019768 6.45632917770176
      vertex 5.7407110628963265 -14.299999997019768 6.595000001490115
      vertex 5.299038104712963 -14.809999999999999 6.850000002980231
    endloop
  endfacet
  facet normal 0.6348640762881078 -0.7063485794010111 -0.3130803235864894
    outer loop
      vertex 5.299038104712963 -14.809999999999999 6.850000002980231
      vertex 5.7407110628963265 -14.299999997019768 6.595000001490115
      vertex 5.783233848822844 -14.299999997019768 6.681227679100707
    endloop
  endfacet
  facet normal 0 -1 0
    outer loop
      vertex 5.190030008554459 -14.809999999999999 6.686857858300208
      vertex 5.299038104712963 -14.809999999999999 6.850000002980231
      vertex 5.385819301009178 -14.809999999999999 7.025974856317042
    endloop
  endfacet
  facet normal 0.6348640762881083 -0.7063485794010114 -0.313080323586488
    outer loop
      vertex 5.299038104712963 -14.809999999999999 6.850000002980231
      vertex 5.783233848822844 -14.299999997019768 6.681227679100707
      vertex 5.385819301009178 -14.809999999999999 7.025974856317042
    endloop
  endfacet
  facet normal 0.6348640830519253 -0.7063485778165975 -0.31308031344546117
    outer loop
      vertex 5.385819301009178 -14.809999999999999 7.025974856317042
      vertex 5.783233848822844 -14.299999997019768 6.681227679100707
      vertex 5.856997862305877 -14.299999997019768 6.830806304044474
    endloop
  endfacet
  facet normal 0.6702979084116022 -0.7063485779083214 -0.22753549276085092
    outer loop
      vertex 5.385819301009178 -14.809999999999999 7.025974856317042
      vertex 5.856997862305877 -14.299999997019768 6.830806304044474
      vertex 5.910606890779718 -14.299999997019768 6.988733400261334
    endloop
  endfacet
  facet normal 0 -1 0
    outer loop
      vertex -5.4488887414336205 -14.809999999999999 7.211771437525748
      vertex 5.190030008554459 -14.809999999999999 6.686857858300208
      vertex 4.574025146663189 -14.809999999999999 13.585819298028945
    endloop
  endfacet
  facet normal 0 -1 0
    outer loop
      vertex 5.190030008554459 -14.809999999999999 6.686857858300208
      vertex 5.385819301009178 -14.809999999999999 7.025974856317042
      vertex 5.5 -14.809999999999999 7.600000002980231
    endloop
  endfacet
  facet normal 0.6702979110875132 -0.7063485796837258 -0.2275354793664047
    outer loop
      vertex 5.385819301009178 -14.809999999999999 7.025974856317042
      vertex 5.910606890779718 -14.299999997019768 6.988733400261334
      vertex 5.4488887414336205 -14.809999999999999 7.211771437525748
    endloop
  endfacet
  facet normal 0 -1 0
    outer loop
      vertex 5.385819301009178 -14.809999999999999 7.025974856317042
      vertex 5.4488887414336205 -14.809999999999999 7.211771437525748
      vertex 5.5 -14.809999999999999 7.600000002980231
    endloop
  endfacet
  facet normal 0.6942627603302942 -0.7063485804210635 -0.1380974386283439
    outer loop
      vertex 5.4488887414336205 -14.809999999999999 7.211771437525748
      vertex 5.974047685279617 -14.299999997019768 7.243347112571932
      vertex 5.487167291343212 -14.809999999999999 7.404210717976092
    endloop
  endfacet
  facet normal 0 -1 0
    outer loop
      vertex 5.4488887414336205 -14.809999999999999 7.211771437525748
      vertex 5.487167291343212 -14.809999999999999 7.404210717976092
      vertex 5.5 -14.809999999999999 7.600000002980231
    endloop
  endfacet
  facet normal 0.7063485783210067 -0.706348580190221 -0.04629653515276983
    outer loop
      vertex 5.487167291343212 -14.809999999999999 7.404210717976092
      vertex 5.999092201824819 -14.299999997019768 7.433579108487619
      vertex 5.5 -14.809999999999999 7.600000002980231
    endloop
  endfacet
  facet normal 0.670297911087513 -0.7063485796837257 -0.227535479366405
    outer loop
      vertex 5.910606890779718 -14.299999997019768 6.988733400261334
      vertex 5.941510916399733 -14.299999997019768 7.079773724499883
      vertex 5.4488887414336205 -14.809999999999999 7.211771437525748
    endloop
  endfacet
  facet normal 0.69426275990804 -0.7063485795924154 -0.1380974449895737
    outer loop
      vertex 5.4488887414336205 -14.809999999999999 7.211771437525748
      vertex 5.941510916399733 -14.299999997019768 7.079773724499883
      vertex 5.974047685279617 -14.299999997019768 7.243347112571932
    endloop
  endfacet
  facet normal 0.6942627603302939 -0.7063485804210635 -0.13809743862834467
    outer loop
      vertex 5.487167291343212 -14.809999999999999 7.404210717976092
      vertex 5.974047685279617 -14.299999997019768 7.243347112571932
      vertex 5.992804174621238 -14.299999997019768 7.337642359419088
    endloop
  endfacet
  facet normal 0.7063485783210067 -0.7063485801902211 -0.0462965351527666
    outer loop
      vertex 5.487167291343212 -14.809999999999999 7.404210717976092
      vertex 5.992804174621238 -14.299999997019768 7.337642359419088
      vertex 5.999092201824819 -14.299999997019768 7.433579108487619
    endloop
  endfacet
  facet normal 0.7063485794409327 -0.7063485794409327 -0.04629652949793122
    outer loop
      vertex 5.5 -14.809999999999999 7.600000002980231
      vertex 5.999092201824819 -14.299999997019768 7.433579108487619
      vertex 6.010000002980231 -14.299999997019768 7.600000002980231
    endloop
  endfacet
  facet normal 0 -1 0
    outer loop
      vertex 5.190030008554459 -14.809999999999999 6.686857858300208
      vertex 5.5 -14.809999999999999 7.600000002980231
      vertex 5.487167291343212 -14.809999999999999 12.395789282023905
    endloop
  endfacet
  facet normal 0.7071067811865475 -0.7071067811865475 0
    outer loop
      vertex 5.5 -14.809999999999999 7.600000002980231
      vertex 6.010000002980231 -14.299999997019768 7.600000002980231
      vertex 6.010000002980231 -14.299999997019768 12.199999997019766
    endloop
  endfacet
  facet normal 0 -1 0
    outer loop
      vertex 5.5 -14.809999999999999 7.600000002980231
      vertex 5.5 -14.809999999999999 12.199999997019766
      vertex 5.487167291343212 -14.809999999999999 12.395789282023905
    endloop
  endfacet
  facet normal 0 -1 0
    outer loop
      vertex 5.190030008554459 -14.809999999999999 6.686857858300208
      vertex 5.487167291343212 -14.809999999999999 12.395789282023905
      vertex 4.574025146663189 -14.809999999999999 13.585819298028945
    endloop
  endfacet
  facet normal 0.7071067811865475 -0.7071067811865475 0
    outer loop
      vertex 5.5 -14.809999999999999 7.600000002980231
      vertex 6.010000002980231 -14.299999997019768 12.199999997019766
      vertex 5.5 -14.809999999999999 12.199999997019766
    endloop
  endfacet
  facet normal 0 -1 0
    outer loop
      vertex -4 -14.809999999999999 13.699999997019766
      vertex 4.574025146663189 -14.809999999999999 13.585819298028945
      vertex 4 -14.809999999999999 13.699999997019766
    endloop
  endfacet
  facet normal 0 -0.7071067811865476 0.7071067811865476
    outer loop
      vertex -4 -14.299999997019768 14.209999999999997
      vertex 4 -14.809999999999999 13.699999997019766
      vertex 4 -14.299999997019768 14.209999999999997
    endloop
  endfacet
  facet normal 0.7063485783210067 -0.706348580190221 0.04629653515276983
    outer loop
      vertex 5.5 -14.809999999999999 12.199999997019766
      vertex 5.999092201824819 -14.299999997019768 12.366420891512378
      vertex 5.487167291343212 -14.809999999999999 12.395789282023905
    endloop
  endfacet
  facet normal 0.7063485794409327 -0.7063485794409327 0.04629652949793122
    outer loop
      vertex 5.5 -14.809999999999999 12.199999997019766
      vertex 6.010000002980231 -14.299999997019768 12.199999997019766
      vertex 5.999092201824819 -14.299999997019768 12.366420891512378
    endloop
  endfacet
  facet normal 0 -1 0
    outer loop
      vertex 5.487167291343212 -14.809999999999999 12.395789282023905
      vertex 5.4488887414336205 -14.809999999999999 12.58822856247425
      vertex 5.385819301009178 -14.809999999999999 12.774025143682955
    endloop
  endfacet
  facet normal 0.6942627603302942 -0.7063485804210635 0.1380974386283439
    outer loop
      vertex 5.487167291343212 -14.809999999999999 12.395789282023905
      vertex 5.974047685279617 -14.299999997019768 12.556652887428065
      vertex 5.4488887414336205 -14.809999999999999 12.58822856247425
    endloop
  endfacet
  facet normal 0 -1 0
    outer loop
      vertex 5.487167291343212 -14.809999999999999 12.395789282023905
      vertex 5.385819301009178 -14.809999999999999 12.774025143682955
      vertex 5.190030008554459 -14.809999999999999 13.11314214169979
    endloop
  endfacet
  facet normal 0.6702979110875131 -0.706348579683726 0.22753547936640464
    outer loop
      vertex 5.4488887414336205 -14.809999999999999 12.58822856247425
      vertex 5.910606890779718 -14.299999997019768 12.811266599738664
      vertex 5.385819301009178 -14.809999999999999 12.774025143682955
    endloop
  endfacet
  facet normal 0.7063485783210067 -0.7063485801902212 0.04629653515276617
    outer loop
      vertex 5.487167291343212 -14.809999999999999 12.395789282023905
      vertex 5.999092201824819 -14.299999997019768 12.366420891512378
      vertex 5.992804174621238 -14.299999997019768 12.46235764058091
    endloop
  endfacet
  facet normal 0.6942627603302934 -0.7063485804210635 0.1380974386283459
    outer loop
      vertex 5.487167291343212 -14.809999999999999 12.395789282023905
      vertex 5.992804174621238 -14.299999997019768 12.46235764058091
      vertex 5.974047685279617 -14.299999997019768 12.556652887428065
    endloop
  endfacet
  facet normal 0.6942627599080401 -0.7063485795924153 0.13809744498957444
    outer loop
      vertex 5.4488887414336205 -14.809999999999999 12.58822856247425
      vertex 5.974047685279617 -14.299999997019768 12.556652887428065
      vertex 5.941510916399733 -14.299999997019768 12.720226275500114
    endloop
  endfacet
  facet normal 0.6702979110875145 -0.7063485796837258 0.22753547936640073
    outer loop
      vertex 5.4488887414336205 -14.809999999999999 12.58822856247425
      vertex 5.941510916399733 -14.299999997019768 12.720226275500114
      vertex 5.910606890779718 -14.299999997019768 12.811266599738664
    endloop
  endfacet
  facet normal 0.6702979084116019 -0.7063485779083215 0.22753549276085205
    outer loop
      vertex 5.385819301009178 -14.809999999999999 12.774025143682955
      vertex 5.910606890779718 -14.299999997019768 12.811266599738664
      vertex 5.856997862305877 -14.299999997019768 12.969193695955523
    endloop
  endfacet
  facet normal 0 -1 0
    outer loop
      vertex 4.75 -14.809999999999999 13.49903810173273
      vertex 4.574025146663189 -14.809999999999999 13.585819298028945
      vertex 4.913142144680023 -14.809999999999999 13.390030005574225
    endloop
  endfacet
  facet normal 0 -1 0
    outer loop
      vertex 4 -14.809999999999999 13.699999997019766
      vertex 4.574025146663189 -14.809999999999999 13.585819298028945
      vertex 4.388228565454483 -14.809999999999999 13.648888738453387
    endloop
  endfacet
  facet normal 0 -1 0
    outer loop
      vertex 4 -14.809999999999999 13.699999997019766
      vertex 4.388228565454483 -14.809999999999999 13.648888738453387
      vertex 4.195789285004139 -14.809999999999999 13.687167288362978
    endloop
  endfacet
  facet normal 0.2275354793664047 -0.7063485796837258 0.6702979110875132
    outer loop
      vertex 4.388228565454483 -14.809999999999999 13.648888738453387
      vertex 4.574025146663189 -14.809999999999999 13.585819298028945
      vertex 4.611266602718897 -14.299999997019768 14.110606887799484
    endloop
  endfacet
  facet normal 0.313080323586488 -0.7063485794010114 0.6348640762881083
    outer loop
      vertex 4.75 -14.809999999999999 13.49903810173273
      vertex 4.918772323879524 -14.299999997019768 13.98323384584261
      vertex 4.574025146663189 -14.809999999999999 13.585819298028945
    endloop
  endfacet
  facet normal 0.04629653515276983 -0.706348580190221 0.7063485783210067
    outer loop
      vertex 4 -14.809999999999999 13.699999997019766
      vertex 4.195789285004139 -14.809999999999999 13.687167288362978
      vertex 4.166420894492612 -14.299999997019768 14.199092198844586
    endloop
  endfacet
  facet normal 0.13809743862834387 -0.7063485804210634 0.6942627603302941
    outer loop
      vertex 4.388228565454483 -14.809999999999999 13.648888738453387
      vertex 4.356652890408299 -14.299999997019768 14.174047682299383
      vertex 4.195789285004139 -14.809999999999999 13.687167288362978
    endloop
  endfacet
  facet normal 0.04629652949793122 -0.7063485794409327 0.7063485794409327
    outer loop
      vertex 4 -14.809999999999999 13.699999997019766
      vertex 4.166420894492612 -14.299999997019768 14.199092198844586
      vertex 4 -14.299999997019768 14.209999999999997
    endloop
  endfacet
  facet normal 0.046296535152766605 -0.7063485801902212 0.7063485783210068
    outer loop
      vertex 4.195789285004139 -14.809999999999999 13.687167288362978
      vertex 4.262357643561143 -14.299999997019768 14.192804171641004
      vertex 4.166420894492612 -14.299999997019768 14.199092198844586
    endloop
  endfacet
  facet normal 0.13809743862834467 -0.7063485804210635 0.6942627603302939
    outer loop
      vertex 4.195789285004139 -14.809999999999999 13.687167288362978
      vertex 4.356652890408299 -14.299999997019768 14.174047682299383
      vertex 4.262357643561143 -14.299999997019768 14.192804171641004
    endloop
  endfacet
  facet normal 0.13809744498956958 -0.7063485795924159 0.6942627599080403
    outer loop
      vertex 4.388228565454483 -14.809999999999999 13.648888738453387
      vertex 4.520226278480348 -14.299999997019768 14.1415109134195
      vertex 4.356652890408299 -14.299999997019768 14.174047682299383
    endloop
  endfacet
  facet normal 0.22753549276085439 -0.7063485779083211 0.6702979084116015
    outer loop
      vertex 4.574025146663189 -14.809999999999999 13.585819298028945
      vertex 4.769193698935757 -14.299999997019768 14.056997859325643
      vertex 4.611266602718897 -14.299999997019768 14.110606887799484
    endloop
  endfacet
  facet normal 0.3130803134454584 -0.7063485778165971 0.6348640830519272
    outer loop
      vertex 4.574025146663189 -14.809999999999999 13.585819298028945
      vertex 4.918772323879524 -14.299999997019768 13.98323384584261
      vertex 4.769193698935757 -14.299999997019768 14.056997859325643
    endloop
  endfacet
  facet normal 0.22753547936641108 -0.706348579683726 0.6702979110875108
    outer loop
      vertex 4.388228565454483 -14.809999999999999 13.648888738453387
      vertex 4.611266602718897 -14.299999997019768 14.110606887799484
      vertex 4.520226278480348 -14.299999997019768 14.1415109134195
    endloop
  endfacet
  facet normal 0 -1 0
    outer loop
      vertex 5.487167291343212 -14.809999999999999 12.395789282023905
      vertex 5.190030008554459 -14.809999999999999 13.11314214169979
      vertex 4.574025146663189 -14.809999999999999 13.585819298028945
    endloop
  endfacet
  facet normal 0 -1 0
    outer loop
      vertex 5.385819301009178 -14.809999999999999 12.774025143682955
      vertex 5.299038104712963 -14.809999999999999 12.949999997019766
      vertex 5.190030008554459 -14.809999999999999 13.11314214169979
    endloop
  endfacet
  facet normal 0.6348640762881086 -0.7063485794010111 0.31308032358648813
    outer loop
      vertex 5.385819301009178 -14.809999999999999 12.774025143682955
      vertex 5.783233848822844 -14.299999997019768 13.11877232089929
      vertex 5.299038104712963 -14.809999999999999 12.949999997019766
    endloop
  endfacet
  facet normal 0.5885675470624294 -0.7063485798932724 0.3932682624210509
    outer loop
      vertex 5.190030008554459 -14.809999999999999 13.11314214169979
      vertex 5.299038104712963 -14.809999999999999 12.949999997019766
      vertex 5.648054181886748 -14.299999997019768 13.343670822298236
    endloop
  endfacet
  facet normal 0.6348640762881091 -0.7063485794010111 0.3130803235864869
    outer loop
      vertex 5.299038104712963 -14.809999999999999 12.949999997019766
      vertex 5.783233848822844 -14.299999997019768 13.11877232089929
      vertex 5.7407110628963265 -14.299999997019768 13.204999998509882
    endloop
  endfacet
  facet normal 0.5885675500319149 -0.70634857930733 0.3932682590293116
    outer loop
      vertex 5.299038104712963 -14.809999999999999 12.949999997019766
      vertex 5.7407110628963265 -14.299999997019768 13.204999998509882
      vertex 5.648054181886748 -14.299999997019768 13.343670822298236
    endloop
  endfacet
  facet normal 0 -1 0
    outer loop
      vertex 5.190030008554459 -14.809999999999999 13.11314214169979
      vertex 5.060660168528557 -14.809999999999999 13.260660165548323
      vertex 4.913142144680023 -14.809999999999999 13.390030005574225
    endloop
  endfacet
  facet normal 0.5322004511849988 -0.7063485812313448 0.4667272882004544
    outer loop
      vertex 5.190030008554459 -14.809999999999999 13.11314214169979
      vertex 5.484675851695945 -14.299999997019768 13.549000796242428
      vertex 5.060660168528557 -14.809999999999999 13.260660165548323
    endloop
  endfacet
  facet normal 0 -1 0
    outer loop
      vertex 4.574025146663189 -14.809999999999999 13.585819298028945
      vertex 5.190030008554459 -14.809999999999999 13.11314214169979
      vertex 4.913142144680023 -14.809999999999999 13.390030005574225
    endloop
  endfacet
  facet normal 0.4667272882004544 -0.7063485812313447 0.5322004511849988
    outer loop
      vertex 5.060660168528557 -14.809999999999999 13.260660165548323
      vertex 5.349000799222662 -14.299999997019768 13.684675848715711
      vertex 4.913142144680023 -14.809999999999999 13.390030005574225
    endloop
  endfacet
  facet normal 0.5885675470624322 -0.7063485798932728 0.39326826242104557
    outer loop
      vertex 5.190030008554459 -14.809999999999999 13.11314214169979
      vertex 5.648054181886748 -14.299999997019768 13.343670822298236
      vertex 5.59464021509395 -14.299999997019768 13.423610472705247
    endloop
  endfacet
  facet normal 0.5322004596188153 -0.7063485797722268 0.4667272807917703
    outer loop
      vertex 5.190030008554459 -14.809999999999999 13.11314214169979
      vertex 5.59464021509395 -14.299999997019768 13.423610472705247
      vertex 5.484675851695945 -14.299999997019768 13.549000796242428
    endloop
  endfacet
  facet normal 0.5322004511849957 -0.7063485812313444 0.46672728820045845
    outer loop
      vertex 5.060660168528557 -14.809999999999999 13.260660165548323
      vertex 5.484675851695945 -14.299999997019768 13.549000796242428
      vertex 5.421284630468805 -14.299999997019768 13.62128462748857
    endloop
  endfacet
  facet normal 0.6348640830519244 -0.7063485778165974 0.31308031344546267
    outer loop
      vertex 5.385819301009178 -14.809999999999999 12.774025143682955
      vertex 5.856997862305877 -14.299999997019768 12.969193695955523
      vertex 5.783233848822844 -14.299999997019768 13.11877232089929
    endloop
  endfacet
  facet normal 0.3932682624210507 -0.7063485798932726 0.5885675470624291
    outer loop
      vertex 4.75 -14.809999999999999 13.49903810173273
      vertex 4.913142144680023 -14.809999999999999 13.390030005574225
      vertex 5.143670825278471 -14.299999997019768 13.848054178906514
    endloop
  endfacet
  facet normal 0.4667272807917702 -0.7063485797722268 0.5322004596188152
    outer loop
      vertex 4.913142144680023 -14.809999999999999 13.390030005574225
      vertex 5.349000799222662 -14.299999997019768 13.684675848715711
      vertex 5.223610475685481 -14.299999997019768 13.794640212113716
    endloop
  endfacet
  facet normal 0.3932682590293076 -0.7063485793073296 0.5885675500319181
    outer loop
      vertex 4.75 -14.809999999999999 13.49903810173273
      vertex 5.143670825278471 -14.299999997019768 13.848054178906514
      vertex 5.0050000014901155 -14.299999997019768 13.940711059916092
    endloop
  endfacet
  facet normal 0.3932682624210485 -0.7063485798932729 0.5885675470624301
    outer loop
      vertex 4.913142144680023 -14.809999999999999 13.390030005574225
      vertex 5.223610475685481 -14.299999997019768 13.794640212113716
      vertex 5.143670825278471 -14.299999997019768 13.848054178906514
    endloop
  endfacet
  facet normal 0.4667272882004588 -0.7063485812313446 0.5322004511849953
    outer loop
      vertex 5.060660168528557 -14.809999999999999 13.260660165548323
      vertex 5.421284630468805 -14.299999997019768 13.62128462748857
      vertex 5.349000799222662 -14.299999997019768 13.684675848715711
    endloop
  endfacet
  facet normal 0.3130803235864948 -0.706348579401011 0.6348640762881057
    outer loop
      vertex 4.75 -14.809999999999999 13.49903810173273
      vertex 5.0050000014901155 -14.299999997019768 13.940711059916092
      vertex 4.918772323879524 -14.299999997019768 13.98323384584261
    endloop
  endfacet
  facet normal -0.42294543568041865 -0.6329825755253938 0.6484213271618539
    outer loop
      vertex -15.020986224923815 -6.739864972020898 17.890000000000004
      vertex -14.608761429786682 -6.0933533385396 18.790000000000003
      vertex -15.125863317932401 -6.669788338776145 17.890000000000004
    endloop
  endfacet
  facet normal -0.33955559615522396 -0.6885506021858661 0.6407808247358464
    outer loop
      vertex -14.982142857142858 -6.765819279743092 17.890000000000004
      vertex -14.940244083425828 -6.786481469337429 17.890000000000004
      vertex -14.5 -6.166025400161743 18.790000000000003
    endloop
  endfacet
  facet normal -0.42294542562765186 -0.6329825821121843 0.6484213272890059
    outer loop
      vertex -14.982142857142858 -6.765819279743092 17.890000000000004
      vertex -14.608761429786682 -6.0933533385396 18.790000000000003
      vertex -15.020986224923815 -6.739864972020898 17.890000000000004
    endloop
  endfacet
  facet normal -0.3395555907647433 -0.6885506058312565 0.6407808236751595
    outer loop
      vertex -14.82711739199502 -6.842269381242138 17.890000000000004
      vertex -14.38268343359232 -6.2238795310258865 18.790000000000003
      vertex -14.940244083425828 -6.786481469337429 17.890000000000004
    endloop
  endfacet
  facet normal -0.24985628944961366 -0.7360529123392613 0.6291247450699762
    outer loop
      vertex -14.707676732646567 -6.882814021514994 17.890000000000004
      vertex -14.663439450519425 -6.897830554949385 17.890000000000004
      vertex -14.38268343359232 -6.2238795310258865 18.790000000000003
    endloop
  endfacet
  facet normal -0.24985629386221528 -0.7360529105802347 0.6291247453755124
    outer loop
      vertex -14.82711739199502 -6.842269381242138 17.890000000000004
      vertex -14.707676732646567 -6.882814021514994 17.890000000000004
      vertex -14.38268343359232 -6.2238795310258865 18.790000000000003
    endloop
  endfacet
  facet normal -0.7747268688107047 -0.15410276168582973 0.613229661369671
    outer loop
      vertex -15.597830557929617 -5.963439447539193 17.890000000000004
      vertex -14.965925827622414 -5.55881904065609 18.790000000000003
      vertex -15.606944499271256 -5.917620572128466 17.890000000000004
    endloop
  endfacet
  facet normal -0.7747268755805778 -0.15410274505191582 0.6132296569969691
    outer loop
      vertex -15.606944499271256 -5.917620572128466 17.890000000000004
      vertex -14.991444863379002 -5.430526189506054 18.790000000000003
      vertex -15.63155213849885 -5.793909606124673 17.890000000000004
    endloop
  endfacet
  facet normal -0.8036112440571941 -0.0526714675324929 0.592819268354886
    outer loop
      vertex -15.63155213849885 -5.793909606124673 17.890000000000004
      vertex -14.991444863379002 -5.430526189506054 18.790000000000003
      vertex -15.639801736921072 -5.66804506576487 17.890000000000004
    endloop
  endfacet
  facet normal -0.8036112467952045 -0.052671451419414796 0.5928192660749388
    outer loop
      vertex -15.639801736921072 -5.66804506576487 17.890000000000004
      vertex -14.991444863379002 -5.430526189506054 18.790000000000003
      vertex -15.642857142857142 -5.621428568448339 17.890000000000004
    endloop
  endfacet
  facet normal -0.4998140595121753 -0.5699286814932122 0.6522018122677739
    outer loop
      vertex -15.255819674049105 -6.555819671068872 17.890000000000004
      vertex -15.160986658717905 -6.638985996799809 17.890000000000004
      vertex -14.707106783986092 -6.007106781005859 18.790000000000003
    endloop
  endfacet
  facet normal -0.5699286814932124 -0.4998140595121749 0.6522018122677737
    outer loop
      vertex -15.255819674049105 -6.555819671068872 17.890000000000004
      vertex -14.707106783986092 -6.007106781005859 18.790000000000003
      vertex -15.338985999780041 -6.460986655737672 17.890000000000004
    endloop
  endfacet
  facet normal -0.5699287002139822 -0.49981403629365745 0.6522018137020499
    outer loop
      vertex -15.338985999780041 -6.460986655737672 17.890000000000004
      vertex -14.793353341519833 -5.90876142680645 18.790000000000003
      vertex -15.369788341756378 -6.425863314952169 17.890000000000004
    endloop
  endfacet
  facet normal -0.6329825755253957 -0.42294543568041626 0.6484213271618536
    outer loop
      vertex -15.43986497500113 -6.320986221943582 17.890000000000004
      vertex -15.369788341756378 -6.425863314952169 17.890000000000004
      vertex -14.793353341519833 -5.90876142680645 18.790000000000003
    endloop
  endfacet
  facet normal -0.6329825821121912 -0.4229454256276419 0.6484213272890059
    outer loop
      vertex -15.43986497500113 -6.320986221943582 17.890000000000004
      vertex -14.793353341519833 -5.90876142680645 18.790000000000003
      vertex -15.465819282723324 -6.2821428541626245 17.890000000000004
    endloop
  endfacet
  facet normal -0.6885506021858496 -0.3395555961552522 0.6407808247358494
    outer loop
      vertex -15.465819282723324 -6.2821428541626245 17.890000000000004
      vertex -14.866025403141975 -5.799999997019768 18.790000000000003
      vertex -15.486481472317662 -6.240244080445596 17.890000000000004
    endloop
  endfacet
  facet normal -0.49981403629365745 -0.5699287002139822 0.6522018137020499
    outer loop
      vertex -15.125863317932401 -6.669788338776145 17.890000000000004
      vertex -14.608761429786682 -6.0933533385396 18.790000000000003
      vertex -15.160986658717905 -6.638985996799809 17.890000000000004
    endloop
  endfacet
  facet normal -0.688550605831259 -0.3395555907647391 0.6407808236751592
    outer loop
      vertex -15.486481472317662 -6.240244080445596 17.890000000000004
      vertex -14.923879534006119 -5.682683430612087 18.790000000000003
      vertex -15.54226938422237 -6.1271173890147885 17.890000000000004
    endloop
  endfacet
  facet normal -0.7360529105802339 -0.24985629386221683 0.6291247453755128
    outer loop
      vertex -15.54226938422237 -6.1271173890147885 17.890000000000004
      vertex -14.923879534006119 -5.682683430612087 18.790000000000003
      vertex -15.582814024495226 -6.007676729666335 17.890000000000004
    endloop
  endfacet
  facet normal -0.7360529123392612 -0.24985628944961363 0.6291247450699764
    outer loop
      vertex -15.582814024495226 -6.007676729666335 17.890000000000004
      vertex -14.923879534006119 -5.682683430612087 18.790000000000003
      vertex -15.597830557929617 -5.963439447539193 17.890000000000004
    endloop
  endfacet
  facet normal -0.3395555961552367 -0.6885506021858588 0.6407808247358475
    outer loop
      vertex -14.940244083425828 -6.786481469337429 17.890000000000004
      vertex -14.38268343359232 -6.2238795310258865 18.790000000000003
      vertex -14.5 -6.166025400161743 18.790000000000003
    endloop
  endfacet
  facet normal -0.4229454256276481 -0.6329825821121866 0.6484213272890064
    outer loop
      vertex -14.982142857142858 -6.765819279743092 17.890000000000004
      vertex -14.5 -6.166025400161743 18.790000000000003
      vertex -14.608761429786682 -6.0933533385396 18.790000000000003
    endloop
  endfacet
  facet normal -0.4998140362936531 -0.5699287002139866 0.6522018137020494
    outer loop
      vertex -15.160986658717905 -6.638985996799809 17.890000000000004
      vertex -14.608761429786682 -6.0933533385396 18.790000000000003
      vertex -14.707106783986092 -6.007106781005859 18.790000000000003
    endloop
  endfacet
  facet normal -0.5699287002139866 -0.4998140362936531 0.6522018137020494
    outer loop
      vertex -15.338985999780041 -6.460986655737672 17.890000000000004
      vertex -14.707106783986092 -6.007106781005859 18.790000000000003
      vertex -14.793353341519833 -5.90876142680645 18.790000000000003
    endloop
  endfacet
  facet normal 0 0 1
    outer loop
      vertex -14.608761429786682 -6.0933533385396 18.790000000000003
      vertex -14.5 -6.166025400161743 18.790000000000003
      vertex -14.707106783986092 -6.007106781005859 18.790000000000003
    endloop
  endfacet
  facet normal -0.6885506021858585 -0.3395555961552365 0.6407808247358479
    outer loop
      vertex -15.486481472317662 -6.240244080445596 17.890000000000004
      vertex -14.866025403141975 -5.799999997019768 18.790000000000003
      vertex -14.923879534006119 -5.682683430612087 18.790000000000003
    endloop
  endfacet
  facet normal -0.6329825821121869 -0.42294542562764853 0.6484213272890058
    outer loop
      vertex -15.465819282723324 -6.2821428541626245 17.890000000000004
      vertex -14.793353341519833 -5.90876142680645 18.790000000000003
      vertex -14.866025403141975 -5.799999997019768 18.790000000000003
    endloop
  endfacet
  facet normal -0.7747268688107043 -0.15410276168583142 0.6132296613696712
    outer loop
      vertex -15.606944499271256 -5.917620572128466 17.890000000000004
      vertex -14.965925827622414 -5.55881904065609 18.790000000000003
      vertex -14.991444863379002 -5.430526189506054 18.790000000000003
    endloop
  endfacet
  facet normal -0.7360529123392611 -0.24985628944961344 0.6291247450699765
    outer loop
      vertex -15.597830557929617 -5.963439447539193 17.890000000000004
      vertex -14.923879534006119 -5.682683430612087 18.790000000000003
      vertex -14.965925827622414 -5.55881904065609 18.790000000000003
    endloop
  endfacet
  facet normal 0 0 1
    outer loop
      vertex -14.793353341519833 -5.90876142680645 18.790000000000003
      vertex -14.707106783986092 -6.007106781005859 18.790000000000003
      vertex -14.866025403141975 -5.799999997019768 18.790000000000003
    endloop
  endfacet
  facet normal 0 0 1
    outer loop
      vertex -14.866025403141975 -5.799999997019768 18.790000000000003
      vertex -14.707106783986092 -6.007106781005859 18.790000000000003
      vertex -14.965925827622414 -5.55881904065609 18.790000000000003
    endloop
  endfacet
  facet normal 0 0 1
    outer loop
      vertex -14.707106783986092 -6.007106781005859 18.790000000000003
      vertex -14.258819043636322 -6.265925824642181 18.790000000000003
      vertex -14.965925827622414 -5.55881904065609 18.790000000000003
    endloop
  endfacet
  facet normal 0 0 1
    outer loop
      vertex -14.866025403141975 -5.799999997019768 18.790000000000003
      vertex -14.965925827622414 -5.55881904065609 18.790000000000003
      vertex -14.923879534006119 -5.682683430612087 18.790000000000003
    endloop
  endfacet
  facet normal -0.0526714675324929 -0.8036112440571941 0.592819268354886
    outer loop
      vertex -14.493909609104906 -6.9315521355186185 17.890000000000004
      vertex -14.368045068745102 -6.93980173394084 17.890000000000004
      vertex -14.130526192486286 -6.291444860398769 18.790000000000003
    endloop
  endfacet
  facet normal -0.052671451419414796 -0.8036112467952045 0.5928192660749388
    outer loop
      vertex -14.368045068745102 -6.93980173394084 17.890000000000004
      vertex -14.321428571428571 -6.94285713987691 17.890000000000004
      vertex -14.130526192486286 -6.291444860398769 18.790000000000003
    endloop
  endfacet
  facet normal -0.1541027616858353 -0.7747268688107029 0.613229661369672
    outer loop
      vertex -14.663439450519425 -6.897830554949385 17.890000000000004
      vertex -14.617620575108699 -6.906944496291024 17.890000000000004
      vertex -14.258819043636322 -6.265925824642181 18.790000000000003
    endloop
  endfacet
  facet normal -0.15410274505191476 -0.7747268755805782 0.6132296569969689
    outer loop
      vertex -14.617620575108699 -6.906944496291024 17.890000000000004
      vertex -14.493909609104906 -6.9315521355186185 17.890000000000004
      vertex -14.130526192486286 -6.291444860398769 18.790000000000003
    endloop
  endfacet
  facet normal 0 -0.8137334712067348 0.5812381937190967
    outer loop
      vertex -14.321428571428571 -6.94285713987691 17.890000000000004
      vertex -12.678571428571429 -6.94285713987691 17.890000000000004
      vertex -14 -6.299999997019768 18.790000000000003
    endloop
  endfacet
  facet normal -0.1541027616858314 -0.7747268688107042 0.6132296613696715
    outer loop
      vertex -14.617620575108699 -6.906944496291024 17.890000000000004
      vertex -14.130526192486286 -6.291444860398769 18.790000000000003
      vertex -14.258819043636322 -6.265925824642181 18.790000000000003
    endloop
  endfacet
  facet normal -0.05267145141942442 -0.8036112467952031 0.59281926607494
    outer loop
      vertex -14.321428571428571 -6.94285713987691 17.890000000000004
      vertex -14 -6.299999997019768 18.790000000000003
      vertex -14.130526192486286 -6.291444860398769 18.790000000000003
    endloop
  endfacet
  facet normal 0 -0.8137334712067349 0.5812381937190968
    outer loop
      vertex -14 -6.299999997019768 18.790000000000003
      vertex -12.678571428571429 -6.94285713987691 17.890000000000004
      vertex -13 -6.299999997019768 18.790000000000003
    endloop
  endfacet
  facet normal -0.24985628944961344 -0.7360529123392614 0.6291247450699762
    outer loop
      vertex -14.663439450519425 -6.897830554949385 17.890000000000004
      vertex -14.258819043636322 -6.265925824642181 18.790000000000003
      vertex -14.38268343359232 -6.2238795310258865 18.790000000000003
    endloop
  endfacet
  facet normal 0 0 1
    outer loop
      vertex -14.707106783986092 -6.007106781005859 18.790000000000003
      vertex -14.5 -6.166025400161743 18.790000000000003
      vertex -14.258819043636322 -6.265925824642181 18.790000000000003
    endloop
  endfacet
  facet normal 0 0 1
    outer loop
      vertex -14.258819043636322 -6.265925824642181 18.790000000000003
      vertex -14.5 -6.166025400161743 18.790000000000003
      vertex -14.38268343359232 -6.2238795310258865 18.790000000000003
    endloop
  endfacet
  facet normal 0 0 1
    outer loop
      vertex -14.258819043636322 -6.265925824642181 18.790000000000003
      vertex -14.130526192486286 -6.291444860398769 18.790000000000003
      vertex -14 -6.299999997019768 18.790000000000003
    endloop
  endfacet
  facet normal 0 0 1
    outer loop
      vertex -14.965925827622414 -5.55881904065609 18.790000000000003
      vertex -14.258819043636322 -6.265925824642181 18.790000000000003
      vertex -12.61731656640768 -6.2238795310258865 18.790000000000003
    endloop
  endfacet
  facet normal 0 0 1
    outer loop
      vertex -14.258819043636322 -6.265925824642181 18.790000000000003
      vertex -14 -6.299999997019768 18.790000000000003
      vertex -13 -6.299999997019768 18.790000000000003
    endloop
  endfacet
  facet normal 0 0 1
    outer loop
      vertex -14.258819043636322 -6.265925824642181 18.790000000000003
      vertex -13 -6.299999997019768 18.790000000000003
      vertex -12.61731656640768 -6.2238795310258865 18.790000000000003
    endloop
  endfacet
  facet normal -0.8036112467952031 -0.05267145141942442 0.59281926607494
    outer loop
      vertex -15.642857142857142 -5.621428568448339 17.890000000000004
      vertex -14.991444863379002 -5.430526189506054 18.790000000000003
      vertex -15 -5.299999997019768 18.790000000000003
    endloop
  endfacet
  facet normal 0 0 1
    outer loop
      vertex -14.965925827622414 -5.55881904065609 18.790000000000003
      vertex -15 -5.299999997019768 18.790000000000003
      vertex -14.991444863379002 -5.430526189506054 18.790000000000003
    endloop
  endfacet
  facet normal -0.8137334712067348 0 0.5812381937190966
    outer loop
      vertex -15.642857142857142 -5.621428568448339 17.890000000000004
      vertex -15 -5.299999997019768 18.790000000000003
      vertex -15 5.299999997019768 18.790000000000003
    endloop
  endfacet
  facet normal 0 0 1
    outer loop
      vertex -14.965925827622414 -5.55881904065609 18.790000000000003
      vertex -12.61731656640768 -6.2238795310258865 18.790000000000003
      vertex -14.991444863379002 5.430526189506054 18.790000000000003
    endloop
  endfacet
  facet normal 0 0 1
    outer loop
      vertex -14.965925827622414 -5.55881904065609 18.790000000000003
      vertex -14.991444863379002 5.430526189506054 18.790000000000003
      vertex -15 -5.299999997019768 18.790000000000003
    endloop
  endfacet
  facet normal 0.052671451419414796 -0.8036112467952045 0.5928192660749388
    outer loop
      vertex -12.678571428571429 -6.94285713987691 17.890000000000004
      vertex -12.631954931254898 -6.93980173394084 17.890000000000004
      vertex -12.869473807513714 -6.291444860398769 18.790000000000003
    endloop
  endfacet
  facet normal 0.0526714675324929 -0.8036112440571941 0.592819268354886
    outer loop
      vertex -12.631954931254898 -6.93980173394084 17.890000000000004
      vertex -12.506090390895094 -6.9315521355186185 17.890000000000004
      vertex -12.869473807513714 -6.291444860398769 18.790000000000003
    endloop
  endfacet
  facet normal 0.15410274505191476 -0.7747268755805782 0.6132296569969689
    outer loop
      vertex -12.506090390895094 -6.9315521355186185 17.890000000000004
      vertex -12.382379424891301 -6.906944496291024 17.890000000000004
      vertex -12.869473807513714 -6.291444860398769 18.790000000000003
    endloop
  endfacet
  facet normal 0.1541027616858353 -0.7747268688107029 0.613229661369672
    outer loop
      vertex -12.382379424891301 -6.906944496291024 17.890000000000004
      vertex -12.336560549480575 -6.897830554949385 17.890000000000004
      vertex -12.741180956363678 -6.265925824642181 18.790000000000003
    endloop
  endfacet
  facet normal 0.24985628944961366 -0.7360529123392613 0.6291247450699762
    outer loop
      vertex -12.336560549480575 -6.897830554949385 17.890000000000004
      vertex -12.292323267353433 -6.882814021514994 17.890000000000004
      vertex -12.61731656640768 -6.2238795310258865 18.790000000000003
    endloop
  endfacet
  facet normal 0.24985629386221528 -0.7360529105802347 0.6291247453755124
    outer loop
      vertex -12.292323267353433 -6.882814021514994 17.890000000000004
      vertex -12.17288260800498 -6.842269381242138 17.890000000000004
      vertex -12.61731656640768 -6.2238795310258865 18.790000000000003
    endloop
  endfacet
  facet normal 0.3395555907647433 -0.6885506058312565 0.6407808236751595
    outer loop
      vertex -12.17288260800498 -6.842269381242138 17.890000000000004
      vertex -12.059755916574172 -6.786481469337429 17.890000000000004
      vertex -12.61731656640768 -6.2238795310258865 18.790000000000003
    endloop
  endfacet
  facet normal 0.33955559615522396 -0.6885506021858661 0.6407808247358464
    outer loop
      vertex -12.059755916574172 -6.786481469337429 17.890000000000004
      vertex -12.017857142857142 -6.765819279743092 17.890000000000004
      vertex -12.5 -6.166025400161743 18.790000000000003
    endloop
  endfacet
  facet normal 0.42294542562765186 -0.6329825821121843 0.6484213272890059
    outer loop
      vertex -12.017857142857142 -6.765819279743092 17.890000000000004
      vertex -11.979013775076185 -6.739864972020898 17.890000000000004
      vertex -12.391238570213318 -6.0933533385396 18.790000000000003
    endloop
  endfacet
  facet normal 0.42294543568041865 -0.6329825755253938 0.6484213271618539
    outer loop
      vertex -11.979013775076185 -6.739864972020898 17.890000000000004
      vertex -11.874136682067599 -6.669788338776145 17.890000000000004
      vertex -12.391238570213318 -6.0933533385396 18.790000000000003
    endloop
  endfacet
  facet normal 0.05267145141942403 -0.8036112467952031 0.59281926607494
    outer loop
      vertex -13 -6.299999997019768 18.790000000000003
      vertex -12.678571428571429 -6.94285713987691 17.890000000000004
      vertex -12.869473807513714 -6.291444860398769 18.790000000000003
    endloop
  endfacet
  facet normal 0.1541027616858314 -0.7747268688107042 0.6132296613696715
    outer loop
      vertex -12.382379424891301 -6.906944496291024 17.890000000000004
      vertex -12.741180956363678 -6.265925824642181 18.790000000000003
      vertex -12.869473807513714 -6.291444860398769 18.790000000000003
    endloop
  endfacet
  facet normal 0.49981403629365745 -0.5699287002139822 0.6522018137020499
    outer loop
      vertex -11.874136682067599 -6.669788338776145 17.890000000000004
      vertex -11.839013341282095 -6.638985996799809 17.890000000000004
      vertex -12.391238570213318 -6.0933533385396 18.790000000000003
    endloop
  endfacet
  facet normal 0.4998140595121753 -0.5699286814932122 0.6522018122677739
    outer loop
      vertex -11.839013341282095 -6.638985996799809 17.890000000000004
      vertex -11.744180325950895 -6.555819671068872 17.890000000000004
      vertex -12.292893216013908 -6.007106781005859 18.790000000000003
    endloop
  endfacet
  facet normal 0.5699286814932124 -0.4998140595121749 0.6522018122677737
    outer loop
      vertex -11.744180325950895 -6.555819671068872 17.890000000000004
      vertex -11.661014000219959 -6.460986655737672 17.890000000000004
      vertex -12.292893216013908 -6.007106781005859 18.790000000000003
    endloop
  endfacet
  facet normal 0.5699287002139822 -0.49981403629365745 0.6522018137020499
    outer loop
      vertex -11.661014000219959 -6.460986655737672 17.890000000000004
      vertex -11.630211658243622 -6.425863314952169 17.890000000000004
      vertex -12.206646658480167 -5.90876142680645 18.790000000000003
    endloop
  endfacet
  facet normal 0.6329825755253957 -0.42294543568041626 0.6484213271618536
    outer loop
      vertex -11.630211658243622 -6.425863314952169 17.890000000000004
      vertex -11.56013502499887 -6.320986221943582 17.890000000000004
      vertex -12.206646658480167 -5.90876142680645 18.790000000000003
    endloop
  endfacet
  facet normal 0.6329825821121912 -0.4229454256276419 0.6484213272890059
    outer loop
      vertex -11.56013502499887 -6.320986221943582 17.890000000000004
      vertex -11.534180717276676 -6.2821428541626245 17.890000000000004
      vertex -12.206646658480167 -5.90876142680645 18.790000000000003
    endloop
  endfacet
  facet normal 0.6885506021858496 -0.3395555961552522 0.6407808247358494
    outer loop
      vertex -11.534180717276676 -6.2821428541626245 17.890000000000004
      vertex -11.513518527682338 -6.240244080445596 17.890000000000004
      vertex -12.133974596858025 -5.799999997019768 18.790000000000003
    endloop
  endfacet
  facet normal 0.688550605831259 -0.3395555907647391 0.6407808236751592
    outer loop
      vertex -11.513518527682338 -6.240244080445596 17.890000000000004
      vertex -11.45773061577763 -6.1271173890147885 17.890000000000004
      vertex -12.076120465993881 -5.682683430612087 18.790000000000003
    endloop
  endfacet
  facet normal 0.7360529105802339 -0.24985629386221683 0.6291247453755128
    outer loop
      vertex -11.45773061577763 -6.1271173890147885 17.890000000000004
      vertex -11.417185975504774 -6.007676729666335 17.890000000000004
      vertex -12.076120465993881 -5.682683430612087 18.790000000000003
    endloop
  endfacet
  facet normal 0.7360529123392612 -0.24985628944961363 0.6291247450699764
    outer loop
      vertex -11.417185975504774 -6.007676729666335 17.890000000000004
      vertex -11.402169442070383 -5.963439447539193 17.890000000000004
      vertex -12.076120465993881 -5.682683430612087 18.790000000000003
    endloop
  endfacet
  facet normal 0.7747268688107047 -0.15410276168582973 0.613229661369671
    outer loop
      vertex -11.402169442070383 -5.963439447539193 17.890000000000004
      vertex -11.393055500728744 -5.917620572128466 17.890000000000004
      vertex -12.034074172377586 -5.55881904065609 18.790000000000003
    endloop
  endfacet
  facet normal 0.7747268755805778 -0.15410274505191582 0.6132296569969691
    outer loop
      vertex -11.393055500728744 -5.917620572128466 17.890000000000004
      vertex -11.36844786150115 -5.793909606124673 17.890000000000004
      vertex -12.008555136620998 -5.430526189506054 18.790000000000003
    endloop
  endfacet
  facet normal 0.8036112440571941 -0.0526714675324929 0.592819268354886
    outer loop
      vertex -11.36844786150115 -5.793909606124673 17.890000000000004
      vertex -11.360198263078928 -5.66804506576487 17.890000000000004
      vertex -12.008555136620998 -5.430526189506054 18.790000000000003
    endloop
  endfacet
  facet normal 0.8036112467952045 -0.052671451419414796 0.5928192660749388
    outer loop
      vertex -11.360198263078928 -5.66804506576487 17.890000000000004
      vertex -11.357142857142858 -5.621428568448339 17.890000000000004
      vertex -12.008555136620998 -5.430526189506054 18.790000000000003
    endloop
  endfacet
  facet normal 0.24985628944961344 -0.7360529123392614 0.6291247450699762
    outer loop
      vertex -12.336560549480575 -6.897830554949385 17.890000000000004
      vertex -12.61731656640768 -6.2238795310258865 18.790000000000003
      vertex -12.741180956363678 -6.265925824642181 18.790000000000003
    endloop
  endfacet
  facet normal 0.3395555961552367 -0.6885506021858588 0.6407808247358475
    outer loop
      vertex -12.059755916574172 -6.786481469337429 17.890000000000004
      vertex -12.5 -6.166025400161743 18.790000000000003
      vertex -12.61731656640768 -6.2238795310258865 18.790000000000003
    endloop
  endfacet
  facet normal 0.4229454256276481 -0.6329825821121866 0.6484213272890064
    outer loop
      vertex -12.017857142857142 -6.765819279743092 17.890000000000004
      vertex -12.391238570213318 -6.0933533385396 18.790000000000003
      vertex -12.5 -6.166025400161743 18.790000000000003
    endloop
  endfacet
  facet normal 0.4998140362936531 -0.5699287002139866 0.6522018137020494
    outer loop
      vertex -11.839013341282095 -6.638985996799809 17.890000000000004
      vertex -12.292893216013908 -6.007106781005859 18.790000000000003
      vertex -12.391238570213318 -6.0933533385396 18.790000000000003
    endloop
  endfacet
  facet normal 0 0 1
    outer loop
      vertex -13 -6.299999997019768 18.790000000000003
      vertex -12.869473807513714 -6.291444860398769 18.790000000000003
      vertex -12.61731656640768 -6.2238795310258865 18.790000000000003
    endloop
  endfacet
  facet normal 0 0 1
    outer loop
      vertex -12.869473807513714 -6.291444860398769 18.790000000000003
      vertex -12.741180956363678 -6.265925824642181 18.790000000000003
      vertex -12.61731656640768 -6.2238795310258865 18.790000000000003
    endloop
  endfacet
  facet normal 0 0 1
    outer loop
      vertex -12.61731656640768 -6.2238795310258865 18.790000000000003
      vertex -12.5 -6.166025400161743 18.790000000000003
      vertex -12.391238570213318 -6.0933533385396 18.790000000000003
    endloop
  endfacet
  facet normal 0 0 1
    outer loop
      vertex -12.61731656640768 -6.2238795310258865 18.790000000000003
      vertex -12.391238570213318 -6.0933533385396 18.790000000000003
      vertex -12.206646658480167 -5.90876142680645 18.790000000000003
    endloop
  endfacet
  facet normal 0 0 1
    outer loop
      vertex -12.391238570213318 -6.0933533385396 18.790000000000003
      vertex -12.292893216013908 -6.007106781005859 18.790000000000003
      vertex -12.206646658480167 -5.90876142680645 18.790000000000003
    endloop
  endfacet
  facet normal 0 0 1
    outer loop
      vertex -12.61731656640768 -6.2238795310258865 18.790000000000003
      vertex -12.206646658480167 -5.90876142680645 18.790000000000003
      vertex -12 -5.299999997019768 18.790000000000003
    endloop
  endfacet
  facet normal 0.5699287002139866 -0.4998140362936531 0.6522018137020494
    outer loop
      vertex -11.661014000219959 -6.460986655737672 17.890000000000004
      vertex -12.206646658480167 -5.90876142680645 18.790000000000003
      vertex -12.292893216013908 -6.007106781005859 18.790000000000003
    endloop
  endfacet
  facet normal 0.6329825821121869 -0.42294542562764853 0.6484213272890058
    outer loop
      vertex -11.534180717276676 -6.2821428541626245 17.890000000000004
      vertex -12.133974596858025 -5.799999997019768 18.790000000000003
      vertex -12.206646658480167 -5.90876142680645 18.790000000000003
    endloop
  endfacet
  facet normal 0.6885506021858585 -0.3395555961552365 0.6407808247358479
    outer loop
      vertex -11.513518527682338 -6.240244080445596 17.890000000000004
      vertex -12.076120465993881 -5.682683430612087 18.790000000000003
      vertex -12.133974596858025 -5.799999997019768 18.790000000000003
    endloop
  endfacet
  facet normal 0.7360529123392611 -0.24985628944961344 0.6291247450699765
    outer loop
      vertex -11.402169442070383 -5.963439447539193 17.890000000000004
      vertex -12.034074172377586 -5.55881904065609 18.790000000000003
      vertex -12.076120465993881 -5.682683430612087 18.790000000000003
    endloop
  endfacet
  facet normal 0.7747268688107043 -0.15410276168583142 0.6132296613696712
    outer loop
      vertex -11.393055500728744 -5.917620572128466 17.890000000000004
      vertex -12.008555136620998 -5.430526189506054 18.790000000000003
      vertex -12.034074172377586 -5.55881904065609 18.790000000000003
    endloop
  endfacet
  facet normal 0 0 1
    outer loop
      vertex -12.206646658480167 -5.90876142680645 18.790000000000003
      vertex -12.133974596858025 -5.799999997019768 18.790000000000003
      vertex -12.076120465993881 -5.682683430612087 18.790000000000003
    endloop
  endfacet
  facet normal 0 0 1
    outer loop
      vertex -12.206646658480167 -5.90876142680645 18.790000000000003
      vertex -12.076120465993881 -5.682683430612087 18.790000000000003
      vertex -12 -5.299999997019768 18.790000000000003
    endloop
  endfacet
  facet normal 0 0 1
    outer loop
      vertex -12.076120465993881 -5.682683430612087 18.790000000000003
      vertex -12.034074172377586 -5.55881904065609 18.790000000000003
      vertex -12.008555136620998 -5.430526189506054 18.790000000000003
    endloop
  endfacet
  facet normal 0.8036112467952031 -0.05267145141942442 0.59281926607494
    outer loop
      vertex -11.357142857142858 -5.621428568448339 17.890000000000004
      vertex -12 -5.299999997019768 18.790000000000003
      vertex -12.008555136620998 -5.430526189506054 18.790000000000003
    endloop
  endfacet
  facet normal 0 0 1
    outer loop
      vertex -12.076120465993881 -5.682683430612087 18.790000000000003
      vertex -12.008555136620998 -5.430526189506054 18.790000000000003
      vertex -12 -5.299999997019768 18.790000000000003
    endloop
  endfacet
  facet normal 0.8137334712067349 0 0.5812381937190968
    outer loop
      vertex -11.357142857142858 -5.621428568448339 17.890000000000004
      vertex -11.357142857142858 5.621428568448339 17.890000000000004
      vertex -12 -5.299999997019768 18.790000000000003
    endloop
  endfacet
  facet normal 0 0 1
    outer loop
      vertex -12.61731656640768 -6.2238795310258865 18.790000000000003
      vertex -12 -5.299999997019768 18.790000000000003
      vertex -12.292893216013908 6.007106781005859 18.790000000000003
    endloop
  endfacet
  facet normal -0.8137334712067349 0 0.5812381937190968
    outer loop
      vertex -15.642857142857142 -5.621428568448339 17.890000000000004
      vertex -15 5.299999997019768 18.790000000000003
      vertex -15.642857142857142 5.621428568448339 17.890000000000004
    endloop
  endfacet
  facet normal 0 0 1
    outer loop
      vertex -15 -5.299999997019768 18.790000000000003
      vertex -14.991444863379002 5.430526189506054 18.790000000000003
      vertex -15 5.299999997019768 18.790000000000003
    endloop
  endfacet
  facet normal 0 0 1
    outer loop
      vertex -12.61731656640768 -6.2238795310258865 18.790000000000003
      vertex -12.292893216013908 6.007106781005859 18.790000000000003
      vertex -14.991444863379002 5.430526189506054 18.790000000000003
    endloop
  endfacet
  facet normal -0.8036112467952031 0.05267145141942403 0.59281926607494
    outer loop
      vertex -15 5.299999997019768 18.790000000000003
      vertex -14.991444863379002 5.430526189506054 18.790000000000003
      vertex -15.642857142857142 5.621428568448339 17.890000000000004
    endloop
  endfacet
  facet normal -0.8036112467952047 0.05267145141941571 0.5928192660749386
    outer loop
      vertex -14.991444863379002 5.430526189506054 18.790000000000003
      vertex -15.639801736921072 5.66804506576487 17.890000000000004
      vertex -15.642857142857142 5.621428568448339 17.890000000000004
    endloop
  endfacet
  facet normal -0.8036112440571943 0.05267146753249252 0.5928192683548861
    outer loop
      vertex -14.991444863379002 5.430526189506054 18.790000000000003
      vertex -15.63155213849885 5.793909606124673 17.890000000000004
      vertex -15.639801736921072 5.66804506576487 17.890000000000004
    endloop
  endfacet
  facet normal -0.7747268755805778 0.15410274505191593 0.6132296569969691
    outer loop
      vertex -14.991444863379002 5.430526189506054 18.790000000000003
      vertex -15.606944499271256 5.917620572128466 17.890000000000004
      vertex -15.63155213849885 5.793909606124673 17.890000000000004
    endloop
  endfacet
  facet normal -0.7747268688107047 0.15410276168582973 0.613229661369671
    outer loop
      vertex -15.606944499271256 5.917620572128466 17.890000000000004
      vertex -14.965925827622414 5.55881904065609 18.790000000000003
      vertex -15.597830557929617 5.963439447539193 17.890000000000004
    endloop
  endfacet
  facet normal -0.7360529123392612 0.24985628944961363 0.6291247450699764
    outer loop
      vertex -15.597830557929617 5.963439447539193 17.890000000000004
      vertex -14.923879534006119 5.682683430612087 18.790000000000003
      vertex -15.582814024495226 6.007676729666335 17.890000000000004
    endloop
  endfacet
  facet normal -0.7360529105802339 0.24985629386221683 0.6291247453755127
    outer loop
      vertex -15.582814024495226 6.007676729666335 17.890000000000004
      vertex -14.923879534006119 5.682683430612087 18.790000000000003
      vertex -15.54226938422237 6.1271173890147885 17.890000000000004
    endloop
  endfacet
  facet normal -0.6885506058312588 0.33955559076473907 0.6407808236751591
    outer loop
      vertex -15.54226938422237 6.1271173890147885 17.890000000000004
      vertex -14.923879534006119 5.682683430612087 18.790000000000003
      vertex -15.486481472317662 6.240244080445596 17.890000000000004
    endloop
  endfacet
  facet normal -0.6885506021858496 0.3395555961552522 0.6407808247358494
    outer loop
      vertex -15.486481472317662 6.240244080445596 17.890000000000004
      vertex -14.866025403141975 5.799999997019768 18.790000000000003
      vertex -15.465819282723324 6.2821428541626245 17.890000000000004
    endloop
  endfacet
  facet normal -0.6329825821121912 0.4229454256276419 0.6484213272890059
    outer loop
      vertex -15.465819282723324 6.2821428541626245 17.890000000000004
      vertex -14.793353341519833 5.90876142680645 18.790000000000003
      vertex -15.43986497500113 6.320986221943582 17.890000000000004
    endloop
  endfacet
  facet normal -0.6329825755253957 0.42294543568041626 0.6484213271618536
    outer loop
      vertex -15.43986497500113 6.320986221943582 17.890000000000004
      vertex -14.793353341519833 5.90876142680645 18.790000000000003
      vertex -15.369788341756378 6.425863314952169 17.890000000000004
    endloop
  endfacet
  facet normal -0.5699287002139822 0.49981403629365745 0.6522018137020499
    outer loop
      vertex -15.369788341756378 6.425863314952169 17.890000000000004
      vertex -14.793353341519833 5.90876142680645 18.790000000000003
      vertex -15.338985999780041 6.460986655737672 17.890000000000004
    endloop
  endfacet
  facet normal -0.5699286814932124 0.4998140595121749 0.6522018122677737
    outer loop
      vertex -15.338985999780041 6.460986655737672 17.890000000000004
      vertex -14.707106783986092 6.007106781005859 18.790000000000003
      vertex -15.255819674049105 6.555819671068872 17.890000000000004
    endloop
  endfacet
  facet normal -0.49981405951217556 0.5699286814932123 0.6522018122677736
    outer loop
      vertex -14.707106783986092 6.007106781005859 18.790000000000003
      vertex -15.160986658717905 6.638985996799809 17.890000000000004
      vertex -15.255819674049105 6.555819671068872 17.890000000000004
    endloop
  endfacet
  facet normal -0.49981403629365656 0.5699287002139822 0.6522018137020505
    outer loop
      vertex -14.608761429786682 6.0933533385396 18.790000000000003
      vertex -15.125863317932401 6.669788338776145 17.890000000000004
      vertex -15.160986658717905 6.638985996799809 17.890000000000004
    endloop
  endfacet
  facet normal -0.7747268688107042 0.1541027616858313 0.6132296613696713
    outer loop
      vertex -14.991444863379002 5.430526189506054 18.790000000000003
      vertex -14.965925827622414 5.55881904065609 18.790000000000003
      vertex -15.606944499271256 5.917620572128466 17.890000000000004
    endloop
  endfacet
  facet normal -0.7360529123392611 0.24985628944961344 0.6291247450699765
    outer loop
      vertex -15.597830557929617 5.963439447539193 17.890000000000004
      vertex -14.965925827622414 5.55881904065609 18.790000000000003
      vertex -14.923879534006119 5.682683430612087 18.790000000000003
    endloop
  endfacet
  facet normal -0.6885506021858585 0.3395555961552365 0.6407808247358479
    outer loop
      vertex -15.486481472317662 6.240244080445596 17.890000000000004
      vertex -14.923879534006119 5.682683430612087 18.790000000000003
      vertex -14.866025403141975 5.799999997019768 18.790000000000003
    endloop
  endfacet
  facet normal -0.6329825821121869 0.42294542562764853 0.6484213272890058
    outer loop
      vertex -15.465819282723324 6.2821428541626245 17.890000000000004
      vertex -14.866025403141975 5.799999997019768 18.790000000000003
      vertex -14.793353341519833 5.90876142680645 18.790000000000003
    endloop
  endfacet
  facet normal 0 0 1
    outer loop
      vertex -14.991444863379002 5.430526189506054 18.790000000000003
      vertex -14.923879534006119 5.682683430612087 18.790000000000003
      vertex -14.965925827622414 5.55881904065609 18.790000000000003
    endloop
  endfacet
  facet normal 0 0 1
    outer loop
      vertex -14.991444863379002 5.430526189506054 18.790000000000003
      vertex -14.707106783986092 6.007106781005859 18.790000000000003
      vertex -14.923879534006119 5.682683430612087 18.790000000000003
    endloop
  endfacet
  facet normal 0 0 1
    outer loop
      vertex -14.923879534006119 5.682683430612087 18.790000000000003
      vertex -14.793353341519833 5.90876142680645 18.790000000000003
      vertex -14.866025403141975 5.799999997019768 18.790000000000003
    endloop
  endfacet
  facet normal 0 0 1
    outer loop
      vertex -14.923879534006119 5.682683430612087 18.790000000000003
      vertex -14.707106783986092 6.007106781005859 18.790000000000003
      vertex -14.793353341519833 5.90876142680645 18.790000000000003
    endloop
  endfacet
  facet normal 0 0 1
    outer loop
      vertex -14.991444863379002 5.430526189506054 18.790000000000003
      vertex -14.258819043636322 6.265925824642181 18.790000000000003
      vertex -14.707106783986092 6.007106781005859 18.790000000000003
    endloop
  endfacet
  facet normal -0.5699287002139866 0.4998140362936531 0.6522018137020494
    outer loop
      vertex -15.338985999780041 6.460986655737672 17.890000000000004
      vertex -14.793353341519833 5.90876142680645 18.790000000000003
      vertex -14.707106783986092 6.007106781005859 18.790000000000003
    endloop
  endfacet
  facet normal -0.49981403629365295 0.5699287002139864 0.6522018137020494
    outer loop
      vertex -14.707106783986092 6.007106781005859 18.790000000000003
      vertex -14.608761429786682 6.0933533385396 18.790000000000003
      vertex -15.160986658717905 6.638985996799809 17.890000000000004
    endloop
  endfacet
  facet normal -0.4229454256276484 0.6329825821121864 0.6484213272890061
    outer loop
      vertex -14.608761429786682 6.0933533385396 18.790000000000003
      vertex -14.5 6.166025400161743 18.790000000000003
      vertex -14.982142857142858 6.765819279743092 17.890000000000004
    endloop
  endfacet
  facet normal -0.3395555961552367 0.6885506021858588 0.6407808247358475
    outer loop
      vertex -14.940244083425828 6.786481469337429 17.890000000000004
      vertex -14.5 6.166025400161743 18.790000000000003
      vertex -14.38268343359232 6.2238795310258865 18.790000000000003
    endloop
  endfacet
  facet normal 0 0 1
    outer loop
      vertex -14.707106783986092 6.007106781005859 18.790000000000003
      vertex -14.5 6.166025400161743 18.790000000000003
      vertex -14.608761429786682 6.0933533385396 18.790000000000003
    endloop
  endfacet
  facet normal -0.422945435680419 0.6329825755253938 0.6484213271618539
    outer loop
      vertex -14.608761429786682 6.0933533385396 18.790000000000003
      vertex -15.020986224923815 6.739864972020898 17.890000000000004
      vertex -15.125863317932401 6.669788338776145 17.890000000000004
    endloop
  endfacet
  facet normal -0.4229454256276515 0.6329825821121849 0.6484213272890056
    outer loop
      vertex -14.608761429786682 6.0933533385396 18.790000000000003
      vertex -14.982142857142858 6.765819279743092 17.890000000000004
      vertex -15.020986224923815 6.739864972020898 17.890000000000004
    endloop
  endfacet
  facet normal -0.33955559615522396 0.6885506021858661 0.6407808247358464
    outer loop
      vertex -14.982142857142858 6.765819279743092 17.890000000000004
      vertex -14.5 6.166025400161743 18.790000000000003
      vertex -14.940244083425828 6.786481469337429 17.890000000000004
    endloop
  endfacet
  facet normal -0.3395555907647433 0.6885506058312565 0.6407808236751595
    outer loop
      vertex -14.940244083425828 6.786481469337429 17.890000000000004
      vertex -14.38268343359232 6.2238795310258865 18.790000000000003
      vertex -14.82711739199502 6.842269381242138 17.890000000000004
    endloop
  endfacet
  facet normal -0.24985629386221528 0.7360529105802347 0.6291247453755124
    outer loop
      vertex -14.82711739199502 6.842269381242138 17.890000000000004
      vertex -14.38268343359232 6.2238795310258865 18.790000000000003
      vertex -14.707676732646567 6.882814021514994 17.890000000000004
    endloop
  endfacet
  facet normal -0.24985628944961366 0.7360529123392613 0.6291247450699762
    outer loop
      vertex -14.707676732646567 6.882814021514994 17.890000000000004
      vertex -14.38268343359232 6.2238795310258865 18.790000000000003
      vertex -14.663439450519425 6.897830554949385 17.890000000000004
    endloop
  endfacet
  facet normal 0 0 1
    outer loop
      vertex -14.991444863379002 5.430526189506054 18.790000000000003
      vertex -12.292893216013908 6.007106781005859 18.790000000000003
      vertex -14.258819043636322 6.265925824642181 18.790000000000003
    endloop
  endfacet
  facet normal -0.24985628944961344 0.7360529123392614 0.6291247450699762
    outer loop
      vertex -14.663439450519425 6.897830554949385 17.890000000000004
      vertex -14.38268343359232 6.2238795310258865 18.790000000000003
      vertex -14.258819043636322 6.265925824642181 18.790000000000003
    endloop
  endfacet
  facet normal 0 0 1
    outer loop
      vertex -14.707106783986092 6.007106781005859 18.790000000000003
      vertex -14.258819043636322 6.265925824642181 18.790000000000003
      vertex -14.5 6.166025400161743 18.790000000000003
    endloop
  endfacet
  facet normal 0 0 1
    outer loop
      vertex -14.5 6.166025400161743 18.790000000000003
      vertex -14.258819043636322 6.265925824642181 18.790000000000003
      vertex -14.38268343359232 6.2238795310258865 18.790000000000003
    endloop
  endfacet
  facet normal 0 0 1
    outer loop
      vertex -14.258819043636322 6.265925824642181 18.790000000000003
      vertex -14 6.299999997019768 18.790000000000003
      vertex -14.130526192486286 6.291444860398769 18.790000000000003
    endloop
  endfacet
  facet normal 0 0 1
    outer loop
      vertex -14.258819043636322 6.265925824642181 18.790000000000003
      vertex -13 6.299999997019768 18.790000000000003
      vertex -14 6.299999997019768 18.790000000000003
    endloop
  endfacet
  facet normal 0 0 1
    outer loop
      vertex -14.258819043636322 6.265925824642181 18.790000000000003
      vertex -12.869473807513714 6.291444860398769 18.790000000000003
      vertex -13 6.299999997019768 18.790000000000003
    endloop
  endfacet
  facet normal 0 0 1
    outer loop
      vertex -14.258819043636322 6.265925824642181 18.790000000000003
      vertex -12.292893216013908 6.007106781005859 18.790000000000003
      vertex -12.869473807513714 6.291444860398769 18.790000000000003
    endloop
  endfacet
  facet normal -0.1541027616858353 0.7747268688107029 0.613229661369672
    outer loop
      vertex -14.663439450519425 6.897830554949385 17.890000000000004
      vertex -14.258819043636322 6.265925824642181 18.790000000000003
      vertex -14.617620575108699 6.906944496291024 17.890000000000004
    endloop
  endfacet
  facet normal -0.15410274505191476 0.7747268755805782 0.6132296569969689
    outer loop
      vertex -14.617620575108699 6.906944496291024 17.890000000000004
      vertex -14.130526192486286 6.291444860398769 18.790000000000003
      vertex -14.493909609104906 6.9315521355186185 17.890000000000004
    endloop
  endfacet
  facet normal -0.05267146753249252 0.8036112440571943 0.5928192683548861
    outer loop
      vertex -14.130526192486286 6.291444860398769 18.790000000000003
      vertex -14.368045068745102 6.93980173394084 17.890000000000004
      vertex -14.493909609104906 6.9315521355186185 17.890000000000004
    endloop
  endfacet
  facet normal -0.05267145141941571 0.8036112467952047 0.5928192660749386
    outer loop
      vertex -14.130526192486286 6.291444860398769 18.790000000000003
      vertex -14.321428571428571 6.94285713987691 17.890000000000004
      vertex -14.368045068745102 6.93980173394084 17.890000000000004
    endloop
  endfacet
  facet normal 0 0.8137334712067348 0.5812381937190967
    outer loop
      vertex -13 6.299999997019768 18.790000000000003
      vertex -12.678571428571429 6.94285713987691 17.890000000000004
      vertex -14.321428571428571 6.94285713987691 17.890000000000004
    endloop
  endfacet
  facet normal -0.1541027616858314 0.7747268688107042 0.6132296613696715
    outer loop
      vertex -14.617620575108699 6.906944496291024 17.890000000000004
      vertex -14.258819043636322 6.265925824642181 18.790000000000003
      vertex -14.130526192486286 6.291444860398769 18.790000000000003
    endloop
  endfacet
  facet normal -0.05267145141942403 0.8036112467952031 0.59281926607494
    outer loop
      vertex -14.130526192486286 6.291444860398769 18.790000000000003
      vertex -14 6.299999997019768 18.790000000000003
      vertex -14.321428571428571 6.94285713987691 17.890000000000004
    endloop
  endfacet
  facet normal 0 0.8137334712067349 0.5812381937190968
    outer loop
      vertex -14 6.299999997019768 18.790000000000003
      vertex -13 6.299999997019768 18.790000000000003
      vertex -14.321428571428571 6.94285713987691 17.890000000000004
    endloop
  endfacet
  facet normal 0 0 1
    outer loop
      vertex -12 -5.299999997019768 18.790000000000003
      vertex -12 5.299999997019768 18.790000000000003
      vertex -12.008555136620998 5.430526189506054 18.790000000000003
    endloop
  endfacet
  facet normal 0.8137334712067347 0 0.5812381937190967
    outer loop
      vertex -12 -5.299999997019768 18.790000000000003
      vertex -11.357142857142858 5.621428568448339 17.890000000000004
      vertex -12 5.299999997019768 18.790000000000003
    endloop
  endfacet
  facet normal 0 0 1
    outer loop
      vertex -12 -5.299999997019768 18.790000000000003
      vertex -12.008555136620998 5.430526189506054 18.790000000000003
      vertex -12.292893216013908 6.007106781005859 18.790000000000003
    endloop
  endfacet
  facet normal 0.8036112467952031 0.05267145141942403 0.59281926607494
    outer loop
      vertex -12 5.299999997019768 18.790000000000003
      vertex -11.357142857142858 5.621428568448339 17.890000000000004
      vertex -12.008555136620998 5.430526189506054 18.790000000000003
    endloop
  endfacet
  facet normal 0.8036112467952047 0.05267145141941571 0.5928192660749386
    outer loop
      vertex -12.008555136620998 5.430526189506054 18.790000000000003
      vertex -11.357142857142858 5.621428568448339 17.890000000000004
      vertex -11.360198263078928 5.66804506576487 17.890000000000004
    endloop
  endfacet
  facet normal 0.8036112440571943 0.05267146753249252 0.5928192683548861
    outer loop
      vertex -12.008555136620998 5.430526189506054 18.790000000000003
      vertex -11.360198263078928 5.66804506576487 17.890000000000004
      vertex -11.36844786150115 5.793909606124673 17.890000000000004
    endloop
  endfacet
  facet normal 0.7747268755805778 0.15410274505191593 0.6132296569969691
    outer loop
      vertex -12.008555136620998 5.430526189506054 18.790000000000003
      vertex -11.36844786150115 5.793909606124673 17.890000000000004
      vertex -11.393055500728744 5.917620572128466 17.890000000000004
    endloop
  endfacet
  facet normal 0.7747268688107047 0.15410276168582973 0.613229661369671
    outer loop
      vertex -11.393055500728744 5.917620572128466 17.890000000000004
      vertex -11.402169442070383 5.963439447539193 17.890000000000004
      vertex -12.034074172377586 5.55881904065609 18.790000000000003
    endloop
  endfacet
  facet normal 0.7360529123392612 0.24985628944961363 0.6291247450699764
    outer loop
      vertex -11.402169442070383 5.963439447539193 17.890000000000004
      vertex -11.417185975504774 6.007676729666335 17.890000000000004
      vertex -12.076120465993881 5.682683430612087 18.790000000000003
    endloop
  endfacet
  facet normal 0.7360529105802339 0.24985629386221683 0.6291247453755127
    outer loop
      vertex -11.417185975504774 6.007676729666335 17.890000000000004
      vertex -11.45773061577763 6.1271173890147885 17.890000000000004
      vertex -12.076120465993881 5.682683430612087 18.790000000000003
    endloop
  endfacet
  facet normal 0.6329825821121912 0.4229454256276419 0.6484213272890059
    outer loop
      vertex -11.534180717276676 6.2821428541626245 17.890000000000004
      vertex -11.56013502499887 6.320986221943582 17.890000000000004
      vertex -12.206646658480167 5.90876142680645 18.790000000000003
    endloop
  endfacet
  facet normal 0.6329825755253907 0.42294543568042364 0.6484213271618534
    outer loop
      vertex -11.56013502499887 6.320986221943582 17.890000000000004
      vertex -11.630211658243624 6.425863314952169 17.890000000000004
      vertex -12.206646658480167 5.90876142680645 18.790000000000003
    endloop
  endfacet
  facet normal 0.4998140595121722 0.5699286814932149 0.6522018122677739
    outer loop
      vertex -12.292893216013908 6.007106781005859 18.790000000000003
      vertex -11.744180325950895 6.555819671068873 17.890000000000004
      vertex -11.839013341282095 6.638985996799809 17.890000000000004
    endloop
  endfacet
  facet normal 0.49981403629365656 0.5699287002139822 0.6522018137020505
    outer loop
      vertex -12.391238570213318 6.0933533385396 18.790000000000003
      vertex -11.839013341282095 6.638985996799809 17.890000000000004
      vertex -11.874136682067599 6.669788338776145 17.890000000000004
    endloop
  endfacet
  facet normal 0.5699286814932146 0.4998140595121721 0.6522018122677739
    outer loop
      vertex -11.661014000219959 6.460986655737672 17.890000000000004
      vertex -11.744180325950895 6.555819671068873 17.890000000000004
      vertex -12.292893216013908 6.007106781005859 18.790000000000003
    endloop
  endfacet
  facet normal 0.569928700213997 0.4998140362936416 0.652201813702049
    outer loop
      vertex -11.661014000219959 6.460986655737672 17.890000000000004
      vertex -12.206646658480167 5.90876142680645 18.790000000000003
      vertex -11.630211658243624 6.425863314952169 17.890000000000004
    endloop
  endfacet
  facet normal 0.6885506058312588 0.33955559076473907 0.6407808236751591
    outer loop
      vertex -11.45773061577763 6.1271173890147885 17.890000000000004
      vertex -11.513518527682338 6.240244080445596 17.890000000000004
      vertex -12.076120465993881 5.682683430612087 18.790000000000003
    endloop
  endfacet
  facet normal 0.6885506021858496 0.3395555961552522 0.6407808247358494
    outer loop
      vertex -11.513518527682338 6.240244080445596 17.890000000000004
      vertex -11.534180717276676 6.2821428541626245 17.890000000000004
      vertex -12.133974596858025 5.799999997019768 18.790000000000003
    endloop
  endfacet
  facet normal 0 0 1
    outer loop
      vertex -12.292893216013908 6.007106781005859 18.790000000000003
      vertex -12.076120465993881 5.682683430612087 18.790000000000003
      vertex -12.206646658480167 5.90876142680645 18.790000000000003
    endloop
  endfacet
  facet normal 0.24985628944961366 0.7360529123392613 0.6291247450699762
    outer loop
      vertex -12.61731656640768 6.2238795310258865 18.790000000000003
      vertex -12.336560549480575 6.897830554949385 17.890000000000004
      vertex -12.741180956363678 6.265925824642181 18.790000000000003
    endloop
  endfacet
  facet normal 0.3395555961552367 0.6885506021858583 0.6407808247358481
    outer loop
      vertex -12.61731656640768 6.2238795310258865 18.790000000000003
      vertex -12.5 6.166025400161743 18.790000000000003
      vertex -12.059755916574172 6.78648146933743 17.890000000000004
    endloop
  endfacet
  facet normal 0.4229454256276489 0.632982582112187 0.6484213272890053
    outer loop
      vertex -12.391238570213318 6.0933533385396 18.790000000000003
      vertex -12.017857142857144 6.765819279743091 17.890000000000004
      vertex -12.5 6.166025400161743 18.790000000000003
    endloop
  endfacet
  facet normal 0.49981403629365295 0.5699287002139864 0.6522018137020494
    outer loop
      vertex -12.292893216013908 6.007106781005859 18.790000000000003
      vertex -11.839013341282095 6.638985996799809 17.890000000000004
      vertex -12.391238570213318 6.0933533385396 18.790000000000003
    endloop
  endfacet
  facet normal 0 0 1
    outer loop
      vertex -12.292893216013908 6.007106781005859 18.790000000000003
      vertex -12.61731656640768 6.2238795310258865 18.790000000000003
      vertex -12.869473807513714 6.291444860398769 18.790000000000003
    endloop
  endfacet
  facet normal 0 0 1
    outer loop
      vertex -12.61731656640768 6.2238795310258865 18.790000000000003
      vertex -12.741180956363678 6.265925824642181 18.790000000000003
      vertex -12.869473807513714 6.291444860398769 18.790000000000003
    endloop
  endfacet
  facet normal 0 0 1
    outer loop
      vertex -12.292893216013908 6.007106781005859 18.790000000000003
      vertex -12.391238570213318 6.0933533385396 18.790000000000003
      vertex -12.61731656640768 6.2238795310258865 18.790000000000003
    endloop
  endfacet
  facet normal 0 0 1
    outer loop
      vertex -12.61731656640768 6.2238795310258865 18.790000000000003
      vertex -12.391238570213318 6.0933533385396 18.790000000000003
      vertex -12.5 6.166025400161743 18.790000000000003
    endloop
  endfacet
  facet normal 0.7747268688107042 0.1541027616858313 0.6132296613696713
    outer loop
      vertex -12.008555136620998 5.430526189506054 18.790000000000003
      vertex -11.393055500728744 5.917620572128466 17.890000000000004
      vertex -12.034074172377586 5.55881904065609 18.790000000000003
    endloop
  endfacet
  facet normal 0.7360529123392611 0.24985628944961344 0.6291247450699765
    outer loop
      vertex -11.402169442070383 5.963439447539193 17.890000000000004
      vertex -12.076120465993881 5.682683430612087 18.790000000000003
      vertex -12.034074172377586 5.55881904065609 18.790000000000003
    endloop
  endfacet
  facet normal 0.6329825821121869 0.42294542562764853 0.6484213272890058
    outer loop
      vertex -11.534180717276676 6.2821428541626245 17.890000000000004
      vertex -12.206646658480167 5.90876142680645 18.790000000000003
      vertex -12.133974596858025 5.799999997019768 18.790000000000003
    endloop
  endfacet
  facet normal 0.6885506021858585 0.3395555961552365 0.6407808247358479
    outer loop
      vertex -11.513518527682338 6.240244080445596 17.890000000000004
      vertex -12.133974596858025 5.799999997019768 18.790000000000003
      vertex -12.076120465993881 5.682683430612087 18.790000000000003
    endloop
  endfacet
  facet normal 0 0 1
    outer loop
      vertex -12.008555136620998 5.430526189506054 18.790000000000003
      vertex -12.034074172377586 5.55881904065609 18.790000000000003
      vertex -12.076120465993881 5.682683430612087 18.790000000000003
    endloop
  endfacet
  facet normal 0 0 1
    outer loop
      vertex -12.008555136620998 5.430526189506054 18.790000000000003
      vertex -12.076120465993881 5.682683430612087 18.790000000000003
      vertex -12.292893216013908 6.007106781005859 18.790000000000003
    endloop
  endfacet
  facet normal 0 0 1
    outer loop
      vertex -12.206646658480167 5.90876142680645 18.790000000000003
      vertex -12.076120465993881 5.682683430612087 18.790000000000003
      vertex -12.133974596858025 5.799999997019768 18.790000000000003
    endloop
  endfacet
  facet normal 0.5699287002139866 0.4998140362936531 0.6522018137020494
    outer loop
      vertex -11.661014000219959 6.460986655737672 17.890000000000004
      vertex -12.292893216013908 6.007106781005859 18.790000000000003
      vertex -12.206646658480167 5.90876142680645 18.790000000000003
    endloop
  endfacet
  facet normal 0.05267145141941571 0.8036112467952047 0.5928192660749386
    outer loop
      vertex -12.869473807513714 6.291444860398769 18.790000000000003
      vertex -12.631954931254898 6.93980173394084 17.890000000000004
      vertex -12.678571428571429 6.94285713987691 17.890000000000004
    endloop
  endfacet
  facet normal 0.05267146753249252 0.8036112440571943 0.5928192683548861
    outer loop
      vertex -12.869473807513714 6.291444860398769 18.790000000000003
      vertex -12.506090390895094 6.9315521355186185 17.890000000000004
      vertex -12.631954931254898 6.93980173394084 17.890000000000004
    endloop
  endfacet
  facet normal 0.154102745051922 0.7747268755805757 0.6132296569969701
    outer loop
      vertex -12.869473807513714 6.291444860398769 18.790000000000003
      vertex -12.382379424891303 6.906944496291023 17.890000000000004
      vertex -12.506090390895094 6.9315521355186185 17.890000000000004
    endloop
  endfacet
  facet normal 0.1541027616858143 0.7747268688107103 0.613229661369668
    outer loop
      vertex -12.741180956363678 6.265925824642181 18.790000000000003
      vertex -12.336560549480575 6.897830554949385 17.890000000000004
      vertex -12.382379424891303 6.906944496291023 17.890000000000004
    endloop
  endfacet
  facet normal 0.2498562894496013 0.7360529123392663 0.6291247450699754
    outer loop
      vertex -12.61731656640768 6.2238795310258865 18.790000000000003
      vertex -12.292323267353433 6.882814021514995 17.890000000000004
      vertex -12.336560549480575 6.897830554949385 17.890000000000004
    endloop
  endfacet
  facet normal 0.2498562938622146 0.7360529105802346 0.6291247453755127
    outer loop
      vertex -12.61731656640768 6.2238795310258865 18.790000000000003
      vertex -12.17288260800498 6.842269381242139 17.890000000000004
      vertex -12.292323267353433 6.882814021514995 17.890000000000004
    endloop
  endfacet
  facet normal 0.33955559615525654 0.6885506021858471 0.6407808247358497
    outer loop
      vertex -12.5 6.166025400161743 18.790000000000003
      vertex -12.017857142857144 6.765819279743091 17.890000000000004
      vertex -12.059755916574172 6.78648146933743 17.890000000000004
    endloop
  endfacet
  facet normal 0.3395555907647433 0.688550605831256 0.6407808236751599
    outer loop
      vertex -12.61731656640768 6.2238795310258865 18.790000000000003
      vertex -12.059755916574172 6.78648146933743 17.890000000000004
      vertex -12.17288260800498 6.842269381242139 17.890000000000004
    endloop
  endfacet
  facet normal 0.422945435680419 0.6329825755253938 0.6484213271618539
    outer loop
      vertex -12.391238570213318 6.0933533385396 18.790000000000003
      vertex -11.874136682067599 6.669788338776145 17.890000000000004
      vertex -11.979013775076185 6.739864972020898 17.890000000000004
    endloop
  endfacet
  facet normal 0.422945425627628 0.6329825821122 0.6484213272890063
    outer loop
      vertex -12.391238570213318 6.0933533385396 18.790000000000003
      vertex -11.979013775076185 6.739864972020898 17.890000000000004
      vertex -12.017857142857144 6.765819279743091 17.890000000000004
    endloop
  endfacet
  facet normal 0.05267145141942403 0.8036112467952031 0.59281926607494
    outer loop
      vertex -13 6.299999997019768 18.790000000000003
      vertex -12.869473807513714 6.291444860398769 18.790000000000003
      vertex -12.678571428571429 6.94285713987691 17.890000000000004
    endloop
  endfacet
  facet normal 0.1541027616858314 0.7747268688107046 0.6132296613696708
    outer loop
      vertex -12.869473807513714 6.291444860398769 18.790000000000003
      vertex -12.741180956363678 6.265925824642181 18.790000000000003
      vertex -12.382379424891303 6.906944496291023 17.890000000000004
    endloop
  endfacet
  facet normal 0.5555702344903918 0.8314696113197949 0
    outer loop
      vertex -22.350000001490116 -11.338268592953682 2.5
      vertex -22.643655858933926 -11.14205402135849 2.5
      vertex -22.643655858933926 -11.14205402135849 16.28
    endloop
  endfacet
  facet normal 0.4422886825831848 0.8968727452982562 0
    outer loop
      vertex -22.350000001490116 -11.338268592953682 2.5
      vertex -22.350000001490116 -11.338268592953682 16.28
      vertex -22.033245265483856 -11.494474738836288 2.5
    endloop
  endfacet
  facet normal 0.321439471274215 0.9469301274682062 0
    outer loop
      vertex -22.033245265483856 -11.494474738836288 2.5
      vertex -22.033245265483856 -11.494474738836288 16.28
      vertex -21.698811419308186 -11.607999734580517 2.5
    endloop
  endfacet
  facet normal 0.19509030920907647 0.9807852829507113 0
    outer loop
      vertex -21.698811419308186 -11.607999734580517 2.5
      vertex -21.698811419308186 -11.607999734580517 16.28
      vertex -21.3524207174778 -11.676901124417782 2.5
    endloop
  endfacet
  facet normal 0.06540314155378882 0.997858922430869 0
    outer loop
      vertex -21 -11.700000002980232 2.5
      vertex -21.3524207174778 -11.676901124417782 2.5
      vertex -21.3524207174778 -11.676901124417782 16.28
    endloop
  endfacet
  facet normal 0.6593458242250388 0.7518397994765934 0
    outer loop
      vertex -22.90918830782175 -10.90918830782175 2.5
      vertex -22.90918830782175 -10.90918830782175 16.28
      vertex -22.643655858933926 -11.14205402135849 2.5
    endloop
  endfacet
  facet normal 0.7518397994765934 0.6593458242250388 0
    outer loop
      vertex -22.90918830782175 -10.90918830782175 2.5
      vertex -23.14205402135849 -10.643655858933926 2.5
      vertex -23.14205402135849 -10.643655858933926 16.28
    endloop
  endfacet
  facet normal 0.8314696113197949 0.5555702344903918 0
    outer loop
      vertex -23.14205402135849 -10.643655858933926 2.5
      vertex -23.338268592953682 -10.350000001490116 2.5
      vertex -23.338268592953682 -10.350000001490116 16.28
    endloop
  endfacet
  facet normal 0.9469301274682062 0.321439471274215 0
    outer loop
      vertex -23.49447473883629 -10.033245265483856 2.5
      vertex -23.607999734580517 -9.698811419308186 2.5
      vertex -23.607999734580517 -9.698811419308186 16.28
    endloop
  endfacet
  facet normal 0.9807852829507113 0.19509030920907647 0
    outer loop
      vertex -23.607999734580517 -9.698811419308186 2.5
      vertex -23.676901124417782 -9.352420717477798 2.5
      vertex -23.676901124417782 -9.352420717477798 16.28
    endloop
  endfacet
  facet normal 0.8968727452982562 0.4422886825831848 0
    outer loop
      vertex -23.338268592953682 -10.350000001490116 2.5
      vertex -23.49447473883629 -10.033245265483856 2.5
      vertex -23.49447473883629 -10.033245265483856 16.28
    endloop
  endfacet
  facet normal 0.997858922430869 0.06540314155378882 0
    outer loop
      vertex -23.676901124417782 -9.352420717477798 2.5
      vertex -23.700000002980232 -9 2.5
      vertex -23.700000002980232 -9 16.28
    endloop
  endfacet
  facet normal 1 0 0
    outer loop
      vertex -23.700000002980232 -9 2.5
      vertex -23.700000002980232 -6.5867066702672386 9.212477140426637
      vertex -23.700000002980232 -6.732050793511524 9.430000000000001
    endloop
  endfacet
  facet normal 1 0 0
    outer loop
      vertex -23.700000002980232 -9 2.5
      vertex -23.700000002980232 -6.732050793511524 9.430000000000001
      vertex -23.700000002980232 -6.847759055239811 9.664633132815363
    endloop
  endfacet
  facet normal 1 0 0
    outer loop
      vertex -23.700000002980232 -9 2.5
      vertex -23.700000002980232 -6.847759055239811 9.664633132815363
      vertex -23.700000002980232 -6.931851642472401 9.912361912727357
    endloop
  endfacet
  facet normal 1 0 0
    outer loop
      vertex -23.700000002980232 -9 2.5
      vertex -23.700000002980232 9 2.5
      vertex -23.700000002980232 -4.999999987227573 8.430000000000001
    endloop
  endfacet
  facet normal 1 0 0
    outer loop
      vertex -23.700000002980232 -9 2.5
      vertex -23.700000002980232 -5.999999987227573 8.69794919371605
      vertex -23.700000002980232 -6.217522846800938 8.843293316960336
    endloop
  endfacet
  facet normal 1 0 0
    outer loop
      vertex -23.700000002980232 -9 2.5
      vertex -23.700000002980232 -6.217522846800938 8.843293316960336
      vertex -23.700000002980232 -6.414213547749176 9.015786439478399
    endloop
  endfacet
  facet normal 1 0 0
    outer loop
      vertex -23.700000002980232 -9 2.5
      vertex -23.700000002980232 -6.414213547749176 9.015786439478399
      vertex -23.700000002980232 -6.5867066702672386 9.212477140426637
    endloop
  endfacet
  facet normal 1 0 0
    outer loop
      vertex -23.700000002980232 -9 2.5
      vertex -23.700000002980232 -5.765366854412212 8.582240931987764
      vertex -23.700000002980232 -5.999999987227573 8.69794919371605
    endloop
  endfacet
  facet normal 1 0 0
    outer loop
      vertex -23.700000002980232 -9 2.5
      vertex -23.700000002980232 -5.517638074500217 8.498148344755174
      vertex -23.700000002980232 -5.765366854412212 8.582240931987764
    endloop
  endfacet
  facet normal 1 0 0
    outer loop
      vertex -23.700000002980232 -9 2.5
      vertex -23.700000002980232 -5.261052372200146 8.447110280692579
      vertex -23.700000002980232 -5.517638074500217 8.498148344755174
    endloop
  endfacet
  facet normal 1 0 0
    outer loop
      vertex -23.700000002980232 -9 2.5
      vertex -23.700000002980232 -4.999999987227573 8.430000000000001
      vertex -23.700000002980232 -5.261052372200146 8.447110280692579
    endloop
  endfacet
  facet normal 0 0 1
    outer loop
      vertex -21 -11.700000002980232 2.5
      vertex 22.033245265483856 -11.494474738836288 2.5
      vertex -21.3524207174778 -11.676901124417782 2.5
    endloop
  endfacet
  facet normal 0 0 1
    outer loop
      vertex -21.698811419308186 -11.607999734580517 2.5
      vertex -21.3524207174778 -11.676901124417782 2.5
      vertex 22.350000001490116 -11.338268592953682 2.5
    endloop
  endfacet
  facet normal 0 0 1
    outer loop
      vertex -22.033245265483856 -11.494474738836288 2.5
      vertex -21.698811419308186 -11.607999734580517 2.5
      vertex 22.643655858933926 -11.14205402135849 2.5
    endloop
  endfacet
  facet normal 0 0 1
    outer loop
      vertex -22.350000001490116 -11.338268592953682 2.5
      vertex -22.033245265483856 -11.494474738836288 2.5
      vertex 22.90918830782175 -10.90918830782175 2.5
    endloop
  endfacet
  facet normal 0 0 1
    outer loop
      vertex -22.90918830782175 -10.90918830782175 2.5
      vertex -22.643655858933926 -11.14205402135849 2.5
      vertex 23.338268592953682 -10.350000001490116 2.5
    endloop
  endfacet
  facet normal 0 0 1
    outer loop
      vertex -22.90918830782175 -10.90918830782175 2.5
      vertex 23.49447473883629 -10.033245265483856 2.5
      vertex -23.14205402135849 -10.643655858933926 2.5
    endloop
  endfacet
  facet normal 0 0 1
    outer loop
      vertex -23.14205402135849 -10.643655858933926 2.5
      vertex 23.607999734580517 -9.698811419308186 2.5
      vertex -23.338268592953682 -10.350000001490116 2.5
    endloop
  endfacet
  facet normal 0 0 1
    outer loop
      vertex -22.350000001490116 -11.338268592953682 2.5
      vertex 23.14205402135849 -10.643655858933926 2.5
      vertex -22.643655858933926 -11.14205402135849 2.5
    endloop
  endfacet
  facet normal 0 0 1
    outer loop
      vertex -23.338268592953682 -10.350000001490116 2.5
      vertex 23.676901124417782 -9.352420717477798 2.5
      vertex -23.49447473883629 -10.033245265483856 2.5
    endloop
  endfacet
  facet normal 0 0 1
    outer loop
      vertex -23.49447473883629 -10.033245265483856 2.5
      vertex 23.700000002980232 -9 2.5
      vertex -23.607999734580517 -9.698811419308186 2.5
    endloop
  endfacet
  facet normal 0 1 0
    outer loop
      vertex -21 -11.700000002980232 2.5
      vertex -21 -11.700000002980232 16.28
      vertex 21 -11.700000002980232 2.5
    endloop
  endfacet
  facet normal 0 0 1
    outer loop
      vertex -23.607999734580517 -9.698811419308186 2.5
      vertex 23.700000002980232 9 2.5
      vertex -23.676901124417782 -9.352420717477798 2.5
    endloop
  endfacet
  facet normal 0 0 1
    outer loop
      vertex -23.676901124417782 -9.352420717477798 2.5
      vertex 23.676901124417782 9.352420717477798 2.5
      vertex -23.700000002980232 -9 2.5
    endloop
  endfacet
  facet normal 0.5555702344903918 0.8314696113197949 0
    outer loop
      vertex -22.350000001490116 -11.338268592953682 2.5
      vertex -22.643655858933926 -11.14205402135849 16.28
      vertex -22.350000001490116 -11.338268592953682 16.28
    endloop
  endfacet
  facet normal 0.4422886825831848 0.8968727452982562 0
    outer loop
      vertex -22.033245265483856 -11.494474738836288 2.5
      vertex -22.350000001490116 -11.338268592953682 16.28
      vertex -22.033245265483856 -11.494474738836288 16.28
    endloop
  endfacet
  facet normal 0.19509030920907647 0.9807852829507113 0
    outer loop
      vertex -21.3524207174778 -11.676901124417782 2.5
      vertex -21.698811419308186 -11.607999734580517 16.28
      vertex -21.3524207174778 -11.676901124417782 16.28
    endloop
  endfacet
  facet normal 0.06540314155378882 0.997858922430869 0
    outer loop
      vertex -21 -11.700000002980232 2.5
      vertex -21.3524207174778 -11.676901124417782 16.28
      vertex -21 -11.700000002980232 16.28
    endloop
  endfacet
  facet normal 0.321439471274215 0.9469301274682062 0
    outer loop
      vertex -21.698811419308186 -11.607999734580517 2.5
      vertex -22.033245265483856 -11.494474738836288 16.28
      vertex -21.698811419308186 -11.607999734580517 16.28
    endloop
  endfacet
  facet normal 0.6593458242250388 0.7518397994765934 0
    outer loop
      vertex -22.643655858933926 -11.14205402135849 2.5
      vertex -22.90918830782175 -10.90918830782175 16.28
      vertex -22.643655858933926 -11.14205402135849 16.28
    endloop
  endfacet
  facet normal 0.7518397994765934 0.6593458242250388 0
    outer loop
      vertex -22.90918830782175 -10.90918830782175 2.5
      vertex -23.14205402135849 -10.643655858933926 16.28
      vertex -22.90918830782175 -10.90918830782175 16.28
    endloop
  endfacet
  facet normal 0.8314696113197949 0.5555702344903918 0
    outer loop
      vertex -23.14205402135849 -10.643655858933926 2.5
      vertex -23.338268592953682 -10.350000001490116 16.28
      vertex -23.14205402135849 -10.643655858933926 16.28
    endloop
  endfacet
  facet normal 0.8968727452982562 0.4422886825831848 0
    outer loop
      vertex -23.338268592953682 -10.350000001490116 2.5
      vertex -23.49447473883629 -10.033245265483856 16.28
      vertex -23.338268592953682 -10.350000001490116 16.28
    endloop
  endfacet
  facet normal 0.9469301274682062 0.321439471274215 0
    outer loop
      vertex -23.49447473883629 -10.033245265483856 2.5
      vertex -23.607999734580517 -9.698811419308186 16.28
      vertex -23.49447473883629 -10.033245265483856 16.28
    endloop
  endfacet
  facet normal 0.9807852829507113 0.19509030920907647 0
    outer loop
      vertex -23.607999734580517 -9.698811419308186 2.5
      vertex -23.676901124417782 -9.352420717477798 16.28
      vertex -23.607999734580517 -9.698811419308186 16.28
    endloop
  endfacet
  facet normal 1 0 0
    outer loop
      vertex -23.700000002980232 -9 2.5
      vertex -23.700000002980232 -6.931851642472401 9.912361912727357
      vertex -23.700000002980232 -9 16.28
    endloop
  endfacet
  facet normal 0.997858922430869 0.06540314155378882 0
    outer loop
      vertex -23.676901124417782 -9.352420717477798 2.5
      vertex -23.700000002980232 -9 16.28
      vertex -23.676901124417782 -9.352420717477798 16.28
    endloop
  endfacet
  facet normal 1 0 0
    outer loop
      vertex -23.700000002980232 -6.982889706534996 10.16894761502743
      vertex -23.700000002980232 -6.999999987227573 10.430000000000001
      vertex -23.700000002980232 -9 16.28
    endloop
  endfacet
  facet normal 1 0 0
    outer loop
      vertex -23.700000002980232 -6.931851642472401 9.912361912727357
      vertex -23.700000002980232 -6.982889706534996 10.16894761502743
      vertex -23.700000002980232 -9 16.28
    endloop
  endfacet
  facet normal 1 0 0
    outer loop
      vertex -23.700000002980232 -6.999999987227573 10.430000000000001
      vertex -23.700000002980232 -6.999999987227573 13.930000000000001
      vertex -23.700000002980232 -9 16.28
    endloop
  endfacet
  facet normal 1 0 0
    outer loop
      vertex -23.700000002980232 -9 16.28
      vertex -23.700000002980232 -6.999999987227573 13.930000000000001
      vertex -23.700000002980232 -6.982889706534996 14.191052384972574
    endloop
  endfacet
  facet normal 1 0 0
    outer loop
      vertex -23.700000002980232 -9 16.28
      vertex -23.700000002980232 -6.982889706534996 14.191052384972574
      vertex -23.700000002980232 -6.931851642472401 14.447638087272646
    endloop
  endfacet
  facet normal 1 0 0
    outer loop
      vertex -23.700000002980232 -9 16.28
      vertex -23.700000002980232 -6.931851642472401 14.447638087272646
      vertex -23.700000002980232 -6.847759055239811 14.69536686718464
    endloop
  endfacet
  facet normal 1 0 0
    outer loop
      vertex -23.700000002980232 -9 16.28
      vertex -23.700000002980232 -6.847759055239811 14.69536686718464
      vertex -23.700000002980232 -6.732050793511524 14.930000000000001
    endloop
  endfacet
  facet normal 1 0 0
    outer loop
      vertex -23.700000002980232 -9 16.28
      vertex -23.700000002980232 -6.732050793511524 14.930000000000001
      vertex -23.700000002980232 -6.5867066702672386 15.147522859573366
    endloop
  endfacet
  facet normal 0 0 -1
    outer loop
      vertex -23.676901124417782 -9.352420717477798 16.28
      vertex -23.700000002980232 -9 16.28
      vertex -14.5 -5.800000000000001 16.28
    endloop
  endfacet
  facet normal 0 0 -1
    outer loop
      vertex -23.607999734580517 -9.698811419308186 16.28
      vertex -23.676901124417782 -9.352420717477798 16.28
      vertex -12.5 -5.800000000000001 16.28
    endloop
  endfacet
  facet normal 0 0 -1
    outer loop
      vertex -23.49447473883629 -10.033245265483856 16.28
      vertex -23.607999734580517 -9.698811419308186 16.28
      vertex -7.3915785774588585 -9.474334582686424 16.28
    endloop
  endfacet
  facet normal 0 0 -1
    outer loop
      vertex -23.607999734580517 -9.698811419308186 16.28
      vertex -8.5 -9.098076209425926 16.28
      vertex -8.148050300776958 -9.271638594567776 16.28
    endloop
  endfacet
  facet normal 0 0 -1
    outer loop
      vertex -23.607999734580517 -9.698811419308186 16.28
      vertex -8.148050300776958 -9.271638594567776 16.28
      vertex -7.776457138359547 -9.39777747541666 16.28
    endloop
  endfacet
  facet normal 0 0 -1
    outer loop
      vertex -23.607999734580517 -9.698811419308186 16.28
      vertex -12.5 -5.800000000000001 16.28
      vertex -9.380060024559498 -8.326284289360046 16.28
    endloop
  endfacet
  facet normal 0 0 -1
    outer loop
      vertex -23.607999734580517 -9.698811419308186 16.28
      vertex -9.121320344507694 -8.621320344507694 16.28
      vertex -8.826284289360046 -8.880060024559498 16.28
    endloop
  endfacet
  facet normal 0 0 -1
    outer loop
      vertex -23.607999734580517 -9.698811419308186 16.28
      vertex -9.380060024559498 -8.326284289360046 16.28
      vertex -9.121320344507694 -8.621320344507694 16.28
    endloop
  endfacet
  facet normal 0 0 -1
    outer loop
      vertex -23.607999734580517 -9.698811419308186 16.28
      vertex -8.826284289360046 -8.880060024559498 16.28
      vertex -8.5 -9.098076209425926 16.28
    endloop
  endfacet
  facet normal 1 0 0
    outer loop
      vertex -23.700000002980232 -9 16.28
      vertex -23.700000002980232 -6.5867066702672386 15.147522859573366
      vertex -23.700000002980232 -6.414213547749176 15.344213560521604
    endloop
  endfacet
  facet normal 1 0 0
    outer loop
      vertex -23.700000002980232 -9 16.28
      vertex -23.700000002980232 -6.414213547749176 15.344213560521604
      vertex -23.700000002980232 -6.217522846800938 15.516706683039667
    endloop
  endfacet
  facet normal 1 0 0
    outer loop
      vertex -23.700000002980232 -9 16.28
      vertex -23.700000002980232 -6.217522846800938 15.516706683039667
      vertex -23.700000002980232 -5.999999987227573 15.662050806283952
    endloop
  endfacet
  facet normal 1 0 0
    outer loop
      vertex -23.700000002980232 -9 16.28
      vertex -23.700000002980232 -5.999999987227573 15.662050806283952
      vertex -23.700000002980232 -5.765366854412212 15.777759068012239
    endloop
  endfacet
  facet normal 1 0 0
    outer loop
      vertex -23.700000002980232 -9 16.28
      vertex -23.700000002980232 -5.765366854412212 15.777759068012239
      vertex -23.700000002980232 -5.517638074500217 15.861851655244829
    endloop
  endfacet
  facet normal 1 0 0
    outer loop
      vertex -23.700000002980232 -9 16.28
      vertex -23.700000002980232 -5.517638074500217 15.861851655244829
      vertex -23.700000002980232 -5.261052372200146 15.912889719307424
    endloop
  endfacet
  facet normal 1 0 0
    outer loop
      vertex -23.700000002980232 -9 16.28
      vertex -23.700000002980232 -5.261052372200146 15.912889719307424
      vertex -23.700000002980232 -4.999999987227573 15.930000000000001
    endloop
  endfacet
  facet normal 1 0 0
    outer loop
      vertex -23.700000002980232 -9 16.28
      vertex -23.700000002980232 -4.999999987227573 15.930000000000001
      vertex -23.700000002980232 4.999999987227573 15.930000000000001
    endloop
  endfacet
  facet normal 0 0 -1
    outer loop
      vertex -23.676901124417782 -9.352420717477798 16.28
      vertex -14.5 -5.800000000000001 16.28
      vertex -12.5 -5.800000000000001 16.28
    endloop
  endfacet
  facet normal 0 0 -1
    outer loop
      vertex -23.700000002980232 -9 16.28
      vertex -14.5 5.800000000000001 16.28
      vertex -14.5 -5.800000000000001 16.28
    endloop
  endfacet
  facet normal 0 0 -1
    outer loop
      vertex -21 -11.700000002980232 16.28
      vertex -21.3524207174778 -11.676901124417782 16.28
      vertex 22.033245265483856 -11.494474738836288 16.28
    endloop
  endfacet
  facet normal 0 0 -1
    outer loop
      vertex -21.698811419308186 -11.607999734580517 16.28
      vertex 22.350000001490116 -11.338268592953682 16.28
      vertex -21.3524207174778 -11.676901124417782 16.28
    endloop
  endfacet
  facet normal 0 0 -1
    outer loop
      vertex -22.033245265483856 -11.494474738836288 16.28
      vertex 22.643655858933926 -11.14205402135849 16.28
      vertex -21.698811419308186 -11.607999734580517 16.28
    endloop
  endfacet
  facet normal 0 0 -1
    outer loop
      vertex -22.350000001490116 -11.338268592953682 16.28
      vertex 22.90918830782175 -10.90918830782175 16.28
      vertex -22.033245265483856 -11.494474738836288 16.28
    endloop
  endfacet
  facet normal 0 0 -1
    outer loop
      vertex -23.607999734580517 -9.698811419308186 16.28
      vertex -7.776457138359547 -9.39777747541666 16.28
      vertex -7.3915785774588585 -9.474334582686424 16.28
    endloop
  endfacet
  facet normal 0 0 -1
    outer loop
      vertex -23.49447473883629 -10.033245265483856 16.28
      vertex -7.3915785774588585 -9.474334582686424 16.28
      vertex -7 -9.5 16.28
    endloop
  endfacet
  facet normal 0 0 -1
    outer loop
      vertex -23.338268592953682 -10.350000001490116 16.28
      vertex -23.49447473883629 -10.033245265483856 16.28
      vertex 18.5 -9.5 16.28
    endloop
  endfacet
  facet normal 0 0 -1
    outer loop
      vertex -22.90918830782175 -10.90918830782175 16.28
      vertex 23.338268592953682 -10.350000001490116 16.28
      vertex -22.643655858933926 -11.14205402135849 16.28
    endloop
  endfacet
  facet normal 0 0 -1
    outer loop
      vertex -22.90918830782175 -10.90918830782175 16.28
      vertex -23.14205402135849 -10.643655858933926 16.28
      vertex 23.49447473883629 -10.033245265483856 16.28
    endloop
  endfacet
  facet normal 0 0 -1
    outer loop
      vertex -23.14205402135849 -10.643655858933926 16.28
      vertex -23.338268592953682 -10.350000001490116 16.28
      vertex 23.607999734580517 -9.698811419308186 16.28
    endloop
  endfacet
  facet normal 0 0 -1
    outer loop
      vertex -22.350000001490116 -11.338268592953682 16.28
      vertex -22.643655858933926 -11.14205402135849 16.28
      vertex 23.14205402135849 -10.643655858933926 16.28
    endloop
  endfacet
  facet normal 0 0 -1
    outer loop
      vertex -23.49447473883629 -10.033245265483856 16.28
      vertex -7 -9.5 16.28
      vertex 18.5 -9.5 16.28
    endloop
  endfacet
  facet normal 0 0 -1
    outer loop
      vertex -12.5 -5.800000000000001 16.28
      vertex -9.771638594567776 -7.6480503007769585 16.28
      vertex -9.598076209425926 -8 16.28
    endloop
  endfacet
  facet normal 0 0 -1
    outer loop
      vertex -12.5 -5.800000000000001 16.28
      vertex -9.89777747541666 -7.276457138359547 16.28
      vertex -9.771638594567776 -7.6480503007769585 16.28
    endloop
  endfacet
  facet normal 0 0 -1
    outer loop
      vertex -12.5 -5.800000000000001 16.28
      vertex -9.974334582686424 -6.8915785774588585 16.28
      vertex -9.89777747541666 -7.276457138359547 16.28
    endloop
  endfacet
  facet normal 0 0 -1
    outer loop
      vertex -12.5 -5.800000000000001 16.28
      vertex -9.598076209425926 -8 16.28
      vertex -9.380060024559498 -8.326284289360046 16.28
    endloop
  endfacet
  facet normal 0 0 -1
    outer loop
      vertex -12.5 -5.800000000000001 16.28
      vertex -10 -6.5 16.28
      vertex -9.974334582686424 -6.8915785774588585 16.28
    endloop
  endfacet
  facet normal 0 0 -1
    outer loop
      vertex -12.5 -5.800000000000001 16.28
      vertex -12.5 5.800000000000001 16.28
      vertex -10 -6.5 16.28
    endloop
  endfacet
  facet normal 1 0 0
    outer loop
      vertex -23.700000002980232 -4.999999987227573 8.430000000000001
      vertex -23.700000002980232 9 2.5
      vertex -23.700000002980232 4.999999987227573 8.430000000000001
    endloop
  endfacet
  facet normal 1 0 0
    outer loop
      vertex -23.700000002980232 9 2.5
      vertex -23.700000002980232 5.261052372200146 8.447110280692579
      vertex -23.700000002980232 4.999999987227573 8.430000000000001
    endloop
  endfacet
  facet normal 1 0 0
    outer loop
      vertex -23.700000002980232 9 2.5
      vertex -23.700000002980232 5.517638074500217 8.498148344755174
      vertex -23.700000002980232 5.261052372200146 8.447110280692579
    endloop
  endfacet
  facet normal 1 0 0
    outer loop
      vertex -23.700000002980232 9 2.5
      vertex -23.700000002980232 5.765366854412212 8.582240931987764
      vertex -23.700000002980232 5.517638074500217 8.498148344755174
    endloop
  endfacet
  facet normal 1 0 0
    outer loop
      vertex -23.700000002980232 9 2.5
      vertex -23.700000002980232 5.999999987227573 8.69794919371605
      vertex -23.700000002980232 5.765366854412212 8.582240931987764
    endloop
  endfacet
  facet normal 1 0 0
    outer loop
      vertex -23.700000002980232 9 2.5
      vertex -23.700000002980232 6.217522846800938 8.843293316960336
      vertex -23.700000002980232 5.999999987227573 8.69794919371605
    endloop
  endfacet
  facet normal 1 0 0
    outer loop
      vertex -23.700000002980232 9 2.5
      vertex -23.700000002980232 6.414213547749176 9.015786439478399
      vertex -23.700000002980232 6.217522846800938 8.843293316960336
    endloop
  endfacet
  facet normal 1 0 0
    outer loop
      vertex -23.700000002980232 9 2.5
      vertex -23.700000002980232 6.5867066702672386 9.212477140426637
      vertex -23.700000002980232 6.414213547749176 9.015786439478399
    endloop
  endfacet
  facet normal 0 0 1
    outer loop
      vertex -21.698811419308186 11.607999734580517 2.5
      vertex -21 11.700000002980232 2.5
      vertex -21.3524207174778 11.676901124417782 2.5
    endloop
  endfacet
  facet normal 1 0 0
    outer loop
      vertex -23.700000002980232 9 2.5
      vertex -23.700000002980232 6.732050793511524 9.430000000000001
      vertex -23.700000002980232 6.5867066702672386 9.212477140426637
    endloop
  endfacet
  facet normal 1 0 0
    outer loop
      vertex -23.700000002980232 9 2.5
      vertex -23.700000002980232 6.847759055239811 9.664633132815363
      vertex -23.700000002980232 6.732050793511524 9.430000000000001
    endloop
  endfacet
  facet normal 1 0 0
    outer loop
      vertex -23.700000002980232 9 2.5
      vertex -23.700000002980232 6.931851642472401 9.912361912727357
      vertex -23.700000002980232 6.847759055239811 9.664633132815363
    endloop
  endfacet
  facet normal 1 0 0
    outer loop
      vertex -23.700000002980232 9 2.5
      vertex -23.700000002980232 6.982889706534996 10.16894761502743
      vertex -23.700000002980232 6.931851642472401 9.912361912727357
    endloop
  endfacet
  facet normal 1 0 0
    outer loop
      vertex -23.700000002980232 9 2.5
      vertex -23.700000002980232 6.999999987227573 10.430000000000001
      vertex -23.700000002980232 6.982889706534996 10.16894761502743
    endloop
  endfacet
  facet normal 0.997858922430869 -0.06540314155378882 0
    outer loop
      vertex -23.700000002980232 9 2.5
      vertex -23.676901124417782 9.352420717477798 2.5
      vertex -23.676901124417782 9.352420717477798 16.28
    endloop
  endfacet
  facet normal 0.9807852829507113 -0.19509030920907647 0
    outer loop
      vertex -23.676901124417782 9.352420717477798 2.5
      vertex -23.607999734580517 9.698811419308186 2.5
      vertex -23.607999734580517 9.698811419308186 16.28
    endloop
  endfacet
  facet normal 0.9469301274682062 -0.321439471274215 0
    outer loop
      vertex -23.607999734580517 9.698811419308186 2.5
      vertex -23.49447473883629 10.033245265483856 2.5
      vertex -23.49447473883629 10.033245265483856 16.28
    endloop
  endfacet
  facet normal 0.8968727452982562 -0.4422886825831848 0
    outer loop
      vertex -23.49447473883629 10.033245265483856 2.5
      vertex -23.338268592953682 10.350000001490116 2.5
      vertex -23.338268592953682 10.350000001490116 16.28
    endloop
  endfacet
  facet normal 0.8314696113197949 -0.5555702344903918 0
    outer loop
      vertex -23.338268592953682 10.350000001490116 2.5
      vertex -23.14205402135849 10.643655858933926 2.5
      vertex -23.14205402135849 10.643655858933926 16.28
    endloop
  endfacet
  facet normal 0.7518397994765934 -0.6593458242250388 0
    outer loop
      vertex -23.14205402135849 10.643655858933926 2.5
      vertex -22.90918830782175 10.90918830782175 2.5
      vertex -22.90918830782175 10.90918830782175 16.28
    endloop
  endfacet
  facet normal 0.6593458242250388 -0.7518397994765934 0
    outer loop
      vertex -22.90918830782175 10.90918830782175 2.5
      vertex -22.643655858933926 11.14205402135849 2.5
      vertex -22.643655858933926 11.14205402135849 16.28
    endloop
  endfacet
  facet normal 0.5555702344903918 -0.8314696113197949 0
    outer loop
      vertex -22.643655858933926 11.14205402135849 2.5
      vertex -22.350000001490116 11.338268592953682 2.5
      vertex -22.350000001490116 11.338268592953682 16.28
    endloop
  endfacet
  facet normal 0.4422886825831848 -0.8968727452982562 0
    outer loop
      vertex -22.350000001490116 11.338268592953682 2.5
      vertex -22.033245265483856 11.494474738836288 2.5
      vertex -22.033245265483856 11.494474738836288 16.28
    endloop
  endfacet
  facet normal 0.321439471274215 -0.9469301274682062 0
    outer loop
      vertex -22.033245265483856 11.494474738836288 2.5
      vertex -21.698811419308186 11.607999734580517 2.5
      vertex -21.698811419308186 11.607999734580517 16.28
    endloop
  endfacet
  facet normal 0.19509030920907647 -0.9807852829507113 0
    outer loop
      vertex -21.698811419308186 11.607999734580517 2.5
      vertex -21.3524207174778 11.676901124417782 2.5
      vertex -21.3524207174778 11.676901124417782 16.28
    endloop
  endfacet
  facet normal 0.06540314155378882 -0.997858922430869 0
    outer loop
      vertex -21.3524207174778 11.676901124417782 2.5
      vertex -21 11.700000002980232 2.5
      vertex -21 11.700000002980232 16.28
    endloop
  endfacet
  facet normal 0 0 1
    outer loop
      vertex -23.700000002980232 -9 2.5
      vertex 23.607999734580517 9.698811419308186 2.5
      vertex -23.700000002980232 9 2.5
    endloop
  endfacet
  facet normal 0 0 1
    outer loop
      vertex -23.700000002980232 9 2.5
      vertex 23.49447473883629 10.033245265483856 2.5
      vertex -23.676901124417782 9.352420717477798 2.5
    endloop
  endfacet
  facet normal 0 0 1
    outer loop
      vertex -23.676901124417782 9.352420717477798 2.5
      vertex 23.338268592953682 10.350000001490116 2.5
      vertex -23.607999734580517 9.698811419308186 2.5
    endloop
  endfacet
  facet normal 0 0 1
    outer loop
      vertex -23.607999734580517 9.698811419308186 2.5
      vertex 23.14205402135849 10.643655858933926 2.5
      vertex -23.49447473883629 10.033245265483856 2.5
    endloop
  endfacet
  facet normal 0 0 1
    outer loop
      vertex -23.49447473883629 10.033245265483856 2.5
      vertex 22.90918830782175 10.90918830782175 2.5
      vertex -23.338268592953682 10.350000001490116 2.5
    endloop
  endfacet
  facet normal 0 0 1
    outer loop
      vertex -23.338268592953682 10.350000001490116 2.5
      vertex 22.643655858933926 11.14205402135849 2.5
      vertex -23.14205402135849 10.643655858933926 2.5
    endloop
  endfacet
  facet normal 0 0 1
    outer loop
      vertex -23.14205402135849 10.643655858933926 2.5
      vertex 22.350000001490116 11.338268592953682 2.5
      vertex -22.90918830782175 10.90918830782175 2.5
    endloop
  endfacet
  facet normal 0 0 1
    outer loop
      vertex -22.90918830782175 10.90918830782175 2.5
      vertex 22.033245265483856 11.494474738836288 2.5
      vertex -22.643655858933926 11.14205402135849 2.5
    endloop
  endfacet
  facet normal 0 0 1
    outer loop
      vertex -22.643655858933926 11.14205402135849 2.5
      vertex 21.698811419308186 11.607999734580517 2.5
      vertex -22.350000001490116 11.338268592953682 2.5
    endloop
  endfacet
  facet normal 0 0 1
    outer loop
      vertex -22.350000001490116 11.338268592953682 2.5
      vertex 21.3524207174778 11.676901124417782 2.5
      vertex -22.033245265483856 11.494474738836288 2.5
    endloop
  endfacet
  facet normal 0 0 1
    outer loop
      vertex -22.033245265483856 11.494474738836288 2.5
      vertex 21 11.700000002980232 2.5
      vertex -21.698811419308186 11.607999734580517 2.5
    endloop
  endfacet
  facet normal 0 0 1
    outer loop
      vertex -21.698811419308186 11.607999734580517 2.5
      vertex 21 11.700000002980232 2.5
      vertex -21 11.700000002980232 2.5
    endloop
  endfacet
  facet normal 1 0 0
    outer loop
      vertex -23.700000002980232 -9 16.28
      vertex -23.700000002980232 4.999999987227573 15.930000000000001
      vertex -23.700000002980232 9 16.28
    endloop
  endfacet
  facet normal 0 0 -1
    outer loop
      vertex -23.700000002980232 -9 16.28
      vertex -23.700000002980232 9 16.28
      vertex -14.5 5.800000000000001 16.28
    endloop
  endfacet
  facet normal 1 0 0
    outer loop
      vertex -23.700000002980232 4.999999987227573 15.930000000000001
      vertex -23.700000002980232 5.261052372200146 15.912889719307424
      vertex -23.700000002980232 9 16.28
    endloop
  endfacet
  facet normal 1 0 0
    outer loop
      vertex -23.700000002980232 5.999999987227573 15.662050806283952
      vertex -23.700000002980232 6.217522846800938 15.516706683039667
      vertex -23.700000002980232 9 16.28
    endloop
  endfacet
  facet normal 1 0 0
    outer loop
      vertex -23.700000002980232 6.414213547749176 15.344213560521604
      vertex -23.700000002980232 6.5867066702672386 15.147522859573366
      vertex -23.700000002980232 9 16.28
    endloop
  endfacet
  facet normal 1 0 0
    outer loop
      vertex -23.700000002980232 6.217522846800938 15.516706683039667
      vertex -23.700000002980232 6.414213547749176 15.344213560521604
      vertex -23.700000002980232 9 16.28
    endloop
  endfacet
  facet normal 1 0 0
    outer loop
      vertex -23.700000002980232 5.261052372200146 15.912889719307424
      vertex -23.700000002980232 5.517638074500217 15.861851655244829
      vertex -23.700000002980232 9 16.28
    endloop
  endfacet
  facet normal 1 0 0
    outer loop
      vertex -23.700000002980232 5.517638074500217 15.861851655244829
      vertex -23.700000002980232 5.765366854412212 15.777759068012239
      vertex -23.700000002980232 9 16.28
    endloop
  endfacet
  facet normal 1 0 0
    outer loop
      vertex -23.700000002980232 5.765366854412212 15.777759068012239
      vertex -23.700000002980232 5.999999987227573 15.662050806283952
      vertex -23.700000002980232 9 16.28
    endloop
  endfacet
  facet normal 1 0 0
    outer loop
      vertex -23.700000002980232 9 2.5
      vertex -23.700000002980232 9 16.28
      vertex -23.700000002980232 6.999999987227573 10.430000000000001
    endloop
  endfacet
  facet normal 0.997858922430869 -0.06540314155378882 0
    outer loop
      vertex -23.700000002980232 9 2.5
      vertex -23.676901124417782 9.352420717477798 16.28
      vertex -23.700000002980232 9 16.28
    endloop
  endfacet
  facet normal 0.9807852829507113 -0.19509030920907647 0
    outer loop
      vertex -23.676901124417782 9.352420717477798 2.5
      vertex -23.607999734580517 9.698811419308186 16.28
      vertex -23.676901124417782 9.352420717477798 16.28
    endloop
  endfacet
  facet normal 0.9469301274682062 -0.321439471274215 0
    outer loop
      vertex -23.607999734580517 9.698811419308186 2.5
      vertex -23.49447473883629 10.033245265483856 16.28
      vertex -23.607999734580517 9.698811419308186 16.28
    endloop
  endfacet
  facet normal 0.8968727452982562 -0.4422886825831848 0
    outer loop
      vertex -23.49447473883629 10.033245265483856 2.5
      vertex -23.338268592953682 10.350000001490116 16.28
      vertex -23.49447473883629 10.033245265483856 16.28
    endloop
  endfacet
  facet normal 0.8314696113197949 -0.5555702344903918 0
    outer loop
      vertex -23.338268592953682 10.350000001490116 2.5
      vertex -23.14205402135849 10.643655858933926 16.28
      vertex -23.338268592953682 10.350000001490116 16.28
    endloop
  endfacet
  facet normal 0.7518397994765934 -0.6593458242250388 0
    outer loop
      vertex -23.14205402135849 10.643655858933926 2.5
      vertex -22.90918830782175 10.90918830782175 16.28
      vertex -23.14205402135849 10.643655858933926 16.28
    endloop
  endfacet
  facet normal 0.6593458242250388 -0.7518397994765934 0
    outer loop
      vertex -22.90918830782175 10.90918830782175 2.5
      vertex -22.643655858933926 11.14205402135849 16.28
      vertex -22.90918830782175 10.90918830782175 16.28
    endloop
  endfacet
  facet normal 1 0 0
    outer loop
      vertex -23.700000002980232 6.999999987227573 10.430000000000001
      vertex -23.700000002980232 9 16.28
      vertex -23.700000002980232 6.999999987227573 13.930000000000001
    endloop
  endfacet
  facet normal 0.5555702344903918 -0.8314696113197949 0
    outer loop
      vertex -22.643655858933926 11.14205402135849 2.5
      vertex -22.350000001490116 11.338268592953682 16.28
      vertex -22.643655858933926 11.14205402135849 16.28
    endloop
  endfacet
  facet normal 0.4422886825831848 -0.8968727452982562 0
    outer loop
      vertex -22.350000001490116 11.338268592953682 2.5
      vertex -22.033245265483856 11.494474738836288 16.28
      vertex -22.350000001490116 11.338268592953682 16.28
    endloop
  endfacet
  facet normal 0.321439471274215 -0.9469301274682062 0
    outer loop
      vertex -22.033245265483856 11.494474738836288 2.5
      vertex -21.698811419308186 11.607999734580517 16.28
      vertex -22.033245265483856 11.494474738836288 16.28
    endloop
  endfacet
  facet normal 0.19509030920907647 -0.9807852829507113 0
    outer loop
      vertex -21.698811419308186 11.607999734580517 2.5
      vertex -21.3524207174778 11.676901124417782 16.28
      vertex -21.698811419308186 11.607999734580517 16.28
    endloop
  endfacet
  facet normal 0.06540314155378882 -0.997858922430869 0
    outer loop
      vertex -21.3524207174778 11.676901124417782 2.5
      vertex -21 11.700000002980232 16.28
      vertex -21.3524207174778 11.676901124417782 16.28
    endloop
  endfacet
  facet normal 1 0 0
    outer loop
      vertex -23.700000002980232 6.999999987227573 13.930000000000001
      vertex -23.700000002980232 9 16.28
      vertex -23.700000002980232 6.982889706534996 14.191052384972574
    endloop
  endfacet
  facet normal 1 0 0
    outer loop
      vertex -23.700000002980232 6.982889706534996 14.191052384972574
      vertex -23.700000002980232 9 16.28
      vertex -23.700000002980232 6.931851642472401 14.447638087272646
    endloop
  endfacet
  facet normal 1 0 0
    outer loop
      vertex -23.700000002980232 6.847759055239811 14.69536686718464
      vertex -23.700000002980232 6.931851642472401 14.447638087272646
      vertex -23.700000002980232 9 16.28
    endloop
  endfacet
  facet normal 1 0 0
    outer loop
      vertex -23.700000002980232 6.847759055239811 14.69536686718464
      vertex -23.700000002980232 9 16.28
      vertex -23.700000002980232 6.732050793511524 14.930000000000001
    endloop
  endfacet
  facet normal 1 0 0
    outer loop
      vertex -23.700000002980232 6.5867066702672386 15.147522859573366
      vertex -23.700000002980232 6.732050793511524 14.930000000000001
      vertex -23.700000002980232 9 16.28
    endloop
  endfacet
  facet normal 0 0 -1
    outer loop
      vertex -21.698811419308186 11.607999734580517 16.28
      vertex -21.3524207174778 11.676901124417782 16.28
      vertex -21 11.700000002980232 16.28
    endloop
  endfacet
  facet normal 0 0 -1
    outer loop
      vertex -23.700000002980232 9 16.28
      vertex -23.676901124417782 9.352420717477798 16.28
      vertex -8.148050300776958 9.271638594567776 16.28
    endloop
  endfacet
  facet normal 0 0 -1
    outer loop
      vertex -14.5 5.800000000000001 16.28
      vertex -23.700000002980232 9 16.28
      vertex -8.5 9.098076209425926 16.28
    endloop
  endfacet
  facet normal 0 0 -1
    outer loop
      vertex -23.700000002980232 9 16.28
      vertex -8.148050300776958 9.271638594567776 16.28
      vertex -8.5 9.098076209425926 16.28
    endloop
  endfacet
  facet normal 0 0 -1
    outer loop
      vertex -23.676901124417782 9.352420717477798 16.28
      vertex -7.776457138359547 9.39777747541666 16.28
      vertex -8.148050300776958 9.271638594567776 16.28
    endloop
  endfacet
  facet normal 0 0 -1
    outer loop
      vertex -10 -6.5 16.28
      vertex -12.5 5.800000000000001 16.28
      vertex -10 6.5 16.28
    endloop
  endfacet
  facet normal 0 0 -1
    outer loop
      vertex -14.5 5.800000000000001 16.28
      vertex -9.771638594567776 7.6480503007769585 16.28
      vertex -12.5 5.800000000000001 16.28
    endloop
  endfacet
  facet normal 0 0 -1
    outer loop
      vertex -12.5 5.800000000000001 16.28
      vertex -9.974334582686424 6.8915785774588585 16.28
      vertex -10 6.5 16.28
    endloop
  endfacet
  facet normal 0 0 -1
    outer loop
      vertex -12.5 5.800000000000001 16.28
      vertex -9.89777747541666 7.276457138359547 16.28
      vertex -9.974334582686424 6.8915785774588585 16.28
    endloop
  endfacet
  facet normal 0 0 -1
    outer loop
      vertex -12.5 5.800000000000001 16.28
      vertex -9.771638594567776 7.6480503007769585 16.28
      vertex -9.89777747541666 7.276457138359547 16.28
    endloop
  endfacet
  facet normal 0 0 -1
    outer loop
      vertex -14.5 5.800000000000001 16.28
      vertex -9.598076209425926 8 16.28
      vertex -9.771638594567776 7.6480503007769585 16.28
    endloop
  endfacet
  facet normal 0 0 -1
    outer loop
      vertex -14.5 5.800000000000001 16.28
      vertex -9.380060024559498 8.326284289360046 16.28
      vertex -9.598076209425926 8 16.28
    endloop
  endfacet
  facet normal 0 -1 0
    outer loop
      vertex -21 11.700000002980232 2.5
      vertex 21 11.700000002980232 16.28
      vertex -21 11.700000002980232 16.28
    endloop
  endfacet
  facet normal 0 0 -1
    outer loop
      vertex -14.5 5.800000000000001 16.28
      vertex -9.121320344507694 8.621320344507694 16.28
      vertex -9.380060024559498 8.326284289360046 16.28
    endloop
  endfacet
  facet normal 0 0 -1
    outer loop
      vertex -14.5 5.800000000000001 16.28
      vertex -8.826284289360046 8.880060024559498 16.28
      vertex -9.121320344507694 8.621320344507694 16.28
    endloop
  endfacet
  facet normal 0 0 -1
    outer loop
      vertex -14.5 5.800000000000001 16.28
      vertex -8.5 9.098076209425926 16.28
      vertex -8.826284289360046 8.880060024559498 16.28
    endloop
  endfacet
  facet normal 0 0 -1
    outer loop
      vertex -23.676901124417782 9.352420717477798 16.28
      vertex -7.3915785774588585 9.474334582686424 16.28
      vertex -7.776457138359547 9.39777747541666 16.28
    endloop
  endfacet
  facet normal 0 0 -1
    outer loop
      vertex -23.676901124417782 9.352420717477798 16.28
      vertex -7 9.5 16.28
      vertex -7.3915785774588585 9.474334582686424 16.28
    endloop
  endfacet
  facet normal 0 0 -1
    outer loop
      vertex -23.676901124417782 9.352420717477798 16.28
      vertex -23.607999734580517 9.698811419308186 16.28
      vertex 23.338268592953682 10.350000001490116 16.28
    endloop
  endfacet
  facet normal 0 0 -1
    outer loop
      vertex -23.607999734580517 9.698811419308186 16.28
      vertex -23.49447473883629 10.033245265483856 16.28
      vertex 23.14205402135849 10.643655858933926 16.28
    endloop
  endfacet
  facet normal 0 0 -1
    outer loop
      vertex -23.49447473883629 10.033245265483856 16.28
      vertex -23.338268592953682 10.350000001490116 16.28
      vertex 22.90918830782175 10.90918830782175 16.28
    endloop
  endfacet
  facet normal 0 0 -1
    outer loop
      vertex -23.338268592953682 10.350000001490116 16.28
      vertex -23.14205402135849 10.643655858933926 16.28
      vertex 22.643655858933926 11.14205402135849 16.28
    endloop
  endfacet
  facet normal 0 0 -1
    outer loop
      vertex -23.14205402135849 10.643655858933926 16.28
      vertex -22.90918830782175 10.90918830782175 16.28
      vertex 22.350000001490116 11.338268592953682 16.28
    endloop
  endfacet
  facet normal 0 0 -1
    outer loop
      vertex -22.90918830782175 10.90918830782175 16.28
      vertex -22.643655858933926 11.14205402135849 16.28
      vertex 22.033245265483856 11.494474738836288 16.28
    endloop
  endfacet
  facet normal 0 0 -1
    outer loop
      vertex -22.643655858933926 11.14205402135849 16.28
      vertex -22.350000001490116 11.338268592953682 16.28
      vertex 21.698811419308186 11.607999734580517 16.28
    endloop
  endfacet
  facet normal 0 0 -1
    outer loop
      vertex -22.350000001490116 11.338268592953682 16.28
      vertex -22.033245265483856 11.494474738836288 16.28
      vertex 21.3524207174778 11.676901124417782 16.28
    endloop
  endfacet
  facet normal 0 0 -1
    outer loop
      vertex -22.033245265483856 11.494474738836288 16.28
      vertex -21.698811419308186 11.607999734580517 16.28
      vertex 21 11.700000002980232 16.28
    endloop
  endfacet
  facet normal 0 0 -1
    outer loop
      vertex -21.698811419308186 11.607999734580517 16.28
      vertex -21 11.700000002980232 16.28
      vertex 21 11.700000002980232 16.28
    endloop
  endfacet
  facet normal 0 0 -1
    outer loop
      vertex -23.676901124417782 9.352420717477798 16.28
      vertex 23.49447473883629 10.033245265483856 16.28
      vertex -7 9.5 16.28
    endloop
  endfacet
  facet normal 0 0 1
    outer loop
      vertex -21 -11.700000002980232 2.5
      vertex 21 -11.700000002980232 2.5
      vertex 21.698811419308186 -11.607999734580517 2.5
    endloop
  endfacet
  facet normal 0 0 1
    outer loop
      vertex -21 -11.700000002980232 2.5
      vertex 21.698811419308186 -11.607999734580517 2.5
      vertex 22.033245265483856 -11.494474738836288 2.5
    endloop
  endfacet
  facet normal 0 0 1
    outer loop
      vertex -21.3524207174778 -11.676901124417782 2.5
      vertex 22.033245265483856 -11.494474738836288 2.5
      vertex 22.350000001490116 -11.338268592953682 2.5
    endloop
  endfacet
  facet normal 0 0 1
    outer loop
      vertex -21.698811419308186 -11.607999734580517 2.5
      vertex 22.350000001490116 -11.338268592953682 2.5
      vertex 22.643655858933926 -11.14205402135849 2.5
    endloop
  endfacet
  facet normal 0 0 1
    outer loop
      vertex -22.033245265483856 -11.494474738836288 2.5
      vertex 22.643655858933926 -11.14205402135849 2.5
      vertex 22.90918830782175 -10.90918830782175 2.5
    endloop
  endfacet
  facet normal 0 0 1
    outer loop
      vertex -22.350000001490116 -11.338268592953682 2.5
      vertex 22.90918830782175 -10.90918830782175 2.5
      vertex 23.14205402135849 -10.643655858933926 2.5
    endloop
  endfacet
  facet normal 0 0 1
    outer loop
      vertex -22.643655858933926 -11.14205402135849 2.5
      vertex 23.14205402135849 -10.643655858933926 2.5
      vertex 23.338268592953682 -10.350000001490116 2.5
    endloop
  endfacet
  facet normal 0 0 1
    outer loop
      vertex -22.90918830782175 -10.90918830782175 2.5
      vertex 23.338268592953682 -10.350000001490116 2.5
      vertex 23.49447473883629 -10.033245265483856 2.5
    endloop
  endfacet
  facet normal 0 0 1
    outer loop
      vertex -23.14205402135849 -10.643655858933926 2.5
      vertex 23.49447473883629 -10.033245265483856 2.5
      vertex 23.607999734580517 -9.698811419308186 2.5
    endloop
  endfacet
  facet normal 0 0 1
    outer loop
      vertex -23.338268592953682 -10.350000001490116 2.5
      vertex 23.607999734580517 -9.698811419308186 2.5
      vertex 23.676901124417782 -9.352420717477798 2.5
    endloop
  endfacet
  facet normal 0 0 1
    outer loop
      vertex -23.49447473883629 -10.033245265483856 2.5
      vertex 23.676901124417782 -9.352420717477798 2.5
      vertex 23.700000002980232 -9 2.5
    endloop
  endfacet
  facet normal 0 0 1
    outer loop
      vertex -23.607999734580517 -9.698811419308186 2.5
      vertex 23.700000002980232 -9 2.5
      vertex 23.700000002980232 9 2.5
    endloop
  endfacet
  facet normal 0 0 1
    outer loop
      vertex 21 -11.700000002980232 2.5
      vertex 21.3524207174778 -11.676901124417782 2.5
      vertex 21.698811419308186 -11.607999734580517 2.5
    endloop
  endfacet
  facet normal -0.06540314155378882 0.997858922430869 0
    outer loop
      vertex 21 -11.700000002980232 2.5
      vertex 21 -11.700000002980232 16.28
      vertex 21.3524207174778 -11.676901124417782 2.5
    endloop
  endfacet
  facet normal -0.19509030920907647 0.9807852829507113 0
    outer loop
      vertex 21.3524207174778 -11.676901124417782 2.5
      vertex 21.3524207174778 -11.676901124417782 16.28
      vertex 21.698811419308186 -11.607999734580517 2.5
    endloop
  endfacet
  facet normal -0.321439471274215 0.9469301274682062 0
    outer loop
      vertex 21.698811419308186 -11.607999734580517 2.5
      vertex 21.698811419308186 -11.607999734580517 16.28
      vertex 22.033245265483856 -11.494474738836288 2.5
    endloop
  endfacet
  facet normal -0.4422886825831848 0.8968727452982562 0
    outer loop
      vertex 22.033245265483856 -11.494474738836288 2.5
      vertex 22.033245265483856 -11.494474738836288 16.28
      vertex 22.350000001490116 -11.338268592953682 2.5
    endloop
  endfacet
  facet normal -0.5555702344903918 0.8314696113197949 0
    outer loop
      vertex 22.350000001490116 -11.338268592953682 2.5
      vertex 22.350000001490116 -11.338268592953682 16.28
      vertex 22.643655858933926 -11.14205402135849 2.5
    endloop
  endfacet
  facet normal -0.6593458242250388 0.7518397994765934 0
    outer loop
      vertex 22.643655858933926 -11.14205402135849 2.5
      vertex 22.643655858933926 -11.14205402135849 16.28
      vertex 22.90918830782175 -10.90918830782175 2.5
    endloop
  endfacet
  facet normal -0.7518397994765934 0.6593458242250388 0
    outer loop
      vertex 22.90918830782175 -10.90918830782175 2.5
      vertex 22.90918830782175 -10.90918830782175 16.28
      vertex 23.14205402135849 -10.643655858933926 2.5
    endloop
  endfacet
  facet normal -0.8314696113197949 0.5555702344903918 0
    outer loop
      vertex 23.14205402135849 -10.643655858933926 2.5
      vertex 23.14205402135849 -10.643655858933926 16.28
      vertex 23.338268592953682 -10.350000001490116 2.5
    endloop
  endfacet
  facet normal -0.8968727452982562 0.4422886825831848 0
    outer loop
      vertex 23.338268592953682 -10.350000001490116 2.5
      vertex 23.338268592953682 -10.350000001490116 16.28
      vertex 23.49447473883629 -10.033245265483856 2.5
    endloop
  endfacet
  facet normal -0.9469301274682062 0.321439471274215 0
    outer loop
      vertex 23.49447473883629 -10.033245265483856 2.5
      vertex 23.49447473883629 -10.033245265483856 16.28
      vertex 23.607999734580517 -9.698811419308186 2.5
    endloop
  endfacet
  facet normal -0.9807852829507113 0.19509030920907647 0
    outer loop
      vertex 23.607999734580517 -9.698811419308186 2.5
      vertex 23.607999734580517 -9.698811419308186 16.28
      vertex 23.676901124417782 -9.352420717477798 2.5
    endloop
  endfacet
  facet normal -0.997858922430869 0.06540314155378882 0
    outer loop
      vertex 23.676901124417782 -9.352420717477798 2.5
      vertex 23.676901124417782 -9.352420717477798 16.28
      vertex 23.700000002980232 -9 2.5
    endloop
  endfacet
  facet normal -1 0 0
    outer loop
      vertex 23.700000002980232 -9 2.5
      vertex 23.700000002980232 -9 16.28
      vertex 23.700000002980232 9 2.5
    endloop
  endfacet
  facet normal 0 1 0
    outer loop
      vertex -21 -11.700000002980232 16.28
      vertex 21 -11.700000002980232 16.28
      vertex 21 -11.700000002980232 2.5
    endloop
  endfacet
  facet normal 0 0 -1
    outer loop
      vertex -23.338268592953682 -10.350000001490116 16.28
      vertex 18.5 -9.5 16.28
      vertex 23.607999734580517 -9.698811419308186 16.28
    endloop
  endfacet
  facet normal 0 0 -1
    outer loop
      vertex -21 -11.700000002980232 16.28
      vertex 21.698811419308186 -11.607999734580517 16.28
      vertex 21 -11.700000002980232 16.28
    endloop
  endfacet
  facet normal 0 0 -1
    outer loop
      vertex -21 -11.700000002980232 16.28
      vertex 22.033245265483856 -11.494474738836288 16.28
      vertex 21.698811419308186 -11.607999734580517 16.28
    endloop
  endfacet
  facet normal 0 0 -1
    outer loop
      vertex -21.3524207174778 -11.676901124417782 16.28
      vertex 22.350000001490116 -11.338268592953682 16.28
      vertex 22.033245265483856 -11.494474738836288 16.28
    endloop
  endfacet
  facet normal 0 0 -1
    outer loop
      vertex -21.698811419308186 -11.607999734580517 16.28
      vertex 22.643655858933926 -11.14205402135849 16.28
      vertex 22.350000001490116 -11.338268592953682 16.28
    endloop
  endfacet
  facet normal 0 0 -1
    outer loop
      vertex -22.033245265483856 -11.494474738836288 16.28
      vertex 22.90918830782175 -10.90918830782175 16.28
      vertex 22.643655858933926 -11.14205402135849 16.28
    endloop
  endfacet
  facet normal 0 0 -1
    outer loop
      vertex -22.350000001490116 -11.338268592953682 16.28
      vertex 23.14205402135849 -10.643655858933926 16.28
      vertex 22.90918830782175 -10.90918830782175 16.28
    endloop
  endfacet
  facet normal 0 0 -1
    outer loop
      vertex -22.643655858933926 -11.14205402135849 16.28
      vertex 23.338268592953682 -10.350000001490116 16.28
      vertex 23.14205402135849 -10.643655858933926 16.28
    endloop
  endfacet
  facet normal 0 0 -1
    outer loop
      vertex -22.90918830782175 -10.90918830782175 16.28
      vertex 23.49447473883629 -10.033245265483856 16.28
      vertex 23.338268592953682 -10.350000001490116 16.28
    endloop
  endfacet
  facet normal 0 0 -1
    outer loop
      vertex -23.14205402135849 -10.643655858933926 16.28
      vertex 23.607999734580517 -9.698811419308186 16.28
      vertex 23.49447473883629 -10.033245265483856 16.28
    endloop
  endfacet
  facet normal -0.06540314155378882 0.997858922430869 0
    outer loop
      vertex 21.3524207174778 -11.676901124417782 2.5
      vertex 21 -11.700000002980232 16.28
      vertex 21.3524207174778 -11.676901124417782 16.28
    endloop
  endfacet
  facet normal -0.19509030920907647 0.9807852829507113 0
    outer loop
      vertex 21.698811419308186 -11.607999734580517 2.5
      vertex 21.3524207174778 -11.676901124417782 16.28
      vertex 21.698811419308186 -11.607999734580517 16.28
    endloop
  endfacet
  facet normal -0.321439471274215 0.9469301274682062 0
    outer loop
      vertex 22.033245265483856 -11.494474738836288 2.5
      vertex 21.698811419308186 -11.607999734580517 16.28
      vertex 22.033245265483856 -11.494474738836288 16.28
    endloop
  endfacet
  facet normal -0.4422886825831848 0.8968727452982562 0
    outer loop
      vertex 22.350000001490116 -11.338268592953682 2.5
      vertex 22.033245265483856 -11.494474738836288 16.28
      vertex 22.350000001490116 -11.338268592953682 16.28
    endloop
  endfacet
  facet normal -0.5555702344903918 0.8314696113197949 0
    outer loop
      vertex 22.643655858933926 -11.14205402135849 2.5
      vertex 22.350000001490116 -11.338268592953682 16.28
      vertex 22.643655858933926 -11.14205402135849 16.28
    endloop
  endfacet
  facet normal -0.6593458242250388 0.7518397994765934 0
    outer loop
      vertex 22.90918830782175 -10.90918830782175 2.5
      vertex 22.643655858933926 -11.14205402135849 16.28
      vertex 22.90918830782175 -10.90918830782175 16.28
    endloop
  endfacet
  facet normal -0.7518397994765934 0.6593458242250388 0
    outer loop
      vertex 23.14205402135849 -10.643655858933926 2.5
      vertex 22.90918830782175 -10.90918830782175 16.28
      vertex 23.14205402135849 -10.643655858933926 16.28
    endloop
  endfacet
  facet normal -0.8314696113197949 0.5555702344903918 0
    outer loop
      vertex 23.338268592953682 -10.350000001490116 2.5
      vertex 23.14205402135849 -10.643655858933926 16.28
      vertex 23.338268592953682 -10.350000001490116 16.28
    endloop
  endfacet
  facet normal -0.8968727452982562 0.4422886825831848 0
    outer loop
      vertex 23.49447473883629 -10.033245265483856 2.5
      vertex 23.338268592953682 -10.350000001490116 16.28
      vertex 23.49447473883629 -10.033245265483856 16.28
    endloop
  endfacet
  facet normal -0.9469301274682062 0.321439471274215 0
    outer loop
      vertex 23.607999734580517 -9.698811419308186 2.5
      vertex 23.49447473883629 -10.033245265483856 16.28
      vertex 23.607999734580517 -9.698811419308186 16.28
    endloop
  endfacet
  facet normal -0.9807852829507113 0.19509030920907647 0
    outer loop
      vertex 23.676901124417782 -9.352420717477798 2.5
      vertex 23.607999734580517 -9.698811419308186 16.28
      vertex 23.676901124417782 -9.352420717477798 16.28
    endloop
  endfacet
  facet normal -0.997858922430869 0.06540314155378882 0
    outer loop
      vertex 23.700000002980232 -9 2.5
      vertex 23.676901124417782 -9.352420717477798 16.28
      vertex 23.700000002980232 -9 16.28
    endloop
  endfacet
  facet normal 0 0 -1
    outer loop
      vertex 21 -11.700000002980232 16.28
      vertex 21.698811419308186 -11.607999734580517 16.28
      vertex 21.3524207174778 -11.676901124417782 16.28
    endloop
  endfacet
  facet normal 0 0 -1
    outer loop
      vertex 23.607999734580517 -9.698811419308186 16.28
      vertex 18.5 -9.5 16.28
      vertex 18.89157857745886 -9.474334582686424 16.28
    endloop
  endfacet
  facet normal 0 0 -1
    outer loop
      vertex 23.607999734580517 -9.698811419308186 16.28
      vertex 18.89157857745886 -9.474334582686424 16.28
      vertex 19.276457138359547 -9.39777747541666 16.28
    endloop
  endfacet
  facet normal 0 0 -1
    outer loop
      vertex 19.276457138359547 -9.39777747541666 16.28
      vertex 19.64805030077696 -9.271638594567776 16.28
      vertex 23.676901124417782 -9.352420717477798 16.28
    endloop
  endfacet
  facet normal 0 0 -1
    outer loop
      vertex 23.607999734580517 -9.698811419308186 16.28
      vertex 19.276457138359547 -9.39777747541666 16.28
      vertex 23.676901124417782 -9.352420717477798 16.28
    endloop
  endfacet
  facet normal 0 0 -1
    outer loop
      vertex 19.64805030077696 -9.271638594567776 16.28
      vertex 20 -9.098076209425926 16.28
      vertex 23.676901124417782 -9.352420717477798 16.28
    endloop
  endfacet
  facet normal 0 0 -1
    outer loop
      vertex 20 -9.098076209425926 16.28
      vertex 20.326284289360046 -8.880060024559498 16.28
      vertex 23.676901124417782 -9.352420717477798 16.28
    endloop
  endfacet
  facet normal 0 0 -1
    outer loop
      vertex 20.326284289360046 -8.880060024559498 16.28
      vertex 20.621320344507694 -8.621320344507694 16.28
      vertex 23.700000002980232 -9 16.28
    endloop
  endfacet
  facet normal 0 0 -1
    outer loop
      vertex 20.621320344507694 -8.621320344507694 16.28
      vertex 20.880060024559498 -8.326284289360046 16.28
      vertex 23.700000002980232 -9 16.28
    endloop
  endfacet
  facet normal 0 0 -1
    outer loop
      vertex 20.326284289360046 -8.880060024559498 16.28
      vertex 23.700000002980232 -9 16.28
      vertex 23.676901124417782 -9.352420717477798 16.28
    endloop
  endfacet
  facet normal 0 0 -1
    outer loop
      vertex 20.880060024559498 -8.326284289360046 16.28
      vertex 21.098076209425926 -8 16.28
      vertex 23.700000002980232 -9 16.28
    endloop
  endfacet
  facet normal 0 0 -1
    outer loop
      vertex 23.700000002980232 -9 16.28
      vertex 21.098076209425926 -8 16.28
      vertex 21.271638594567776 -7.6480503007769585 16.28
    endloop
  endfacet
  facet normal 0 0 -1
    outer loop
      vertex 23.700000002980232 -9 16.28
      vertex 21.271638594567776 -7.6480503007769585 16.28
      vertex 21.39777747541666 -7.276457138359547 16.28
    endloop
  endfacet
  facet normal 0 0 -1
    outer loop
      vertex 23.700000002980232 -9 16.28
      vertex 21.39777747541666 -7.276457138359547 16.28
      vertex 21.474334582686424 -6.8915785774588585 16.28
    endloop
  endfacet
  facet normal 0 0 -1
    outer loop
      vertex 23.700000002980232 -9 16.28
      vertex 21.474334582686424 -6.8915785774588585 16.28
      vertex 21.5 -6.5 16.28
    endloop
  endfacet
  facet normal 0 0 -1
    outer loop
      vertex 23.700000002980232 -9 16.28
      vertex 21.5 -6.5 16.28
      vertex 21.5 6.5 16.28
    endloop
  endfacet
  facet normal 0 0 1
    outer loop
      vertex -23.676901124417782 -9.352420717477798 2.5
      vertex 23.700000002980232 9 2.5
      vertex 23.676901124417782 9.352420717477798 2.5
    endloop
  endfacet
  facet normal 0 0 1
    outer loop
      vertex -23.700000002980232 -9 2.5
      vertex 23.676901124417782 9.352420717477798 2.5
      vertex 23.607999734580517 9.698811419308186 2.5
    endloop
  endfacet
  facet normal 0 0 1
    outer loop
      vertex -23.700000002980232 9 2.5
      vertex 23.607999734580517 9.698811419308186 2.5
      vertex 23.49447473883629 10.033245265483856 2.5
    endloop
  endfacet
  facet normal 0 0 1
    outer loop
      vertex -23.676901124417782 9.352420717477798 2.5
      vertex 23.49447473883629 10.033245265483856 2.5
      vertex 23.338268592953682 10.350000001490116 2.5
    endloop
  endfacet
  facet normal 0 0 1
    outer loop
      vertex -23.14205402135849 10.643655858933926 2.5
      vertex 22.643655858933926 11.14205402135849 2.5
      vertex 22.350000001490116 11.338268592953682 2.5
    endloop
  endfacet
  facet normal 0 0 1
    outer loop
      vertex -23.607999734580517 9.698811419308186 2.5
      vertex 23.338268592953682 10.350000001490116 2.5
      vertex 23.14205402135849 10.643655858933926 2.5
    endloop
  endfacet
  facet normal 0 0 1
    outer loop
      vertex -23.49447473883629 10.033245265483856 2.5
      vertex 23.14205402135849 10.643655858933926 2.5
      vertex 22.90918830782175 10.90918830782175 2.5
    endloop
  endfacet
  facet normal 0 0 1
    outer loop
      vertex -23.338268592953682 10.350000001490116 2.5
      vertex 22.90918830782175 10.90918830782175 2.5
      vertex 22.643655858933926 11.14205402135849 2.5
    endloop
  endfacet
  facet normal 0 0 1
    outer loop
      vertex -22.90918830782175 10.90918830782175 2.5
      vertex 22.350000001490116 11.338268592953682 2.5
      vertex 22.033245265483856 11.494474738836288 2.5
    endloop
  endfacet
  facet normal 0 0 1
    outer loop
      vertex -22.643655858933926 11.14205402135849 2.5
      vertex 22.033245265483856 11.494474738836288 2.5
      vertex 21.698811419308186 11.607999734580517 2.5
    endloop
  endfacet
  facet normal 0 0 1
    outer loop
      vertex -22.350000001490116 11.338268592953682 2.5
      vertex 21.698811419308186 11.607999734580517 2.5
      vertex 21.3524207174778 11.676901124417782 2.5
    endloop
  endfacet
  facet normal 0 0 1
    outer loop
      vertex -22.033245265483856 11.494474738836288 2.5
      vertex 21.3524207174778 11.676901124417782 2.5
      vertex 21 11.700000002980232 2.5
    endloop
  endfacet
  facet normal 0 -1 0
    outer loop
      vertex -21 11.700000002980232 2.5
      vertex 21 11.700000002980232 2.5
      vertex 21 11.700000002980232 16.28
    endloop
  endfacet
  facet normal -0.997858922430869 -0.06540314155378882 0
    outer loop
      vertex 23.700000002980232 9 2.5
      vertex 23.700000002980232 9 16.28
      vertex 23.676901124417782 9.352420717477798 2.5
    endloop
  endfacet
  facet normal -0.8968727452982562 -0.4422886825831848 0
    outer loop
      vertex 23.49447473883629 10.033245265483856 2.5
      vertex 23.49447473883629 10.033245265483856 16.28
      vertex 23.338268592953682 10.350000001490116 2.5
    endloop
  endfacet
  facet normal -0.9807852829507113 -0.19509030920907647 0
    outer loop
      vertex 23.676901124417782 9.352420717477798 2.5
      vertex 23.676901124417782 9.352420717477798 16.28
      vertex 23.607999734580517 9.698811419308186 2.5
    endloop
  endfacet
  facet normal -0.9469301274682062 -0.321439471274215 0
    outer loop
      vertex 23.49447473883629 10.033245265483856 2.5
      vertex 23.607999734580517 9.698811419308186 2.5
      vertex 23.607999734580517 9.698811419308186 16.28
    endloop
  endfacet
  facet normal -0.8314696113197949 -0.5555702344903918 0
    outer loop
      vertex 23.338268592953682 10.350000001490116 2.5
      vertex 23.338268592953682 10.350000001490116 16.28
      vertex 23.14205402135849 10.643655858933926 2.5
    endloop
  endfacet
  facet normal -0.7518397994765934 -0.6593458242250388 0
    outer loop
      vertex 23.14205402135849 10.643655858933926 2.5
      vertex 23.14205402135849 10.643655858933926 16.28
      vertex 22.90918830782175 10.90918830782175 2.5
    endloop
  endfacet
  facet normal -0.6593458242250388 -0.7518397994765934 0
    outer loop
      vertex 22.643655858933926 11.14205402135849 2.5
      vertex 22.90918830782175 10.90918830782175 2.5
      vertex 22.90918830782175 10.90918830782175 16.28
    endloop
  endfacet
  facet normal -0.06540314155378882 -0.997858922430869 0
    outer loop
      vertex 21.3524207174778 11.676901124417782 2.5
      vertex 21.3524207174778 11.676901124417782 16.28
      vertex 21 11.700000002980232 2.5
    endloop
  endfacet
  facet normal -0.19509030920907647 -0.9807852829507113 0
    outer loop
      vertex 21.3524207174778 11.676901124417782 2.5
      vertex 21.698811419308186 11.607999734580517 2.5
      vertex 21.698811419308186 11.607999734580517 16.28
    endloop
  endfacet
  facet normal -0.321439471274215 -0.9469301274682062 0
    outer loop
      vertex 21.698811419308186 11.607999734580517 2.5
      vertex 22.033245265483856 11.494474738836288 2.5
      vertex 22.033245265483856 11.494474738836288 16.28
    endloop
  endfacet
  facet normal -0.4422886825831848 -0.8968727452982562 0
    outer loop
      vertex 22.350000001490116 11.338268592953682 2.5
      vertex 22.350000001490116 11.338268592953682 16.28
      vertex 22.033245265483856 11.494474738836288 2.5
    endloop
  endfacet
  facet normal -0.5555702344903918 -0.8314696113197949 0
    outer loop
      vertex 22.643655858933926 11.14205402135849 2.5
      vertex 22.643655858933926 11.14205402135849 16.28
      vertex 22.350000001490116 11.338268592953682 2.5
    endloop
  endfacet
  facet normal 0 0 -1
    outer loop
      vertex -23.676901124417782 9.352420717477798 16.28
      vertex 23.338268592953682 10.350000001490116 16.28
      vertex 23.49447473883629 10.033245265483856 16.28
    endloop
  endfacet
  facet normal 0 0 -1
    outer loop
      vertex -23.14205402135849 10.643655858933926 16.28
      vertex 22.350000001490116 11.338268592953682 16.28
      vertex 22.643655858933926 11.14205402135849 16.28
    endloop
  endfacet
  facet normal 0 0 -1
    outer loop
      vertex -23.607999734580517 9.698811419308186 16.28
      vertex 23.14205402135849 10.643655858933926 16.28
      vertex 23.338268592953682 10.350000001490116 16.28
    endloop
  endfacet
  facet normal 0 0 -1
    outer loop
      vertex -23.49447473883629 10.033245265483856 16.28
      vertex 22.90918830782175 10.90918830782175 16.28
      vertex 23.14205402135849 10.643655858933926 16.28
    endloop
  endfacet
  facet normal 0 0 -1
    outer loop
      vertex -23.338268592953682 10.350000001490116 16.28
      vertex 22.643655858933926 11.14205402135849 16.28
      vertex 22.90918830782175 10.90918830782175 16.28
    endloop
  endfacet
  facet normal 0 0 -1
    outer loop
      vertex -7 9.5 16.28
      vertex 23.607999734580517 9.698811419308186 16.28
      vertex 18.5 9.5 16.28
    endloop
  endfacet
  facet normal 0 0 -1
    outer loop
      vertex -22.90918830782175 10.90918830782175 16.28
      vertex 22.033245265483856 11.494474738836288 16.28
      vertex 22.350000001490116 11.338268592953682 16.28
    endloop
  endfacet
  facet normal 0 0 -1
    outer loop
      vertex -22.643655858933926 11.14205402135849 16.28
      vertex 21.698811419308186 11.607999734580517 16.28
      vertex 22.033245265483856 11.494474738836288 16.28
    endloop
  endfacet
  facet normal 0 0 -1
    outer loop
      vertex -22.350000001490116 11.338268592953682 16.28
      vertex 21.3524207174778 11.676901124417782 16.28
      vertex 21.698811419308186 11.607999734580517 16.28
    endloop
  endfacet
  facet normal 0 0 -1
    outer loop
      vertex -22.033245265483856 11.494474738836288 16.28
      vertex 21 11.700000002980232 16.28
      vertex 21.3524207174778 11.676901124417782 16.28
    endloop
  endfacet
  facet normal -1 0 0
    outer loop
      vertex 23.700000002980232 -9 16.28
      vertex 23.700000002980232 9 16.28
      vertex 23.700000002980232 9 2.5
    endloop
  endfacet
  facet normal 0 0 -1
    outer loop
      vertex 23.700000002980232 -9 16.28
      vertex 21.5 6.5 16.28
      vertex 21.474334582686424 6.8915785774588585 16.28
    endloop
  endfacet
  facet normal 0 0 -1
    outer loop
      vertex 23.700000002980232 -9 16.28
      vertex 21.474334582686424 6.8915785774588585 16.28
      vertex 23.700000002980232 9 16.28
    endloop
  endfacet
  facet normal -0.997858922430869 -0.06540314155378882 0
    outer loop
      vertex 23.676901124417782 9.352420717477798 2.5
      vertex 23.700000002980232 9 16.28
      vertex 23.676901124417782 9.352420717477798 16.28
    endloop
  endfacet
  facet normal -0.9807852829507113 -0.19509030920907647 0
    outer loop
      vertex 23.607999734580517 9.698811419308186 2.5
      vertex 23.676901124417782 9.352420717477798 16.28
      vertex 23.607999734580517 9.698811419308186 16.28
    endloop
  endfacet
  facet normal -0.9469301274682062 -0.321439471274215 0
    outer loop
      vertex 23.49447473883629 10.033245265483856 2.5
      vertex 23.607999734580517 9.698811419308186 16.28
      vertex 23.49447473883629 10.033245265483856 16.28
    endloop
  endfacet
  facet normal -0.8968727452982562 -0.4422886825831848 0
    outer loop
      vertex 23.338268592953682 10.350000001490116 2.5
      vertex 23.49447473883629 10.033245265483856 16.28
      vertex 23.338268592953682 10.350000001490116 16.28
    endloop
  endfacet
  facet normal -0.8314696113197949 -0.5555702344903918 0
    outer loop
      vertex 23.14205402135849 10.643655858933926 2.5
      vertex 23.338268592953682 10.350000001490116 16.28
      vertex 23.14205402135849 10.643655858933926 16.28
    endloop
  endfacet
  facet normal -0.7518397994765934 -0.6593458242250388 0
    outer loop
      vertex 22.90918830782175 10.90918830782175 2.5
      vertex 23.14205402135849 10.643655858933926 16.28
      vertex 22.90918830782175 10.90918830782175 16.28
    endloop
  endfacet
  facet normal -0.6593458242250388 -0.7518397994765934 0
    outer loop
      vertex 22.643655858933926 11.14205402135849 2.5
      vertex 22.90918830782175 10.90918830782175 16.28
      vertex 22.643655858933926 11.14205402135849 16.28
    endloop
  endfacet
  facet normal -0.06540314155378882 -0.997858922430869 0
    outer loop
      vertex 21 11.700000002980232 2.5
      vertex 21.3524207174778 11.676901124417782 16.28
      vertex 21 11.700000002980232 16.28
    endloop
  endfacet
  facet normal -0.19509030920907647 -0.9807852829507113 0
    outer loop
      vertex 21.3524207174778 11.676901124417782 2.5
      vertex 21.698811419308186 11.607999734580517 16.28
      vertex 21.3524207174778 11.676901124417782 16.28
    endloop
  endfacet
  facet normal -0.321439471274215 -0.9469301274682062 0
    outer loop
      vertex 21.698811419308186 11.607999734580517 2.5
      vertex 22.033245265483856 11.494474738836288 16.28
      vertex 21.698811419308186 11.607999734580517 16.28
    endloop
  endfacet
  facet normal -0.4422886825831848 -0.8968727452982562 0
    outer loop
      vertex 22.033245265483856 11.494474738836288 2.5
      vertex 22.350000001490116 11.338268592953682 16.28
      vertex 22.033245265483856 11.494474738836288 16.28
    endloop
  endfacet
  facet normal -0.5555702344903918 -0.8314696113197949 0
    outer loop
      vertex 22.350000001490116 11.338268592953682 2.5
      vertex 22.643655858933926 11.14205402135849 16.28
      vertex 22.350000001490116 11.338268592953682 16.28
    endloop
  endfacet
  facet normal 0 0 -1
    outer loop
      vertex -7 9.5 16.28
      vertex 23.49447473883629 10.033245265483856 16.28
      vertex 23.607999734580517 9.698811419308186 16.28
    endloop
  endfacet
  facet normal 0 0 -1
    outer loop
      vertex 21.474334582686424 6.8915785774588585 16.28
      vertex 21.39777747541666 7.276457138359547 16.28
      vertex 23.700000002980232 9 16.28
    endloop
  endfacet
  facet normal 0 0 -1
    outer loop
      vertex 21.39777747541666 7.276457138359547 16.28
      vertex 21.271638594567776 7.6480503007769585 16.28
      vertex 23.700000002980232 9 16.28
    endloop
  endfacet
  facet normal 0 0 -1
    outer loop
      vertex 21.271638594567776 7.6480503007769585 16.28
      vertex 21.098076209425926 8 16.28
      vertex 23.700000002980232 9 16.28
    endloop
  endfacet
  facet normal 0 0 -1
    outer loop
      vertex 20 9.098076209425926 16.28
      vertex 23.607999734580517 9.698811419308186 16.28
      vertex 20.326284289360046 8.880060024559498 16.28
    endloop
  endfacet
  facet normal 0 0 -1
    outer loop
      vertex 20.880060024559498 8.326284289360046 16.28
      vertex 20.621320344507694 8.621320344507694 16.28
      vertex 23.607999734580517 9.698811419308186 16.28
    endloop
  endfacet
  facet normal 0 0 -1
    outer loop
      vertex 20.621320344507694 8.621320344507694 16.28
      vertex 20.326284289360046 8.880060024559498 16.28
      vertex 23.607999734580517 9.698811419308186 16.28
    endloop
  endfacet
  facet normal 0 0 -1
    outer loop
      vertex 20.880060024559498 8.326284289360046 16.28
      vertex 23.700000002980232 9 16.28
      vertex 21.098076209425926 8 16.28
    endloop
  endfacet
  facet normal 0 0 -1
    outer loop
      vertex 18.5 9.5 16.28
      vertex 23.607999734580517 9.698811419308186 16.28
      vertex 18.89157857745886 9.474334582686424 16.28
    endloop
  endfacet
  facet normal 0 0 -1
    outer loop
      vertex 18.89157857745886 9.474334582686424 16.28
      vertex 23.607999734580517 9.698811419308186 16.28
      vertex 19.276457138359547 9.39777747541666 16.28
    endloop
  endfacet
  facet normal 0 0 -1
    outer loop
      vertex 19.276457138359547 9.39777747541666 16.28
      vertex 23.607999734580517 9.698811419308186 16.28
      vertex 19.64805030077696 9.271638594567776 16.28
    endloop
  endfacet
  facet normal 0 0 -1
    outer loop
      vertex 19.64805030077696 9.271638594567776 16.28
      vertex 23.607999734580517 9.698811419308186 16.28
      vertex 20 9.098076209425926 16.28
    endloop
  endfacet
  facet normal 0 0 -1
    outer loop
      vertex 20.880060024559498 8.326284289360046 16.28
      vertex 23.676901124417782 9.352420717477798 16.28
      vertex 23.700000002980232 9 16.28
    endloop
  endfacet
  facet normal 0 0 -1
    outer loop
      vertex 20.880060024559498 8.326284289360046 16.28
      vertex 23.607999734580517 9.698811419308186 16.28
      vertex 23.676901124417782 9.352420717477798 16.28
    endloop
  endfacet
  facet normal 0.896872740747345 0.4422886918115197 0
    outer loop
      vertex -9.598076209425926 -8 16.28
      vertex -9.771638594567776 -7.6480503007769585 16.28
      vertex -9.771638594567776 -7.6480503007769585 17.880000000000003
    endloop
  endfacet
  facet normal 0.9469301300366788 0.32143946370773846 0
    outer loop
      vertex -9.771638594567776 -7.6480503007769585 16.28
      vertex -9.89777747541666 -7.276457138359547 17.880000000000003
      vertex -9.771638594567776 -7.6480503007769585 17.880000000000003
    endloop
  endfacet
  facet normal 0.32143946370773846 0.9469301300366788 0
    outer loop
      vertex -8.148050300776958 -9.271638594567776 16.28
      vertex -8.148050300776958 -9.271638594567776 17.880000000000003
      vertex -7.776457138359547 -9.39777747541666 16.28
    endloop
  endfacet
  facet normal 0.1950903258581441 0.980785279639006 0
    outer loop
      vertex -7.776457138359547 -9.39777747541666 16.28
      vertex -7.776457138359547 -9.39777747541666 17.880000000000003
      vertex -7.3915785774588585 -9.474334582686424 16.28
    endloop
  endfacet
  facet normal 0.06540313273849394 0.997858923008654 0
    outer loop
      vertex -7.3915785774588585 -9.474334582686424 16.28
      vertex -7.3915785774588585 -9.474334582686424 17.880000000000003
      vertex -7 -9.5 16.28
    endloop
  endfacet
  facet normal 0.32143946370773846 0.9469301300366788 0
    outer loop
      vertex -7.776457138359547 -9.39777747541666 16.28
      vertex -8.148050300776958 -9.271638594567776 17.880000000000003
      vertex -7.776457138359547 -9.39777747541666 17.880000000000003
    endloop
  endfacet
  facet normal 0.1950903258581441 0.980785279639006 0
    outer loop
      vertex -7.3915785774588585 -9.474334582686424 16.28
      vertex -7.776457138359547 -9.39777747541666 17.880000000000003
      vertex -7.3915785774588585 -9.474334582686424 17.880000000000003
    endloop
  endfacet
  facet normal 0.06540313273849394 0.997858923008654 0
    outer loop
      vertex -7 -9.5 16.28
      vertex -7.3915785774588585 -9.474334582686424 17.880000000000003
      vertex -7 -9.5 17.880000000000003
    endloop
  endfacet
  facet normal 0.6593458207943228 0.7518398024852506 0
    outer loop
      vertex -8.826284289360046 -8.880060024559498 16.28
      vertex -9.121320344507694 -8.621320344507694 16.28
      vertex -9.121320344507694 -8.621320344507694 17.880000000000003
    endloop
  endfacet
  facet normal 0.7518398024852506 0.6593458207943228 0
    outer loop
      vertex -9.380060024559498 -8.326284289360046 16.28
      vertex -9.380060024559498 -8.326284289360046 17.880000000000003
      vertex -9.121320344507694 -8.621320344507694 16.28
    endloop
  endfacet
  facet normal 0.5555702203832521 0.8314696207458843 0
    outer loop
      vertex -8.826284289360046 -8.880060024559498 16.28
      vertex -8.826284289360046 -8.880060024559498 17.880000000000003
      vertex -8.5 -9.098076209425926 16.28
    endloop
  endfacet
  facet normal 0.4422886918115197 0.896872740747345 0
    outer loop
      vertex -8.5 -9.098076209425926 16.28
      vertex -8.5 -9.098076209425926 17.880000000000003
      vertex -8.148050300776958 -9.271638594567776 16.28
    endloop
  endfacet
  facet normal 0.6593458207943228 0.7518398024852506 0
    outer loop
      vertex -8.826284289360046 -8.880060024559498 16.28
      vertex -9.121320344507694 -8.621320344507694 17.880000000000003
      vertex -8.826284289360046 -8.880060024559498 17.880000000000003
    endloop
  endfacet
  facet normal 0.7518398024852506 0.6593458207943228 0
    outer loop
      vertex -9.121320344507694 -8.621320344507694 16.28
      vertex -9.380060024559498 -8.326284289360046 17.880000000000003
      vertex -9.121320344507694 -8.621320344507694 17.880000000000003
    endloop
  endfacet
  facet normal 0.5555702203832521 0.8314696207458843 0
    outer loop
      vertex -8.5 -9.098076209425926 16.28
      vertex -8.826284289360046 -8.880060024559498 17.880000000000003
      vertex -8.5 -9.098076209425926 17.880000000000003
    endloop
  endfacet
  facet normal 0.4422886918115197 0.896872740747345 0
    outer loop
      vertex -8.148050300776958 -9.271638594567776 16.28
      vertex -8.5 -9.098076209425926 17.880000000000003
      vertex -8.148050300776958 -9.271638594567776 17.880000000000003
    endloop
  endfacet
  facet normal 0.8314696207458843 0.5555702203832521 0
    outer loop
      vertex -9.380060024559498 -8.326284289360046 16.28
      vertex -9.598076209425926 -8 16.28
      vertex -9.598076209425926 -8 17.880000000000003
    endloop
  endfacet
  facet normal 0.8314696207458843 0.5555702203832521 0
    outer loop
      vertex -9.380060024559498 -8.326284289360046 16.28
      vertex -9.598076209425926 -8 17.880000000000003
      vertex -9.380060024559498 -8.326284289360046 17.880000000000003
    endloop
  endfacet
  facet normal 0.896872740747345 0.4422886918115197 0
    outer loop
      vertex -9.598076209425926 -8 16.28
      vertex -9.771638594567776 -7.6480503007769585 17.880000000000003
      vertex -9.598076209425926 -8 17.880000000000003
    endloop
  endfacet
  facet normal 0.9469301300366788 0.32143946370773846 0
    outer loop
      vertex -9.771638594567776 -7.6480503007769585 16.28
      vertex -9.89777747541666 -7.276457138359547 16.28
      vertex -9.89777747541666 -7.276457138359547 17.880000000000003
    endloop
  endfacet
  facet normal 0.980785279639006 0.1950903258581441 0
    outer loop
      vertex -9.89777747541666 -7.276457138359547 16.28
      vertex -9.974334582686424 -6.8915785774588585 16.28
      vertex -9.974334582686424 -6.8915785774588585 17.880000000000003
    endloop
  endfacet
  facet normal 0.9978589230086541 0.06540313273849395 0
    outer loop
      vertex -9.974334582686424 -6.8915785774588585 16.28
      vertex -10 -6.5 16.28
      vertex -10 -6.5 16.880000000000003
    endloop
  endfacet
  facet normal 0.9978589230086541 0.06540313273849395 0
    outer loop
      vertex -9.974334582686424 -6.8915785774588585 16.28
      vertex -10 -6.5 16.880000000000003
      vertex -10 -6.5 17.880000000000003
    endloop
  endfacet
  facet normal 0.980785279639006 0.1950903258581441 0
    outer loop
      vertex -9.89777747541666 -7.276457138359547 16.28
      vertex -9.974334582686424 -6.8915785774588585 17.880000000000003
      vertex -9.89777747541666 -7.276457138359547 17.880000000000003
    endloop
  endfacet
  facet normal 0.997858923008654 0.06540313273849394 0
    outer loop
      vertex -9.974334582686424 -6.8915785774588585 16.28
      vertex -10 -6.5 17.880000000000003
      vertex -9.974334582686424 -6.8915785774588585 17.880000000000003
    endloop
  endfacet
  facet normal 1 0 0
    outer loop
      vertex -10 -6.5 16.28
      vertex -10 6.5 16.28
      vertex -10 -6.5 16.880000000000003
    endloop
  endfacet
  facet normal 1 0 0
    outer loop
      vertex -10 -6.5 16.880000000000003
      vertex -10 6.5 16.28
      vertex -10 6.5 16.880000000000003
    endloop
  endfacet
  facet normal 0.9978589230086541 -0.06540313273849395 0
    outer loop
      vertex -10 6.5 16.28
      vertex -9.974334582686424 6.8915785774588585 17.880000000000003
      vertex -10 6.5 16.880000000000003
    endloop
  endfacet
  facet normal 0.997858923008654 -0.06540313273849394 0
    outer loop
      vertex -10 6.5 16.28
      vertex -9.974334582686424 6.8915785774588585 16.28
      vertex -9.974334582686424 6.8915785774588585 17.880000000000003
    endloop
  endfacet
  facet normal 0.980785279639006 -0.1950903258581441 0
    outer loop
      vertex -9.974334582686424 6.8915785774588585 16.28
      vertex -9.89777747541666 7.276457138359547 16.28
      vertex -9.89777747541666 7.276457138359547 17.880000000000003
    endloop
  endfacet
  facet normal 0.997858923008654 -0.0654031327384962 8.868813584161323e-16
    outer loop
      vertex -10 6.5 16.880000000000003
      vertex -9.974334582686424 6.8915785774588585 17.880000000000003
      vertex -9.991444860895475 6.630526192486286 17.880000000000003
    endloop
  endfacet
  facet normal 0.980785279639006 -0.1950903258581441 0
    outer loop
      vertex -9.974334582686424 6.8915785774588585 16.28
      vertex -9.89777747541666 7.276457138359547 17.880000000000003
      vertex -9.974334582686424 6.8915785774588585 17.880000000000003
    endloop
  endfacet
  facet normal 0.9469301300366788 -0.3214394637077385 0
    outer loop
      vertex -9.89777747541666 7.276457138359547 16.28
      vertex -9.771638594567776 7.6480503007769585 16.28
      vertex -9.771638594567776 7.6480503007769585 16.880000000000003
    endloop
  endfacet
  facet normal 0.8968727407473451 -0.44228869181151975 0
    outer loop
      vertex -9.771638594567776 7.6480503007769585 16.28
      vertex -9.706552700139582 7.780031437985599 16.880000000000003
      vertex -9.771638594567776 7.6480503007769585 16.880000000000003
    endloop
  endfacet
  facet normal 0.9469301300366788 -0.32143946370773846 0
    outer loop
      vertex -9.89777747541666 7.276457138359547 16.28
      vertex -9.771638594567776 7.6480503007769585 16.880000000000003
      vertex -9.771638594567776 7.6480503007769585 17.880000000000003
    endloop
  endfacet
  facet normal 0.9469301300366788 -0.32143946370773846 0
    outer loop
      vertex -9.89777747541666 7.276457138359547 16.28
      vertex -9.771638594567776 7.6480503007769585 17.880000000000003
      vertex -9.89777747541666 7.276457138359547 17.880000000000003
    endloop
  endfacet
  facet normal 0.8968727407473451 -0.44228869181151975 0
    outer loop
      vertex -9.771638594567776 7.6480503007769585 16.28
      vertex -9.598076209425926 8 16.28
      vertex -9.706552700139582 7.780031437985599 16.880000000000003
    endloop
  endfacet
  facet normal 0.8968727407473451 -0.4422886918115197 0
    outer loop
      vertex -9.598076209425926 8 16.28
      vertex -9.598076209425926 8 17.880000000000003
      vertex -9.706552700139582 7.780031437985599 16.880000000000003
    endloop
  endfacet
  facet normal 0.8314696207458843 -0.5555702203832521 0
    outer loop
      vertex -9.598076209425926 8 16.28
      vertex -9.380060024559498 8.326284289360046 16.28
      vertex -9.598076209425926 8 17.880000000000003
    endloop
  endfacet
  facet normal 0.8314696207458843 -0.5555702203832522 0
    outer loop
      vertex -9.380060024559498 8.326284289360046 16.28
      vertex -9.380060024559498 8.326284289360046 16.880000000000003
      vertex -9.598076209425926 8 17.880000000000003
    endloop
  endfacet
  facet normal 0.8314696207458843 -0.5555702203832522 0
    outer loop
      vertex -9.598076209425926 8 17.880000000000003
      vertex -9.380060024559498 8.326284289360046 16.880000000000003
      vertex -9.380060024559498 8.326284289360046 17.53217391304348
    endloop
  endfacet
  facet normal 0.7518398024852507 -0.6593458207943229 0
    outer loop
      vertex -9.380060024559498 8.326284289360046 16.28
      vertex -9.283032644540071 8.436922810040414 16.880000000000003
      vertex -9.380060024559498 8.326284289360046 16.880000000000003
    endloop
  endfacet
  facet normal 0.7518398024852507 -0.6593458207943227 0
    outer loop
      vertex -9.380060024559498 8.326284289360046 16.28
      vertex -9.121320344507694 8.621320344507694 16.28
      vertex -9.283032644540071 8.436922810040414 16.880000000000003
    endloop
  endfacet
  facet normal 0.7518398024852507 -0.6593458207943228 0
    outer loop
      vertex -9.121320344507694 8.621320344507694 16.28
      vertex -9.121320344507694 8.621320344507694 17.880000000000003
      vertex -9.283032644540071 8.436922810040414 16.880000000000003
    endloop
  endfacet
  facet normal 0.6593458207943228 -0.7518398024852506 0
    outer loop
      vertex -9.121320344507694 8.621320344507694 16.28
      vertex -8.826284289360046 8.880060024559498 16.28
      vertex -8.826284289360046 8.880060024559498 17.880000000000003
    endloop
  endfacet
  facet normal 0.5555702203832521 -0.8314696207458843 0
    outer loop
      vertex -8.826284289360046 8.880060024559498 16.28
      vertex -8.5 9.098076209425926 16.28
      vertex -8.5 9.098076209425926 17.880000000000003
    endloop
  endfacet
  facet normal 0.4422886918115197 -0.896872740747345 0
    outer loop
      vertex -8.5 9.098076209425926 16.28
      vertex -8.148050300776958 9.271638594567776 16.28
      vertex -8.148050300776958 9.271638594567776 17.880000000000003
    endloop
  endfacet
  facet normal 0.6593458207943228 -0.7518398024852506 0
    outer loop
      vertex -9.121320344507694 8.621320344507694 16.28
      vertex -8.826284289360046 8.880060024559498 17.880000000000003
      vertex -9.121320344507694 8.621320344507694 17.880000000000003
    endloop
  endfacet
  facet normal 0.5555702203832521 -0.8314696207458843 0
    outer loop
      vertex -8.826284289360046 8.880060024559498 16.28
      vertex -8.5 9.098076209425926 17.880000000000003
      vertex -8.826284289360046 8.880060024559498 17.880000000000003
    endloop
  endfacet
  facet normal 0.4422886918115197 -0.896872740747345 0
    outer loop
      vertex -8.5 9.098076209425926 16.28
      vertex -8.148050300776958 9.271638594567776 17.880000000000003
      vertex -8.5 9.098076209425926 17.880000000000003
    endloop
  endfacet
  facet normal 0.8314696207458843 -0.5555702203832521 0
    outer loop
      vertex -9.598076209425926 8 17.880000000000003
      vertex -9.380060024559498 8.326284289360046 17.53217391304348
      vertex -9.380060024559498 8.326284289360046 17.880000000000003
    endloop
  endfacet
  facet normal 0.751839802485255 -0.659345820794318 0
    outer loop
      vertex -9.380060024559498 8.326284289360046 17.53217391304348
      vertex -9.29381346454223 8.42462964107593 17.880000000000003
      vertex -9.380060024559498 8.326284289360046 17.880000000000003
    endloop
  endfacet
  facet normal 0.1950903258581441 -0.9807852796390061 0
    outer loop
      vertex -7.776457138359547 9.39777747541666 16.28
      vertex -7.3915785774588585 9.474334582686424 16.28
      vertex -7.3915785774588585 9.474334582686424 16.880000000000003
    endloop
  endfacet
  facet normal 0.06540313273849395 -0.997858923008654 0
    outer loop
      vertex -7.3915785774588585 9.474334582686424 16.28
      vertex -7.244736610911787 9.483959114179015 16.880000000000003
      vertex -7.3915785774588585 9.474334582686424 16.880000000000003
    endloop
  endfacet
  facet normal 0.32143946370773846 -0.9469301300366788 0
    outer loop
      vertex -8.148050300776958 9.271638594567776 16.28
      vertex -7.776457138359547 9.39777747541666 16.28
      vertex -7.776457138359547 9.39777747541666 17.880000000000003
    endloop
  endfacet
  facet normal 0.1950903258581441 -0.980785279639006 0
    outer loop
      vertex -7.776457138359547 9.39777747541666 16.28
      vertex -7.3915785774588585 9.474334582686424 16.880000000000003
      vertex -7.3915785774588585 9.474334582686424 17.880000000000003
    endloop
  endfacet
  facet normal 0.06540313273849395 -0.9978589230086541 0
    outer loop
      vertex -7.3915785774588585 9.474334582686424 16.28
      vertex -7 9.5 16.28
      vertex -7.244736610911787 9.483959114179015 16.880000000000003
    endloop
  endfacet
  facet normal 0.06540313273849395 -0.9978589230086541 0
    outer loop
      vertex -7 9.5 16.28
      vertex -7 9.5 17.880000000000003
      vertex -7.244736610911787 9.483959114179015 16.880000000000003
    endloop
  endfacet
  facet normal 0.32143946370773846 -0.9469301300366788 0
    outer loop
      vertex -8.148050300776958 9.271638594567776 16.28
      vertex -7.776457138359547 9.39777747541666 17.880000000000003
      vertex -8.148050300776958 9.271638594567776 17.880000000000003
    endloop
  endfacet
  facet normal 0.1950903258581441 -0.980785279639006 0
    outer loop
      vertex -7.776457138359547 9.39777747541666 16.28
      vertex -7.3915785774588585 9.474334582686424 17.880000000000003
      vertex -7.776457138359547 9.39777747541666 17.880000000000003
    endloop
  endfacet
  facet normal 0 -1 0
    outer loop
      vertex -7 9.5 16.28
      vertex 2.562500000000014 9.5 16.880000000000003
      vertex -7 9.5 17.880000000000003
    endloop
  endfacet
  facet normal 0 1 0
    outer loop
      vertex -7 -9.5 16.28
      vertex -7 -9.5 17.880000000000003
      vertex 18.5 -9.5 16.28
    endloop
  endfacet
  facet normal 0 1 0
    outer loop
      vertex -7 -9.5 17.880000000000003
      vertex 18.5 -9.5 17.880000000000003
      vertex 18.5 -9.5 16.28
    endloop
  endfacet
  facet normal -0.06540313273849395 0.9978589230086541 0
    outer loop
      vertex 18.5 -9.5 16.28
      vertex 18.5 -9.5 17.880000000000003
      vertex 18.744736610911787 -9.483959114179015 16.880000000000003
    endloop
  endfacet
  facet normal -0.06540313273849395 0.9978589230086541 0
    outer loop
      vertex 18.5 -9.5 16.28
      vertex 18.744736610911787 -9.483959114179015 16.880000000000003
      vertex 18.89157857745886 -9.474334582686424 16.28
    endloop
  endfacet
  facet normal -0.1950903258581441 0.9807852796390061 0
    outer loop
      vertex 18.89157857745886 -9.474334582686424 16.28
      vertex 18.89157857745886 -9.474334582686424 16.880000000000003
      vertex 19.276457138359547 -9.39777747541666 16.28
    endloop
  endfacet
  facet normal -0.06540313273849395 0.997858923008654 0
    outer loop
      vertex 18.89157857745886 -9.474334582686424 16.28
      vertex 18.744736610911787 -9.483959114179015 16.880000000000003
      vertex 18.89157857745886 -9.474334582686424 16.880000000000003
    endloop
  endfacet
  facet normal -0.1950903258581441 0.980785279639006 0
    outer loop
      vertex 19.276457138359547 -9.39777747541666 16.28
      vertex 18.89157857745886 -9.474334582686424 16.880000000000003
      vertex 18.89157857745886 -9.474334582686424 17.880000000000003
    endloop
  endfacet
  facet normal -0.32143946370773846 0.9469301300366788 0
    outer loop
      vertex 19.276457138359547 -9.39777747541666 16.28
      vertex 19.276457138359547 -9.39777747541666 17.880000000000003
      vertex 19.64805030077696 -9.271638594567776 16.28
    endloop
  endfacet
  facet normal -0.1950903258581441 0.980785279639006 0
    outer loop
      vertex 19.276457138359547 -9.39777747541666 16.28
      vertex 18.89157857745886 -9.474334582686424 17.880000000000003
      vertex 19.276457138359547 -9.39777747541666 17.880000000000003
    endloop
  endfacet
  facet normal -0.32143946370773846 0.9469301300366788 0
    outer loop
      vertex 19.64805030077696 -9.271638594567776 16.28
      vertex 19.276457138359547 -9.39777747541666 17.880000000000003
      vertex 19.64805030077696 -9.271638594567776 17.880000000000003
    endloop
  endfacet
  facet normal -0.4422886918115197 0.896872740747345 0
    outer loop
      vertex 19.64805030077696 -9.271638594567776 16.28
      vertex 19.64805030077696 -9.271638594567776 17.880000000000003
      vertex 20 -9.098076209425926 16.28
    endloop
  endfacet
  facet normal -0.5555702203832521 0.8314696207458843 0
    outer loop
      vertex 20 -9.098076209425926 16.28
      vertex 20 -9.098076209425926 17.880000000000003
      vertex 20.326284289360046 -8.880060024559498 16.28
    endloop
  endfacet
  facet normal -0.6593458207943228 0.7518398024852506 0
    outer loop
      vertex 20.326284289360046 -8.880060024559498 16.28
      vertex 20.326284289360046 -8.880060024559498 17.880000000000003
      vertex 20.621320344507694 -8.621320344507694 16.28
    endloop
  endfacet
  facet normal -0.7518398024852506 0.6593458207943228 0
    outer loop
      vertex 20.621320344507694 -8.621320344507694 16.28
      vertex 20.621320344507694 -8.621320344507694 17.880000000000003
      vertex 20.880060024559498 -8.326284289360046 16.28
    endloop
  endfacet
  facet normal -0.4422886918115197 0.896872740747345 0
    outer loop
      vertex 20 -9.098076209425926 16.28
      vertex 19.64805030077696 -9.271638594567776 17.880000000000003
      vertex 20 -9.098076209425926 17.880000000000003
    endloop
  endfacet
  facet normal -0.5555702203832521 0.8314696207458843 0
    outer loop
      vertex 20.326284289360046 -8.880060024559498 16.28
      vertex 20 -9.098076209425926 17.880000000000003
      vertex 20.326284289360046 -8.880060024559498 17.880000000000003
    endloop
  endfacet
  facet normal -0.6593458207943228 0.7518398024852506 0
    outer loop
      vertex 20.621320344507694 -8.621320344507694 16.28
      vertex 20.326284289360046 -8.880060024559498 17.880000000000003
      vertex 20.621320344507694 -8.621320344507694 17.880000000000003
    endloop
  endfacet
  facet normal -0.7518398024852506 0.6593458207943228 0
    outer loop
      vertex 20.880060024559498 -8.326284289360046 16.28
      vertex 20.621320344507694 -8.621320344507694 17.880000000000003
      vertex 20.880060024559498 -8.326284289360046 17.880000000000003
    endloop
  endfacet
  facet normal -0.8314696207458843 0.5555702203832521 0
    outer loop
      vertex 20.880060024559498 -8.326284289360046 16.28
      vertex 20.880060024559498 -8.326284289360046 17.880000000000003
      vertex 21.098076209425926 -8 16.28
    endloop
  endfacet
  facet normal -0.8314696207458843 0.5555702203832521 0
    outer loop
      vertex 21.098076209425926 -8 16.28
      vertex 20.880060024559498 -8.326284289360046 17.880000000000003
      vertex 21.098076209425926 -8 17.880000000000003
    endloop
  endfacet
  facet normal -0.896872740747345 0.4422886918115197 0
    outer loop
      vertex 21.098076209425926 -8 16.28
      vertex 21.098076209425926 -8 17.880000000000003
      vertex 21.271638594567776 -7.6480503007769585 16.28
    endloop
  endfacet
  facet normal -0.9469301300366788 0.32143946370773846 0
    outer loop
      vertex 21.271638594567776 -7.6480503007769585 16.28
      vertex 21.271638594567776 -7.6480503007769585 17.880000000000003
      vertex 21.39777747541666 -7.276457138359547 16.28
    endloop
  endfacet
  facet normal -0.896872740747345 0.4422886918115197 0
    outer loop
      vertex 21.271638594567776 -7.6480503007769585 16.28
      vertex 21.098076209425926 -8 17.880000000000003
      vertex 21.271638594567776 -7.6480503007769585 17.880000000000003
    endloop
  endfacet
  facet normal -0.980785279639006 0.1950903258581441 0
    outer loop
      vertex 21.39777747541666 -7.276457138359547 16.28
      vertex 21.39777747541666 -7.276457138359547 17.880000000000003
      vertex 21.474334582686424 -6.8915785774588585 16.28
    endloop
  endfacet
  facet normal -0.997858923008654 0.06540313273849394 0
    outer loop
      vertex 21.474334582686424 -6.8915785774588585 16.28
      vertex 21.474334582686424 -6.8915785774588585 17.880000000000003
      vertex 21.5 -6.5 16.28
    endloop
  endfacet
  facet normal -0.9978589230086541 0.06540313273849395 0
    outer loop
      vertex 21.5 -6.5 16.28
      vertex 21.474334582686424 -6.8915785774588585 17.880000000000003
      vertex 21.5 -6.5 16.880000000000003
    endloop
  endfacet
  facet normal -0.9469301300366788 0.32143946370773846 0
    outer loop
      vertex 21.39777747541666 -7.276457138359547 16.28
      vertex 21.271638594567776 -7.6480503007769585 17.880000000000003
      vertex 21.39777747541666 -7.276457138359547 17.880000000000003
    endloop
  endfacet
  facet normal -0.980785279639006 0.1950903258581441 0
    outer loop
      vertex 21.474334582686424 -6.8915785774588585 16.28
      vertex 21.39777747541666 -7.276457138359547 17.880000000000003
      vertex 21.474334582686424 -6.8915785774588585 17.880000000000003
    endloop
  endfacet
  facet normal -0.9978589230086541 0.06540313273849395 0
    outer loop
      vertex 21.5 -6.5 16.880000000000003
      vertex 21.474334582686424 -6.8915785774588585 17.880000000000003
      vertex 21.5 -6.5 17.880000000000003
    endloop
  endfacet
  facet normal -1 0 0
    outer loop
      vertex 21.5 -6.5 16.28
      vertex 21.5 -6.5 16.880000000000003
      vertex 21.5 6.5 16.880000000000003
    endloop
  endfacet
  facet normal 0 -1 0
    outer loop
      vertex -7 9.5 16.28
      vertex 18.5 9.5 16.28
      vertex 2.562500000000014 9.5 16.880000000000003
    endloop
  endfacet
  facet normal 0 -1 0
    outer loop
      vertex -7 9.5 17.880000000000003
      vertex 2.562500000000014 9.5 16.880000000000003
      vertex 18.5 9.5 17.880000000000003
    endloop
  endfacet
  facet normal -1 0 0
    outer loop
      vertex 21.5 -6.5 16.28
      vertex 21.5 6.5 16.880000000000003
      vertex 21.5 6.5 16.28
    endloop
  endfacet
  facet normal -0.9978589230086541 -0.06540313273849395 0
    outer loop
      vertex 21.5 6.5 16.28
      vertex 21.5 6.5 16.880000000000003
      vertex 21.474334582686424 6.8915785774588585 16.28
    endloop
  endfacet
  facet normal -0.9978589230086541 -0.06540313273849395 0
    outer loop
      vertex 21.474334582686424 6.8915785774588585 16.28
      vertex 21.5 6.5 16.880000000000003
      vertex 21.5 6.5 17.880000000000003
    endloop
  endfacet
  facet normal -0.980785279639006 -0.1950903258581441 0
    outer loop
      vertex 21.474334582686424 6.8915785774588585 16.28
      vertex 21.474334582686424 6.8915785774588585 17.880000000000003
      vertex 21.39777747541666 7.276457138359547 16.28
    endloop
  endfacet
  facet normal -0.997858923008654 -0.06540313273849394 0
    outer loop
      vertex 21.474334582686424 6.8915785774588585 16.28
      vertex 21.5 6.5 17.880000000000003
      vertex 21.474334582686424 6.8915785774588585 17.880000000000003
    endloop
  endfacet
  facet normal -0.980785279639006 -0.1950903258581441 0
    outer loop
      vertex 21.39777747541666 7.276457138359547 16.28
      vertex 21.474334582686424 6.8915785774588585 17.880000000000003
      vertex 21.39777747541666 7.276457138359547 17.880000000000003
    endloop
  endfacet
  facet normal 0 -1 0
    outer loop
      vertex 2.562500000000014 9.5 16.880000000000003
      vertex 18.5 9.5 16.28
      vertex 18.5 9.5 16.880000000000003
    endloop
  endfacet
  facet normal -0.06540313273849394 -0.997858923008654 0
    outer loop
      vertex 18.5 9.5 16.28
      vertex 18.89157857745886 9.474334582686424 16.28
      vertex 18.89157857745886 9.474334582686424 17.880000000000003
    endloop
  endfacet
  facet normal -0.06540313273849395 -0.9978589230086541 0
    outer loop
      vertex 18.5 9.5 16.28
      vertex 18.89157857745886 9.474334582686424 17.880000000000003
      vertex 18.5 9.5 16.880000000000003
    endloop
  endfacet
  facet normal -0.1950903258581441 -0.980785279639006 0
    outer loop
      vertex 18.89157857745886 9.474334582686424 16.28
      vertex 19.276457138359547 9.39777747541666 16.28
      vertex 19.276457138359547 9.39777747541666 17.880000000000003
    endloop
  endfacet
  facet normal -0.1950903258581441 -0.980785279639006 0
    outer loop
      vertex 18.89157857745886 9.474334582686424 16.28
      vertex 19.276457138359547 9.39777747541666 17.880000000000003
      vertex 18.89157857745886 9.474334582686424 17.880000000000003
    endloop
  endfacet
  facet normal -0.06540313273849395 -0.9978589230086541 0
    outer loop
      vertex 18.5 9.5 16.880000000000003
      vertex 18.89157857745886 9.474334582686424 17.880000000000003
      vertex 18.5 9.5 17.880000000000003
    endloop
  endfacet
  facet normal -0.32143946370773846 -0.9469301300366788 0
    outer loop
      vertex 19.276457138359547 9.39777747541666 16.28
      vertex 19.64805030077696 9.271638594567776 17.880000000000003
      vertex 19.276457138359547 9.39777747541666 17.880000000000003
    endloop
  endfacet
  facet normal -0.8314696207458843 -0.5555702203832521 0
    outer loop
      vertex 20.880060024559498 8.326284289360046 16.28
      vertex 21.098076209425926 8 16.28
      vertex 21.098076209425926 8 17.880000000000003
    endloop
  endfacet
  facet normal -0.8314696207458843 -0.5555702203832521 0
    outer loop
      vertex 20.880060024559498 8.326284289360046 16.28
      vertex 21.098076209425926 8 17.880000000000003
      vertex 20.880060024559498 8.326284289360046 17.880000000000003
    endloop
  endfacet
  facet normal -0.5555702203832521 -0.8314696207458843 0
    outer loop
      vertex 20 9.098076209425926 16.28
      vertex 20.326284289360046 8.880060024559498 16.28
      vertex 20.326284289360046 8.880060024559498 17.880000000000003
    endloop
  endfacet
  facet normal -0.4422886918115197 -0.896872740747345 0
    outer loop
      vertex 19.64805030077696 9.271638594567776 16.28
      vertex 20 9.098076209425926 16.28
      vertex 20 9.098076209425926 17.880000000000003
    endloop
  endfacet
  facet normal -0.6593458207943228 -0.7518398024852506 0
    outer loop
      vertex 20.621320344507694 8.621320344507694 16.28
      vertex 20.621320344507694 8.621320344507694 17.880000000000003
      vertex 20.326284289360046 8.880060024559498 16.28
    endloop
  endfacet
  facet normal -0.7518398024852506 -0.6593458207943228 0
    outer loop
      vertex 20.880060024559498 8.326284289360046 16.28
      vertex 20.880060024559498 8.326284289360046 17.880000000000003
      vertex 20.621320344507694 8.621320344507694 16.28
    endloop
  endfacet
  facet normal -0.4422886918115197 -0.896872740747345 0
    outer loop
      vertex 19.64805030077696 9.271638594567776 16.28
      vertex 20 9.098076209425926 17.880000000000003
      vertex 19.64805030077696 9.271638594567776 17.880000000000003
    endloop
  endfacet
  facet normal -0.5555702203832521 -0.8314696207458843 0
    outer loop
      vertex 20 9.098076209425926 16.28
      vertex 20.326284289360046 8.880060024559498 17.880000000000003
      vertex 20 9.098076209425926 17.880000000000003
    endloop
  endfacet
  facet normal -0.7518398024852506 -0.6593458207943228 0
    outer loop
      vertex 20.621320344507694 8.621320344507694 16.28
      vertex 20.880060024559498 8.326284289360046 17.880000000000003
      vertex 20.621320344507694 8.621320344507694 17.880000000000003
    endloop
  endfacet
  facet normal -0.6593458207943228 -0.7518398024852506 0
    outer loop
      vertex 20.326284289360046 8.880060024559498 16.28
      vertex 20.621320344507694 8.621320344507694 17.880000000000003
      vertex 20.326284289360046 8.880060024559498 17.880000000000003
    endloop
  endfacet
  facet normal -0.9469301300366788 -0.32143946370773846 0
    outer loop
      vertex 21.39777747541666 7.276457138359547 16.28
      vertex 21.39777747541666 7.276457138359547 17.880000000000003
      vertex 21.271638594567776 7.6480503007769585 16.28
    endloop
  endfacet
  facet normal -0.896872740747345 -0.4422886918115197 0
    outer loop
      vertex 21.271638594567776 7.6480503007769585 16.28
      vertex 21.271638594567776 7.6480503007769585 17.880000000000003
      vertex 21.098076209425926 8 16.28
    endloop
  endfacet
  facet normal -0.9469301300366788 -0.32143946370773846 0
    outer loop
      vertex 21.271638594567776 7.6480503007769585 16.28
      vertex 21.39777747541666 7.276457138359547 17.880000000000003
      vertex 21.271638594567776 7.6480503007769585 17.880000000000003
    endloop
  endfacet
  facet normal -0.896872740747345 -0.4422886918115197 0
    outer loop
      vertex 21.098076209425926 8 16.28
      vertex 21.271638594567776 7.6480503007769585 17.880000000000003
      vertex 21.098076209425926 8 17.880000000000003
    endloop
  endfacet
  facet normal -0.32143946370773846 -0.9469301300366788 0
    outer loop
      vertex 19.276457138359547 9.39777747541666 16.28
      vertex 19.64805030077696 9.271638594567776 16.28
      vertex 19.64805030077696 9.271638594567776 17.880000000000003
    endloop
  endfacet
  facet normal 0 1 0
    outer loop
      vertex -14.5 -5.800000000000001 16.28
      vertex -14.5 -5.800000000000001 17.18
      vertex -12.5 -5.800000000000001 16.28
    endloop
  endfacet
  facet normal 0 1 0
    outer loop
      vertex -12.5 -5.800000000000001 16.28
      vertex -14.5 -5.800000000000001 17.18
      vertex -12.5 -5.800000000000001 17.18
    endloop
  endfacet
  facet normal 1 0 0
    outer loop
      vertex -14.5 -5.800000000000001 16.28
      vertex -14.5 5.800000000000001 17.18
      vertex -14.5 -5.800000000000001 17.18
    endloop
  endfacet
  facet normal 0 0 -1
    outer loop
      vertex -14.5 -5.800000000000001 17.18
      vertex -14.5 5.800000000000001 17.18
      vertex -12.5 -5.800000000000001 17.18
    endloop
  endfacet
  facet normal -1 0 0
    outer loop
      vertex -12.5 -5.800000000000001 16.28
      vertex -12.5 -5.800000000000001 17.18
      vertex -12.5 5.800000000000001 16.28
    endloop
  endfacet
  facet normal 1 0 0
    outer loop
      vertex -14.5 -5.800000000000001 16.28
      vertex -14.5 5.800000000000001 16.28
      vertex -14.5 5.800000000000001 17.18
    endloop
  endfacet
  facet normal 0 0 -1
    outer loop
      vertex -12.5 -5.800000000000001 17.18
      vertex -14.5 5.800000000000001 17.18
      vertex -12.5 5.800000000000001 17.18
    endloop
  endfacet
  facet normal 0 -1 0
    outer loop
      vertex -14.5 5.800000000000001 16.28
      vertex -12.5 5.800000000000001 17.18
      vertex -14.5 5.800000000000001 17.18
    endloop
  endfacet
  facet normal 0 -1 0
    outer loop
      vertex -14.5 5.800000000000001 16.28
      vertex -12.5 5.800000000000001 16.28
      vertex -12.5 5.800000000000001 17.18
    endloop
  endfacet
  facet normal -1 0 0
    outer loop
      vertex -12.5 -5.800000000000001 17.18
      vertex -12.5 5.800000000000001 17.18
      vertex -12.5 5.800000000000001 16.28
    endloop
  endfacet
  facet normal 0.9628069621009635 0.22465495782355788 0.1501096387818233
    outer loop
      vertex -23.700000002980232 -6.5867066702672386 9.212477140426637
      vertex -24.4 -3.5867066830396652 9.212477140426637
      vertex -23.700000002980232 -6.732050793511524 9.430000000000001
    endloop
  endfacet
  facet normal 0.9219857548346142 0.21513000946140975 0.3219648224747236
    outer loop
      vertex -23.700000002980232 -6.217522846800938 8.843293316960336
      vertex -23.700000002980232 -5.999999987227573 8.69794919371605
      vertex -24.4 -3.2175228595733643 8.843293316960336
    endloop
  endfacet
  facet normal 0.884464661205528 0.20637508761462295 0.4184872594125745
    outer loop
      vertex -23.700000002980232 -5.999999987227573 8.69794919371605
      vertex -23.700000002980232 -5.765366854412212 8.582240931987764
      vertex -24.4 -2.765366867184639 8.582240931987764
    endloop
  endfacet
  facet normal 0.9427104261954777 0.2199657661122779 0.2508228739189859
    outer loop
      vertex -23.700000002980232 -6.217522846800938 8.843293316960336
      vertex -24.4 -3.2175228595733643 8.843293316960336
      vertex -23.700000002980232 -6.414213547749176 9.015786439478399
    endloop
  endfacet
  facet normal 0.9550627911171021 0.22284798459399027 0.19543244558160575
    outer loop
      vertex -23.700000002980232 -6.5867066702672386 9.212477140426637
      vertex -23.700000002980232 -6.414213547749176 9.015786439478399
      vertex -24.4 -3.5867066830396652 9.212477140426637
    endloop
  endfacet
  facet normal 0.9628069621009633 0.22465495782355785 0.15010963878182376
    outer loop
      vertex -23.700000002980232 -6.732050793511524 9.430000000000001
      vertex -24.4 -3.5867066830396652 9.212477140426637
      vertex -24.4 -3.732050806283951 9.430000000000001
    endloop
  endfacet
  facet normal 0.6414367687690351 0.14966857937944136 0.7524348397154927
    outer loop
      vertex -23.700000002980232 -5.517638074500217 8.498148344755174
      vertex -23.700000002980232 -5.261052372200146 8.447110280692579
      vertex -24.4 -2.517638087272644 8.498148344755174
    endloop
  endfacet
  facet normal 0.8092636699113018 0.1888281896459702 0.5562699231099208
    outer loop
      vertex -23.700000002980232 -5.765366854412212 8.582240931987764
      vertex -23.700000002980232 -5.517638074500217 8.498148344755174
      vertex -24.4 -2.517638087272644 8.498148344755174
    endloop
  endfacet
  facet normal 0.2698970497656627 0.06297597827865456 0.9608275644920049
    outer loop
      vertex -23.700000002980232 -5.261052372200146 8.447110280692579
      vertex -23.700000002980232 -4.999999987227573 8.430000000000001
      vertex -24.4 -2 8.430000000000001
    endloop
  endfacet
  facet normal 0.9219857548346143 0.21513000946140978 0.32196482247472324
    outer loop
      vertex -23.700000002980232 -5.999999987227573 8.69794919371605
      vertex -24.4 -3 8.69794919371605
      vertex -24.4 -3.2175228595733643 8.843293316960336
    endloop
  endfacet
  facet normal 0.8844646612055276 0.20637508761462284 0.4184872594125752
    outer loop
      vertex -23.700000002980232 -5.999999987227573 8.69794919371605
      vertex -24.4 -2.765366867184639 8.582240931987764
      vertex -24.4 -3 8.69794919371605
    endloop
  endfacet
  facet normal 0.9550627911171021 0.22284798459399027 0.19543244558160525
    outer loop
      vertex -23.700000002980232 -6.414213547749176 9.015786439478399
      vertex -24.4 -3.4142135605216026 9.015786439478399
      vertex -24.4 -3.5867066830396652 9.212477140426637
    endloop
  endfacet
  facet normal 0.9427104261954775 0.21996576611227783 0.25082287391898644
    outer loop
      vertex -23.700000002980232 -6.414213547749176 9.015786439478399
      vertex -24.4 -3.2175228595733643 8.843293316960336
      vertex -24.4 -3.4142135605216026 9.015786439478399
    endloop
  endfacet
  facet normal 1 0 0
    outer loop
      vertex -24.4 -3.2175228595733643 8.843293316960336
      vertex -24.4 -3 8.69794919371605
      vertex -24.4 -2.765366867184639 8.582240931987764
    endloop
  endfacet
  facet normal 1 0 0
    outer loop
      vertex -24.4 -3.5867066830396652 9.212477140426637
      vertex -24.4 -3.4142135605216026 9.015786439478399
      vertex -24.4 -3.2175228595733643 8.843293316960336
    endloop
  endfacet
  facet normal 1 0 0
    outer loop
      vertex -24.4 -3.5867066830396652 9.212477140426637
      vertex -24.4 -3.2175228595733643 8.843293316960336
      vertex -24.4 -3.9318516552448273 9.912361912727357
    endloop
  endfacet
  facet normal 1 0 0
    outer loop
      vertex -24.4 -3.9318516552448273 9.912361912727357
      vertex -24.4 -3.2175228595733643 8.843293316960336
      vertex -24.4 -2 8.430000000000001
    endloop
  endfacet
  facet normal 1 0 0
    outer loop
      vertex -24.4 -2.517638087272644 8.498148344755174
      vertex -24.4 -2 8.430000000000001
      vertex -24.4 -2.765366867184639 8.582240931987764
    endloop
  endfacet
  facet normal 1 0 0
    outer loop
      vertex -24.4 -3.2175228595733643 8.843293316960336
      vertex -24.4 -2.765366867184639 8.582240931987764
      vertex -24.4 -2 8.430000000000001
    endloop
  endfacet
  facet normal 1 0 0
    outer loop
      vertex -24.4 -2.517638087272644 8.498148344755174
      vertex -24.4 -2.2610523849725723 8.447110280692579
      vertex -24.4 -2 8.430000000000001
    endloop
  endfacet
  facet normal 0.6414367687690358 0.1496685793794415 0.7524348397154922
    outer loop
      vertex -23.700000002980232 -5.261052372200146 8.447110280692579
      vertex -24.4 -2.2610523849725723 8.447110280692579
      vertex -24.4 -2.517638087272644 8.498148344755174
    endloop
  endfacet
  facet normal 0.8092636699113014 0.1888281896459701 0.5562699231099215
    outer loop
      vertex -23.700000002980232 -5.765366854412212 8.582240931987764
      vertex -24.4 -2.517638087272644 8.498148344755174
      vertex -24.4 -2.765366867184639 8.582240931987764
    endloop
  endfacet
  facet normal 0.2698970497656626 0.06297597827865453 0.9608275644920049
    outer loop
      vertex -23.700000002980232 -5.261052372200146 8.447110280692579
      vertex -24.4 -2 8.430000000000001
      vertex -24.4 -2.2610523849725723 8.447110280692579
    endloop
  endfacet
  facet normal 0 0 1
    outer loop
      vertex -23.700000002980232 -4.999999987227573 8.430000000000001
      vertex -24.4 2 8.430000000000001
      vertex -24.4 -2 8.430000000000001
    endloop
  endfacet
  facet normal 0.9677840167357705 0.22581627057167952 0.11136026623475617
    outer loop
      vertex -23.700000002980232 -6.732050793511524 9.430000000000001
      vertex -24.4 -3.8477590680122375 9.664633132815363
      vertex -23.700000002980232 -6.847759055239811 9.664633132815363
    endloop
  endfacet
  facet normal 0.9709570596519936 0.2265566472521316 0.07690561681586217
    outer loop
      vertex -23.700000002980232 -6.847759055239811 9.664633132815363
      vertex -24.4 -3.9318516552448273 9.912361912727357
      vertex -23.700000002980232 -6.931851642472401 9.912361912727357
    endloop
  endfacet
  facet normal 0.97284798690114 0.22699786361026578 0.04515267764789165
    outer loop
      vertex -23.700000002980232 -6.931851642472401 9.912361912727357
      vertex -24.4 -3.9318516552448273 9.912361912727357
      vertex -23.700000002980232 -6.982889706534996 10.16894761502743
    endloop
  endfacet
  facet normal 0.9737332219361714 0.22720441845177305 0.014891767316020064
    outer loop
      vertex -23.700000002980232 -6.982889706534996 10.16894761502743
      vertex -24.4 -4 10.430000000000001
      vertex -23.700000002980232 -6.999999987227573 10.430000000000001
    endloop
  endfacet
  facet normal 0.9738412097417933 0.22722961560641822 0
    outer loop
      vertex -23.700000002980232 -6.999999987227573 10.430000000000001
      vertex -24.4 -4 10.430000000000001
      vertex -23.700000002980232 -6.999999987227573 13.930000000000001
    endloop
  endfacet
  facet normal 1 0 0
    outer loop
      vertex -24.4 -3.8477590680122375 9.664633132815363
      vertex -24.4 -3.732050806283951 9.430000000000001
      vertex -24.4 -3.5867066830396652 9.212477140426637
    endloop
  endfacet
  facet normal 1 0 0
    outer loop
      vertex -24.4 -3.8477590680122375 9.664633132815363
      vertex -24.4 -3.5867066830396652 9.212477140426637
      vertex -24.4 -3.9318516552448273 9.912361912727357
    endloop
  endfacet
  facet normal 1 0 0
    outer loop
      vertex -24.4 -3.9318516552448273 9.912361912727357
      vertex -24.4 -4 10.430000000000001
      vertex -24.4 -3.9828897193074226 10.16894761502743
    endloop
  endfacet
  facet normal 0.9677840167357706 0.22581627057167955 0.11136026623475581
    outer loop
      vertex -23.700000002980232 -6.732050793511524 9.430000000000001
      vertex -24.4 -3.732050806283951 9.430000000000001
      vertex -24.4 -3.8477590680122375 9.664633132815363
    endloop
  endfacet
  facet normal 0.9709570596519936 0.2265566472521316 0.07690561681586208
    outer loop
      vertex -23.700000002980232 -6.847759055239811 9.664633132815363
      vertex -24.4 -3.8477590680122375 9.664633132815363
      vertex -24.4 -3.9318516552448273 9.912361912727357
    endloop
  endfacet
  facet normal 0.97284798690114 0.22699786361026578 0.04515267764789177
    outer loop
      vertex -23.700000002980232 -6.982889706534996 10.16894761502743
      vertex -24.4 -3.9318516552448273 9.912361912727357
      vertex -24.4 -3.9828897193074226 10.16894761502743
    endloop
  endfacet
  facet normal 0.9737332219361714 0.22720441845177305 0.014891767316019848
    outer loop
      vertex -23.700000002980232 -6.982889706534996 10.16894761502743
      vertex -24.4 -3.9828897193074226 10.16894761502743
      vertex -24.4 -4 10.430000000000001
    endloop
  endfacet
  facet normal 1 0 0
    outer loop
      vertex -24.4 -3.9318516552448273 9.912361912727357
      vertex -24.4 -4 13.930000000000001
      vertex -24.4 -4 10.430000000000001
    endloop
  endfacet
  facet normal 0.9737332219361714 0.22720441845177305 -0.014891767316020064
    outer loop
      vertex -23.700000002980232 -6.999999987227573 13.930000000000001
      vertex -24.4 -4 13.930000000000001
      vertex -23.700000002980232 -6.982889706534996 14.191052384972574
    endloop
  endfacet
  facet normal 0.9738412097417933 0.22722961560641822 0
    outer loop
      vertex -23.700000002980232 -6.999999987227573 13.930000000000001
      vertex -24.4 -4 10.430000000000001
      vertex -24.4 -4 13.930000000000001
    endloop
  endfacet
  facet normal 1 0 0
    outer loop
      vertex -24.4 -3.9318516552448273 9.912361912727357
      vertex -24.4 -3.732050806283951 14.930000000000001
      vertex -24.4 -4 13.930000000000001
    endloop
  endfacet
  facet normal 1 0 0
    outer loop
      vertex -24.4 -3.9318516552448273 9.912361912727357
      vertex -24.4 -2 8.430000000000001
      vertex -24.4 -3.732050806283951 14.930000000000001
    endloop
  endfacet
  facet normal 1 0 0
    outer loop
      vertex -24.4 -2 8.430000000000001
      vertex -24.4 2 15.930000000000001
      vertex -24.4 -3.732050806283951 14.930000000000001
    endloop
  endfacet
  facet normal 0.97284798690114 0.22699786361026578 -0.04515267764789165
    outer loop
      vertex -23.700000002980232 -6.982889706534996 14.191052384972574
      vertex -24.4 -3.9828897193074226 14.191052384972574
      vertex -23.700000002980232 -6.931851642472401 14.447638087272646
    endloop
  endfacet
  facet normal 0.9709570596519936 0.2265566472521316 -0.07690561681586217
    outer loop
      vertex -23.700000002980232 -6.931851642472401 14.447638087272646
      vertex -24.4 -3.9318516552448273 14.447638087272646
      vertex -23.700000002980232 -6.847759055239811 14.69536686718464
    endloop
  endfacet
  facet normal 0.9677840167357705 0.22581627057167952 -0.11136026623475617
    outer loop
      vertex -23.700000002980232 -6.847759055239811 14.69536686718464
      vertex -24.4 -3.8477590680122375 14.69536686718464
      vertex -23.700000002980232 -6.732050793511524 14.930000000000001
    endloop
  endfacet
  facet normal 0.9628069621009635 0.22465495782355788 -0.1501096387818233
    outer loop
      vertex -23.700000002980232 -6.732050793511524 14.930000000000001
      vertex -24.4 -3.732050806283951 14.930000000000001
      vertex -23.700000002980232 -6.5867066702672386 15.147522859573366
    endloop
  endfacet
  facet normal 1 0 0
    outer loop
      vertex -24.4 -4 13.930000000000001
      vertex -24.4 -3.9318516552448273 14.447638087272646
      vertex -24.4 -3.9828897193074226 14.191052384972574
    endloop
  endfacet
  facet normal 1 0 0
    outer loop
      vertex -24.4 -4 13.930000000000001
      vertex -24.4 -3.732050806283951 14.930000000000001
      vertex -24.4 -3.9318516552448273 14.447638087272646
    endloop
  endfacet
  facet normal 1 0 0
    outer loop
      vertex -24.4 -3.9318516552448273 14.447638087272646
      vertex -24.4 -3.732050806283951 14.930000000000001
      vertex -24.4 -3.8477590680122375 14.69536686718464
    endloop
  endfacet
  facet normal 0.9737332219361714 0.22720441845177305 -0.014891767316019848
    outer loop
      vertex -23.700000002980232 -6.982889706534996 14.191052384972574
      vertex -24.4 -4 13.930000000000001
      vertex -24.4 -3.9828897193074226 14.191052384972574
    endloop
  endfacet
  facet normal 0.97284798690114 0.22699786361026578 -0.04515267764789121
    outer loop
      vertex -23.700000002980232 -6.931851642472401 14.447638087272646
      vertex -24.4 -3.9828897193074226 14.191052384972574
      vertex -24.4 -3.9318516552448273 14.447638087272646
    endloop
  endfacet
  facet normal 0.9709570596519936 0.2265566472521316 -0.07690561681586208
    outer loop
      vertex -23.700000002980232 -6.847759055239811 14.69536686718464
      vertex -24.4 -3.9318516552448273 14.447638087272646
      vertex -24.4 -3.8477590680122375 14.69536686718464
    endloop
  endfacet
  facet normal 0.9550627911171021 0.22284798459399027 -0.19543244558160575
    outer loop
      vertex -23.700000002980232 -6.5867066702672386 15.147522859573366
      vertex -24.4 -3.5867066830396652 15.147522859573366
      vertex -23.700000002980232 -6.414213547749176 15.344213560521604
    endloop
  endfacet
  facet normal 0.9677840167357706 0.22581627057167955 -0.11136026623475581
    outer loop
      vertex -23.700000002980232 -6.732050793511524 14.930000000000001
      vertex -24.4 -3.8477590680122375 14.69536686718464
      vertex -24.4 -3.732050806283951 14.930000000000001
    endloop
  endfacet
  facet normal 0.9628069621009635 0.22465495782355788 -0.15010963878182282
    outer loop
      vertex -23.700000002980232 -6.5867066702672386 15.147522859573366
      vertex -24.4 -3.732050806283951 14.930000000000001
      vertex -24.4 -3.5867066830396652 15.147522859573366
    endloop
  endfacet
  facet normal 0.9427104261954777 0.2199657661122779 -0.2508228739189859
    outer loop
      vertex -23.700000002980232 -6.414213547749176 15.344213560521604
      vertex -24.4 -3.4142135605216026 15.344213560521604
      vertex -23.700000002980232 -6.217522846800938 15.516706683039667
    endloop
  endfacet
  facet normal 0.9219857548346142 0.21513000946140975 -0.3219648224747236
    outer loop
      vertex -23.700000002980232 -6.217522846800938 15.516706683039667
      vertex -24.4 -3.2175228595733643 15.516706683039667
      vertex -23.700000002980232 -5.999999987227573 15.662050806283952
    endloop
  endfacet
  facet normal 0.884464661205528 0.20637508761462295 -0.4184872594125745
    outer loop
      vertex -23.700000002980232 -5.999999987227573 15.662050806283952
      vertex -24.4 -3 15.662050806283952
      vertex -23.700000002980232 -5.765366854412212 15.777759068012239
    endloop
  endfacet
  facet normal 0.8092636699113018 0.1888281896459702 -0.5562699231099208
    outer loop
      vertex -23.700000002980232 -5.765366854412212 15.777759068012239
      vertex -24.4 -2.765366867184639 15.777759068012239
      vertex -23.700000002980232 -5.517638074500217 15.861851655244829
    endloop
  endfacet
  facet normal 0.9550627911171021 0.22284798459399027 -0.19543244558160525
    outer loop
      vertex -23.700000002980232 -6.414213547749176 15.344213560521604
      vertex -24.4 -3.5867066830396652 15.147522859573366
      vertex -24.4 -3.4142135605216026 15.344213560521604
    endloop
  endfacet
  facet normal 0.9427104261954778 0.21996576611227792 -0.25082287391898533
    outer loop
      vertex -23.700000002980232 -6.217522846800938 15.516706683039667
      vertex -24.4 -3.4142135605216026 15.344213560521604
      vertex -24.4 -3.2175228595733643 15.516706683039667
    endloop
  endfacet
  facet normal 0.9219857548346143 0.21513000946140978 -0.32196482247472324
    outer loop
      vertex -23.700000002980232 -5.999999987227573 15.662050806283952
      vertex -24.4 -3.2175228595733643 15.516706683039667
      vertex -24.4 -3 15.662050806283952
    endloop
  endfacet
  facet normal 0.8844646612055282 0.20637508761462303 -0.41848725941257386
    outer loop
      vertex -23.700000002980232 -5.765366854412212 15.777759068012239
      vertex -24.4 -3 15.662050806283952
      vertex -24.4 -2.765366867184639 15.777759068012239
    endloop
  endfacet
  facet normal 0.6414367687690351 0.14966857937944136 -0.7524348397154927
    outer loop
      vertex -23.700000002980232 -5.517638074500217 15.861851655244829
      vertex -24.4 -2.517638087272644 15.861851655244829
      vertex -23.700000002980232 -5.261052372200146 15.912889719307424
    endloop
  endfacet
  facet normal 0.2698970497656627 0.06297597827865456 -0.9608275644920049
    outer loop
      vertex -23.700000002980232 -5.261052372200146 15.912889719307424
      vertex -24.4 -2.2610523849725723 15.912889719307424
      vertex -23.700000002980232 -4.999999987227573 15.930000000000001
    endloop
  endfacet
  facet normal 1 0 0
    outer loop
      vertex -24.4 -3.732050806283951 14.930000000000001
      vertex -24.4 -3.2175228595733643 15.516706683039667
      vertex -24.4 -3.5867066830396652 15.147522859573366
    endloop
  endfacet
  facet normal 1 0 0
    outer loop
      vertex -24.4 -3.5867066830396652 15.147522859573366
      vertex -24.4 -3.2175228595733643 15.516706683039667
      vertex -24.4 -3.4142135605216026 15.344213560521604
    endloop
  endfacet
  facet normal 1 0 0
    outer loop
      vertex -24.4 -3.732050806283951 14.930000000000001
      vertex -24.4 -2.2610523849725723 15.912889719307424
      vertex -24.4 -3.2175228595733643 15.516706683039667
    endloop
  endfacet
  facet normal 1 0 0
    outer loop
      vertex -24.4 -3.2175228595733643 15.516706683039667
      vertex -24.4 -2.765366867184639 15.777759068012239
      vertex -24.4 -3 15.662050806283952
    endloop
  endfacet
  facet normal 1 0 0
    outer loop
      vertex -24.4 -3.2175228595733643 15.516706683039667
      vertex -24.4 -2.2610523849725723 15.912889719307424
      vertex -24.4 -2.765366867184639 15.777759068012239
    endloop
  endfacet
  facet normal 1 0 0
    outer loop
      vertex -24.4 -2.765366867184639 15.777759068012239
      vertex -24.4 -2.2610523849725723 15.912889719307424
      vertex -24.4 -2.517638087272644 15.861851655244829
    endloop
  endfacet
  facet normal 0.8092636699113019 0.18882818964597023 -0.5562699231099205
    outer loop
      vertex -23.700000002980232 -5.517638074500217 15.861851655244829
      vertex -24.4 -2.765366867184639 15.777759068012239
      vertex -24.4 -2.517638087272644 15.861851655244829
    endloop
  endfacet
  facet normal 0.6414367687690358 0.1496685793794415 -0.7524348397154922
    outer loop
      vertex -23.700000002980232 -5.261052372200146 15.912889719307424
      vertex -24.4 -2.517638087272644 15.861851655244829
      vertex -24.4 -2.2610523849725723 15.912889719307424
    endloop
  endfacet
  facet normal 0.2698970497656629 0.06297597827865462 -0.9608275644920049
    outer loop
      vertex -23.700000002980232 -4.999999987227573 15.930000000000001
      vertex -24.4 -2.2610523849725723 15.912889719307424
      vertex -24.4 -2 15.930000000000001
    endloop
  endfacet
  facet normal 1 0 0
    outer loop
      vertex -24.4 -3.732050806283951 14.930000000000001
      vertex -24.4 2 15.930000000000001
      vertex -24.4 -2.2610523849725723 15.912889719307424
    endloop
  endfacet
  facet normal 1 0 0
    outer loop
      vertex -24.4 -2.2610523849725723 15.912889719307424
      vertex -24.4 2 15.930000000000001
      vertex -24.4 -2 15.930000000000001
    endloop
  endfacet
  facet normal 0 0 -1
    outer loop
      vertex -23.700000002980232 -4.999999987227573 15.930000000000001
      vertex -24.4 -2 15.930000000000001
      vertex -23.700000002980232 4.999999987227573 15.930000000000001
    endloop
  endfacet
  facet normal 1 0 0
    outer loop
      vertex -24.4 -2 8.430000000000001
      vertex -24.4 2 8.430000000000001
      vertex -24.4 2.2610523849725723 8.447110280692579
    endloop
  endfacet
  facet normal 1 0 0
    outer loop
      vertex -24.4 -2 8.430000000000001
      vertex -24.4 2.2610523849725723 8.447110280692579
      vertex -24.4 3.732050806283951 9.430000000000001
    endloop
  endfacet
  facet normal 0 0 1
    outer loop
      vertex -23.700000002980232 -4.999999987227573 8.430000000000001
      vertex -23.700000002980232 4.999999987227573 8.430000000000001
      vertex -24.4 2 8.430000000000001
    endloop
  endfacet
  facet normal 1 0 0
    outer loop
      vertex -24.4 2.2610523849725723 8.447110280692579
      vertex -24.4 2.517638087272644 8.498148344755174
      vertex -24.4 3.2175228595733643 8.843293316960336
    endloop
  endfacet
  facet normal 1 0 0
    outer loop
      vertex -24.4 2.517638087272644 8.498148344755174
      vertex -24.4 2.765366867184639 8.582240931987764
      vertex -24.4 3.2175228595733643 8.843293316960336
    endloop
  endfacet
  facet normal 1 0 0
    outer loop
      vertex -24.4 2.765366867184639 8.582240931987764
      vertex -24.4 3 8.69794919371605
      vertex -24.4 3.2175228595733643 8.843293316960336
    endloop
  endfacet
  facet normal 1 0 0
    outer loop
      vertex -24.4 2.2610523849725723 8.447110280692579
      vertex -24.4 3.2175228595733643 8.843293316960336
      vertex -24.4 3.732050806283951 9.430000000000001
    endloop
  endfacet
  facet normal 1 0 0
    outer loop
      vertex -24.4 3.2175228595733643 8.843293316960336
      vertex -24.4 3.4142135605216026 9.015786439478399
      vertex -24.4 3.5867066830396652 9.212477140426637
    endloop
  endfacet
  facet normal 1 0 0
    outer loop
      vertex -24.4 3.2175228595733643 8.843293316960336
      vertex -24.4 3.5867066830396652 9.212477140426637
      vertex -24.4 3.732050806283951 9.430000000000001
    endloop
  endfacet
  facet normal 0.2698970497656627 -0.06297597827865456 0.9608275644920049
    outer loop
      vertex -24.4 2 8.430000000000001
      vertex -23.700000002980232 4.999999987227573 8.430000000000001
      vertex -24.4 2.2610523849725723 8.447110280692579
    endloop
  endfacet
  facet normal 0.6414367687690351 -0.14966857937944136 0.7524348397154927
    outer loop
      vertex -24.4 2.2610523849725723 8.447110280692579
      vertex -23.700000002980232 5.261052372200146 8.447110280692579
      vertex -24.4 2.517638087272644 8.498148344755174
    endloop
  endfacet
  facet normal 0.8092636699113018 -0.1888281896459702 0.5562699231099208
    outer loop
      vertex -24.4 2.517638087272644 8.498148344755174
      vertex -23.700000002980232 5.517638074500217 8.498148344755174
      vertex -24.4 2.765366867184639 8.582240931987764
    endloop
  endfacet
  facet normal 0.884464661205528 -0.20637508761462295 0.4184872594125745
    outer loop
      vertex -24.4 2.765366867184639 8.582240931987764
      vertex -23.700000002980232 5.765366854412212 8.582240931987764
      vertex -24.4 3 8.69794919371605
    endloop
  endfacet
  facet normal 0.9219857548346142 -0.21513000946140975 0.3219648224747236
    outer loop
      vertex -24.4 3 8.69794919371605
      vertex -23.700000002980232 5.999999987227573 8.69794919371605
      vertex -24.4 3.2175228595733643 8.843293316960336
    endloop
  endfacet
  facet normal 0.2698970497656629 -0.06297597827865462 0.9608275644920049
    outer loop
      vertex -24.4 2.2610523849725723 8.447110280692579
      vertex -23.700000002980232 4.999999987227573 8.430000000000001
      vertex -23.700000002980232 5.261052372200146 8.447110280692579
    endloop
  endfacet
  facet normal 0.6414367687690358 -0.1496685793794415 0.7524348397154922
    outer loop
      vertex -24.4 2.517638087272644 8.498148344755174
      vertex -23.700000002980232 5.261052372200146 8.447110280692579
      vertex -23.700000002980232 5.517638074500217 8.498148344755174
    endloop
  endfacet
  facet normal 0.9427104261954777 -0.2199657661122779 0.2508228739189859
    outer loop
      vertex -24.4 3.2175228595733643 8.843293316960336
      vertex -23.700000002980232 6.217522846800938 8.843293316960336
      vertex -24.4 3.4142135605216026 9.015786439478399
    endloop
  endfacet
  facet normal 0.9550627911171021 -0.22284798459399027 0.19543244558160575
    outer loop
      vertex -24.4 3.4142135605216026 9.015786439478399
      vertex -23.700000002980232 6.414213547749176 9.015786439478399
      vertex -24.4 3.5867066830396652 9.212477140426637
    endloop
  endfacet
  facet normal 0.8092636699113019 -0.18882818964597023 0.5562699231099205
    outer loop
      vertex -24.4 2.765366867184639 8.582240931987764
      vertex -23.700000002980232 5.517638074500217 8.498148344755174
      vertex -23.700000002980232 5.765366854412212 8.582240931987764
    endloop
  endfacet
  facet normal 0.8844646612055282 -0.20637508761462303 0.41848725941257386
    outer loop
      vertex -24.4 3 8.69794919371605
      vertex -23.700000002980232 5.765366854412212 8.582240931987764
      vertex -23.700000002980232 5.999999987227573 8.69794919371605
    endloop
  endfacet
  facet normal 0.9219857548346143 -0.21513000946140978 0.32196482247472324
    outer loop
      vertex -24.4 3.2175228595733643 8.843293316960336
      vertex -23.700000002980232 5.999999987227573 8.69794919371605
      vertex -23.700000002980232 6.217522846800938 8.843293316960336
    endloop
  endfacet
  facet normal 0.9628069621009635 -0.22465495782355788 0.1501096387818233
    outer loop
      vertex -24.4 3.5867066830396652 9.212477140426637
      vertex -23.700000002980232 6.5867066702672386 9.212477140426637
      vertex -24.4 3.732050806283951 9.430000000000001
    endloop
  endfacet
  facet normal 0.9427104261954778 -0.21996576611227792 0.25082287391898533
    outer loop
      vertex -24.4 3.4142135605216026 9.015786439478399
      vertex -23.700000002980232 6.217522846800938 8.843293316960336
      vertex -23.700000002980232 6.414213547749176 9.015786439478399
    endloop
  endfacet
  facet normal 0.9550627911171021 -0.22284798459399027 0.19543244558160525
    outer loop
      vertex -24.4 3.5867066830396652 9.212477140426637
      vertex -23.700000002980232 6.414213547749176 9.015786439478399
      vertex -23.700000002980232 6.5867066702672386 9.212477140426637
    endloop
  endfacet
  facet normal 0.9628069621009635 -0.22465495782355788 0.15010963878182282
    outer loop
      vertex -24.4 3.732050806283951 9.430000000000001
      vertex -23.700000002980232 6.5867066702672386 9.212477140426637
      vertex -23.700000002980232 6.732050793511524 9.430000000000001
    endloop
  endfacet
  facet normal 1 0 0
    outer loop
      vertex -24.4 -2 8.430000000000001
      vertex -24.4 3.732050806283951 9.430000000000001
      vertex -24.4 2 15.930000000000001
    endloop
  endfacet
  facet normal 1 0 0
    outer loop
      vertex -24.4 3.732050806283951 9.430000000000001
      vertex -24.4 3.732050806283951 14.930000000000001
      vertex -24.4 2 15.930000000000001
    endloop
  endfacet
  facet normal 1 0 0
    outer loop
      vertex -24.4 3.732050806283951 9.430000000000001
      vertex -24.4 3.8477590680122375 9.664633132815363
      vertex -24.4 4 10.430000000000001
    endloop
  endfacet
  facet normal 1 0 0
    outer loop
      vertex -24.4 3.8477590680122375 9.664633132815363
      vertex -24.4 3.9318516552448273 9.912361912727357
      vertex -24.4 4 10.430000000000001
    endloop
  endfacet
  facet normal 1 0 0
    outer loop
      vertex -24.4 3.9318516552448273 9.912361912727357
      vertex -24.4 3.9828897193074226 10.16894761502743
      vertex -24.4 4 10.430000000000001
    endloop
  endfacet
  facet normal 0.9677840167357705 -0.22581627057167952 0.11136026623475617
    outer loop
      vertex -24.4 3.732050806283951 9.430000000000001
      vertex -23.700000002980232 6.732050793511524 9.430000000000001
      vertex -24.4 3.8477590680122375 9.664633132815363
    endloop
  endfacet
  facet normal 0.9709570596519936 -0.2265566472521316 0.07690561681586217
    outer loop
      vertex -24.4 3.8477590680122375 9.664633132815363
      vertex -23.700000002980232 6.847759055239811 9.664633132815363
      vertex -24.4 3.9318516552448273 9.912361912727357
    endloop
  endfacet
  facet normal 0.97284798690114 -0.22699786361026578 0.04515267764789165
    outer loop
      vertex -24.4 3.9318516552448273 9.912361912727357
      vertex -23.700000002980232 6.931851642472401 9.912361912727357
      vertex -24.4 3.9828897193074226 10.16894761502743
    endloop
  endfacet
  facet normal 0.9737332219361714 -0.22720441845177305 0.014891767316020064
    outer loop
      vertex -24.4 3.9828897193074226 10.16894761502743
      vertex -23.700000002980232 6.982889706534996 10.16894761502743
      vertex -24.4 4 10.430000000000001
    endloop
  endfacet
  facet normal 1 0 0
    outer loop
      vertex -24.4 3.732050806283951 9.430000000000001
      vertex -24.4 4 10.430000000000001
      vertex -24.4 3.732050806283951 14.930000000000001
    endloop
  endfacet
  facet normal 0.9738412097417933 -0.22722961560641822 0
    outer loop
      vertex -24.4 4 10.430000000000001
      vertex -23.700000002980232 6.999999987227573 10.430000000000001
      vertex -24.4 4 13.930000000000001
    endloop
  endfacet
  facet normal 0.9677840167357706 -0.22581627057167955 0.11136026623475581
    outer loop
      vertex -24.4 3.8477590680122375 9.664633132815363
      vertex -23.700000002980232 6.732050793511524 9.430000000000001
      vertex -23.700000002980232 6.847759055239811 9.664633132815363
    endloop
  endfacet
  facet normal 0.9709570596519936 -0.2265566472521316 0.07690561681586208
    outer loop
      vertex -24.4 3.9318516552448273 9.912361912727357
      vertex -23.700000002980232 6.847759055239811 9.664633132815363
      vertex -23.700000002980232 6.931851642472401 9.912361912727357
    endloop
  endfacet
  facet normal 0.97284798690114 -0.22699786361026578 0.04515267764789121
    outer loop
      vertex -24.4 3.9828897193074226 10.16894761502743
      vertex -23.700000002980232 6.931851642472401 9.912361912727357
      vertex -23.700000002980232 6.982889706534996 10.16894761502743
    endloop
  endfacet
  facet normal 0.9737332219361714 -0.22720441845177305 0.014891767316019848
    outer loop
      vertex -24.4 4 10.430000000000001
      vertex -23.700000002980232 6.982889706534996 10.16894761502743
      vertex -23.700000002980232 6.999999987227573 10.430000000000001
    endloop
  endfacet
  facet normal 1 0 0
    outer loop
      vertex -24.4 4 10.430000000000001
      vertex -24.4 4 13.930000000000001
      vertex -24.4 3.732050806283951 14.930000000000001
    endloop
  endfacet
  facet normal 0.9738412097417933 -0.22722961560641822 0
    outer loop
      vertex -24.4 4 13.930000000000001
      vertex -23.700000002980232 6.999999987227573 10.430000000000001
      vertex -23.700000002980232 6.999999987227573 13.930000000000001
    endloop
  endfacet
  facet normal 0.9737332219361714 -0.22720441845177305 -0.014891767316019848
    outer loop
      vertex -24.4 4 13.930000000000001
      vertex -23.700000002980232 6.999999987227573 13.930000000000001
      vertex -23.700000002980232 6.982889706534996 14.191052384972574
    endloop
  endfacet
  facet normal 0 0 -1
    outer loop
      vertex -24.4 -2 15.930000000000001
      vertex -24.4 2 15.930000000000001
      vertex -23.700000002980232 4.999999987227573 15.930000000000001
    endloop
  endfacet
  facet normal 1 0 0
    outer loop
      vertex -24.4 3.5867066830396652 15.147522859573366
      vertex -24.4 3.4142135605216026 15.344213560521604
      vertex -24.4 3.732050806283951 14.930000000000001
    endloop
  endfacet
  facet normal 1 0 0
    outer loop
      vertex -24.4 2 15.930000000000001
      vertex -24.4 3 15.662050806283952
      vertex -24.4 2.517638087272644 15.861851655244829
    endloop
  endfacet
  facet normal 1 0 0
    outer loop
      vertex -24.4 2.517638087272644 15.861851655244829
      vertex -24.4 3 15.662050806283952
      vertex -24.4 2.765366867184639 15.777759068012239
    endloop
  endfacet
  facet normal 1 0 0
    outer loop
      vertex -24.4 2 15.930000000000001
      vertex -24.4 2.517638087272644 15.861851655244829
      vertex -24.4 2.2610523849725723 15.912889719307424
    endloop
  endfacet
  facet normal 1 0 0
    outer loop
      vertex -24.4 2 15.930000000000001
      vertex -24.4 3.732050806283951 14.930000000000001
      vertex -24.4 3 15.662050806283952
    endloop
  endfacet
  facet normal 1 0 0
    outer loop
      vertex -24.4 3.2175228595733643 15.516706683039667
      vertex -24.4 3 15.662050806283952
      vertex -24.4 3.4142135605216026 15.344213560521604
    endloop
  endfacet
  facet normal 1 0 0
    outer loop
      vertex -24.4 3 15.662050806283952
      vertex -24.4 3.732050806283951 14.930000000000001
      vertex -24.4 3.4142135605216026 15.344213560521604
    endloop
  endfacet
  facet normal 0.8092636699113018 -0.1888281896459702 -0.5562699231099208
    outer loop
      vertex -24.4 2.517638087272644 15.861851655244829
      vertex -24.4 2.765366867184639 15.777759068012239
      vertex -23.700000002980232 5.765366854412212 15.777759068012239
    endloop
  endfacet
  facet normal 0.2698970497656627 -0.06297597827865456 -0.9608275644920049
    outer loop
      vertex -24.4 2 15.930000000000001
      vertex -24.4 2.2610523849725723 15.912889719307424
      vertex -23.700000002980232 5.261052372200146 15.912889719307424
    endloop
  endfacet
  facet normal 0.6414367687690351 -0.14966857937944136 -0.7524348397154927
    outer loop
      vertex -24.4 2.2610523849725723 15.912889719307424
      vertex -24.4 2.517638087272644 15.861851655244829
      vertex -23.700000002980232 5.261052372200146 15.912889719307424
    endloop
  endfacet
  facet normal 1 0 0
    outer loop
      vertex -24.4 4 13.930000000000001
      vertex -24.4 3.9828897193074226 14.191052384972574
      vertex -24.4 3.9318516552448273 14.447638087272646
    endloop
  endfacet
  facet normal 1 0 0
    outer loop
      vertex -24.4 4 13.930000000000001
      vertex -24.4 3.9318516552448273 14.447638087272646
      vertex -24.4 3.732050806283951 14.930000000000001
    endloop
  endfacet
  facet normal 1 0 0
    outer loop
      vertex -24.4 3.9318516552448273 14.447638087272646
      vertex -24.4 3.8477590680122375 14.69536686718464
      vertex -24.4 3.732050806283951 14.930000000000001
    endloop
  endfacet
  facet normal 0.9550627911171021 -0.22284798459399027 -0.19543244558160575
    outer loop
      vertex -24.4 3.5867066830396652 15.147522859573366
      vertex -23.700000002980232 6.5867066702672386 15.147522859573366
      vertex -24.4 3.4142135605216026 15.344213560521604
    endloop
  endfacet
  facet normal 0.9737332219361714 -0.22720441845177305 -0.014891767316020064
    outer loop
      vertex -24.4 4 13.930000000000001
      vertex -23.700000002980232 6.982889706534996 14.191052384972574
      vertex -24.4 3.9828897193074226 14.191052384972574
    endloop
  endfacet
  facet normal 0.97284798690114 -0.22699786361026578 -0.04515267764789165
    outer loop
      vertex -24.4 3.9828897193074226 14.191052384972574
      vertex -23.700000002980232 6.982889706534996 14.191052384972574
      vertex -24.4 3.9318516552448273 14.447638087272646
    endloop
  endfacet
  facet normal 0.9709570596519936 -0.2265566472521316 -0.07690561681586217
    outer loop
      vertex -24.4 3.9318516552448273 14.447638087272646
      vertex -23.700000002980232 6.847759055239811 14.69536686718464
      vertex -24.4 3.8477590680122375 14.69536686718464
    endloop
  endfacet
  facet normal 0.9677840167357705 -0.22581627057167952 -0.11136026623475617
    outer loop
      vertex -24.4 3.8477590680122375 14.69536686718464
      vertex -23.700000002980232 6.847759055239811 14.69536686718464
      vertex -24.4 3.732050806283951 14.930000000000001
    endloop
  endfacet
  facet normal 0.9628069621009635 -0.22465495782355788 -0.1501096387818233
    outer loop
      vertex -24.4 3.5867066830396652 15.147522859573366
      vertex -24.4 3.732050806283951 14.930000000000001
      vertex -23.700000002980232 6.5867066702672386 15.147522859573366
    endloop
  endfacet
  facet normal 0.884464661205528 -0.20637508761462295 -0.4184872594125745
    outer loop
      vertex -24.4 2.765366867184639 15.777759068012239
      vertex -24.4 3 15.662050806283952
      vertex -23.700000002980232 5.765366854412212 15.777759068012239
    endloop
  endfacet
  facet normal 0.9219857548346142 -0.21513000946140975 -0.3219648224747236
    outer loop
      vertex -24.4 3.2175228595733643 15.516706683039667
      vertex -23.700000002980232 6.217522846800938 15.516706683039667
      vertex -24.4 3 15.662050806283952
    endloop
  endfacet
  facet normal 0.9427104261954777 -0.2199657661122779 -0.2508228739189859
    outer loop
      vertex -24.4 3.2175228595733643 15.516706683039667
      vertex -24.4 3.4142135605216026 15.344213560521604
      vertex -23.700000002980232 6.217522846800938 15.516706683039667
    endloop
  endfacet
  facet normal 0.8092636699113014 -0.1888281896459701 -0.5562699231099215
    outer loop
      vertex -24.4 2.517638087272644 15.861851655244829
      vertex -23.700000002980232 5.765366854412212 15.777759068012239
      vertex -23.700000002980232 5.517638074500217 15.861851655244829
    endloop
  endfacet
  facet normal 0.2698970497656626 -0.06297597827865453 -0.9608275644920049
    outer loop
      vertex -24.4 2 15.930000000000001
      vertex -23.700000002980232 5.261052372200146 15.912889719307424
      vertex -23.700000002980232 4.999999987227573 15.930000000000001
    endloop
  endfacet
  facet normal 0.6414367687690358 -0.1496685793794415 -0.7524348397154922
    outer loop
      vertex -24.4 2.517638087272644 15.861851655244829
      vertex -23.700000002980232 5.517638074500217 15.861851655244829
      vertex -23.700000002980232 5.261052372200146 15.912889719307424
    endloop
  endfacet
  facet normal 0.8844646612055282 -0.20637508761462303 -0.41848725941257386
    outer loop
      vertex -24.4 3 15.662050806283952
      vertex -23.700000002980232 5.999999987227573 15.662050806283952
      vertex -23.700000002980232 5.765366854412212 15.777759068012239
    endloop
  endfacet
  facet normal 0.9219857548346142 -0.21513000946140975 -0.3219648224747237
    outer loop
      vertex -24.4 3 15.662050806283952
      vertex -23.700000002980232 6.217522846800938 15.516706683039667
      vertex -23.700000002980232 5.999999987227573 15.662050806283952
    endloop
  endfacet
  facet normal 0.9427104261954778 -0.21996576611227792 -0.25082287391898533
    outer loop
      vertex -24.4 3.4142135605216026 15.344213560521604
      vertex -23.700000002980232 6.414213547749176 15.344213560521604
      vertex -23.700000002980232 6.217522846800938 15.516706683039667
    endloop
  endfacet
  facet normal 0.955062791117102 -0.22284798459399024 -0.1954324455816059
    outer loop
      vertex -24.4 3.4142135605216026 15.344213560521604
      vertex -23.700000002980232 6.5867066702672386 15.147522859573366
      vertex -23.700000002980232 6.414213547749176 15.344213560521604
    endloop
  endfacet
  facet normal 0.97284798690114 -0.22699786361026578 -0.04515267764789177
    outer loop
      vertex -24.4 3.9318516552448273 14.447638087272646
      vertex -23.700000002980232 6.982889706534996 14.191052384972574
      vertex -23.700000002980232 6.931851642472401 14.447638087272646
    endloop
  endfacet
  facet normal 0.9709570596519936 -0.2265566472521316 -0.07690561681586208
    outer loop
      vertex -24.4 3.9318516552448273 14.447638087272646
      vertex -23.700000002980232 6.931851642472401 14.447638087272646
      vertex -23.700000002980232 6.847759055239811 14.69536686718464
    endloop
  endfacet
  facet normal 0.9677840167357705 -0.22581627057167952 -0.11136026623475641
    outer loop
      vertex -24.4 3.732050806283951 14.930000000000001
      vertex -23.700000002980232 6.847759055239811 14.69536686718464
      vertex -23.700000002980232 6.732050793511524 14.930000000000001
    endloop
  endfacet
  facet normal 0.9628069621009635 -0.22465495782355788 -0.15010963878182282
    outer loop
      vertex -24.4 3.732050806283951 14.930000000000001
      vertex -23.700000002980232 6.732050793511524 14.930000000000001
      vertex -23.700000002980232 6.5867066702672386 15.147522859573366
    endloop
  endfacet
  facet normal 0.7084885230817386 0 0.7057223339681526
    outer loop
      vertex 14.899999999999999 -12.899999999999999 0.8
      vertex 15.696876517799831 -12.899999999999999 0
      vertex 14.899999999999999 -12.899999998509884 0.8
    endloop
  endfacet
  facet normal 0.7084885230817387 0 0.7057223339681526
    outer loop
      vertex 14.899999999999999 -12.899999998509884 0.8
      vertex 15.696876517799831 -12.899999999999999 0
      vertex 14.899999999999999 -10.7 0.8
    endloop
  endfacet
  facet normal 1 0 0
    outer loop
      vertex 14.899999999999999 -12.899999999999999 0.8
      vertex 14.899999999999999 -12.899999998509884 0.8
      vertex 14.899999999999999 -12.899999998509884 1.3
    endloop
  endfacet
  facet normal 1 0 0
    outer loop
      vertex 14.899999999999999 -12.899999999999999 0.8
      vertex 14.899999999999999 -12.899999998509884 1.3
      vertex 14.899999999999999 -12.899999999999999 1.3
    endloop
  endfacet
  facet normal 0.7084885230817386 0 0.7057223339681525
    outer loop
      vertex 14.899999999999999 -10.7 0.8
      vertex 15.696876517799831 -12.899999999999999 0
      vertex 15.696876517799831 -10.7 0
    endloop
  endfacet
  facet normal 0 1 0
    outer loop
      vertex 14.899999999999999 -12.899999999999999 0.8
      vertex 23.9 -12.899999999999999 0
      vertex 15.696876517799831 -12.899999999999999 0
    endloop
  endfacet
  facet normal 0 1 0
    outer loop
      vertex 14.899999999999999 -12.899999999999999 0.8
      vertex 14.899999999999999 -12.899999999999999 1.3
      vertex 23.9 -12.899999999999999 0
    endloop
  endfacet
  facet normal 0 0 -1
    outer loop
      vertex 14.899999999999999 -12.899999999999999 1.3
      vertex 14.899999999999999 -12.899999998509884 1.3
      vertex 20.899999998509884 -12.899999998509884 1.3
    endloop
  endfacet
  facet normal 0 -1 0
    outer loop
      vertex 14.899999999999999 -10.7 0.8
      vertex 15.696876517799831 -10.7 0
      vertex 23.789785748815273 -10.7 0.8
    endloop
  endfacet
  facet normal 0 1 0
    outer loop
      vertex 14.899999999999999 -12.899999999999999 1.3
      vertex 23.9 -12.899999999999999 1.3
      vertex 23.9 -12.899999999999999 0
    endloop
  endfacet
  facet normal 0 0 -1
    outer loop
      vertex 14.899999999999999 -12.899999999999999 1.3
      vertex 20.899999998509884 -12.899999998509884 1.3
      vertex 23.9 -12.899999999999999 1.3
    endloop
  endfacet
  facet normal 0 0 -1
    outer loop
      vertex 20.899999998509884 -12.899999998509884 1.3
      vertex 21.291578575968742 -12.874334581196308 1.3
      vertex 23.9 -12.899999999999999 1.3
    endloop
  endfacet
  facet normal 0 0 -1
    outer loop
      vertex 21.291578575968742 -12.874334581196308 1.3
      vertex 21.67645713686943 -12.797777473926544 1.3
      vertex 23.9 -12.899999999999999 1.3
    endloop
  endfacet
  facet normal 0 0 -1
    outer loop
      vertex 21.67645713686943 -12.797777473926544 1.3
      vertex 22.048050299286842 -12.67163859307766 1.3
      vertex 23.9 -12.899999999999999 1.3
    endloop
  endfacet
  facet normal -1 0 0
    outer loop
      vertex 23.9 -12.899999999999999 1.3
      vertex 23.9 -10.7 0
      vertex 23.9 -12.899999999999999 0
    endloop
  endfacet
  facet normal -1 0 0
    outer loop
      vertex 23.9 -12.899999999999999 1.3
      vertex 23.9 -10.7 1.3
      vertex 23.9 -10.7 0
    endloop
  endfacet
  facet normal 0 0 -1
    outer loop
      vertex 22.048050299286842 -12.67163859307766 1.3
      vertex 22.399999998509884 -12.49807620793581 1.3
      vertex 23.9 -12.899999999999999 1.3
    endloop
  endfacet
  facet normal 0 0 -1
    outer loop
      vertex 22.399999998509884 -12.49807620793581 1.3
      vertex 22.72628428786993 -12.280060023069382 1.3
      vertex 23.9 -12.899999999999999 1.3
    endloop
  endfacet
  facet normal 0 0 -1
    outer loop
      vertex 22.72628428786993 -12.280060023069382 1.3
      vertex 23.021320343017578 -12.021320343017578 1.3
      vertex 23.9 -12.899999999999999 1.3
    endloop
  endfacet
  facet normal 0 0 -1
    outer loop
      vertex 23.9 -12.899999999999999 1.3
      vertex 23.021320343017578 -12.021320343017578 1.3
      vertex 23.28006002306938 -11.72628428786993 1.3
    endloop
  endfacet
  facet normal 0 0 -1
    outer loop
      vertex 23.9 -12.899999999999999 1.3
      vertex 23.28006002306938 -11.72628428786993 1.3
      vertex 23.49807620793581 -11.399999998509884 1.3
    endloop
  endfacet
  facet normal 0 0 -1
    outer loop
      vertex 23.9 -12.899999999999999 1.3
      vertex 23.49807620793581 -11.399999998509884 1.3
      vertex 23.67163859307766 -11.048050299286842 1.3
    endloop
  endfacet
  facet normal 0 0 -1
    outer loop
      vertex 23.9 -12.899999999999999 1.3
      vertex 23.67163859307766 -11.048050299286842 1.3
      vertex 23.789785748815273 -10.7 1.3
    endloop
  endfacet
  facet normal 0 0 -1
    outer loop
      vertex 23.9 -12.899999999999999 1.3
      vertex 23.789785748815273 -10.7 1.3
      vertex 23.9 -10.7 1.3
    endloop
  endfacet
  facet normal 0 -1 0
    outer loop
      vertex 23.789785748815273 -10.7 0.8
      vertex 15.696876517799831 -10.7 0
      vertex 23.9 -10.7 0
    endloop
  endfacet
  facet normal 0 -1 0
    outer loop
      vertex 23.789785748815273 -10.7 0.8
      vertex 23.9 -10.7 0
      vertex 23.9 -10.7 1.3
    endloop
  endfacet
  facet normal 0 -1 0
    outer loop
      vertex 23.789785748815273 -10.7 0.8
      vertex 23.9 -10.7 1.3
      vertex 23.789785748815273 -10.7 1.3
    endloop
  endfacet
  facet normal 1 0 0
    outer loop
      vertex -23.9 -12.899999999999999 1.3
      vertex -23.9 -12.899999999999999 0
      vertex -23.9 -10.7 1.3
    endloop
  endfacet
  facet normal 1 0 0
    outer loop
      vertex -23.9 -10.7 1.3
      vertex -23.9 -12.899999999999999 0
      vertex -23.9 -10.7 0
    endloop
  endfacet
  facet normal 0 0 -1
    outer loop
      vertex -23.9 -12.899999999999999 1.3
      vertex -22.72628428786993 -12.280060023069382 1.3
      vertex -22.399999998509884 -12.49807620793581 1.3
    endloop
  endfacet
  facet normal 0 0 -1
    outer loop
      vertex -23.9 -12.899999999999999 1.3
      vertex -22.399999998509884 -12.49807620793581 1.3
      vertex -22.048050299286842 -12.67163859307766 1.3
    endloop
  endfacet
  facet normal 0 0 -1
    outer loop
      vertex -23.9 -12.899999999999999 1.3
      vertex -23.021320343017578 -12.021320343017578 1.3
      vertex -22.72628428786993 -12.280060023069382 1.3
    endloop
  endfacet
  facet normal 0 0 -1
    outer loop
      vertex -23.9 -12.899999999999999 1.3
      vertex -23.28006002306938 -11.72628428786993 1.3
      vertex -23.021320343017578 -12.021320343017578 1.3
    endloop
  endfacet
  facet normal 0 0 -1
    outer loop
      vertex -23.9 -12.899999999999999 1.3
      vertex -23.49807620793581 -11.399999998509884 1.3
      vertex -23.28006002306938 -11.72628428786993 1.3
    endloop
  endfacet
  facet normal 0 0 -1
    outer loop
      vertex -23.9 -12.899999999999999 1.3
      vertex -23.67163859307766 -11.048050299286842 1.3
      vertex -23.49807620793581 -11.399999998509884 1.3
    endloop
  endfacet
  facet normal 0 0 -1
    outer loop
      vertex -23.9 -12.899999999999999 1.3
      vertex -23.9 -10.7 1.3
      vertex -23.67163859307766 -11.048050299286842 1.3
    endloop
  endfacet
  facet normal 0 1 0
    outer loop
      vertex -23.9 -12.899999999999999 1.3
      vertex -15.696876517799831 -12.899999999999999 0
      vertex -23.9 -12.899999999999999 0
    endloop
  endfacet
  facet normal 0 0 -1
    outer loop
      vertex -23.9 -12.899999999999999 1.3
      vertex -22.048050299286842 -12.67163859307766 1.3
      vertex -21.67645713686943 -12.797777473926544 1.3
    endloop
  endfacet
  facet normal 0 0 -1
    outer loop
      vertex -23.9 -12.899999999999999 1.3
      vertex -21.67645713686943 -12.797777473926544 1.3
      vertex -21.291578575968742 -12.874334581196308 1.3
    endloop
  endfacet
  facet normal 0 0 -1
    outer loop
      vertex -23.9 -12.899999999999999 1.3
      vertex -21.291578575968742 -12.874334581196308 1.3
      vertex -20.899999998509884 -12.899999998509884 1.3
    endloop
  endfacet
  facet normal 0 0 -1
    outer loop
      vertex -23.9 -12.899999999999999 1.3
      vertex -20.899999998509884 -12.899999998509884 1.3
      vertex -14.899999999999999 -12.899999999999999 1.3
    endloop
  endfacet
  facet normal 0 -1 0
    outer loop
      vertex -23.789785748815273 -10.7 0.8
      vertex -23.789785748815273 -10.7 1.3
      vertex -23.9 -10.7 0
    endloop
  endfacet
  facet normal 0 -1 0
    outer loop
      vertex -23.9 -10.7 1.3
      vertex -23.9 -10.7 0
      vertex -23.789785748815273 -10.7 1.3
    endloop
  endfacet
  facet normal 0 0 -1
    outer loop
      vertex -23.67163859307766 -11.048050299286842 1.3
      vertex -23.9 -10.7 1.3
      vertex -23.789785748815273 -10.7 1.3
    endloop
  endfacet
  facet normal 0 -1 0
    outer loop
      vertex -23.789785748815273 -10.7 0.8
      vertex -23.9 -10.7 0
      vertex -14.899999999999999 -10.7 0.8
    endloop
  endfacet
  facet normal 0 1 0
    outer loop
      vertex -23.9 -12.899999999999999 1.3
      vertex -14.899999999999999 -12.899999999999999 1.3
      vertex -15.696876517799831 -12.899999999999999 0
    endloop
  endfacet
  facet normal 0 0 -1
    outer loop
      vertex -20.899999998509884 -12.899999998509884 1.3
      vertex -14.899999999999999 -12.899999998509884 1.3
      vertex -14.899999999999999 -12.899999999999999 1.3
    endloop
  endfacet
  facet normal -0.7084885230817386 0 0.7057223339681525
    outer loop
      vertex -14.899999999999999 -12.899999999999999 0.8
      vertex -15.696876517799831 -10.7 0
      vertex -15.696876517799831 -12.899999999999999 0
    endloop
  endfacet
  facet normal -0.7084885230817386 0 0.7057223339681526
    outer loop
      vertex -14.899999999999999 -12.899999999999999 0.8
      vertex -14.899999999999999 -12.899999998509884 0.8
      vertex -15.696876517799831 -10.7 0
    endloop
  endfacet
  facet normal 0 1 0
    outer loop
      vertex -14.899999999999999 -12.899999999999999 0.8
      vertex -15.696876517799831 -12.899999999999999 0
      vertex -14.899999999999999 -12.899999999999999 1.3
    endloop
  endfacet
  facet normal -1 0 0
    outer loop
      vertex -14.899999999999999 -12.899999999999999 0.8
      vertex -14.899999999999999 -12.899999999999999 1.3
      vertex -14.899999999999999 -12.899999998509884 0.8
    endloop
  endfacet
  facet normal -1 0 0
    outer loop
      vertex -14.899999999999999 -12.899999998509884 0.8
      vertex -14.899999999999999 -12.899999999999999 1.3
      vertex -14.899999999999999 -12.899999998509884 1.3
    endloop
  endfacet
  facet normal -0.7084885230817387 0 0.7057223339681526
    outer loop
      vertex -14.899999999999999 -12.899999998509884 0.8
      vertex -14.899999999999999 -10.7 0.8
      vertex -15.696876517799831 -10.7 0
    endloop
  endfacet
  facet normal 0 -1 0
    outer loop
      vertex -14.899999999999999 -10.7 0.8
      vertex -23.9 -10.7 0
      vertex -15.696876517799831 -10.7 0
    endloop
  endfacet
  facet normal 0 1 0
    outer loop
      vertex 14.899999999999999 10.7 0.8
      vertex 23.9 10.7 0
      vertex 15.696876517799831 10.7 0
    endloop
  endfacet
  facet normal 0.7084885230817387 0 0.7057223339681526
    outer loop
      vertex 14.899999999999999 10.7 0.8
      vertex 15.696876517799831 10.7 0
      vertex 14.899999999999999 12.899999998509884 0.8
    endloop
  endfacet
  facet normal 0.7084885230817386 0 0.7057223339681526
    outer loop
      vertex 14.899999999999999 12.899999999999999 0.8
      vertex 14.899999999999999 12.899999998509884 0.8
      vertex 15.696876517799831 10.7 0
    endloop
  endfacet
  facet normal 0.7084885230817386 0 0.7057223339681525
    outer loop
      vertex 14.899999999999999 12.899999999999999 0.8
      vertex 15.696876517799831 10.7 0
      vertex 15.696876517799831 12.899999999999999 0
    endloop
  endfacet
  facet normal 0 -1 0
    outer loop
      vertex 14.899999999999999 12.899999999999999 0.8
      vertex 15.696876517799831 12.899999999999999 0
      vertex 14.899999999999999 12.899999999999999 1.3
    endloop
  endfacet
  facet normal 1 0 0
    outer loop
      vertex 14.899999999999999 12.899999999999999 0.8
      vertex 14.899999999999999 12.899999999999999 1.3
      vertex 14.899999999999999 12.899999998509884 0.8
    endloop
  endfacet
  facet normal 1 0 0
    outer loop
      vertex 14.899999999999999 12.899999998509884 0.8
      vertex 14.899999999999999 12.899999999999999 1.3
      vertex 14.899999999999999 12.899999998509884 1.3
    endloop
  endfacet
  facet normal 0 -1 0
    outer loop
      vertex 14.899999999999999 12.899999999999999 1.3
      vertex 15.696876517799831 12.899999999999999 0
      vertex 23.9 12.899999999999999 1.3
    endloop
  endfacet
  facet normal 0 0 -1
    outer loop
      vertex 14.899999999999999 12.899999999999999 1.3
      vertex 23.9 12.899999999999999 1.3
      vertex 14.899999999999999 12.899999998509884 1.3
    endloop
  endfacet
  facet normal 0 1 0
    outer loop
      vertex 14.899999999999999 10.7 0.8
      vertex 23.789785748815273 10.7 0.8
      vertex 23.9 10.7 0
    endloop
  endfacet
  facet normal 0 1 0
    outer loop
      vertex 23.789785748815273 10.7 0.8
      vertex 23.789785748815273 10.7 1.3
      vertex 23.9 10.7 0
    endloop
  endfacet
  facet normal 0 1 0
    outer loop
      vertex 23.789785748815273 10.7 1.3
      vertex 23.9 10.7 1.3
      vertex 23.9 10.7 0
    endloop
  endfacet
  facet normal 0 0 -1
    outer loop
      vertex 23.789785748815273 10.7 1.3
      vertex 23.67163859307766 11.048050299286842 1.3
      vertex 23.9 10.7 1.3
    endloop
  endfacet
  facet normal 0 -1 0
    outer loop
      vertex 23.9 12.899999999999999 1.3
      vertex 15.696876517799831 12.899999999999999 0
      vertex 23.9 12.899999999999999 0
    endloop
  endfacet
  facet normal 0 0 -1
    outer loop
      vertex 14.899999999999999 12.899999998509884 1.3
      vertex 23.9 12.899999999999999 1.3
      vertex 20.899999998509884 12.899999998509884 1.3
    endloop
  endfacet
  facet normal 0 0 -1
    outer loop
      vertex 20.899999998509884 12.899999998509884 1.3
      vertex 23.9 12.899999999999999 1.3
      vertex 21.291578575968742 12.874334581196308 1.3
    endloop
  endfacet
  facet normal 0 0 -1
    outer loop
      vertex 21.291578575968742 12.874334581196308 1.3
      vertex 23.9 12.899999999999999 1.3
      vertex 21.67645713686943 12.797777473926544 1.3
    endloop
  endfacet
  facet normal 0 0 -1
    outer loop
      vertex 21.67645713686943 12.797777473926544 1.3
      vertex 23.9 12.899999999999999 1.3
      vertex 22.048050299286842 12.67163859307766 1.3
    endloop
  endfacet
  facet normal -1 0 0
    outer loop
      vertex 23.9 10.7 1.3
      vertex 23.9 12.899999999999999 0
      vertex 23.9 10.7 0
    endloop
  endfacet
  facet normal -1 0 0
    outer loop
      vertex 23.9 10.7 1.3
      vertex 23.9 12.899999999999999 1.3
      vertex 23.9 12.899999999999999 0
    endloop
  endfacet
  facet normal 0 0 -1
    outer loop
      vertex 23.9 10.7 1.3
      vertex 23.67163859307766 11.048050299286842 1.3
      vertex 23.9 12.899999999999999 1.3
    endloop
  endfacet
  facet normal 0 0 -1
    outer loop
      vertex 23.67163859307766 11.048050299286842 1.3
      vertex 23.49807620793581 11.399999998509884 1.3
      vertex 23.9 12.899999999999999 1.3
    endloop
  endfacet
  facet normal 0 0 -1
    outer loop
      vertex 23.49807620793581 11.399999998509884 1.3
      vertex 23.28006002306938 11.72628428786993 1.3
      vertex 23.9 12.899999999999999 1.3
    endloop
  endfacet
  facet normal 0 0 -1
    outer loop
      vertex 23.021320343017578 12.021320343017578 1.3
      vertex 23.9 12.899999999999999 1.3
      vertex 23.28006002306938 11.72628428786993 1.3
    endloop
  endfacet
  facet normal 0 0 -1
    outer loop
      vertex 23.021320343017578 12.021320343017578 1.3
      vertex 22.72628428786993 12.280060023069382 1.3
      vertex 23.9 12.899999999999999 1.3
    endloop
  endfacet
  facet normal 0 0 -1
    outer loop
      vertex 22.048050299286842 12.67163859307766 1.3
      vertex 23.9 12.899999999999999 1.3
      vertex 22.399999998509884 12.49807620793581 1.3
    endloop
  endfacet
  facet normal 0 0 -1
    outer loop
      vertex 22.72628428786993 12.280060023069382 1.3
      vertex 22.399999998509884 12.49807620793581 1.3
      vertex 23.9 12.899999999999999 1.3
    endloop
  endfacet
  facet normal 0 1 0
    outer loop
      vertex -23.789785748815273 10.7 0.8
      vertex -23.9 10.7 0
      vertex -23.9 10.7 1.3
    endloop
  endfacet
  facet normal 0 1 0
    outer loop
      vertex -23.789785748815273 10.7 0.8
      vertex -23.9 10.7 1.3
      vertex -23.789785748815273 10.7 1.3
    endloop
  endfacet
  facet normal 0 1 0
    outer loop
      vertex -23.789785748815273 10.7 0.8
      vertex -15.696876517799831 10.7 0
      vertex -23.9 10.7 0
    endloop
  endfacet
  facet normal 1 0 0
    outer loop
      vertex -23.9 10.7 1.3
      vertex -23.9 10.7 0
      vertex -23.9 12.899999999999999 1.3
    endloop
  endfacet
  facet normal 1 0 0
    outer loop
      vertex -23.9 12.899999999999999 1.3
      vertex -23.9 10.7 0
      vertex -23.9 12.899999999999999 0
    endloop
  endfacet
  facet normal 0 0 -1
    outer loop
      vertex -23.9 10.7 1.3
      vertex -23.9 12.899999999999999 1.3
      vertex -23.789785748815273 10.7 1.3
    endloop
  endfacet
  facet normal 0 0 -1
    outer loop
      vertex -23.789785748815273 10.7 1.3
      vertex -23.9 12.899999999999999 1.3
      vertex -23.67163859307766 11.048050299286842 1.3
    endloop
  endfacet
  facet normal 0 0 -1
    outer loop
      vertex -23.67163859307766 11.048050299286842 1.3
      vertex -23.9 12.899999999999999 1.3
      vertex -23.49807620793581 11.399999998509884 1.3
    endloop
  endfacet
  facet normal 0 0 -1
    outer loop
      vertex -23.49807620793581 11.399999998509884 1.3
      vertex -23.9 12.899999999999999 1.3
      vertex -23.28006002306938 11.72628428786993 1.3
    endloop
  endfacet
  facet normal 0 0 -1
    outer loop
      vertex -23.28006002306938 11.72628428786993 1.3
      vertex -23.9 12.899999999999999 1.3
      vertex -23.021320343017578 12.021320343017578 1.3
    endloop
  endfacet
  facet normal 0 0 -1
    outer loop
      vertex -23.021320343017578 12.021320343017578 1.3
      vertex -23.9 12.899999999999999 1.3
      vertex -22.72628428786993 12.280060023069382 1.3
    endloop
  endfacet
  facet normal 0 0 -1
    outer loop
      vertex -23.9 12.899999999999999 1.3
      vertex -22.399999998509884 12.49807620793581 1.3
      vertex -22.72628428786993 12.280060023069382 1.3
    endloop
  endfacet
  facet normal 0 0 -1
    outer loop
      vertex -23.9 12.899999999999999 1.3
      vertex -22.048050299286842 12.67163859307766 1.3
      vertex -22.399999998509884 12.49807620793581 1.3
    endloop
  endfacet
  facet normal 0 -1 0
    outer loop
      vertex -23.9 12.899999999999999 1.3
      vertex -23.9 12.899999999999999 0
      vertex -14.899999999999999 12.899999999999999 1.3
    endloop
  endfacet
  facet normal 0 0 -1
    outer loop
      vertex -23.9 12.899999999999999 1.3
      vertex -21.67645713686943 12.797777473926544 1.3
      vertex -22.048050299286842 12.67163859307766 1.3
    endloop
  endfacet
  facet normal 0 0 -1
    outer loop
      vertex -23.9 12.899999999999999 1.3
      vertex -21.291578575968742 12.874334581196308 1.3
      vertex -21.67645713686943 12.797777473926544 1.3
    endloop
  endfacet
  facet normal 0 0 -1
    outer loop
      vertex -23.9 12.899999999999999 1.3
      vertex -20.899999998509884 12.899999998509884 1.3
      vertex -21.291578575968742 12.874334581196308 1.3
    endloop
  endfacet
  facet normal 0 0 -1
    outer loop
      vertex -23.9 12.899999999999999 1.3
      vertex -14.899999999999999 12.899999999999999 1.3
      vertex -20.899999998509884 12.899999998509884 1.3
    endloop
  endfacet
  facet normal 0 1 0
    outer loop
      vertex -23.789785748815273 10.7 0.8
      vertex -14.899999999999999 10.7 0.8
      vertex -15.696876517799831 10.7 0
    endloop
  endfacet
  facet normal 0 -1 0
    outer loop
      vertex -14.899999999999999 12.899999999999999 0.8
      vertex -23.9 12.899999999999999 0
      vertex -15.696876517799831 12.899999999999999 0
    endloop
  endfacet
  facet normal 0 -1 0
    outer loop
      vertex -14.899999999999999 12.899999999999999 0.8
      vertex -14.899999999999999 12.899999999999999 1.3
      vertex -23.9 12.899999999999999 0
    endloop
  endfacet
  facet normal 0 0 -1
    outer loop
      vertex -20.899999998509884 12.899999998509884 1.3
      vertex -14.899999999999999 12.899999999999999 1.3
      vertex -14.899999999999999 12.899999998509884 1.3
    endloop
  endfacet
  facet normal -0.7084885230817386 0 0.7057223339681525
    outer loop
      vertex -14.899999999999999 10.7 0.8
      vertex -15.696876517799831 12.899999999999999 0
      vertex -15.696876517799831 10.7 0
    endloop
  endfacet
  facet normal -0.7084885230817387 0 0.7057223339681526
    outer loop
      vertex -14.899999999999999 10.7 0.8
      vertex -14.899999999999999 12.899999998509884 0.8
      vertex -15.696876517799831 12.899999999999999 0
    endloop
  endfacet
  facet normal -0.7084885230817386 0 0.7057223339681526
    outer loop
      vertex -14.899999999999999 12.899999999999999 0.8
      vertex -15.696876517799831 12.899999999999999 0
      vertex -14.899999999999999 12.899999998509884 0.8
    endloop
  endfacet
  facet normal -1 0 0
    outer loop
      vertex -14.899999999999999 12.899999999999999 0.8
      vertex -14.899999999999999 12.899999998509884 0.8
      vertex -14.899999999999999 12.899999998509884 1.3
    endloop
  endfacet
  facet normal -1 0 0
    outer loop
      vertex -14.899999999999999 12.899999999999999 0.8
      vertex -14.899999999999999 12.899999998509884 1.3
      vertex -14.899999999999999 12.899999999999999 1.3
    endloop
  endfacet
  facet normal 0.6593458207943228 0.7518398024852506 0
    outer loop
      vertex -23.021320343017578 -12.021320343017578 1.3
      vertex -23.021320343017578 -12.021320343017578 2
      vertex -22.72628428786993 -12.280060023069382 1.3
    endloop
  endfacet
  facet normal 0.6593458207943228 0.7518398024852506 0
    outer loop
      vertex -23.021320343017578 -12.021320343017578 2
      vertex -22.72628428786993 -12.280060023069382 2
      vertex -22.72628428786993 -12.280060023069382 1.3
    endloop
  endfacet
  facet normal 0.8968727407473451 0.4422886918115197 0
    outer loop
      vertex -23.49807620793581 -11.399999998509884 1.3
      vertex -23.67163859307766 -11.048050299286842 1.3
      vertex -23.67163859307766 -11.048050299286842 2
    endloop
  endfacet
  facet normal 0.7518398024852506 0.6593458207943228 0
    outer loop
      vertex -23.28006002306938 -11.72628428786993 1.3
      vertex -23.28006002306938 -11.72628428786993 2
      vertex -23.021320343017578 -12.021320343017578 1.3
    endloop
  endfacet
  facet normal 0.8314696207458844 0.5555702203832522 0
    outer loop
      vertex -23.28006002306938 -11.72628428786993 1.3
      vertex -23.49807620793581 -11.399999998509884 1.3
      vertex -23.49807620793581 -11.399999998509884 2
    endloop
  endfacet
  facet normal 0.8968727407473451 0.4422886918115197 0
    outer loop
      vertex -23.49807620793581 -11.399999998509884 1.3
      vertex -23.67163859307766 -11.048050299286842 2
      vertex -23.49807620793581 -11.399999998509884 2
    endloop
  endfacet
  facet normal 0.7518398024852506 0.6593458207943228 0
    outer loop
      vertex -23.021320343017578 -12.021320343017578 1.3
      vertex -23.28006002306938 -11.72628428786993 2
      vertex -23.021320343017578 -12.021320343017578 2
    endloop
  endfacet
  facet normal 0.8314696207458844 0.5555702203832522 0
    outer loop
      vertex -23.28006002306938 -11.72628428786993 1.3
      vertex -23.49807620793581 -11.399999998509884 2
      vertex -23.28006002306938 -11.72628428786993 2
    endloop
  endfacet
  facet normal 0.4422886918115197 0.8968727407473451 0
    outer loop
      vertex -22.399999998509884 -12.49807620793581 1.3
      vertex -22.399999998509884 -12.49807620793581 2
      vertex -22.048050299286842 -12.67163859307766 1.3
    endloop
  endfacet
  facet normal 0.3214394637077384 0.9469301300366787 0
    outer loop
      vertex -22.048050299286842 -12.67163859307766 1.3
      vertex -22.048050299286842 -12.67163859307766 2
      vertex -21.67645713686943 -12.797777473926544 1.3
    endloop
  endfacet
  facet normal 0.5555702203832522 0.8314696207458844 0
    outer loop
      vertex -22.399999998509884 -12.49807620793581 1.3
      vertex -22.72628428786993 -12.280060023069382 1.3
      vertex -22.72628428786993 -12.280060023069382 2
    endloop
  endfacet
  facet normal 0.1950903258581441 0.980785279639006 0
    outer loop
      vertex -21.67645713686943 -12.797777473926544 1.3
      vertex -21.67645713686943 -12.797777473926544 2
      vertex -21.291578575968742 -12.874334581196308 1.3
    endloop
  endfacet
  facet normal 0.06540313273849394 0.997858923008654 0
    outer loop
      vertex -21.291578575968742 -12.874334581196308 1.3
      vertex -21.291578575968742 -12.874334581196308 2
      vertex -20.899999998509884 -12.899999998509884 1.3
    endloop
  endfacet
  facet normal 0.4422886918115197 0.8968727407473451 0
    outer loop
      vertex -22.048050299286842 -12.67163859307766 1.3
      vertex -22.399999998509884 -12.49807620793581 2
      vertex -22.048050299286842 -12.67163859307766 2
    endloop
  endfacet
  facet normal 0.5555702203832522 0.8314696207458844 0
    outer loop
      vertex -22.399999998509884 -12.49807620793581 1.3
      vertex -22.72628428786993 -12.280060023069382 2
      vertex -22.399999998509884 -12.49807620793581 2
    endloop
  endfacet
  facet normal 0.3214394637077384 0.9469301300366787 0
    outer loop
      vertex -21.67645713686943 -12.797777473926544 1.3
      vertex -22.048050299286842 -12.67163859307766 2
      vertex -21.67645713686943 -12.797777473926544 2
    endloop
  endfacet
  facet normal 0.1950903258581441 0.980785279639006 0
    outer loop
      vertex -21.67645713686943 -12.797777473926544 2
      vertex -21.291578575968742 -12.874334581196308 2
      vertex -21.291578575968742 -12.874334581196308 1.3
    endloop
  endfacet
  facet normal 0.06540313273849394 0.997858923008654 0
    outer loop
      vertex -20.899999998509884 -12.899999998509884 1.3
      vertex -21.291578575968742 -12.874334581196308 2
      vertex -20.899999998509884 -12.899999998509884 2
    endloop
  endfacet
  facet normal 0.9469301300366966 0.3214394637076865 0
    outer loop
      vertex -23.789785748815273 -10.7 0.8
      vertex -23.797777473926544 -10.67645713686943 0.8
      vertex -23.789785748815273 -10.7 1.3
    endloop
  endfacet
  facet normal 0.9469301300366966 0.32143946370768656 0
    outer loop
      vertex -23.797777473926544 -10.67645713686943 0.8
      vertex -23.797777473926544 -10.67645713686943 2
      vertex -23.789785748815273 -10.7 1.3
    endloop
  endfacet
  facet normal 0.9469301300366776 0.321439463707742 -2.0766287206823156e-15
    outer loop
      vertex -23.67163859307766 -11.048050299286842 1.3
      vertex -23.789785748815273 -10.7 1.3
      vertex -23.797777473926544 -10.67645713686943 2
    endloop
  endfacet
  facet normal 0.980785279639006 0.1950903258581441 0
    outer loop
      vertex -23.797777473926544 -10.67645713686943 0.8
      vertex -23.874334581196308 -10.291578575968742 0.8
      vertex -23.874334581196308 -10.291578575968742 2
    endloop
  endfacet
  facet normal 0.980785279639006 0.1950903258581441 0
    outer loop
      vertex -23.797777473926544 -10.67645713686943 0.8
      vertex -23.874334581196308 -10.291578575968742 2
      vertex -23.797777473926544 -10.67645713686943 2
    endloop
  endfacet
  facet normal 0.9469301300366787 0.3214394637077384 0
    outer loop
      vertex -23.67163859307766 -11.048050299286842 1.3
      vertex -23.797777473926544 -10.67645713686943 2
      vertex -23.67163859307766 -11.048050299286842 2
    endloop
  endfacet
  facet normal 0.9978589230086541 0.06540313273849395 0
    outer loop
      vertex -23.874334581196308 -10.291578575968742 0.8
      vertex -23.899999998509884 -9.899999998509884 0.8
      vertex -23.899999998509884 -9.899999998509884 2
    endloop
  endfacet
  facet normal 0.9978589230086541 0.06540313273849395 0
    outer loop
      vertex -23.874334581196308 -10.291578575968742 0.8
      vertex -23.899999998509884 -9.899999998509884 2
      vertex -23.874334581196308 -10.291578575968742 2
    endloop
  endfacet
  facet normal 0 0 1
    outer loop
      vertex -23.789785748815273 -10.7 0.8
      vertex -14.899999999999999 -10.7 0.8
      vertex -23.797777473926544 -10.67645713686943 0.8
    endloop
  endfacet
  facet normal 0 1 0
    outer loop
      vertex -20.899999998509884 -12.899999998509884 1.3
      vertex -20.899999998509884 -12.899999998509884 2
      vertex -14.899999999999999 -12.899999998509884 1.3
    endloop
  endfacet
  facet normal 1 0 0
    outer loop
      vertex -23.899999998509884 -9.899999998509884 0.8
      vertex -23.899999998509884 9.899999998509884 2
      vertex -23.899999998509884 -9.899999998509884 2
    endloop
  endfacet
  facet normal 0 1 0
    outer loop
      vertex -20.899999998509884 -12.899999998509884 2
      vertex 14.899999999999999 -12.899999998509884 1.3
      vertex -14.899999999999999 -12.899999998509884 1.3
    endloop
  endfacet
  facet normal 0 0 -1
    outer loop
      vertex -22.048050299286842 -12.67163859307766 2
      vertex 22.72628428786993 -12.280060023069382 2
      vertex -21.67645713686943 -12.797777473926544 2
    endloop
  endfacet
  facet normal 0 0 -1
    outer loop
      vertex -21.291578575968742 -12.874334581196308 2
      vertex 22.048050299286842 -12.67163859307766 2
      vertex -20.899999998509884 -12.899999998509884 2
    endloop
  endfacet
  facet normal 0 0 -1
    outer loop
      vertex -21.67645713686943 -12.797777473926544 2
      vertex 22.399999998509884 -12.49807620793581 2
      vertex -21.291578575968742 -12.874334581196308 2
    endloop
  endfacet
  facet normal 0 0 -1
    outer loop
      vertex -22.399999998509884 -12.49807620793581 2
      vertex 23.021320343017578 -12.021320343017578 2
      vertex -22.048050299286842 -12.67163859307766 2
    endloop
  endfacet
  facet normal 0 0 -1
    outer loop
      vertex -22.399999998509884 -12.49807620793581 2
      vertex -22.72628428786993 -12.280060023069382 2
      vertex 23.28006002306938 -11.72628428786993 2
    endloop
  endfacet
  facet normal 0 0 -1
    outer loop
      vertex -23.021320343017578 -12.021320343017578 2
      vertex 23.49807620793581 -11.399999998509884 2
      vertex -22.72628428786993 -12.280060023069382 2
    endloop
  endfacet
  facet normal 0 0 -1
    outer loop
      vertex -23.28006002306938 -11.72628428786993 2
      vertex 23.67163859307766 -11.048050299286842 2
      vertex -23.021320343017578 -12.021320343017578 2
    endloop
  endfacet
  facet normal 0 0 -1
    outer loop
      vertex -23.28006002306938 -11.72628428786993 2
      vertex -23.49807620793581 -11.399999998509884 2
      vertex 23.797777473926544 -10.67645713686943 2
    endloop
  endfacet
  facet normal 0 0 -1
    outer loop
      vertex -23.49807620793581 -11.399999998509884 2
      vertex -23.67163859307766 -11.048050299286842 2
      vertex 23.874334581196308 -10.291578575968742 2
    endloop
  endfacet
  facet normal 0 0 -1
    outer loop
      vertex -23.67163859307766 -11.048050299286842 2
      vertex -23.797777473926544 -10.67645713686943 2
      vertex 23.899999998509884 -9.899999998509884 2
    endloop
  endfacet
  facet normal 0 1 0
    outer loop
      vertex -14.899999999999999 -12.899999998509884 0.8
      vertex -14.899999999999999 -12.899999998509884 1.3
      vertex 14.899999999999999 -12.899999998509884 1.3
    endloop
  endfacet
  facet normal 0 0 1
    outer loop
      vertex -14.899999999999999 -12.899999998509884 0.8
      vertex 14.899999999999999 -12.899999998509884 0.8
      vertex -14.899999999999999 -10.7 0.8
    endloop
  endfacet
  facet normal 0 0 1
    outer loop
      vertex -23.797777473926544 -10.67645713686943 0.8
      vertex -14.899999999999999 -10.7 0.8
      vertex 23.899999998509884 -9.899999998509884 0.8
    endloop
  endfacet
  facet normal 0 0 1
    outer loop
      vertex -23.797777473926544 -10.67645713686943 0.8
      vertex 23.899999998509884 9.899999998509884 0.8
      vertex -23.874334581196308 -10.291578575968742 0.8
    endloop
  endfacet
  facet normal 0 0 1
    outer loop
      vertex -23.874334581196308 -10.291578575968742 0.8
      vertex 23.874334581196308 10.291578575968742 0.8
      vertex -23.899999998509884 -9.899999998509884 0.8
    endloop
  endfacet
  facet normal 0 0 -1
    outer loop
      vertex -23.797777473926544 -10.67645713686943 2
      vertex -23.874334581196308 -10.291578575968742 2
      vertex 23.899999998509884 9.899999998509884 2
    endloop
  endfacet
  facet normal 0 0 -1
    outer loop
      vertex -23.874334581196308 -10.291578575968742 2
      vertex -23.899999998509884 -9.899999998509884 2
      vertex 23.874334581196308 10.291578575968742 2
    endloop
  endfacet
  facet normal 1 0 0
    outer loop
      vertex -23.899999998509884 -9.899999998509884 0.8
      vertex -23.899999998509884 9.899999998509884 0.8
      vertex -23.899999998509884 9.899999998509884 2
    endloop
  endfacet
  facet normal 0.9978589230086541 -0.06540313273849395 0
    outer loop
      vertex -23.899999998509884 9.899999998509884 0.8
      vertex -23.874334581196308 10.291578575968742 0.8
      vertex -23.874334581196308 10.291578575968742 2
    endloop
  endfacet
  facet normal 0.9978589230086541 -0.06540313273849395 0
    outer loop
      vertex -23.899999998509884 9.899999998509884 0.8
      vertex -23.874334581196308 10.291578575968742 2
      vertex -23.899999998509884 9.899999998509884 2
    endloop
  endfacet
  facet normal 0.980785279639006 -0.1950903258581441 0
    outer loop
      vertex -23.874334581196308 10.291578575968742 0.8
      vertex -23.797777473926544 10.67645713686943 0.8
      vertex -23.797777473926544 10.67645713686943 2
    endloop
  endfacet
  facet normal 0.980785279639006 -0.1950903258581441 0
    outer loop
      vertex -23.874334581196308 10.291578575968742 0.8
      vertex -23.797777473926544 10.67645713686943 2
      vertex -23.874334581196308 10.291578575968742 2
    endloop
  endfacet
  facet normal 0.9469301300366966 -0.32143946370768656 0
    outer loop
      vertex -23.797777473926544 10.67645713686943 0.8
      vertex -23.789785748815273 10.7 0.8
      vertex -23.797777473926544 10.67645713686943 2
    endloop
  endfacet
  facet normal 0.9469301300366966 -0.3214394637076865 0
    outer loop
      vertex -23.789785748815273 10.7 0.8
      vertex -23.789785748815273 10.7 1.3
      vertex -23.797777473926544 10.67645713686943 2
    endloop
  endfacet
  facet normal 0.9469301300366776 -0.321439463707742 0
    outer loop
      vertex -23.789785748815273 10.7 1.3
      vertex -23.67163859307766 11.048050299286842 1.3
      vertex -23.67163859307766 11.048050299286842 2
    endloop
  endfacet
  facet normal 0.9469301300366787 -0.32143946370773846 -1.949797025190453e-15
    outer loop
      vertex -23.789785748815273 10.7 1.3
      vertex -23.67163859307766 11.048050299286842 2
      vertex -23.797777473926544 10.67645713686943 2
    endloop
  endfacet
  facet normal 0 0 1
    outer loop
      vertex -23.874334581196308 10.291578575968742 0.8
      vertex -14.899999999999999 10.7 0.8
      vertex -23.797777473926544 10.67645713686943 0.8
    endloop
  endfacet
  facet normal 0 0 1
    outer loop
      vertex -23.797777473926544 10.67645713686943 0.8
      vertex -14.899999999999999 10.7 0.8
      vertex -23.789785748815273 10.7 0.8
    endloop
  endfacet
  facet normal 0.8968727407473451 -0.4422886918115197 0
    outer loop
      vertex -23.67163859307766 11.048050299286842 1.3
      vertex -23.49807620793581 11.399999998509884 1.3
      vertex -23.49807620793581 11.399999998509884 2
    endloop
  endfacet
  facet normal 0.8314696207458844 -0.5555702203832522 0
    outer loop
      vertex -23.49807620793581 11.399999998509884 1.3
      vertex -23.28006002306938 11.72628428786993 1.3
      vertex -23.28006002306938 11.72628428786993 2
    endloop
  endfacet
  facet normal 0.7518398024852506 -0.6593458207943228 0
    outer loop
      vertex -23.28006002306938 11.72628428786993 1.3
      vertex -23.021320343017578 12.021320343017578 1.3
      vertex -23.021320343017578 12.021320343017578 2
    endloop
  endfacet
  facet normal 0.8968727407473451 -0.4422886918115197 0
    outer loop
      vertex -23.67163859307766 11.048050299286842 1.3
      vertex -23.49807620793581 11.399999998509884 2
      vertex -23.67163859307766 11.048050299286842 2
    endloop
  endfacet
  facet normal 0.8314696207458844 -0.5555702203832522 0
    outer loop
      vertex -23.49807620793581 11.399999998509884 1.3
      vertex -23.28006002306938 11.72628428786993 2
      vertex -23.49807620793581 11.399999998509884 2
    endloop
  endfacet
  facet normal 0.7518398024852506 -0.6593458207943228 0
    outer loop
      vertex -23.28006002306938 11.72628428786993 1.3
      vertex -23.021320343017578 12.021320343017578 2
      vertex -23.28006002306938 11.72628428786993 2
    endloop
  endfacet
  facet normal 0.6593458207943228 -0.7518398024852506 0
    outer loop
      vertex -23.021320343017578 12.021320343017578 1.3
      vertex -22.72628428786993 12.280060023069382 1.3
      vertex -22.72628428786993 12.280060023069382 2
    endloop
  endfacet
  facet normal 0.6593458207943228 -0.7518398024852506 0
    outer loop
      vertex -23.021320343017578 12.021320343017578 1.3
      vertex -22.72628428786993 12.280060023069382 2
      vertex -23.021320343017578 12.021320343017578 2
    endloop
  endfacet
  facet normal 0.5555702203832522 -0.8314696207458844 0
    outer loop
      vertex -22.72628428786993 12.280060023069382 1.3
      vertex -22.399999998509884 12.49807620793581 1.3
      vertex -22.399999998509884 12.49807620793581 2
    endloop
  endfacet
  facet normal 0.4422886918115197 -0.8968727407473451 0
    outer loop
      vertex -22.399999998509884 12.49807620793581 1.3
      vertex -22.048050299286842 12.67163859307766 1.3
      vertex -22.048050299286842 12.67163859307766 2
    endloop
  endfacet
  facet normal 0.3214394637077384 -0.9469301300366787 0
    outer loop
      vertex -22.048050299286842 12.67163859307766 1.3
      vertex -21.67645713686943 12.797777473926544 1.3
      vertex -21.67645713686943 12.797777473926544 2
    endloop
  endfacet
  facet normal 0.1950903258581441 -0.980785279639006 0
    outer loop
      vertex -21.67645713686943 12.797777473926544 1.3
      vertex -21.291578575968742 12.874334581196308 1.3
      vertex -21.291578575968742 12.874334581196308 2
    endloop
  endfacet
  facet normal 0.5555702203832522 -0.8314696207458844 0
    outer loop
      vertex -22.72628428786993 12.280060023069382 1.3
      vertex -22.399999998509884 12.49807620793581 2
      vertex -22.72628428786993 12.280060023069382 2
    endloop
  endfacet
  facet normal 0.4422886918115197 -0.8968727407473451 0
    outer loop
      vertex -22.399999998509884 12.49807620793581 1.3
      vertex -22.048050299286842 12.67163859307766 2
      vertex -22.399999998509884 12.49807620793581 2
    endloop
  endfacet
  facet normal 0.3214394637077384 -0.9469301300366787 0
    outer loop
      vertex -22.048050299286842 12.67163859307766 1.3
      vertex -21.67645713686943 12.797777473926544 2
      vertex -22.048050299286842 12.67163859307766 2
    endloop
  endfacet
  facet normal 0.1950903258581441 -0.980785279639006 0
    outer loop
      vertex -21.67645713686943 12.797777473926544 1.3
      vertex -21.291578575968742 12.874334581196308 2
      vertex -21.67645713686943 12.797777473926544 2
    endloop
  endfacet
  facet normal 0.06540313273849394 -0.997858923008654 0
    outer loop
      vertex -21.291578575968742 12.874334581196308 1.3
      vertex -20.899999998509884 12.899999998509884 2
      vertex -21.291578575968742 12.874334581196308 2
    endloop
  endfacet
  facet normal 0 0 -1
    outer loop
      vertex -21.67645713686943 12.797777473926544 2
      vertex -21.291578575968742 12.874334581196308 2
      vertex -20.899999998509884 12.899999998509884 2
    endloop
  endfacet
  facet normal 0.06540313273849394 -0.997858923008654 0
    outer loop
      vertex -21.291578575968742 12.874334581196308 1.3
      vertex -20.899999998509884 12.899999998509884 1.3
      vertex -20.899999998509884 12.899999998509884 2
    endloop
  endfacet
  facet normal 0 0 1
    outer loop
      vertex -23.899999998509884 -9.899999998509884 0.8
      vertex 23.797777473926544 10.67645713686943 0.8
      vertex -23.899999998509884 9.899999998509884 0.8
    endloop
  endfacet
  facet normal 0 0 -1
    outer loop
      vertex -23.899999998509884 -9.899999998509884 2
      vertex -23.899999998509884 9.899999998509884 2
      vertex 23.797777473926544 10.67645713686943 2
    endloop
  endfacet
  facet normal 0 0 1
    outer loop
      vertex -23.899999998509884 9.899999998509884 0.8
      vertex 14.899999999999999 10.7 0.8
      vertex -23.874334581196308 10.291578575968742 0.8
    endloop
  endfacet
  facet normal 0 0 1
    outer loop
      vertex -23.874334581196308 10.291578575968742 0.8
      vertex 14.899999999999999 10.7 0.8
      vertex -14.899999999999999 10.7 0.8
    endloop
  endfacet
  facet normal 0 0 -1
    outer loop
      vertex -23.899999998509884 9.899999998509884 2
      vertex -23.874334581196308 10.291578575968742 2
      vertex 23.67163859307766 11.048050299286842 2
    endloop
  endfacet
  facet normal 0 0 -1
    outer loop
      vertex -23.874334581196308 10.291578575968742 2
      vertex -23.797777473926544 10.67645713686943 2
      vertex 23.49807620793581 11.399999998509884 2
    endloop
  endfacet
  facet normal 0 0 -1
    outer loop
      vertex -23.797777473926544 10.67645713686943 2
      vertex -23.67163859307766 11.048050299286842 2
      vertex 23.28006002306938 11.72628428786993 2
    endloop
  endfacet
  facet normal 0 0 -1
    outer loop
      vertex -23.67163859307766 11.048050299286842 2
      vertex -23.49807620793581 11.399999998509884 2
      vertex 23.021320343017578 12.021320343017578 2
    endloop
  endfacet
  facet normal 0 0 -1
    outer loop
      vertex -23.49807620793581 11.399999998509884 2
      vertex -23.28006002306938 11.72628428786993 2
      vertex 22.72628428786993 12.280060023069382 2
    endloop
  endfacet
  facet normal 0 0 -1
    outer loop
      vertex -23.28006002306938 11.72628428786993 2
      vertex -23.021320343017578 12.021320343017578 2
      vertex 22.399999998509884 12.49807620793581 2
    endloop
  endfacet
  facet normal 0 0 -1
    outer loop
      vertex -23.021320343017578 12.021320343017578 2
      vertex -22.72628428786993 12.280060023069382 2
      vertex 22.048050299286842 12.67163859307766 2
    endloop
  endfacet
  facet normal 0 0 -1
    outer loop
      vertex -22.72628428786993 12.280060023069382 2
      vertex -22.399999998509884 12.49807620793581 2
      vertex 21.67645713686943 12.797777473926544 2
    endloop
  endfacet
  facet normal 0 0 -1
    outer loop
      vertex -22.399999998509884 12.49807620793581 2
      vertex -22.048050299286842 12.67163859307766 2
      vertex 21.291578575968742 12.874334581196308 2
    endloop
  endfacet
  facet normal 0 0 -1
    outer loop
      vertex -22.048050299286842 12.67163859307766 2
      vertex -21.67645713686943 12.797777473926544 2
      vertex 20.899999998509884 12.899999998509884 2
    endloop
  endfacet
  facet normal 0 -1 0
    outer loop
      vertex -20.899999998509884 12.899999998509884 1.3
      vertex 20.899999998509884 12.899999998509884 2
      vertex -20.899999998509884 12.899999998509884 2
    endloop
  endfacet
  facet normal 0 0 -1
    outer loop
      vertex -21.67645713686943 12.797777473926544 2
      vertex -20.899999998509884 12.899999998509884 2
      vertex 20.899999998509884 12.899999998509884 2
    endloop
  endfacet
  facet normal 0 0 1
    outer loop
      vertex -14.899999999999999 10.7 0.8
      vertex 14.899999999999999 10.7 0.8
      vertex -14.899999999999999 12.899999998509884 0.8
    endloop
  endfacet
  facet normal 0 -1 0
    outer loop
      vertex -14.899999999999999 12.899999998509884 0.8
      vertex 14.899999999999999 12.899999998509884 0.8
      vertex -14.899999999999999 12.899999998509884 1.3
    endloop
  endfacet
  facet normal 0 -1 0
    outer loop
      vertex -20.899999998509884 12.899999998509884 1.3
      vertex -14.899999999999999 12.899999998509884 1.3
      vertex 20.899999998509884 12.899999998509884 2
    endloop
  endfacet
  facet normal 0 1 0
    outer loop
      vertex -14.899999999999999 -12.899999998509884 0.8
      vertex 14.899999999999999 -12.899999998509884 1.3
      vertex 14.899999999999999 -12.899999998509884 0.8
    endloop
  endfacet
  facet normal 0 0 1
    outer loop
      vertex -14.899999999999999 -10.7 0.8
      vertex 14.899999999999999 -12.899999998509884 0.8
      vertex 14.899999999999999 -10.7 0.8
    endloop
  endfacet
  facet normal 0 1 0
    outer loop
      vertex -20.899999998509884 -12.899999998509884 2
      vertex 20.899999998509884 -12.899999998509884 2
      vertex 14.899999999999999 -12.899999998509884 1.3
    endloop
  endfacet
  facet normal 0 0 -1
    outer loop
      vertex -20.899999998509884 -12.899999998509884 2
      vertex 21.67645713686943 -12.797777473926544 2
      vertex 20.899999998509884 -12.899999998509884 2
    endloop
  endfacet
  facet normal 0 0 -1
    outer loop
      vertex -20.899999998509884 -12.899999998509884 2
      vertex 22.048050299286842 -12.67163859307766 2
      vertex 21.67645713686943 -12.797777473926544 2
    endloop
  endfacet
  facet normal 0 0 -1
    outer loop
      vertex -21.291578575968742 -12.874334581196308 2
      vertex 22.399999998509884 -12.49807620793581 2
      vertex 22.048050299286842 -12.67163859307766 2
    endloop
  endfacet
  facet normal 0 0 -1
    outer loop
      vertex -21.67645713686943 -12.797777473926544 2
      vertex 22.72628428786993 -12.280060023069382 2
      vertex 22.399999998509884 -12.49807620793581 2
    endloop
  endfacet
  facet normal 0 0 -1
    outer loop
      vertex -22.048050299286842 -12.67163859307766 2
      vertex 23.021320343017578 -12.021320343017578 2
      vertex 22.72628428786993 -12.280060023069382 2
    endloop
  endfacet
  facet normal 0 0 -1
    outer loop
      vertex -22.399999998509884 -12.49807620793581 2
      vertex 23.28006002306938 -11.72628428786993 2
      vertex 23.021320343017578 -12.021320343017578 2
    endloop
  endfacet
  facet normal 0 0 -1
    outer loop
      vertex -22.72628428786993 -12.280060023069382 2
      vertex 23.49807620793581 -11.399999998509884 2
      vertex 23.28006002306938 -11.72628428786993 2
    endloop
  endfacet
  facet normal 0 0 -1
    outer loop
      vertex -23.021320343017578 -12.021320343017578 2
      vertex 23.67163859307766 -11.048050299286842 2
      vertex 23.49807620793581 -11.399999998509884 2
    endloop
  endfacet
  facet normal 0 0 -1
    outer loop
      vertex -23.28006002306938 -11.72628428786993 2
      vertex 23.797777473926544 -10.67645713686943 2
      vertex 23.67163859307766 -11.048050299286842 2
    endloop
  endfacet
  facet normal 0 0 1
    outer loop
      vertex -14.899999999999999 -10.7 0.8
      vertex 14.899999999999999 -10.7 0.8
      vertex 23.874334581196308 -10.291578575968742 0.8
    endloop
  endfacet
  facet normal 0 0 -1
    outer loop
      vertex -23.49807620793581 -11.399999998509884 2
      vertex 23.874334581196308 -10.291578575968742 2
      vertex 23.797777473926544 -10.67645713686943 2
    endloop
  endfacet
  facet normal 0 0 -1
    outer loop
      vertex -23.67163859307766 -11.048050299286842 2
      vertex 23.899999998509884 -9.899999998509884 2
      vertex 23.874334581196308 -10.291578575968742 2
    endloop
  endfacet
  facet normal 0 0 1
    outer loop
      vertex -14.899999999999999 -10.7 0.8
      vertex 23.874334581196308 -10.291578575968742 0.8
      vertex 23.899999998509884 -9.899999998509884 0.8
    endloop
  endfacet
  facet normal 0 0 1
    outer loop
      vertex -23.797777473926544 -10.67645713686943 0.8
      vertex 23.899999998509884 -9.899999998509884 0.8
      vertex 23.899999998509884 9.899999998509884 0.8
    endloop
  endfacet
  facet normal 0 0 -1
    outer loop
      vertex -23.797777473926544 -10.67645713686943 2
      vertex 23.899999998509884 9.899999998509884 2
      vertex 23.899999998509884 -9.899999998509884 2
    endloop
  endfacet
  facet normal 0 1 0
    outer loop
      vertex 14.899999999999999 -12.899999998509884 1.3
      vertex 20.899999998509884 -12.899999998509884 2
      vertex 20.899999998509884 -12.899999998509884 1.3
    endloop
  endfacet
  facet normal -0.06540313273849394 0.997858923008654 0
    outer loop
      vertex 20.899999998509884 -12.899999998509884 1.3
      vertex 20.899999998509884 -12.899999998509884 2
      vertex 21.291578575968742 -12.874334581196308 1.3
    endloop
  endfacet
  facet normal -0.1950903258581441 0.980785279639006 0
    outer loop
      vertex 21.291578575968742 -12.874334581196308 1.3
      vertex 21.291578575968742 -12.874334581196308 2
      vertex 21.67645713686943 -12.797777473926544 1.3
    endloop
  endfacet
  facet normal -0.3214394637077384 0.9469301300366787 0
    outer loop
      vertex 21.67645713686943 -12.797777473926544 1.3
      vertex 21.67645713686943 -12.797777473926544 2
      vertex 22.048050299286842 -12.67163859307766 1.3
    endloop
  endfacet
  facet normal -0.4422886918115197 0.8968727407473451 0
    outer loop
      vertex 22.048050299286842 -12.67163859307766 1.3
      vertex 22.048050299286842 -12.67163859307766 2
      vertex 22.399999998509884 -12.49807620793581 1.3
    endloop
  endfacet
  facet normal -0.5555702203832522 0.8314696207458844 0
    outer loop
      vertex 22.399999998509884 -12.49807620793581 1.3
      vertex 22.399999998509884 -12.49807620793581 2
      vertex 22.72628428786993 -12.280060023069382 1.3
    endloop
  endfacet
  facet normal -0.06540313273849394 0.997858923008654 0
    outer loop
      vertex 21.291578575968742 -12.874334581196308 1.3
      vertex 20.899999998509884 -12.899999998509884 2
      vertex 21.291578575968742 -12.874334581196308 2
    endloop
  endfacet
  facet normal 0 0 -1
    outer loop
      vertex 20.899999998509884 -12.899999998509884 2
      vertex 21.67645713686943 -12.797777473926544 2
      vertex 21.291578575968742 -12.874334581196308 2
    endloop
  endfacet
  facet normal -0.1950903258581441 0.980785279639006 0
    outer loop
      vertex 21.67645713686943 -12.797777473926544 1.3
      vertex 21.291578575968742 -12.874334581196308 2
      vertex 21.67645713686943 -12.797777473926544 2
    endloop
  endfacet
  facet normal -0.3214394637077384 0.9469301300366787 0
    outer loop
      vertex 22.048050299286842 -12.67163859307766 1.3
      vertex 21.67645713686943 -12.797777473926544 2
      vertex 22.048050299286842 -12.67163859307766 2
    endloop
  endfacet
  facet normal -0.4422886918115197 0.8968727407473451 0
    outer loop
      vertex 22.048050299286842 -12.67163859307766 2
      vertex 22.399999998509884 -12.49807620793581 2
      vertex 22.399999998509884 -12.49807620793581 1.3
    endloop
  endfacet
  facet normal -0.5555702203832522 0.8314696207458844 0
    outer loop
      vertex 22.72628428786993 -12.280060023069382 1.3
      vertex 22.399999998509884 -12.49807620793581 2
      vertex 22.72628428786993 -12.280060023069382 2
    endloop
  endfacet
  facet normal -0.6593458207943228 0.7518398024852506 0
    outer loop
      vertex 22.72628428786993 -12.280060023069382 1.3
      vertex 22.72628428786993 -12.280060023069382 2
      vertex 23.021320343017578 -12.021320343017578 1.3
    endloop
  endfacet
  facet normal -0.6593458207943228 0.7518398024852506 0
    outer loop
      vertex 22.72628428786993 -12.280060023069382 2
      vertex 23.021320343017578 -12.021320343017578 2
      vertex 23.021320343017578 -12.021320343017578 1.3
    endloop
  endfacet
  facet normal -0.7518398024852506 0.6593458207943228 0
    outer loop
      vertex 23.021320343017578 -12.021320343017578 1.3
      vertex 23.021320343017578 -12.021320343017578 2
      vertex 23.28006002306938 -11.72628428786993 1.3
    endloop
  endfacet
  facet normal -0.8314696207458844 0.5555702203832522 0
    outer loop
      vertex 23.28006002306938 -11.72628428786993 1.3
      vertex 23.28006002306938 -11.72628428786993 2
      vertex 23.49807620793581 -11.399999998509884 1.3
    endloop
  endfacet
  facet normal -0.8968727407473451 0.4422886918115197 0
    outer loop
      vertex 23.49807620793581 -11.399999998509884 1.3
      vertex 23.49807620793581 -11.399999998509884 2
      vertex 23.67163859307766 -11.048050299286842 1.3
    endloop
  endfacet
  facet normal -0.7518398024852506 0.6593458207943228 0
    outer loop
      vertex 23.28006002306938 -11.72628428786993 1.3
      vertex 23.021320343017578 -12.021320343017578 2
      vertex 23.28006002306938 -11.72628428786993 2
    endloop
  endfacet
  facet normal -0.8314696207458844 0.5555702203832522 0
    outer loop
      vertex 23.49807620793581 -11.399999998509884 1.3
      vertex 23.28006002306938 -11.72628428786993 2
      vertex 23.49807620793581 -11.399999998509884 2
    endloop
  endfacet
  facet normal -0.8968727407473451 0.4422886918115197 0
    outer loop
      vertex 23.49807620793581 -11.399999998509884 2
      vertex 23.67163859307766 -11.048050299286842 2
      vertex 23.67163859307766 -11.048050299286842 1.3
    endloop
  endfacet
  facet normal 0 0 1
    outer loop
      vertex 14.899999999999999 -10.7 0.8
      vertex 23.789785748815273 -10.7 0.8
      vertex 23.797777473926544 -10.67645713686943 0.8
    endloop
  endfacet
  facet normal 0 0 1
    outer loop
      vertex 14.899999999999999 -10.7 0.8
      vertex 23.797777473926544 -10.67645713686943 0.8
      vertex 23.874334581196308 -10.291578575968742 0.8
    endloop
  endfacet
  facet normal -0.9469301300366966 0.32143946370768656 0
    outer loop
      vertex 23.789785748815273 -10.7 0.8
      vertex 23.797777473926544 -10.67645713686943 2
      vertex 23.797777473926544 -10.67645713686943 0.8
    endloop
  endfacet
  facet normal -0.9469301300366966 0.3214394637076865 0
    outer loop
      vertex 23.789785748815273 -10.7 0.8
      vertex 23.789785748815273 -10.7 1.3
      vertex 23.797777473926544 -10.67645713686943 2
    endloop
  endfacet
  facet normal -0.9469301300366776 0.321439463707742 0
    outer loop
      vertex 23.67163859307766 -11.048050299286842 1.3
      vertex 23.67163859307766 -11.048050299286842 2
      vertex 23.789785748815273 -10.7 1.3
    endloop
  endfacet
  facet normal -0.980785279639006 0.1950903258581441 0
    outer loop
      vertex 23.797777473926544 -10.67645713686943 0.8
      vertex 23.797777473926544 -10.67645713686943 2
      vertex 23.874334581196308 -10.291578575968742 0.8
    endloop
  endfacet
  facet normal -0.980785279639006 0.1950903258581441 0
    outer loop
      vertex 23.874334581196308 -10.291578575968742 0.8
      vertex 23.797777473926544 -10.67645713686943 2
      vertex 23.874334581196308 -10.291578575968742 2
    endloop
  endfacet
  facet normal -0.9469301300366787 0.32143946370773846 -1.949797025190453e-15
    outer loop
      vertex 23.789785748815273 -10.7 1.3
      vertex 23.67163859307766 -11.048050299286842 2
      vertex 23.797777473926544 -10.67645713686943 2
    endloop
  endfacet
  facet normal -0.9978589230086541 0.06540313273849395 0
    outer loop
      vertex 23.874334581196308 -10.291578575968742 0.8
      vertex 23.874334581196308 -10.291578575968742 2
      vertex 23.899999998509884 -9.899999998509884 0.8
    endloop
  endfacet
  facet normal -0.9978589230086541 0.06540313273849395 0
    outer loop
      vertex 23.899999998509884 -9.899999998509884 0.8
      vertex 23.874334581196308 -10.291578575968742 2
      vertex 23.899999998509884 -9.899999998509884 2
    endloop
  endfacet
  facet normal -1 0 0
    outer loop
      vertex 23.899999998509884 -9.899999998509884 0.8
      vertex 23.899999998509884 -9.899999998509884 2
      vertex 23.899999998509884 9.899999998509884 0.8
    endloop
  endfacet
  facet normal 0 0 1
    outer loop
      vertex -23.874334581196308 -10.291578575968742 0.8
      vertex 23.899999998509884 9.899999998509884 0.8
      vertex 23.874334581196308 10.291578575968742 0.8
    endloop
  endfacet
  facet normal 0 0 1
    outer loop
      vertex -23.899999998509884 -9.899999998509884 0.8
      vertex 23.874334581196308 10.291578575968742 0.8
      vertex 23.797777473926544 10.67645713686943 0.8
    endloop
  endfacet
  facet normal 0 0 -1
    outer loop
      vertex -23.874334581196308 -10.291578575968742 2
      vertex 23.874334581196308 10.291578575968742 2
      vertex 23.899999998509884 9.899999998509884 2
    endloop
  endfacet
  facet normal 0 0 -1
    outer loop
      vertex -23.899999998509884 -9.899999998509884 2
      vertex 23.797777473926544 10.67645713686943 2
      vertex 23.874334581196308 10.291578575968742 2
    endloop
  endfacet
  facet normal 0 0 1
    outer loop
      vertex -23.899999998509884 9.899999998509884 0.8
      vertex 23.797777473926544 10.67645713686943 0.8
      vertex 14.899999999999999 10.7 0.8
    endloop
  endfacet
  facet normal 0 0 1
    outer loop
      vertex -14.899999999999999 12.899999998509884 0.8
      vertex 14.899999999999999 10.7 0.8
      vertex 14.899999999999999 12.899999998509884 0.8
    endloop
  endfacet
  facet normal 0 -1 0
    outer loop
      vertex -14.899999999999999 12.899999998509884 1.3
      vertex 14.899999999999999 12.899999998509884 0.8
      vertex 14.899999999999999 12.899999998509884 1.3
    endloop
  endfacet
  facet normal 0 0 -1
    outer loop
      vertex -23.899999998509884 9.899999998509884 2
      vertex 23.67163859307766 11.048050299286842 2
      vertex 23.797777473926544 10.67645713686943 2
    endloop
  endfacet
  facet normal 0 0 -1
    outer loop
      vertex -23.874334581196308 10.291578575968742 2
      vertex 23.49807620793581 11.399999998509884 2
      vertex 23.67163859307766 11.048050299286842 2
    endloop
  endfacet
  facet normal 0 0 -1
    outer loop
      vertex -23.797777473926544 10.67645713686943 2
      vertex 23.28006002306938 11.72628428786993 2
      vertex 23.49807620793581 11.399999998509884 2
    endloop
  endfacet
  facet normal 0 0 -1
    outer loop
      vertex -23.67163859307766 11.048050299286842 2
      vertex 23.021320343017578 12.021320343017578 2
      vertex 23.28006002306938 11.72628428786993 2
    endloop
  endfacet
  facet normal 0 0 -1
    outer loop
      vertex -23.49807620793581 11.399999998509884 2
      vertex 22.72628428786993 12.280060023069382 2
      vertex 23.021320343017578 12.021320343017578 2
    endloop
  endfacet
  facet normal 0 -1 0
    outer loop
      vertex -14.899999999999999 12.899999998509884 1.3
      vertex 14.899999999999999 12.899999998509884 1.3
      vertex 20.899999998509884 12.899999998509884 2
    endloop
  endfacet
  facet normal 0 0 -1
    outer loop
      vertex -23.28006002306938 11.72628428786993 2
      vertex 22.399999998509884 12.49807620793581 2
      vertex 22.72628428786993 12.280060023069382 2
    endloop
  endfacet
  facet normal 0 0 -1
    outer loop
      vertex -23.021320343017578 12.021320343017578 2
      vertex 22.048050299286842 12.67163859307766 2
      vertex 22.399999998509884 12.49807620793581 2
    endloop
  endfacet
  facet normal 0 0 -1
    outer loop
      vertex -22.048050299286842 12.67163859307766 2
      vertex 20.899999998509884 12.899999998509884 2
      vertex 21.291578575968742 12.874334581196308 2
    endloop
  endfacet
  facet normal 0 0 -1
    outer loop
      vertex -22.399999998509884 12.49807620793581 2
      vertex 21.291578575968742 12.874334581196308 2
      vertex 21.67645713686943 12.797777473926544 2
    endloop
  endfacet
  facet normal 0 0 -1
    outer loop
      vertex -22.72628428786993 12.280060023069382 2
      vertex 21.67645713686943 12.797777473926544 2
      vertex 22.048050299286842 12.67163859307766 2
    endloop
  endfacet
  facet normal -1 0 0
    outer loop
      vertex 23.899999998509884 -9.899999998509884 2
      vertex 23.899999998509884 9.899999998509884 2
      vertex 23.899999998509884 9.899999998509884 0.8
    endloop
  endfacet
  facet normal 0 -1 0
    outer loop
      vertex 14.899999999999999 12.899999998509884 1.3
      vertex 20.899999998509884 12.899999998509884 1.3
      vertex 20.899999998509884 12.899999998509884 2
    endloop
  endfacet
  facet normal 0 0 1
    outer loop
      vertex 14.899999999999999 10.7 0.8
      vertex 23.797777473926544 10.67645713686943 0.8
      vertex 23.789785748815273 10.7 0.8
    endloop
  endfacet
  facet normal -0.9469301300366966 -0.3214394637076865 0
    outer loop
      vertex 23.797777473926544 10.67645713686943 0.8
      vertex 23.789785748815273 10.7 1.3
      vertex 23.789785748815273 10.7 0.8
    endloop
  endfacet
  facet normal -0.9978589230086541 -0.06540313273849395 0
    outer loop
      vertex 23.899999998509884 9.899999998509884 0.8
      vertex 23.899999998509884 9.899999998509884 2
      vertex 23.874334581196308 10.291578575968742 0.8
    endloop
  endfacet
  facet normal -0.9978589230086541 -0.06540313273849395 0
    outer loop
      vertex 23.874334581196308 10.291578575968742 0.8
      vertex 23.899999998509884 9.899999998509884 2
      vertex 23.874334581196308 10.291578575968742 2
    endloop
  endfacet
  facet normal -0.980785279639006 -0.1950903258581441 0
    outer loop
      vertex 23.874334581196308 10.291578575968742 0.8
      vertex 23.874334581196308 10.291578575968742 2
      vertex 23.797777473926544 10.67645713686943 0.8
    endloop
  endfacet
  facet normal -0.980785279639006 -0.1950903258581441 0
    outer loop
      vertex 23.797777473926544 10.67645713686943 0.8
      vertex 23.874334581196308 10.291578575968742 2
      vertex 23.797777473926544 10.67645713686943 2
    endloop
  endfacet
  facet normal -0.9469301300366966 -0.32143946370768656 0
    outer loop
      vertex 23.797777473926544 10.67645713686943 0.8
      vertex 23.797777473926544 10.67645713686943 2
      vertex 23.789785748815273 10.7 1.3
    endloop
  endfacet
  facet normal -0.9469301300366776 -0.321439463707742 -2.081685446463198e-15
    outer loop
      vertex 23.789785748815273 10.7 1.3
      vertex 23.797777473926544 10.67645713686943 2
      vertex 23.67163859307766 11.048050299286842 1.3
    endloop
  endfacet
  facet normal -0.9469301300366787 -0.3214394637077384 0
    outer loop
      vertex 23.67163859307766 11.048050299286842 1.3
      vertex 23.797777473926544 10.67645713686943 2
      vertex 23.67163859307766 11.048050299286842 2
    endloop
  endfacet
  facet normal -0.06540313273849394 -0.997858923008654 0
    outer loop
      vertex 20.899999998509884 12.899999998509884 1.3
      vertex 21.291578575968742 12.874334581196308 2
      vertex 20.899999998509884 12.899999998509884 2
    endloop
  endfacet
  facet normal -0.06540313273849394 -0.997858923008654 0
    outer loop
      vertex 20.899999998509884 12.899999998509884 1.3
      vertex 21.291578575968742 12.874334581196308 1.3
      vertex 21.291578575968742 12.874334581196308 2
    endloop
  endfacet
  facet normal -0.1950903258581441 -0.980785279639006 0
    outer loop
      vertex 21.291578575968742 12.874334581196308 1.3
      vertex 21.67645713686943 12.797777473926544 1.3
      vertex 21.67645713686943 12.797777473926544 2
    endloop
  endfacet
  facet normal -0.5555702203832522 -0.8314696207458844 0
    outer loop
      vertex 22.72628428786993 12.280060023069382 1.3
      vertex 22.72628428786993 12.280060023069382 2
      vertex 22.399999998509884 12.49807620793581 1.3
    endloop
  endfacet
  facet normal -0.3214394637077384 -0.9469301300366787 0
    outer loop
      vertex 21.67645713686943 12.797777473926544 1.3
      vertex 22.048050299286842 12.67163859307766 1.3
      vertex 22.048050299286842 12.67163859307766 2
    endloop
  endfacet
  facet normal -0.4422886918115197 -0.8968727407473451 0
    outer loop
      vertex 22.048050299286842 12.67163859307766 1.3
      vertex 22.399999998509884 12.49807620793581 1.3
      vertex 22.399999998509884 12.49807620793581 2
    endloop
  endfacet
  facet normal -0.1950903258581441 -0.980785279639006 0
    outer loop
      vertex 21.291578575968742 12.874334581196308 1.3
      vertex 21.67645713686943 12.797777473926544 2
      vertex 21.291578575968742 12.874334581196308 2
    endloop
  endfacet
  facet normal -0.3214394637077384 -0.9469301300366787 0
    outer loop
      vertex 21.67645713686943 12.797777473926544 1.3
      vertex 22.048050299286842 12.67163859307766 2
      vertex 21.67645713686943 12.797777473926544 2
    endloop
  endfacet
  facet normal -0.5555702203832522 -0.8314696207458844 0
    outer loop
      vertex 22.399999998509884 12.49807620793581 1.3
      vertex 22.72628428786993 12.280060023069382 2
      vertex 22.399999998509884 12.49807620793581 2
    endloop
  endfacet
  facet normal -0.4422886918115197 -0.8968727407473451 0
    outer loop
      vertex 22.048050299286842 12.67163859307766 1.3
      vertex 22.399999998509884 12.49807620793581 2
      vertex 22.048050299286842 12.67163859307766 2
    endloop
  endfacet
  facet normal -0.8314696207458844 -0.5555702203832522 0
    outer loop
      vertex 23.49807620793581 11.399999998509884 1.3
      vertex 23.49807620793581 11.399999998509884 2
      vertex 23.28006002306938 11.72628428786993 1.3
    endloop
  endfacet
  facet normal -0.7518398024852506 -0.6593458207943228 0
    outer loop
      vertex 23.021320343017578 12.021320343017578 1.3
      vertex 23.28006002306938 11.72628428786993 1.3
      vertex 23.28006002306938 11.72628428786993 2
    endloop
  endfacet
  facet normal -0.8968727407473451 -0.4422886918115197 0
    outer loop
      vertex 23.67163859307766 11.048050299286842 1.3
      vertex 23.67163859307766 11.048050299286842 2
      vertex 23.49807620793581 11.399999998509884 1.3
    endloop
  endfacet
  facet normal -0.8314696207458844 -0.5555702203832522 0
    outer loop
      vertex 23.28006002306938 11.72628428786993 1.3
      vertex 23.49807620793581 11.399999998509884 2
      vertex 23.28006002306938 11.72628428786993 2
    endloop
  endfacet
  facet normal -0.7518398024852506 -0.6593458207943228 0
    outer loop
      vertex 23.021320343017578 12.021320343017578 1.3
      vertex 23.28006002306938 11.72628428786993 2
      vertex 23.021320343017578 12.021320343017578 2
    endloop
  endfacet
  facet normal -0.8968727407473451 -0.4422886918115197 0
    outer loop
      vertex 23.67163859307766 11.048050299286842 2
      vertex 23.49807620793581 11.399999998509884 2
      vertex 23.49807620793581 11.399999998509884 1.3
    endloop
  endfacet
  facet normal -0.6593458207943228 -0.7518398024852506 0
    outer loop
      vertex 23.021320343017578 12.021320343017578 1.3
      vertex 23.021320343017578 12.021320343017578 2
      vertex 22.72628428786993 12.280060023069382 1.3
    endloop
  endfacet
  facet normal -0.6593458207943228 -0.7518398024852506 0
    outer loop
      vertex 23.021320343017578 12.021320343017578 2
      vertex 22.72628428786993 12.280060023069382 2
      vertex 22.72628428786993 12.280060023069382 1.3
    endloop
  endfacet
  facet normal 0.896872740747345 0.4422886918115197 0
    outer loop
      vertex -9.598076209425926 -8 17.880000000000003
      vertex -9.771638594567776 -7.6480503007769585 17.880000000000003
      vertex -9.771638594567776 -7.6480503007769585 17.890000000000004
    endloop
  endfacet
  facet normal 0.9469301300366787 0.32143946370773846 0
    outer loop
      vertex -9.771638594567776 -7.6480503007769585 17.880000000000003
      vertex -9.89777747541666 -7.276457138359547 17.890000000000004
      vertex -9.771638594567776 -7.6480503007769585 17.890000000000004
    endloop
  endfacet
  facet normal 0.32143946370773846 0.9469301300366787 0
    outer loop
      vertex -8.148050300776958 -9.271638594567776 17.880000000000003
      vertex -8.148050300776958 -9.271638594567776 17.890000000000004
      vertex -7.776457138359547 -9.39777747541666 17.880000000000003
    endloop
  endfacet
  facet normal 0.32143946370773846 0.9469301300366787 0
    outer loop
      vertex -7.776457138359547 -9.39777747541666 17.880000000000003
      vertex -8.148050300776958 -9.271638594567776 17.890000000000004
      vertex -7.776457138359547 -9.39777747541666 17.890000000000004
    endloop
  endfacet
  facet normal 0.19509032585814406 0.980785279639006 0
    outer loop
      vertex -7.776457138359547 -9.39777747541666 17.880000000000003
      vertex -7.776457138359547 -9.39777747541666 17.890000000000004
      vertex -7.3915785774588585 -9.474334582686424 17.880000000000003
    endloop
  endfacet
  facet normal 0.19509032585814406 0.980785279639006 0
    outer loop
      vertex -7.3915785774588585 -9.474334582686424 17.880000000000003
      vertex -7.776457138359547 -9.39777747541666 17.890000000000004
      vertex -7.3915785774588585 -9.474334582686424 17.890000000000004
    endloop
  endfacet
  facet normal 0.06540313273849395 0.9978589230086542 0
    outer loop
      vertex -7 -9.5 17.880000000000003
      vertex -7.3915785774588585 -9.474334582686424 17.890000000000004
      vertex -7 -9.5 17.890000000000004
    endloop
  endfacet
  facet normal 0.06540313273849395 0.9978589230086542 0
    outer loop
      vertex -7.3915785774588585 -9.474334582686424 17.880000000000003
      vertex -7.3915785774588585 -9.474334582686424 17.890000000000004
      vertex -7 -9.5 17.880000000000003
    endloop
  endfacet
  facet normal 0.6593458207943228 0.7518398024852507 0
    outer loop
      vertex -8.826284289360046 -8.880060024559498 17.880000000000003
      vertex -9.121320344507694 -8.621320344507694 17.880000000000003
      vertex -9.121320344507694 -8.621320344507694 17.890000000000004
    endloop
  endfacet
  facet normal 0.6593458207943228 0.7518398024852507 0
    outer loop
      vertex -8.826284289360046 -8.880060024559498 17.880000000000003
      vertex -9.121320344507694 -8.621320344507694 17.890000000000004
      vertex -8.826284289360046 -8.880060024559498 17.890000000000004
    endloop
  endfacet
  facet normal 0.7518398024852507 0.6593458207943228 0
    outer loop
      vertex -9.121320344507694 -8.621320344507694 17.880000000000003
      vertex -9.380060024559498 -8.326284289360046 17.890000000000004
      vertex -9.121320344507694 -8.621320344507694 17.890000000000004
    endloop
  endfacet
  facet normal 0.7518398024852507 0.6593458207943228 0
    outer loop
      vertex -9.380060024559498 -8.326284289360046 17.880000000000003
      vertex -9.380060024559498 -8.326284289360046 17.890000000000004
      vertex -9.121320344507694 -8.621320344507694 17.880000000000003
    endloop
  endfacet
  facet normal 0.5555702203832521 0.8314696207458842 0
    outer loop
      vertex -8.826284289360046 -8.880060024559498 17.880000000000003
      vertex -8.826284289360046 -8.880060024559498 17.890000000000004
      vertex -8.5 -9.098076209425926 17.880000000000003
    endloop
  endfacet
  facet normal 0.5555702203832521 0.8314696207458842 0
    outer loop
      vertex -8.5 -9.098076209425926 17.880000000000003
      vertex -8.826284289360046 -8.880060024559498 17.890000000000004
      vertex -8.5 -9.098076209425926 17.890000000000004
    endloop
  endfacet
  facet normal 0.4422886918115197 0.896872740747345 0
    outer loop
      vertex -8.5 -9.098076209425926 17.880000000000003
      vertex -8.5 -9.098076209425926 17.890000000000004
      vertex -8.148050300776958 -9.271638594567776 17.880000000000003
    endloop
  endfacet
  facet normal 0.4422886918115197 0.896872740747345 0
    outer loop
      vertex -8.148050300776958 -9.271638594567776 17.880000000000003
      vertex -8.5 -9.098076209425926 17.890000000000004
      vertex -8.148050300776958 -9.271638594567776 17.890000000000004
    endloop
  endfacet
  facet normal 0.8314696207458842 0.5555702203832521 0
    outer loop
      vertex -9.380060024559498 -8.326284289360046 17.880000000000003
      vertex -9.598076209425926 -8 17.880000000000003
      vertex -9.598076209425926 -8 17.890000000000004
    endloop
  endfacet
  facet normal 0.8314696207458842 0.5555702203832521 0
    outer loop
      vertex -9.380060024559498 -8.326284289360046 17.880000000000003
      vertex -9.598076209425926 -8 17.890000000000004
      vertex -9.380060024559498 -8.326284289360046 17.890000000000004
    endloop
  endfacet
  facet normal 0.896872740747345 0.4422886918115197 0
    outer loop
      vertex -9.598076209425926 -8 17.880000000000003
      vertex -9.771638594567776 -7.6480503007769585 17.890000000000004
      vertex -9.598076209425926 -8 17.890000000000004
    endloop
  endfacet
  facet normal 0.9469301300366787 0.32143946370773846 0
    outer loop
      vertex -9.771638594567776 -7.6480503007769585 17.880000000000003
      vertex -9.89777747541666 -7.276457138359547 17.880000000000003
      vertex -9.89777747541666 -7.276457138359547 17.890000000000004
    endloop
  endfacet
  facet normal 0.980785279639006 0.19509032585814406 0
    outer loop
      vertex -9.89777747541666 -7.276457138359547 17.880000000000003
      vertex -9.974334582686424 -6.8915785774588585 17.890000000000004
      vertex -9.89777747541666 -7.276457138359547 17.890000000000004
    endloop
  endfacet
  facet normal 0.980785279639006 0.19509032585814406 0
    outer loop
      vertex -9.89777747541666 -7.276457138359547 17.880000000000003
      vertex -9.974334582686424 -6.8915785774588585 17.880000000000003
      vertex -9.974334582686424 -6.8915785774588585 17.890000000000004
    endloop
  endfacet
  facet normal 0.9978589230086542 0.06540313273849395 0
    outer loop
      vertex -9.974334582686424 -6.8915785774588585 17.880000000000003
      vertex -10 -6.5 17.890000000000004
      vertex -9.974334582686424 -6.8915785774588585 17.890000000000004
    endloop
  endfacet
  facet normal 0.9978589230086542 0.06540313273849395 0
    outer loop
      vertex -9.974334582686424 -6.8915785774588585 17.880000000000003
      vertex -10 -6.5 17.880000000000003
      vertex -10 -6.5 17.890000000000004
    endloop
  endfacet
  facet normal 1 0 0
    outer loop
      vertex -10 -6.5 16.880000000000003
      vertex -10 6.5 16.880000000000003
      vertex -10 -6.5 17.880000000000003
    endloop
  endfacet
  facet normal 1 0 0
    outer loop
      vertex -10 6.5 16.880000000000003
      vertex -10 -6.5 17.890000000000004
      vertex -10 -6.5 17.880000000000003
    endloop
  endfacet
  facet normal 1 0 0
    outer loop
      vertex -10 6.5 16.880000000000003
      vertex -10 6.5 17.890000000000004
      vertex -10 -6.5 17.890000000000004
    endloop
  endfacet
  facet normal 0.9978589230086543 -0.06540313273848944 0
    outer loop
      vertex -10 6.5 16.880000000000003
      vertex -9.991444860895475 6.630526192486286 17.880000000000003
      vertex -10 6.5 17.890000000000004
    endloop
  endfacet
  facet normal 0.9978589230086542 -0.06540313273849395 -5.901490908338202e-14
    outer loop
      vertex -9.991444860895475 6.630526192486286 17.880000000000003
      vertex -9.974334582686424 6.8915785774588585 17.890000000000004
      vertex -10 6.5 17.890000000000004
    endloop
  endfacet
  facet normal 0.9978589230086538 -0.0654031327384962 0
    outer loop
      vertex -9.991444860895475 6.630526192486286 17.880000000000003
      vertex -9.974334582686424 6.8915785774588585 17.880000000000003
      vertex -9.974334582686424 6.8915785774588585 17.890000000000004
    endloop
  endfacet
  facet normal 0.980785279639006 -0.19509032585814406 0
    outer loop
      vertex -9.974334582686424 6.8915785774588585 17.880000000000003
      vertex -9.89777747541666 7.276457138359547 17.890000000000004
      vertex -9.974334582686424 6.8915785774588585 17.890000000000004
    endloop
  endfacet
  facet normal 0.980785279639006 -0.19509032585814406 0
    outer loop
      vertex -9.974334582686424 6.8915785774588585 17.880000000000003
      vertex -9.89777747541666 7.276457138359547 17.880000000000003
      vertex -9.89777747541666 7.276457138359547 17.890000000000004
    endloop
  endfacet
  facet normal 0.8968727407473451 -0.4422886918115197 0
    outer loop
      vertex -9.771638594567776 7.6480503007769585 16.880000000000003
      vertex -9.598076209425926 8 17.890000000000004
      vertex -9.771638594567776 7.6480503007769585 17.880000000000003
    endloop
  endfacet
  facet normal 0.9469301300366787 -0.32143946370773846 0
    outer loop
      vertex -9.89777747541666 7.276457138359547 17.880000000000003
      vertex -9.771638594567776 7.6480503007769585 17.890000000000004
      vertex -9.89777747541666 7.276457138359547 17.890000000000004
    endloop
  endfacet
  facet normal 0.9469301300366787 -0.32143946370773846 0
    outer loop
      vertex -9.89777747541666 7.276457138359547 17.880000000000003
      vertex -9.771638594567776 7.6480503007769585 17.880000000000003
      vertex -9.771638594567776 7.6480503007769585 17.890000000000004
    endloop
  endfacet
  facet normal 0.896872740747345 -0.4422886918115197 0
    outer loop
      vertex -9.771638594567776 7.6480503007769585 17.880000000000003
      vertex -9.598076209425926 8 17.890000000000004
      vertex -9.771638594567776 7.6480503007769585 17.890000000000004
    endloop
  endfacet
  facet normal 0.8968727407473451 -0.4422886918115197 0
    outer loop
      vertex -9.771638594567776 7.6480503007769585 16.880000000000003
      vertex -9.706552700139582 7.780031437985599 16.880000000000003
      vertex -9.598076209425926 8 17.880000000000003
    endloop
  endfacet
  facet normal 0.8968727407473461 -0.4422886918115175 0
    outer loop
      vertex -9.771638594567776 7.6480503007769585 16.880000000000003
      vertex -9.598076209425926 8 17.880000000000003
      vertex -9.598076209425926 8 17.890000000000004
    endloop
  endfacet
  facet normal 0.7518398024852507 -0.6593458207943228 0
    outer loop
      vertex -9.380060024559498 8.326284289360046 16.880000000000003
      vertex -9.283032644540071 8.436922810040414 16.880000000000003
      vertex -9.121320344507694 8.621320344507694 17.880000000000003
    endloop
  endfacet
  facet normal 0.751839802485255 -0.659345820794318 0
    outer loop
      vertex -9.380060024559498 8.326284289360046 16.880000000000003
      vertex -9.29381346454223 8.42462964107593 17.880000000000003
      vertex -9.380060024559498 8.326284289360046 17.53217391304348
    endloop
  endfacet
  facet normal 0.7518398024852486 -0.6593458207943252 1.2598688460103233e-15
    outer loop
      vertex -9.380060024559498 8.326284289360046 16.880000000000003
      vertex -9.121320344507694 8.621320344507694 17.880000000000003
      vertex -9.29381346454223 8.42462964107593 17.880000000000003
    endloop
  endfacet
  facet normal 0.8314696207458842 -0.5555702203832521 0
    outer loop
      vertex -9.598076209425926 8 17.880000000000003
      vertex -9.380060024559498 8.326284289360046 17.890000000000004
      vertex -9.598076209425926 8 17.890000000000004
    endloop
  endfacet
  facet normal 0.8314696207458842 -0.5555702203832521 0
    outer loop
      vertex -9.598076209425926 8 17.880000000000003
      vertex -9.380060024559498 8.326284289360046 17.880000000000003
      vertex -9.380060024559498 8.326284289360046 17.890000000000004
    endloop
  endfacet
  facet normal 0.7518398024852507 -0.6593458207943228 0
    outer loop
      vertex -9.380060024559498 8.326284289360046 17.880000000000003
      vertex -9.121320344507694 8.621320344507694 17.890000000000004
      vertex -9.380060024559498 8.326284289360046 17.890000000000004
    endloop
  endfacet
  facet normal 0.7518398024852548 -0.659345820794318 -2.519737692020251e-13
    outer loop
      vertex -9.380060024559498 8.326284289360046 17.880000000000003
      vertex -9.29381346454223 8.42462964107593 17.880000000000003
      vertex -9.121320344507694 8.621320344507694 17.890000000000004
    endloop
  endfacet
  facet normal 0.7518398024852486 -0.6593458207943252 0
    outer loop
      vertex -9.29381346454223 8.42462964107593 17.880000000000003
      vertex -9.121320344507694 8.621320344507694 17.880000000000003
      vertex -9.121320344507694 8.621320344507694 17.890000000000004
    endloop
  endfacet
  facet normal 0.6593458207943228 -0.7518398024852507 0
    outer loop
      vertex -9.121320344507694 8.621320344507694 17.880000000000003
      vertex -8.826284289360046 8.880060024559498 17.890000000000004
      vertex -9.121320344507694 8.621320344507694 17.890000000000004
    endloop
  endfacet
  facet normal 0.6593458207943228 -0.7518398024852507 0
    outer loop
      vertex -9.121320344507694 8.621320344507694 17.880000000000003
      vertex -8.826284289360046 8.880060024559498 17.880000000000003
      vertex -8.826284289360046 8.880060024559498 17.890000000000004
    endloop
  endfacet
  facet normal 0.5555702203832521 -0.8314696207458842 0
    outer loop
      vertex -8.826284289360046 8.880060024559498 17.880000000000003
      vertex -8.5 9.098076209425926 17.890000000000004
      vertex -8.826284289360046 8.880060024559498 17.890000000000004
    endloop
  endfacet
  facet normal 0.5555702203832521 -0.8314696207458842 0
    outer loop
      vertex -8.826284289360046 8.880060024559498 17.880000000000003
      vertex -8.5 9.098076209425926 17.880000000000003
      vertex -8.5 9.098076209425926 17.890000000000004
    endloop
  endfacet
  facet normal 0.4422886918115197 -0.896872740747345 0
    outer loop
      vertex -8.5 9.098076209425926 17.880000000000003
      vertex -8.148050300776958 9.271638594567776 17.890000000000004
      vertex -8.5 9.098076209425926 17.890000000000004
    endloop
  endfacet
  facet normal 0.4422886918115197 -0.896872740747345 0
    outer loop
      vertex -8.5 9.098076209425926 17.880000000000003
      vertex -8.148050300776958 9.271638594567776 17.880000000000003
      vertex -8.148050300776958 9.271638594567776 17.890000000000004
    endloop
  endfacet
  facet normal 0.06540313273849395 -0.9978589230086541 0
    outer loop
      vertex -7.3915785774588585 9.474334582686424 16.880000000000003
      vertex -7.244736610911787 9.483959114179015 16.880000000000003
      vertex -7 9.5 17.880000000000003
    endloop
  endfacet
  facet normal 0.06540313273849395 -0.9978589230086541 0
    outer loop
      vertex -7.3915785774588585 9.474334582686424 16.880000000000003
      vertex -7 9.5 17.890000000000004
      vertex -7.3915785774588585 9.474334582686424 17.880000000000003
    endloop
  endfacet
  facet normal 0.06540313273849388 -0.9978589230086542 0
    outer loop
      vertex -7.3915785774588585 9.474334582686424 16.880000000000003
      vertex -7 9.5 17.880000000000003
      vertex -7 9.5 17.890000000000004
    endloop
  endfacet
  facet normal 0.32143946370773846 -0.9469301300366787 0
    outer loop
      vertex -8.148050300776958 9.271638594567776 17.880000000000003
      vertex -7.776457138359547 9.39777747541666 17.890000000000004
      vertex -8.148050300776958 9.271638594567776 17.890000000000004
    endloop
  endfacet
  facet normal 0.32143946370773846 -0.9469301300366787 0
    outer loop
      vertex -8.148050300776958 9.271638594567776 17.880000000000003
      vertex -7.776457138359547 9.39777747541666 17.880000000000003
      vertex -7.776457138359547 9.39777747541666 17.890000000000004
    endloop
  endfacet
  facet normal 0.19509032585814406 -0.980785279639006 0
    outer loop
      vertex -7.776457138359547 9.39777747541666 17.880000000000003
      vertex -7.3915785774588585 9.474334582686424 17.890000000000004
      vertex -7.776457138359547 9.39777747541666 17.890000000000004
    endloop
  endfacet
  facet normal 0.19509032585814406 -0.980785279639006 0
    outer loop
      vertex -7.776457138359547 9.39777747541666 17.880000000000003
      vertex -7.3915785774588585 9.474334582686424 17.880000000000003
      vertex -7.3915785774588585 9.474334582686424 17.890000000000004
    endloop
  endfacet
  facet normal 0.06540313273849395 -0.9978589230086542 0
    outer loop
      vertex -7.3915785774588585 9.474334582686424 17.880000000000003
      vertex -7 9.5 17.890000000000004
      vertex -7.3915785774588585 9.474334582686424 17.890000000000004
    endloop
  endfacet
  facet normal 0 1 0
    outer loop
      vertex -7 -9.5 17.880000000000003
      vertex -7 -9.5 17.890000000000004
      vertex 18.5 -9.5 17.880000000000003
    endloop
  endfacet
  facet normal 0 1 0
    outer loop
      vertex 18.5 -9.5 17.880000000000003
      vertex -7 -9.5 17.890000000000004
      vertex 18.5 -9.5 17.890000000000004
    endloop
  endfacet
  facet normal -0.06540313273849395 0.9978589230086541 0
    outer loop
      vertex 18.744736610911787 -9.483959114179015 16.880000000000003
      vertex 18.5 -9.5 17.880000000000003
      vertex 18.89157857745886 -9.474334582686424 16.880000000000003
    endloop
  endfacet
  facet normal -0.06540313273849388 0.9978589230086542 0
    outer loop
      vertex 18.89157857745886 -9.474334582686424 16.880000000000003
      vertex 18.5 -9.5 17.880000000000003
      vertex 18.5 -9.5 17.890000000000004
    endloop
  endfacet
  facet normal -0.06540313273849395 0.9978589230086541 0
    outer loop
      vertex 18.89157857745886 -9.474334582686424 16.880000000000003
      vertex 18.5 -9.5 17.890000000000004
      vertex 18.89157857745886 -9.474334582686424 17.880000000000003
    endloop
  endfacet
  facet normal -0.06540313273849395 0.9978589230086542 0
    outer loop
      vertex 18.89157857745886 -9.474334582686424 17.880000000000003
      vertex 18.5 -9.5 17.890000000000004
      vertex 18.89157857745886 -9.474334582686424 17.890000000000004
    endloop
  endfacet
  facet normal -0.19509032585814406 0.980785279639006 0
    outer loop
      vertex 18.89157857745886 -9.474334582686424 17.880000000000003
      vertex 18.89157857745886 -9.474334582686424 17.890000000000004
      vertex 19.276457138359547 -9.39777747541666 17.880000000000003
    endloop
  endfacet
  facet normal -0.19509032585814406 0.980785279639006 0
    outer loop
      vertex 19.276457138359547 -9.39777747541666 17.880000000000003
      vertex 18.89157857745886 -9.474334582686424 17.890000000000004
      vertex 19.276457138359547 -9.39777747541666 17.890000000000004
    endloop
  endfacet
  facet normal -0.32143946370773846 0.9469301300366787 0
    outer loop
      vertex 19.276457138359547 -9.39777747541666 17.880000000000003
      vertex 19.276457138359547 -9.39777747541666 17.890000000000004
      vertex 19.64805030077696 -9.271638594567776 17.880000000000003
    endloop
  endfacet
  facet normal -0.32143946370773846 0.9469301300366787 0
    outer loop
      vertex 19.64805030077696 -9.271638594567776 17.880000000000003
      vertex 19.276457138359547 -9.39777747541666 17.890000000000004
      vertex 19.64805030077696 -9.271638594567776 17.890000000000004
    endloop
  endfacet
  facet normal -0.4422886918115197 0.896872740747345 0
    outer loop
      vertex 19.64805030077696 -9.271638594567776 17.880000000000003
      vertex 19.64805030077696 -9.271638594567776 17.890000000000004
      vertex 20 -9.098076209425926 17.880000000000003
    endloop
  endfacet
  facet normal -0.4422886918115197 0.896872740747345 0
    outer loop
      vertex 20 -9.098076209425926 17.880000000000003
      vertex 19.64805030077696 -9.271638594567776 17.890000000000004
      vertex 20 -9.098076209425926 17.890000000000004
    endloop
  endfacet
  facet normal -0.5555702203832521 0.8314696207458842 0
    outer loop
      vertex 20 -9.098076209425926 17.880000000000003
      vertex 20 -9.098076209425926 17.890000000000004
      vertex 20.326284289360046 -8.880060024559498 17.880000000000003
    endloop
  endfacet
  facet normal -0.5555702203832521 0.8314696207458842 0
    outer loop
      vertex 20.326284289360046 -8.880060024559498 17.880000000000003
      vertex 20 -9.098076209425926 17.890000000000004
      vertex 20.326284289360046 -8.880060024559498 17.890000000000004
    endloop
  endfacet
  facet normal -0.6593458207943228 0.7518398024852507 0
    outer loop
      vertex 20.326284289360046 -8.880060024559498 17.880000000000003
      vertex 20.326284289360046 -8.880060024559498 17.890000000000004
      vertex 20.621320344507694 -8.621320344507694 17.880000000000003
    endloop
  endfacet
  facet normal -0.6593458207943228 0.7518398024852507 0
    outer loop
      vertex 20.621320344507694 -8.621320344507694 17.880000000000003
      vertex 20.326284289360046 -8.880060024559498 17.890000000000004
      vertex 20.621320344507694 -8.621320344507694 17.890000000000004
    endloop
  endfacet
  facet normal -0.7518398024852507 0.6593458207943228 0
    outer loop
      vertex 20.621320344507694 -8.621320344507694 17.880000000000003
      vertex 20.621320344507694 -8.621320344507694 17.890000000000004
      vertex 20.880060024559498 -8.326284289360046 17.880000000000003
    endloop
  endfacet
  facet normal -0.7518398024852507 0.6593458207943228 0
    outer loop
      vertex 20.880060024559498 -8.326284289360046 17.880000000000003
      vertex 20.621320344507694 -8.621320344507694 17.890000000000004
      vertex 20.880060024559498 -8.326284289360046 17.890000000000004
    endloop
  endfacet
  facet normal -0.8314696207458842 0.5555702203832521 0
    outer loop
      vertex 20.880060024559498 -8.326284289360046 17.880000000000003
      vertex 20.880060024559498 -8.326284289360046 17.890000000000004
      vertex 21.098076209425926 -8 17.880000000000003
    endloop
  endfacet
  facet normal -0.8314696207458842 0.5555702203832521 0
    outer loop
      vertex 21.098076209425926 -8 17.880000000000003
      vertex 20.880060024559498 -8.326284289360046 17.890000000000004
      vertex 21.098076209425926 -8 17.890000000000004
    endloop
  endfacet
  facet normal -0.896872740747345 0.4422886918115197 0
    outer loop
      vertex 21.098076209425926 -8 17.880000000000003
      vertex 21.098076209425926 -8 17.890000000000004
      vertex 21.271638594567776 -7.6480503007769585 17.880000000000003
    endloop
  endfacet
  facet normal -0.896872740747345 0.4422886918115197 0
    outer loop
      vertex 21.271638594567776 -7.6480503007769585 17.880000000000003
      vertex 21.098076209425926 -8 17.890000000000004
      vertex 21.271638594567776 -7.6480503007769585 17.890000000000004
    endloop
  endfacet
  facet normal -0.9469301300366787 0.32143946370773846 0
    outer loop
      vertex 21.271638594567776 -7.6480503007769585 17.880000000000003
      vertex 21.271638594567776 -7.6480503007769585 17.890000000000004
      vertex 21.39777747541666 -7.276457138359547 17.880000000000003
    endloop
  endfacet
  facet normal -0.9469301300366787 0.32143946370773846 0
    outer loop
      vertex 21.39777747541666 -7.276457138359547 17.880000000000003
      vertex 21.271638594567776 -7.6480503007769585 17.890000000000004
      vertex 21.39777747541666 -7.276457138359547 17.890000000000004
    endloop
  endfacet
  facet normal -0.980785279639006 0.19509032585814406 0
    outer loop
      vertex 21.39777747541666 -7.276457138359547 17.880000000000003
      vertex 21.39777747541666 -7.276457138359547 17.890000000000004
      vertex 21.474334582686424 -6.8915785774588585 17.880000000000003
    endloop
  endfacet
  facet normal -0.980785279639006 0.19509032585814406 0
    outer loop
      vertex 21.474334582686424 -6.8915785774588585 17.880000000000003
      vertex 21.39777747541666 -7.276457138359547 17.890000000000004
      vertex 21.474334582686424 -6.8915785774588585 17.890000000000004
    endloop
  endfacet
  facet normal -0.9978589230086542 0.06540313273849395 0
    outer loop
      vertex 21.474334582686424 -6.8915785774588585 17.880000000000003
      vertex 21.474334582686424 -6.8915785774588585 17.890000000000004
      vertex 21.5 -6.5 17.880000000000003
    endloop
  endfacet
  facet normal -0.9978589230086542 0.06540313273849395 0
    outer loop
      vertex 21.5 -6.5 17.880000000000003
      vertex 21.474334582686424 -6.8915785774588585 17.890000000000004
      vertex 21.5 -6.5 17.890000000000004
    endloop
  endfacet
  facet normal -1 0 0
    outer loop
      vertex 21.5 -6.5 16.880000000000003
      vertex 21.5 -6.5 17.880000000000003
      vertex 21.5 6.5 16.880000000000003
    endloop
  endfacet
  facet normal -1 0 0
    outer loop
      vertex 21.5 -6.5 17.880000000000003
      vertex 21.5 -6.5 17.890000000000004
      vertex 21.5 6.5 16.880000000000003
    endloop
  endfacet
  facet normal 0 -1 0
    outer loop
      vertex -7 9.5 17.880000000000003
      vertex 18.5 9.5 17.890000000000004
      vertex -7 9.5 17.890000000000004
    endloop
  endfacet
  facet normal 0 -1 0
    outer loop
      vertex -7 9.5 17.880000000000003
      vertex 18.5 9.5 17.880000000000003
      vertex 18.5 9.5 17.890000000000004
    endloop
  endfacet
  facet normal -1 0 0
    outer loop
      vertex 21.5 6.5 16.880000000000003
      vertex 21.5 -6.5 17.890000000000004
      vertex 21.5 6.5 17.880000000000003
    endloop
  endfacet
  facet normal -1 0 0
    outer loop
      vertex 21.5 6.5 17.880000000000003
      vertex 21.5 -6.5 17.890000000000004
      vertex 21.5 6.5 17.890000000000004
    endloop
  endfacet
  facet normal -0.9978589230086542 -0.06540313273849395 0
    outer loop
      vertex 21.5 6.5 17.880000000000003
      vertex 21.5 6.5 17.890000000000004
      vertex 21.474334582686424 6.8915785774588585 17.880000000000003
    endloop
  endfacet
  facet normal -0.9978589230086542 -0.06540313273849395 0
    outer loop
      vertex 21.474334582686424 6.8915785774588585 17.880000000000003
      vertex 21.5 6.5 17.890000000000004
      vertex 21.474334582686424 6.8915785774588585 17.890000000000004
    endloop
  endfacet
  facet normal -0.980785279639006 -0.19509032585814406 0
    outer loop
      vertex 21.39777747541666 7.276457138359547 17.880000000000003
      vertex 21.474334582686424 6.8915785774588585 17.890000000000004
      vertex 21.39777747541666 7.276457138359547 17.890000000000004
    endloop
  endfacet
  facet normal -0.980785279639006 -0.19509032585814406 0
    outer loop
      vertex 21.474334582686424 6.8915785774588585 17.880000000000003
      vertex 21.474334582686424 6.8915785774588585 17.890000000000004
      vertex 21.39777747541666 7.276457138359547 17.880000000000003
    endloop
  endfacet
  facet normal 0 -1 0
    outer loop
      vertex 2.562500000000014 9.5 16.880000000000003
      vertex 18.5 9.5 16.880000000000003
      vertex 18.5 9.5 17.880000000000003
    endloop
  endfacet
  facet normal -0.19509032585814406 -0.980785279639006 0
    outer loop
      vertex 18.89157857745886 9.474334582686424 17.880000000000003
      vertex 19.276457138359547 9.39777747541666 17.890000000000004
      vertex 18.89157857745886 9.474334582686424 17.890000000000004
    endloop
  endfacet
  facet normal -0.06540313273849395 -0.9978589230086542 0
    outer loop
      vertex 18.5 9.5 17.880000000000003
      vertex 18.89157857745886 9.474334582686424 17.890000000000004
      vertex 18.5 9.5 17.890000000000004
    endloop
  endfacet
  facet normal -0.06540313273849395 -0.9978589230086542 0
    outer loop
      vertex 18.5 9.5 17.880000000000003
      vertex 18.89157857745886 9.474334582686424 17.880000000000003
      vertex 18.89157857745886 9.474334582686424 17.890000000000004
    endloop
  endfacet
  facet normal -0.19509032585814406 -0.980785279639006 0
    outer loop
      vertex 18.89157857745886 9.474334582686424 17.880000000000003
      vertex 19.276457138359547 9.39777747541666 17.880000000000003
      vertex 19.276457138359547 9.39777747541666 17.890000000000004
    endloop
  endfacet
  facet normal -0.32143946370773846 -0.9469301300366787 0
    outer loop
      vertex 19.276457138359547 9.39777747541666 17.880000000000003
      vertex 19.64805030077696 9.271638594567776 17.890000000000004
      vertex 19.276457138359547 9.39777747541666 17.890000000000004
    endloop
  endfacet
  facet normal -0.8314696207458842 -0.5555702203832521 0
    outer loop
      vertex 20.880060024559498 8.326284289360046 17.880000000000003
      vertex 21.098076209425926 8 17.880000000000003
      vertex 21.098076209425926 8 17.890000000000004
    endloop
  endfacet
  facet normal -0.8314696207458842 -0.5555702203832521 0
    outer loop
      vertex 20.880060024559498 8.326284289360046 17.880000000000003
      vertex 21.098076209425926 8 17.890000000000004
      vertex 20.880060024559498 8.326284289360046 17.890000000000004
    endloop
  endfacet
  facet normal -0.4422886918115197 -0.896872740747345 0
    outer loop
      vertex 19.64805030077696 9.271638594567776 17.880000000000003
      vertex 20 9.098076209425926 17.890000000000004
      vertex 19.64805030077696 9.271638594567776 17.890000000000004
    endloop
  endfacet
  facet normal -0.5555702203832521 -0.8314696207458842 0
    outer loop
      vertex 20 9.098076209425926 17.880000000000003
      vertex 20.326284289360046 8.880060024559498 17.880000000000003
      vertex 20.326284289360046 8.880060024559498 17.890000000000004
    endloop
  endfacet
  facet normal -0.4422886918115197 -0.896872740747345 0
    outer loop
      vertex 19.64805030077696 9.271638594567776 17.880000000000003
      vertex 20 9.098076209425926 17.880000000000003
      vertex 20 9.098076209425926 17.890000000000004
    endloop
  endfacet
  facet normal -0.5555702203832521 -0.8314696207458842 0
    outer loop
      vertex 20 9.098076209425926 17.880000000000003
      vertex 20.326284289360046 8.880060024559498 17.890000000000004
      vertex 20 9.098076209425926 17.890000000000004
    endloop
  endfacet
  facet normal -0.6593458207943228 -0.7518398024852507 0
    outer loop
      vertex 20.621320344507694 8.621320344507694 17.880000000000003
      vertex 20.621320344507694 8.621320344507694 17.890000000000004
      vertex 20.326284289360046 8.880060024559498 17.880000000000003
    endloop
  endfacet
  facet normal -0.7518398024852507 -0.6593458207943228 0
    outer loop
      vertex 20.880060024559498 8.326284289360046 17.880000000000003
      vertex 20.880060024559498 8.326284289360046 17.890000000000004
      vertex 20.621320344507694 8.621320344507694 17.880000000000003
    endloop
  endfacet
  facet normal -0.7518398024852507 -0.6593458207943228 0
    outer loop
      vertex 20.621320344507694 8.621320344507694 17.880000000000003
      vertex 20.880060024559498 8.326284289360046 17.890000000000004
      vertex 20.621320344507694 8.621320344507694 17.890000000000004
    endloop
  endfacet
  facet normal -0.6593458207943228 -0.7518398024852507 0
    outer loop
      vertex 20.326284289360046 8.880060024559498 17.880000000000003
      vertex 20.621320344507694 8.621320344507694 17.890000000000004
      vertex 20.326284289360046 8.880060024559498 17.890000000000004
    endloop
  endfacet
  facet normal -0.9469301300366787 -0.32143946370773846 0
    outer loop
      vertex 21.39777747541666 7.276457138359547 17.880000000000003
      vertex 21.39777747541666 7.276457138359547 17.890000000000004
      vertex 21.271638594567776 7.6480503007769585 17.880000000000003
    endloop
  endfacet
  facet normal -0.9469301300366787 -0.32143946370773846 0
    outer loop
      vertex 21.271638594567776 7.6480503007769585 17.880000000000003
      vertex 21.39777747541666 7.276457138359547 17.890000000000004
      vertex 21.271638594567776 7.6480503007769585 17.890000000000004
    endloop
  endfacet
  facet normal -0.896872740747345 -0.4422886918115197 0
    outer loop
      vertex 21.271638594567776 7.6480503007769585 17.880000000000003
      vertex 21.271638594567776 7.6480503007769585 17.890000000000004
      vertex 21.098076209425926 8 17.880000000000003
    endloop
  endfacet
  facet normal -0.896872740747345 -0.4422886918115197 0
    outer loop
      vertex 21.098076209425926 8 17.880000000000003
      vertex 21.271638594567776 7.6480503007769585 17.890000000000004
      vertex 21.098076209425926 8 17.890000000000004
    endloop
  endfacet
  facet normal -0.32143946370773846 -0.9469301300366787 0
    outer loop
      vertex 19.276457138359547 9.39777747541666 17.880000000000003
      vertex 19.64805030077696 9.271638594567776 17.880000000000003
      vertex 19.64805030077696 9.271638594567776 17.890000000000004
    endloop
  endfacet
endsolid OpenSCAD_Model
