solid OpenSCAD_Model
  facet normal -0.7518397994765935 -0.6593458242250388 0
    outer loop
      vertex -22.90918830782175 -10.90918830782175 0
      vertex -23.14205402135849 -10.643655858933926 13.78
      vertex -23.14205402135849 -10.643655858933926 0
    endloop
  endfacet
  facet normal -0.8314696113197949 -0.5555702344903918 0
    outer loop
      vertex -23.14205402135849 -10.643655858933926 0
      vertex -23.338268592953682 -10.350000001490116 13.78
      vertex -23.338268592953682 -10.350000001490116 0
    endloop
  endfacet
  facet normal -0.4422886825831848 -0.8968727452982562 0
    outer loop
      vertex -22.350000001490116 -11.338268592953682 0
      vertex -22.033245265483856 -11.494474738836288 0
      vertex -22.350000001490116 -11.338268592953682 13.78
    endloop
  endfacet
  facet normal -0.5555702344903918 -0.8314696113197949 0
    outer loop
      vertex -22.350000001490116 -11.338268592953682 0
      vertex -22.643655858933926 -11.14205402135849 13.78
      vertex -22.643655858933926 -11.14205402135849 0
    endloop
  endfacet
  facet normal -0.6593458242250388 -0.7518397994765935 0
    outer loop
      vertex -22.90918830782175 -10.90918830782175 0
      vertex -22.643655858933926 -11.14205402135849 0
      vertex -22.90918830782175 -10.90918830782175 13.78
    endloop
  endfacet
  facet normal -0.321439471274215 -0.9469301274682062 0
    outer loop
      vertex -22.033245265483856 -11.494474738836288 0
      vertex -21.698811419308186 -11.607999734580517 0
      vertex -22.033245265483856 -11.494474738836288 13.78
    endloop
  endfacet
  facet normal -0.1950903092090765 -0.9807852829507113 0
    outer loop
      vertex -21.698811419308186 -11.607999734580517 0
      vertex -21.3524207174778 -11.676901124417782 0
      vertex -21.698811419308186 -11.607999734580517 13.78
    endloop
  endfacet
  facet normal -0.8968727452982562 -0.4422886825831848 0
    outer loop
      vertex -23.338268592953682 -10.350000001490116 0
      vertex -23.49447473883629 -10.033245265483856 13.78
      vertex -23.49447473883629 -10.033245265483856 0
    endloop
  endfacet
  facet normal -0.9469301274682062 -0.321439471274215 0
    outer loop
      vertex -23.49447473883629 -10.033245265483856 0
      vertex -23.607999734580517 -9.698811419308186 13.78
      vertex -23.607999734580517 -9.698811419308186 0
    endloop
  endfacet
  facet normal -0.9807852829507113 -0.1950903092090765 0
    outer loop
      vertex -23.607999734580517 -9.698811419308186 0
      vertex -23.676901124417782 -9.352420717477798 13.78
      vertex -23.676901124417782 -9.352420717477798 0
    endloop
  endfacet
  facet normal -0.997858922430869 -0.0654031415537888 0
    outer loop
      vertex -23.676901124417782 -9.352420717477798 0
      vertex -23.700000002980232 -9 13.78
      vertex -23.700000002980232 -9 0
    endloop
  endfacet
  facet normal -0.0654031415537888 -0.997858922430869 0
    outer loop
      vertex -21.3524207174778 -11.676901124417782 0
      vertex -21 -11.700000002980232 0
      vertex -21.3524207174778 -11.676901124417782 13.78
    endloop
  endfacet
  facet normal -1 0 0
    outer loop
      vertex -23.700000002980232 -9 0
      vertex -23.700000002980232 -6.5867066702672386 6.7124771404266355
      vertex -23.700000002980232 -6.414213547749176 6.515786439478397
    endloop
  endfacet
  facet normal -1 0 0
    outer loop
      vertex -23.700000002980232 -9 0
      vertex -23.700000002980232 -6.732050793511524 6.93
      vertex -23.700000002980232 -6.5867066702672386 6.7124771404266355
    endloop
  endfacet
  facet normal -1 0 0
    outer loop
      vertex -23.700000002980232 -9 0
      vertex -23.700000002980232 -6.847759055239811 7.164633132815361
      vertex -23.700000002980232 -6.732050793511524 6.93
    endloop
  endfacet
  facet normal -1 0 0
    outer loop
      vertex -23.700000002980232 -9 0
      vertex -23.700000002980232 -6.931851642472401 7.412361912727356
      vertex -23.700000002980232 -6.847759055239811 7.164633132815361
    endloop
  endfacet
  facet normal -1 0 0
    outer loop
      vertex -23.700000002980232 -9 0
      vertex -23.700000002980232 -5.999999987227573 6.197949193716049
      vertex -23.700000002980232 -5.765366854412212 6.082240931987762
    endloop
  endfacet
  facet normal -1 0 0
    outer loop
      vertex -23.700000002980232 -9 0
      vertex -23.700000002980232 -5.765366854412212 6.082240931987762
      vertex -23.700000002980232 -5.517638074500217 5.9981483447551724
    endloop
  endfacet
  facet normal -1 0 0
    outer loop
      vertex -23.700000002980232 -9 0
      vertex -23.700000002980232 -5.517638074500217 5.9981483447551724
      vertex -23.700000002980232 -5.261052372200146 5.947110280692577
    endloop
  endfacet
  facet normal -1 0 0
    outer loop
      vertex -23.700000002980232 -9 0
      vertex -23.700000002980232 -6.414213547749176 6.515786439478397
      vertex -23.700000002980232 -6.217522846800938 6.3432933169603345
    endloop
  endfacet
  facet normal -1 0 0
    outer loop
      vertex -23.700000002980232 -9 0
      vertex -23.700000002980232 -6.217522846800938 6.3432933169603345
      vertex -23.700000002980232 -5.999999987227573 6.197949193716049
    endloop
  endfacet
  facet normal -1 0 0
    outer loop
      vertex -23.700000002980232 -9 0
      vertex -23.700000002980232 -5.261052372200146 5.947110280692577
      vertex -23.700000002980232 -4.999999987227573 5.93
    endloop
  endfacet
  facet normal -1 0 0
    outer loop
      vertex -23.700000002980232 -9 0
      vertex -23.700000002980232 -9 13.78
      vertex -23.700000002980232 -6.931851642472401 7.412361912727356
    endloop
  endfacet
  facet normal -1 0 0
    outer loop
      vertex -23.700000002980232 -9 0
      vertex -23.700000002980232 -4.999999987227573 5.93
      vertex -23.700000002980232 4.999999987227573 5.93
    endloop
  endfacet
  facet normal 0 0 -1
    outer loop
      vertex -22.350000001490116 -11.338268592953682 0
      vertex 22.90918830782175 -10.90918830782175 0
      vertex -22.033245265483856 -11.494474738836288 0
    endloop
  endfacet
  facet normal 0 0 -1
    outer loop
      vertex -22.350000001490116 -11.338268592953682 0
      vertex -22.643655858933926 -11.14205402135849 0
      vertex 23.14205402135849 -10.643655858933926 0
    endloop
  endfacet
  facet normal 0 0 -1
    outer loop
      vertex -21.3524207174778 -11.676901124417782 0
      vertex 22.033245265483856 -11.494474738836288 0
      vertex -21 -11.700000002980232 0
    endloop
  endfacet
  facet normal 0 0 -1
    outer loop
      vertex -21.698811419308186 -11.607999734580517 0
      vertex 22.350000001490116 -11.338268592953682 0
      vertex -21.3524207174778 -11.676901124417782 0
    endloop
  endfacet
  facet normal 0 0 -1
    outer loop
      vertex -22.033245265483856 -11.494474738836288 0
      vertex 22.643655858933926 -11.14205402135849 0
      vertex -21.698811419308186 -11.607999734580517 0
    endloop
  endfacet
  facet normal 0 0 -1
    outer loop
      vertex -22.90918830782175 -10.90918830782175 0
      vertex 23.338268592953682 -10.350000001490116 0
      vertex -22.643655858933926 -11.14205402135849 0
    endloop
  endfacet
  facet normal 0 0 -1
    outer loop
      vertex -22.90918830782175 -10.90918830782175 0
      vertex -23.14205402135849 -10.643655858933926 0
      vertex 23.49447473883629 -10.033245265483856 0
    endloop
  endfacet
  facet normal 0 0 -1
    outer loop
      vertex -23.14205402135849 -10.643655858933926 0
      vertex -23.338268592953682 -10.350000001490116 0
      vertex 23.607999734580517 -9.698811419308186 0
    endloop
  endfacet
  facet normal 0 0 -1
    outer loop
      vertex -23.338268592953682 -10.350000001490116 0
      vertex -23.49447473883629 -10.033245265483856 0
      vertex 23.676901124417782 -9.352420717477798 0
    endloop
  endfacet
  facet normal 0 0 -1
    outer loop
      vertex -23.49447473883629 -10.033245265483856 0
      vertex -23.607999734580517 -9.698811419308186 0
      vertex 23.700000002980232 -9 0
    endloop
  endfacet
  facet normal 0 -1 0
    outer loop
      vertex -21 -11.700000002980232 0
      vertex 21 -11.700000002980232 0
      vertex -21 -11.700000002980232 13.78
    endloop
  endfacet
  facet normal 0 0 -1
    outer loop
      vertex -23.676901124417782 -9.352420717477798 0
      vertex -23.700000002980232 -9 0
      vertex 23.676901124417782 9.352420717477798 0
    endloop
  endfacet
  facet normal 0 0 -1
    outer loop
      vertex -23.607999734580517 -9.698811419308186 0
      vertex -23.676901124417782 -9.352420717477798 0
      vertex 23.700000002980232 9 0
    endloop
  endfacet
  facet normal -0.7518397994765935 -0.6593458242250388 0
    outer loop
      vertex -22.90918830782175 -10.90918830782175 0
      vertex -22.90918830782175 -10.90918830782175 13.78
      vertex -23.14205402135849 -10.643655858933926 13.78
    endloop
  endfacet
  facet normal -0.8968727452982562 -0.4422886825831848 0
    outer loop
      vertex -23.338268592953682 -10.350000001490116 0
      vertex -23.338268592953682 -10.350000001490116 13.78
      vertex -23.49447473883629 -10.033245265483856 13.78
    endloop
  endfacet
  facet normal -0.8314696113197949 -0.5555702344903918 0
    outer loop
      vertex -23.14205402135849 -10.643655858933926 0
      vertex -23.14205402135849 -10.643655858933926 13.78
      vertex -23.338268592953682 -10.350000001490116 13.78
    endloop
  endfacet
  facet normal -0.6593458242250388 -0.7518397994765935 0
    outer loop
      vertex -22.643655858933926 -11.14205402135849 0
      vertex -22.643655858933926 -11.14205402135849 13.78
      vertex -22.90918830782175 -10.90918830782175 13.78
    endloop
  endfacet
  facet normal -0.5555702344903918 -0.8314696113197949 0
    outer loop
      vertex -22.350000001490116 -11.338268592953682 0
      vertex -22.350000001490116 -11.338268592953682 13.78
      vertex -22.643655858933926 -11.14205402135849 13.78
    endloop
  endfacet
  facet normal -0.321439471274215 -0.9469301274682062 0
    outer loop
      vertex -21.698811419308186 -11.607999734580517 0
      vertex -21.698811419308186 -11.607999734580517 13.78
      vertex -22.033245265483856 -11.494474738836288 13.78
    endloop
  endfacet
  facet normal -0.4422886825831848 -0.8968727452982562 0
    outer loop
      vertex -22.033245265483856 -11.494474738836288 0
      vertex -22.033245265483856 -11.494474738836288 13.78
      vertex -22.350000001490116 -11.338268592953682 13.78
    endloop
  endfacet
  facet normal -0.1950903092090765 -0.9807852829507113 0
    outer loop
      vertex -21.3524207174778 -11.676901124417782 0
      vertex -21.3524207174778 -11.676901124417782 13.78
      vertex -21.698811419308186 -11.607999734580517 13.78
    endloop
  endfacet
  facet normal -0.9469301274682062 -0.321439471274215 0
    outer loop
      vertex -23.49447473883629 -10.033245265483856 0
      vertex -23.49447473883629 -10.033245265483856 13.78
      vertex -23.607999734580517 -9.698811419308186 13.78
    endloop
  endfacet
  facet normal -0.9807852829507113 -0.1950903092090765 0
    outer loop
      vertex -23.607999734580517 -9.698811419308186 0
      vertex -23.607999734580517 -9.698811419308186 13.78
      vertex -23.676901124417782 -9.352420717477798 13.78
    endloop
  endfacet
  facet normal -0.997858922430869 -0.0654031415537888 0
    outer loop
      vertex -23.676901124417782 -9.352420717477798 0
      vertex -23.676901124417782 -9.352420717477798 13.78
      vertex -23.700000002980232 -9 13.78
    endloop
  endfacet
  facet normal -0.0654031415537888 -0.997858922430869 0
    outer loop
      vertex -21 -11.700000002980232 0
      vertex -21 -11.700000002980232 13.78
      vertex -21.3524207174778 -11.676901124417782 13.78
    endloop
  endfacet
  facet normal -1 0 0
    outer loop
      vertex -23.700000002980232 -6.982889706534996 7.668947615027427
      vertex -23.700000002980232 -6.931851642472401 7.412361912727356
      vertex -23.700000002980232 -9 13.78
    endloop
  endfacet
  facet normal -1 0 0
    outer loop
      vertex -23.700000002980232 -6.982889706534996 7.668947615027427
      vertex -23.700000002980232 -9 13.78
      vertex -23.700000002980232 -6.999999987227573 7.93
    endloop
  endfacet
  facet normal -1 0 0
    outer loop
      vertex -23.700000002980232 -6.999999987227573 7.93
      vertex -23.700000002980232 -9 13.78
      vertex -23.700000002980232 -6.999999987227573 11.43
    endloop
  endfacet
  facet normal -1 0 0
    outer loop
      vertex -23.700000002980232 -9 13.78
      vertex -23.700000002980232 -6.982889706534996 11.691052384972572
      vertex -23.700000002980232 -6.999999987227573 11.43
    endloop
  endfacet
  facet normal -1 0 0
    outer loop
      vertex -23.700000002980232 -9 13.78
      vertex -23.700000002980232 -6.931851642472401 11.947638087272644
      vertex -23.700000002980232 -6.982889706534996 11.691052384972572
    endloop
  endfacet
  facet normal -1 0 0
    outer loop
      vertex -23.700000002980232 -9 13.78
      vertex -23.700000002980232 -6.847759055239811 12.195366867184639
      vertex -23.700000002980232 -6.931851642472401 11.947638087272644
    endloop
  endfacet
  facet normal -1 0 0
    outer loop
      vertex -23.700000002980232 -9 13.78
      vertex -23.700000002980232 -6.732050793511524 12.43
      vertex -23.700000002980232 -6.847759055239811 12.195366867184639
    endloop
  endfacet
  facet normal -1 0 0
    outer loop
      vertex -23.700000002980232 -9 13.78
      vertex -23.700000002980232 -6.5867066702672386 12.647522859573364
      vertex -23.700000002980232 -6.732050793511524 12.43
    endloop
  endfacet
  facet normal -1 0 0
    outer loop
      vertex -23.700000002980232 -9 13.78
      vertex -23.700000002980232 -6.414213547749176 12.844213560521602
      vertex -23.700000002980232 -6.5867066702672386 12.647522859573364
    endloop
  endfacet
  facet normal -1 0 0
    outer loop
      vertex -23.700000002980232 -9 13.78
      vertex -23.700000002980232 -6.217522846800938 13.016706683039665
      vertex -23.700000002980232 -6.414213547749176 12.844213560521602
    endloop
  endfacet
  facet normal -1 0 0
    outer loop
      vertex -23.700000002980232 -9 13.78
      vertex -23.700000002980232 -5.999999987227573 13.16205080628395
      vertex -23.700000002980232 -6.217522846800938 13.016706683039665
    endloop
  endfacet
  facet normal -1 0 0
    outer loop
      vertex -23.700000002980232 -9 13.78
      vertex -23.700000002980232 -5.765366854412212 13.277759068012237
      vertex -23.700000002980232 -5.999999987227573 13.16205080628395
    endloop
  endfacet
  facet normal -1 0 0
    outer loop
      vertex -23.700000002980232 -9 13.78
      vertex -23.700000002980232 -5.517638074500217 13.361851655244827
      vertex -23.700000002980232 -5.765366854412212 13.277759068012237
    endloop
  endfacet
  facet normal -1 0 0
    outer loop
      vertex -23.700000002980232 -9 13.78
      vertex -23.700000002980232 -5.261052372200146 13.412889719307422
      vertex -23.700000002980232 -5.517638074500217 13.361851655244827
    endloop
  endfacet
  facet normal -1 0 0
    outer loop
      vertex -23.700000002980232 -9 13.78
      vertex -23.700000002980232 -4.999999987227573 13.43
      vertex -23.700000002980232 -5.261052372200146 13.412889719307422
    endloop
  endfacet
  facet normal 0 0 1
    outer loop
      vertex -23.676901124417782 -9.352420717477798 13.78
      vertex -14.5 -5.800000000000001 13.78
      vertex -23.700000002980232 -9 13.78
    endloop
  endfacet
  facet normal 0 0 1
    outer loop
      vertex -23.607999734580517 -9.698811419308186 13.78
      vertex -12.5 -5.800000000000001 13.78
      vertex -23.676901124417782 -9.352420717477798 13.78
    endloop
  endfacet
  facet normal 0 0 1
    outer loop
      vertex -23.49447473883629 -10.033245265483856 13.78
      vertex -7.3915785774588585 -9.474334582686424 13.78
      vertex -23.607999734580517 -9.698811419308186 13.78
    endloop
  endfacet
  facet normal 0 0 1
    outer loop
      vertex -23.607999734580517 -9.698811419308186 13.78
      vertex -9.121320344507694 -8.621320344507694 13.78
      vertex -9.380060024559498 -8.326284289360046 13.78
    endloop
  endfacet
  facet normal 0 0 1
    outer loop
      vertex -23.607999734580517 -9.698811419308186 13.78
      vertex -7.3915785774588585 -9.474334582686424 13.78
      vertex -7.776457138359547 -9.39777747541666 13.78
    endloop
  endfacet
  facet normal 0 0 1
    outer loop
      vertex -23.49447473883629 -10.033245265483856 13.78
      vertex -7 -9.5 13.78
      vertex -7.3915785774588585 -9.474334582686424 13.78
    endloop
  endfacet
  facet normal 0 0 1
    outer loop
      vertex -23.607999734580517 -9.698811419308186 13.78
      vertex -8.5 -9.098076209425926 13.78
      vertex -8.826284289360046 -8.880060024559498 13.78
    endloop
  endfacet
  facet normal 0 0 1
    outer loop
      vertex -23.607999734580517 -9.698811419308186 13.78
      vertex -8.148050300776958 -9.271638594567776 13.78
      vertex -8.5 -9.098076209425926 13.78
    endloop
  endfacet
  facet normal 0 0 1
    outer loop
      vertex -23.607999734580517 -9.698811419308186 13.78
      vertex -7.776457138359547 -9.39777747541666 13.78
      vertex -8.148050300776958 -9.271638594567776 13.78
    endloop
  endfacet
  facet normal 0 0 1
    outer loop
      vertex -23.607999734580517 -9.698811419308186 13.78
      vertex -8.826284289360046 -8.880060024559498 13.78
      vertex -9.121320344507694 -8.621320344507694 13.78
    endloop
  endfacet
  facet normal 0 0 1
    outer loop
      vertex -23.676901124417782 -9.352420717477798 13.78
      vertex -12.5 -5.800000000000001 13.78
      vertex -14.5 -5.800000000000001 13.78
    endloop
  endfacet
  facet normal 0 0 1
    outer loop
      vertex -23.607999734580517 -9.698811419308186 13.78
      vertex -9.380060024559498 -8.326284289360046 13.78
      vertex -12.5 -5.800000000000001 13.78
    endloop
  endfacet
  facet normal -1 0 0
    outer loop
      vertex -23.700000002980232 -9 13.78
      vertex -23.700000002980232 4.999999987227573 13.43
      vertex -23.700000002980232 -4.999999987227573 13.43
    endloop
  endfacet
  facet normal 0 0 1
    outer loop
      vertex -23.700000002980232 -9 13.78
      vertex -14.5 -5.800000000000001 13.78
      vertex -14.5 5.800000000000001 13.78
    endloop
  endfacet
  facet normal 0 0 1
    outer loop
      vertex -23.338268592953682 -10.350000001490116 13.78
      vertex 18.5 -9.5 13.78
      vertex -23.49447473883629 -10.033245265483856 13.78
    endloop
  endfacet
  facet normal 0 0 1
    outer loop
      vertex -22.350000001490116 -11.338268592953682 13.78
      vertex -22.033245265483856 -11.494474738836288 13.78
      vertex 22.90918830782175 -10.90918830782175 13.78
    endloop
  endfacet
  facet normal 0 0 1
    outer loop
      vertex -22.350000001490116 -11.338268592953682 13.78
      vertex 23.14205402135849 -10.643655858933926 13.78
      vertex -22.643655858933926 -11.14205402135849 13.78
    endloop
  endfacet
  facet normal 0 0 1
    outer loop
      vertex -21.3524207174778 -11.676901124417782 13.78
      vertex -21 -11.700000002980232 13.78
      vertex 22.033245265483856 -11.494474738836288 13.78
    endloop
  endfacet
  facet normal 0 0 1
    outer loop
      vertex -21.698811419308186 -11.607999734580517 13.78
      vertex -21.3524207174778 -11.676901124417782 13.78
      vertex 22.350000001490116 -11.338268592953682 13.78
    endloop
  endfacet
  facet normal 0 0 1
    outer loop
      vertex -22.033245265483856 -11.494474738836288 13.78
      vertex -21.698811419308186 -11.607999734580517 13.78
      vertex 22.643655858933926 -11.14205402135849 13.78
    endloop
  endfacet
  facet normal 0 0 1
    outer loop
      vertex -22.90918830782175 -10.90918830782175 13.78
      vertex -22.643655858933926 -11.14205402135849 13.78
      vertex 23.338268592953682 -10.350000001490116 13.78
    endloop
  endfacet
  facet normal 0 0 1
    outer loop
      vertex -22.90918830782175 -10.90918830782175 13.78
      vertex 23.49447473883629 -10.033245265483856 13.78
      vertex -23.14205402135849 -10.643655858933926 13.78
    endloop
  endfacet
  facet normal 0 0 1
    outer loop
      vertex -23.14205402135849 -10.643655858933926 13.78
      vertex 23.607999734580517 -9.698811419308186 13.78
      vertex -23.338268592953682 -10.350000001490116 13.78
    endloop
  endfacet
  facet normal 0 0 1
    outer loop
      vertex -12.5 -5.800000000000001 13.78
      vertex -9.380060024559498 -8.326284289360046 13.78
      vertex -9.598076209425926 -8 13.78
    endloop
  endfacet
  facet normal 0 0 1
    outer loop
      vertex -12.5 -5.800000000000001 13.78
      vertex -9.598076209425926 -8 13.78
      vertex -9.771638594567776 -7.6480503007769585 13.78
    endloop
  endfacet
  facet normal 0 0 1
    outer loop
      vertex -12.5 -5.800000000000001 13.78
      vertex -9.771638594567776 -7.6480503007769585 13.78
      vertex -9.89777747541666 -7.276457138359547 13.78
    endloop
  endfacet
  facet normal 0 0 1
    outer loop
      vertex -12.5 -5.800000000000001 13.78
      vertex -9.89777747541666 -7.276457138359547 13.78
      vertex -9.974334582686424 -6.8915785774588585 13.78
    endloop
  endfacet
  facet normal 0 0 1
    outer loop
      vertex -12.5 -5.800000000000001 13.78
      vertex -9.974334582686424 -6.8915785774588585 13.78
      vertex -10 -6.5 13.78
    endloop
  endfacet
  facet normal 0 0 1
    outer loop
      vertex -23.49447473883629 -10.033245265483856 13.78
      vertex 18.5 -9.5 13.78
      vertex -7 -9.5 13.78
    endloop
  endfacet
  facet normal 0 0 1
    outer loop
      vertex -12.5 -5.800000000000001 13.78
      vertex -10 -6.5 13.78
      vertex -12.5 5.800000000000001 13.78
    endloop
  endfacet
  facet normal -1 0 0
    outer loop
      vertex -23.700000002980232 -9 0
      vertex -23.700000002980232 4.999999987227573 5.93
      vertex -23.700000002980232 9 0
    endloop
  endfacet
  facet normal 0 0 -1
    outer loop
      vertex -21.698811419308186 11.607999734580517 0
      vertex -21.3524207174778 11.676901124417782 0
      vertex -21 11.700000002980232 0
    endloop
  endfacet
  facet normal -1 0 0
    outer loop
      vertex -23.700000002980232 4.999999987227573 5.93
      vertex -23.700000002980232 5.261052372200146 5.947110280692577
      vertex -23.700000002980232 9 0
    endloop
  endfacet
  facet normal -1 0 0
    outer loop
      vertex -23.700000002980232 5.261052372200146 5.947110280692577
      vertex -23.700000002980232 5.517638074500217 5.9981483447551724
      vertex -23.700000002980232 9 0
    endloop
  endfacet
  facet normal -1 0 0
    outer loop
      vertex -23.700000002980232 5.517638074500217 5.9981483447551724
      vertex -23.700000002980232 5.765366854412212 6.082240931987762
      vertex -23.700000002980232 9 0
    endloop
  endfacet
  facet normal -1 0 0
    outer loop
      vertex -23.700000002980232 5.765366854412212 6.082240931987762
      vertex -23.700000002980232 5.999999987227573 6.197949193716049
      vertex -23.700000002980232 9 0
    endloop
  endfacet
  facet normal -1 0 0
    outer loop
      vertex -23.700000002980232 9 0
      vertex -23.700000002980232 5.999999987227573 6.197949193716049
      vertex -23.700000002980232 6.217522846800938 6.3432933169603345
    endloop
  endfacet
  facet normal -1 0 0
    outer loop
      vertex -23.700000002980232 9 0
      vertex -23.700000002980232 6.217522846800938 6.3432933169603345
      vertex -23.700000002980232 6.414213547749176 6.515786439478397
    endloop
  endfacet
  facet normal -1 0 0
    outer loop
      vertex -23.700000002980232 9 0
      vertex -23.700000002980232 6.414213547749176 6.515786439478397
      vertex -23.700000002980232 6.5867066702672386 6.7124771404266355
    endloop
  endfacet
  facet normal -1 0 0
    outer loop
      vertex -23.700000002980232 9 0
      vertex -23.700000002980232 6.5867066702672386 6.7124771404266355
      vertex -23.700000002980232 6.732050793511524 6.93
    endloop
  endfacet
  facet normal -1 0 0
    outer loop
      vertex -23.700000002980232 9 0
      vertex -23.700000002980232 6.732050793511524 6.93
      vertex -23.700000002980232 6.847759055239811 7.164633132815361
    endloop
  endfacet
  facet normal -1 0 0
    outer loop
      vertex -23.700000002980232 9 0
      vertex -23.700000002980232 6.847759055239811 7.164633132815361
      vertex -23.700000002980232 6.931851642472401 7.412361912727356
    endloop
  endfacet
  facet normal -1 0 0
    outer loop
      vertex -23.700000002980232 9 0
      vertex -23.700000002980232 6.931851642472401 7.412361912727356
      vertex -23.700000002980232 6.982889706534996 7.668947615027427
    endloop
  endfacet
  facet normal -1 0 0
    outer loop
      vertex -23.700000002980232 9 0
      vertex -23.700000002980232 6.982889706534996 7.668947615027427
      vertex -23.700000002980232 6.999999987227573 7.93
    endloop
  endfacet
  facet normal -1 0 0
    outer loop
      vertex -23.700000002980232 9 0
      vertex -23.700000002980232 6.999999987227573 7.93
      vertex -23.700000002980232 9 13.78
    endloop
  endfacet
  facet normal -0.997858922430869 0.0654031415537888 0
    outer loop
      vertex -23.700000002980232 9 0
      vertex -23.676901124417782 9.352420717477798 13.78
      vertex -23.676901124417782 9.352420717477798 0
    endloop
  endfacet
  facet normal -0.9807852829507113 0.1950903092090765 0
    outer loop
      vertex -23.676901124417782 9.352420717477798 0
      vertex -23.607999734580517 9.698811419308186 13.78
      vertex -23.607999734580517 9.698811419308186 0
    endloop
  endfacet
  facet normal -0.9469301274682062 0.321439471274215 0
    outer loop
      vertex -23.607999734580517 9.698811419308186 0
      vertex -23.49447473883629 10.033245265483856 13.78
      vertex -23.49447473883629 10.033245265483856 0
    endloop
  endfacet
  facet normal -0.8968727452982562 0.4422886825831848 0
    outer loop
      vertex -23.49447473883629 10.033245265483856 0
      vertex -23.338268592953682 10.350000001490116 13.78
      vertex -23.338268592953682 10.350000001490116 0
    endloop
  endfacet
  facet normal -0.8314696113197949 0.5555702344903918 0
    outer loop
      vertex -23.338268592953682 10.350000001490116 0
      vertex -23.14205402135849 10.643655858933926 13.78
      vertex -23.14205402135849 10.643655858933926 0
    endloop
  endfacet
  facet normal -0.7518397994765935 0.6593458242250388 0
    outer loop
      vertex -23.14205402135849 10.643655858933926 0
      vertex -22.90918830782175 10.90918830782175 13.78
      vertex -22.90918830782175 10.90918830782175 0
    endloop
  endfacet
  facet normal -0.6593458242250388 0.7518397994765935 0
    outer loop
      vertex -22.90918830782175 10.90918830782175 0
      vertex -22.643655858933926 11.14205402135849 13.78
      vertex -22.643655858933926 11.14205402135849 0
    endloop
  endfacet
  facet normal -0.5555702344903918 0.8314696113197949 0
    outer loop
      vertex -22.643655858933926 11.14205402135849 0
      vertex -22.350000001490116 11.338268592953682 13.78
      vertex -22.350000001490116 11.338268592953682 0
    endloop
  endfacet
  facet normal -0.4422886825831848 0.8968727452982562 0
    outer loop
      vertex -22.350000001490116 11.338268592953682 0
      vertex -22.033245265483856 11.494474738836288 13.78
      vertex -22.033245265483856 11.494474738836288 0
    endloop
  endfacet
  facet normal -0.321439471274215 0.9469301274682062 0
    outer loop
      vertex -22.033245265483856 11.494474738836288 0
      vertex -21.698811419308186 11.607999734580517 13.78
      vertex -21.698811419308186 11.607999734580517 0
    endloop
  endfacet
  facet normal -0.1950903092090765 0.9807852829507113 0
    outer loop
      vertex -21.698811419308186 11.607999734580517 0
      vertex -21.3524207174778 11.676901124417782 13.78
      vertex -21.3524207174778 11.676901124417782 0
    endloop
  endfacet
  facet normal -0.0654031415537888 0.997858922430869 0
    outer loop
      vertex -21.3524207174778 11.676901124417782 0
      vertex -21 11.700000002980232 13.78
      vertex -21 11.700000002980232 0
    endloop
  endfacet
  facet normal 0 0 -1
    outer loop
      vertex -23.700000002980232 -9 0
      vertex -23.700000002980232 9 0
      vertex 23.607999734580517 9.698811419308186 0
    endloop
  endfacet
  facet normal 0 0 -1
    outer loop
      vertex -23.700000002980232 9 0
      vertex -23.676901124417782 9.352420717477798 0
      vertex 23.49447473883629 10.033245265483856 0
    endloop
  endfacet
  facet normal 0 0 -1
    outer loop
      vertex -23.676901124417782 9.352420717477798 0
      vertex -23.607999734580517 9.698811419308186 0
      vertex 23.338268592953682 10.350000001490116 0
    endloop
  endfacet
  facet normal 0 0 -1
    outer loop
      vertex -23.607999734580517 9.698811419308186 0
      vertex -23.49447473883629 10.033245265483856 0
      vertex 23.14205402135849 10.643655858933926 0
    endloop
  endfacet
  facet normal 0 0 -1
    outer loop
      vertex -23.49447473883629 10.033245265483856 0
      vertex -23.338268592953682 10.350000001490116 0
      vertex 22.90918830782175 10.90918830782175 0
    endloop
  endfacet
  facet normal 0 0 -1
    outer loop
      vertex -23.338268592953682 10.350000001490116 0
      vertex -23.14205402135849 10.643655858933926 0
      vertex 22.643655858933926 11.14205402135849 0
    endloop
  endfacet
  facet normal 0 0 -1
    outer loop
      vertex -23.14205402135849 10.643655858933926 0
      vertex -22.90918830782175 10.90918830782175 0
      vertex 22.350000001490116 11.338268592953682 0
    endloop
  endfacet
  facet normal 0 0 -1
    outer loop
      vertex -22.90918830782175 10.90918830782175 0
      vertex -22.643655858933926 11.14205402135849 0
      vertex 22.033245265483856 11.494474738836288 0
    endloop
  endfacet
  facet normal 0 0 -1
    outer loop
      vertex -22.643655858933926 11.14205402135849 0
      vertex -22.350000001490116 11.338268592953682 0
      vertex 21.698811419308186 11.607999734580517 0
    endloop
  endfacet
  facet normal 0 0 -1
    outer loop
      vertex -22.350000001490116 11.338268592953682 0
      vertex -22.033245265483856 11.494474738836288 0
      vertex 21.3524207174778 11.676901124417782 0
    endloop
  endfacet
  facet normal 0 0 -1
    outer loop
      vertex -22.033245265483856 11.494474738836288 0
      vertex -21.698811419308186 11.607999734580517 0
      vertex 21 11.700000002980232 0
    endloop
  endfacet
  facet normal 0 0 -1
    outer loop
      vertex -21.698811419308186 11.607999734580517 0
      vertex -21 11.700000002980232 0
      vertex 21 11.700000002980232 0
    endloop
  endfacet
  facet normal -1 0 0
    outer loop
      vertex -23.700000002980232 -9 13.78
      vertex -23.700000002980232 9 13.78
      vertex -23.700000002980232 4.999999987227573 13.43
    endloop
  endfacet
  facet normal 0 0 1
    outer loop
      vertex -23.700000002980232 -9 13.78
      vertex -14.5 5.800000000000001 13.78
      vertex -23.700000002980232 9 13.78
    endloop
  endfacet
  facet normal -1 0 0
    outer loop
      vertex -23.700000002980232 6.999999987227573 7.93
      vertex -23.700000002980232 6.999999987227573 11.43
      vertex -23.700000002980232 9 13.78
    endloop
  endfacet
  facet normal -0.997858922430869 0.0654031415537888 0
    outer loop
      vertex -23.700000002980232 9 0
      vertex -23.700000002980232 9 13.78
      vertex -23.676901124417782 9.352420717477798 13.78
    endloop
  endfacet
  facet normal -0.9807852829507113 0.1950903092090765 0
    outer loop
      vertex -23.676901124417782 9.352420717477798 0
      vertex -23.676901124417782 9.352420717477798 13.78
      vertex -23.607999734580517 9.698811419308186 13.78
    endloop
  endfacet
  facet normal -0.9469301274682062 0.321439471274215 0
    outer loop
      vertex -23.607999734580517 9.698811419308186 0
      vertex -23.607999734580517 9.698811419308186 13.78
      vertex -23.49447473883629 10.033245265483856 13.78
    endloop
  endfacet
  facet normal -0.8968727452982562 0.4422886825831848 0
    outer loop
      vertex -23.49447473883629 10.033245265483856 0
      vertex -23.49447473883629 10.033245265483856 13.78
      vertex -23.338268592953682 10.350000001490116 13.78
    endloop
  endfacet
  facet normal -0.8314696113197949 0.5555702344903918 0
    outer loop
      vertex -23.338268592953682 10.350000001490116 0
      vertex -23.338268592953682 10.350000001490116 13.78
      vertex -23.14205402135849 10.643655858933926 13.78
    endloop
  endfacet
  facet normal -0.7518397994765935 0.6593458242250388 0
    outer loop
      vertex -23.14205402135849 10.643655858933926 0
      vertex -23.14205402135849 10.643655858933926 13.78
      vertex -22.90918830782175 10.90918830782175 13.78
    endloop
  endfacet
  facet normal -0.6593458242250388 0.7518397994765935 0
    outer loop
      vertex -22.90918830782175 10.90918830782175 0
      vertex -22.90918830782175 10.90918830782175 13.78
      vertex -22.643655858933926 11.14205402135849 13.78
    endloop
  endfacet
  facet normal -0.5555702344903918 0.8314696113197949 0
    outer loop
      vertex -22.643655858933926 11.14205402135849 0
      vertex -22.643655858933926 11.14205402135849 13.78
      vertex -22.350000001490116 11.338268592953682 13.78
    endloop
  endfacet
  facet normal -0.4422886825831848 0.8968727452982562 0
    outer loop
      vertex -22.350000001490116 11.338268592953682 0
      vertex -22.350000001490116 11.338268592953682 13.78
      vertex -22.033245265483856 11.494474738836288 13.78
    endloop
  endfacet
  facet normal -0.321439471274215 0.9469301274682062 0
    outer loop
      vertex -22.033245265483856 11.494474738836288 0
      vertex -22.033245265483856 11.494474738836288 13.78
      vertex -21.698811419308186 11.607999734580517 13.78
    endloop
  endfacet
  facet normal -0.1950903092090765 0.9807852829507113 0
    outer loop
      vertex -21.698811419308186 11.607999734580517 0
      vertex -21.698811419308186 11.607999734580517 13.78
      vertex -21.3524207174778 11.676901124417782 13.78
    endloop
  endfacet
  facet normal -0.0654031415537888 0.997858922430869 0
    outer loop
      vertex -21.3524207174778 11.676901124417782 0
      vertex -21.3524207174778 11.676901124417782 13.78
      vertex -21 11.700000002980232 13.78
    endloop
  endfacet
  facet normal -1 0 0
    outer loop
      vertex -23.700000002980232 6.999999987227573 11.43
      vertex -23.700000002980232 6.982889706534996 11.691052384972572
      vertex -23.700000002980232 9 13.78
    endloop
  endfacet
  facet normal -1 0 0
    outer loop
      vertex -23.700000002980232 6.931851642472401 11.947638087272644
      vertex -23.700000002980232 9 13.78
      vertex -23.700000002980232 6.982889706534996 11.691052384972572
    endloop
  endfacet
  facet normal -1 0 0
    outer loop
      vertex -23.700000002980232 6.931851642472401 11.947638087272644
      vertex -23.700000002980232 6.847759055239811 12.195366867184639
      vertex -23.700000002980232 9 13.78
    endloop
  endfacet
  facet normal -1 0 0
    outer loop
      vertex -23.700000002980232 6.847759055239811 12.195366867184639
      vertex -23.700000002980232 6.732050793511524 12.43
      vertex -23.700000002980232 9 13.78
    endloop
  endfacet
  facet normal -1 0 0
    outer loop
      vertex -23.700000002980232 4.999999987227573 13.43
      vertex -23.700000002980232 9 13.78
      vertex -23.700000002980232 5.261052372200146 13.412889719307422
    endloop
  endfacet
  facet normal -1 0 0
    outer loop
      vertex -23.700000002980232 5.999999987227573 13.16205080628395
      vertex -23.700000002980232 9 13.78
      vertex -23.700000002980232 6.217522846800938 13.016706683039665
    endloop
  endfacet
  facet normal -1 0 0
    outer loop
      vertex -23.700000002980232 6.414213547749176 12.844213560521602
      vertex -23.700000002980232 6.217522846800938 13.016706683039665
      vertex -23.700000002980232 9 13.78
    endloop
  endfacet
  facet normal -1 0 0
    outer loop
      vertex -23.700000002980232 5.517638074500217 13.361851655244827
      vertex -23.700000002980232 9 13.78
      vertex -23.700000002980232 5.765366854412212 13.277759068012237
    endloop
  endfacet
  facet normal -1 0 0
    outer loop
      vertex -23.700000002980232 5.517638074500217 13.361851655244827
      vertex -23.700000002980232 5.261052372200146 13.412889719307422
      vertex -23.700000002980232 9 13.78
    endloop
  endfacet
  facet normal -1 0 0
    outer loop
      vertex -23.700000002980232 5.765366854412212 13.277759068012237
      vertex -23.700000002980232 9 13.78
      vertex -23.700000002980232 5.999999987227573 13.16205080628395
    endloop
  endfacet
  facet normal -1 0 0
    outer loop
      vertex -23.700000002980232 6.732050793511524 12.43
      vertex -23.700000002980232 6.5867066702672386 12.647522859573364
      vertex -23.700000002980232 9 13.78
    endloop
  endfacet
  facet normal -1 0 0
    outer loop
      vertex -23.700000002980232 6.414213547749176 12.844213560521602
      vertex -23.700000002980232 9 13.78
      vertex -23.700000002980232 6.5867066702672386 12.647522859573364
    endloop
  endfacet
  facet normal 0 0 1
    outer loop
      vertex -23.700000002980232 9 13.78
      vertex -8.148050300776958 9.271638594567776 13.78
      vertex -23.676901124417782 9.352420717477798 13.78
    endloop
  endfacet
  facet normal 0 0 1
    outer loop
      vertex -21.698811419308186 11.607999734580517 13.78
      vertex -21 11.700000002980232 13.78
      vertex -21.3524207174778 11.676901124417782 13.78
    endloop
  endfacet
  facet normal 0 0 1
    outer loop
      vertex -14.5 5.800000000000001 13.78
      vertex -8.5 9.098076209425926 13.78
      vertex -23.700000002980232 9 13.78
    endloop
  endfacet
  facet normal 0 0 1
    outer loop
      vertex -23.700000002980232 9 13.78
      vertex -8.5 9.098076209425926 13.78
      vertex -8.148050300776958 9.271638594567776 13.78
    endloop
  endfacet
  facet normal 0 0 1
    outer loop
      vertex -23.676901124417782 9.352420717477798 13.78
      vertex -8.148050300776958 9.271638594567776 13.78
      vertex -7.776457138359547 9.39777747541666 13.78
    endloop
  endfacet
  facet normal 0 0 1
    outer loop
      vertex -23.676901124417782 9.352420717477798 13.78
      vertex -7.776457138359547 9.39777747541666 13.78
      vertex -7.3915785774588585 9.474334582686424 13.78
    endloop
  endfacet
  facet normal 0 0 1
    outer loop
      vertex -23.676901124417782 9.352420717477798 13.78
      vertex -7.3915785774588585 9.474334582686424 13.78
      vertex -7 9.5 13.78
    endloop
  endfacet
  facet normal 0 0 1
    outer loop
      vertex -10 -6.5 13.78
      vertex -10 6.5 13.78
      vertex -12.5 5.800000000000001 13.78
    endloop
  endfacet
  facet normal 0 1 0
    outer loop
      vertex -21 11.700000002980232 0
      vertex -21 11.700000002980232 13.78
      vertex 21 11.700000002980232 13.78
    endloop
  endfacet
  facet normal 0 0 1
    outer loop
      vertex -14.5 5.800000000000001 13.78
      vertex -12.5 5.800000000000001 13.78
      vertex -9.771638594567776 7.6480503007769585 13.78
    endloop
  endfacet
  facet normal 0 0 1
    outer loop
      vertex -14.5 5.800000000000001 13.78
      vertex -9.771638594567776 7.6480503007769585 13.78
      vertex -9.598076209425926 8 13.78
    endloop
  endfacet
  facet normal 0 0 1
    outer loop
      vertex -12.5 5.800000000000001 13.78
      vertex -10 6.5 13.78
      vertex -9.974334582686424 6.8915785774588585 13.78
    endloop
  endfacet
  facet normal 0 0 1
    outer loop
      vertex -12.5 5.800000000000001 13.78
      vertex -9.974334582686424 6.8915785774588585 13.78
      vertex -9.89777747541666 7.276457138359547 13.78
    endloop
  endfacet
  facet normal 0 0 1
    outer loop
      vertex -12.5 5.800000000000001 13.78
      vertex -9.89777747541666 7.276457138359547 13.78
      vertex -9.771638594567776 7.6480503007769585 13.78
    endloop
  endfacet
  facet normal 0 0 1
    outer loop
      vertex -14.5 5.800000000000001 13.78
      vertex -9.598076209425926 8 13.78
      vertex -9.380060024559498 8.326284289360046 13.78
    endloop
  endfacet
  facet normal 0 0 1
    outer loop
      vertex -14.5 5.800000000000001 13.78
      vertex -9.380060024559498 8.326284289360046 13.78
      vertex -9.121320344507694 8.621320344507694 13.78
    endloop
  endfacet
  facet normal 0 0 1
    outer loop
      vertex -14.5 5.800000000000001 13.78
      vertex -9.121320344507694 8.621320344507694 13.78
      vertex -8.826284289360046 8.880060024559498 13.78
    endloop
  endfacet
  facet normal 0 0 1
    outer loop
      vertex -14.5 5.800000000000001 13.78
      vertex -8.826284289360046 8.880060024559498 13.78
      vertex -8.5 9.098076209425926 13.78
    endloop
  endfacet
  facet normal 0 0 1
    outer loop
      vertex -23.676901124417782 9.352420717477798 13.78
      vertex 23.338268592953682 10.350000001490116 13.78
      vertex -23.607999734580517 9.698811419308186 13.78
    endloop
  endfacet
  facet normal 0 0 1
    outer loop
      vertex -23.607999734580517 9.698811419308186 13.78
      vertex 23.14205402135849 10.643655858933926 13.78
      vertex -23.49447473883629 10.033245265483856 13.78
    endloop
  endfacet
  facet normal 0 0 1
    outer loop
      vertex -23.49447473883629 10.033245265483856 13.78
      vertex 22.90918830782175 10.90918830782175 13.78
      vertex -23.338268592953682 10.350000001490116 13.78
    endloop
  endfacet
  facet normal 0 0 1
    outer loop
      vertex -23.338268592953682 10.350000001490116 13.78
      vertex 22.643655858933926 11.14205402135849 13.78
      vertex -23.14205402135849 10.643655858933926 13.78
    endloop
  endfacet
  facet normal 0 0 1
    outer loop
      vertex -23.14205402135849 10.643655858933926 13.78
      vertex 22.350000001490116 11.338268592953682 13.78
      vertex -22.90918830782175 10.90918830782175 13.78
    endloop
  endfacet
  facet normal 0 0 1
    outer loop
      vertex -22.90918830782175 10.90918830782175 13.78
      vertex 22.033245265483856 11.494474738836288 13.78
      vertex -22.643655858933926 11.14205402135849 13.78
    endloop
  endfacet
  facet normal 0 0 1
    outer loop
      vertex -22.643655858933926 11.14205402135849 13.78
      vertex 21.698811419308186 11.607999734580517 13.78
      vertex -22.350000001490116 11.338268592953682 13.78
    endloop
  endfacet
  facet normal 0 0 1
    outer loop
      vertex -22.350000001490116 11.338268592953682 13.78
      vertex 21.3524207174778 11.676901124417782 13.78
      vertex -22.033245265483856 11.494474738836288 13.78
    endloop
  endfacet
  facet normal 0 0 1
    outer loop
      vertex -22.033245265483856 11.494474738836288 13.78
      vertex 21 11.700000002980232 13.78
      vertex -21.698811419308186 11.607999734580517 13.78
    endloop
  endfacet
  facet normal 0 0 1
    outer loop
      vertex -21.698811419308186 11.607999734580517 13.78
      vertex 21 11.700000002980232 13.78
      vertex -21 11.700000002980232 13.78
    endloop
  endfacet
  facet normal 0 0 1
    outer loop
      vertex -23.676901124417782 9.352420717477798 13.78
      vertex -7 9.5 13.78
      vertex 23.49447473883629 10.033245265483856 13.78
    endloop
  endfacet
  facet normal 0 0 -1
    outer loop
      vertex -21 -11.700000002980232 0
      vertex 21.698811419308186 -11.607999734580517 0
      vertex 21 -11.700000002980232 0
    endloop
  endfacet
  facet normal 0 0 -1
    outer loop
      vertex -21 -11.700000002980232 0
      vertex 22.033245265483856 -11.494474738836288 0
      vertex 21.698811419308186 -11.607999734580517 0
    endloop
  endfacet
  facet normal 0 0 -1
    outer loop
      vertex -21.3524207174778 -11.676901124417782 0
      vertex 22.350000001490116 -11.338268592953682 0
      vertex 22.033245265483856 -11.494474738836288 0
    endloop
  endfacet
  facet normal 0 0 -1
    outer loop
      vertex -21.698811419308186 -11.607999734580517 0
      vertex 22.643655858933926 -11.14205402135849 0
      vertex 22.350000001490116 -11.338268592953682 0
    endloop
  endfacet
  facet normal 0 0 -1
    outer loop
      vertex -22.033245265483856 -11.494474738836288 0
      vertex 22.90918830782175 -10.90918830782175 0
      vertex 22.643655858933926 -11.14205402135849 0
    endloop
  endfacet
  facet normal 0 0 -1
    outer loop
      vertex -22.350000001490116 -11.338268592953682 0
      vertex 23.14205402135849 -10.643655858933926 0
      vertex 22.90918830782175 -10.90918830782175 0
    endloop
  endfacet
  facet normal 0 0 -1
    outer loop
      vertex -22.643655858933926 -11.14205402135849 0
      vertex 23.338268592953682 -10.350000001490116 0
      vertex 23.14205402135849 -10.643655858933926 0
    endloop
  endfacet
  facet normal 0 0 -1
    outer loop
      vertex -22.90918830782175 -10.90918830782175 0
      vertex 23.49447473883629 -10.033245265483856 0
      vertex 23.338268592953682 -10.350000001490116 0
    endloop
  endfacet
  facet normal 0 0 -1
    outer loop
      vertex -23.14205402135849 -10.643655858933926 0
      vertex 23.607999734580517 -9.698811419308186 0
      vertex 23.49447473883629 -10.033245265483856 0
    endloop
  endfacet
  facet normal 0 0 -1
    outer loop
      vertex -23.338268592953682 -10.350000001490116 0
      vertex 23.676901124417782 -9.352420717477798 0
      vertex 23.607999734580517 -9.698811419308186 0
    endloop
  endfacet
  facet normal 0 0 -1
    outer loop
      vertex -23.49447473883629 -10.033245265483856 0
      vertex 23.700000002980232 -9 0
      vertex 23.676901124417782 -9.352420717477798 0
    endloop
  endfacet
  facet normal 0 0 -1
    outer loop
      vertex -23.607999734580517 -9.698811419308186 0
      vertex 23.700000002980232 9 0
      vertex 23.700000002980232 -9 0
    endloop
  endfacet
  facet normal 0 0 -1
    outer loop
      vertex 21 -11.700000002980232 0
      vertex 21.698811419308186 -11.607999734580517 0
      vertex 21.3524207174778 -11.676901124417782 0
    endloop
  endfacet
  facet normal 0.0654031415537888 -0.997858922430869 0
    outer loop
      vertex 21 -11.700000002980232 0
      vertex 21.3524207174778 -11.676901124417782 0
      vertex 21 -11.700000002980232 13.78
    endloop
  endfacet
  facet normal 0.1950903092090765 -0.9807852829507113 0
    outer loop
      vertex 21.3524207174778 -11.676901124417782 0
      vertex 21.698811419308186 -11.607999734580517 0
      vertex 21.3524207174778 -11.676901124417782 13.78
    endloop
  endfacet
  facet normal 0.321439471274215 -0.9469301274682062 0
    outer loop
      vertex 21.698811419308186 -11.607999734580517 0
      vertex 22.033245265483856 -11.494474738836288 0
      vertex 21.698811419308186 -11.607999734580517 13.78
    endloop
  endfacet
  facet normal 0.4422886825831848 -0.8968727452982562 0
    outer loop
      vertex 22.033245265483856 -11.494474738836288 0
      vertex 22.350000001490116 -11.338268592953682 0
      vertex 22.033245265483856 -11.494474738836288 13.78
    endloop
  endfacet
  facet normal 0.5555702344903918 -0.8314696113197949 0
    outer loop
      vertex 22.350000001490116 -11.338268592953682 0
      vertex 22.643655858933926 -11.14205402135849 0
      vertex 22.350000001490116 -11.338268592953682 13.78
    endloop
  endfacet
  facet normal 0.6593458242250388 -0.7518397994765935 0
    outer loop
      vertex 22.643655858933926 -11.14205402135849 0
      vertex 22.90918830782175 -10.90918830782175 0
      vertex 22.643655858933926 -11.14205402135849 13.78
    endloop
  endfacet
  facet normal 0.7518397994765935 -0.6593458242250388 0
    outer loop
      vertex 22.90918830782175 -10.90918830782175 0
      vertex 23.14205402135849 -10.643655858933926 0
      vertex 22.90918830782175 -10.90918830782175 13.78
    endloop
  endfacet
  facet normal 0.8314696113197949 -0.5555702344903918 0
    outer loop
      vertex 23.14205402135849 -10.643655858933926 0
      vertex 23.338268592953682 -10.350000001490116 0
      vertex 23.14205402135849 -10.643655858933926 13.78
    endloop
  endfacet
  facet normal 0.8968727452982562 -0.4422886825831848 0
    outer loop
      vertex 23.338268592953682 -10.350000001490116 0
      vertex 23.49447473883629 -10.033245265483856 0
      vertex 23.338268592953682 -10.350000001490116 13.78
    endloop
  endfacet
  facet normal 0.9469301274682062 -0.321439471274215 0
    outer loop
      vertex 23.49447473883629 -10.033245265483856 0
      vertex 23.607999734580517 -9.698811419308186 0
      vertex 23.49447473883629 -10.033245265483856 13.78
    endloop
  endfacet
  facet normal 0.9807852829507113 -0.1950903092090765 0
    outer loop
      vertex 23.607999734580517 -9.698811419308186 0
      vertex 23.676901124417782 -9.352420717477798 0
      vertex 23.607999734580517 -9.698811419308186 13.78
    endloop
  endfacet
  facet normal 0.997858922430869 -0.0654031415537888 0
    outer loop
      vertex 23.676901124417782 -9.352420717477798 0
      vertex 23.700000002980232 -9 0
      vertex 23.676901124417782 -9.352420717477798 13.78
    endloop
  endfacet
  facet normal 1 0 0
    outer loop
      vertex 23.700000002980232 -9 0
      vertex 23.700000002980232 9 0
      vertex 23.700000002980232 -9 13.78
    endloop
  endfacet
  facet normal 0 -1 0
    outer loop
      vertex -21 -11.700000002980232 13.78
      vertex 21 -11.700000002980232 0
      vertex 21 -11.700000002980232 13.78
    endloop
  endfacet
  facet normal 0 0 1
    outer loop
      vertex -21 -11.700000002980232 13.78
      vertex 21 -11.700000002980232 13.78
      vertex 21.698811419308186 -11.607999734580517 13.78
    endloop
  endfacet
  facet normal 0 0 1
    outer loop
      vertex -21 -11.700000002980232 13.78
      vertex 21.698811419308186 -11.607999734580517 13.78
      vertex 22.033245265483856 -11.494474738836288 13.78
    endloop
  endfacet
  facet normal 0 0 1
    outer loop
      vertex -21.3524207174778 -11.676901124417782 13.78
      vertex 22.033245265483856 -11.494474738836288 13.78
      vertex 22.350000001490116 -11.338268592953682 13.78
    endloop
  endfacet
  facet normal 0 0 1
    outer loop
      vertex -21.698811419308186 -11.607999734580517 13.78
      vertex 22.350000001490116 -11.338268592953682 13.78
      vertex 22.643655858933926 -11.14205402135849 13.78
    endloop
  endfacet
  facet normal 0 0 1
    outer loop
      vertex -22.033245265483856 -11.494474738836288 13.78
      vertex 22.643655858933926 -11.14205402135849 13.78
      vertex 22.90918830782175 -10.90918830782175 13.78
    endloop
  endfacet
  facet normal 0 0 1
    outer loop
      vertex -22.350000001490116 -11.338268592953682 13.78
      vertex 22.90918830782175 -10.90918830782175 13.78
      vertex 23.14205402135849 -10.643655858933926 13.78
    endloop
  endfacet
  facet normal 0 0 1
    outer loop
      vertex -22.643655858933926 -11.14205402135849 13.78
      vertex 23.14205402135849 -10.643655858933926 13.78
      vertex 23.338268592953682 -10.350000001490116 13.78
    endloop
  endfacet
  facet normal 0 0 1
    outer loop
      vertex -22.90918830782175 -10.90918830782175 13.78
      vertex 23.338268592953682 -10.350000001490116 13.78
      vertex 23.49447473883629 -10.033245265483856 13.78
    endloop
  endfacet
  facet normal 0 0 1
    outer loop
      vertex -23.338268592953682 -10.350000001490116 13.78
      vertex 23.607999734580517 -9.698811419308186 13.78
      vertex 18.5 -9.5 13.78
    endloop
  endfacet
  facet normal 0 0 1
    outer loop
      vertex -23.14205402135849 -10.643655858933926 13.78
      vertex 23.49447473883629 -10.033245265483856 13.78
      vertex 23.607999734580517 -9.698811419308186 13.78
    endloop
  endfacet
  facet normal 0.0654031415537888 -0.997858922430869 0
    outer loop
      vertex 21.3524207174778 -11.676901124417782 0
      vertex 21.3524207174778 -11.676901124417782 13.78
      vertex 21 -11.700000002980232 13.78
    endloop
  endfacet
  facet normal 0.1950903092090765 -0.9807852829507113 0
    outer loop
      vertex 21.698811419308186 -11.607999734580517 0
      vertex 21.698811419308186 -11.607999734580517 13.78
      vertex 21.3524207174778 -11.676901124417782 13.78
    endloop
  endfacet
  facet normal 0.321439471274215 -0.9469301274682062 0
    outer loop
      vertex 22.033245265483856 -11.494474738836288 0
      vertex 22.033245265483856 -11.494474738836288 13.78
      vertex 21.698811419308186 -11.607999734580517 13.78
    endloop
  endfacet
  facet normal 0.4422886825831848 -0.8968727452982562 0
    outer loop
      vertex 22.350000001490116 -11.338268592953682 0
      vertex 22.350000001490116 -11.338268592953682 13.78
      vertex 22.033245265483856 -11.494474738836288 13.78
    endloop
  endfacet
  facet normal 0.5555702344903918 -0.8314696113197949 0
    outer loop
      vertex 22.643655858933926 -11.14205402135849 0
      vertex 22.643655858933926 -11.14205402135849 13.78
      vertex 22.350000001490116 -11.338268592953682 13.78
    endloop
  endfacet
  facet normal 0.6593458242250388 -0.7518397994765935 0
    outer loop
      vertex 22.90918830782175 -10.90918830782175 0
      vertex 22.90918830782175 -10.90918830782175 13.78
      vertex 22.643655858933926 -11.14205402135849 13.78
    endloop
  endfacet
  facet normal 0.7518397994765935 -0.6593458242250388 0
    outer loop
      vertex 23.14205402135849 -10.643655858933926 0
      vertex 23.14205402135849 -10.643655858933926 13.78
      vertex 22.90918830782175 -10.90918830782175 13.78
    endloop
  endfacet
  facet normal 0.8314696113197949 -0.5555702344903918 0
    outer loop
      vertex 23.338268592953682 -10.350000001490116 0
      vertex 23.338268592953682 -10.350000001490116 13.78
      vertex 23.14205402135849 -10.643655858933926 13.78
    endloop
  endfacet
  facet normal 0.8968727452982562 -0.4422886825831848 0
    outer loop
      vertex 23.49447473883629 -10.033245265483856 0
      vertex 23.49447473883629 -10.033245265483856 13.78
      vertex 23.338268592953682 -10.350000001490116 13.78
    endloop
  endfacet
  facet normal 0.9469301274682062 -0.321439471274215 0
    outer loop
      vertex 23.607999734580517 -9.698811419308186 0
      vertex 23.607999734580517 -9.698811419308186 13.78
      vertex 23.49447473883629 -10.033245265483856 13.78
    endloop
  endfacet
  facet normal 0.9807852829507113 -0.1950903092090765 0
    outer loop
      vertex 23.676901124417782 -9.352420717477798 0
      vertex 23.676901124417782 -9.352420717477798 13.78
      vertex 23.607999734580517 -9.698811419308186 13.78
    endloop
  endfacet
  facet normal 0.997858922430869 -0.0654031415537888 0
    outer loop
      vertex 23.700000002980232 -9 0
      vertex 23.700000002980232 -9 13.78
      vertex 23.676901124417782 -9.352420717477798 13.78
    endloop
  endfacet
  facet normal 0 0 1
    outer loop
      vertex 18.5 -9.5 13.78
      vertex 23.607999734580517 -9.698811419308186 13.78
      vertex 18.89157857745886 -9.474334582686424 13.78
    endloop
  endfacet
  facet normal 0 0 1
    outer loop
      vertex 18.89157857745886 -9.474334582686424 13.78
      vertex 23.607999734580517 -9.698811419308186 13.78
      vertex 19.276457138359547 -9.39777747541666 13.78
    endloop
  endfacet
  facet normal 0 0 1
    outer loop
      vertex 21 -11.700000002980232 13.78
      vertex 21.3524207174778 -11.676901124417782 13.78
      vertex 21.698811419308186 -11.607999734580517 13.78
    endloop
  endfacet
  facet normal 0 0 1
    outer loop
      vertex 19.276457138359547 -9.39777747541666 13.78
      vertex 23.676901124417782 -9.352420717477798 13.78
      vertex 19.64805030077696 -9.271638594567776 13.78
    endloop
  endfacet
  facet normal 0 0 1
    outer loop
      vertex 19.64805030077696 -9.271638594567776 13.78
      vertex 23.676901124417782 -9.352420717477798 13.78
      vertex 20 -9.098076209425926 13.78
    endloop
  endfacet
  facet normal 0 0 1
    outer loop
      vertex 20 -9.098076209425926 13.78
      vertex 23.676901124417782 -9.352420717477798 13.78
      vertex 20.326284289360046 -8.880060024559498 13.78
    endloop
  endfacet
  facet normal 0 0 1
    outer loop
      vertex 19.276457138359547 -9.39777747541666 13.78
      vertex 23.607999734580517 -9.698811419308186 13.78
      vertex 23.676901124417782 -9.352420717477798 13.78
    endloop
  endfacet
  facet normal 0 0 1
    outer loop
      vertex 20.326284289360046 -8.880060024559498 13.78
      vertex 23.700000002980232 -9 13.78
      vertex 20.621320344507694 -8.621320344507694 13.78
    endloop
  endfacet
  facet normal 0 0 1
    outer loop
      vertex 20.326284289360046 -8.880060024559498 13.78
      vertex 23.676901124417782 -9.352420717477798 13.78
      vertex 23.700000002980232 -9 13.78
    endloop
  endfacet
  facet normal 0 0 1
    outer loop
      vertex 23.700000002980232 -9 13.78
      vertex 20.880060024559498 -8.326284289360046 13.78
      vertex 20.621320344507694 -8.621320344507694 13.78
    endloop
  endfacet
  facet normal 0 0 1
    outer loop
      vertex 23.700000002980232 -9 13.78
      vertex 21.098076209425926 -8 13.78
      vertex 20.880060024559498 -8.326284289360046 13.78
    endloop
  endfacet
  facet normal 0 0 1
    outer loop
      vertex 23.700000002980232 -9 13.78
      vertex 21.271638594567776 -7.6480503007769585 13.78
      vertex 21.098076209425926 -8 13.78
    endloop
  endfacet
  facet normal 0 0 1
    outer loop
      vertex 23.700000002980232 -9 13.78
      vertex 21.39777747541666 -7.276457138359547 13.78
      vertex 21.271638594567776 -7.6480503007769585 13.78
    endloop
  endfacet
  facet normal 0 0 1
    outer loop
      vertex 23.700000002980232 -9 13.78
      vertex 21.474334582686424 -6.8915785774588585 13.78
      vertex 21.39777747541666 -7.276457138359547 13.78
    endloop
  endfacet
  facet normal 0 0 1
    outer loop
      vertex 23.700000002980232 -9 13.78
      vertex 21.5 -6.5 13.78
      vertex 21.474334582686424 -6.8915785774588585 13.78
    endloop
  endfacet
  facet normal 0 0 1
    outer loop
      vertex 23.700000002980232 -9 13.78
      vertex 21.5 6.5 13.78
      vertex 21.5 -6.5 13.78
    endloop
  endfacet
  facet normal 0 0 -1
    outer loop
      vertex -23.676901124417782 -9.352420717477798 0
      vertex 23.676901124417782 9.352420717477798 0
      vertex 23.700000002980232 9 0
    endloop
  endfacet
  facet normal 0 0 -1
    outer loop
      vertex -23.700000002980232 -9 0
      vertex 23.607999734580517 9.698811419308186 0
      vertex 23.676901124417782 9.352420717477798 0
    endloop
  endfacet
  facet normal 0 0 -1
    outer loop
      vertex -23.700000002980232 9 0
      vertex 23.49447473883629 10.033245265483856 0
      vertex 23.607999734580517 9.698811419308186 0
    endloop
  endfacet
  facet normal 0 0 -1
    outer loop
      vertex -23.676901124417782 9.352420717477798 0
      vertex 23.338268592953682 10.350000001490116 0
      vertex 23.49447473883629 10.033245265483856 0
    endloop
  endfacet
  facet normal 0 0 -1
    outer loop
      vertex -23.607999734580517 9.698811419308186 0
      vertex 23.14205402135849 10.643655858933926 0
      vertex 23.338268592953682 10.350000001490116 0
    endloop
  endfacet
  facet normal 0 0 -1
    outer loop
      vertex -22.90918830782175 10.90918830782175 0
      vertex 22.033245265483856 11.494474738836288 0
      vertex 22.350000001490116 11.338268592953682 0
    endloop
  endfacet
  facet normal 0 0 -1
    outer loop
      vertex -22.033245265483856 11.494474738836288 0
      vertex 21 11.700000002980232 0
      vertex 21.3524207174778 11.676901124417782 0
    endloop
  endfacet
  facet normal 0 0 -1
    outer loop
      vertex -22.643655858933926 11.14205402135849 0
      vertex 21.698811419308186 11.607999734580517 0
      vertex 22.033245265483856 11.494474738836288 0
    endloop
  endfacet
  facet normal 0 0 -1
    outer loop
      vertex -22.350000001490116 11.338268592953682 0
      vertex 21.3524207174778 11.676901124417782 0
      vertex 21.698811419308186 11.607999734580517 0
    endloop
  endfacet
  facet normal 0 0 -1
    outer loop
      vertex -23.49447473883629 10.033245265483856 0
      vertex 22.90918830782175 10.90918830782175 0
      vertex 23.14205402135849 10.643655858933926 0
    endloop
  endfacet
  facet normal 0 0 -1
    outer loop
      vertex -23.338268592953682 10.350000001490116 0
      vertex 22.643655858933926 11.14205402135849 0
      vertex 22.90918830782175 10.90918830782175 0
    endloop
  endfacet
  facet normal 0 0 -1
    outer loop
      vertex -23.14205402135849 10.643655858933926 0
      vertex 22.350000001490116 11.338268592953682 0
      vertex 22.643655858933926 11.14205402135849 0
    endloop
  endfacet
  facet normal 0 1 0
    outer loop
      vertex -21 11.700000002980232 0
      vertex 21 11.700000002980232 13.78
      vertex 21 11.700000002980232 0
    endloop
  endfacet
  facet normal 0.997858922430869 0.0654031415537888 0
    outer loop
      vertex 23.700000002980232 9 0
      vertex 23.676901124417782 9.352420717477798 0
      vertex 23.700000002980232 9 13.78
    endloop
  endfacet
  facet normal 0.9807852829507113 0.1950903092090765 0
    outer loop
      vertex 23.676901124417782 9.352420717477798 0
      vertex 23.607999734580517 9.698811419308186 0
      vertex 23.676901124417782 9.352420717477798 13.78
    endloop
  endfacet
  facet normal 0.9469301274682062 0.321439471274215 0
    outer loop
      vertex 23.607999734580517 9.698811419308186 0
      vertex 23.49447473883629 10.033245265483856 0
      vertex 23.607999734580517 9.698811419308186 13.78
    endloop
  endfacet
  facet normal 0.8968727452982562 0.4422886825831848 0
    outer loop
      vertex 23.49447473883629 10.033245265483856 0
      vertex 23.338268592953682 10.350000001490116 0
      vertex 23.49447473883629 10.033245265483856 13.78
    endloop
  endfacet
  facet normal 0.0654031415537888 0.997858922430869 0
    outer loop
      vertex 21 11.700000002980232 0
      vertex 21.3524207174778 11.676901124417782 13.78
      vertex 21.3524207174778 11.676901124417782 0
    endloop
  endfacet
  facet normal 0.1950903092090765 0.9807852829507113 0
    outer loop
      vertex 21.3524207174778 11.676901124417782 0
      vertex 21.698811419308186 11.607999734580517 13.78
      vertex 21.698811419308186 11.607999734580517 0
    endloop
  endfacet
  facet normal 0.321439471274215 0.9469301274682062 0
    outer loop
      vertex 21.698811419308186 11.607999734580517 0
      vertex 22.033245265483856 11.494474738836288 13.78
      vertex 22.033245265483856 11.494474738836288 0
    endloop
  endfacet
  facet normal 0.8314696113197949 0.5555702344903918 0
    outer loop
      vertex 23.338268592953682 10.350000001490116 0
      vertex 23.14205402135849 10.643655858933926 0
      vertex 23.338268592953682 10.350000001490116 13.78
    endloop
  endfacet
  facet normal 0.7518397994765935 0.6593458242250388 0
    outer loop
      vertex 22.90918830782175 10.90918830782175 0
      vertex 23.14205402135849 10.643655858933926 13.78
      vertex 23.14205402135849 10.643655858933926 0
    endloop
  endfacet
  facet normal 0.5555702344903918 0.8314696113197949 0
    outer loop
      vertex 22.643655858933926 11.14205402135849 0
      vertex 22.350000001490116 11.338268592953682 0
      vertex 22.643655858933926 11.14205402135849 13.78
    endloop
  endfacet
  facet normal 0.6593458242250388 0.7518397994765935 0
    outer loop
      vertex 22.90918830782175 10.90918830782175 0
      vertex 22.643655858933926 11.14205402135849 0
      vertex 22.90918830782175 10.90918830782175 13.78
    endloop
  endfacet
  facet normal 0.4422886825831848 0.8968727452982562 0
    outer loop
      vertex 22.033245265483856 11.494474738836288 0
      vertex 22.350000001490116 11.338268592953682 13.78
      vertex 22.350000001490116 11.338268592953682 0
    endloop
  endfacet
  facet normal 0 0 1
    outer loop
      vertex -23.676901124417782 9.352420717477798 13.78
      vertex 23.49447473883629 10.033245265483856 13.78
      vertex 23.338268592953682 10.350000001490116 13.78
    endloop
  endfacet
  facet normal 0 0 1
    outer loop
      vertex -23.607999734580517 9.698811419308186 13.78
      vertex 23.338268592953682 10.350000001490116 13.78
      vertex 23.14205402135849 10.643655858933926 13.78
    endloop
  endfacet
  facet normal 0 0 1
    outer loop
      vertex -22.90918830782175 10.90918830782175 13.78
      vertex 22.350000001490116 11.338268592953682 13.78
      vertex 22.033245265483856 11.494474738836288 13.78
    endloop
  endfacet
  facet normal 0 0 1
    outer loop
      vertex -22.033245265483856 11.494474738836288 13.78
      vertex 21.3524207174778 11.676901124417782 13.78
      vertex 21 11.700000002980232 13.78
    endloop
  endfacet
  facet normal 0 0 1
    outer loop
      vertex -22.643655858933926 11.14205402135849 13.78
      vertex 22.033245265483856 11.494474738836288 13.78
      vertex 21.698811419308186 11.607999734580517 13.78
    endloop
  endfacet
  facet normal 0 0 1
    outer loop
      vertex -22.350000001490116 11.338268592953682 13.78
      vertex 21.698811419308186 11.607999734580517 13.78
      vertex 21.3524207174778 11.676901124417782 13.78
    endloop
  endfacet
  facet normal 0 0 1
    outer loop
      vertex -23.49447473883629 10.033245265483856 13.78
      vertex 23.14205402135849 10.643655858933926 13.78
      vertex 22.90918830782175 10.90918830782175 13.78
    endloop
  endfacet
  facet normal 0 0 1
    outer loop
      vertex -23.338268592953682 10.350000001490116 13.78
      vertex 22.90918830782175 10.90918830782175 13.78
      vertex 22.643655858933926 11.14205402135849 13.78
    endloop
  endfacet
  facet normal 0 0 1
    outer loop
      vertex -23.14205402135849 10.643655858933926 13.78
      vertex 22.643655858933926 11.14205402135849 13.78
      vertex 22.350000001490116 11.338268592953682 13.78
    endloop
  endfacet
  facet normal 1 0 0
    outer loop
      vertex 23.700000002980232 -9 13.78
      vertex 23.700000002980232 9 0
      vertex 23.700000002980232 9 13.78
    endloop
  endfacet
  facet normal 0 0 1
    outer loop
      vertex 23.700000002980232 -9 13.78
      vertex 21.474334582686424 6.8915785774588585 13.78
      vertex 21.5 6.5 13.78
    endloop
  endfacet
  facet normal 0 0 1
    outer loop
      vertex 23.700000002980232 -9 13.78
      vertex 23.700000002980232 9 13.78
      vertex 21.474334582686424 6.8915785774588585 13.78
    endloop
  endfacet
  facet normal 0.997858922430869 0.0654031415537888 0
    outer loop
      vertex 23.676901124417782 9.352420717477798 0
      vertex 23.676901124417782 9.352420717477798 13.78
      vertex 23.700000002980232 9 13.78
    endloop
  endfacet
  facet normal 0.9807852829507113 0.1950903092090765 0
    outer loop
      vertex 23.607999734580517 9.698811419308186 0
      vertex 23.607999734580517 9.698811419308186 13.78
      vertex 23.676901124417782 9.352420717477798 13.78
    endloop
  endfacet
  facet normal 0.9469301274682062 0.321439471274215 0
    outer loop
      vertex 23.49447473883629 10.033245265483856 0
      vertex 23.49447473883629 10.033245265483856 13.78
      vertex 23.607999734580517 9.698811419308186 13.78
    endloop
  endfacet
  facet normal 0.0654031415537888 0.997858922430869 0
    outer loop
      vertex 21 11.700000002980232 0
      vertex 21 11.700000002980232 13.78
      vertex 21.3524207174778 11.676901124417782 13.78
    endloop
  endfacet
  facet normal 0.1950903092090765 0.9807852829507113 0
    outer loop
      vertex 21.3524207174778 11.676901124417782 0
      vertex 21.3524207174778 11.676901124417782 13.78
      vertex 21.698811419308186 11.607999734580517 13.78
    endloop
  endfacet
  facet normal 0.321439471274215 0.9469301274682062 0
    outer loop
      vertex 21.698811419308186 11.607999734580517 0
      vertex 21.698811419308186 11.607999734580517 13.78
      vertex 22.033245265483856 11.494474738836288 13.78
    endloop
  endfacet
  facet normal 0.4422886825831848 0.8968727452982562 0
    outer loop
      vertex 22.033245265483856 11.494474738836288 0
      vertex 22.033245265483856 11.494474738836288 13.78
      vertex 22.350000001490116 11.338268592953682 13.78
    endloop
  endfacet
  facet normal 0.8314696113197949 0.5555702344903918 0
    outer loop
      vertex 23.14205402135849 10.643655858933926 0
      vertex 23.14205402135849 10.643655858933926 13.78
      vertex 23.338268592953682 10.350000001490116 13.78
    endloop
  endfacet
  facet normal 0.8968727452982562 0.4422886825831848 0
    outer loop
      vertex 23.338268592953682 10.350000001490116 0
      vertex 23.338268592953682 10.350000001490116 13.78
      vertex 23.49447473883629 10.033245265483856 13.78
    endloop
  endfacet
  facet normal 0.7518397994765935 0.6593458242250388 0
    outer loop
      vertex 22.90918830782175 10.90918830782175 0
      vertex 22.90918830782175 10.90918830782175 13.78
      vertex 23.14205402135849 10.643655858933926 13.78
    endloop
  endfacet
  facet normal 0.5555702344903918 0.8314696113197949 0
    outer loop
      vertex 22.350000001490116 11.338268592953682 0
      vertex 22.350000001490116 11.338268592953682 13.78
      vertex 22.643655858933926 11.14205402135849 13.78
    endloop
  endfacet
  facet normal 0.6593458242250388 0.7518397994765935 0
    outer loop
      vertex 22.643655858933926 11.14205402135849 0
      vertex 22.643655858933926 11.14205402135849 13.78
      vertex 22.90918830782175 10.90918830782175 13.78
    endloop
  endfacet
  facet normal 0 0 1
    outer loop
      vertex -7 9.5 13.78
      vertex 18.5 9.5 13.78
      vertex 23.607999734580517 9.698811419308186 13.78
    endloop
  endfacet
  facet normal 0 0 1
    outer loop
      vertex -7 9.5 13.78
      vertex 23.607999734580517 9.698811419308186 13.78
      vertex 23.49447473883629 10.033245265483856 13.78
    endloop
  endfacet
  facet normal 0 0 1
    outer loop
      vertex 21.39777747541666 7.276457138359547 13.78
      vertex 21.474334582686424 6.8915785774588585 13.78
      vertex 23.700000002980232 9 13.78
    endloop
  endfacet
  facet normal 0 0 1
    outer loop
      vertex 21.39777747541666 7.276457138359547 13.78
      vertex 23.700000002980232 9 13.78
      vertex 21.271638594567776 7.6480503007769585 13.78
    endloop
  endfacet
  facet normal 0 0 1
    outer loop
      vertex 21.271638594567776 7.6480503007769585 13.78
      vertex 23.700000002980232 9 13.78
      vertex 21.098076209425926 8 13.78
    endloop
  endfacet
  facet normal 0 0 1
    outer loop
      vertex 21.098076209425926 8 13.78
      vertex 23.700000002980232 9 13.78
      vertex 20.880060024559498 8.326284289360046 13.78
    endloop
  endfacet
  facet normal 0 0 1
    outer loop
      vertex 18.5 9.5 13.78
      vertex 18.89157857745886 9.474334582686424 13.78
      vertex 23.607999734580517 9.698811419308186 13.78
    endloop
  endfacet
  facet normal 0 0 1
    outer loop
      vertex 18.89157857745886 9.474334582686424 13.78
      vertex 19.276457138359547 9.39777747541666 13.78
      vertex 23.607999734580517 9.698811419308186 13.78
    endloop
  endfacet
  facet normal 0 0 1
    outer loop
      vertex 19.276457138359547 9.39777747541666 13.78
      vertex 19.64805030077696 9.271638594567776 13.78
      vertex 23.607999734580517 9.698811419308186 13.78
    endloop
  endfacet
  facet normal 0 0 1
    outer loop
      vertex 20 9.098076209425926 13.78
      vertex 20.326284289360046 8.880060024559498 13.78
      vertex 23.607999734580517 9.698811419308186 13.78
    endloop
  endfacet
  facet normal 0 0 1
    outer loop
      vertex 19.64805030077696 9.271638594567776 13.78
      vertex 20 9.098076209425926 13.78
      vertex 23.607999734580517 9.698811419308186 13.78
    endloop
  endfacet
  facet normal 0 0 1
    outer loop
      vertex 20.621320344507694 8.621320344507694 13.78
      vertex 20.880060024559498 8.326284289360046 13.78
      vertex 23.607999734580517 9.698811419308186 13.78
    endloop
  endfacet
  facet normal 0 0 1
    outer loop
      vertex 20.621320344507694 8.621320344507694 13.78
      vertex 23.607999734580517 9.698811419308186 13.78
      vertex 20.326284289360046 8.880060024559498 13.78
    endloop
  endfacet
  facet normal 0 0 1
    outer loop
      vertex 20.880060024559498 8.326284289360046 13.78
      vertex 23.700000002980232 9 13.78
      vertex 23.676901124417782 9.352420717477798 13.78
    endloop
  endfacet
  facet normal 0 0 1
    outer loop
      vertex 20.880060024559498 8.326284289360046 13.78
      vertex 23.676901124417782 9.352420717477798 13.78
      vertex 23.607999734580517 9.698811419308186 13.78
    endloop
  endfacet
  facet normal -0.5555702203832521 -0.8314696207458843 0
    outer loop
      vertex -8.826284289360046 -8.880060024559498 13.78
      vertex -8.5 -9.098076209425926 13.78
      vertex -8.826284289360046 -8.880060024559498 14.78
    endloop
  endfacet
  facet normal -0.4422886918115197 -0.8968727407473451 0
    outer loop
      vertex -8.148050300776958 -9.271638594567776 13.78
      vertex -8.5 -9.098076209425926 14.78
      vertex -8.5 -9.098076209425926 13.78
    endloop
  endfacet
  facet normal -0.32143946370773846 -0.9469301300366788 0
    outer loop
      vertex -8.148050300776958 -9.271638594567776 13.78
      vertex -7.776457138359547 -9.39777747541666 13.78
      vertex -8.148050300776958 -9.271638594567776 14.78
    endloop
  endfacet
  facet normal -0.6593458207943228 -0.7518398024852506 0
    outer loop
      vertex -8.826284289360046 -8.880060024559498 13.78
      vertex -8.826284289360046 -8.880060024559498 14.78
      vertex -9.121320344507694 -8.621320344507694 14.78
    endloop
  endfacet
  facet normal -0.4422886918115197 -0.8968727407473451 0
    outer loop
      vertex -8.148050300776958 -9.271638594567776 13.78
      vertex -8.148050300776958 -9.271638594567776 14.78
      vertex -8.5 -9.098076209425926 14.78
    endloop
  endfacet
  facet normal -0.32143946370773846 -0.9469301300366788 0
    outer loop
      vertex -7.776457138359547 -9.39777747541666 13.78
      vertex -7.776457138359547 -9.39777747541666 14.78
      vertex -8.148050300776958 -9.271638594567776 14.78
    endloop
  endfacet
  facet normal -0.5555702203832521 -0.8314696207458843 0
    outer loop
      vertex -8.5 -9.098076209425926 13.78
      vertex -8.5 -9.098076209425926 14.78
      vertex -8.826284289360046 -8.880060024559498 14.78
    endloop
  endfacet
  facet normal -0.1950903258581441 -0.980785279639006 0
    outer loop
      vertex -7.776457138359547 -9.39777747541666 13.78
      vertex -7.3915785774588585 -9.474334582686424 13.78
      vertex -7.776457138359547 -9.39777747541666 14.78
    endloop
  endfacet
  facet normal -0.06540313273849395 -0.9978589230086541 0
    outer loop
      vertex -7.3915785774588585 -9.474334582686424 13.78
      vertex -7 -9.5 13.78
      vertex -7.3915785774588585 -9.474334582686424 14.78
    endloop
  endfacet
  facet normal -0.1950903258581441 -0.980785279639006 0
    outer loop
      vertex -7.3915785774588585 -9.474334582686424 13.78
      vertex -7.3915785774588585 -9.474334582686424 14.78
      vertex -7.776457138359547 -9.39777747541666 14.78
    endloop
  endfacet
  facet normal -0.06540313273849395 -0.9978589230086541 0
    outer loop
      vertex -7 -9.5 13.78
      vertex -7 -9.5 14.78
      vertex -7.3915785774588585 -9.474334582686424 14.78
    endloop
  endfacet
  facet normal -0.8314696207458843 -0.5555702203832521 0
    outer loop
      vertex -9.380060024559498 -8.326284289360046 13.78
      vertex -9.598076209425926 -8 14.78
      vertex -9.598076209425926 -8 13.78
    endloop
  endfacet
  facet normal -0.8314696207458843 -0.5555702203832521 0
    outer loop
      vertex -9.380060024559498 -8.326284289360046 13.78
      vertex -9.380060024559498 -8.326284289360046 14.78
      vertex -9.598076209425926 -8 14.78
    endloop
  endfacet
  facet normal -0.8968727407473451 -0.4422886918115197 0
    outer loop
      vertex -9.598076209425926 -8 13.78
      vertex -9.771638594567776 -7.6480503007769585 14.78
      vertex -9.771638594567776 -7.6480503007769585 13.78
    endloop
  endfacet
  facet normal -0.9469301300366788 -0.32143946370773846 0
    outer loop
      vertex -9.771638594567776 -7.6480503007769585 13.78
      vertex -9.89777747541666 -7.276457138359547 14.78
      vertex -9.89777747541666 -7.276457138359547 13.78
    endloop
  endfacet
  facet normal -0.8968727407473451 -0.4422886918115197 0
    outer loop
      vertex -9.598076209425926 -8 13.78
      vertex -9.598076209425926 -8 14.78
      vertex -9.771638594567776 -7.6480503007769585 14.78
    endloop
  endfacet
  facet normal -0.9469301300366788 -0.32143946370773846 0
    outer loop
      vertex -9.771638594567776 -7.6480503007769585 13.78
      vertex -9.771638594567776 -7.6480503007769585 14.78
      vertex -9.89777747541666 -7.276457138359547 14.78
    endloop
  endfacet
  facet normal -0.980785279639006 -0.1950903258581441 0
    outer loop
      vertex -9.89777747541666 -7.276457138359547 13.78
      vertex -9.974334582686424 -6.8915785774588585 14.78
      vertex -9.974334582686424 -6.8915785774588585 13.78
    endloop
  endfacet
  facet normal -0.9978589230086541 -0.06540313273849395 0
    outer loop
      vertex -9.974334582686424 -6.8915785774588585 13.78
      vertex -10 -6.5 14.78
      vertex -10 -6.5 13.78
    endloop
  endfacet
  facet normal -0.980785279639006 -0.1950903258581441 0
    outer loop
      vertex -9.89777747541666 -7.276457138359547 13.78
      vertex -9.89777747541666 -7.276457138359547 14.78
      vertex -9.974334582686424 -6.8915785774588585 14.78
    endloop
  endfacet
  facet normal -0.9978589230086541 -0.06540313273849395 0
    outer loop
      vertex -9.974334582686424 -6.8915785774588585 13.78
      vertex -9.974334582686424 -6.8915785774588585 14.78
      vertex -10 -6.5 14.78
    endloop
  endfacet
  facet normal -0.6593458207943228 -0.7518398024852506 0
    outer loop
      vertex -8.826284289360046 -8.880060024559498 13.78
      vertex -9.121320344507694 -8.621320344507694 14.78
      vertex -9.121320344507694 -8.621320344507694 13.78
    endloop
  endfacet
  facet normal -0.7518398024852506 -0.6593458207943228 0
    outer loop
      vertex -9.380060024559498 -8.326284289360046 13.78
      vertex -9.121320344507694 -8.621320344507694 13.78
      vertex -9.380060024559498 -8.326284289360046 14.78
    endloop
  endfacet
  facet normal -0.7518398024852506 -0.6593458207943228 0
    outer loop
      vertex -9.380060024559498 -8.326284289360046 14.78
      vertex -9.121320344507694 -8.621320344507694 13.78
      vertex -9.121320344507694 -8.621320344507694 14.78
    endloop
  endfacet
  facet normal 0 0 1
    outer loop
      vertex -10 -6.5 14.78
      vertex -6.4974884620746165 -1.2010433922646728 14.78
      vertex -6.65 -1.12583302491977 14.78
    endloop
  endfacet
  facet normal 0 0 1
    outer loop
      vertex -10 -6.5 14.78
      vertex -6.3364647586332765 -1.255703574175789 14.78
      vertex -6.4974884620746165 -1.2010433922646728 14.78
    endloop
  endfacet
  facet normal 0 0 1
    outer loop
      vertex -10 -6.5 14.78
      vertex -6.169684049886067 -1.2888783197859535 14.78
      vertex -6.3364647586332765 -1.255703574175789 14.78
    endloop
  endfacet
  facet normal 0 0 1
    outer loop
      vertex -10 -6.5 14.78
      vertex -6 -1.3 14.78
      vertex -6.169684049886067 -1.2888783197859535 14.78
    endloop
  endfacet
  facet normal 0 0 1
    outer loop
      vertex -10 -6.5 14.78
      vertex -5.830315950113933 -1.2888783197859535 14.78
      vertex -6 -1.3 14.78
    endloop
  endfacet
  facet normal 0 0 1
    outer loop
      vertex -10 -6.5 14.78
      vertex -5.6635352413667235 -1.255703574175789 14.78
      vertex -5.830315950113933 -1.2888783197859535 14.78
    endloop
  endfacet
  facet normal -1 0 0
    outer loop
      vertex -10 -6.5 13.78
      vertex -10 -6.5 14.78
      vertex -10 6.5 14.78
    endloop
  endfacet
  facet normal 0 0 1
    outer loop
      vertex -10 -6.5 14.78
      vertex -6.791389857711337 -1.0313593423786058 14.78
      vertex -6.919238815542512 -0.9192388155425119 14.78
    endloop
  endfacet
  facet normal 0 0 1
    outer loop
      vertex -10 -6.5 14.78
      vertex -6.919238815542512 -0.9192388155425119 14.78
      vertex -7.031359342378606 -0.7913898577113369 14.78
    endloop
  endfacet
  facet normal 0 0 1
    outer loop
      vertex -10 -6.5 14.78
      vertex -7.031359342378606 -0.7913898577113369 14.78
      vertex -7.12583302491977 -0.65 14.78
    endloop
  endfacet
  facet normal 0 0 1
    outer loop
      vertex -10 -6.5 14.78
      vertex -7.12583302491977 -0.65 14.78
      vertex -7.201043392264673 -0.4974884620746167 14.78
    endloop
  endfacet
  facet normal 0 0 1
    outer loop
      vertex -10 -6.5 14.78
      vertex -7.201043392264673 -0.4974884620746167 14.78
      vertex -7.255703574175789 -0.33646475863327696 14.78
    endloop
  endfacet
  facet normal 0 0 1
    outer loop
      vertex -10 -6.5 14.78
      vertex -7.255703574175789 -0.33646475863327696 14.78
      vertex -7.288878319785954 -0.16968404988606706 14.78
    endloop
  endfacet
  facet normal 0 0 1
    outer loop
      vertex -10 -6.5 14.78
      vertex -7.288878319785954 -0.16968404988606706 14.78
      vertex -7.3 0 14.78
    endloop
  endfacet
  facet normal 0 0 1
    outer loop
      vertex -10 -6.5 14.78
      vertex -7.3 0 14.78
      vertex -7.288878319785954 0.16968404988606706 14.78
    endloop
  endfacet
  facet normal 0 0 1
    outer loop
      vertex -10 -6.5 14.78
      vertex -7.288878319785954 0.16968404988606706 14.78
      vertex -7.255703574175789 0.33646475863327696 14.78
    endloop
  endfacet
  facet normal 0 0 1
    outer loop
      vertex -10 -6.5 14.78
      vertex -7.255703574175789 0.33646475863327696 14.78
      vertex -7.201043392264673 0.4974884620746167 14.78
    endloop
  endfacet
  facet normal 0 0 1
    outer loop
      vertex -10 -6.5 14.78
      vertex -6.65 -1.12583302491977 14.78
      vertex -6.791389857711337 -1.0313593423786058 14.78
    endloop
  endfacet
  facet normal -1 0 0
    outer loop
      vertex -10 -6.5 13.78
      vertex -10 6.5 14.78
      vertex -10 6.5 13.78
    endloop
  endfacet
  facet normal 0 0 1
    outer loop
      vertex -10 -6.5 14.78
      vertex -7.201043392264673 0.4974884620746167 14.78
      vertex -10 6.5 14.78
    endloop
  endfacet
  facet normal 0 0 1
    outer loop
      vertex -10 6.5 14.78
      vertex -7.201043392264673 0.4974884620746167 14.78
      vertex -7.12583302491977 0.65 14.78
    endloop
  endfacet
  facet normal 0 0 1
    outer loop
      vertex -10 6.5 14.78
      vertex -7.12583302491977 0.65 14.78
      vertex -7.031359342378606 0.7913898577113369 14.78
    endloop
  endfacet
  facet normal 0 0 1
    outer loop
      vertex -10 6.5 14.78
      vertex -7.031359342378606 0.7913898577113369 14.78
      vertex -6.919238815542512 0.9192388155425119 14.78
    endloop
  endfacet
  facet normal 0 0 1
    outer loop
      vertex -10 6.5 14.78
      vertex -6.919238815542512 0.9192388155425119 14.78
      vertex -6.791389857711337 1.0313593423786058 14.78
    endloop
  endfacet
  facet normal 0 0 1
    outer loop
      vertex -10 6.5 14.78
      vertex -6.791389857711337 1.0313593423786058 14.78
      vertex -6.65 1.12583302491977 14.78
    endloop
  endfacet
  facet normal 0 0 1
    outer loop
      vertex -10 6.5 14.78
      vertex -5.208610142288663 1.0313593423786058 14.78
      vertex -5.080761184457488 0.9192388155425119 14.78
    endloop
  endfacet
  facet normal 0 0 1
    outer loop
      vertex -10 6.5 14.78
      vertex -5.35 1.12583302491977 14.78
      vertex -5.208610142288663 1.0313593423786058 14.78
    endloop
  endfacet
  facet normal 0 0 1
    outer loop
      vertex -10 6.5 14.78
      vertex -6.65 1.12583302491977 14.78
      vertex -6.4974884620746165 1.2010433922646728 14.78
    endloop
  endfacet
  facet normal 0 0 1
    outer loop
      vertex -10 6.5 14.78
      vertex -6.4974884620746165 1.2010433922646728 14.78
      vertex -6.3364647586332765 1.255703574175789 14.78
    endloop
  endfacet
  facet normal 0 0 1
    outer loop
      vertex -10 6.5 14.78
      vertex -6.3364647586332765 1.255703574175789 14.78
      vertex -6.169684049886067 1.2888783197859535 14.78
    endloop
  endfacet
  facet normal 0 0 1
    outer loop
      vertex -10 6.5 14.78
      vertex -6.169684049886067 1.2888783197859535 14.78
      vertex -6 1.3 14.78
    endloop
  endfacet
  facet normal 0 0 1
    outer loop
      vertex -10 6.5 14.78
      vertex -5.830315950113933 1.2888783197859535 14.78
      vertex -5.6635352413667235 1.255703574175789 14.78
    endloop
  endfacet
  facet normal 0 0 1
    outer loop
      vertex -10 6.5 14.78
      vertex -6 1.3 14.78
      vertex -5.830315950113933 1.2888783197859535 14.78
    endloop
  endfacet
  facet normal 0 0 1
    outer loop
      vertex -10 6.5 14.78
      vertex -5.6635352413667235 1.255703574175789 14.78
      vertex -5.5025115379253835 1.2010433922646728 14.78
    endloop
  endfacet
  facet normal 0 0 1
    outer loop
      vertex -10 6.5 14.78
      vertex -5.5025115379253835 1.2010433922646728 14.78
      vertex -5.35 1.12583302491977 14.78
    endloop
  endfacet
  facet normal -0.9978589230086541 0.06540313273849395 0
    outer loop
      vertex -10 6.5 13.78
      vertex -9.974334582686424 6.8915785774588585 14.78
      vertex -9.974334582686424 6.8915785774588585 13.78
    endloop
  endfacet
  facet normal -0.980785279639006 0.1950903258581441 0
    outer loop
      vertex -9.974334582686424 6.8915785774588585 13.78
      vertex -9.89777747541666 7.276457138359547 14.78
      vertex -9.89777747541666 7.276457138359547 13.78
    endloop
  endfacet
  facet normal -0.9978589230086541 0.06540313273849395 0
    outer loop
      vertex -10 6.5 13.78
      vertex -10 6.5 14.78
      vertex -9.974334582686424 6.8915785774588585 14.78
    endloop
  endfacet
  facet normal -0.980785279639006 0.1950903258581441 0
    outer loop
      vertex -9.974334582686424 6.8915785774588585 13.78
      vertex -9.974334582686424 6.8915785774588585 14.78
      vertex -9.89777747541666 7.276457138359547 14.78
    endloop
  endfacet
  facet normal -0.9469301300366788 0.32143946370773846 0
    outer loop
      vertex -9.89777747541666 7.276457138359547 13.78
      vertex -9.771638594567776 7.6480503007769585 14.78
      vertex -9.771638594567776 7.6480503007769585 13.78
    endloop
  endfacet
  facet normal -0.8968727407473451 0.4422886918115197 0
    outer loop
      vertex -9.771638594567776 7.6480503007769585 13.78
      vertex -9.598076209425926 8 14.78
      vertex -9.598076209425926 8 13.78
    endloop
  endfacet
  facet normal -0.9469301300366788 0.32143946370773846 0
    outer loop
      vertex -9.89777747541666 7.276457138359547 13.78
      vertex -9.89777747541666 7.276457138359547 14.78
      vertex -9.771638594567776 7.6480503007769585 14.78
    endloop
  endfacet
  facet normal -0.8968727407473451 0.4422886918115197 0
    outer loop
      vertex -9.771638594567776 7.6480503007769585 13.78
      vertex -9.771638594567776 7.6480503007769585 14.78
      vertex -9.598076209425926 8 14.78
    endloop
  endfacet
  facet normal -0.8314696207458843 0.5555702203832521 0
    outer loop
      vertex -9.598076209425926 8 13.78
      vertex -9.380060024559498 8.326284289360046 14.78
      vertex -9.380060024559498 8.326284289360046 13.78
    endloop
  endfacet
  facet normal -0.8314696207458843 0.5555702203832521 0
    outer loop
      vertex -9.598076209425926 8 13.78
      vertex -9.598076209425926 8 14.78
      vertex -9.380060024559498 8.326284289360046 14.78
    endloop
  endfacet
  facet normal -0.7518398024852506 0.6593458207943228 0
    outer loop
      vertex -9.380060024559498 8.326284289360046 13.78
      vertex -9.121320344507694 8.621320344507694 14.78
      vertex -9.121320344507694 8.621320344507694 13.78
    endloop
  endfacet
  facet normal -0.7518398024852506 0.6593458207943228 0
    outer loop
      vertex -9.380060024559498 8.326284289360046 13.78
      vertex -9.380060024559498 8.326284289360046 14.78
      vertex -9.121320344507694 8.621320344507694 14.78
    endloop
  endfacet
  facet normal -0.6593458207943228 0.7518398024852506 0
    outer loop
      vertex -9.121320344507694 8.621320344507694 13.78
      vertex -9.121320344507694 8.621320344507694 14.78
      vertex -8.826284289360046 8.880060024559498 14.78
    endloop
  endfacet
  facet normal -0.6593458207943228 0.7518398024852506 0
    outer loop
      vertex -9.121320344507694 8.621320344507694 13.78
      vertex -8.826284289360046 8.880060024559498 14.78
      vertex -8.826284289360046 8.880060024559498 13.78
    endloop
  endfacet
  facet normal -0.5555702203832521 0.8314696207458843 0
    outer loop
      vertex -8.826284289360046 8.880060024559498 13.78
      vertex -8.5 9.098076209425926 14.78
      vertex -8.5 9.098076209425926 13.78
    endloop
  endfacet
  facet normal -0.4422886918115197 0.8968727407473451 0
    outer loop
      vertex -8.5 9.098076209425926 13.78
      vertex -8.148050300776958 9.271638594567776 14.78
      vertex -8.148050300776958 9.271638594567776 13.78
    endloop
  endfacet
  facet normal -0.32143946370773846 0.9469301300366788 0
    outer loop
      vertex -8.148050300776958 9.271638594567776 13.78
      vertex -7.776457138359547 9.39777747541666 14.78
      vertex -7.776457138359547 9.39777747541666 13.78
    endloop
  endfacet
  facet normal -0.5555702203832521 0.8314696207458843 0
    outer loop
      vertex -8.826284289360046 8.880060024559498 13.78
      vertex -8.826284289360046 8.880060024559498 14.78
      vertex -8.5 9.098076209425926 14.78
    endloop
  endfacet
  facet normal -0.4422886918115197 0.8968727407473451 0
    outer loop
      vertex -8.5 9.098076209425926 13.78
      vertex -8.5 9.098076209425926 14.78
      vertex -8.148050300776958 9.271638594567776 14.78
    endloop
  endfacet
  facet normal -0.32143946370773846 0.9469301300366788 0
    outer loop
      vertex -8.148050300776958 9.271638594567776 13.78
      vertex -8.148050300776958 9.271638594567776 14.78
      vertex -7.776457138359547 9.39777747541666 14.78
    endloop
  endfacet
  facet normal -0.1950903258581441 0.980785279639006 0
    outer loop
      vertex -7.776457138359547 9.39777747541666 13.78
      vertex -7.3915785774588585 9.474334582686424 14.78
      vertex -7.3915785774588585 9.474334582686424 13.78
    endloop
  endfacet
  facet normal -0.06540313273849395 0.9978589230086541 0
    outer loop
      vertex -7.3915785774588585 9.474334582686424 13.78
      vertex -7 9.5 14.78
      vertex -7 9.5 13.78
    endloop
  endfacet
  facet normal -0.1950903258581441 0.980785279639006 0
    outer loop
      vertex -7.776457138359547 9.39777747541666 13.78
      vertex -7.776457138359547 9.39777747541666 14.78
      vertex -7.3915785774588585 9.474334582686424 14.78
    endloop
  endfacet
  facet normal -0.06540313273849395 0.9978589230086541 0
    outer loop
      vertex -7.3915785774588585 9.474334582686424 13.78
      vertex -7.3915785774588585 9.474334582686424 14.78
      vertex -7 9.5 14.78
    endloop
  endfacet
  facet normal 0 0 1
    outer loop
      vertex -7.776457138359547 9.39777747541666 14.78
      vertex -7 9.5 14.78
      vertex -7.3915785774588585 9.474334582686424 14.78
    endloop
  endfacet
  facet normal 0 -1 0
    outer loop
      vertex -7 -9.5 13.78
      vertex 18.5 -9.5 13.78
      vertex -7 -9.5 14.78
    endloop
  endfacet
  facet normal 0 0 1
    outer loop
      vertex -8.148050300776958 -9.271638594567776 14.78
      vertex -7.776457138359547 -9.39777747541666 14.78
      vertex 20.326284289360046 -8.880060024559498 14.78
    endloop
  endfacet
  facet normal 0 0 1
    outer loop
      vertex -7.3915785774588585 -9.474334582686424 14.78
      vertex -7 -9.5 14.78
      vertex 19.64805030077696 -9.271638594567776 14.78
    endloop
  endfacet
  facet normal 0 0 1
    outer loop
      vertex -7.776457138359547 -9.39777747541666 14.78
      vertex -7.3915785774588585 -9.474334582686424 14.78
      vertex 20 -9.098076209425926 14.78
    endloop
  endfacet
  facet normal 0 0 1
    outer loop
      vertex -8.148050300776958 -9.271638594567776 14.78
      vertex 20.621320344507694 -8.621320344507694 14.78
      vertex -8.5 -9.098076209425926 14.78
    endloop
  endfacet
  facet normal 0 0 1
    outer loop
      vertex -8.826284289360046 -8.880060024559498 14.78
      vertex 21.098076209425926 -8 14.78
      vertex -9.121320344507694 -8.621320344507694 14.78
    endloop
  endfacet
  facet normal 0 0 1
    outer loop
      vertex -9.380060024559498 -8.326284289360046 14.78
      vertex -9.121320344507694 -8.621320344507694 14.78
      vertex 21.271638594567776 -7.6480503007769585 14.78
    endloop
  endfacet
  facet normal 0 0 1
    outer loop
      vertex -9.380060024559498 -8.326284289360046 14.78
      vertex 21.39777747541666 -7.276457138359547 14.78
      vertex -9.598076209425926 -8 14.78
    endloop
  endfacet
  facet normal 0 0 1
    outer loop
      vertex -9.598076209425926 -8 14.78
      vertex 21.474334582686424 -6.8915785774588585 14.78
      vertex -9.771638594567776 -7.6480503007769585 14.78
    endloop
  endfacet
  facet normal 0 0 1
    outer loop
      vertex -8.826284289360046 -8.880060024559498 14.78
      vertex -8.5 -9.098076209425926 14.78
      vertex 20.880060024559498 -8.326284289360046 14.78
    endloop
  endfacet
  facet normal 0 0 1
    outer loop
      vertex -9.771638594567776 -7.6480503007769585 14.78
      vertex 21.5 -6.5 14.78
      vertex -9.89777747541666 -7.276457138359547 14.78
    endloop
  endfacet
  facet normal 0 -1 0
    outer loop
      vertex -7 -9.5 14.78
      vertex 18.5 -9.5 13.78
      vertex 18.5 -9.5 14.78
    endloop
  endfacet
  facet normal 0 0 1
    outer loop
      vertex -7 -9.5 14.78
      vertex 18.5 -9.5 14.78
      vertex 19.276457138359547 -9.39777747541666 14.78
    endloop
  endfacet
  facet normal 0 0 1
    outer loop
      vertex -7 -9.5 14.78
      vertex 19.276457138359547 -9.39777747541666 14.78
      vertex 19.64805030077696 -9.271638594567776 14.78
    endloop
  endfacet
  facet normal 0 0 1
    outer loop
      vertex -7.3915785774588585 -9.474334582686424 14.78
      vertex 19.64805030077696 -9.271638594567776 14.78
      vertex 20 -9.098076209425926 14.78
    endloop
  endfacet
  facet normal 0 0 1
    outer loop
      vertex -7.776457138359547 -9.39777747541666 14.78
      vertex 20 -9.098076209425926 14.78
      vertex 20.326284289360046 -8.880060024559498 14.78
    endloop
  endfacet
  facet normal 0 0 1
    outer loop
      vertex -8.148050300776958 -9.271638594567776 14.78
      vertex 20.326284289360046 -8.880060024559498 14.78
      vertex 20.621320344507694 -8.621320344507694 14.78
    endloop
  endfacet
  facet normal 0 0 1
    outer loop
      vertex -8.5 -9.098076209425926 14.78
      vertex 20.621320344507694 -8.621320344507694 14.78
      vertex 20.880060024559498 -8.326284289360046 14.78
    endloop
  endfacet
  facet normal 0 0 1
    outer loop
      vertex -8.826284289360046 -8.880060024559498 14.78
      vertex 20.880060024559498 -8.326284289360046 14.78
      vertex 21.098076209425926 -8 14.78
    endloop
  endfacet
  facet normal 0 0 1
    outer loop
      vertex -9.121320344507694 -8.621320344507694 14.78
      vertex 21.098076209425926 -8 14.78
      vertex 21.271638594567776 -7.6480503007769585 14.78
    endloop
  endfacet
  facet normal 0 0 1
    outer loop
      vertex -9.380060024559498 -8.326284289360046 14.78
      vertex 21.271638594567776 -7.6480503007769585 14.78
      vertex 21.39777747541666 -7.276457138359547 14.78
    endloop
  endfacet
  facet normal 0 0 1
    outer loop
      vertex -9.598076209425926 -8 14.78
      vertex 21.39777747541666 -7.276457138359547 14.78
      vertex 21.474334582686424 -6.8915785774588585 14.78
    endloop
  endfacet
  facet normal 0 0 1
    outer loop
      vertex -9.771638594567776 -7.6480503007769585 14.78
      vertex 21.474334582686424 -6.8915785774588585 14.78
      vertex 21.5 -6.5 14.78
    endloop
  endfacet
  facet normal 0 0 1
    outer loop
      vertex -9.89777747541666 -7.276457138359547 14.78
      vertex 12.35 -1.12583302491977 14.78
      vertex 12.208610142288663 -1.0313593423786058 14.78
    endloop
  endfacet
  facet normal 0 0 1
    outer loop
      vertex -9.89777747541666 -7.276457138359547 14.78
      vertex 12.080761184457488 -0.9192388155425119 14.78
      vertex 11.968640657621394 -0.7913898577113369 14.78
    endloop
  endfacet
  facet normal 0 0 1
    outer loop
      vertex -9.89777747541666 -7.276457138359547 14.78
      vertex 12.208610142288663 -1.0313593423786058 14.78
      vertex 12.080761184457488 -0.9192388155425119 14.78
    endloop
  endfacet
  facet normal 0 0 1
    outer loop
      vertex -9.89777747541666 -7.276457138359547 14.78
      vertex 12.502511537925383 -1.2010433922646728 14.78
      vertex 12.35 -1.12583302491977 14.78
    endloop
  endfacet
  facet normal 0 0 1
    outer loop
      vertex -9.89777747541666 -7.276457138359547 14.78
      vertex 12.663535241366723 -1.255703574175789 14.78
      vertex 12.502511537925383 -1.2010433922646728 14.78
    endloop
  endfacet
  facet normal 0 0 1
    outer loop
      vertex -9.89777747541666 -7.276457138359547 14.78
      vertex 12.830315950113933 -1.2888783197859535 14.78
      vertex 12.663535241366723 -1.255703574175789 14.78
    endloop
  endfacet
  facet normal 0 0 1
    outer loop
      vertex -9.89777747541666 -7.276457138359547 14.78
      vertex 13 -1.3 14.78
      vertex 12.830315950113933 -1.2888783197859535 14.78
    endloop
  endfacet
  facet normal 0 0 1
    outer loop
      vertex -9.89777747541666 -7.276457138359547 14.78
      vertex 13.169684049886067 -1.2888783197859535 14.78
      vertex 13 -1.3 14.78
    endloop
  endfacet
  facet normal 0 0 1
    outer loop
      vertex -9.89777747541666 -7.276457138359547 14.78
      vertex 13.336464758633277 -1.255703574175789 14.78
      vertex 13.169684049886067 -1.2888783197859535 14.78
    endloop
  endfacet
  facet normal 0 0 1
    outer loop
      vertex -9.89777747541666 -7.276457138359547 14.78
      vertex 21.5 6.5 14.78
      vertex -9.974334582686424 -6.8915785774588585 14.78
    endloop
  endfacet
  facet normal 0 0 1
    outer loop
      vertex -9.974334582686424 -6.8915785774588585 14.78
      vertex 21.474334582686424 6.8915785774588585 14.78
      vertex -10 -6.5 14.78
    endloop
  endfacet
  facet normal 0 0 1
    outer loop
      vertex -10 -6.5 14.78
      vertex 21.39777747541666 7.276457138359547 14.78
      vertex -5.6635352413667235 -1.255703574175789 14.78
    endloop
  endfacet
  facet normal 0 0 1
    outer loop
      vertex -9.89777747541666 -7.276457138359547 14.78
      vertex 11.744296425824212 -0.33646475863327696 14.78
      vertex 11.711121680214047 -0.16968404988606706 14.78
    endloop
  endfacet
  facet normal 0 0 1
    outer loop
      vertex -9.89777747541666 -7.276457138359547 14.78
      vertex 11.968640657621394 -0.7913898577113369 14.78
      vertex 11.87416697508023 -0.65 14.78
    endloop
  endfacet
  facet normal 0 0 1
    outer loop
      vertex -9.89777747541666 -7.276457138359547 14.78
      vertex 11.87416697508023 -0.65 14.78
      vertex 11.798956607735327 -0.4974884620746167 14.78
    endloop
  endfacet
  facet normal 0 0 1
    outer loop
      vertex -9.89777747541666 -7.276457138359547 14.78
      vertex 11.798956607735327 -0.4974884620746167 14.78
      vertex 11.744296425824212 -0.33646475863327696 14.78
    endloop
  endfacet
  facet normal 0 0 1
    outer loop
      vertex -9.89777747541666 -7.276457138359547 14.78
      vertex 11.711121680214047 -0.16968404988606706 14.78
      vertex 11.7 0 14.78
    endloop
  endfacet
  facet normal 0 0 1
    outer loop
      vertex -9.89777747541666 -7.276457138359547 14.78
      vertex 11.7 0 14.78
      vertex 11.711121680214047 0.16968404988606706 14.78
    endloop
  endfacet
  facet normal 0 0 1
    outer loop
      vertex -9.89777747541666 -7.276457138359547 14.78
      vertex 11.711121680214047 0.16968404988606706 14.78
      vertex 11.744296425824212 0.33646475863327696 14.78
    endloop
  endfacet
  facet normal 0 0 1
    outer loop
      vertex -9.89777747541666 -7.276457138359547 14.78
      vertex 11.744296425824212 0.33646475863327696 14.78
      vertex 11.798956607735327 0.4974884620746167 14.78
    endloop
  endfacet
  facet normal 0 0 1
    outer loop
      vertex -9.89777747541666 -7.276457138359547 14.78
      vertex 11.798956607735327 0.4974884620746167 14.78
      vertex 11.87416697508023 0.65 14.78
    endloop
  endfacet
  facet normal 0 0 1
    outer loop
      vertex -9.89777747541666 -7.276457138359547 14.78
      vertex 11.87416697508023 0.65 14.78
      vertex 11.968640657621394 0.7913898577113369 14.78
    endloop
  endfacet
  facet normal 0 0 1
    outer loop
      vertex -9.89777747541666 -7.276457138359547 14.78
      vertex 11.968640657621394 0.7913898577113369 14.78
      vertex 12.080761184457488 0.9192388155425119 14.78
    endloop
  endfacet
  facet normal 0 0 1
    outer loop
      vertex -9.89777747541666 -7.276457138359547 14.78
      vertex 12.080761184457488 0.9192388155425119 14.78
      vertex 12.208610142288663 1.0313593423786058 14.78
    endloop
  endfacet
  facet normal 0 0 1
    outer loop
      vertex -9.89777747541666 -7.276457138359547 14.78
      vertex 12.208610142288663 1.0313593423786058 14.78
      vertex 12.35 1.12583302491977 14.78
    endloop
  endfacet
  facet normal 0 0 1
    outer loop
      vertex -9.89777747541666 -7.276457138359547 14.78
      vertex 21.5 -6.5 14.78
      vertex 13.336464758633277 -1.255703574175789 14.78
    endloop
  endfacet
  facet normal 0.06540313273849395 -0.9978589230086541 0
    outer loop
      vertex 18.5 -9.5 13.78
      vertex 18.89157857745886 -9.474334582686424 13.78
      vertex 18.5 -9.5 14.78
    endloop
  endfacet
  facet normal 0.1950903258581441 -0.980785279639006 0
    outer loop
      vertex 18.89157857745886 -9.474334582686424 13.78
      vertex 19.276457138359547 -9.39777747541666 13.78
      vertex 18.89157857745886 -9.474334582686424 14.78
    endloop
  endfacet
  facet normal 0.06540313273849395 -0.9978589230086541 0
    outer loop
      vertex 18.89157857745886 -9.474334582686424 13.78
      vertex 18.89157857745886 -9.474334582686424 14.78
      vertex 18.5 -9.5 14.78
    endloop
  endfacet
  facet normal 0.1950903258581441 -0.980785279639006 0
    outer loop
      vertex 19.276457138359547 -9.39777747541666 13.78
      vertex 19.276457138359547 -9.39777747541666 14.78
      vertex 18.89157857745886 -9.474334582686424 14.78
    endloop
  endfacet
  facet normal 0 0 1
    outer loop
      vertex 18.5 -9.5 14.78
      vertex 18.89157857745886 -9.474334582686424 14.78
      vertex 19.276457138359547 -9.39777747541666 14.78
    endloop
  endfacet
  facet normal 0.32143946370773846 -0.9469301300366788 0
    outer loop
      vertex 19.276457138359547 -9.39777747541666 13.78
      vertex 19.64805030077696 -9.271638594567776 13.78
      vertex 19.276457138359547 -9.39777747541666 14.78
    endloop
  endfacet
  facet normal 0.4422886918115197 -0.8968727407473451 0
    outer loop
      vertex 19.64805030077696 -9.271638594567776 13.78
      vertex 20 -9.098076209425926 13.78
      vertex 19.64805030077696 -9.271638594567776 14.78
    endloop
  endfacet
  facet normal 0.5555702203832521 -0.8314696207458843 0
    outer loop
      vertex 20 -9.098076209425926 13.78
      vertex 20.326284289360046 -8.880060024559498 13.78
      vertex 20 -9.098076209425926 14.78
    endloop
  endfacet
  facet normal 0.6593458207943228 -0.7518398024852506 0
    outer loop
      vertex 20.326284289360046 -8.880060024559498 13.78
      vertex 20.621320344507694 -8.621320344507694 13.78
      vertex 20.326284289360046 -8.880060024559498 14.78
    endloop
  endfacet
  facet normal 0.32143946370773846 -0.9469301300366788 0
    outer loop
      vertex 19.64805030077696 -9.271638594567776 13.78
      vertex 19.64805030077696 -9.271638594567776 14.78
      vertex 19.276457138359547 -9.39777747541666 14.78
    endloop
  endfacet
  facet normal 0.4422886918115197 -0.8968727407473451 0
    outer loop
      vertex 20 -9.098076209425926 13.78
      vertex 20 -9.098076209425926 14.78
      vertex 19.64805030077696 -9.271638594567776 14.78
    endloop
  endfacet
  facet normal 0.5555702203832521 -0.8314696207458843 0
    outer loop
      vertex 20.326284289360046 -8.880060024559498 13.78
      vertex 20.326284289360046 -8.880060024559498 14.78
      vertex 20 -9.098076209425926 14.78
    endloop
  endfacet
  facet normal 0.6593458207943228 -0.7518398024852506 0
    outer loop
      vertex 20.326284289360046 -8.880060024559498 14.78
      vertex 20.621320344507694 -8.621320344507694 13.78
      vertex 20.621320344507694 -8.621320344507694 14.78
    endloop
  endfacet
  facet normal 0.7518398024852506 -0.6593458207943228 0
    outer loop
      vertex 20.621320344507694 -8.621320344507694 13.78
      vertex 20.880060024559498 -8.326284289360046 13.78
      vertex 20.621320344507694 -8.621320344507694 14.78
    endloop
  endfacet
  facet normal 0.8314696207458843 -0.5555702203832521 0
    outer loop
      vertex 20.880060024559498 -8.326284289360046 13.78
      vertex 21.098076209425926 -8 13.78
      vertex 20.880060024559498 -8.326284289360046 14.78
    endloop
  endfacet
  facet normal 0.7518398024852506 -0.6593458207943228 0
    outer loop
      vertex 20.621320344507694 -8.621320344507694 14.78
      vertex 20.880060024559498 -8.326284289360046 13.78
      vertex 20.880060024559498 -8.326284289360046 14.78
    endloop
  endfacet
  facet normal 0.8314696207458843 -0.5555702203832521 0
    outer loop
      vertex 21.098076209425926 -8 13.78
      vertex 21.098076209425926 -8 14.78
      vertex 20.880060024559498 -8.326284289360046 14.78
    endloop
  endfacet
  facet normal 0.8968727407473451 -0.4422886918115197 0
    outer loop
      vertex 21.098076209425926 -8 13.78
      vertex 21.271638594567776 -7.6480503007769585 13.78
      vertex 21.098076209425926 -8 14.78
    endloop
  endfacet
  facet normal 0.9469301300366788 -0.32143946370773846 0
    outer loop
      vertex 21.271638594567776 -7.6480503007769585 13.78
      vertex 21.39777747541666 -7.276457138359547 13.78
      vertex 21.271638594567776 -7.6480503007769585 14.78
    endloop
  endfacet
  facet normal 0.8968727407473451 -0.4422886918115197 0
    outer loop
      vertex 21.271638594567776 -7.6480503007769585 13.78
      vertex 21.271638594567776 -7.6480503007769585 14.78
      vertex 21.098076209425926 -8 14.78
    endloop
  endfacet
  facet normal 0.9469301300366788 -0.32143946370773846 0
    outer loop
      vertex 21.271638594567776 -7.6480503007769585 14.78
      vertex 21.39777747541666 -7.276457138359547 13.78
      vertex 21.39777747541666 -7.276457138359547 14.78
    endloop
  endfacet
  facet normal 0.980785279639006 -0.1950903258581441 0
    outer loop
      vertex 21.39777747541666 -7.276457138359547 13.78
      vertex 21.474334582686424 -6.8915785774588585 13.78
      vertex 21.39777747541666 -7.276457138359547 14.78
    endloop
  endfacet
  facet normal 0.9978589230086541 -0.06540313273849395 0
    outer loop
      vertex 21.474334582686424 -6.8915785774588585 13.78
      vertex 21.5 -6.5 13.78
      vertex 21.474334582686424 -6.8915785774588585 14.78
    endloop
  endfacet
  facet normal 0.980785279639006 -0.1950903258581441 0
    outer loop
      vertex 21.474334582686424 -6.8915785774588585 13.78
      vertex 21.474334582686424 -6.8915785774588585 14.78
      vertex 21.39777747541666 -7.276457138359547 14.78
    endloop
  endfacet
  facet normal 0.9978589230086541 -0.06540313273849395 0
    outer loop
      vertex 21.5 -6.5 13.78
      vertex 21.5 -6.5 14.78
      vertex 21.474334582686424 -6.8915785774588585 14.78
    endloop
  endfacet
  facet normal 0 0 1
    outer loop
      vertex 21.5 -6.5 14.78
      vertex 13.497488462074617 -1.2010433922646728 14.78
      vertex 13.336464758633277 -1.255703574175789 14.78
    endloop
  endfacet
  facet normal 0 0 1
    outer loop
      vertex 21.5 -6.5 14.78
      vertex 13.65 -1.12583302491977 14.78
      vertex 13.497488462074617 -1.2010433922646728 14.78
    endloop
  endfacet
  facet normal 0 0 1
    outer loop
      vertex 21.5 -6.5 14.78
      vertex 13.791389857711337 -1.0313593423786058 14.78
      vertex 13.65 -1.12583302491977 14.78
    endloop
  endfacet
  facet normal 0 0 1
    outer loop
      vertex 21.5 -6.5 14.78
      vertex 13.919238815542512 -0.9192388155425119 14.78
      vertex 13.791389857711337 -1.0313593423786058 14.78
    endloop
  endfacet
  facet normal 0 0 1
    outer loop
      vertex 21.5 -6.5 14.78
      vertex 14.031359342378606 -0.7913898577113369 14.78
      vertex 13.919238815542512 -0.9192388155425119 14.78
    endloop
  endfacet
  facet normal 0 0 1
    outer loop
      vertex 21.5 -6.5 14.78
      vertex 14.12583302491977 -0.65 14.78
      vertex 14.031359342378606 -0.7913898577113369 14.78
    endloop
  endfacet
  facet normal 0 0 1
    outer loop
      vertex 21.5 -6.5 14.78
      vertex 14.201043392264673 -0.4974884620746167 14.78
      vertex 14.12583302491977 -0.65 14.78
    endloop
  endfacet
  facet normal 0 0 1
    outer loop
      vertex 21.5 -6.5 14.78
      vertex 14.255703574175788 -0.33646475863327696 14.78
      vertex 14.201043392264673 -0.4974884620746167 14.78
    endloop
  endfacet
  facet normal 0 0 1
    outer loop
      vertex 21.5 -6.5 14.78
      vertex 14.288878319785953 -0.16968404988606706 14.78
      vertex 14.255703574175788 -0.33646475863327696 14.78
    endloop
  endfacet
  facet normal 0 0 1
    outer loop
      vertex 21.5 -6.5 14.78
      vertex 14.3 0 14.78
      vertex 14.288878319785953 -0.16968404988606706 14.78
    endloop
  endfacet
  facet normal 1 0 0
    outer loop
      vertex 21.5 -6.5 13.78
      vertex 21.5 6.5 13.78
      vertex 21.5 -6.5 14.78
    endloop
  endfacet
  facet normal 0 0 1
    outer loop
      vertex 21.39777747541666 7.276457138359547 14.78
      vertex -5.5025115379253835 -1.2010433922646728 14.78
      vertex -5.6635352413667235 -1.255703574175789 14.78
    endloop
  endfacet
  facet normal 0 0 1
    outer loop
      vertex 21.39777747541666 7.276457138359547 14.78
      vertex -5.35 -1.12583302491977 14.78
      vertex -5.5025115379253835 -1.2010433922646728 14.78
    endloop
  endfacet
  facet normal 0 0 1
    outer loop
      vertex 21.39777747541666 7.276457138359547 14.78
      vertex -5.208610142288663 -1.0313593423786058 14.78
      vertex -5.35 -1.12583302491977 14.78
    endloop
  endfacet
  facet normal 0 0 1
    outer loop
      vertex 21.39777747541666 7.276457138359547 14.78
      vertex -5.080761184457488 -0.9192388155425119 14.78
      vertex -5.208610142288663 -1.0313593423786058 14.78
    endloop
  endfacet
  facet normal 0 0 1
    outer loop
      vertex 21.39777747541666 7.276457138359547 14.78
      vertex -4.968640657621394 -0.7913898577113369 14.78
      vertex -5.080761184457488 -0.9192388155425119 14.78
    endloop
  endfacet
  facet normal 0 0 1
    outer loop
      vertex 21.39777747541666 7.276457138359547 14.78
      vertex -4.87416697508023 -0.65 14.78
      vertex -4.968640657621394 -0.7913898577113369 14.78
    endloop
  endfacet
  facet normal 0 0 1
    outer loop
      vertex 21.39777747541666 7.276457138359547 14.78
      vertex -4.798956607735327 -0.4974884620746167 14.78
      vertex -4.87416697508023 -0.65 14.78
    endloop
  endfacet
  facet normal 0 0 1
    outer loop
      vertex 21.39777747541666 7.276457138359547 14.78
      vertex -4.744296425824211 -0.33646475863327696 14.78
      vertex -4.798956607735327 -0.4974884620746167 14.78
    endloop
  endfacet
  facet normal 0 0 1
    outer loop
      vertex 21.39777747541666 7.276457138359547 14.78
      vertex -4.711121680214046 -0.16968404988606706 14.78
      vertex -4.744296425824211 -0.33646475863327696 14.78
    endloop
  endfacet
  facet normal 0 0 1
    outer loop
      vertex 21.39777747541666 7.276457138359547 14.78
      vertex -4.7 0 14.78
      vertex -4.711121680214046 -0.16968404988606706 14.78
    endloop
  endfacet
  facet normal 0 0 1
    outer loop
      vertex 21.39777747541666 7.276457138359547 14.78
      vertex -4.711121680214046 0.16968404988606706 14.78
      vertex -4.7 0 14.78
    endloop
  endfacet
  facet normal 0 0 1
    outer loop
      vertex 21.39777747541666 7.276457138359547 14.78
      vertex -4.798956607735327 0.4974884620746167 14.78
      vertex -4.744296425824211 0.33646475863327696 14.78
    endloop
  endfacet
  facet normal 0 0 1
    outer loop
      vertex 21.39777747541666 7.276457138359547 14.78
      vertex -4.744296425824211 0.33646475863327696 14.78
      vertex -4.711121680214046 0.16968404988606706 14.78
    endloop
  endfacet
  facet normal 0 0 1
    outer loop
      vertex 21.39777747541666 7.276457138359547 14.78
      vertex -4.87416697508023 0.65 14.78
      vertex -4.798956607735327 0.4974884620746167 14.78
    endloop
  endfacet
  facet normal 0 0 1
    outer loop
      vertex 21.39777747541666 7.276457138359547 14.78
      vertex -4.968640657621394 0.7913898577113369 14.78
      vertex -4.87416697508023 0.65 14.78
    endloop
  endfacet
  facet normal 0 0 1
    outer loop
      vertex -10 6.5 14.78
      vertex -5.080761184457488 0.9192388155425119 14.78
      vertex 21.39777747541666 7.276457138359547 14.78
    endloop
  endfacet
  facet normal 0 0 1
    outer loop
      vertex 21.39777747541666 7.276457138359547 14.78
      vertex -5.080761184457488 0.9192388155425119 14.78
      vertex -4.968640657621394 0.7913898577113369 14.78
    endloop
  endfacet
  facet normal 0 0 1
    outer loop
      vertex -9.89777747541666 -7.276457138359547 14.78
      vertex 12.35 1.12583302491977 14.78
      vertex 21.5 6.5 14.78
    endloop
  endfacet
  facet normal 0 0 1
    outer loop
      vertex -9.974334582686424 -6.8915785774588585 14.78
      vertex 21.5 6.5 14.78
      vertex 21.474334582686424 6.8915785774588585 14.78
    endloop
  endfacet
  facet normal 0 0 1
    outer loop
      vertex -10 -6.5 14.78
      vertex 21.474334582686424 6.8915785774588585 14.78
      vertex 21.39777747541666 7.276457138359547 14.78
    endloop
  endfacet
  facet normal 0 0 1
    outer loop
      vertex -10 6.5 14.78
      vertex 21.271638594567776 7.6480503007769585 14.78
      vertex -9.974334582686424 6.8915785774588585 14.78
    endloop
  endfacet
  facet normal 0 0 1
    outer loop
      vertex -9.974334582686424 6.8915785774588585 14.78
      vertex 21.098076209425926 8 14.78
      vertex -9.89777747541666 7.276457138359547 14.78
    endloop
  endfacet
  facet normal 0 0 1
    outer loop
      vertex -9.89777747541666 7.276457138359547 14.78
      vertex 20.880060024559498 8.326284289360046 14.78
      vertex -9.771638594567776 7.6480503007769585 14.78
    endloop
  endfacet
  facet normal 0 0 1
    outer loop
      vertex -9.771638594567776 7.6480503007769585 14.78
      vertex 20.621320344507694 8.621320344507694 14.78
      vertex -9.598076209425926 8 14.78
    endloop
  endfacet
  facet normal 0 0 1
    outer loop
      vertex -9.598076209425926 8 14.78
      vertex 20.326284289360046 8.880060024559498 14.78
      vertex -9.380060024559498 8.326284289360046 14.78
    endloop
  endfacet
  facet normal 0 0 1
    outer loop
      vertex -9.380060024559498 8.326284289360046 14.78
      vertex 20 9.098076209425926 14.78
      vertex -9.121320344507694 8.621320344507694 14.78
    endloop
  endfacet
  facet normal 0 0 1
    outer loop
      vertex -9.121320344507694 8.621320344507694 14.78
      vertex 19.64805030077696 9.271638594567776 14.78
      vertex -8.826284289360046 8.880060024559498 14.78
    endloop
  endfacet
  facet normal 0 0 1
    outer loop
      vertex -8.826284289360046 8.880060024559498 14.78
      vertex 19.276457138359547 9.39777747541666 14.78
      vertex -8.5 9.098076209425926 14.78
    endloop
  endfacet
  facet normal 0 0 1
    outer loop
      vertex -8.5 9.098076209425926 14.78
      vertex 18.89157857745886 9.474334582686424 14.78
      vertex -8.148050300776958 9.271638594567776 14.78
    endloop
  endfacet
  facet normal 0 0 1
    outer loop
      vertex -8.148050300776958 9.271638594567776 14.78
      vertex 18.5 9.5 14.78
      vertex -7.776457138359547 9.39777747541666 14.78
    endloop
  endfacet
  facet normal 0 1 0
    outer loop
      vertex -7 9.5 13.78
      vertex -7 9.5 14.78
      vertex 18.5 9.5 14.78
    endloop
  endfacet
  facet normal 0 0 1
    outer loop
      vertex -7.776457138359547 9.39777747541666 14.78
      vertex 18.5 9.5 14.78
      vertex -7 9.5 14.78
    endloop
  endfacet
  facet normal 0 0 1
    outer loop
      vertex -10 6.5 14.78
      vertex 21.39777747541666 7.276457138359547 14.78
      vertex 21.271638594567776 7.6480503007769585 14.78
    endloop
  endfacet
  facet normal 0 0 1
    outer loop
      vertex -9.974334582686424 6.8915785774588585 14.78
      vertex 21.271638594567776 7.6480503007769585 14.78
      vertex 21.098076209425926 8 14.78
    endloop
  endfacet
  facet normal 0 0 1
    outer loop
      vertex -9.89777747541666 7.276457138359547 14.78
      vertex 21.098076209425926 8 14.78
      vertex 20.880060024559498 8.326284289360046 14.78
    endloop
  endfacet
  facet normal 0 0 1
    outer loop
      vertex -9.771638594567776 7.6480503007769585 14.78
      vertex 20.880060024559498 8.326284289360046 14.78
      vertex 20.621320344507694 8.621320344507694 14.78
    endloop
  endfacet
  facet normal 0 0 1
    outer loop
      vertex -9.598076209425926 8 14.78
      vertex 20.621320344507694 8.621320344507694 14.78
      vertex 20.326284289360046 8.880060024559498 14.78
    endloop
  endfacet
  facet normal 0 0 1
    outer loop
      vertex -9.380060024559498 8.326284289360046 14.78
      vertex 20.326284289360046 8.880060024559498 14.78
      vertex 20 9.098076209425926 14.78
    endloop
  endfacet
  facet normal 0 1 0
    outer loop
      vertex -7 9.5 13.78
      vertex 18.5 9.5 14.78
      vertex 18.5 9.5 13.78
    endloop
  endfacet
  facet normal 0 0 1
    outer loop
      vertex -8.148050300776958 9.271638594567776 14.78
      vertex 18.89157857745886 9.474334582686424 14.78
      vertex 18.5 9.5 14.78
    endloop
  endfacet
  facet normal 0 0 1
    outer loop
      vertex -8.5 9.098076209425926 14.78
      vertex 19.276457138359547 9.39777747541666 14.78
      vertex 18.89157857745886 9.474334582686424 14.78
    endloop
  endfacet
  facet normal 0 0 1
    outer loop
      vertex -8.826284289360046 8.880060024559498 14.78
      vertex 19.64805030077696 9.271638594567776 14.78
      vertex 19.276457138359547 9.39777747541666 14.78
    endloop
  endfacet
  facet normal 0 0 1
    outer loop
      vertex -9.121320344507694 8.621320344507694 14.78
      vertex 20 9.098076209425926 14.78
      vertex 19.64805030077696 9.271638594567776 14.78
    endloop
  endfacet
  facet normal 0 0 1
    outer loop
      vertex 21.5 6.5 14.78
      vertex 14.288878319785953 0.16968404988606706 14.78
      vertex 14.3 0 14.78
    endloop
  endfacet
  facet normal 0 0 1
    outer loop
      vertex 21.5 6.5 14.78
      vertex 14.255703574175788 0.33646475863327696 14.78
      vertex 14.288878319785953 0.16968404988606706 14.78
    endloop
  endfacet
  facet normal 0 0 1
    outer loop
      vertex 21.5 6.5 14.78
      vertex 14.201043392264673 0.4974884620746167 14.78
      vertex 14.255703574175788 0.33646475863327696 14.78
    endloop
  endfacet
  facet normal 0 0 1
    outer loop
      vertex 21.5 6.5 14.78
      vertex 14.12583302491977 0.65 14.78
      vertex 14.201043392264673 0.4974884620746167 14.78
    endloop
  endfacet
  facet normal 0 0 1
    outer loop
      vertex 21.5 6.5 14.78
      vertex 14.031359342378606 0.7913898577113369 14.78
      vertex 14.12583302491977 0.65 14.78
    endloop
  endfacet
  facet normal 0 0 1
    outer loop
      vertex 21.5 6.5 14.78
      vertex 13.919238815542512 0.9192388155425119 14.78
      vertex 14.031359342378606 0.7913898577113369 14.78
    endloop
  endfacet
  facet normal 0 0 1
    outer loop
      vertex 21.5 6.5 14.78
      vertex 13.65 1.12583302491977 14.78
      vertex 13.791389857711337 1.0313593423786058 14.78
    endloop
  endfacet
  facet normal 0 0 1
    outer loop
      vertex 21.5 6.5 14.78
      vertex 13.791389857711337 1.0313593423786058 14.78
      vertex 13.919238815542512 0.9192388155425119 14.78
    endloop
  endfacet
  facet normal 0 0 1
    outer loop
      vertex 21.5 6.5 14.78
      vertex 12.35 1.12583302491977 14.78
      vertex 12.502511537925383 1.2010433922646728 14.78
    endloop
  endfacet
  facet normal 0 0 1
    outer loop
      vertex 21.5 6.5 14.78
      vertex 12.502511537925383 1.2010433922646728 14.78
      vertex 12.663535241366723 1.255703574175789 14.78
    endloop
  endfacet
  facet normal 0 0 1
    outer loop
      vertex 21.5 6.5 14.78
      vertex 12.663535241366723 1.255703574175789 14.78
      vertex 12.830315950113933 1.2888783197859535 14.78
    endloop
  endfacet
  facet normal 0 0 1
    outer loop
      vertex 21.5 6.5 14.78
      vertex 12.830315950113933 1.2888783197859535 14.78
      vertex 13 1.3 14.78
    endloop
  endfacet
  facet normal 0 0 1
    outer loop
      vertex 21.5 6.5 14.78
      vertex 13 1.3 14.78
      vertex 13.169684049886067 1.2888783197859535 14.78
    endloop
  endfacet
  facet normal 0 0 1
    outer loop
      vertex 21.5 6.5 14.78
      vertex 13.169684049886067 1.2888783197859535 14.78
      vertex 13.336464758633277 1.255703574175789 14.78
    endloop
  endfacet
  facet normal 0 0 1
    outer loop
      vertex 21.5 6.5 14.78
      vertex 13.336464758633277 1.255703574175789 14.78
      vertex 13.497488462074617 1.2010433922646728 14.78
    endloop
  endfacet
  facet normal 0 0 1
    outer loop
      vertex 21.5 6.5 14.78
      vertex 13.497488462074617 1.2010433922646728 14.78
      vertex 13.65 1.12583302491977 14.78
    endloop
  endfacet
  facet normal 0 0 1
    outer loop
      vertex 21.5 -6.5 14.78
      vertex 21.5 6.5 14.78
      vertex 14.3 0 14.78
    endloop
  endfacet
  facet normal 1 0 0
    outer loop
      vertex 21.5 -6.5 14.78
      vertex 21.5 6.5 13.78
      vertex 21.5 6.5 14.78
    endloop
  endfacet
  facet normal 0.6593458207943228 0.7518398024852506 0
    outer loop
      vertex 20.621320344507694 8.621320344507694 13.78
      vertex 20.326284289360046 8.880060024559498 13.78
      vertex 20.621320344507694 8.621320344507694 14.78
    endloop
  endfacet
  facet normal 0.9978589230086541 0.06540313273849395 0
    outer loop
      vertex 21.5 6.5 13.78
      vertex 21.474334582686424 6.8915785774588585 13.78
      vertex 21.5 6.5 14.78
    endloop
  endfacet
  facet normal 0.980785279639006 0.1950903258581441 0
    outer loop
      vertex 21.39777747541666 7.276457138359547 13.78
      vertex 21.474334582686424 6.8915785774588585 14.78
      vertex 21.474334582686424 6.8915785774588585 13.78
    endloop
  endfacet
  facet normal 0.980785279639006 0.1950903258581441 0
    outer loop
      vertex 21.39777747541666 7.276457138359547 13.78
      vertex 21.39777747541666 7.276457138359547 14.78
      vertex 21.474334582686424 6.8915785774588585 14.78
    endloop
  endfacet
  facet normal 0.9978589230086541 0.06540313273849395 0
    outer loop
      vertex 21.474334582686424 6.8915785774588585 13.78
      vertex 21.474334582686424 6.8915785774588585 14.78
      vertex 21.5 6.5 14.78
    endloop
  endfacet
  facet normal 0.9469301300366788 0.32143946370773846 0
    outer loop
      vertex 21.39777747541666 7.276457138359547 13.78
      vertex 21.271638594567776 7.6480503007769585 13.78
      vertex 21.39777747541666 7.276457138359547 14.78
    endloop
  endfacet
  facet normal 0.8968727407473451 0.4422886918115197 0
    outer loop
      vertex 21.271638594567776 7.6480503007769585 13.78
      vertex 21.098076209425926 8 13.78
      vertex 21.271638594567776 7.6480503007769585 14.78
    endloop
  endfacet
  facet normal 0.9469301300366788 0.32143946370773846 0
    outer loop
      vertex 21.39777747541666 7.276457138359547 14.78
      vertex 21.271638594567776 7.6480503007769585 13.78
      vertex 21.271638594567776 7.6480503007769585 14.78
    endloop
  endfacet
  facet normal 0.8968727407473451 0.4422886918115197 0
    outer loop
      vertex 21.098076209425926 8 13.78
      vertex 21.098076209425926 8 14.78
      vertex 21.271638594567776 7.6480503007769585 14.78
    endloop
  endfacet
  facet normal 0.8314696207458843 0.5555702203832521 0
    outer loop
      vertex 21.098076209425926 8 13.78
      vertex 20.880060024559498 8.326284289360046 13.78
      vertex 21.098076209425926 8 14.78
    endloop
  endfacet
  facet normal 0.7518398024852506 0.6593458207943228 0
    outer loop
      vertex 20.621320344507694 8.621320344507694 13.78
      vertex 20.880060024559498 8.326284289360046 14.78
      vertex 20.880060024559498 8.326284289360046 13.78
    endloop
  endfacet
  facet normal 0.8314696207458843 0.5555702203832521 0
    outer loop
      vertex 20.880060024559498 8.326284289360046 13.78
      vertex 20.880060024559498 8.326284289360046 14.78
      vertex 21.098076209425926 8 14.78
    endloop
  endfacet
  facet normal 0.7518398024852506 0.6593458207943228 0
    outer loop
      vertex 20.621320344507694 8.621320344507694 13.78
      vertex 20.621320344507694 8.621320344507694 14.78
      vertex 20.880060024559498 8.326284289360046 14.78
    endloop
  endfacet
  facet normal 0.06540313273849395 0.9978589230086541 0
    outer loop
      vertex 18.5 9.5 13.78
      vertex 18.89157857745886 9.474334582686424 14.78
      vertex 18.89157857745886 9.474334582686424 13.78
    endloop
  endfacet
  facet normal 0.1950903258581441 0.980785279639006 0
    outer loop
      vertex 18.89157857745886 9.474334582686424 13.78
      vertex 19.276457138359547 9.39777747541666 14.78
      vertex 19.276457138359547 9.39777747541666 13.78
    endloop
  endfacet
  facet normal 0.06540313273849395 0.9978589230086541 0
    outer loop
      vertex 18.5 9.5 13.78
      vertex 18.5 9.5 14.78
      vertex 18.89157857745886 9.474334582686424 14.78
    endloop
  endfacet
  facet normal 0.1950903258581441 0.980785279639006 0
    outer loop
      vertex 18.89157857745886 9.474334582686424 13.78
      vertex 18.89157857745886 9.474334582686424 14.78
      vertex 19.276457138359547 9.39777747541666 14.78
    endloop
  endfacet
  facet normal 0.32143946370773846 0.9469301300366788 0
    outer loop
      vertex 19.276457138359547 9.39777747541666 13.78
      vertex 19.64805030077696 9.271638594567776 14.78
      vertex 19.64805030077696 9.271638594567776 13.78
    endloop
  endfacet
  facet normal 0.4422886918115197 0.8968727407473451 0
    outer loop
      vertex 19.64805030077696 9.271638594567776 13.78
      vertex 20 9.098076209425926 14.78
      vertex 20 9.098076209425926 13.78
    endloop
  endfacet
  facet normal 0.5555702203832521 0.8314696207458843 0
    outer loop
      vertex 20 9.098076209425926 13.78
      vertex 20.326284289360046 8.880060024559498 14.78
      vertex 20.326284289360046 8.880060024559498 13.78
    endloop
  endfacet
  facet normal 0.32143946370773846 0.9469301300366788 0
    outer loop
      vertex 19.276457138359547 9.39777747541666 13.78
      vertex 19.276457138359547 9.39777747541666 14.78
      vertex 19.64805030077696 9.271638594567776 14.78
    endloop
  endfacet
  facet normal 0.4422886918115197 0.8968727407473451 0
    outer loop
      vertex 19.64805030077696 9.271638594567776 13.78
      vertex 19.64805030077696 9.271638594567776 14.78
      vertex 20 9.098076209425926 14.78
    endloop
  endfacet
  facet normal 0.5555702203832521 0.8314696207458843 0
    outer loop
      vertex 20 9.098076209425926 13.78
      vertex 20 9.098076209425926 14.78
      vertex 20.326284289360046 8.880060024559498 14.78
    endloop
  endfacet
  facet normal 0.6593458207943228 0.7518398024852506 0
    outer loop
      vertex 20.621320344507694 8.621320344507694 14.78
      vertex 20.326284289360046 8.880060024559498 13.78
      vertex 20.326284289360046 8.880060024559498 14.78
    endloop
  endfacet
  facet normal 0 -1 0
    outer loop
      vertex -14.5 -5.800000000000001 13.78
      vertex -12.5 -5.800000000000001 13.78
      vertex -14.5 -5.800000000000001 14.679999999999998
    endloop
  endfacet
  facet normal 0 -1 0
    outer loop
      vertex -12.5 -5.800000000000001 13.78
      vertex -12.5 -5.800000000000001 14.679999999999998
      vertex -14.5 -5.800000000000001 14.679999999999998
    endloop
  endfacet
  facet normal -1 0 0
    outer loop
      vertex -14.5 -5.800000000000001 13.78
      vertex -14.5 -5.800000000000001 14.679999999999998
      vertex -14.5 5.800000000000001 14.679999999999998
    endloop
  endfacet
  facet normal 1 0 0
    outer loop
      vertex -12.5 -5.800000000000001 13.78
      vertex -12.5 5.800000000000001 13.78
      vertex -12.5 -5.800000000000001 14.679999999999998
    endloop
  endfacet
  facet normal 0 0 1
    outer loop
      vertex -14.5 -5.800000000000001 14.679999999999998
      vertex -12.5 -5.800000000000001 14.679999999999998
      vertex -14.5 5.800000000000001 14.679999999999998
    endloop
  endfacet
  facet normal -1 0 0
    outer loop
      vertex -14.5 -5.800000000000001 13.78
      vertex -14.5 5.800000000000001 14.679999999999998
      vertex -14.5 5.800000000000001 13.78
    endloop
  endfacet
  facet normal 0 0 1
    outer loop
      vertex -12.5 -5.800000000000001 14.679999999999998
      vertex -12.5 5.800000000000001 14.679999999999998
      vertex -14.5 5.800000000000001 14.679999999999998
    endloop
  endfacet
  facet normal 1 0 0
    outer loop
      vertex -12.5 -5.800000000000001 14.679999999999998
      vertex -12.5 5.800000000000001 13.78
      vertex -12.5 5.800000000000001 14.679999999999998
    endloop
  endfacet
  facet normal 0 1 0
    outer loop
      vertex -14.5 5.800000000000001 13.78
      vertex -12.5 5.800000000000001 14.679999999999998
      vertex -12.5 5.800000000000001 13.78
    endloop
  endfacet
  facet normal 0 1 0
    outer loop
      vertex -14.5 5.800000000000001 13.78
      vertex -14.5 5.800000000000001 14.679999999999998
      vertex -12.5 5.800000000000001 14.679999999999998
    endloop
  endfacet
  facet normal -0.9709570596519936 -0.2265566472521316 -0.07690561681586217
    outer loop
      vertex -23.700000002980232 -6.847759055239811 7.164633132815361
      vertex -23.700000002980232 -6.931851642472401 7.412361912727356
      vertex -24.4 -3.9318516552448273 7.412361912727356
    endloop
  endfacet
  facet normal -0.9427104261954777 -0.2199657661122779 -0.2508228739189859
    outer loop
      vertex -23.700000002980232 -6.217522846800938 6.3432933169603345
      vertex -23.700000002980232 -6.414213547749176 6.515786439478397
      vertex -24.4 -3.4142135605216026 6.515786439478397
    endloop
  endfacet
  facet normal -0.9219857548346142 -0.21513000946140975 -0.3219648224747236
    outer loop
      vertex -23.700000002980232 -6.217522846800938 6.3432933169603345
      vertex -24.4 -3.2175228595733643 6.3432933169603345
      vertex -23.700000002980232 -5.999999987227573 6.197949193716049
    endloop
  endfacet
  facet normal -0.6414367687690351 -0.14966857937944136 -0.7524348397154927
    outer loop
      vertex -23.700000002980232 -5.517638074500217 5.9981483447551724
      vertex -24.4 -2.517638087272644 5.9981483447551724
      vertex -23.700000002980232 -5.261052372200146 5.947110280692577
    endloop
  endfacet
  facet normal -0.884464661205528 -0.20637508761462295 -0.4184872594125745
    outer loop
      vertex -23.700000002980232 -5.999999987227573 6.197949193716049
      vertex -24.4 -3 6.197949193716049
      vertex -23.700000002980232 -5.765366854412212 6.082240931987762
    endloop
  endfacet
  facet normal -0.8092636699113018 -0.1888281896459702 -0.5562699231099208
    outer loop
      vertex -23.700000002980232 -5.517638074500217 5.9981483447551724
      vertex -23.700000002980232 -5.765366854412212 6.082240931987762
      vertex -24.4 -2.765366867184639 6.082240931987762
    endloop
  endfacet
  facet normal -0.9550627911171021 -0.22284798459399027 -0.19543244558160575
    outer loop
      vertex -23.700000002980232 -6.5867066702672386 6.7124771404266355
      vertex -24.4 -3.5867066830396652 6.7124771404266355
      vertex -23.700000002980232 -6.414213547749176 6.515786439478397
    endloop
  endfacet
  facet normal -0.9628069621009635 -0.22465495782355788 -0.1501096387818233
    outer loop
      vertex -23.700000002980232 -6.5867066702672386 6.7124771404266355
      vertex -23.700000002980232 -6.732050793511524 6.93
      vertex -24.4 -3.732050806283951 6.93
    endloop
  endfacet
  facet normal -0.9677840167357705 -0.22581627057167952 -0.11136026623475617
    outer loop
      vertex -23.700000002980232 -6.732050793511524 6.93
      vertex -23.700000002980232 -6.847759055239811 7.164633132815361
      vertex -24.4 -3.8477590680122375 7.164633132815361
    endloop
  endfacet
  facet normal -0.9550627911171021 -0.22284798459399027 -0.19543244558160525
    outer loop
      vertex -23.700000002980232 -6.414213547749176 6.515786439478397
      vertex -24.4 -3.5867066830396652 6.7124771404266355
      vertex -24.4 -3.4142135605216026 6.515786439478397
    endloop
  endfacet
  facet normal -0.9628069621009635 -0.22465495782355788 -0.15010963878182282
    outer loop
      vertex -23.700000002980232 -6.5867066702672386 6.7124771404266355
      vertex -24.4 -3.732050806283951 6.93
      vertex -24.4 -3.5867066830396652 6.7124771404266355
    endloop
  endfacet
  facet normal -0.9677840167357706 -0.22581627057167955 -0.11136026623475581
    outer loop
      vertex -23.700000002980232 -6.732050793511524 6.93
      vertex -24.4 -3.8477590680122375 7.164633132815361
      vertex -24.4 -3.732050806283951 6.93
    endloop
  endfacet
  facet normal -0.9709570596519936 -0.2265566472521316 -0.07690561681586208
    outer loop
      vertex -23.700000002980232 -6.847759055239811 7.164633132815361
      vertex -24.4 -3.9318516552448273 7.412361912727356
      vertex -24.4 -3.8477590680122375 7.164633132815361
    endloop
  endfacet
  facet normal -0.2698970497656627 -0.06297597827865456 -0.9608275644920049
    outer loop
      vertex -23.700000002980232 -5.261052372200146 5.947110280692577
      vertex -24.4 -2.2610523849725723 5.947110280692577
      vertex -23.700000002980232 -4.999999987227573 5.93
    endloop
  endfacet
  facet normal -0.9427104261954778 -0.21996576611227792 -0.25082287391898533
    outer loop
      vertex -23.700000002980232 -6.217522846800938 6.3432933169603345
      vertex -24.4 -3.4142135605216026 6.515786439478397
      vertex -24.4 -3.2175228595733643 6.3432933169603345
    endloop
  endfacet
  facet normal -0.9219857548346143 -0.21513000946140978 -0.32196482247472324
    outer loop
      vertex -23.700000002980232 -5.999999987227573 6.197949193716049
      vertex -24.4 -3.2175228595733643 6.3432933169603345
      vertex -24.4 -3 6.197949193716049
    endloop
  endfacet
  facet normal -0.8844646612055282 -0.20637508761462303 -0.41848725941257386
    outer loop
      vertex -23.700000002980232 -5.765366854412212 6.082240931987762
      vertex -24.4 -3 6.197949193716049
      vertex -24.4 -2.765366867184639 6.082240931987762
    endloop
  endfacet
  facet normal -0.6414367687690358 -0.1496685793794415 -0.7524348397154922
    outer loop
      vertex -23.700000002980232 -5.261052372200146 5.947110280692577
      vertex -24.4 -2.517638087272644 5.9981483447551724
      vertex -24.4 -2.2610523849725723 5.947110280692577
    endloop
  endfacet
  facet normal -0.2698970497656629 -0.06297597827865462 -0.9608275644920049
    outer loop
      vertex -23.700000002980232 -4.999999987227573 5.93
      vertex -24.4 -2.2610523849725723 5.947110280692577
      vertex -24.4 -2 5.93
    endloop
  endfacet
  facet normal -0.8092636699113019 -0.18882818964597023 -0.5562699231099205
    outer loop
      vertex -23.700000002980232 -5.517638074500217 5.9981483447551724
      vertex -24.4 -2.765366867184639 6.082240931987762
      vertex -24.4 -2.517638087272644 5.9981483447551724
    endloop
  endfacet
  facet normal -1 0 0
    outer loop
      vertex -24.4 -3 6.197949193716049
      vertex -24.4 -3.2175228595733643 6.3432933169603345
      vertex -24.4 -2.765366867184639 6.082240931987762
    endloop
  endfacet
  facet normal -1 0 0
    outer loop
      vertex -24.4 -3.732050806283951 6.93
      vertex -24.4 -3.8477590680122375 7.164633132815361
      vertex -24.4 -3.5867066830396652 6.7124771404266355
    endloop
  endfacet
  facet normal -1 0 0
    outer loop
      vertex -24.4 -3.8477590680122375 7.164633132815361
      vertex -24.4 -3.9318516552448273 7.412361912727356
      vertex -24.4 -3.5867066830396652 6.7124771404266355
    endloop
  endfacet
  facet normal -1 0 0
    outer loop
      vertex -24.4 -3.2175228595733643 6.3432933169603345
      vertex -24.4 -3.4142135605216026 6.515786439478397
      vertex -24.4 -3.5867066830396652 6.7124771404266355
    endloop
  endfacet
  facet normal -1 0 0
    outer loop
      vertex -24.4 -3.2175228595733643 6.3432933169603345
      vertex -24.4 -3.5867066830396652 6.7124771404266355
      vertex -24.4 -3.9318516552448273 7.412361912727356
    endloop
  endfacet
  facet normal -1 0 0
    outer loop
      vertex -24.4 -3.2175228595733643 6.3432933169603345
      vertex -24.4 -3.9318516552448273 7.412361912727356
      vertex -24.4 -2 5.93
    endloop
  endfacet
  facet normal -1 0 0
    outer loop
      vertex -24.4 -2.517638087272644 5.9981483447551724
      vertex -24.4 -2.765366867184639 6.082240931987762
      vertex -24.4 -2 5.93
    endloop
  endfacet
  facet normal -1 0 0
    outer loop
      vertex -24.4 -2.517638087272644 5.9981483447551724
      vertex -24.4 -2 5.93
      vertex -24.4 -2.2610523849725723 5.947110280692577
    endloop
  endfacet
  facet normal -1 0 0
    outer loop
      vertex -24.4 -3.2175228595733643 6.3432933169603345
      vertex -24.4 -2 5.93
      vertex -24.4 -2.765366867184639 6.082240931987762
    endloop
  endfacet
  facet normal 0 0 -1
    outer loop
      vertex -23.700000002980232 -4.999999987227573 5.93
      vertex -24.4 -2 5.93
      vertex -23.700000002980232 4.999999987227573 5.93
    endloop
  endfacet
  facet normal -0.97284798690114 -0.22699786361026578 -0.04515267764789165
    outer loop
      vertex -23.700000002980232 -6.982889706534996 7.668947615027427
      vertex -24.4 -3.9828897193074226 7.668947615027427
      vertex -23.700000002980232 -6.931851642472401 7.412361912727356
    endloop
  endfacet
  facet normal -0.9737332219361714 -0.22720441845177305 -0.014891767316020064
    outer loop
      vertex -23.700000002980232 -6.982889706534996 7.668947615027427
      vertex -23.700000002980232 -6.999999987227573 7.93
      vertex -24.4 -4 7.93
    endloop
  endfacet
  facet normal -0.9738412097417933 -0.22722961560641822 0
    outer loop
      vertex -23.700000002980232 -6.999999987227573 7.93
      vertex -23.700000002980232 -6.999999987227573 11.43
      vertex -24.4 -4 11.43
    endloop
  endfacet
  facet normal -0.9737332219361714 -0.22720441845177305 0.014891767316020064
    outer loop
      vertex -23.700000002980232 -6.999999987227573 11.43
      vertex -23.700000002980232 -6.982889706534996 11.691052384972572
      vertex -24.4 -4 11.43
    endloop
  endfacet
  facet normal -0.97284798690114 -0.22699786361026578 0.04515267764789165
    outer loop
      vertex -23.700000002980232 -6.982889706534996 11.691052384972572
      vertex -23.700000002980232 -6.931851642472401 11.947638087272644
      vertex -24.4 -3.9318516552448273 11.947638087272644
    endloop
  endfacet
  facet normal -0.9709570596519936 -0.2265566472521316 0.07690561681586217
    outer loop
      vertex -23.700000002980232 -6.931851642472401 11.947638087272644
      vertex -23.700000002980232 -6.847759055239811 12.195366867184639
      vertex -24.4 -3.8477590680122375 12.195366867184639
    endloop
  endfacet
  facet normal -0.97284798690114 -0.22699786361026578 -0.04515267764789121
    outer loop
      vertex -23.700000002980232 -6.931851642472401 7.412361912727356
      vertex -24.4 -3.9828897193074226 7.668947615027427
      vertex -24.4 -3.9318516552448273 7.412361912727356
    endloop
  endfacet
  facet normal -0.9737332219361714 -0.22720441845177305 -0.014891767316019848
    outer loop
      vertex -23.700000002980232 -6.982889706534996 7.668947615027427
      vertex -24.4 -4 7.93
      vertex -24.4 -3.9828897193074226 7.668947615027427
    endloop
  endfacet
  facet normal -0.9738412097417933 -0.22722961560641822 0
    outer loop
      vertex -23.700000002980232 -6.999999987227573 7.93
      vertex -24.4 -4 11.43
      vertex -24.4 -4 7.93
    endloop
  endfacet
  facet normal -1 0 0
    outer loop
      vertex -24.4 -3.9318516552448273 7.412361912727356
      vertex -24.4 -3.9828897193074226 7.668947615027427
      vertex -24.4 -4 7.93
    endloop
  endfacet
  facet normal -1 0 0
    outer loop
      vertex -24.4 -3.9318516552448273 7.412361912727356
      vertex -24.4 -4 7.93
      vertex -24.4 -4 11.43
    endloop
  endfacet
  facet normal -1 0 0
    outer loop
      vertex -24.4 -2 5.93
      vertex -24.4 -3.9318516552448273 7.412361912727356
      vertex -24.4 -3.732050806283951 12.43
    endloop
  endfacet
  facet normal -1 0 0
    outer loop
      vertex -24.4 -3.9318516552448273 7.412361912727356
      vertex -24.4 -4 11.43
      vertex -24.4 -3.732050806283951 12.43
    endloop
  endfacet
  facet normal -1 0 0
    outer loop
      vertex -24.4 -2 5.93
      vertex -24.4 -3.732050806283951 12.43
      vertex -24.4 2 13.43
    endloop
  endfacet
  facet normal -0.9737332219361714 -0.22720441845177305 0.014891767316019848
    outer loop
      vertex -23.700000002980232 -6.982889706534996 11.691052384972572
      vertex -24.4 -3.9828897193074226 11.691052384972572
      vertex -24.4 -4 11.43
    endloop
  endfacet
  facet normal -0.97284798690114 -0.22699786361026578 0.04515267764789177
    outer loop
      vertex -23.700000002980232 -6.982889706534996 11.691052384972572
      vertex -24.4 -3.9318516552448273 11.947638087272644
      vertex -24.4 -3.9828897193074226 11.691052384972572
    endloop
  endfacet
  facet normal -0.9677840167357705 -0.22581627057167952 0.11136026623475617
    outer loop
      vertex -23.700000002980232 -6.847759055239811 12.195366867184639
      vertex -23.700000002980232 -6.732050793511524 12.43
      vertex -24.4 -3.732050806283951 12.43
    endloop
  endfacet
  facet normal -0.9628069621009635 -0.22465495782355788 0.1501096387818233
    outer loop
      vertex -23.700000002980232 -6.732050793511524 12.43
      vertex -23.700000002980232 -6.5867066702672386 12.647522859573364
      vertex -24.4 -3.5867066830396652 12.647522859573364
    endloop
  endfacet
  facet normal -0.9550627911171021 -0.22284798459399027 0.19543244558160575
    outer loop
      vertex -23.700000002980232 -6.5867066702672386 12.647522859573364
      vertex -23.700000002980232 -6.414213547749176 12.844213560521602
      vertex -24.4 -3.4142135605216026 12.844213560521602
    endloop
  endfacet
  facet normal -0.9427104261954777 -0.2199657661122779 0.2508228739189859
    outer loop
      vertex -23.700000002980232 -6.414213547749176 12.844213560521602
      vertex -23.700000002980232 -6.217522846800938 13.016706683039665
      vertex -24.4 -3.4142135605216026 12.844213560521602
    endloop
  endfacet
  facet normal -0.9709570596519935 -0.22655664725213157 0.07690561681586265
    outer loop
      vertex -23.700000002980232 -6.931851642472401 11.947638087272644
      vertex -24.4 -3.8477590680122375 12.195366867184639
      vertex -24.4 -3.9318516552448273 11.947638087272644
    endloop
  endfacet
  facet normal -0.9677840167357705 -0.22581627057167952 0.11136026623475641
    outer loop
      vertex -23.700000002980232 -6.847759055239811 12.195366867184639
      vertex -24.4 -3.732050806283951 12.43
      vertex -24.4 -3.8477590680122375 12.195366867184639
    endloop
  endfacet
  facet normal -0.9628069621009633 -0.22465495782355785 0.15010963878182376
    outer loop
      vertex -23.700000002980232 -6.732050793511524 12.43
      vertex -24.4 -3.5867066830396652 12.647522859573364
      vertex -24.4 -3.732050806283951 12.43
    endloop
  endfacet
  facet normal -0.955062791117102 -0.22284798459399024 0.1954324455816059
    outer loop
      vertex -23.700000002980232 -6.5867066702672386 12.647522859573364
      vertex -24.4 -3.4142135605216026 12.844213560521602
      vertex -24.4 -3.5867066830396652 12.647522859573364
    endloop
  endfacet
  facet normal -1 0 0
    outer loop
      vertex -24.4 -4 11.43
      vertex -24.4 -3.9828897193074226 11.691052384972572
      vertex -24.4 -3.9318516552448273 11.947638087272644
    endloop
  endfacet
  facet normal -1 0 0
    outer loop
      vertex -24.4 -4 11.43
      vertex -24.4 -3.9318516552448273 11.947638087272644
      vertex -24.4 -3.732050806283951 12.43
    endloop
  endfacet
  facet normal -1 0 0
    outer loop
      vertex -24.4 -3.9318516552448273 11.947638087272644
      vertex -24.4 -3.8477590680122375 12.195366867184639
      vertex -24.4 -3.732050806283951 12.43
    endloop
  endfacet
  facet normal -1 0 0
    outer loop
      vertex -24.4 -3.732050806283951 12.43
      vertex -24.4 -3.5867066830396652 12.647522859573364
      vertex -24.4 -3.2175228595733643 13.016706683039665
    endloop
  endfacet
  facet normal -1 0 0
    outer loop
      vertex -24.4 -3.5867066830396652 12.647522859573364
      vertex -24.4 -3.4142135605216026 12.844213560521602
      vertex -24.4 -3.2175228595733643 13.016706683039665
    endloop
  endfacet
  facet normal -0.9219857548346142 -0.21513000946140975 0.3219648224747236
    outer loop
      vertex -23.700000002980232 -6.217522846800938 13.016706683039665
      vertex -23.700000002980232 -5.999999987227573 13.16205080628395
      vertex -24.4 -3.2175228595733643 13.016706683039665
    endloop
  endfacet
  facet normal -0.884464661205528 -0.20637508761462295 0.4184872594125745
    outer loop
      vertex -23.700000002980232 -5.999999987227573 13.16205080628395
      vertex -23.700000002980232 -5.765366854412212 13.277759068012237
      vertex -24.4 -2.765366867184639 13.277759068012237
    endloop
  endfacet
  facet normal -0.8092636699113018 -0.1888281896459702 0.5562699231099208
    outer loop
      vertex -23.700000002980232 -5.765366854412212 13.277759068012237
      vertex -23.700000002980232 -5.517638074500217 13.361851655244827
      vertex -24.4 -2.517638087272644 13.361851655244827
    endloop
  endfacet
  facet normal -0.9427104261954778 -0.21996576611227792 0.25082287391898533
    outer loop
      vertex -23.700000002980232 -6.217522846800938 13.016706683039665
      vertex -24.4 -3.2175228595733643 13.016706683039665
      vertex -24.4 -3.4142135605216026 12.844213560521602
    endloop
  endfacet
  facet normal -0.9219857548346143 -0.21513000946140978 0.32196482247472324
    outer loop
      vertex -23.700000002980232 -5.999999987227573 13.16205080628395
      vertex -24.4 -3 13.16205080628395
      vertex -24.4 -3.2175228595733643 13.016706683039665
    endloop
  endfacet
  facet normal -0.8844646612055276 -0.20637508761462284 0.4184872594125752
    outer loop
      vertex -23.700000002980232 -5.999999987227573 13.16205080628395
      vertex -24.4 -2.765366867184639 13.277759068012237
      vertex -24.4 -3 13.16205080628395
    endloop
  endfacet
  facet normal -0.8092636699113014 -0.1888281896459701 0.5562699231099215
    outer loop
      vertex -23.700000002980232 -5.765366854412212 13.277759068012237
      vertex -24.4 -2.517638087272644 13.361851655244827
      vertex -24.4 -2.765366867184639 13.277759068012237
    endloop
  endfacet
  facet normal -0.6414367687690351 -0.14966857937944136 0.7524348397154927
    outer loop
      vertex -23.700000002980232 -5.517638074500217 13.361851655244827
      vertex -23.700000002980232 -5.261052372200146 13.412889719307422
      vertex -24.4 -2.2610523849725723 13.412889719307422
    endloop
  endfacet
  facet normal -0.2698970497656627 -0.06297597827865456 0.9608275644920049
    outer loop
      vertex -23.700000002980232 -5.261052372200146 13.412889719307422
      vertex -23.700000002980232 -4.999999987227573 13.43
      vertex -24.4 -2.2610523849725723 13.412889719307422
    endloop
  endfacet
  facet normal -0.6414367687690348 -0.14966857937944128 0.752434839715493
    outer loop
      vertex -23.700000002980232 -5.517638074500217 13.361851655244827
      vertex -24.4 -2.2610523849725723 13.412889719307422
      vertex -24.4 -2.517638087272644 13.361851655244827
    endloop
  endfacet
  facet normal -1 0 0
    outer loop
      vertex -24.4 -3.732050806283951 12.43
      vertex -24.4 -3.2175228595733643 13.016706683039665
      vertex -24.4 -2.2610523849725723 13.412889719307422
    endloop
  endfacet
  facet normal -1 0 0
    outer loop
      vertex -24.4 -3.2175228595733643 13.016706683039665
      vertex -24.4 -3 13.16205080628395
      vertex -24.4 -2.765366867184639 13.277759068012237
    endloop
  endfacet
  facet normal -0.2698970497656629 -0.06297597827865462 0.9608275644920049
    outer loop
      vertex -23.700000002980232 -4.999999987227573 13.43
      vertex -24.4 -2 13.43
      vertex -24.4 -2.2610523849725723 13.412889719307422
    endloop
  endfacet
  facet normal -1 0 0
    outer loop
      vertex -24.4 -3.2175228595733643 13.016706683039665
      vertex -24.4 -2.765366867184639 13.277759068012237
      vertex -24.4 -2.2610523849725723 13.412889719307422
    endloop
  endfacet
  facet normal -1 0 0
    outer loop
      vertex -24.4 -2.765366867184639 13.277759068012237
      vertex -24.4 -2.517638087272644 13.361851655244827
      vertex -24.4 -2.2610523849725723 13.412889719307422
    endloop
  endfacet
  facet normal 0 0 1
    outer loop
      vertex -23.700000002980232 -4.999999987227573 13.43
      vertex -24.4 2 13.43
      vertex -24.4 -2 13.43
    endloop
  endfacet
  facet normal -1 0 0
    outer loop
      vertex -24.4 -3.732050806283951 12.43
      vertex -24.4 -2.2610523849725723 13.412889719307422
      vertex -24.4 2 13.43
    endloop
  endfacet
  facet normal -1 0 0
    outer loop
      vertex -24.4 -2.2610523849725723 13.412889719307422
      vertex -24.4 -2 13.43
      vertex -24.4 2 13.43
    endloop
  endfacet
  facet normal -1 0 0
    outer loop
      vertex -24.4 -2 5.93
      vertex -24.4 2.2610523849725723 5.947110280692577
      vertex -24.4 2 5.93
    endloop
  endfacet
  facet normal -1 0 0
    outer loop
      vertex -24.4 -2 5.93
      vertex -24.4 3.732050806283951 6.93
      vertex -24.4 2.2610523849725723 5.947110280692577
    endloop
  endfacet
  facet normal 0 0 -1
    outer loop
      vertex -24.4 -2 5.93
      vertex -24.4 2 5.93
      vertex -23.700000002980232 4.999999987227573 5.93
    endloop
  endfacet
  facet normal -1 0 0
    outer loop
      vertex -24.4 2.2610523849725723 5.947110280692577
      vertex -24.4 3.2175228595733643 6.3432933169603345
      vertex -24.4 2.517638087272644 5.9981483447551724
    endloop
  endfacet
  facet normal -1 0 0
    outer loop
      vertex -24.4 2.517638087272644 5.9981483447551724
      vertex -24.4 3.2175228595733643 6.3432933169603345
      vertex -24.4 2.765366867184639 6.082240931987762
    endloop
  endfacet
  facet normal -0.2698970497656627 0.06297597827865456 -0.9608275644920049
    outer loop
      vertex -24.4 2 5.93
      vertex -24.4 2.2610523849725723 5.947110280692577
      vertex -23.700000002980232 5.261052372200146 5.947110280692577
    endloop
  endfacet
  facet normal -0.6414367687690351 0.14966857937944136 -0.7524348397154927
    outer loop
      vertex -24.4 2.2610523849725723 5.947110280692577
      vertex -24.4 2.517638087272644 5.9981483447551724
      vertex -23.700000002980232 5.261052372200146 5.947110280692577
    endloop
  endfacet
  facet normal -1 0 0
    outer loop
      vertex -24.4 2.765366867184639 6.082240931987762
      vertex -24.4 3.2175228595733643 6.3432933169603345
      vertex -24.4 3 6.197949193716049
    endloop
  endfacet
  facet normal -1 0 0
    outer loop
      vertex -24.4 2.2610523849725723 5.947110280692577
      vertex -24.4 3.732050806283951 6.93
      vertex -24.4 3.2175228595733643 6.3432933169603345
    endloop
  endfacet
  facet normal -0.8092636699113018 0.1888281896459702 -0.5562699231099208
    outer loop
      vertex -24.4 2.517638087272644 5.9981483447551724
      vertex -24.4 2.765366867184639 6.082240931987762
      vertex -23.700000002980232 5.517638074500217 5.9981483447551724
    endloop
  endfacet
  facet normal -0.2698970497656626 0.06297597827865453 -0.9608275644920049
    outer loop
      vertex -24.4 2 5.93
      vertex -23.700000002980232 5.261052372200146 5.947110280692577
      vertex -23.700000002980232 4.999999987227573 5.93
    endloop
  endfacet
  facet normal -0.884464661205528 0.20637508761462295 -0.4184872594125745
    outer loop
      vertex -24.4 2.765366867184639 6.082240931987762
      vertex -24.4 3 6.197949193716049
      vertex -23.700000002980232 5.765366854412212 6.082240931987762
    endloop
  endfacet
  facet normal -0.9219857548346142 0.21513000946140975 -0.3219648224747236
    outer loop
      vertex -24.4 3 6.197949193716049
      vertex -24.4 3.2175228595733643 6.3432933169603345
      vertex -23.700000002980232 6.217522846800938 6.3432933169603345
    endloop
  endfacet
  facet normal -0.9427104261954777 0.21996576611227783 -0.25082287391898583
    outer loop
      vertex -24.4 3.2175228595733643 6.3432933169603345
      vertex -24.4 3.4142135605216026 6.515786439478397
      vertex -23.700000002980232 6.414213547749176 6.515786439478397
    endloop
  endfacet
  facet normal -1 0 0
    outer loop
      vertex -24.4 3.2175228595733643 6.3432933169603345
      vertex -24.4 3.732050806283951 6.93
      vertex -24.4 3.4142135605216026 6.515786439478397
    endloop
  endfacet
  facet normal -1 0 0
    outer loop
      vertex -24.4 3.4142135605216026 6.515786439478397
      vertex -24.4 3.732050806283951 6.93
      vertex -24.4 3.5867066830396652 6.7124771404266355
    endloop
  endfacet
  facet normal -1 0 0
    outer loop
      vertex -24.4 3.732050806283951 6.93
      vertex -24.4 3.9318516552448273 7.412361912727356
      vertex -24.4 3.8477590680122375 7.164633132815361
    endloop
  endfacet
  facet normal -0.6414367687690358 0.1496685793794415 -0.7524348397154922
    outer loop
      vertex -24.4 2.517638087272644 5.9981483447551724
      vertex -23.700000002980232 5.517638074500217 5.9981483447551724
      vertex -23.700000002980232 5.261052372200146 5.947110280692577
    endloop
  endfacet
  facet normal -0.8092636699113019 0.18882818964597023 -0.5562699231099205
    outer loop
      vertex -24.4 2.765366867184639 6.082240931987762
      vertex -23.700000002980232 5.765366854412212 6.082240931987762
      vertex -23.700000002980232 5.517638074500217 5.9981483447551724
    endloop
  endfacet
  facet normal -0.8844646612055282 0.20637508761462303 -0.41848725941257386
    outer loop
      vertex -24.4 3 6.197949193716049
      vertex -23.700000002980232 5.999999987227573 6.197949193716049
      vertex -23.700000002980232 5.765366854412212 6.082240931987762
    endloop
  endfacet
  facet normal -0.9219857548346142 0.21513000946140975 -0.3219648224747237
    outer loop
      vertex -24.4 3 6.197949193716049
      vertex -23.700000002980232 6.217522846800938 6.3432933169603345
      vertex -23.700000002980232 5.999999987227573 6.197949193716049
    endloop
  endfacet
  facet normal -0.9427104261954775 0.21996576611227783 -0.25082287391898644
    outer loop
      vertex -24.4 3.2175228595733643 6.3432933169603345
      vertex -23.700000002980232 6.414213547749176 6.515786439478397
      vertex -23.700000002980232 6.217522846800938 6.3432933169603345
    endloop
  endfacet
  facet normal -0.9550627911171021 0.22284798459399027 -0.19543244558160575
    outer loop
      vertex -24.4 3.4142135605216026 6.515786439478397
      vertex -24.4 3.5867066830396652 6.7124771404266355
      vertex -23.700000002980232 6.5867066702672386 6.7124771404266355
    endloop
  endfacet
  facet normal -0.9628069621009635 0.22465495782355788 -0.1501096387818233
    outer loop
      vertex -24.4 3.5867066830396652 6.7124771404266355
      vertex -24.4 3.732050806283951 6.93
      vertex -23.700000002980232 6.5867066702672386 6.7124771404266355
    endloop
  endfacet
  facet normal -0.9677840167357705 0.22581627057167952 -0.11136026623475617
    outer loop
      vertex -24.4 3.732050806283951 6.93
      vertex -24.4 3.8477590680122375 7.164633132815361
      vertex -23.700000002980232 6.732050793511524 6.93
    endloop
  endfacet
  facet normal -0.9709570596519936 0.2265566472521316 -0.07690561681586217
    outer loop
      vertex -24.4 3.8477590680122375 7.164633132815361
      vertex -24.4 3.9318516552448273 7.412361912727356
      vertex -23.700000002980232 6.847759055239811 7.164633132815361
    endloop
  endfacet
  facet normal -0.955062791117102 0.22284798459399024 -0.1954324455816059
    outer loop
      vertex -24.4 3.4142135605216026 6.515786439478397
      vertex -23.700000002980232 6.5867066702672386 6.7124771404266355
      vertex -23.700000002980232 6.414213547749176 6.515786439478397
    endloop
  endfacet
  facet normal -0.9628069621009635 0.22465495782355788 -0.15010963878182282
    outer loop
      vertex -24.4 3.732050806283951 6.93
      vertex -23.700000002980232 6.732050793511524 6.93
      vertex -23.700000002980232 6.5867066702672386 6.7124771404266355
    endloop
  endfacet
  facet normal -0.9677840167357706 0.22581627057167955 -0.11136026623475581
    outer loop
      vertex -24.4 3.8477590680122375 7.164633132815361
      vertex -23.700000002980232 6.847759055239811 7.164633132815361
      vertex -23.700000002980232 6.732050793511524 6.93
    endloop
  endfacet
  facet normal -0.9709570596519936 0.2265566472521316 -0.07690561681586217
    outer loop
      vertex -23.700000002980232 6.847759055239811 7.164633132815361
      vertex -24.4 3.9318516552448273 7.412361912727356
      vertex -23.700000002980232 6.931851642472401 7.412361912727356
    endloop
  endfacet
  facet normal -1 0 0
    outer loop
      vertex -24.4 -2 5.93
      vertex -24.4 2 13.43
      vertex -24.4 3.732050806283951 6.93
    endloop
  endfacet
  facet normal -1 0 0
    outer loop
      vertex -24.4 3.732050806283951 6.93
      vertex -24.4 4 7.93
      vertex -24.4 3.9318516552448273 7.412361912727356
    endloop
  endfacet
  facet normal -1 0 0
    outer loop
      vertex -24.4 3.9318516552448273 7.412361912727356
      vertex -24.4 4 7.93
      vertex -24.4 3.9828897193074226 7.668947615027427
    endloop
  endfacet
  facet normal -1 0 0
    outer loop
      vertex -24.4 3.732050806283951 6.93
      vertex -24.4 3.732050806283951 12.43
      vertex -24.4 4 7.93
    endloop
  endfacet
  facet normal -0.97284798690114 0.22699786361026578 -0.04515267764789165
    outer loop
      vertex -24.4 3.9318516552448273 7.412361912727356
      vertex -24.4 3.9828897193074226 7.668947615027427
      vertex -23.700000002980232 6.982889706534996 7.668947615027427
    endloop
  endfacet
  facet normal -0.9737332219361714 0.22720441845177305 -0.014891767316020064
    outer loop
      vertex -24.4 3.9828897193074226 7.668947615027427
      vertex -24.4 4 7.93
      vertex -23.700000002980232 6.982889706534996 7.668947615027427
    endloop
  endfacet
  facet normal -1 0 0
    outer loop
      vertex -24.4 3.732050806283951 6.93
      vertex -24.4 2 13.43
      vertex -24.4 3.732050806283951 12.43
    endloop
  endfacet
  facet normal -1 0 0
    outer loop
      vertex -24.4 4 7.93
      vertex -24.4 3.732050806283951 12.43
      vertex -24.4 4 11.43
    endloop
  endfacet
  facet normal -0.9738412097417933 0.22722961560641822 0
    outer loop
      vertex -24.4 4 7.93
      vertex -24.4 4 11.43
      vertex -23.700000002980232 6.999999987227573 11.43
    endloop
  endfacet
  facet normal 0 0 1
    outer loop
      vertex -23.700000002980232 -4.999999987227573 13.43
      vertex -23.700000002980232 4.999999987227573 13.43
      vertex -24.4 2 13.43
    endloop
  endfacet
  facet normal -1 0 0
    outer loop
      vertex -24.4 2 13.43
      vertex -24.4 2.517638087272644 13.361851655244827
      vertex -24.4 3 13.16205080628395
    endloop
  endfacet
  facet normal -1 0 0
    outer loop
      vertex -24.4 2 13.43
      vertex -24.4 3 13.16205080628395
      vertex -24.4 3.732050806283951 12.43
    endloop
  endfacet
  facet normal -1 0 0
    outer loop
      vertex -24.4 2.517638087272644 13.361851655244827
      vertex -24.4 2.765366867184639 13.277759068012237
      vertex -24.4 3 13.16205080628395
    endloop
  endfacet
  facet normal -1 0 0
    outer loop
      vertex -24.4 2 13.43
      vertex -24.4 2.2610523849725723 13.412889719307422
      vertex -24.4 2.517638087272644 13.361851655244827
    endloop
  endfacet
  facet normal -1 0 0
    outer loop
      vertex -24.4 4 11.43
      vertex -24.4 3.9318516552448273 11.947638087272644
      vertex -24.4 3.9828897193074226 11.691052384972572
    endloop
  endfacet
  facet normal -1 0 0
    outer loop
      vertex -24.4 4 11.43
      vertex -24.4 3.732050806283951 12.43
      vertex -24.4 3.9318516552448273 11.947638087272644
    endloop
  endfacet
  facet normal -1 0 0
    outer loop
      vertex -24.4 3.5867066830396652 12.647522859573364
      vertex -24.4 3.732050806283951 12.43
      vertex -24.4 3.4142135605216026 12.844213560521602
    endloop
  endfacet
  facet normal -1 0 0
    outer loop
      vertex -24.4 3.4142135605216026 12.844213560521602
      vertex -24.4 3.732050806283951 12.43
      vertex -24.4 3 13.16205080628395
    endloop
  endfacet
  facet normal -1 0 0
    outer loop
      vertex -24.4 3.9318516552448273 11.947638087272644
      vertex -24.4 3.732050806283951 12.43
      vertex -24.4 3.8477590680122375 12.195366867184639
    endloop
  endfacet
  facet normal -0.9737332219361714 0.22720441845177305 0.014891767316020064
    outer loop
      vertex -24.4 4 11.43
      vertex -24.4 3.9828897193074226 11.691052384972572
      vertex -23.700000002980232 6.982889706534996 11.691052384972572
    endloop
  endfacet
  facet normal -0.97284798690114 0.22699786361026578 0.04515267764789165
    outer loop
      vertex -24.4 3.9828897193074226 11.691052384972572
      vertex -24.4 3.9318516552448273 11.947638087272644
      vertex -23.700000002980232 6.931851642472401 11.947638087272644
    endloop
  endfacet
  facet normal -0.9709570596519936 0.2265566472521316 0.07690561681586217
    outer loop
      vertex -24.4 3.9318516552448273 11.947638087272644
      vertex -24.4 3.8477590680122375 12.195366867184639
      vertex -23.700000002980232 6.847759055239811 12.195366867184639
    endloop
  endfacet
  facet normal -0.9677840167357705 0.22581627057167952 0.11136026623475617
    outer loop
      vertex -24.4 3.8477590680122375 12.195366867184639
      vertex -24.4 3.732050806283951 12.43
      vertex -23.700000002980232 6.732050793511524 12.43
    endloop
  endfacet
  facet normal -0.9628069621009635 0.22465495782355788 0.1501096387818233
    outer loop
      vertex -24.4 3.5867066830396652 12.647522859573364
      vertex -23.700000002980232 6.5867066702672386 12.647522859573364
      vertex -24.4 3.732050806283951 12.43
    endloop
  endfacet
  facet normal -0.9550627911171021 0.22284798459399027 0.19543244558160575
    outer loop
      vertex -24.4 3.5867066830396652 12.647522859573364
      vertex -24.4 3.4142135605216026 12.844213560521602
      vertex -23.700000002980232 6.414213547749176 12.844213560521602
    endloop
  endfacet
  facet normal -0.9677840167357706 0.22581627057167955 0.11136026623475581
    outer loop
      vertex -24.4 3.8477590680122375 12.195366867184639
      vertex -23.700000002980232 6.732050793511524 12.43
      vertex -23.700000002980232 6.847759055239811 12.195366867184639
    endloop
  endfacet
  facet normal -0.9427104261954778 0.21996576611227792 0.25082287391898533
    outer loop
      vertex -24.4 3.4142135605216026 12.844213560521602
      vertex -23.700000002980232 6.217522846800938 13.016706683039665
      vertex -23.700000002980232 6.414213547749176 12.844213560521602
    endloop
  endfacet
  facet normal -0.9628069621009635 0.22465495782355788 0.15010963878182282
    outer loop
      vertex -24.4 3.732050806283951 12.43
      vertex -23.700000002980232 6.5867066702672386 12.647522859573364
      vertex -23.700000002980232 6.732050793511524 12.43
    endloop
  endfacet
  facet normal -0.9550627911171021 0.22284798459399027 0.19543244558160525
    outer loop
      vertex -24.4 3.5867066830396652 12.647522859573364
      vertex -23.700000002980232 6.414213547749176 12.844213560521602
      vertex -23.700000002980232 6.5867066702672386 12.647522859573364
    endloop
  endfacet
  facet normal -1 0 0
    outer loop
      vertex -24.4 3.4142135605216026 12.844213560521602
      vertex -24.4 3 13.16205080628395
      vertex -24.4 3.2175228595733643 13.016706683039665
    endloop
  endfacet
  facet normal -0.8092636699113018 0.1888281896459702 0.5562699231099208
    outer loop
      vertex -24.4 2.517638087272644 13.361851655244827
      vertex -23.700000002980232 5.517638074500217 13.361851655244827
      vertex -24.4 2.765366867184639 13.277759068012237
    endloop
  endfacet
  facet normal -0.2698970497656627 0.06297597827865456 0.9608275644920049
    outer loop
      vertex -24.4 2 13.43
      vertex -23.700000002980232 4.999999987227573 13.43
      vertex -24.4 2.2610523849725723 13.412889719307422
    endloop
  endfacet
  facet normal -0.6414367687690351 0.14966857937944136 0.7524348397154927
    outer loop
      vertex -24.4 2.517638087272644 13.361851655244827
      vertex -24.4 2.2610523849725723 13.412889719307422
      vertex -23.700000002980232 5.261052372200146 13.412889719307422
    endloop
  endfacet
  facet normal -0.884464661205528 0.20637508761462295 0.4184872594125745
    outer loop
      vertex -24.4 2.765366867184639 13.277759068012237
      vertex -23.700000002980232 5.765366854412212 13.277759068012237
      vertex -24.4 3 13.16205080628395
    endloop
  endfacet
  facet normal -0.9219857548346142 0.21513000946140975 0.3219648224747236
    outer loop
      vertex -24.4 3 13.16205080628395
      vertex -23.700000002980232 5.999999987227573 13.16205080628395
      vertex -24.4 3.2175228595733643 13.016706683039665
    endloop
  endfacet
  facet normal -0.9427104261954777 0.2199657661122779 0.2508228739189859
    outer loop
      vertex -24.4 3.4142135605216026 12.844213560521602
      vertex -24.4 3.2175228595733643 13.016706683039665
      vertex -23.700000002980232 6.217522846800938 13.016706683039665
    endloop
  endfacet
  facet normal -0.2698970497656629 0.06297597827865462 0.9608275644920049
    outer loop
      vertex -24.4 2.2610523849725723 13.412889719307422
      vertex -23.700000002980232 4.999999987227573 13.43
      vertex -23.700000002980232 5.261052372200146 13.412889719307422
    endloop
  endfacet
  facet normal -0.6414367687690358 0.1496685793794415 0.7524348397154922
    outer loop
      vertex -24.4 2.517638087272644 13.361851655244827
      vertex -23.700000002980232 5.261052372200146 13.412889719307422
      vertex -23.700000002980232 5.517638074500217 13.361851655244827
    endloop
  endfacet
  facet normal -0.8092636699113019 0.18882818964597023 0.5562699231099205
    outer loop
      vertex -24.4 2.765366867184639 13.277759068012237
      vertex -23.700000002980232 5.517638074500217 13.361851655244827
      vertex -23.700000002980232 5.765366854412212 13.277759068012237
    endloop
  endfacet
  facet normal -0.8844646612055282 0.20637508761462303 0.41848725941257386
    outer loop
      vertex -24.4 3 13.16205080628395
      vertex -23.700000002980232 5.765366854412212 13.277759068012237
      vertex -23.700000002980232 5.999999987227573 13.16205080628395
    endloop
  endfacet
  facet normal -0.9219857548346143 0.21513000946140978 0.32196482247472324
    outer loop
      vertex -24.4 3.2175228595733643 13.016706683039665
      vertex -23.700000002980232 5.999999987227573 13.16205080628395
      vertex -23.700000002980232 6.217522846800938 13.016706683039665
    endloop
  endfacet
  facet normal -0.97284798690114 0.22699786361026578 -0.04515267764789177
    outer loop
      vertex -24.4 3.9318516552448273 7.412361912727356
      vertex -23.700000002980232 6.982889706534996 7.668947615027427
      vertex -23.700000002980232 6.931851642472401 7.412361912727356
    endloop
  endfacet
  facet normal -0.9737332219361714 0.22720441845177305 -0.014891767316019848
    outer loop
      vertex -24.4 4 7.93
      vertex -23.700000002980232 6.999999987227573 7.93
      vertex -23.700000002980232 6.982889706534996 7.668947615027427
    endloop
  endfacet
  facet normal -0.9738412097417933 0.22722961560641822 0
    outer loop
      vertex -24.4 4 7.93
      vertex -23.700000002980232 6.999999987227573 11.43
      vertex -23.700000002980232 6.999999987227573 7.93
    endloop
  endfacet
  facet normal -0.9737332219361714 0.22720441845177305 0.014891767316019848
    outer loop
      vertex -24.4 4 11.43
      vertex -23.700000002980232 6.982889706534996 11.691052384972572
      vertex -23.700000002980232 6.999999987227573 11.43
    endloop
  endfacet
  facet normal -0.97284798690114 0.22699786361026578 0.04515267764789121
    outer loop
      vertex -24.4 3.9828897193074226 11.691052384972572
      vertex -23.700000002980232 6.931851642472401 11.947638087272644
      vertex -23.700000002980232 6.982889706534996 11.691052384972572
    endloop
  endfacet
  facet normal -0.9709570596519936 0.2265566472521316 0.07690561681586208
    outer loop
      vertex -24.4 3.9318516552448273 11.947638087272644
      vertex -23.700000002980232 6.847759055239811 12.195366867184639
      vertex -23.700000002980232 6.931851642472401 11.947638087272644
    endloop
  endfacet
  facet normal 0 0 1
    outer loop
      vertex -7.201043392264673 -0.4974884620746167 6.779999999999999
      vertex -7.201043392264673 0.4974884620746167 6.779999999999999
      vertex -7.255703574175789 -0.33646475863327696 6.779999999999999
    endloop
  endfacet
  facet normal 0 0 1
    outer loop
      vertex -7.12583302491977 -0.65 6.779999999999999
      vertex -7.12583302491977 0.65 6.779999999999999
      vertex -7.201043392264673 -0.4974884620746167 6.779999999999999
    endloop
  endfacet
  facet normal 0 0 1
    outer loop
      vertex -7.255703574175789 -0.33646475863327696 6.779999999999999
      vertex -7.255703574175789 0.33646475863327696 6.779999999999999
      vertex -7.288878319785954 -0.16968404988606706 6.779999999999999
    endloop
  endfacet
  facet normal 0 0 1
    outer loop
      vertex -6.4974884620746165 -1.2010433922646728 6.779999999999999
      vertex -6.4974884620746165 1.2010433922646728 6.779999999999999
      vertex -6.65 -1.12583302491977 6.779999999999999
    endloop
  endfacet
  facet normal 0 0 1
    outer loop
      vertex -6.3364647586332765 -1.255703574175789 6.779999999999999
      vertex -6.3364647586332765 1.255703574175789 6.779999999999999
      vertex -6.4974884620746165 -1.2010433922646728 6.779999999999999
    endloop
  endfacet
  facet normal 0 0 1
    outer loop
      vertex -7.031359342378606 -0.7913898577113369 6.779999999999999
      vertex -7.031359342378606 0.7913898577113369 6.779999999999999
      vertex -7.12583302491977 -0.65 6.779999999999999
    endloop
  endfacet
  facet normal 0 0 1
    outer loop
      vertex -6.919238815542512 -0.9192388155425119 6.779999999999999
      vertex -6.919238815542512 0.9192388155425119 6.779999999999999
      vertex -7.031359342378606 -0.7913898577113369 6.779999999999999
    endloop
  endfacet
  facet normal 0 0 1
    outer loop
      vertex -6.791389857711337 -1.0313593423786058 6.779999999999999
      vertex -6.791389857711337 1.0313593423786058 6.779999999999999
      vertex -6.919238815542512 -0.9192388155425119 6.779999999999999
    endloop
  endfacet
  facet normal 0 0 1
    outer loop
      vertex -6.65 -1.12583302491977 6.779999999999999
      vertex -6.65 1.12583302491977 6.779999999999999
      vertex -6.791389857711337 -1.0313593423786058 6.779999999999999
    endloop
  endfacet
  facet normal 0 0 1
    outer loop
      vertex -6.3364647586332765 -1.255703574175789 6.779999999999999
      vertex -6.169684049886067 -1.2888783197859535 6.779999999999999
      vertex -6.169684049886067 1.2888783197859535 6.779999999999999
    endloop
  endfacet
  facet normal 0 0 1
    outer loop
      vertex -6.169684049886067 -1.2888783197859535 6.779999999999999
      vertex -6 -1.3 6.779999999999999
      vertex -6 1.3 6.779999999999999
    endloop
  endfacet
  facet normal 0 0 1
    outer loop
      vertex -6 -1.3 6.779999999999999
      vertex -5.830315950113933 -1.2888783197859535 6.779999999999999
      vertex -5.830315950113933 1.2888783197859535 6.779999999999999
    endloop
  endfacet
  facet normal 0 0 1
    outer loop
      vertex -5.830315950113933 -1.2888783197859535 6.779999999999999
      vertex -5.6635352413667235 -1.255703574175789 6.779999999999999
      vertex -5.6635352413667235 1.255703574175789 6.779999999999999
    endloop
  endfacet
  facet normal 0 0 1
    outer loop
      vertex -5.6635352413667235 -1.255703574175789 6.779999999999999
      vertex -5.5025115379253835 -1.2010433922646728 6.779999999999999
      vertex -5.5025115379253835 1.2010433922646728 6.779999999999999
    endloop
  endfacet
  facet normal 0 0 1
    outer loop
      vertex -5.5025115379253835 -1.2010433922646728 6.779999999999999
      vertex -5.35 -1.12583302491977 6.779999999999999
      vertex -5.35 1.12583302491977 6.779999999999999
    endloop
  endfacet
  facet normal 0 0 1
    outer loop
      vertex -5.35 -1.12583302491977 6.779999999999999
      vertex -5.208610142288663 -1.0313593423786058 6.779999999999999
      vertex -5.208610142288663 1.0313593423786058 6.779999999999999
    endloop
  endfacet
  facet normal 0 0 1
    outer loop
      vertex -5.208610142288663 -1.0313593423786058 6.779999999999999
      vertex -5.080761184457488 -0.9192388155425119 6.779999999999999
      vertex -5.080761184457488 0.9192388155425119 6.779999999999999
    endloop
  endfacet
  facet normal 0 0 1
    outer loop
      vertex -5.080761184457488 -0.9192388155425119 6.779999999999999
      vertex -4.968640657621394 -0.7913898577113369 6.779999999999999
      vertex -4.968640657621394 0.7913898577113369 6.779999999999999
    endloop
  endfacet
  facet normal 0 0 1
    outer loop
      vertex -4.968640657621394 -0.7913898577113369 6.779999999999999
      vertex -4.87416697508023 -0.65 6.779999999999999
      vertex -4.87416697508023 0.65 6.779999999999999
    endloop
  endfacet
  facet normal 0 0 1
    outer loop
      vertex -4.87416697508023 -0.65 6.779999999999999
      vertex -4.798956607735327 -0.4974884620746167 6.779999999999999
      vertex -4.798956607735327 0.4974884620746167 6.779999999999999
    endloop
  endfacet
  facet normal 0 0 1
    outer loop
      vertex -4.798956607735327 -0.4974884620746167 6.779999999999999
      vertex -4.744296425824211 -0.33646475863327696 6.779999999999999
      vertex -4.744296425824211 0.33646475863327696 6.779999999999999
    endloop
  endfacet
  facet normal 0 0 1
    outer loop
      vertex -4.744296425824211 -0.33646475863327696 6.779999999999999
      vertex -4.711121680214046 -0.16968404988606706 6.779999999999999
      vertex -4.711121680214046 0.16968404988606706 6.779999999999999
    endloop
  endfacet
  facet normal 0.44228869021900086 0.8968727415326886 0
    outer loop
      vertex -6.4974884620746165 -1.2010433922646728 6.779999999999999
      vertex -6.65 -1.12583302491977 6.779999999999999
      vertex -6.65 -1.12583302491977 14.78
    endloop
  endfacet
  facet normal 0.3214394653031617 0.9469301294951057 0
    outer loop
      vertex -6.3364647586332765 -1.255703574175789 6.779999999999999
      vertex -6.4974884620746165 -1.2010433922646728 6.779999999999999
      vertex -6.4974884620746165 -1.2010433922646728 14.78
    endloop
  endfacet
  facet normal 0.5555702330196012 0.8314696123025459 0
    outer loop
      vertex -6.65 -1.12583302491977 6.779999999999999
      vertex -6.791389857711337 -1.0313593423786058 6.779999999999999
      vertex -6.791389857711337 -1.0313593423786058 14.78
    endloop
  endfacet
  facet normal 0.6593458151000702 0.7518398074789763 0
    outer loop
      vertex -6.791389857711337 -1.0313593423786058 6.779999999999999
      vertex -6.919238815542512 -0.9192388155425119 6.779999999999999
      vertex -6.919238815542512 -0.9192388155425119 14.78
    endloop
  endfacet
  facet normal 0.7518398074789778 0.6593458151000685 0
    outer loop
      vertex -6.919238815542512 -0.9192388155425119 6.779999999999999
      vertex -7.031359342378606 -0.7913898577113369 6.779999999999999
      vertex -7.031359342378606 -0.7913898577113369 14.78
    endloop
  endfacet
  facet normal 0.896872741532689 0.442288690219 0
    outer loop
      vertex -7.12583302491977 -0.65 6.779999999999999
      vertex -7.201043392264673 -0.4974884620746167 6.779999999999999
      vertex -7.201043392264673 -0.4974884620746167 14.78
    endloop
  endfacet
  facet normal 0.9469301294951047 0.3214394653031644 0
    outer loop
      vertex -7.201043392264673 -0.4974884620746167 6.779999999999999
      vertex -7.255703574175789 -0.33646475863327696 6.779999999999999
      vertex -7.255703574175789 -0.33646475863327696 14.78
    endloop
  endfacet
  facet normal 0.9807852804032307 0.195090322016127 0
    outer loop
      vertex -7.255703574175789 -0.33646475863327696 6.779999999999999
      vertex -7.288878319785954 -0.16968404988606706 6.779999999999999
      vertex -7.288878319785954 -0.16968404988606706 14.78
    endloop
  endfacet
  facet normal 0.9978589232386037 0.06540312923014115 0
    outer loop
      vertex -7.288878319785954 -0.16968404988606706 6.779999999999999
      vertex -7.3 0 6.779999999999999
      vertex -7.3 0 14.78
    endloop
  endfacet
  facet normal 0.8314696123025447 0.555570233019603 0
    outer loop
      vertex -7.031359342378606 -0.7913898577113369 6.779999999999999
      vertex -7.12583302491977 -0.65 6.779999999999999
      vertex -7.12583302491977 -0.65 14.78
    endloop
  endfacet
  facet normal 0.06540312923014377 0.9978589232386035 0
    outer loop
      vertex -6.169684049886067 -1.2888783197859535 6.779999999999999
      vertex -6.169684049886067 -1.2888783197859535 14.78
      vertex -6 -1.3 6.779999999999999
    endloop
  endfacet
  facet normal 0.19509032201612744 0.9807852804032305 0
    outer loop
      vertex -6.3364647586332765 -1.255703574175789 6.779999999999999
      vertex -6.3364647586332765 -1.255703574175789 14.78
      vertex -6.169684049886067 -1.2888783197859535 6.779999999999999
    endloop
  endfacet
  facet normal -0.06540312923014377 0.9978589232386035 0
    outer loop
      vertex -6 -1.3 6.779999999999999
      vertex -6 -1.3 14.78
      vertex -5.830315950113933 -1.2888783197859535 6.779999999999999
    endloop
  endfacet
  facet normal -0.19509032201612744 0.9807852804032305 0
    outer loop
      vertex -5.830315950113933 -1.2888783197859535 6.779999999999999
      vertex -5.830315950113933 -1.2888783197859535 14.78
      vertex -5.6635352413667235 -1.255703574175789 6.779999999999999
    endloop
  endfacet
  facet normal -0.3214394653031617 0.9469301294951057 0
    outer loop
      vertex -5.6635352413667235 -1.255703574175789 6.779999999999999
      vertex -5.6635352413667235 -1.255703574175789 14.78
      vertex -5.5025115379253835 -1.2010433922646728 6.779999999999999
    endloop
  endfacet
  facet normal -0.44228869021900086 0.8968727415326886 0
    outer loop
      vertex -5.5025115379253835 -1.2010433922646728 6.779999999999999
      vertex -5.5025115379253835 -1.2010433922646728 14.78
      vertex -5.35 -1.12583302491977 6.779999999999999
    endloop
  endfacet
  facet normal -0.5555702330196012 0.8314696123025459 0
    outer loop
      vertex -5.35 -1.12583302491977 6.779999999999999
      vertex -5.35 -1.12583302491977 14.78
      vertex -5.208610142288663 -1.0313593423786058 6.779999999999999
    endloop
  endfacet
  facet normal -0.6593458151000702 0.7518398074789763 0
    outer loop
      vertex -5.208610142288663 -1.0313593423786058 6.779999999999999
      vertex -5.208610142288663 -1.0313593423786058 14.78
      vertex -5.080761184457488 -0.9192388155425119 6.779999999999999
    endloop
  endfacet
  facet normal -0.7518398074789778 0.6593458151000685 0
    outer loop
      vertex -5.080761184457488 -0.9192388155425119 6.779999999999999
      vertex -5.080761184457488 -0.9192388155425119 14.78
      vertex -4.968640657621394 -0.7913898577113369 6.779999999999999
    endloop
  endfacet
  facet normal -0.8314696123025447 0.555570233019603 0
    outer loop
      vertex -4.968640657621394 -0.7913898577113369 6.779999999999999
      vertex -4.968640657621394 -0.7913898577113369 14.78
      vertex -4.87416697508023 -0.65 6.779999999999999
    endloop
  endfacet
  facet normal -0.896872741532689 0.442288690219 0
    outer loop
      vertex -4.87416697508023 -0.65 6.779999999999999
      vertex -4.87416697508023 -0.65 14.78
      vertex -4.798956607735327 -0.4974884620746167 6.779999999999999
    endloop
  endfacet
  facet normal -0.9469301294951047 0.3214394653031644 0
    outer loop
      vertex -4.798956607735327 -0.4974884620746167 6.779999999999999
      vertex -4.798956607735327 -0.4974884620746167 14.78
      vertex -4.744296425824211 -0.33646475863327696 6.779999999999999
    endloop
  endfacet
  facet normal -0.9807852804032307 0.195090322016127 0
    outer loop
      vertex -4.744296425824211 -0.33646475863327696 6.779999999999999
      vertex -4.744296425824211 -0.33646475863327696 14.78
      vertex -4.711121680214046 -0.16968404988606706 6.779999999999999
    endloop
  endfacet
  facet normal -0.9978589232386037 0.06540312923014115 0
    outer loop
      vertex -4.711121680214046 -0.16968404988606706 6.779999999999999
      vertex -4.711121680214046 -0.16968404988606706 14.78
      vertex -4.7 0 6.779999999999999
    endloop
  endfacet
  facet normal 0.3214394653031617 0.9469301294951057 0
    outer loop
      vertex -6.3364647586332765 -1.255703574175789 6.779999999999999
      vertex -6.4974884620746165 -1.2010433922646728 14.78
      vertex -6.3364647586332765 -1.255703574175789 14.78
    endloop
  endfacet
  facet normal 0.44228869021900086 0.8968727415326886 0
    outer loop
      vertex -6.4974884620746165 -1.2010433922646728 6.779999999999999
      vertex -6.65 -1.12583302491977 14.78
      vertex -6.4974884620746165 -1.2010433922646728 14.78
    endloop
  endfacet
  facet normal 0.6593458151000702 0.7518398074789763 0
    outer loop
      vertex -6.791389857711337 -1.0313593423786058 6.779999999999999
      vertex -6.919238815542512 -0.9192388155425119 14.78
      vertex -6.791389857711337 -1.0313593423786058 14.78
    endloop
  endfacet
  facet normal 0.7518398074789778 0.6593458151000685 0
    outer loop
      vertex -6.919238815542512 -0.9192388155425119 6.779999999999999
      vertex -7.031359342378606 -0.7913898577113369 14.78
      vertex -6.919238815542512 -0.9192388155425119 14.78
    endloop
  endfacet
  facet normal 0.8314696123025447 0.555570233019603 0
    outer loop
      vertex -7.031359342378606 -0.7913898577113369 6.779999999999999
      vertex -7.12583302491977 -0.65 14.78
      vertex -7.031359342378606 -0.7913898577113369 14.78
    endloop
  endfacet
  facet normal 0.5555702330196012 0.8314696123025459 0
    outer loop
      vertex -6.65 -1.12583302491977 6.779999999999999
      vertex -6.791389857711337 -1.0313593423786058 14.78
      vertex -6.65 -1.12583302491977 14.78
    endloop
  endfacet
  facet normal 0.896872741532689 0.442288690219 0
    outer loop
      vertex -7.12583302491977 -0.65 6.779999999999999
      vertex -7.201043392264673 -0.4974884620746167 14.78
      vertex -7.12583302491977 -0.65 14.78
    endloop
  endfacet
  facet normal 0.9469301294951047 0.3214394653031644 0
    outer loop
      vertex -7.201043392264673 -0.4974884620746167 6.779999999999999
      vertex -7.255703574175789 -0.33646475863327696 14.78
      vertex -7.201043392264673 -0.4974884620746167 14.78
    endloop
  endfacet
  facet normal 0.9807852804032307 0.195090322016127 0
    outer loop
      vertex -7.255703574175789 -0.33646475863327696 6.779999999999999
      vertex -7.288878319785954 -0.16968404988606706 14.78
      vertex -7.255703574175789 -0.33646475863327696 14.78
    endloop
  endfacet
  facet normal 0.9978589232386037 0.06540312923014115 0
    outer loop
      vertex -7.288878319785954 -0.16968404988606706 6.779999999999999
      vertex -7.3 0 14.78
      vertex -7.288878319785954 -0.16968404988606706 14.78
    endloop
  endfacet
  facet normal 0.06540312923014377 0.9978589232386035 0
    outer loop
      vertex -6 -1.3 6.779999999999999
      vertex -6.169684049886067 -1.2888783197859535 14.78
      vertex -6 -1.3 14.78
    endloop
  endfacet
  facet normal 0.19509032201612744 0.9807852804032305 0
    outer loop
      vertex -6.169684049886067 -1.2888783197859535 6.779999999999999
      vertex -6.3364647586332765 -1.255703574175789 14.78
      vertex -6.169684049886067 -1.2888783197859535 14.78
    endloop
  endfacet
  facet normal -0.06540312923014377 0.9978589232386035 0
    outer loop
      vertex -5.830315950113933 -1.2888783197859535 6.779999999999999
      vertex -6 -1.3 14.78
      vertex -5.830315950113933 -1.2888783197859535 14.78
    endloop
  endfacet
  facet normal -0.19509032201612744 0.9807852804032305 0
    outer loop
      vertex -5.6635352413667235 -1.255703574175789 6.779999999999999
      vertex -5.830315950113933 -1.2888783197859535 14.78
      vertex -5.6635352413667235 -1.255703574175789 14.78
    endloop
  endfacet
  facet normal -0.3214394653031617 0.9469301294951057 0
    outer loop
      vertex -5.5025115379253835 -1.2010433922646728 6.779999999999999
      vertex -5.6635352413667235 -1.255703574175789 14.78
      vertex -5.5025115379253835 -1.2010433922646728 14.78
    endloop
  endfacet
  facet normal -0.44228869021900086 0.8968727415326886 0
    outer loop
      vertex -5.35 -1.12583302491977 6.779999999999999
      vertex -5.5025115379253835 -1.2010433922646728 14.78
      vertex -5.35 -1.12583302491977 14.78
    endloop
  endfacet
  facet normal -0.5555702330196012 0.8314696123025459 0
    outer loop
      vertex -5.208610142288663 -1.0313593423786058 6.779999999999999
      vertex -5.35 -1.12583302491977 14.78
      vertex -5.208610142288663 -1.0313593423786058 14.78
    endloop
  endfacet
  facet normal -0.6593458151000702 0.7518398074789763 0
    outer loop
      vertex -5.080761184457488 -0.9192388155425119 6.779999999999999
      vertex -5.208610142288663 -1.0313593423786058 14.78
      vertex -5.080761184457488 -0.9192388155425119 14.78
    endloop
  endfacet
  facet normal -0.7518398074789778 0.6593458151000685 0
    outer loop
      vertex -4.968640657621394 -0.7913898577113369 6.779999999999999
      vertex -5.080761184457488 -0.9192388155425119 14.78
      vertex -4.968640657621394 -0.7913898577113369 14.78
    endloop
  endfacet
  facet normal -0.8314696123025447 0.555570233019603 0
    outer loop
      vertex -4.87416697508023 -0.65 6.779999999999999
      vertex -4.968640657621394 -0.7913898577113369 14.78
      vertex -4.87416697508023 -0.65 14.78
    endloop
  endfacet
  facet normal -0.896872741532689 0.442288690219 0
    outer loop
      vertex -4.798956607735327 -0.4974884620746167 6.779999999999999
      vertex -4.87416697508023 -0.65 14.78
      vertex -4.798956607735327 -0.4974884620746167 14.78
    endloop
  endfacet
  facet normal -0.9469301294951047 0.3214394653031644 0
    outer loop
      vertex -4.744296425824211 -0.33646475863327696 6.779999999999999
      vertex -4.798956607735327 -0.4974884620746167 14.78
      vertex -4.744296425824211 -0.33646475863327696 14.78
    endloop
  endfacet
  facet normal -0.9807852804032307 0.195090322016127 0
    outer loop
      vertex -4.711121680214046 -0.16968404988606706 6.779999999999999
      vertex -4.744296425824211 -0.33646475863327696 14.78
      vertex -4.711121680214046 -0.16968404988606706 14.78
    endloop
  endfacet
  facet normal -0.9978589232386037 0.06540312923014115 0
    outer loop
      vertex -4.7 0 6.779999999999999
      vertex -4.711121680214046 -0.16968404988606706 14.78
      vertex -4.7 0 14.78
    endloop
  endfacet
  facet normal 0 0 1
    outer loop
      vertex -7.288878319785954 -0.16968404988606706 6.779999999999999
      vertex -7.288878319785954 0.16968404988606706 6.779999999999999
      vertex -7.3 0 6.779999999999999
    endloop
  endfacet
  facet normal 0 0 1
    outer loop
      vertex -7.288878319785954 -0.16968404988606706 6.779999999999999
      vertex -7.255703574175789 0.33646475863327696 6.779999999999999
      vertex -7.288878319785954 0.16968404988606706 6.779999999999999
    endloop
  endfacet
  facet normal 0 0 1
    outer loop
      vertex -7.255703574175789 -0.33646475863327696 6.779999999999999
      vertex -7.201043392264673 0.4974884620746167 6.779999999999999
      vertex -7.255703574175789 0.33646475863327696 6.779999999999999
    endloop
  endfacet
  facet normal 0 0 1
    outer loop
      vertex -7.201043392264673 -0.4974884620746167 6.779999999999999
      vertex -7.12583302491977 0.65 6.779999999999999
      vertex -7.201043392264673 0.4974884620746167 6.779999999999999
    endloop
  endfacet
  facet normal 0 0 1
    outer loop
      vertex -7.12583302491977 -0.65 6.779999999999999
      vertex -7.031359342378606 0.7913898577113369 6.779999999999999
      vertex -7.12583302491977 0.65 6.779999999999999
    endloop
  endfacet
  facet normal 0 0 1
    outer loop
      vertex -7.031359342378606 -0.7913898577113369 6.779999999999999
      vertex -6.919238815542512 0.9192388155425119 6.779999999999999
      vertex -7.031359342378606 0.7913898577113369 6.779999999999999
    endloop
  endfacet
  facet normal 0 0 1
    outer loop
      vertex -6.919238815542512 -0.9192388155425119 6.779999999999999
      vertex -6.791389857711337 1.0313593423786058 6.779999999999999
      vertex -6.919238815542512 0.9192388155425119 6.779999999999999
    endloop
  endfacet
  facet normal 0 0 1
    outer loop
      vertex -6.791389857711337 -1.0313593423786058 6.779999999999999
      vertex -6.65 1.12583302491977 6.779999999999999
      vertex -6.791389857711337 1.0313593423786058 6.779999999999999
    endloop
  endfacet
  facet normal 0 0 1
    outer loop
      vertex -6.65 -1.12583302491977 6.779999999999999
      vertex -6.4974884620746165 1.2010433922646728 6.779999999999999
      vertex -6.65 1.12583302491977 6.779999999999999
    endloop
  endfacet
  facet normal 0 0 1
    outer loop
      vertex -6.4974884620746165 -1.2010433922646728 6.779999999999999
      vertex -6.3364647586332765 1.255703574175789 6.779999999999999
      vertex -6.4974884620746165 1.2010433922646728 6.779999999999999
    endloop
  endfacet
  facet normal 0 0 1
    outer loop
      vertex -6.3364647586332765 -1.255703574175789 6.779999999999999
      vertex -6.169684049886067 1.2888783197859535 6.779999999999999
      vertex -6.3364647586332765 1.255703574175789 6.779999999999999
    endloop
  endfacet
  facet normal 0 0 1
    outer loop
      vertex -6.169684049886067 -1.2888783197859535 6.779999999999999
      vertex -6 1.3 6.779999999999999
      vertex -6.169684049886067 1.2888783197859535 6.779999999999999
    endloop
  endfacet
  facet normal 0 0 1
    outer loop
      vertex -6 -1.3 6.779999999999999
      vertex -5.830315950113933 1.2888783197859535 6.779999999999999
      vertex -6 1.3 6.779999999999999
    endloop
  endfacet
  facet normal 0 0 1
    outer loop
      vertex -5.830315950113933 -1.2888783197859535 6.779999999999999
      vertex -5.6635352413667235 1.255703574175789 6.779999999999999
      vertex -5.830315950113933 1.2888783197859535 6.779999999999999
    endloop
  endfacet
  facet normal 0 0 1
    outer loop
      vertex -5.35 -1.12583302491977 6.779999999999999
      vertex -5.208610142288663 1.0313593423786058 6.779999999999999
      vertex -5.35 1.12583302491977 6.779999999999999
    endloop
  endfacet
  facet normal 0 0 1
    outer loop
      vertex -5.208610142288663 -1.0313593423786058 6.779999999999999
      vertex -5.080761184457488 0.9192388155425119 6.779999999999999
      vertex -5.208610142288663 1.0313593423786058 6.779999999999999
    endloop
  endfacet
  facet normal 0 0 1
    outer loop
      vertex -5.080761184457488 -0.9192388155425119 6.779999999999999
      vertex -4.968640657621394 0.7913898577113369 6.779999999999999
      vertex -5.080761184457488 0.9192388155425119 6.779999999999999
    endloop
  endfacet
  facet normal 0 0 1
    outer loop
      vertex -4.968640657621394 -0.7913898577113369 6.779999999999999
      vertex -4.87416697508023 0.65 6.779999999999999
      vertex -4.968640657621394 0.7913898577113369 6.779999999999999
    endloop
  endfacet
  facet normal 0 0 1
    outer loop
      vertex -5.6635352413667235 -1.255703574175789 6.779999999999999
      vertex -5.5025115379253835 1.2010433922646728 6.779999999999999
      vertex -5.6635352413667235 1.255703574175789 6.779999999999999
    endloop
  endfacet
  facet normal 0 0 1
    outer loop
      vertex -5.5025115379253835 -1.2010433922646728 6.779999999999999
      vertex -5.35 1.12583302491977 6.779999999999999
      vertex -5.5025115379253835 1.2010433922646728 6.779999999999999
    endloop
  endfacet
  facet normal 0 0 1
    outer loop
      vertex -4.711121680214046 -0.16968404988606706 6.779999999999999
      vertex -4.7 0 6.779999999999999
      vertex -4.711121680214046 0.16968404988606706 6.779999999999999
    endloop
  endfacet
  facet normal 0 0 1
    outer loop
      vertex -4.744296425824211 -0.33646475863327696 6.779999999999999
      vertex -4.711121680214046 0.16968404988606706 6.779999999999999
      vertex -4.744296425824211 0.33646475863327696 6.779999999999999
    endloop
  endfacet
  facet normal 0 0 1
    outer loop
      vertex -4.798956607735327 -0.4974884620746167 6.779999999999999
      vertex -4.744296425824211 0.33646475863327696 6.779999999999999
      vertex -4.798956607735327 0.4974884620746167 6.779999999999999
    endloop
  endfacet
  facet normal 0 0 1
    outer loop
      vertex -4.87416697508023 -0.65 6.779999999999999
      vertex -4.798956607735327 0.4974884620746167 6.779999999999999
      vertex -4.87416697508023 0.65 6.779999999999999
    endloop
  endfacet
  facet normal 0.9978589232386037 -0.06540312923014115 0
    outer loop
      vertex -7.3 0 6.779999999999999
      vertex -7.288878319785954 0.16968404988606706 6.779999999999999
      vertex -7.288878319785954 0.16968404988606706 14.78
    endloop
  endfacet
  facet normal 0.9807852804032307 -0.195090322016127 0
    outer loop
      vertex -7.288878319785954 0.16968404988606706 6.779999999999999
      vertex -7.255703574175789 0.33646475863327696 6.779999999999999
      vertex -7.255703574175789 0.33646475863327696 14.78
    endloop
  endfacet
  facet normal 0.9469301294951047 -0.3214394653031644 0
    outer loop
      vertex -7.255703574175789 0.33646475863327696 6.779999999999999
      vertex -7.201043392264673 0.4974884620746167 6.779999999999999
      vertex -7.201043392264673 0.4974884620746167 14.78
    endloop
  endfacet
  facet normal 0.896872741532689 -0.442288690219 0
    outer loop
      vertex -7.201043392264673 0.4974884620746167 6.779999999999999
      vertex -7.12583302491977 0.65 6.779999999999999
      vertex -7.12583302491977 0.65 14.78
    endloop
  endfacet
  facet normal 0.8314696123025447 -0.555570233019603 0
    outer loop
      vertex -7.12583302491977 0.65 6.779999999999999
      vertex -7.031359342378606 0.7913898577113369 6.779999999999999
      vertex -7.031359342378606 0.7913898577113369 14.78
    endloop
  endfacet
  facet normal 0.7518398074789778 -0.6593458151000685 0
    outer loop
      vertex -7.031359342378606 0.7913898577113369 6.779999999999999
      vertex -6.919238815542512 0.9192388155425119 6.779999999999999
      vertex -6.919238815542512 0.9192388155425119 14.78
    endloop
  endfacet
  facet normal 0.6593458151000702 -0.7518398074789763 0
    outer loop
      vertex -6.919238815542512 0.9192388155425119 6.779999999999999
      vertex -6.791389857711337 1.0313593423786058 6.779999999999999
      vertex -6.791389857711337 1.0313593423786058 14.78
    endloop
  endfacet
  facet normal 0.5555702330196012 -0.8314696123025459 0
    outer loop
      vertex -6.791389857711337 1.0313593423786058 6.779999999999999
      vertex -6.65 1.12583302491977 6.779999999999999
      vertex -6.65 1.12583302491977 14.78
    endloop
  endfacet
  facet normal 0.44228869021900086 -0.8968727415326886 0
    outer loop
      vertex -6.65 1.12583302491977 6.779999999999999
      vertex -6.4974884620746165 1.2010433922646728 6.779999999999999
      vertex -6.4974884620746165 1.2010433922646728 14.78
    endloop
  endfacet
  facet normal 0.3214394653031617 -0.9469301294951057 0
    outer loop
      vertex -6.4974884620746165 1.2010433922646728 6.779999999999999
      vertex -6.3364647586332765 1.255703574175789 6.779999999999999
      vertex -6.3364647586332765 1.255703574175789 14.78
    endloop
  endfacet
  facet normal -0.8314696123025447 -0.555570233019603 0
    outer loop
      vertex -4.87416697508023 0.65 6.779999999999999
      vertex -4.87416697508023 0.65 14.78
      vertex -4.968640657621394 0.7913898577113369 6.779999999999999
    endloop
  endfacet
  facet normal 0.19509032201612744 -0.9807852804032305 0
    outer loop
      vertex -6.3364647586332765 1.255703574175789 6.779999999999999
      vertex -6.169684049886067 1.2888783197859535 6.779999999999999
      vertex -6.169684049886067 1.2888783197859535 14.78
    endloop
  endfacet
  facet normal 0.06540312923014377 -0.9978589232386035 0
    outer loop
      vertex -6.169684049886067 1.2888783197859535 6.779999999999999
      vertex -6 1.3 6.779999999999999
      vertex -6 1.3 14.78
    endloop
  endfacet
  facet normal -0.19509032201612744 -0.9807852804032305 0
    outer loop
      vertex -5.6635352413667235 1.255703574175789 6.779999999999999
      vertex -5.6635352413667235 1.255703574175789 14.78
      vertex -5.830315950113933 1.2888783197859535 6.779999999999999
    endloop
  endfacet
  facet normal -0.06540312923014377 -0.9978589232386035 0
    outer loop
      vertex -6 1.3 6.779999999999999
      vertex -5.830315950113933 1.2888783197859535 6.779999999999999
      vertex -5.830315950113933 1.2888783197859535 14.78
    endloop
  endfacet
  facet normal -0.5555702330196012 -0.8314696123025459 0
    outer loop
      vertex -5.35 1.12583302491977 6.779999999999999
      vertex -5.208610142288663 1.0313593423786058 6.779999999999999
      vertex -5.208610142288663 1.0313593423786058 14.78
    endloop
  endfacet
  facet normal -0.7518398074789778 -0.6593458151000685 0
    outer loop
      vertex -4.968640657621394 0.7913898577113369 6.779999999999999
      vertex -4.968640657621394 0.7913898577113369 14.78
      vertex -5.080761184457488 0.9192388155425119 6.779999999999999
    endloop
  endfacet
  facet normal -0.6593458151000702 -0.7518398074789763 0
    outer loop
      vertex -5.080761184457488 0.9192388155425119 6.779999999999999
      vertex -5.080761184457488 0.9192388155425119 14.78
      vertex -5.208610142288663 1.0313593423786058 6.779999999999999
    endloop
  endfacet
  facet normal -0.3214394653031617 -0.9469301294951057 0
    outer loop
      vertex -5.5025115379253835 1.2010433922646728 6.779999999999999
      vertex -5.5025115379253835 1.2010433922646728 14.78
      vertex -5.6635352413667235 1.255703574175789 6.779999999999999
    endloop
  endfacet
  facet normal -0.44228869021900086 -0.8968727415326886 0
    outer loop
      vertex -5.35 1.12583302491977 6.779999999999999
      vertex -5.35 1.12583302491977 14.78
      vertex -5.5025115379253835 1.2010433922646728 6.779999999999999
    endloop
  endfacet
  facet normal -0.9978589232386037 -0.06540312923014115 0
    outer loop
      vertex -4.7 0 6.779999999999999
      vertex -4.7 0 14.78
      vertex -4.711121680214046 0.16968404988606706 6.779999999999999
    endloop
  endfacet
  facet normal -0.9807852804032307 -0.195090322016127 0
    outer loop
      vertex -4.711121680214046 0.16968404988606706 6.779999999999999
      vertex -4.711121680214046 0.16968404988606706 14.78
      vertex -4.744296425824211 0.33646475863327696 6.779999999999999
    endloop
  endfacet
  facet normal -0.9469301294951047 -0.3214394653031644 0
    outer loop
      vertex -4.744296425824211 0.33646475863327696 6.779999999999999
      vertex -4.744296425824211 0.33646475863327696 14.78
      vertex -4.798956607735327 0.4974884620746167 6.779999999999999
    endloop
  endfacet
  facet normal -0.896872741532689 -0.442288690219 0
    outer loop
      vertex -4.798956607735327 0.4974884620746167 6.779999999999999
      vertex -4.798956607735327 0.4974884620746167 14.78
      vertex -4.87416697508023 0.65 6.779999999999999
    endloop
  endfacet
  facet normal 0.9978589232386037 -0.06540312923014115 0
    outer loop
      vertex -7.3 0 6.779999999999999
      vertex -7.288878319785954 0.16968404988606706 14.78
      vertex -7.3 0 14.78
    endloop
  endfacet
  facet normal 0.9807852804032307 -0.195090322016127 0
    outer loop
      vertex -7.288878319785954 0.16968404988606706 6.779999999999999
      vertex -7.255703574175789 0.33646475863327696 14.78
      vertex -7.288878319785954 0.16968404988606706 14.78
    endloop
  endfacet
  facet normal 0.9469301294951047 -0.3214394653031644 0
    outer loop
      vertex -7.255703574175789 0.33646475863327696 6.779999999999999
      vertex -7.201043392264673 0.4974884620746167 14.78
      vertex -7.255703574175789 0.33646475863327696 14.78
    endloop
  endfacet
  facet normal 0.896872741532689 -0.442288690219 0
    outer loop
      vertex -7.201043392264673 0.4974884620746167 6.779999999999999
      vertex -7.12583302491977 0.65 14.78
      vertex -7.201043392264673 0.4974884620746167 14.78
    endloop
  endfacet
  facet normal 0.8314696123025447 -0.555570233019603 0
    outer loop
      vertex -7.12583302491977 0.65 6.779999999999999
      vertex -7.031359342378606 0.7913898577113369 14.78
      vertex -7.12583302491977 0.65 14.78
    endloop
  endfacet
  facet normal 0.7518398074789778 -0.6593458151000685 0
    outer loop
      vertex -7.031359342378606 0.7913898577113369 6.779999999999999
      vertex -6.919238815542512 0.9192388155425119 14.78
      vertex -7.031359342378606 0.7913898577113369 14.78
    endloop
  endfacet
  facet normal 0.6593458151000702 -0.7518398074789763 0
    outer loop
      vertex -6.919238815542512 0.9192388155425119 6.779999999999999
      vertex -6.791389857711337 1.0313593423786058 14.78
      vertex -6.919238815542512 0.9192388155425119 14.78
    endloop
  endfacet
  facet normal 0.5555702330196012 -0.8314696123025459 0
    outer loop
      vertex -6.791389857711337 1.0313593423786058 6.779999999999999
      vertex -6.65 1.12583302491977 14.78
      vertex -6.791389857711337 1.0313593423786058 14.78
    endloop
  endfacet
  facet normal 0.44228869021900086 -0.8968727415326886 0
    outer loop
      vertex -6.65 1.12583302491977 6.779999999999999
      vertex -6.4974884620746165 1.2010433922646728 14.78
      vertex -6.65 1.12583302491977 14.78
    endloop
  endfacet
  facet normal 0.3214394653031617 -0.9469301294951057 0
    outer loop
      vertex -6.4974884620746165 1.2010433922646728 6.779999999999999
      vertex -6.3364647586332765 1.255703574175789 14.78
      vertex -6.4974884620746165 1.2010433922646728 14.78
    endloop
  endfacet
  facet normal 0.19509032201612744 -0.9807852804032305 0
    outer loop
      vertex -6.3364647586332765 1.255703574175789 6.779999999999999
      vertex -6.169684049886067 1.2888783197859535 14.78
      vertex -6.3364647586332765 1.255703574175789 14.78
    endloop
  endfacet
  facet normal 0.06540312923014377 -0.9978589232386035 0
    outer loop
      vertex -6.169684049886067 1.2888783197859535 6.779999999999999
      vertex -6 1.3 14.78
      vertex -6.169684049886067 1.2888783197859535 14.78
    endloop
  endfacet
  facet normal -0.19509032201612744 -0.9807852804032305 0
    outer loop
      vertex -5.830315950113933 1.2888783197859535 6.779999999999999
      vertex -5.6635352413667235 1.255703574175789 14.78
      vertex -5.830315950113933 1.2888783197859535 14.78
    endloop
  endfacet
  facet normal -0.06540312923014377 -0.9978589232386035 0
    outer loop
      vertex -6 1.3 6.779999999999999
      vertex -5.830315950113933 1.2888783197859535 14.78
      vertex -6 1.3 14.78
    endloop
  endfacet
  facet normal -0.5555702330196012 -0.8314696123025459 0
    outer loop
      vertex -5.35 1.12583302491977 6.779999999999999
      vertex -5.208610142288663 1.0313593423786058 14.78
      vertex -5.35 1.12583302491977 14.78
    endloop
  endfacet
  facet normal -0.8314696123025447 -0.555570233019603 0
    outer loop
      vertex -4.968640657621394 0.7913898577113369 6.779999999999999
      vertex -4.87416697508023 0.65 14.78
      vertex -4.968640657621394 0.7913898577113369 14.78
    endloop
  endfacet
  facet normal -0.7518398074789778 -0.6593458151000685 0
    outer loop
      vertex -5.080761184457488 0.9192388155425119 6.779999999999999
      vertex -4.968640657621394 0.7913898577113369 14.78
      vertex -5.080761184457488 0.9192388155425119 14.78
    endloop
  endfacet
  facet normal -0.6593458151000702 -0.7518398074789763 0
    outer loop
      vertex -5.208610142288663 1.0313593423786058 6.779999999999999
      vertex -5.080761184457488 0.9192388155425119 14.78
      vertex -5.208610142288663 1.0313593423786058 14.78
    endloop
  endfacet
  facet normal -0.44228869021900086 -0.8968727415326886 0
    outer loop
      vertex -5.5025115379253835 1.2010433922646728 6.779999999999999
      vertex -5.35 1.12583302491977 14.78
      vertex -5.5025115379253835 1.2010433922646728 14.78
    endloop
  endfacet
  facet normal -0.3214394653031617 -0.9469301294951057 0
    outer loop
      vertex -5.6635352413667235 1.255703574175789 6.779999999999999
      vertex -5.5025115379253835 1.2010433922646728 14.78
      vertex -5.6635352413667235 1.255703574175789 14.78
    endloop
  endfacet
  facet normal -0.9978589232386037 -0.06540312923014115 0
    outer loop
      vertex -4.711121680214046 0.16968404988606706 6.779999999999999
      vertex -4.7 0 14.78
      vertex -4.711121680214046 0.16968404988606706 14.78
    endloop
  endfacet
  facet normal -0.9807852804032307 -0.195090322016127 0
    outer loop
      vertex -4.744296425824211 0.33646475863327696 6.779999999999999
      vertex -4.711121680214046 0.16968404988606706 14.78
      vertex -4.744296425824211 0.33646475863327696 14.78
    endloop
  endfacet
  facet normal -0.9469301294951047 -0.3214394653031644 0
    outer loop
      vertex -4.798956607735327 0.4974884620746167 6.779999999999999
      vertex -4.744296425824211 0.33646475863327696 14.78
      vertex -4.798956607735327 0.4974884620746167 14.78
    endloop
  endfacet
  facet normal -0.896872741532689 -0.442288690219 0
    outer loop
      vertex -4.87416697508023 0.65 6.779999999999999
      vertex -4.798956607735327 0.4974884620746167 14.78
      vertex -4.87416697508023 0.65 14.78
    endloop
  endfacet
  facet normal 0 0 1
    outer loop
      vertex 11.968640657621394 -0.7913898577113369 6.779999999999999
      vertex 11.968640657621394 0.7913898577113369 6.779999999999999
      vertex 11.87416697508023 -0.65 6.779999999999999
    endloop
  endfacet
  facet normal 0 0 1
    outer loop
      vertex 12.080761184457488 -0.9192388155425119 6.779999999999999
      vertex 12.080761184457488 0.9192388155425119 6.779999999999999
      vertex 11.968640657621394 -0.7913898577113369 6.779999999999999
    endloop
  endfacet
  facet normal 0 0 1
    outer loop
      vertex 11.87416697508023 -0.65 6.779999999999999
      vertex 11.87416697508023 0.65 6.779999999999999
      vertex 11.798956607735327 -0.4974884620746167 6.779999999999999
    endloop
  endfacet
  facet normal 0 0 1
    outer loop
      vertex 11.798956607735327 -0.4974884620746167 6.779999999999999
      vertex 11.798956607735327 0.4974884620746167 6.779999999999999
      vertex 11.744296425824212 -0.33646475863327696 6.779999999999999
    endloop
  endfacet
  facet normal 0 0 1
    outer loop
      vertex 11.744296425824212 -0.33646475863327696 6.779999999999999
      vertex 11.744296425824212 0.33646475863327696 6.779999999999999
      vertex 11.711121680214047 -0.16968404988606706 6.779999999999999
    endloop
  endfacet
  facet normal 0 0 1
    outer loop
      vertex 12.208610142288663 -1.0313593423786058 6.779999999999999
      vertex 12.208610142288663 1.0313593423786058 6.779999999999999
      vertex 12.080761184457488 -0.9192388155425119 6.779999999999999
    endloop
  endfacet
  facet normal 0 0 1
    outer loop
      vertex 12.208610142288663 -1.0313593423786058 6.779999999999999
      vertex 12.35 -1.12583302491977 6.779999999999999
      vertex 12.35 1.12583302491977 6.779999999999999
    endloop
  endfacet
  facet normal 0 0 1
    outer loop
      vertex 12.502511537925383 -1.2010433922646728 6.779999999999999
      vertex 12.502511537925383 1.2010433922646728 6.779999999999999
      vertex 12.35 -1.12583302491977 6.779999999999999
    endloop
  endfacet
  facet normal 0 0 1
    outer loop
      vertex 12.663535241366723 -1.255703574175789 6.779999999999999
      vertex 12.663535241366723 1.255703574175789 6.779999999999999
      vertex 12.502511537925383 -1.2010433922646728 6.779999999999999
    endloop
  endfacet
  facet normal 0 0 1
    outer loop
      vertex 12.830315950113933 -1.2888783197859535 6.779999999999999
      vertex 12.830315950113933 1.2888783197859535 6.779999999999999
      vertex 12.663535241366723 -1.255703574175789 6.779999999999999
    endloop
  endfacet
  facet normal 0 0 1
    outer loop
      vertex 12.830315950113933 -1.2888783197859535 6.779999999999999
      vertex 13 -1.3 6.779999999999999
      vertex 13 1.3 6.779999999999999
    endloop
  endfacet
  facet normal 0 0 1
    outer loop
      vertex 13 -1.3 6.779999999999999
      vertex 13.169684049886067 -1.2888783197859535 6.779999999999999
      vertex 13.169684049886067 1.2888783197859535 6.779999999999999
    endloop
  endfacet
  facet normal 0 0 1
    outer loop
      vertex 13.169684049886067 -1.2888783197859535 6.779999999999999
      vertex 13.336464758633277 -1.255703574175789 6.779999999999999
      vertex 13.336464758633277 1.255703574175789 6.779999999999999
    endloop
  endfacet
  facet normal 0 0 1
    outer loop
      vertex 13.336464758633277 -1.255703574175789 6.779999999999999
      vertex 13.497488462074617 -1.2010433922646728 6.779999999999999
      vertex 13.497488462074617 1.2010433922646728 6.779999999999999
    endloop
  endfacet
  facet normal 0 0 1
    outer loop
      vertex 13.497488462074617 -1.2010433922646728 6.779999999999999
      vertex 13.65 -1.12583302491977 6.779999999999999
      vertex 13.65 1.12583302491977 6.779999999999999
    endloop
  endfacet
  facet normal 0 0 1
    outer loop
      vertex 13.65 -1.12583302491977 6.779999999999999
      vertex 13.791389857711337 -1.0313593423786058 6.779999999999999
      vertex 13.791389857711337 1.0313593423786058 6.779999999999999
    endloop
  endfacet
  facet normal 0 0 1
    outer loop
      vertex 13.791389857711337 -1.0313593423786058 6.779999999999999
      vertex 13.919238815542512 -0.9192388155425119 6.779999999999999
      vertex 13.919238815542512 0.9192388155425119 6.779999999999999
    endloop
  endfacet
  facet normal 0 0 1
    outer loop
      vertex 13.919238815542512 -0.9192388155425119 6.779999999999999
      vertex 14.031359342378606 -0.7913898577113369 6.779999999999999
      vertex 14.031359342378606 0.7913898577113369 6.779999999999999
    endloop
  endfacet
  facet normal 0 0 1
    outer loop
      vertex 14.031359342378606 -0.7913898577113369 6.779999999999999
      vertex 14.12583302491977 -0.65 6.779999999999999
      vertex 14.12583302491977 0.65 6.779999999999999
    endloop
  endfacet
  facet normal 0 0 1
    outer loop
      vertex 14.12583302491977 -0.65 6.779999999999999
      vertex 14.201043392264673 -0.4974884620746167 6.779999999999999
      vertex 14.201043392264673 0.4974884620746167 6.779999999999999
    endloop
  endfacet
  facet normal 0 0 1
    outer loop
      vertex 14.201043392264673 -0.4974884620746167 6.779999999999999
      vertex 14.255703574175788 -0.33646475863327696 6.779999999999999
      vertex 14.255703574175788 0.33646475863327696 6.779999999999999
    endloop
  endfacet
  facet normal 0 0 1
    outer loop
      vertex 14.255703574175788 -0.33646475863327696 6.779999999999999
      vertex 14.288878319785953 -0.16968404988606706 6.779999999999999
      vertex 14.288878319785953 0.16968404988606706 6.779999999999999
    endloop
  endfacet
  facet normal 0.44228869021900286 0.8968727415326875 0
    outer loop
      vertex 12.502511537925383 -1.2010433922646728 6.779999999999999
      vertex 12.35 -1.12583302491977 6.779999999999999
      vertex 12.35 -1.12583302491977 14.78
    endloop
  endfacet
  facet normal 0.7518398074789778 0.6593458151000685 0
    outer loop
      vertex 12.080761184457488 -0.9192388155425119 6.779999999999999
      vertex 11.968640657621394 -0.7913898577113369 6.779999999999999
      vertex 11.968640657621394 -0.7913898577113369 14.78
    endloop
  endfacet
  facet normal 0.6593458151000702 0.7518398074789763 0
    outer loop
      vertex 12.208610142288663 -1.0313593423786058 6.779999999999999
      vertex 12.080761184457488 -0.9192388155425119 6.779999999999999
      vertex 12.080761184457488 -0.9192388155425119 14.78
    endloop
  endfacet
  facet normal 0.5555702330196012 0.8314696123025459 0
    outer loop
      vertex 12.208610142288663 -1.0313593423786058 6.779999999999999
      vertex 12.208610142288663 -1.0313593423786058 14.78
      vertex 12.35 -1.12583302491977 6.779999999999999
    endloop
  endfacet
  facet normal 0.32143946530316014 0.9469301294951062 0
    outer loop
      vertex 12.663535241366723 -1.255703574175789 6.779999999999999
      vertex 12.502511537925383 -1.2010433922646728 6.779999999999999
      vertex 12.502511537925383 -1.2010433922646728 14.78
    endloop
  endfacet
  facet normal 0.19509032201612744 0.9807852804032305 0
    outer loop
      vertex 12.830315950113933 -1.2888783197859535 6.779999999999999
      vertex 12.663535241366723 -1.255703574175789 6.779999999999999
      vertex 12.663535241366723 -1.255703574175789 14.78
    endloop
  endfacet
  facet normal 0.06540312923014377 0.9978589232386035 0
    outer loop
      vertex 12.830315950113933 -1.2888783197859535 6.779999999999999
      vertex 12.830315950113933 -1.2888783197859535 14.78
      vertex 13 -1.3 6.779999999999999
    endloop
  endfacet
  facet normal -0.06540312923014377 0.9978589232386035 0
    outer loop
      vertex 13 -1.3 6.779999999999999
      vertex 13 -1.3 14.78
      vertex 13.169684049886067 -1.2888783197859535 6.779999999999999
    endloop
  endfacet
  facet normal 0.8314696123025471 0.5555702330195994 0
    outer loop
      vertex 11.968640657621394 -0.7913898577113369 6.779999999999999
      vertex 11.87416697508023 -0.65 6.779999999999999
      vertex 11.87416697508023 -0.65 14.78
    endloop
  endfacet
  facet normal 0.8968727415326868 0.4422886902190042 0
    outer loop
      vertex 11.87416697508023 -0.65 6.779999999999999
      vertex 11.798956607735327 -0.4974884620746167 6.779999999999999
      vertex 11.798956607735327 -0.4974884620746167 14.78
    endloop
  endfacet
  facet normal 0.9469301294951064 0.32143946530315975 0
    outer loop
      vertex 11.798956607735327 -0.4974884620746167 6.779999999999999
      vertex 11.744296425824212 -0.33646475863327696 6.779999999999999
      vertex 11.744296425824212 -0.33646475863327696 14.78
    endloop
  endfacet
  facet normal 0.9807852804032307 0.195090322016127 0
    outer loop
      vertex 11.744296425824212 -0.33646475863327696 6.779999999999999
      vertex 11.711121680214047 -0.16968404988606706 6.779999999999999
      vertex 11.711121680214047 -0.16968404988606706 14.78
    endloop
  endfacet
  facet normal 0.997858923238603 0.06540312923015155 0
    outer loop
      vertex 11.711121680214047 -0.16968404988606706 6.779999999999999
      vertex 11.7 0 6.779999999999999
      vertex 11.7 0 14.78
    endloop
  endfacet
  facet normal -0.19509032201612744 0.9807852804032305 0
    outer loop
      vertex 13.169684049886067 -1.2888783197859535 6.779999999999999
      vertex 13.169684049886067 -1.2888783197859535 14.78
      vertex 13.336464758633277 -1.255703574175789 6.779999999999999
    endloop
  endfacet
  facet normal -0.32143946530316014 0.9469301294951062 0
    outer loop
      vertex 13.336464758633277 -1.255703574175789 6.779999999999999
      vertex 13.336464758633277 -1.255703574175789 14.78
      vertex 13.497488462074617 -1.2010433922646728 6.779999999999999
    endloop
  endfacet
  facet normal -0.44228869021900286 0.8968727415326875 0
    outer loop
      vertex 13.497488462074617 -1.2010433922646728 6.779999999999999
      vertex 13.497488462074617 -1.2010433922646728 14.78
      vertex 13.65 -1.12583302491977 6.779999999999999
    endloop
  endfacet
  facet normal -0.5555702330196012 0.8314696123025459 0
    outer loop
      vertex 13.65 -1.12583302491977 6.779999999999999
      vertex 13.65 -1.12583302491977 14.78
      vertex 13.791389857711337 -1.0313593423786058 6.779999999999999
    endloop
  endfacet
  facet normal -0.6593458151000702 0.7518398074789763 0
    outer loop
      vertex 13.791389857711337 -1.0313593423786058 6.779999999999999
      vertex 13.791389857711337 -1.0313593423786058 14.78
      vertex 13.919238815542512 -0.9192388155425119 6.779999999999999
    endloop
  endfacet
  facet normal -0.7518398074789778 0.6593458151000685 0
    outer loop
      vertex 13.919238815542512 -0.9192388155425119 6.779999999999999
      vertex 13.919238815542512 -0.9192388155425119 14.78
      vertex 14.031359342378606 -0.7913898577113369 6.779999999999999
    endloop
  endfacet
  facet normal -0.8314696123025471 0.5555702330195994 0
    outer loop
      vertex 14.031359342378606 -0.7913898577113369 6.779999999999999
      vertex 14.031359342378606 -0.7913898577113369 14.78
      vertex 14.12583302491977 -0.65 6.779999999999999
    endloop
  endfacet
  facet normal -0.8968727415326868 0.4422886902190042 0
    outer loop
      vertex 14.12583302491977 -0.65 6.779999999999999
      vertex 14.12583302491977 -0.65 14.78
      vertex 14.201043392264673 -0.4974884620746167 6.779999999999999
    endloop
  endfacet
  facet normal -0.9469301294951064 0.32143946530315975 0
    outer loop
      vertex 14.201043392264673 -0.4974884620746167 6.779999999999999
      vertex 14.201043392264673 -0.4974884620746167 14.78
      vertex 14.255703574175788 -0.33646475863327696 6.779999999999999
    endloop
  endfacet
  facet normal -0.9807852804032307 0.195090322016127 0
    outer loop
      vertex 14.255703574175788 -0.33646475863327696 6.779999999999999
      vertex 14.255703574175788 -0.33646475863327696 14.78
      vertex 14.288878319785953 -0.16968404988606706 6.779999999999999
    endloop
  endfacet
  facet normal -0.997858923238603 0.06540312923015155 0
    outer loop
      vertex 14.288878319785953 -0.16968404988606706 6.779999999999999
      vertex 14.288878319785953 -0.16968404988606706 14.78
      vertex 14.3 0 6.779999999999999
    endloop
  endfacet
  facet normal 0.7518398074789778 0.6593458151000685 0
    outer loop
      vertex 12.080761184457488 -0.9192388155425119 6.779999999999999
      vertex 11.968640657621394 -0.7913898577113369 14.78
      vertex 12.080761184457488 -0.9192388155425119 14.78
    endloop
  endfacet
  facet normal 0.8314696123025471 0.5555702330195994 0
    outer loop
      vertex 11.968640657621394 -0.7913898577113369 6.779999999999999
      vertex 11.87416697508023 -0.65 14.78
      vertex 11.968640657621394 -0.7913898577113369 14.78
    endloop
  endfacet
  facet normal 0.6593458151000702 0.7518398074789763 0
    outer loop
      vertex 12.208610142288663 -1.0313593423786058 6.779999999999999
      vertex 12.080761184457488 -0.9192388155425119 14.78
      vertex 12.208610142288663 -1.0313593423786058 14.78
    endloop
  endfacet
  facet normal 0.5555702330196012 0.8314696123025459 0
    outer loop
      vertex 12.35 -1.12583302491977 6.779999999999999
      vertex 12.208610142288663 -1.0313593423786058 14.78
      vertex 12.35 -1.12583302491977 14.78
    endloop
  endfacet
  facet normal 0.32143946530316014 0.9469301294951062 0
    outer loop
      vertex 12.663535241366723 -1.255703574175789 6.779999999999999
      vertex 12.502511537925383 -1.2010433922646728 14.78
      vertex 12.663535241366723 -1.255703574175789 14.78
    endloop
  endfacet
  facet normal 0.44228869021900286 0.8968727415326875 0
    outer loop
      vertex 12.502511537925383 -1.2010433922646728 6.779999999999999
      vertex 12.35 -1.12583302491977 14.78
      vertex 12.502511537925383 -1.2010433922646728 14.78
    endloop
  endfacet
  facet normal 0.19509032201612744 0.9807852804032305 0
    outer loop
      vertex 12.830315950113933 -1.2888783197859535 6.779999999999999
      vertex 12.663535241366723 -1.255703574175789 14.78
      vertex 12.830315950113933 -1.2888783197859535 14.78
    endloop
  endfacet
  facet normal 0.06540312923014377 0.9978589232386035 0
    outer loop
      vertex 13 -1.3 6.779999999999999
      vertex 12.830315950113933 -1.2888783197859535 14.78
      vertex 13 -1.3 14.78
    endloop
  endfacet
  facet normal -0.06540312923014377 0.9978589232386035 0
    outer loop
      vertex 13.169684049886067 -1.2888783197859535 6.779999999999999
      vertex 13 -1.3 14.78
      vertex 13.169684049886067 -1.2888783197859535 14.78
    endloop
  endfacet
  facet normal 0.8968727415326868 0.4422886902190042 0
    outer loop
      vertex 11.87416697508023 -0.65 6.779999999999999
      vertex 11.798956607735327 -0.4974884620746167 14.78
      vertex 11.87416697508023 -0.65 14.78
    endloop
  endfacet
  facet normal 0.9469301294951064 0.32143946530315975 0
    outer loop
      vertex 11.798956607735327 -0.4974884620746167 6.779999999999999
      vertex 11.744296425824212 -0.33646475863327696 14.78
      vertex 11.798956607735327 -0.4974884620746167 14.78
    endloop
  endfacet
  facet normal 0.9807852804032307 0.195090322016127 0
    outer loop
      vertex 11.744296425824212 -0.33646475863327696 6.779999999999999
      vertex 11.711121680214047 -0.16968404988606706 14.78
      vertex 11.744296425824212 -0.33646475863327696 14.78
    endloop
  endfacet
  facet normal 0.997858923238603 0.06540312923015155 0
    outer loop
      vertex 11.711121680214047 -0.16968404988606706 6.779999999999999
      vertex 11.7 0 14.78
      vertex 11.711121680214047 -0.16968404988606706 14.78
    endloop
  endfacet
  facet normal -0.19509032201612744 0.9807852804032305 0
    outer loop
      vertex 13.336464758633277 -1.255703574175789 6.779999999999999
      vertex 13.169684049886067 -1.2888783197859535 14.78
      vertex 13.336464758633277 -1.255703574175789 14.78
    endloop
  endfacet
  facet normal -0.32143946530316014 0.9469301294951062 0
    outer loop
      vertex 13.497488462074617 -1.2010433922646728 6.779999999999999
      vertex 13.336464758633277 -1.255703574175789 14.78
      vertex 13.497488462074617 -1.2010433922646728 14.78
    endloop
  endfacet
  facet normal -0.44228869021900286 0.8968727415326875 0
    outer loop
      vertex 13.65 -1.12583302491977 6.779999999999999
      vertex 13.497488462074617 -1.2010433922646728 14.78
      vertex 13.65 -1.12583302491977 14.78
    endloop
  endfacet
  facet normal -0.5555702330196012 0.8314696123025459 0
    outer loop
      vertex 13.791389857711337 -1.0313593423786058 6.779999999999999
      vertex 13.65 -1.12583302491977 14.78
      vertex 13.791389857711337 -1.0313593423786058 14.78
    endloop
  endfacet
  facet normal -0.6593458151000702 0.7518398074789763 0
    outer loop
      vertex 13.919238815542512 -0.9192388155425119 6.779999999999999
      vertex 13.791389857711337 -1.0313593423786058 14.78
      vertex 13.919238815542512 -0.9192388155425119 14.78
    endloop
  endfacet
  facet normal -0.7518398074789778 0.6593458151000685 0
    outer loop
      vertex 14.031359342378606 -0.7913898577113369 6.779999999999999
      vertex 13.919238815542512 -0.9192388155425119 14.78
      vertex 14.031359342378606 -0.7913898577113369 14.78
    endloop
  endfacet
  facet normal -0.8314696123025471 0.5555702330195994 0
    outer loop
      vertex 14.12583302491977 -0.65 6.779999999999999
      vertex 14.031359342378606 -0.7913898577113369 14.78
      vertex 14.12583302491977 -0.65 14.78
    endloop
  endfacet
  facet normal -0.8968727415326868 0.4422886902190042 0
    outer loop
      vertex 14.201043392264673 -0.4974884620746167 6.779999999999999
      vertex 14.12583302491977 -0.65 14.78
      vertex 14.201043392264673 -0.4974884620746167 14.78
    endloop
  endfacet
  facet normal -0.9469301294951064 0.32143946530315975 0
    outer loop
      vertex 14.255703574175788 -0.33646475863327696 6.779999999999999
      vertex 14.201043392264673 -0.4974884620746167 14.78
      vertex 14.255703574175788 -0.33646475863327696 14.78
    endloop
  endfacet
  facet normal -0.9807852804032307 0.195090322016127 0
    outer loop
      vertex 14.288878319785953 -0.16968404988606706 6.779999999999999
      vertex 14.255703574175788 -0.33646475863327696 14.78
      vertex 14.288878319785953 -0.16968404988606706 14.78
    endloop
  endfacet
  facet normal -0.997858923238603 0.06540312923015155 0
    outer loop
      vertex 14.3 0 6.779999999999999
      vertex 14.288878319785953 -0.16968404988606706 14.78
      vertex 14.3 0 14.78
    endloop
  endfacet
  facet normal 0 0 1
    outer loop
      vertex 11.711121680214047 -0.16968404988606706 6.779999999999999
      vertex 11.711121680214047 0.16968404988606706 6.779999999999999
      vertex 11.7 0 6.779999999999999
    endloop
  endfacet
  facet normal 0 0 1
    outer loop
      vertex 11.711121680214047 -0.16968404988606706 6.779999999999999
      vertex 11.744296425824212 0.33646475863327696 6.779999999999999
      vertex 11.711121680214047 0.16968404988606706 6.779999999999999
    endloop
  endfacet
  facet normal 0 0 1
    outer loop
      vertex 11.744296425824212 -0.33646475863327696 6.779999999999999
      vertex 11.798956607735327 0.4974884620746167 6.779999999999999
      vertex 11.744296425824212 0.33646475863327696 6.779999999999999
    endloop
  endfacet
  facet normal 0 0 1
    outer loop
      vertex 11.798956607735327 -0.4974884620746167 6.779999999999999
      vertex 11.87416697508023 0.65 6.779999999999999
      vertex 11.798956607735327 0.4974884620746167 6.779999999999999
    endloop
  endfacet
  facet normal 0 0 1
    outer loop
      vertex 11.87416697508023 -0.65 6.779999999999999
      vertex 11.968640657621394 0.7913898577113369 6.779999999999999
      vertex 11.87416697508023 0.65 6.779999999999999
    endloop
  endfacet
  facet normal 0 0 1
    outer loop
      vertex 11.968640657621394 -0.7913898577113369 6.779999999999999
      vertex 12.080761184457488 0.9192388155425119 6.779999999999999
      vertex 11.968640657621394 0.7913898577113369 6.779999999999999
    endloop
  endfacet
  facet normal 0 0 1
    outer loop
      vertex 12.080761184457488 -0.9192388155425119 6.779999999999999
      vertex 12.208610142288663 1.0313593423786058 6.779999999999999
      vertex 12.080761184457488 0.9192388155425119 6.779999999999999
    endloop
  endfacet
  facet normal 0 0 1
    outer loop
      vertex 12.208610142288663 -1.0313593423786058 6.779999999999999
      vertex 12.35 1.12583302491977 6.779999999999999
      vertex 12.208610142288663 1.0313593423786058 6.779999999999999
    endloop
  endfacet
  facet normal 0 0 1
    outer loop
      vertex 12.35 -1.12583302491977 6.779999999999999
      vertex 12.502511537925383 1.2010433922646728 6.779999999999999
      vertex 12.35 1.12583302491977 6.779999999999999
    endloop
  endfacet
  facet normal 0 0 1
    outer loop
      vertex 12.502511537925383 -1.2010433922646728 6.779999999999999
      vertex 12.663535241366723 1.255703574175789 6.779999999999999
      vertex 12.502511537925383 1.2010433922646728 6.779999999999999
    endloop
  endfacet
  facet normal 0 0 1
    outer loop
      vertex 12.663535241366723 -1.255703574175789 6.779999999999999
      vertex 12.830315950113933 1.2888783197859535 6.779999999999999
      vertex 12.663535241366723 1.255703574175789 6.779999999999999
    endloop
  endfacet
  facet normal 0 0 1
    outer loop
      vertex 12.830315950113933 -1.2888783197859535 6.779999999999999
      vertex 13 1.3 6.779999999999999
      vertex 12.830315950113933 1.2888783197859535 6.779999999999999
    endloop
  endfacet
  facet normal 0 0 1
    outer loop
      vertex 13 -1.3 6.779999999999999
      vertex 13.169684049886067 1.2888783197859535 6.779999999999999
      vertex 13 1.3 6.779999999999999
    endloop
  endfacet
  facet normal 0 0 1
    outer loop
      vertex 13.65 -1.12583302491977 6.779999999999999
      vertex 13.791389857711337 1.0313593423786058 6.779999999999999
      vertex 13.65 1.12583302491977 6.779999999999999
    endloop
  endfacet
  facet normal 0 0 1
    outer loop
      vertex 13.791389857711337 -1.0313593423786058 6.779999999999999
      vertex 13.919238815542512 0.9192388155425119 6.779999999999999
      vertex 13.791389857711337 1.0313593423786058 6.779999999999999
    endloop
  endfacet
  facet normal 0 0 1
    outer loop
      vertex 13.169684049886067 -1.2888783197859535 6.779999999999999
      vertex 13.336464758633277 1.255703574175789 6.779999999999999
      vertex 13.169684049886067 1.2888783197859535 6.779999999999999
    endloop
  endfacet
  facet normal 0 0 1
    outer loop
      vertex 13.336464758633277 -1.255703574175789 6.779999999999999
      vertex 13.497488462074617 1.2010433922646728 6.779999999999999
      vertex 13.336464758633277 1.255703574175789 6.779999999999999
    endloop
  endfacet
  facet normal 0 0 1
    outer loop
      vertex 13.497488462074617 -1.2010433922646728 6.779999999999999
      vertex 13.65 1.12583302491977 6.779999999999999
      vertex 13.497488462074617 1.2010433922646728 6.779999999999999
    endloop
  endfacet
  facet normal 0 0 1
    outer loop
      vertex 14.288878319785953 -0.16968404988606706 6.779999999999999
      vertex 14.3 0 6.779999999999999
      vertex 14.288878319785953 0.16968404988606706 6.779999999999999
    endloop
  endfacet
  facet normal 0 0 1
    outer loop
      vertex 14.255703574175788 -0.33646475863327696 6.779999999999999
      vertex 14.288878319785953 0.16968404988606706 6.779999999999999
      vertex 14.255703574175788 0.33646475863327696 6.779999999999999
    endloop
  endfacet
  facet normal 0 0 1
    outer loop
      vertex 14.12583302491977 -0.65 6.779999999999999
      vertex 14.201043392264673 0.4974884620746167 6.779999999999999
      vertex 14.12583302491977 0.65 6.779999999999999
    endloop
  endfacet
  facet normal 0 0 1
    outer loop
      vertex 14.201043392264673 -0.4974884620746167 6.779999999999999
      vertex 14.255703574175788 0.33646475863327696 6.779999999999999
      vertex 14.201043392264673 0.4974884620746167 6.779999999999999
    endloop
  endfacet
  facet normal 0 0 1
    outer loop
      vertex 13.919238815542512 -0.9192388155425119 6.779999999999999
      vertex 14.031359342378606 0.7913898577113369 6.779999999999999
      vertex 13.919238815542512 0.9192388155425119 6.779999999999999
    endloop
  endfacet
  facet normal 0 0 1
    outer loop
      vertex 14.031359342378606 -0.7913898577113369 6.779999999999999
      vertex 14.12583302491977 0.65 6.779999999999999
      vertex 14.031359342378606 0.7913898577113369 6.779999999999999
    endloop
  endfacet
  facet normal 0.997858923238603 -0.06540312923015155 0
    outer loop
      vertex 11.7 0 6.779999999999999
      vertex 11.711121680214047 0.16968404988606706 6.779999999999999
      vertex 11.711121680214047 0.16968404988606706 14.78
    endloop
  endfacet
  facet normal 0.9807852804032307 -0.195090322016127 0
    outer loop
      vertex 11.711121680214047 0.16968404988606706 6.779999999999999
      vertex 11.744296425824212 0.33646475863327696 6.779999999999999
      vertex 11.744296425824212 0.33646475863327696 14.78
    endloop
  endfacet
  facet normal 0.9469301294951064 -0.32143946530315975 0
    outer loop
      vertex 11.744296425824212 0.33646475863327696 6.779999999999999
      vertex 11.798956607735327 0.4974884620746167 6.779999999999999
      vertex 11.798956607735327 0.4974884620746167 14.78
    endloop
  endfacet
  facet normal 0.8968727415326868 -0.4422886902190042 0
    outer loop
      vertex 11.798956607735327 0.4974884620746167 6.779999999999999
      vertex 11.87416697508023 0.65 6.779999999999999
      vertex 11.87416697508023 0.65 14.78
    endloop
  endfacet
  facet normal 0.8314696123025471 -0.5555702330195994 0
    outer loop
      vertex 11.87416697508023 0.65 6.779999999999999
      vertex 11.968640657621394 0.7913898577113369 6.779999999999999
      vertex 11.968640657621394 0.7913898577113369 14.78
    endloop
  endfacet
  facet normal 0.7518398074789778 -0.6593458151000685 0
    outer loop
      vertex 11.968640657621394 0.7913898577113369 6.779999999999999
      vertex 12.080761184457488 0.9192388155425119 6.779999999999999
      vertex 12.080761184457488 0.9192388155425119 14.78
    endloop
  endfacet
  facet normal 0.6593458151000702 -0.7518398074789763 0
    outer loop
      vertex 12.080761184457488 0.9192388155425119 6.779999999999999
      vertex 12.208610142288663 1.0313593423786058 6.779999999999999
      vertex 12.208610142288663 1.0313593423786058 14.78
    endloop
  endfacet
  facet normal 0.5555702330196012 -0.8314696123025459 0
    outer loop
      vertex 12.208610142288663 1.0313593423786058 6.779999999999999
      vertex 12.35 1.12583302491977 6.779999999999999
      vertex 12.35 1.12583302491977 14.78
    endloop
  endfacet
  facet normal 0.44228869021900286 -0.8968727415326875 0
    outer loop
      vertex 12.35 1.12583302491977 6.779999999999999
      vertex 12.502511537925383 1.2010433922646728 6.779999999999999
      vertex 12.502511537925383 1.2010433922646728 14.78
    endloop
  endfacet
  facet normal 0.32143946530316014 -0.9469301294951062 0
    outer loop
      vertex 12.502511537925383 1.2010433922646728 6.779999999999999
      vertex 12.663535241366723 1.255703574175789 6.779999999999999
      vertex 12.663535241366723 1.255703574175789 14.78
    endloop
  endfacet
  facet normal 0.19509032201612744 -0.9807852804032305 0
    outer loop
      vertex 12.663535241366723 1.255703574175789 6.779999999999999
      vertex 12.830315950113933 1.2888783197859535 6.779999999999999
      vertex 12.830315950113933 1.2888783197859535 14.78
    endloop
  endfacet
  facet normal 0.06540312923014377 -0.9978589232386035 0
    outer loop
      vertex 12.830315950113933 1.2888783197859535 6.779999999999999
      vertex 13 1.3 6.779999999999999
      vertex 13 1.3 14.78
    endloop
  endfacet
  facet normal -0.06540312923014377 -0.9978589232386035 0
    outer loop
      vertex 13 1.3 6.779999999999999
      vertex 13.169684049886067 1.2888783197859535 6.779999999999999
      vertex 13.169684049886067 1.2888783197859535 14.78
    endloop
  endfacet
  facet normal -0.997858923238603 -0.06540312923015155 0
    outer loop
      vertex 14.3 0 6.779999999999999
      vertex 14.3 0 14.78
      vertex 14.288878319785953 0.16968404988606706 6.779999999999999
    endloop
  endfacet
  facet normal -0.9807852804032307 -0.195090322016127 0
    outer loop
      vertex 14.288878319785953 0.16968404988606706 6.779999999999999
      vertex 14.288878319785953 0.16968404988606706 14.78
      vertex 14.255703574175788 0.33646475863327696 6.779999999999999
    endloop
  endfacet
  facet normal -0.9469301294951064 -0.32143946530315975 0
    outer loop
      vertex 14.255703574175788 0.33646475863327696 6.779999999999999
      vertex 14.255703574175788 0.33646475863327696 14.78
      vertex 14.201043392264673 0.4974884620746167 6.779999999999999
    endloop
  endfacet
  facet normal -0.8968727415326868 -0.4422886902190042 0
    outer loop
      vertex 14.201043392264673 0.4974884620746167 6.779999999999999
      vertex 14.201043392264673 0.4974884620746167 14.78
      vertex 14.12583302491977 0.65 6.779999999999999
    endloop
  endfacet
  facet normal -0.8314696123025471 -0.5555702330195994 0
    outer loop
      vertex 14.12583302491977 0.65 6.779999999999999
      vertex 14.12583302491977 0.65 14.78
      vertex 14.031359342378606 0.7913898577113369 6.779999999999999
    endloop
  endfacet
  facet normal -0.6593458151000702 -0.7518398074789763 0
    outer loop
      vertex 13.919238815542512 0.9192388155425119 6.779999999999999
      vertex 13.919238815542512 0.9192388155425119 14.78
      vertex 13.791389857711337 1.0313593423786058 6.779999999999999
    endloop
  endfacet
  facet normal -0.5555702330196012 -0.8314696123025459 0
    outer loop
      vertex 13.791389857711337 1.0313593423786058 6.779999999999999
      vertex 13.791389857711337 1.0313593423786058 14.78
      vertex 13.65 1.12583302491977 6.779999999999999
    endloop
  endfacet
  facet normal -0.19509032201612744 -0.9807852804032305 0
    outer loop
      vertex 13.169684049886067 1.2888783197859535 6.779999999999999
      vertex 13.336464758633277 1.255703574175789 6.779999999999999
      vertex 13.336464758633277 1.255703574175789 14.78
    endloop
  endfacet
  facet normal -0.32143946530316014 -0.9469301294951062 0
    outer loop
      vertex 13.497488462074617 1.2010433922646728 6.779999999999999
      vertex 13.497488462074617 1.2010433922646728 14.78
      vertex 13.336464758633277 1.255703574175789 6.779999999999999
    endloop
  endfacet
  facet normal -0.44228869021900286 -0.8968727415326875 0
    outer loop
      vertex 13.65 1.12583302491977 6.779999999999999
      vertex 13.65 1.12583302491977 14.78
      vertex 13.497488462074617 1.2010433922646728 6.779999999999999
    endloop
  endfacet
  facet normal -0.7518398074789778 -0.6593458151000685 0
    outer loop
      vertex 14.031359342378606 0.7913898577113369 6.779999999999999
      vertex 14.031359342378606 0.7913898577113369 14.78
      vertex 13.919238815542512 0.9192388155425119 6.779999999999999
    endloop
  endfacet
  facet normal 0.997858923238603 -0.06540312923015155 0
    outer loop
      vertex 11.7 0 6.779999999999999
      vertex 11.711121680214047 0.16968404988606706 14.78
      vertex 11.7 0 14.78
    endloop
  endfacet
  facet normal 0.9807852804032307 -0.195090322016127 0
    outer loop
      vertex 11.711121680214047 0.16968404988606706 6.779999999999999
      vertex 11.744296425824212 0.33646475863327696 14.78
      vertex 11.711121680214047 0.16968404988606706 14.78
    endloop
  endfacet
  facet normal 0.9469301294951064 -0.32143946530315975 0
    outer loop
      vertex 11.744296425824212 0.33646475863327696 6.779999999999999
      vertex 11.798956607735327 0.4974884620746167 14.78
      vertex 11.744296425824212 0.33646475863327696 14.78
    endloop
  endfacet
  facet normal 0.8968727415326868 -0.4422886902190042 0
    outer loop
      vertex 11.798956607735327 0.4974884620746167 6.779999999999999
      vertex 11.87416697508023 0.65 14.78
      vertex 11.798956607735327 0.4974884620746167 14.78
    endloop
  endfacet
  facet normal 0.8314696123025471 -0.5555702330195994 0
    outer loop
      vertex 11.87416697508023 0.65 6.779999999999999
      vertex 11.968640657621394 0.7913898577113369 14.78
      vertex 11.87416697508023 0.65 14.78
    endloop
  endfacet
  facet normal 0.7518398074789778 -0.6593458151000685 0
    outer loop
      vertex 11.968640657621394 0.7913898577113369 6.779999999999999
      vertex 12.080761184457488 0.9192388155425119 14.78
      vertex 11.968640657621394 0.7913898577113369 14.78
    endloop
  endfacet
  facet normal 0.6593458151000702 -0.7518398074789763 0
    outer loop
      vertex 12.080761184457488 0.9192388155425119 6.779999999999999
      vertex 12.208610142288663 1.0313593423786058 14.78
      vertex 12.080761184457488 0.9192388155425119 14.78
    endloop
  endfacet
  facet normal 0.5555702330196012 -0.8314696123025459 0
    outer loop
      vertex 12.208610142288663 1.0313593423786058 6.779999999999999
      vertex 12.35 1.12583302491977 14.78
      vertex 12.208610142288663 1.0313593423786058 14.78
    endloop
  endfacet
  facet normal 0.44228869021900286 -0.8968727415326875 0
    outer loop
      vertex 12.35 1.12583302491977 6.779999999999999
      vertex 12.502511537925383 1.2010433922646728 14.78
      vertex 12.35 1.12583302491977 14.78
    endloop
  endfacet
  facet normal 0.32143946530316014 -0.9469301294951062 0
    outer loop
      vertex 12.502511537925383 1.2010433922646728 6.779999999999999
      vertex 12.663535241366723 1.255703574175789 14.78
      vertex 12.502511537925383 1.2010433922646728 14.78
    endloop
  endfacet
  facet normal 0.19509032201612744 -0.9807852804032305 0
    outer loop
      vertex 12.663535241366723 1.255703574175789 6.779999999999999
      vertex 12.830315950113933 1.2888783197859535 14.78
      vertex 12.663535241366723 1.255703574175789 14.78
    endloop
  endfacet
  facet normal 0.06540312923014377 -0.9978589232386035 0
    outer loop
      vertex 12.830315950113933 1.2888783197859535 6.779999999999999
      vertex 13 1.3 14.78
      vertex 12.830315950113933 1.2888783197859535 14.78
    endloop
  endfacet
  facet normal -0.06540312923014377 -0.9978589232386035 0
    outer loop
      vertex 13 1.3 6.779999999999999
      vertex 13.169684049886067 1.2888783197859535 14.78
      vertex 13 1.3 14.78
    endloop
  endfacet
  facet normal -0.997858923238603 -0.06540312923015155 0
    outer loop
      vertex 14.288878319785953 0.16968404988606706 6.779999999999999
      vertex 14.3 0 14.78
      vertex 14.288878319785953 0.16968404988606706 14.78
    endloop
  endfacet
  facet normal -0.9807852804032307 -0.195090322016127 0
    outer loop
      vertex 14.255703574175788 0.33646475863327696 6.779999999999999
      vertex 14.288878319785953 0.16968404988606706 14.78
      vertex 14.255703574175788 0.33646475863327696 14.78
    endloop
  endfacet
  facet normal -0.9469301294951064 -0.32143946530315975 0
    outer loop
      vertex 14.201043392264673 0.4974884620746167 6.779999999999999
      vertex 14.255703574175788 0.33646475863327696 14.78
      vertex 14.201043392264673 0.4974884620746167 14.78
    endloop
  endfacet
  facet normal -0.8968727415326868 -0.4422886902190042 0
    outer loop
      vertex 14.12583302491977 0.65 6.779999999999999
      vertex 14.201043392264673 0.4974884620746167 14.78
      vertex 14.12583302491977 0.65 14.78
    endloop
  endfacet
  facet normal -0.5555702330196012 -0.8314696123025459 0
    outer loop
      vertex 13.65 1.12583302491977 6.779999999999999
      vertex 13.791389857711337 1.0313593423786058 14.78
      vertex 13.65 1.12583302491977 14.78
    endloop
  endfacet
  facet normal -0.6593458151000702 -0.7518398074789763 0
    outer loop
      vertex 13.791389857711337 1.0313593423786058 6.779999999999999
      vertex 13.919238815542512 0.9192388155425119 14.78
      vertex 13.791389857711337 1.0313593423786058 14.78
    endloop
  endfacet
  facet normal -0.19509032201612744 -0.9807852804032305 0
    outer loop
      vertex 13.169684049886067 1.2888783197859535 6.779999999999999
      vertex 13.336464758633277 1.255703574175789 14.78
      vertex 13.169684049886067 1.2888783197859535 14.78
    endloop
  endfacet
  facet normal -0.44228869021900286 -0.8968727415326875 0
    outer loop
      vertex 13.497488462074617 1.2010433922646728 6.779999999999999
      vertex 13.65 1.12583302491977 14.78
      vertex 13.497488462074617 1.2010433922646728 14.78
    endloop
  endfacet
  facet normal -0.32143946530316014 -0.9469301294951062 0
    outer loop
      vertex 13.336464758633277 1.255703574175789 6.779999999999999
      vertex 13.497488462074617 1.2010433922646728 14.78
      vertex 13.336464758633277 1.255703574175789 14.78
    endloop
  endfacet
  facet normal -0.8314696123025471 -0.5555702330195994 0
    outer loop
      vertex 14.031359342378606 0.7913898577113369 6.779999999999999
      vertex 14.12583302491977 0.65 14.78
      vertex 14.031359342378606 0.7913898577113369 14.78
    endloop
  endfacet
  facet normal -0.7518398074789778 -0.6593458151000685 0
    outer loop
      vertex 13.919238815542512 0.9192388155425119 6.779999999999999
      vertex 14.031359342378606 0.7913898577113369 14.78
      vertex 13.919238815542512 0.9192388155425119 14.78
    endloop
  endfacet
endsolid OpenSCAD_Model
