solid OpenSCAD_Model
  facet normal 0 1 0
    outer loop
      vertex -6 -3.0115288317580617 0.4829458067903225
      vertex -4.50595707972505 -3.0115288317580617 3.5170541932096757
      vertex -4.499139655549598 -3.0115288317580617 3.438805245543861
    endloop
  endfacet
  facet normal 0 1 0
    outer loop
      vertex -4.499139655549598 -3.0115288317580617 3.438805245543861
      vertex -4.50595707972505 -3.0115288317580617 3.5170541932096757
      vertex -4.482945806790326 -3.0115288317580617 3.5170541932096757
    endloop
  endfacet
  facet normal 0 1 0
    outer loop
      vertex -6 -3.0115288317580617 0.4829458067903225
      vertex -6 -3.0115288317580617 29.517054193209674
      vertex -4.50595707972505 -3.0115288317580617 3.5170541932096757
    endloop
  endfacet
  facet normal 0 1 0
    outer loop
      vertex -4.50595707972505 -3.0115288317580617 3.5170541932096757
      vertex -4.483062497528621 -3.0115288317580617 26.482945806790323
      vertex -4.482945806790326 -3.0115288317580617 3.5170541932096757
    endloop
  endfacet
  facet normal 0.3826834323650972 0.9238795325112836 0
    outer loop
      vertex -4.482945806790326 -3.0115288317580617 3.5170541932096757
      vertex -4.266657860188246 -3.101118232618473 26.26665786018824
      vertex -4.266657860188246 -3.101118232618473 3.7333421398117608
    endloop
  endfacet
  facet normal 0.7071067811865361 0.707106781186559 0
    outer loop
      vertex -4.266657860188246 -3.101118232618473 3.7333421398117608
      vertex -4.266657860188246 -3.101118232618473 26.26665786018824
      vertex -4.101118232618475 -3.266657860188239 3.898881767381525
    endloop
  endfacet
  facet normal 0.9238795325112965 0.38268343236506613 0
    outer loop
      vertex -4.101118232618475 -3.266657860188239 3.898881767381525
      vertex -4.011528831758071 -3.482945806790323 26.011528831758064
      vertex -4.011528831758071 -3.482945806790323 3.9884711682419365
    endloop
  endfacet
  facet normal 0 -1 0
    outer loop
      vertex -6 -6.588471168241938 0.4829458067903225
      vertex -4.482945806790326 -6.588471168241938 3.4060642977751403
      vertex -4.50595707972505 -6.588471168241938 26.482945806790323
    endloop
  endfacet
  facet normal 0 -1 0
    outer loop
      vertex -4.482945806790326 -6.588471168241938 3.4060642977751403
      vertex -4.482945806790326 -6.588471168241938 3.5170541932096757
      vertex -4.50595707972505 -6.588471168241938 26.482945806790323
    endloop
  endfacet
  facet normal 0.38268343236509555 -0.9238795325112844 0
    outer loop
      vertex -4.482945806790326 -6.588471168241938 3.5170541932096757
      vertex -4.266657860188246 -6.498881767381527 3.7333421398117608
      vertex -4.482945806790326 -6.588471168241938 26.482945806790323
    endloop
  endfacet
  facet normal 1 0 0
    outer loop
      vertex -4.011528831758071 -3.482945806790323 3.9884711682419365
      vertex -4.011528831758071 -6.117054193209677 26.011528831758064
      vertex -4.011528831758071 -6.117054193209677 3.9884711682419365
    endloop
  endfacet
  facet normal 0.9238795325112965 -0.3826834323650661 0
    outer loop
      vertex -4.011528831758071 -6.117054193209677 3.9884711682419365
      vertex -4.101118232618475 -6.333342139811761 26.10111823261847
      vertex -4.101118232618475 -6.333342139811761 3.898881767381525
    endloop
  endfacet
  facet normal 0.7071067811865361 -0.707106781186559 0
    outer loop
      vertex -4.266657860188246 -6.498881767381527 3.7333421398117608
      vertex -4.101118232618475 -6.333342139811761 3.898881767381525
      vertex -4.266657860188246 -6.498881767381527 26.26665786018824
    endloop
  endfacet
  facet normal 0.9238795325112966 0.38268343236506625 0
    outer loop
      vertex -4.101118232618475 -3.266657860188239 3.898881767381525
      vertex -4.101118232618475 -3.266657860188239 26.10111823261847
      vertex -4.011528831758071 -3.482945806790323 26.011528831758064
    endloop
  endfacet
  facet normal 1 0 0
    outer loop
      vertex -4.011528831758071 -3.482945806790323 3.9884711682419365
      vertex -4.011528831758071 -3.482945806790323 26.011528831758064
      vertex -4.011528831758071 -6.117054193209677 26.011528831758064
    endloop
  endfacet
  facet normal 0 1 0
    outer loop
      vertex -4.482945806790326 -3.0115288317580617 3.5170541932096757
      vertex -4.483062497528621 -3.0115288317580617 26.482945806790323
      vertex -4.482945806790326 -3.0115288317580617 26.482945806790323
    endloop
  endfacet
  facet normal 0.38268343236509716 0.9238795325112837 0
    outer loop
      vertex -4.482945806790326 -3.0115288317580617 3.5170541932096757
      vertex -4.482945806790326 -3.0115288317580617 26.482945806790323
      vertex -4.266657860188246 -3.101118232618473 26.26665786018824
    endloop
  endfacet
  facet normal 0 1 0
    outer loop
      vertex -4.50595707972505 -3.0115288317580617 3.5170541932096757
      vertex -6 -3.0115288317580617 29.517054193209674
      vertex -4.483062497528621 -3.0115288317580617 26.482945806790323
    endloop
  endfacet
  facet normal 0.7071067811865361 0.7071067811865589 0
    outer loop
      vertex -4.101118232618475 -3.266657860188239 3.898881767381525
      vertex -4.266657860188246 -3.101118232618473 26.26665786018824
      vertex -4.101118232618475 -3.266657860188239 26.10111823261847
    endloop
  endfacet
  facet normal 0 -1 0
    outer loop
      vertex -6 -6.588471168241938 0.4829458067903225
      vertex -5.71014679297744 -6.588471168241938 26.61784772269007
      vertex -6 -6.588471168241938 26.646052566798257
    endloop
  endfacet
  facet normal 0 -1 0
    outer loop
      vertex -6 -6.588471168241938 0.4829458067903225
      vertex -4.50595707972505 -6.588471168241938 26.482945806790323
      vertex -5.71014679297744 -6.588471168241938 26.61784772269007
    endloop
  endfacet
  facet normal 0.9238795325112965 -0.3826834323650662 0
    outer loop
      vertex -4.011528831758071 -6.117054193209677 3.9884711682419365
      vertex -4.011528831758071 -6.117054193209677 26.011528831758064
      vertex -4.101118232618475 -6.333342139811761 26.10111823261847
    endloop
  endfacet
  facet normal 0 -1 0
    outer loop
      vertex -4.482945806790326 -6.588471168241938 3.5170541932096757
      vertex -4.482945806790326 -6.588471168241938 26.482945806790323
      vertex -4.50595707972505 -6.588471168241938 26.482945806790323
    endloop
  endfacet
  facet normal 0.38268343236509555 -0.9238795325112843 0
    outer loop
      vertex -4.266657860188246 -6.498881767381527 3.7333421398117608
      vertex -4.266657860188246 -6.498881767381527 26.26665786018824
      vertex -4.482945806790326 -6.588471168241938 26.482945806790323
    endloop
  endfacet
  facet normal 0.7071067811865361 -0.7071067811865589 0
    outer loop
      vertex -4.101118232618475 -6.333342139811761 3.898881767381525
      vertex -4.101118232618475 -6.333342139811761 26.10111823261847
      vertex -4.266657860188246 -6.498881767381527 26.26665786018824
    endloop
  endfacet
  facet normal 0 0.9238795325112882 0.3826834323650864
    outer loop
      vertex -6 -3.0115288317580617 29.517054193209674
      vertex -6 -3.101118232618473 29.73334213981176
      vertex -4.6000000000000085 -3.0115288317580617 29.517054193209674
    endloop
  endfacet
  facet normal 0 0.7071067811865513 0.7071067811865438
    outer loop
      vertex -6 -3.101118232618473 29.73334213981176
      vertex -6 -3.266657860188239 29.89888176738153
      vertex -4.6000000000000085 -3.101118232618473 29.73334213981176
    endloop
  endfacet
  facet normal -7.184660363437352e-16 0.3826834323650792 0.9238795325112913
    outer loop
      vertex -6 -3.266657860188239 29.89888176738153
      vertex -6 -3.482945806790323 29.988471168241936
      vertex -4.948020654044754 -3.4411276553245163 29.97114952275143
    endloop
  endfacet
  facet normal 2.344485323369052e-15 0.38268343236509483 0.9238795325112847
    outer loop
      vertex -6 -3.266657860188239 29.89888176738153
      vertex -4.948020654044754 -3.4411276553245163 29.97114952275143
      vertex -4.6000000000000085 -3.266657860188239 29.898881767381525
    endloop
  endfacet
  facet normal -3.0525943193727173e-15 0.3826834323651292 0.9238795325112704
    outer loop
      vertex -4.948020654044754 -3.4411276553245163 29.97114952275143
      vertex -6 -3.482945806790323 29.988471168241936
      vertex -5.062650602409647 -3.4634017152298933 29.980375740453347
    endloop
  endfacet
  facet normal 0 0.38268343236500424 0.9238795325113222
    outer loop
      vertex -6 -3.482945806790323 29.988471168241936
      vertex -4.6000000000000085 -3.482945806790323 29.988471168241936
      vertex -5.062650602409647 -3.4634017152298933 29.980375740453347
    endloop
  endfacet
  facet normal 0 1 0
    outer loop
      vertex -6 -3.0115288317580617 29.517054193209674
      vertex -4.482945806790326 -3.0115288317580617 26.482945806790323
      vertex -4.483062497528621 -3.0115288317580617 26.482945806790323
    endloop
  endfacet
  facet normal 0 0.9238795325112882 0.3826834323650864
    outer loop
      vertex -6 -3.101118232618473 29.73334213981176
      vertex -4.6000000000000085 -3.101118232618473 29.73334213981176
      vertex -4.6000000000000085 -3.0115288317580617 29.517054193209674
    endloop
  endfacet
  facet normal 1.7943913813529064e-15 0.7071067811865437 0.7071067811865513
    outer loop
      vertex -6 -3.266657860188239 29.89888176738153
      vertex -4.6000000000000085 -3.266657860188239 29.898881767381525
      vertex -4.6000000000000085 -3.101118232618473 29.73334213981176
    endloop
  endfacet
  facet normal 4.2554722567625886e-17 0.3826834323651156 0.923879532511276
    outer loop
      vertex -4.948020654044754 -3.4411276553245163 29.97114952275143
      vertex -5.062650602409647 -3.4634017152298933 29.980375740453347
      vertex -3.148616600790362 -3.435429925774704 29.968789445897162
    endloop
  endfacet
  facet normal 1.0788666149887686e-16 0.38268343236509866 0.9238795325112831
    outer loop
      vertex -4.6000000000000085 -3.266657860188239 29.898881767381525
      vertex -4.948020654044754 -3.4411276553245163 29.97114952275143
      vertex -3.148616600790362 -3.435429925774704 29.968789445897162
    endloop
  endfacet
  facet normal 1.4478216863590401e-15 0.38268343236503355 0.92387953251131
    outer loop
      vertex -5.062650602409647 -3.4634017152298933 29.980375740453347
      vertex -4.6000000000000085 -3.482945806790323 29.988471168241936
      vertex -3.148616600790362 -3.435429925774704 29.968789445897162
    endloop
  endfacet
  facet normal 0 0 1
    outer loop
      vertex -6 -3.482945806790323 29.988471168241936
      vertex -6 -6.117054193209677 29.988471168241936
      vertex -4.6000000000000085 -3.482945806790323 29.988471168241936
    endloop
  endfacet
  facet normal 0 0 1
    outer loop
      vertex -4.6000000000000085 -3.482945806790323 29.988471168241936
      vertex -6 -6.117054193209677 29.988471168241936
      vertex -4.6000000000000085 -3.7170541932096772 29.988471168241936
    endloop
  endfacet
  facet normal 0 -1 0
    outer loop
      vertex -6 -6.588471168241938 26.646052566798257
      vertex -5.888552254709992 -6.588471168241938 26.717054193209677
      vertex -6 -6.588471168241938 29.517054193209674
    endloop
  endfacet
  facet normal 0 -1 0
    outer loop
      vertex -6 -6.588471168241938 26.646052566798257
      vertex -5.202830782015795 -6.588471168241938 26.717054193209677
      vertex -5.888552254709992 -6.588471168241938 26.717054193209677
    endloop
  endfacet
  facet normal 0 -1 0
    outer loop
      vertex -6 -6.588471168241938 26.646052566798257
      vertex -5.71014679297744 -6.588471168241938 26.61784772269007
      vertex -5.202830782015795 -6.588471168241938 26.717054193209677
    endloop
  endfacet
  facet normal 0 -1 0
    outer loop
      vertex -5.71014679297744 -6.588471168241938 26.61784772269007
      vertex -4.50595707972505 -6.588471168241938 26.482945806790323
      vertex -5.202830782015795 -6.588471168241938 26.717054193209677
    endloop
  endfacet
  facet normal 0 -1 0
    outer loop
      vertex -5.202830782015795 -6.588471168241938 26.717054193209677
      vertex -4.50595707972505 -6.588471168241938 26.482945806790323
      vertex -4.482945806790326 -6.588471168241938 26.482945806790323
    endloop
  endfacet
  facet normal 0 0.9238795325112859 -0.3826834323650918
    outer loop
      vertex -6 -3.101118232618473 0.2666578601882392
      vertex -6 -3.0115288317580617 0.4829458067903225
      vertex 8.399999999999991 -3.101118232618473 0.2666578601882392
    endloop
  endfacet
  facet normal 0 1 0
    outer loop
      vertex -6 -3.0115288317580617 0.4829458067903225
      vertex -4.499139655549598 -3.0115288317580617 3.438805245543861
      vertex 8.517054193209674 -3.0115288317580617 0.5999999999999996
    endloop
  endfacet
  facet normal 0 0.7071067811865513 -0.7071067811865437
    outer loop
      vertex -6 -3.101118232618473 0.2666578601882392
      vertex 8.399999999999991 -3.266657860188239 0.10111823261847164
      vertex -6 -3.266657860188239 0.10111823261847164
    endloop
  endfacet
  facet normal 0 0.3826834323650856 -0.9238795325112885
    outer loop
      vertex -6 -3.266657860188239 0.10111823261847164
      vertex 8.399999999999991 -3.482945806790323 0.011528831758061742
      vertex -6 -3.482945806790323 0.011528831758061742
    endloop
  endfacet
  facet normal 0 1 0
    outer loop
      vertex -4.499139655549598 -3.0115288317580617 3.438805245543861
      vertex -4.482945806790326 -3.0115288317580617 3.5170541932096757
      vertex 5.482945806790312 -3.0115288317580617 3.5170541932096757
    endloop
  endfacet
  facet normal 0 0.9238795325112871 0.38268343236508906
    outer loop
      vertex -4.482945806790326 -3.0115288317580617 3.5170541932096757
      vertex -4.266657860188246 -3.101118232618473 3.7333421398117608
      vertex 5.266657860188232 -3.101118232618473 3.7333421398117608
    endloop
  endfacet
  facet normal 0 0.7071067811865437 0.7071067811865513
    outer loop
      vertex -4.266657860188246 -3.101118232618473 3.7333421398117608
      vertex -4.101118232618475 -3.266657860188239 3.898881767381525
      vertex 5.101118232618461 -3.266657860188239 3.898881767381525
    endloop
  endfacet
  facet normal 0 0.38268343236509206 0.9238795325112859
    outer loop
      vertex -4.101118232618475 -3.266657860188239 3.898881767381525
      vertex -4.011528831758071 -3.482945806790323 3.9884711682419365
      vertex 5.011528831758056 -3.482945806790323 3.9884711682419365
    endloop
  endfacet
  facet normal 0 0.9238795325112871 0.38268343236508917
    outer loop
      vertex -4.482945806790326 -3.0115288317580617 3.5170541932096757
      vertex 5.266657860188232 -3.101118232618473 3.7333421398117608
      vertex 5.482945806790312 -3.0115288317580617 3.5170541932096757
    endloop
  endfacet
  facet normal 0 1 0
    outer loop
      vertex -4.499139655549598 -3.0115288317580617 3.438805245543861
      vertex 5.482945806790312 -3.0115288317580617 3.5170541932096757
      vertex 5.627185537759075 -3.0115288317580617 3.5036144137862983
    endloop
  endfacet
  facet normal 0 0.7071067811865437 0.7071067811865513
    outer loop
      vertex -4.266657860188246 -3.101118232618473 3.7333421398117608
      vertex 5.101118232618461 -3.266657860188239 3.898881767381525
      vertex 5.266657860188232 -3.101118232618473 3.7333421398117608
    endloop
  endfacet
  facet normal 0 0.382683432365092 0.9238795325112857
    outer loop
      vertex -4.101118232618475 -3.266657860188239 3.898881767381525
      vertex 5.011528831758056 -3.482945806790323 3.9884711682419365
      vertex 5.101118232618461 -3.266657860188239 3.898881767381525
    endloop
  endfacet
  facet normal 0 0 1
    outer loop
      vertex -4.011528831758071 -3.482945806790323 3.9884711682419365
      vertex 5.011528831758056 -6.117054193209677 3.9884711682419365
      vertex 5.011528831758056 -3.482945806790323 3.9884711682419365
    endloop
  endfacet
  facet normal 0 0 -1
    outer loop
      vertex -6 -3.482945806790323 0.011528831758061742
      vertex 8.399999999999991 -6.117054193209677 0.011528831758061742
      vertex -6 -6.117054193209677 0.011528831758061742
    endloop
  endfacet
  facet normal 0 -0.3826834323650856 -0.9238795325112885
    outer loop
      vertex -6 -6.117054193209677 0.011528831758061742
      vertex 8.399999999999991 -6.333342139811761 0.10111823261847164
      vertex -6 -6.333342139811761 0.10111823261847164
    endloop
  endfacet
  facet normal 0 -0.7071067811865513 -0.7071067811865437
    outer loop
      vertex -6 -6.333342139811761 0.10111823261847164
      vertex 8.399999999999991 -6.498881767381527 0.2666578601882392
      vertex -6 -6.498881767381527 0.2666578601882392
    endloop
  endfacet
  facet normal 0 -0.9238795325112865 -0.3826834323650901
    outer loop
      vertex -6 -6.498881767381527 0.2666578601882392
      vertex 8.399999999999991 -6.588471168241938 0.4829458067903225
      vertex -6 -6.588471168241938 0.4829458067903225
    endloop
  endfacet
  facet normal 0 -1 0
    outer loop
      vertex -6 -6.588471168241938 0.4829458067903225
      vertex 5.482945806790312 -6.588471168241938 3.435775661605618
      vertex -4.482945806790326 -6.588471168241938 3.4060642977751403
    endloop
  endfacet
  facet normal 0 -1 0
    outer loop
      vertex -4.482945806790326 -6.588471168241938 3.4060642977751403
      vertex 5.482945806790312 -6.588471168241938 3.435775661605618
      vertex -4.482945806790326 -6.588471168241938 3.5170541932096757
    endloop
  endfacet
  facet normal 0 -0.9238795325112876 0.38268343236508745
    outer loop
      vertex -4.482945806790326 -6.588471168241938 3.5170541932096757
      vertex 5.482945806790312 -6.588471168241938 3.5170541932096757
      vertex -4.266657860188246 -6.498881767381527 3.7333421398117608
    endloop
  endfacet
  facet normal 0 0 1
    outer loop
      vertex -4.011528831758071 -3.482945806790323 3.9884711682419365
      vertex -4.011528831758071 -6.117054193209677 3.9884711682419365
      vertex 5.011528831758056 -6.117054193209677 3.9884711682419365
    endloop
  endfacet
  facet normal 0 -0.38268343236509206 0.9238795325112859
    outer loop
      vertex -4.011528831758071 -6.117054193209677 3.9884711682419365
      vertex -4.101118232618475 -6.333342139811761 3.898881767381525
      vertex 5.101118232618461 -6.333342139811761 3.898881767381525
    endloop
  endfacet
  facet normal 0 -0.7071067811865437 0.7071067811865513
    outer loop
      vertex -4.266657860188246 -6.498881767381527 3.7333421398117608
      vertex 5.266657860188232 -6.498881767381527 3.7333421398117608
      vertex -4.101118232618475 -6.333342139811761 3.898881767381525
    endloop
  endfacet
  facet normal 0 -1 0
    outer loop
      vertex -6 -6.588471168241938 0.4829458067903225
      vertex 5.573527996929556 -6.588471168241938 3.436045714754112
      vertex 5.482945806790312 -6.588471168241938 3.435775661605618
    endloop
  endfacet
  facet normal 0 -1 0
    outer loop
      vertex -6 -6.588471168241938 0.4829458067903225
      vertex 7.653315433441193 -6.588471168241938 3.2829458067903214
      vertex 5.573527996929556 -6.588471168241938 3.436045714754112
    endloop
  endfacet
  facet normal 0 -1 0
    outer loop
      vertex -4.482945806790326 -6.588471168241938 3.5170541932096757
      vertex 5.482945806790312 -6.588471168241938 3.435775661605618
      vertex 5.482945806790312 -6.588471168241938 3.5170541932096757
    endloop
  endfacet
  facet normal 0 -0.9238795325112877 0.3826834323650875
    outer loop
      vertex -4.266657860188246 -6.498881767381527 3.7333421398117608
      vertex 5.482945806790312 -6.588471168241938 3.5170541932096757
      vertex 5.266657860188232 -6.498881767381527 3.7333421398117608
    endloop
  endfacet
  facet normal 0 -0.3826834323650921 0.9238795325112859
    outer loop
      vertex -4.011528831758071 -6.117054193209677 3.9884711682419365
      vertex 5.101118232618461 -6.333342139811761 3.898881767381525
      vertex 5.011528831758056 -6.117054193209677 3.9884711682419365
    endloop
  endfacet
  facet normal 0 -0.7071067811865437 0.7071067811865513
    outer loop
      vertex -4.101118232618475 -6.333342139811761 3.898881767381525
      vertex 5.266657860188232 -6.498881767381527 3.7333421398117608
      vertex 5.101118232618461 -6.333342139811761 3.898881767381525
    endloop
  endfacet
  facet normal 0 0.9238795325112859 -0.3826834323650918
    outer loop
      vertex -6 -3.0115288317580617 0.4829458067903225
      vertex 8.399999999999991 -3.0115288317580617 0.4829458067903225
      vertex 8.399999999999991 -3.101118232618473 0.2666578601882392
    endloop
  endfacet
  facet normal 0 0.7071067811865513 -0.7071067811865437
    outer loop
      vertex -6 -3.101118232618473 0.2666578601882392
      vertex 8.399999999999991 -3.101118232618473 0.2666578601882392
      vertex 8.399999999999991 -3.266657860188239 0.10111823261847164
    endloop
  endfacet
  facet normal 0 1 0
    outer loop
      vertex -6 -3.0115288317580617 0.4829458067903225
      vertex 8.444794700430194 -3.0115288317580617 0.491856026698958
      vertex 8.399999999999991 -3.0115288317580617 0.4829458067903225
    endloop
  endfacet
  facet normal 0 1 0
    outer loop
      vertex -6 -3.0115288317580617 0.4829458067903225
      vertex 8.48276981378487 -3.0115288317580617 0.5172301862151176
      vertex 8.444794700430194 -3.0115288317580617 0.491856026698958
    endloop
  endfacet
  facet normal 0 1 0
    outer loop
      vertex -6 -3.0115288317580617 0.4829458067903225
      vertex 8.508143973301031 -3.0115288317580617 0.5552052995697938
      vertex 8.48276981378487 -3.0115288317580617 0.5172301862151176
    endloop
  endfacet
  facet normal 0 1 0
    outer loop
      vertex -6 -3.0115288317580617 0.4829458067903225
      vertex 8.517054193209674 -3.0115288317580617 0.5999999999999996
      vertex 8.508143973301031 -3.0115288317580617 0.5552052995697938
    endloop
  endfacet
  facet normal 0 0.3826834323650856 -0.9238795325112885
    outer loop
      vertex -6 -3.266657860188239 0.10111823261847164
      vertex 8.399999999999991 -3.266657860188239 0.10111823261847164
      vertex 8.399999999999991 -3.482945806790323 0.011528831758061742
    endloop
  endfacet
  facet normal 0 1 0
    outer loop
      vertex -4.499139655549598 -3.0115288317580617 3.438805245543861
      vertex 5.627185537759075 -3.0115288317580617 3.5036144137862983
      vertex 8.400795911185313 -3.0115288317580617 3.5079575690519036
    endloop
  endfacet
  facet normal 0 1 0
    outer loop
      vertex -4.499139655549598 -3.0115288317580617 3.438805245543861
      vertex 8.508095219578678 -3.0115288317580617 3.400026709434078
      vertex 8.517054193209674 -3.0115288317580617 0.5999999999999996
    endloop
  endfacet
  facet normal 0 1 0
    outer loop
      vertex -4.499139655549598 -3.0115288317580617 3.438805245543861
      vertex 8.400795911185313 -3.0115288317580617 3.5079575690519036
      vertex 8.445104493771723 -3.0115288317580617 3.4826743996682126
    endloop
  endfacet
  facet normal 0 1 0
    outer loop
      vertex -4.499139655549598 -3.0115288317580617 3.438805245543861
      vertex 8.445104493771723 -3.0115288317580617 3.4826743996682126
      vertex 8.48276981378487 -3.0115288317580617 3.4827698137848806
    endloop
  endfacet
  facet normal 0 1 0
    outer loop
      vertex -4.499139655549598 -3.0115288317580617 3.438805245543861
      vertex 8.508046365064615 -3.0115288317580617 3.444940781479316
      vertex 8.508095219578678 -3.0115288317580617 3.400026709434078
    endloop
  endfacet
  facet normal 0 1 0
    outer loop
      vertex -4.499139655549598 -3.0115288317580617 3.438805245543861
      vertex 8.48276981378487 -3.0115288317580617 3.4827698137848806
      vertex 8.508046365064615 -3.0115288317580617 3.444940781479316
    endloop
  endfacet
  facet normal 0 1 0
    outer loop
      vertex 5.482945806790312 -3.0115288317580617 3.5170541932096757
      vertex 5.628841267751483 -3.0115288317580617 3.5170541932096757
      vertex 5.627185537759075 -3.0115288317580617 3.5036144137862983
    endloop
  endfacet
  facet normal 0 0 -1
    outer loop
      vertex -6 -3.482945806790323 0.011528831758061742
      vertex 8.399999999999991 -3.482945806790323 0.011528831758061742
      vertex 8.399999999999991 -6.117054193209677 0.011528831758061742
    endloop
  endfacet
  facet normal 0 1 0
    outer loop
      vertex 5.628841267751483 -3.0115288317580617 3.5170541932096757
      vertex 8.400827505520667 -3.0115288317580617 3.516889592127539
      vertex 5.627185537759075 -3.0115288317580617 3.5036144137862983
    endloop
  endfacet
  facet normal 0.07590088788048255 0.9212144791753969 -0.38157953112890713
    outer loop
      vertex 8.399999999999991 -3.0115288317580617 0.4829458067903225
      vertex 8.444794700430194 -3.0115288317580617 0.491856026698958
      vertex 8.527564514215086 -3.101118232618473 0.2920320197043971
    endloop
  endfacet
  facet normal 0.2161474415048783 0.9212144791753987 -0.3234875065415884
    outer loop
      vertex 8.444794700430194 -3.0115288317580617 0.491856026698958
      vertex 8.48276981378487 -3.0115288317580617 0.5172301862151176
      vertex 8.635708487516126 -3.101118232618473 0.3642915124838684
    endloop
  endfacet
  facet normal 0.3234875065415771 0.9212144791754008 -0.21614744150488588
    outer loop
      vertex 8.48276981378487 -3.0115288317580617 0.5172301862151176
      vertex 8.508143973301031 -3.0115288317580617 0.5552052995697938
      vertex 8.635708487516126 -3.101118232618473 0.3642915124838684
    endloop
  endfacet
  facet normal 0.13928132531713802 0.7002145072825585 -0.700214507282551
    outer loop
      vertex 8.399999999999991 -3.101118232618473 0.2666578601882392
      vertex 8.527564514215086 -3.101118232618473 0.2920320197043971
      vertex 8.399999999999991 -3.266657860188239 0.10111823261847164
    endloop
  endfacet
  facet normal 0.07590088788046476 0.9212144791753941 -0.38157953112891774
    outer loop
      vertex 8.399999999999991 -3.101118232618473 0.2666578601882392
      vertex 8.399999999999991 -3.0115288317580617 0.4829458067903225
      vertex 8.527564514215086 -3.101118232618473 0.2920320197043971
    endloop
  endfacet
  facet normal 0.2161474415048756 0.9212144791753981 -0.323487506541592
    outer loop
      vertex 8.444794700430194 -3.0115288317580617 0.491856026698958
      vertex 8.635708487516126 -3.101118232618473 0.3642915124838684
      vertex 8.527564514215086 -3.101118232618473 0.2920320197043971
    endloop
  endfacet
  facet normal 0.38157953112889104 0.9212144791753993 -0.07590088788053385
    outer loop
      vertex 8.508143973301031 -3.0115288317580617 0.5552052995697938
      vertex 8.517054193209674 -3.0115288317580617 0.5999999999999996
      vertex 8.707967980295592 -3.101118232618473 0.4724354857849118
    endloop
  endfacet
  facet normal 0.3234875065416076 0.9212144791753955 -0.21614744150486298
    outer loop
      vertex 8.508143973301031 -3.0115288317580617 0.5552052995697938
      vertex 8.707967980295592 -3.101118232618473 0.4724354857849118
      vertex 8.635708487516126 -3.101118232618473 0.3642915124838684
    endloop
  endfacet
  facet normal 0.3966396567602925 0.7002145072825434 -0.5936131960091034
    outer loop
      vertex 8.527564514215086 -3.101118232618473 0.2920320197043971
      vertex 8.635708487516126 -3.101118232618473 0.3642915124838684
      vertex 8.752762680725795 -3.266657860188239 0.24723731927419124
    endloop
  endfacet
  facet normal 0.5936131960091201 0.7002145072825469 -0.3966396567602614
    outer loop
      vertex 8.635708487516126 -3.101118232618473 0.3642915124838684
      vertex 8.707967980295592 -3.101118232618473 0.4724354857849118
      vertex 8.860906654026834 -3.266657860188239 0.4090862129140742
    endloop
  endfacet
  facet normal 0.3815795311289226 0.9212144791753907 -0.07590088788048056
    outer loop
      vertex 8.517054193209674 -3.0115288317580617 0.5999999999999996
      vertex 8.733342139811754 -3.101118232618473 0.5999999999999996
      vertex 8.707967980295592 -3.101118232618473 0.4724354857849118
    endloop
  endfacet
  facet normal 0.7002145072825409 0.7002145072825634 -0.13928132531716325
    outer loop
      vertex 8.707967980295592 -3.101118232618473 0.4724354857849118
      vertex 8.733342139811754 -3.101118232618473 0.5999999999999996
      vertex 8.898881767381525 -3.266657860188239 0.5999999999999996
    endloop
  endfacet
  facet normal 0.3826834323650971 0.9238795325112837 0
    outer loop
      vertex 8.517054193209674 -3.0115288317580617 0.5999999999999996
      vertex 8.517054193209674 -3.0115288317580617 3.3999999999999986
      vertex 8.733342139811754 -3.101118232618473 0.5999999999999996
    endloop
  endfacet
  facet normal 0.7071067811865361 0.7071067811865589 0
    outer loop
      vertex 8.733342139811754 -3.101118232618473 0.5999999999999996
      vertex 8.733342139811754 -3.101118232618473 3.3999999999999986
      vertex 8.898881767381525 -3.266657860188239 0.5999999999999996
    endloop
  endfacet
  facet normal 0.1392813253171615 0.7002145072825475 -0.7002145072825571
    outer loop
      vertex 8.527564514215086 -3.101118232618473 0.2920320197043971
      vertex 8.59091378708591 -3.266657860188239 0.1390933459731496
      vertex 8.399999999999991 -3.266657860188239 0.10111823261847164
    endloop
  endfacet
  facet normal 0.18074437515938255 0.3763806770786075 -0.9086633352183269
    outer loop
      vertex 8.399999999999991 -3.266657860188239 0.10111823261847164
      vertex 8.59091378708591 -3.266657860188239 0.1390933459731496
      vertex 8.625198166510714 -3.482945806790323 0.05632353218826758
    endloop
  endfacet
  facet normal 0.18074437515937286 0.37638067707859857 -0.9086633352183324
    outer loop
      vertex 8.399999999999991 -3.266657860188239 0.10111823261847164
      vertex 8.625198166510714 -3.482945806790323 0.05632353218826758
      vertex 8.399999999999991 -3.482945806790323 0.011528831758061742
    endloop
  endfacet
  facet normal 0.3966396567602853 0.700214507282537 -0.5936131960091159
    outer loop
      vertex 8.527564514215086 -3.101118232618473 0.2920320197043971
      vertex 8.752762680725795 -3.266657860188239 0.24723731927419124
      vertex 8.59091378708591 -3.266657860188239 0.1390933459731496
    endloop
  endfacet
  facet normal 0.5936131960091171 0.7002145072825365 -0.3966396567602841
    outer loop
      vertex 8.635708487516126 -3.101118232618473 0.3642915124838684
      vertex 8.860906654026834 -3.266657860188239 0.4090862129140742
      vertex 8.752762680725795 -3.266657860188239 0.24723731927419124
    endloop
  endfacet
  facet normal 0.514716432811937 0.376380677078621 -0.7703275794849835
    outer loop
      vertex 8.59091378708591 -3.266657860188239 0.1390933459731496
      vertex 8.752762680725795 -3.266657860188239 0.24723731927419124
      vertex 8.625198166510714 -3.482945806790323 0.05632353218826758
    endloop
  endfacet
  facet normal 0.5147164328119587 0.3763806770786033 -0.7703275794849778
    outer loop
      vertex 8.752762680725795 -3.266657860188239 0.24723731927419124
      vertex 8.816111953596632 -3.482945806790323 0.18388804640335543
      vertex 8.625198166510714 -3.482945806790323 0.05632353218826758
    endloop
  endfacet
  facet normal 0.7703275794849811 0.37638067707863204 -0.5147164328119327
    outer loop
      vertex 8.752762680725795 -3.266657860188239 0.24723731927419124
      vertex 8.860906654026834 -3.266657860188239 0.4090862129140742
      vertex 8.943676467811727 -3.482945806790323 0.37480183348928087
    endloop
  endfacet
  facet normal 0.9086633352183032 0.3763806770786418 -0.18074437515943026
    outer loop
      vertex 8.860906654026834 -3.266657860188239 0.4090862129140742
      vertex 8.898881767381525 -3.266657860188239 0.5999999999999996
      vertex 8.943676467811727 -3.482945806790323 0.37480183348928087
    endloop
  endfacet
  facet normal 0.7703275794849725 0.3763806770786056 -0.5147164328119647
    outer loop
      vertex 8.752762680725795 -3.266657860188239 0.24723731927419124
      vertex 8.943676467811727 -3.482945806790323 0.37480183348928087
      vertex 8.816111953596632 -3.482945806790323 0.18388804640335543
    endloop
  endfacet
  facet normal 0.7002145072825507 0.7002145072825462 -0.13928132531720058
    outer loop
      vertex 8.707967980295592 -3.101118232618473 0.4724354857849118
      vertex 8.898881767381525 -3.266657860188239 0.5999999999999996
      vertex 8.860906654026834 -3.266657860188239 0.4090862129140742
    endloop
  endfacet
  facet normal 0.9086633352183421 0.3763806770785801 -0.18074437515936323
    outer loop
      vertex 8.898881767381525 -3.266657860188239 0.5999999999999996
      vertex 8.98847116824193 -3.482945806790323 0.5999999999999996
      vertex 8.943676467811727 -3.482945806790323 0.37480183348928087
    endloop
  endfacet
  facet normal 0.9238795325112966 0.38268343236506613 0
    outer loop
      vertex 8.898881767381525 -3.266657860188239 0.5999999999999996
      vertex 8.98847116824193 -3.482945806790323 3.3999999999999986
      vertex 8.98847116824193 -3.482945806790323 0.5999999999999996
    endloop
  endfacet
  facet normal 0 1 0
    outer loop
      vertex 5.627185537759075 -3.0115288317580617 3.5036144137862983
      vertex 8.400827505520667 -3.0115288317580617 3.516889592127539
      vertex 8.400795911185313 -3.0115288317580617 3.5079575690519036
    endloop
  endfacet
  facet normal 0 1 0
    outer loop
      vertex 8.517054193209674 -3.0115288317580617 0.5999999999999996
      vertex 8.508095219578678 -3.0115288317580617 3.400026709434078
      vertex 8.517054193209674 -3.0115288317580617 3.3999999999999986
    endloop
  endfacet
  facet normal 0.3826834323650971 0.9238795325112837 0
    outer loop
      vertex 8.733342139811754 -3.101118232618473 0.5999999999999996
      vertex 8.517054193209674 -3.0115288317580617 3.3999999999999986
      vertex 8.733342139811754 -3.101118232618473 3.3999999999999986
    endloop
  endfacet
  facet normal 0 1 0
    outer loop
      vertex 8.400827505520667 -3.0115288317580617 3.516889592127539
      vertex 8.445145463083449 -3.0115288317580617 3.507909601189157
      vertex 8.400795911185313 -3.0115288317580617 3.5079575690519036
    endloop
  endfacet
  facet normal 0 1 0
    outer loop
      vertex 8.400795911185313 -3.0115288317580617 3.5079575690519036
      vertex 8.445145463083449 -3.0115288317580617 3.507909601189157
      vertex 8.445104493771723 -3.0115288317580617 3.4826743996682126
    endloop
  endfacet
  facet normal 0 1 0
    outer loop
      vertex 8.445104493771723 -3.0115288317580617 3.4826743996682126
      vertex 8.445145463083449 -3.0115288317580617 3.507909601189157
      vertex 8.48276981378487 -3.0115288317580617 3.4827698137848806
    endloop
  endfacet
  facet normal 0 1 0
    outer loop
      vertex 8.508095219578678 -3.0115288317580617 3.400026709434078
      vertex 8.508046365064615 -3.0115288317580617 3.444940781479316
      vertex 8.517054193209674 -3.0115288317580617 3.3999999999999986
    endloop
  endfacet
  facet normal 0.7071067811865361 0.7071067811865589 0
    outer loop
      vertex 8.898881767381525 -3.266657860188239 0.5999999999999996
      vertex 8.733342139811754 -3.101118232618473 3.3999999999999986
      vertex 8.898881767381525 -3.266657860188239 3.3999999999999986
    endloop
  endfacet
  facet normal 0.9238795325112966 0.38268343236506613 0
    outer loop
      vertex 8.898881767381525 -3.266657860188239 0.5999999999999996
      vertex 8.898881767381525 -3.266657860188239 3.3999999999999986
      vertex 8.98847116824193 -3.482945806790323 3.3999999999999986
    endloop
  endfacet
  facet normal 0.19509032201612678 0 -0.9807852804032309
    outer loop
      vertex 8.399999999999991 -3.482945806790323 0.011528831758061742
      vertex 8.625198166510714 -3.482945806790323 0.05632353218826758
      vertex 8.399999999999991 -6.117054193209677 0.011528831758061742
    endloop
  endfacet
  facet normal 0.5555702330196141 0 -0.8314696123025375
    outer loop
      vertex 8.625198166510714 -3.482945806790323 0.05632353218826758
      vertex 8.816111953596632 -3.482945806790323 0.18388804640335543
      vertex 8.816111953596632 -6.117054193209677 0.18388804640335543
    endloop
  endfacet
  facet normal 0.8314696123025326 0 -0.555570233019621
    outer loop
      vertex 8.816111953596632 -3.482945806790323 0.18388804640335543
      vertex 8.943676467811727 -3.482945806790323 0.37480183348928087
      vertex 8.816111953596632 -6.117054193209677 0.18388804640335543
    endloop
  endfacet
  facet normal 0.9807852804032331 0 -0.19509032201611481
    outer loop
      vertex 8.943676467811727 -3.482945806790323 0.37480183348928087
      vertex 8.98847116824193 -3.482945806790323 0.5999999999999996
      vertex 8.943676467811727 -6.117054193209677 0.37480183348928087
    endloop
  endfacet
  facet normal 1 0 0
    outer loop
      vertex 8.98847116824193 -3.482945806790323 0.5999999999999996
      vertex 8.98847116824193 -3.482945806790323 3.3999999999999986
      vertex 8.98847116824193 -6.117054193209677 3.3999999999999986
    endloop
  endfacet
  facet normal 0 1 0
    outer loop
      vertex 5.482945806790312 -3.0115288317580617 3.5170541932096757
      vertex 6.611771432346217 -3.0115288317580617 13.551111260566397
      vertex 5.628841267751483 -3.0115288317580617 3.5170541932096757
    endloop
  endfacet
  facet normal 0 1 0
    outer loop
      vertex 5.628841267751483 -3.0115288317580617 3.5170541932096757
      vertex 6.804210711669924 -3.0115288317580617 13.512832707939285
      vertex 8.400827505520667 -3.0115288317580617 3.516889592127539
    endloop
  endfacet
  facet normal 0 1 0
    outer loop
      vertex 8.400827505520667 -3.0115288317580617 3.516889592127539
      vertex 8.385819298766933 -3.0115288317580617 14.425974851452365
      vertex 8.445145463083449 -3.0115288317580617 3.507909601189157
    endloop
  endfacet
  facet normal 0 1 0
    outer loop
      vertex 8.445145463083449 -3.0115288317580617 3.507909601189157
      vertex 8.448888739433599 -3.0115288317580617 14.611771432346218
      vertex 8.48276981378487 -3.0115288317580617 3.4827698137848806
    endloop
  endfacet
  facet normal 0 1 0
    outer loop
      vertex 8.48276981378487 -3.0115288317580617 3.4827698137848806
      vertex 8.487167292060718 -3.0115288317580617 14.804210711669922
      vertex 8.508046365064615 -3.0115288317580617 3.444940781479316
    endloop
  endfacet
  facet normal 0 1 0
    outer loop
      vertex 8.517054193209674 -3.0115288317580617 3.3999999999999986
      vertex 8.508046365064615 -3.0115288317580617 3.444940781479316
      vertex 8.487167292060718 -3.0115288317580617 14.804210711669922
    endloop
  endfacet
  facet normal 0 -1 0
    outer loop
      vertex -6 -6.588471168241938 0.4829458067903225
      vertex 8.399999999999991 -6.588471168241938 0.4829458067903225
      vertex 7.693495186361176 -6.588471168241938 3.2829458067903214
    endloop
  endfacet
  facet normal 0 -0.3826834323650856 -0.9238795325112885
    outer loop
      vertex -6 -6.117054193209677 0.011528831758061742
      vertex 8.399999999999991 -6.117054193209677 0.011528831758061742
      vertex 8.399999999999991 -6.333342139811761 0.10111823261847164
    endloop
  endfacet
  facet normal 0 -0.7071067811865513 -0.7071067811865437
    outer loop
      vertex -6 -6.333342139811761 0.10111823261847164
      vertex 8.399999999999991 -6.333342139811761 0.10111823261847164
      vertex 8.399999999999991 -6.498881767381527 0.2666578601882392
    endloop
  endfacet
  facet normal 0 -0.9238795325112865 -0.3826834323650901
    outer loop
      vertex -6 -6.498881767381527 0.2666578601882392
      vertex 8.399999999999991 -6.498881767381527 0.2666578601882392
      vertex 8.399999999999991 -6.588471168241938 0.4829458067903225
    endloop
  endfacet
  facet normal 0 -1 0
    outer loop
      vertex -6 -6.588471168241938 0.4829458067903225
      vertex 7.693495186361176 -6.588471168241938 3.2829458067903214
      vertex 7.653315433441193 -6.588471168241938 3.2829458067903214
    endloop
  endfacet
  facet normal 0 -1 0
    outer loop
      vertex 5.482945806790312 -6.588471168241938 3.435775661605618
      vertex 5.573527996929556 -6.588471168241938 3.436045714754112
      vertex 5.482945806790312 -6.588471168241938 3.5170541932096757
    endloop
  endfacet
  facet normal 0.19509032201612678 0 -0.9807852804032309
    outer loop
      vertex 8.625198166510714 -3.482945806790323 0.05632353218826758
      vertex 8.625198166510714 -6.117054193209677 0.05632353218826758
      vertex 8.399999999999991 -6.117054193209677 0.011528831758061742
    endloop
  endfacet
  facet normal 0.5555702330196141 0 -0.8314696123025375
    outer loop
      vertex 8.625198166510714 -3.482945806790323 0.05632353218826758
      vertex 8.816111953596632 -6.117054193209677 0.18388804640335543
      vertex 8.625198166510714 -6.117054193209677 0.05632353218826758
    endloop
  endfacet
  facet normal 0.8314696123025326 0 -0.555570233019621
    outer loop
      vertex 8.943676467811727 -3.482945806790323 0.37480183348928087
      vertex 8.943676467811727 -6.117054193209677 0.37480183348928087
      vertex 8.816111953596632 -6.117054193209677 0.18388804640335543
    endloop
  endfacet
  facet normal 0.9807852804032331 0 -0.19509032201611481
    outer loop
      vertex 8.98847116824193 -3.482945806790323 0.5999999999999996
      vertex 8.98847116824193 -6.117054193209677 0.5999999999999996
      vertex 8.943676467811727 -6.117054193209677 0.37480183348928087
    endloop
  endfacet
  facet normal 1 0 0
    outer loop
      vertex 8.98847116824193 -3.482945806790323 0.5999999999999996
      vertex 8.98847116824193 -6.117054193209677 3.3999999999999986
      vertex 8.98847116824193 -6.117054193209677 0.5999999999999996
    endloop
  endfacet
  facet normal 0 -1 0
    outer loop
      vertex 5.573527996929556 -6.588471168241938 3.436045714754112
      vertex 7.653315433441193 -6.588471168241938 3.2829458067903214
      vertex 8.212899467916102 -6.588471168241938 3.3888946054735705
    endloop
  endfacet
  facet normal 0.18074437515937283 -0.37638067707859857 -0.9086633352183324
    outer loop
      vertex 8.399999999999991 -6.117054193209677 0.011528831758061742
      vertex 8.625198166510714 -6.117054193209677 0.05632353218826758
      vertex 8.399999999999991 -6.333342139811761 0.10111823261847164
    endloop
  endfacet
  facet normal 0.18074437515938252 -0.3763806770786075 -0.9086633352183269
    outer loop
      vertex 8.625198166510714 -6.117054193209677 0.05632353218826758
      vertex 8.59091378708591 -6.333342139811761 0.1390933459731496
      vertex 8.399999999999991 -6.333342139811761 0.10111823261847164
    endloop
  endfacet
  facet normal 0.5147164328119587 -0.3763806770786033 -0.7703275794849778
    outer loop
      vertex 8.625198166510714 -6.117054193209677 0.05632353218826758
      vertex 8.816111953596632 -6.117054193209677 0.18388804640335543
      vertex 8.752762680725795 -6.333342139811761 0.24723731927419124
    endloop
  endfacet
  facet normal 0.7703275794849724 -0.37638067707860556 -0.5147164328119647
    outer loop
      vertex 8.816111953596632 -6.117054193209677 0.18388804640335543
      vertex 8.943676467811727 -6.117054193209677 0.37480183348928087
      vertex 8.752762680725795 -6.333342139811761 0.24723731927419124
    endloop
  endfacet
  facet normal 0.514716432811937 -0.37638067707862105 -0.7703275794849834
    outer loop
      vertex 8.625198166510714 -6.117054193209677 0.05632353218826758
      vertex 8.752762680725795 -6.333342139811761 0.24723731927419124
      vertex 8.59091378708591 -6.333342139811761 0.1390933459731496
    endloop
  endfacet
  facet normal 0.7703275794849811 -0.37638067707863204 -0.5147164328119326
    outer loop
      vertex 8.943676467811727 -6.117054193209677 0.37480183348928087
      vertex 8.860906654026834 -6.333342139811761 0.4090862129140742
      vertex 8.752762680725795 -6.333342139811761 0.24723731927419124
    endloop
  endfacet
  facet normal 0.9086633352183032 -0.3763806770786418 -0.1807443751594303
    outer loop
      vertex 8.943676467811727 -6.117054193209677 0.37480183348928087
      vertex 8.898881767381525 -6.333342139811761 0.5999999999999996
      vertex 8.860906654026834 -6.333342139811761 0.4090862129140742
    endloop
  endfacet
  facet normal 0.9086633352183421 -0.3763806770785801 -0.18074437515936323
    outer loop
      vertex 8.943676467811727 -6.117054193209677 0.37480183348928087
      vertex 8.98847116824193 -6.117054193209677 0.5999999999999996
      vertex 8.898881767381525 -6.333342139811761 0.5999999999999996
    endloop
  endfacet
  facet normal 0.13928132531716142 -0.7002145072825475 -0.7002145072825571
    outer loop
      vertex 8.399999999999991 -6.333342139811761 0.10111823261847164
      vertex 8.59091378708591 -6.333342139811761 0.1390933459731496
      vertex 8.527564514215086 -6.498881767381527 0.2920320197043971
    endloop
  endfacet
  facet normal 0.13928132531713808 -0.7002145072825585 -0.700214507282551
    outer loop
      vertex 8.399999999999991 -6.333342139811761 0.10111823261847164
      vertex 8.527564514215086 -6.498881767381527 0.2920320197043971
      vertex 8.399999999999991 -6.498881767381527 0.2666578601882392
    endloop
  endfacet
  facet normal 0.07590088788046444 -0.9212144791753947 -0.38157953112891607
    outer loop
      vertex 8.399999999999991 -6.498881767381527 0.2666578601882392
      vertex 8.527564514215086 -6.498881767381527 0.2920320197043971
      vertex 8.399999999999991 -6.588471168241938 0.4829458067903225
    endloop
  endfacet
  facet normal 0.07590088788048223 -0.9212144791753977 -0.3815795311289055
    outer loop
      vertex 8.399999999999991 -6.588471168241938 0.4829458067903225
      vertex 8.527564514215086 -6.498881767381527 0.2920320197043971
      vertex 8.444794700430194 -6.588471168241938 0.491856026698958
    endloop
  endfacet
  facet normal 0.2161474415048746 -0.9212144791753987 -0.3234875065415906
    outer loop
      vertex 8.444794700430194 -6.588471168241938 0.491856026698958
      vertex 8.527564514215086 -6.498881767381527 0.2920320197043971
      vertex 8.635708487516126 -6.498881767381527 0.3642915124838684
    endloop
  endfacet
  facet normal 0.21614744150487739 -0.9212144791753993 -0.323487506541587
    outer loop
      vertex 8.444794700430194 -6.588471168241938 0.491856026698958
      vertex 8.635708487516126 -6.498881767381527 0.3642915124838684
      vertex 8.48276981378487 -6.588471168241938 0.5172301862151176
    endloop
  endfacet
  facet normal 0.32348750654157576 -0.9212144791754016 -0.216147441504885
    outer loop
      vertex 8.48276981378487 -6.588471168241938 0.5172301862151176
      vertex 8.635708487516126 -6.498881767381527 0.3642915124838684
      vertex 8.508143973301031 -6.588471168241938 0.5552052995697938
    endloop
  endfacet
  facet normal 0.3815795311288895 -0.9212144791754001 -0.07590088788053355
    outer loop
      vertex 8.508143973301031 -6.588471168241938 0.5552052995697938
      vertex 8.707967980295592 -6.498881767381527 0.4724354857849118
      vertex 8.517054193209674 -6.588471168241938 0.5999999999999996
    endloop
  endfacet
  facet normal 0.39663965676028534 -0.700214507282537 -0.5936131960091159
    outer loop
      vertex 8.59091378708591 -6.333342139811761 0.1390933459731496
      vertex 8.752762680725795 -6.333342139811761 0.24723731927419124
      vertex 8.527564514215086 -6.498881767381527 0.2920320197043971
    endloop
  endfacet
  facet normal 0.5936131960091171 -0.7002145072825366 -0.3966396567602841
    outer loop
      vertex 8.752762680725795 -6.333342139811761 0.24723731927419124
      vertex 8.860906654026834 -6.333342139811761 0.4090862129140742
      vertex 8.635708487516126 -6.498881767381527 0.3642915124838684
    endloop
  endfacet
  facet normal 0.39663965676029245 -0.7002145072825434 -0.5936131960091036
    outer loop
      vertex 8.752762680725795 -6.333342139811761 0.24723731927419124
      vertex 8.635708487516126 -6.498881767381527 0.3642915124838684
      vertex 8.527564514215086 -6.498881767381527 0.2920320197043971
    endloop
  endfacet
  facet normal 0.5936131960091201 -0.7002145072825469 -0.3966396567602615
    outer loop
      vertex 8.860906654026834 -6.333342139811761 0.4090862129140742
      vertex 8.707967980295592 -6.498881767381527 0.4724354857849118
      vertex 8.635708487516126 -6.498881767381527 0.3642915124838684
    endloop
  endfacet
  facet normal 0.3234875065416063 -0.9212144791753962 -0.21614744150486206
    outer loop
      vertex 8.508143973301031 -6.588471168241938 0.5552052995697938
      vertex 8.635708487516126 -6.498881767381527 0.3642915124838684
      vertex 8.707967980295592 -6.498881767381527 0.4724354857849118
    endloop
  endfacet
  facet normal 0.7002145072825409 -0.7002145072825634 -0.13928132531716325
    outer loop
      vertex 8.898881767381525 -6.333342139811761 0.5999999999999996
      vertex 8.733342139811754 -6.498881767381527 0.5999999999999996
      vertex 8.707967980295592 -6.498881767381527 0.4724354857849118
    endloop
  endfacet
  facet normal 0.7002145072825507 -0.700214507282546 -0.13928132531720055
    outer loop
      vertex 8.860906654026834 -6.333342139811761 0.4090862129140742
      vertex 8.898881767381525 -6.333342139811761 0.5999999999999996
      vertex 8.707967980295592 -6.498881767381527 0.4724354857849118
    endloop
  endfacet
  facet normal 0.38157953112892096 -0.9212144791753913 -0.07590088788048026
    outer loop
      vertex 8.517054193209674 -6.588471168241938 0.5999999999999996
      vertex 8.707967980295592 -6.498881767381527 0.4724354857849118
      vertex 8.733342139811754 -6.498881767381527 0.5999999999999996
    endloop
  endfacet
  facet normal 0.9238795325112966 -0.38268343236506613 0
    outer loop
      vertex 8.98847116824193 -6.117054193209677 0.5999999999999996
      vertex 8.98847116824193 -6.117054193209677 3.3999999999999986
      vertex 8.898881767381525 -6.333342139811761 0.5999999999999996
    endloop
  endfacet
  facet normal 0 -1 0
    outer loop
      vertex 8.399999999999991 -6.588471168241938 0.4829458067903225
      vertex 8.444794700430194 -6.588471168241938 0.491856026698958
      vertex 8.504683775524356 -6.588471168241938 3.3500267476372514
    endloop
  endfacet
  facet normal 0 -1 0
    outer loop
      vertex 8.444794700430194 -6.588471168241938 0.491856026698958
      vertex 8.48276981378487 -6.588471168241938 0.5172301862151176
      vertex 8.50735726784464 -6.588471168241938 3.3540279116502365
    endloop
  endfacet
  facet normal 0 -1 0
    outer loop
      vertex 8.48276981378487 -6.588471168241938 0.5172301862151176
      vertex 8.508143973301031 -6.588471168241938 0.5552052995697938
      vertex 8.50735726784464 -6.588471168241938 3.3540279116502365
    endloop
  endfacet
  facet normal 0 -1 0
    outer loop
      vertex 8.508143973301031 -6.588471168241938 0.5552052995697938
      vertex 8.517054193209674 -6.588471168241938 0.5999999999999996
      vertex 8.508143973301031 -6.588471168241938 3.3552052995697927
    endloop
  endfacet
  facet normal 0.7071067811865361 -0.7071067811865589 0
    outer loop
      vertex 8.898881767381525 -6.333342139811761 0.5999999999999996
      vertex 8.898881767381525 -6.333342139811761 3.3999999999999986
      vertex 8.733342139811754 -6.498881767381527 0.5999999999999996
    endloop
  endfacet
  facet normal 0.38268343236509555 -0.9238795325112844 0
    outer loop
      vertex 8.517054193209674 -6.588471168241938 0.5999999999999996
      vertex 8.733342139811754 -6.498881767381527 0.5999999999999996
      vertex 8.733342139811754 -6.498881767381527 3.3999999999999986
    endloop
  endfacet
  facet normal 0 -1 0
    outer loop
      vertex 7.693495186361176 -6.588471168241938 3.2829458067903214
      vertex 8.399999999999991 -6.588471168241938 0.4829458067903225
      vertex 7.837930068324752 -6.588471168241938 3.31164114915574
    endloop
  endfacet
  facet normal 0 -1 0
    outer loop
      vertex 7.653315433441193 -6.588471168241938 3.2829458067903214
      vertex 7.693495186361176 -6.588471168241938 3.2829458067903214
      vertex 7.837930068324752 -6.588471168241938 3.31164114915574
    endloop
  endfacet
  facet normal 0 -1 0
    outer loop
      vertex 7.653315433441193 -6.588471168241938 3.2829458067903214
      vertex 7.837930068324752 -6.588471168241938 3.31164114915574
      vertex 8.212899467916102 -6.588471168241938 3.3888946054735705
    endloop
  endfacet
  facet normal 0 -1 0
    outer loop
      vertex 7.837930068324752 -6.588471168241938 3.31164114915574
      vertex 8.504683775524356 -6.588471168241938 3.3500267476372514
      vertex 8.212899467916102 -6.588471168241938 3.3888946054735705
    endloop
  endfacet
  facet normal 0.9238795325112966 -0.38268343236506613 0
    outer loop
      vertex 8.98847116824193 -6.117054193209677 3.3999999999999986
      vertex 8.898881767381525 -6.333342139811761 3.3999999999999986
      vertex 8.898881767381525 -6.333342139811761 0.5999999999999996
    endloop
  endfacet
  facet normal 0 -1 0
    outer loop
      vertex 7.837930068324752 -6.588471168241938 3.31164114915574
      vertex 8.399999999999991 -6.588471168241938 0.4829458067903225
      vertex 8.504683775524356 -6.588471168241938 3.3500267476372514
    endloop
  endfacet
  facet normal 0 -1 0
    outer loop
      vertex 8.444794700430194 -6.588471168241938 0.491856026698958
      vertex 8.50735726784464 -6.588471168241938 3.3540279116502365
      vertex 8.504683775524356 -6.588471168241938 3.3500267476372514
    endloop
  endfacet
  facet normal 0 -1 0
    outer loop
      vertex 8.508143973301031 -6.588471168241938 0.5552052995697938
      vertex 8.508143973301031 -6.588471168241938 3.3552052995697927
      vertex 8.507367328241727 -6.588471168241938 3.3551886382350276
    endloop
  endfacet
  facet normal 0 -1 0
    outer loop
      vertex 8.508143973301031 -6.588471168241938 0.5552052995697938
      vertex 8.507367328241727 -6.588471168241938 3.3551886382350276
      vertex 8.50735726784464 -6.588471168241938 3.3540279116502365
    endloop
  endfacet
  facet normal 0 -1 0
    outer loop
      vertex 8.517054193209674 -6.588471168241938 0.5999999999999996
      vertex 8.517054193209674 -6.588471168241938 3.3999999999999986
      vertex 8.508143973301031 -6.588471168241938 3.3552052995697927
    endloop
  endfacet
  facet normal 0.38268343236509555 -0.9238795325112844 0
    outer loop
      vertex 8.517054193209674 -6.588471168241938 0.5999999999999996
      vertex 8.733342139811754 -6.498881767381527 3.3999999999999986
      vertex 8.517054193209674 -6.588471168241938 3.3999999999999986
    endloop
  endfacet
  facet normal 0.7071067811865361 -0.7071067811865589 0
    outer loop
      vertex 8.733342139811754 -6.498881767381527 0.5999999999999996
      vertex 8.898881767381525 -6.333342139811761 3.3999999999999986
      vertex 8.733342139811754 -6.498881767381527 3.3999999999999986
    endloop
  endfacet
  facet normal 0 -1 0
    outer loop
      vertex 8.212899467916102 -6.588471168241938 3.3888946054735705
      vertex 8.50735726784464 -6.588471168241938 3.3540279116502365
      vertex 8.507367328241727 -6.588471168241938 3.3551886382350276
    endloop
  endfacet
  facet normal 0 -1 0
    outer loop
      vertex 8.212899467916102 -6.588471168241938 3.3888946054735705
      vertex 8.504683775524356 -6.588471168241938 3.3500267476372514
      vertex 8.50735726784464 -6.588471168241938 3.3540279116502365
    endloop
  endfacet
  facet normal 0 -1 0
    outer loop
      vertex 8.212899467916102 -6.588471168241938 3.3888946054735705
      vertex 8.507367328241727 -6.588471168241938 3.3551886382350276
      vertex 8.508143973301031 -6.588471168241938 3.3552052995697927
    endloop
  endfacet
  facet normal 0 -1 0
    outer loop
      vertex 8.212899467916102 -6.588471168241938 3.3888946054735705
      vertex 8.508143973301031 -6.588471168241938 3.3552052995697927
      vertex 8.517054193209674 -6.588471168241938 3.3999999999999986
    endloop
  endfacet
  facet normal -0.38268343236509716 0.9238795325112837 0
    outer loop
      vertex 5.266657860188232 -3.101118232618473 3.7333421398117608
      vertex 5.482945806790312 -3.0115288317580617 26.482945806790323
      vertex 5.482945806790312 -3.0115288317580617 3.5170541932096757
    endloop
  endfacet
  facet normal 0 1 0
    outer loop
      vertex 5.482945806790312 -3.0115288317580617 3.5170541932096757
      vertex 5.700961894323342 -3.0115288317580617 14.25
      vertex 5.809969989563143 -3.0115288317580617 14.086857856486919
    endloop
  endfacet
  facet normal 0 1 0
    outer loop
      vertex 5.482945806790312 -3.0115288317580617 3.5170541932096757
      vertex 5.614180701233067 -3.0115288317580617 14.425974851452365
      vertex 5.700961894323342 -3.0115288317580617 14.25
    endloop
  endfacet
  facet normal 0 1 0
    outer loop
      vertex 5.482945806790312 -3.0115288317580617 3.5170541932096757
      vertex 5.809969989563143 -3.0115288317580617 14.086857856486919
      vertex 5.939339828220184 -3.0115288317580617 13.939339828220179
    endloop
  endfacet
  facet normal 0 1 0
    outer loop
      vertex 5.482945806790312 -3.0115288317580617 3.5170541932096757
      vertex 5.939339828220184 -3.0115288317580617 13.939339828220179
      vertex 6.086857856486915 -3.0115288317580617 13.809969989563147
    endloop
  endfacet
  facet normal 0 1 0
    outer loop
      vertex 5.482945806790312 -3.0115288317580617 3.5170541932096757
      vertex 5.551111260566401 -3.0115288317580617 14.611771432346218
      vertex 5.614180701233067 -3.0115288317580617 14.425974851452365
    endloop
  endfacet
  facet normal 0 1 0
    outer loop
      vertex 5.482945806790312 -3.0115288317580617 3.5170541932096757
      vertex 5.512832707939282 -3.0115288317580617 14.804210711669922
      vertex 5.551111260566401 -3.0115288317580617 14.611771432346218
    endloop
  endfacet
  facet normal 0 1 0
    outer loop
      vertex 5.482945806790312 -3.0115288317580617 3.5170541932096757
      vertex 5.5 -3.0115288317580617 15
      vertex 5.512832707939282 -3.0115288317580617 14.804210711669922
    endloop
  endfacet
  facet normal -0.7071067811865361 0.707106781186559 0
    outer loop
      vertex 5.101118232618461 -3.266657860188239 3.898881767381525
      vertex 5.266657860188232 -3.101118232618473 26.26665786018824
      vertex 5.266657860188232 -3.101118232618473 3.7333421398117608
    endloop
  endfacet
  facet normal -0.9238795325112966 0.38268343236506625 0
    outer loop
      vertex 5.101118232618461 -3.266657860188239 3.898881767381525
      vertex 5.011528831758056 -3.482945806790323 3.9884711682419365
      vertex 5.101118232618461 -3.266657860188239 26.10111823261847
    endloop
  endfacet
  facet normal -1 0 0
    outer loop
      vertex 5.011528831758056 -3.482945806790323 3.9884711682419365
      vertex 5.011528831758056 -6.117054193209677 3.9884711682419365
      vertex 5.011528831758056 -3.482945806790323 26.011528831758064
    endloop
  endfacet
  facet normal 0 1 0
    outer loop
      vertex 5.482945806790312 -3.0115288317580617 3.5170541932096757
      vertex 6.25 -3.0115288317580617 13.700961894323342
      vertex 6.4259748514523665 -3.0115288317580617 13.614180701233071
    endloop
  endfacet
  facet normal 0 1 0
    outer loop
      vertex 5.482945806790312 -3.0115288317580617 3.5170541932096757
      vertex 6.4259748514523665 -3.0115288317580617 13.614180701233071
      vertex 6.611771432346217 -3.0115288317580617 13.551111260566397
    endloop
  endfacet
  facet normal 0 1 0
    outer loop
      vertex 5.628841267751483 -3.0115288317580617 3.5170541932096757
      vertex 6.611771432346217 -3.0115288317580617 13.551111260566397
      vertex 6.804210711669924 -3.0115288317580617 13.512832707939285
    endloop
  endfacet
  facet normal 0 1 0
    outer loop
      vertex 5.482945806790312 -3.0115288317580617 3.5170541932096757
      vertex 6.086857856486915 -3.0115288317580617 13.809969989563147
      vertex 6.25 -3.0115288317580617 13.700961894323342
    endloop
  endfacet
  facet normal 0 1 0
    outer loop
      vertex 8.400827505520667 -3.0115288317580617 3.516889592127539
      vertex 6.804210711669924 -3.0115288317580617 13.512832707939285
      vertex 7 -3.0115288317580617 13.5
    endloop
  endfacet
  facet normal 0 1 0
    outer loop
      vertex 8.400827505520667 -3.0115288317580617 3.516889592127539
      vertex 7 -3.0115288317580617 13.5
      vertex 7.195789288330076 -3.0115288317580617 13.512832707939285
    endloop
  endfacet
  facet normal 0 1 0
    outer loop
      vertex 8.400827505520667 -3.0115288317580617 3.516889592127539
      vertex 7.195789288330076 -3.0115288317580617 13.512832707939285
      vertex 7.388228567653783 -3.0115288317580617 13.551111260566397
    endloop
  endfacet
  facet normal 0 1 0
    outer loop
      vertex 8.400827505520667 -3.0115288317580617 3.516889592127539
      vertex 7.388228567653783 -3.0115288317580617 13.551111260566397
      vertex 7.5740251485476335 -3.0115288317580617 13.614180701233071
    endloop
  endfacet
  facet normal 0 1 0
    outer loop
      vertex 8.400827505520667 -3.0115288317580617 3.516889592127539
      vertex 7.5740251485476335 -3.0115288317580617 13.614180701233071
      vertex 7.75 -3.0115288317580617 13.700961894323342
    endloop
  endfacet
  facet normal 0 1 0
    outer loop
      vertex 8.400827505520667 -3.0115288317580617 3.516889592127539
      vertex 7.75 -3.0115288317580617 13.700961894323342
      vertex 7.913142143513085 -3.0115288317580617 13.809969989563147
    endloop
  endfacet
  facet normal 0 1 0
    outer loop
      vertex 8.400827505520667 -3.0115288317580617 3.516889592127539
      vertex 7.913142143513085 -3.0115288317580617 13.809969989563147
      vertex 8.060660171779816 -3.0115288317580617 13.939339828220179
    endloop
  endfacet
  facet normal 0 1 0
    outer loop
      vertex 8.400827505520667 -3.0115288317580617 3.516889592127539
      vertex 8.060660171779816 -3.0115288317580617 13.939339828220179
      vertex 8.190030010436857 -3.0115288317580617 14.086857856486919
    endloop
  endfacet
  facet normal 0 1 0
    outer loop
      vertex 8.400827505520667 -3.0115288317580617 3.516889592127539
      vertex 8.190030010436857 -3.0115288317580617 14.086857856486919
      vertex 8.299038105676658 -3.0115288317580617 14.25
    endloop
  endfacet
  facet normal 0 1 0
    outer loop
      vertex 8.400827505520667 -3.0115288317580617 3.516889592127539
      vertex 8.299038105676658 -3.0115288317580617 14.25
      vertex 8.385819298766933 -3.0115288317580617 14.425974851452365
    endloop
  endfacet
  facet normal 0 1 0
    outer loop
      vertex 8.445145463083449 -3.0115288317580617 3.507909601189157
      vertex 8.385819298766933 -3.0115288317580617 14.425974851452365
      vertex 8.448888739433599 -3.0115288317580617 14.611771432346218
    endloop
  endfacet
  facet normal 0 1 0
    outer loop
      vertex 8.48276981378487 -3.0115288317580617 3.4827698137848806
      vertex 8.448888739433599 -3.0115288317580617 14.611771432346218
      vertex 8.487167292060718 -3.0115288317580617 14.804210711669922
    endloop
  endfacet
  facet normal 0 1 0
    outer loop
      vertex 8.517054193209674 -3.0115288317580617 3.3999999999999986
      vertex 8.487167292060718 -3.0115288317580617 14.804210711669922
      vertex 8.5 -3.0115288317580617 15
    endloop
  endfacet
  facet normal 0.3826834323650972 0.9238795325112837 0
    outer loop
      vertex 8.517054193209674 -3.0115288317580617 3.3999999999999986
      vertex 8.733342139811754 -3.101118232618473 26.6
      vertex 8.733342139811754 -3.101118232618473 3.3999999999999986
    endloop
  endfacet
  facet normal 0.7071067811865361 0.7071067811865589 0
    outer loop
      vertex 8.733342139811754 -3.101118232618473 3.3999999999999986
      vertex 8.733342139811754 -3.101118232618473 26.6
      vertex 8.898881767381525 -3.266657860188239 3.3999999999999986
    endloop
  endfacet
  facet normal 0.9238795325112965 0.3826834323650662 0
    outer loop
      vertex 8.898881767381525 -3.266657860188239 3.3999999999999986
      vertex 8.898881767381525 -3.266657860188239 26.6
      vertex 8.98847116824193 -3.482945806790323 3.3999999999999986
    endloop
  endfacet
  facet normal -0.7071067811865361 -0.7071067811865589 0
    outer loop
      vertex 5.101118232618461 -6.333342139811761 3.898881767381525
      vertex 5.266657860188232 -6.498881767381527 3.7333421398117608
      vertex 5.101118232618461 -6.333342139811761 26.10111823261847
    endloop
  endfacet
  facet normal -0.38268343236509555 -0.9238795325112844 0
    outer loop
      vertex 5.266657860188232 -6.498881767381527 3.7333421398117608
      vertex 5.482945806790312 -6.588471168241938 3.5170541932096757
      vertex 5.482945806790312 -6.588471168241938 26.482945806790323
    endloop
  endfacet
  facet normal 0 -1 0
    outer loop
      vertex 5.482945806790312 -6.588471168241938 3.5170541932096757
      vertex 5.573527996929556 -6.588471168241938 3.436045714754112
      vertex 5.483403544923249 -6.588471168241938 26.482945806790323
    endloop
  endfacet
  facet normal -0.9238795325112965 -0.3826834323650662 0
    outer loop
      vertex 5.011528831758056 -6.117054193209677 3.9884711682419365
      vertex 5.101118232618461 -6.333342139811761 3.898881767381525
      vertex 5.011528831758056 -6.117054193209677 26.011528831758064
    endloop
  endfacet
  facet normal 1 0 0
    outer loop
      vertex 8.98847116824193 -3.482945806790323 3.3999999999999986
      vertex 8.98847116824193 -6.117054193209677 26.6
      vertex 8.98847116824193 -6.117054193209677 3.3999999999999986
    endloop
  endfacet
  facet normal 0 -1 0
    outer loop
      vertex 5.573527996929556 -6.588471168241938 3.436045714754112
      vertex 8.212899467916102 -6.588471168241938 3.3888946054735705
      vertex 8.517054193209674 -6.588471168241938 26.6
    endloop
  endfacet
  facet normal 0.9238795325112965 -0.3826834323650662 0
    outer loop
      vertex 8.98847116824193 -6.117054193209677 3.3999999999999986
      vertex 8.98847116824193 -6.117054193209677 26.6
      vertex 8.898881767381525 -6.333342139811761 3.3999999999999986
    endloop
  endfacet
  facet normal 0 -1 0
    outer loop
      vertex 8.212899467916102 -6.588471168241938 3.3888946054735705
      vertex 8.517054193209674 -6.588471168241938 3.3999999999999986
      vertex 8.517054193209674 -6.588471168241938 26.6
    endloop
  endfacet
  facet normal 0.3826834323650956 -0.9238795325112844 0
    outer loop
      vertex 8.517054193209674 -6.588471168241938 3.3999999999999986
      vertex 8.733342139811754 -6.498881767381527 3.3999999999999986
      vertex 8.517054193209674 -6.588471168241938 26.6
    endloop
  endfacet
  facet normal 0.7071067811865361 -0.7071067811865589 0
    outer loop
      vertex 8.898881767381525 -6.333342139811761 3.3999999999999986
      vertex 8.898881767381525 -6.333342139811761 26.6
      vertex 8.733342139811754 -6.498881767381527 3.3999999999999986
    endloop
  endfacet
  facet normal 0 0.7071067811865512 -0.7071067811865437
    outer loop
      vertex -4.266657860188246 -3.101118232618473 26.26665786018824
      vertex 5.266657860188232 -3.101118232618473 26.26665786018824
      vertex -4.101118232618475 -3.266657860188239 26.10111823261847
    endloop
  endfacet
  facet normal 0 0.3826834323650791 -0.9238795325112913
    outer loop
      vertex -4.101118232618475 -3.266657860188239 26.10111823261847
      vertex 5.101118232618461 -3.266657860188239 26.10111823261847
      vertex -4.011528831758071 -3.482945806790323 26.011528831758064
    endloop
  endfacet
  facet normal 0 0 -1
    outer loop
      vertex -4.011528831758071 -3.482945806790323 26.011528831758064
      vertex 5.011528831758056 -3.482945806790323 26.011528831758064
      vertex -4.011528831758071 -6.117054193209677 26.011528831758064
    endloop
  endfacet
  facet normal 0 1 0
    outer loop
      vertex -6 -3.0115288317580617 29.517054193209674
      vertex 5.482945806790312 -3.0115288317580617 26.482945806790323
      vertex -4.482945806790326 -3.0115288317580617 26.482945806790323
    endloop
  endfacet
  facet normal 0 0.9238795325112859 -0.3826834323650918
    outer loop
      vertex -4.482945806790326 -3.0115288317580617 26.482945806790323
      vertex 5.482945806790312 -3.0115288317580617 26.482945806790323
      vertex -4.266657860188246 -3.101118232618473 26.26665786018824
    endloop
  endfacet
  facet normal 0 1 0
    outer loop
      vertex -6 -3.0115288317580617 29.517054193209674
      vertex -4.6000000000000085 -3.0115288317580617 29.517054193209674
      vertex 8.482950284848059 -3.0115288317580617 26.560210610653776
    endloop
  endfacet
  facet normal -2.4699719967449014e-16 0.7071067811865437 0.7071067811865513
    outer loop
      vertex -4.6000000000000085 -3.101118232618473 29.73334213981176
      vertex -4.6000000000000085 -3.266657860188239 29.898881767381525
      vertex 5.599999999999994 -3.266657860188239 29.89888176738153
    endloop
  endfacet
  facet normal 0 0 1
    outer loop
      vertex -4.6000000000000085 -3.482945806790323 29.988471168241936
      vertex -4.6000000000000085 -3.7170541932096772 29.988471168241936
      vertex 5.599999999999994 -3.7170541932096772 29.988471168241936
    endloop
  endfacet
  facet normal -3.217921032075148e-16 0.38268343236509555 0.9238795325112843
    outer loop
      vertex -4.6000000000000085 -3.266657860188239 29.898881767381525
      vertex -3.148616600790362 -3.435429925774704 29.968789445897162
      vertex 5.599999999999994 -3.266657860188239 29.89888176738153
    endloop
  endfacet
  facet normal 5.537949351805746e-16 0.3826834323650569 0.9238795325113003
    outer loop
      vertex -4.6000000000000085 -3.482945806790323 29.988471168241936
      vertex 5.599999999999994 -3.266657860188239 29.89888176738153
      vertex -3.148616600790362 -3.435429925774704 29.968789445897162
    endloop
  endfacet
  facet normal 0 0.7071067811865513 -0.7071067811865438
    outer loop
      vertex -4.101118232618475 -3.266657860188239 26.10111823261847
      vertex 5.266657860188232 -3.101118232618473 26.26665786018824
      vertex 5.101118232618461 -3.266657860188239 26.10111823261847
    endloop
  endfacet
  facet normal 0 0.3826834323650791 -0.9238795325112912
    outer loop
      vertex -4.011528831758071 -3.482945806790323 26.011528831758064
      vertex 5.101118232618461 -3.266657860188239 26.10111823261847
      vertex 5.011528831758056 -3.482945806790323 26.011528831758064
    endloop
  endfacet
  facet normal 0 0.9238795325112882 0.38268343236508645
    outer loop
      vertex -4.6000000000000085 -3.0115288317580617 29.517054193209674
      vertex -4.6000000000000085 -3.101118232618473 29.73334213981176
      vertex 8.399999999999991 -3.101118232618473 29.73334213981176
    endloop
  endfacet
  facet normal 0 0.9238795325112859 -0.3826834323650917
    outer loop
      vertex -4.266657860188246 -3.101118232618473 26.26665786018824
      vertex 5.482945806790312 -3.0115288317580617 26.482945806790323
      vertex 5.266657860188232 -3.101118232618473 26.26665786018824
    endloop
  endfacet
  facet normal 0 1 0
    outer loop
      vertex -6 -3.0115288317580617 29.517054193209674
      vertex 8.482950284848059 -3.0115288317580617 26.560210610653776
      vertex 5.482945806790312 -3.0115288317580617 26.482945806790323
    endloop
  endfacet
  facet normal 0 0.38268343236507907 0.9238795325112912
    outer loop
      vertex -4.6000000000000085 -3.482945806790323 29.988471168241936
      vertex 5.599999999999994 -3.482945806790323 29.988471168241936
      vertex 5.599999999999994 -3.266657860188239 29.89888176738153
    endloop
  endfacet
  facet normal 0 0 1
    outer loop
      vertex -4.6000000000000085 -3.482945806790323 29.988471168241936
      vertex 5.599999999999994 -3.7170541932096772 29.988471168241936
      vertex 5.599999999999994 -3.482945806790323 29.988471168241936
    endloop
  endfacet
  facet normal 0 0 1
    outer loop
      vertex -4.6000000000000085 -3.7170541932096772 29.988471168241936
      vertex 5.599999999999994 -6.117054193209677 29.988471168241936
      vertex 5.599999999999994 -3.7170541932096772 29.988471168241936
    endloop
  endfacet
  facet normal 0 -0.3826834323650791 -0.9238795325112912
    outer loop
      vertex -4.011528831758071 -6.117054193209677 26.011528831758064
      vertex 5.011528831758056 -6.117054193209677 26.011528831758064
      vertex -4.101118232618475 -6.333342139811761 26.10111823261847
    endloop
  endfacet
  facet normal 0 -0.7071067811865512 -0.7071067811865438
    outer loop
      vertex -4.266657860188246 -6.498881767381527 26.26665786018824
      vertex -4.101118232618475 -6.333342139811761 26.10111823261847
      vertex 5.101118232618461 -6.333342139811761 26.10111823261847
    endloop
  endfacet
  facet normal 0 0 1
    outer loop
      vertex -4.6000000000000085 -3.7170541932096772 29.988471168241936
      vertex -6 -6.117054193209677 29.988471168241936
      vertex 5.599999999999994 -6.117054193209677 29.988471168241936
    endloop
  endfacet
  facet normal 0 -0.38268343236509206 0.9238795325112857
    outer loop
      vertex -6 -6.117054193209677 29.988471168241936
      vertex -6 -6.333342139811761 29.898881767381525
      vertex 5.599999999999994 -6.117054193209677 29.988471168241936
    endloop
  endfacet
  facet normal 0 -0.7071067811865437 0.7071067811865513
    outer loop
      vertex -6 -6.333342139811761 29.898881767381525
      vertex -6 -6.498881767381527 29.73334213981176
      vertex 5.599999999999994 -6.333342139811761 29.898881767381525
    endloop
  endfacet
  facet normal 0 -0.9238795325112887 0.3826834323650848
    outer loop
      vertex -6 -6.588471168241938 29.517054193209674
      vertex 5.599999999999994 -6.498881767381527 29.73334213981176
      vertex -6 -6.498881767381527 29.73334213981176
    endloop
  endfacet
  facet normal 0 -1 0
    outer loop
      vertex -5.202830782015795 -6.588471168241938 26.717054193209677
      vertex -4.482945806790326 -6.588471168241938 26.482945806790323
      vertex 5.482945806790312 -6.588471168241938 26.482945806790323
    endloop
  endfacet
  facet normal 0 -0.9238795325112866 -0.38268343236509017
    outer loop
      vertex -4.482945806790326 -6.588471168241938 26.482945806790323
      vertex -4.266657860188246 -6.498881767381527 26.26665786018824
      vertex 5.266657860188232 -6.498881767381527 26.26665786018824
    endloop
  endfacet
  facet normal 0 -1 0
    outer loop
      vertex -5.888552254709992 -6.588471168241938 26.717054193209677
      vertex -5.202830782015795 -6.588471168241938 26.717054193209677
      vertex 7.918469584217576 -6.588471168241938 29.282945806790323
    endloop
  endfacet
  facet normal 0 -1 0
    outer loop
      vertex -5.888552254709992 -6.588471168241938 26.717054193209677
      vertex 7.888552254709978 -6.588471168241938 29.282945806790323
      vertex -6 -6.588471168241938 29.517054193209674
    endloop
  endfacet
  facet normal 0 0 -1
    outer loop
      vertex -4.011528831758071 -6.117054193209677 26.011528831758064
      vertex 5.011528831758056 -3.482945806790323 26.011528831758064
      vertex 5.011528831758056 -6.117054193209677 26.011528831758064
    endloop
  endfacet
  facet normal 0 -0.3826834323650791 -0.9238795325112913
    outer loop
      vertex -4.101118232618475 -6.333342139811761 26.10111823261847
      vertex 5.011528831758056 -6.117054193209677 26.011528831758064
      vertex 5.101118232618461 -6.333342139811761 26.10111823261847
    endloop
  endfacet
  facet normal 0 -0.7071067811865512 -0.7071067811865437
    outer loop
      vertex -4.266657860188246 -6.498881767381527 26.26665786018824
      vertex 5.101118232618461 -6.333342139811761 26.10111823261847
      vertex 5.266657860188232 -6.498881767381527 26.26665786018824
    endloop
  endfacet
  facet normal 0 -1 0
    outer loop
      vertex -5.202830782015795 -6.588471168241938 26.717054193209677
      vertex 5.482945806790312 -6.588471168241938 26.482945806790323
      vertex 5.483403544923249 -6.588471168241938 26.482945806790323
    endloop
  endfacet
  facet normal 0 -0.9238795325112865 -0.38268343236509017
    outer loop
      vertex -4.482945806790326 -6.588471168241938 26.482945806790323
      vertex 5.266657860188232 -6.498881767381527 26.26665786018824
      vertex 5.482945806790312 -6.588471168241938 26.482945806790323
    endloop
  endfacet
  facet normal 0 -1 0
    outer loop
      vertex -5.202830782015795 -6.588471168241938 26.717054193209677
      vertex 5.483403544923249 -6.588471168241938 26.482945806790323
      vertex 7.918469584217576 -6.588471168241938 29.282945806790323
    endloop
  endfacet
  facet normal 0 -0.38268343236509206 0.9238795325112857
    outer loop
      vertex -6 -6.333342139811761 29.898881767381525
      vertex 5.599999999999994 -6.333342139811761 29.898881767381525
      vertex 5.599999999999994 -6.117054193209677 29.988471168241936
    endloop
  endfacet
  facet normal 0 -0.7071067811865437 0.7071067811865513
    outer loop
      vertex -6 -6.498881767381527 29.73334213981176
      vertex 5.599999999999994 -6.498881767381527 29.73334213981176
      vertex 5.599999999999994 -6.333342139811761 29.898881767381525
    endloop
  endfacet
  facet normal 0 -0.9238795325112887 0.3826834323650848
    outer loop
      vertex -6 -6.588471168241938 29.517054193209674
      vertex 5.599999999999994 -6.588471168241938 29.517054193209674
      vertex 5.599999999999994 -6.498881767381527 29.73334213981176
    endloop
  endfacet
  facet normal 0 -1 0
    outer loop
      vertex -6 -6.588471168241938 29.517054193209674
      vertex 8.517054193209674 -6.588471168241938 29.4
      vertex 5.599999999999994 -6.588471168241938 29.517054193209674
    endloop
  endfacet
  facet normal 0 1 0
    outer loop
      vertex 5.482945806790312 -3.0115288317580617 3.5170541932096757
      vertex 5.482945806790312 -3.0115288317580617 26.482945806790323
      vertex 5.5 -3.0115288317580617 15
    endloop
  endfacet
  facet normal -0.9238795325112965 0.3826834323650662 0
    outer loop
      vertex 5.011528831758056 -3.482945806790323 3.9884711682419365
      vertex 5.011528831758056 -3.482945806790323 26.011528831758064
      vertex 5.101118232618461 -3.266657860188239 26.10111823261847
    endloop
  endfacet
  facet normal -0.3826834323650971 0.9238795325112836 0
    outer loop
      vertex 5.266657860188232 -3.101118232618473 3.7333421398117608
      vertex 5.266657860188232 -3.101118232618473 26.26665786018824
      vertex 5.482945806790312 -3.0115288317580617 26.482945806790323
    endloop
  endfacet
  facet normal 0 1 0
    outer loop
      vertex 5.482945806790312 -3.0115288317580617 26.482945806790323
      vertex 5.512832707939282 -3.0115288317580617 15.195789288330078
      vertex 5.5 -3.0115288317580617 15
    endloop
  endfacet
  facet normal 0 1 0
    outer loop
      vertex 5.482945806790312 -3.0115288317580617 26.482945806790323
      vertex 5.551111260566401 -3.0115288317580617 15.388228567653782
      vertex 5.512832707939282 -3.0115288317580617 15.195789288330078
    endloop
  endfacet
  facet normal 0 1 0
    outer loop
      vertex 5.482945806790312 -3.0115288317580617 26.482945806790323
      vertex 5.614180701233067 -3.0115288317580617 15.574025148547635
      vertex 5.551111260566401 -3.0115288317580617 15.388228567653782
    endloop
  endfacet
  facet normal 0 1 0
    outer loop
      vertex 5.482945806790312 -3.0115288317580617 26.482945806790323
      vertex 5.700961894323342 -3.0115288317580617 15.75
      vertex 5.614180701233067 -3.0115288317580617 15.574025148547635
    endloop
  endfacet
  facet normal 0 1 0
    outer loop
      vertex 5.482945806790312 -3.0115288317580617 26.482945806790323
      vertex 5.809969989563143 -3.0115288317580617 15.913142143513081
      vertex 5.700961894323342 -3.0115288317580617 15.75
    endloop
  endfacet
  facet normal 0 1 0
    outer loop
      vertex 5.482945806790312 -3.0115288317580617 26.482945806790323
      vertex 5.939339828220184 -3.0115288317580617 16.060660171779823
      vertex 5.809969989563143 -3.0115288317580617 15.913142143513081
    endloop
  endfacet
  facet normal 0 1 0
    outer loop
      vertex 5.482945806790312 -3.0115288317580617 26.482945806790323
      vertex 6.086857856486915 -3.0115288317580617 16.190030010436853
      vertex 5.939339828220184 -3.0115288317580617 16.060660171779823
    endloop
  endfacet
  facet normal -0.7071067811865361 0.7071067811865589 0
    outer loop
      vertex 5.101118232618461 -3.266657860188239 3.898881767381525
      vertex 5.101118232618461 -3.266657860188239 26.10111823261847
      vertex 5.266657860188232 -3.101118232618473 26.26665786018824
    endloop
  endfacet
  facet normal 0 1 0
    outer loop
      vertex 8.517054193209674 -3.0115288317580617 3.3999999999999986
      vertex 8.5 -3.0115288317580617 15
      vertex 8.517054193209674 -3.0115288317580617 26.6
    endloop
  endfacet
  facet normal 0 1 0
    outer loop
      vertex 5.482945806790312 -3.0115288317580617 26.482945806790323
      vertex 6.25 -3.0115288317580617 16.299038105676658
      vertex 6.086857856486915 -3.0115288317580617 16.190030010436853
    endloop
  endfacet
  facet normal 0 1 0
    outer loop
      vertex 5.482945806790312 -3.0115288317580617 26.482945806790323
      vertex 6.4259748514523665 -3.0115288317580617 16.38581929876693
      vertex 6.25 -3.0115288317580617 16.299038105676658
    endloop
  endfacet
  facet normal 0 1 0
    outer loop
      vertex 5.482945806790312 -3.0115288317580617 26.482945806790323
      vertex 6.611771432346217 -3.0115288317580617 16.448888739433603
      vertex 6.4259748514523665 -3.0115288317580617 16.38581929876693
    endloop
  endfacet
  facet normal 0 1 0
    outer loop
      vertex 5.482945806790312 -3.0115288317580617 26.482945806790323
      vertex 6.804210711669924 -3.0115288317580617 16.487167292060715
      vertex 6.611771432346217 -3.0115288317580617 16.448888739433603
    endloop
  endfacet
  facet normal 0 1 0
    outer loop
      vertex 5.482945806790312 -3.0115288317580617 26.482945806790323
      vertex 7 -3.0115288317580617 16.5
      vertex 6.804210711669924 -3.0115288317580617 16.487167292060715
    endloop
  endfacet
  facet normal 0 1 0
    outer loop
      vertex 5.482945806790312 -3.0115288317580617 26.482945806790323
      vertex 7.195789288330076 -3.0115288317580617 16.487167292060715
      vertex 7 -3.0115288317580617 16.5
    endloop
  endfacet
  facet normal 0 1 0
    outer loop
      vertex 8.48276981378487 -3.0115288317580617 26.517230186215116
      vertex 7.913142143513085 -3.0115288317580617 16.190030010436853
      vertex 7.75 -3.0115288317580617 16.299038105676658
    endloop
  endfacet
  facet normal 0 1 0
    outer loop
      vertex 8.48276981378487 -3.0115288317580617 26.517230186215116
      vertex 8.060660171779816 -3.0115288317580617 16.060660171779823
      vertex 7.913142143513085 -3.0115288317580617 16.190030010436853
    endloop
  endfacet
  facet normal 0 1 0
    outer loop
      vertex 8.459302927902812 -3.0115288317580617 26.501550114370232
      vertex 7.388228567653783 -3.0115288317580617 16.448888739433603
      vertex 7.195789288330076 -3.0115288317580617 16.487167292060715
    endloop
  endfacet
  facet normal 0 1 0
    outer loop
      vertex 8.48276981378487 -3.0115288317580617 26.517230186215116
      vertex 7.5740251485476335 -3.0115288317580617 16.38581929876693
      vertex 7.388228567653783 -3.0115288317580617 16.448888739433603
    endloop
  endfacet
  facet normal 0 1 0
    outer loop
      vertex 8.48276981378487 -3.0115288317580617 26.517230186215116
      vertex 7.75 -3.0115288317580617 16.299038105676658
      vertex 7.5740251485476335 -3.0115288317580617 16.38581929876693
    endloop
  endfacet
  facet normal 0 1 0
    outer loop
      vertex 8.483013038433029 -3.0115288317580617 26.517594197625176
      vertex 8.5 -3.0115288317580617 15
      vertex 8.487167292060718 -3.0115288317580617 15.195789288330078
    endloop
  endfacet
  facet normal 0.3826834323650972 0.9238795325112837 0
    outer loop
      vertex 8.517054193209674 -3.0115288317580617 3.3999999999999986
      vertex 8.517054193209674 -3.0115288317580617 26.6
      vertex 8.733342139811754 -3.101118232618473 26.6
    endloop
  endfacet
  facet normal 0 1 0
    outer loop
      vertex 8.48276981378487 -3.0115288317580617 26.517230186215116
      vertex 8.487167292060718 -3.0115288317580617 15.195789288330078
      vertex 8.448888739433599 -3.0115288317580617 15.388228567653782
    endloop
  endfacet
  facet normal 0 1 0
    outer loop
      vertex 8.48276981378487 -3.0115288317580617 26.517230186215116
      vertex 8.448888739433599 -3.0115288317580617 15.388228567653782
      vertex 8.385819298766933 -3.0115288317580617 15.574025148547635
    endloop
  endfacet
  facet normal 0 1 0
    outer loop
      vertex 8.48276981378487 -3.0115288317580617 26.517230186215116
      vertex 8.385819298766933 -3.0115288317580617 15.574025148547635
      vertex 8.299038105676658 -3.0115288317580617 15.75
    endloop
  endfacet
  facet normal 0 1 0
    outer loop
      vertex 8.48276981378487 -3.0115288317580617 26.517230186215116
      vertex 8.299038105676658 -3.0115288317580617 15.75
      vertex 8.190030010436857 -3.0115288317580617 15.913142143513081
    endloop
  endfacet
  facet normal 0 1 0
    outer loop
      vertex 8.48276981378487 -3.0115288317580617 26.517230186215116
      vertex 8.190030010436857 -3.0115288317580617 15.913142143513081
      vertex 8.060660171779816 -3.0115288317580617 16.060660171779823
    endloop
  endfacet
  facet normal 0.7071067811865361 0.7071067811865589 0
    outer loop
      vertex 8.898881767381525 -3.266657860188239 3.3999999999999986
      vertex 8.733342139811754 -3.101118232618473 26.6
      vertex 8.898881767381525 -3.266657860188239 26.6
    endloop
  endfacet
  facet normal 0.9238795325112965 0.3826834323650662 0
    outer loop
      vertex 8.98847116824193 -3.482945806790323 3.3999999999999986
      vertex 8.898881767381525 -3.266657860188239 26.6
      vertex 8.98847116824193 -3.482945806790323 26.6
    endloop
  endfacet
  facet normal 1 0 0
    outer loop
      vertex 8.98847116824193 -3.482945806790323 3.3999999999999986
      vertex 8.98847116824193 -3.482945806790323 26.6
      vertex 8.98847116824193 -6.117054193209677 26.6
    endloop
  endfacet
  facet normal -1 0 0
    outer loop
      vertex 5.011528831758056 -6.117054193209677 3.9884711682419365
      vertex 5.011528831758056 -6.117054193209677 26.011528831758064
      vertex 5.011528831758056 -3.482945806790323 26.011528831758064
    endloop
  endfacet
  facet normal -0.9238795325112966 -0.38268343236506625 0
    outer loop
      vertex 5.101118232618461 -6.333342139811761 3.898881767381525
      vertex 5.101118232618461 -6.333342139811761 26.10111823261847
      vertex 5.011528831758056 -6.117054193209677 26.011528831758064
    endloop
  endfacet
  facet normal -0.7071067811865361 -0.707106781186559 0
    outer loop
      vertex 5.266657860188232 -6.498881767381527 3.7333421398117608
      vertex 5.266657860188232 -6.498881767381527 26.26665786018824
      vertex 5.101118232618461 -6.333342139811761 26.10111823261847
    endloop
  endfacet
  facet normal -0.38268343236509555 -0.9238795325112843 0
    outer loop
      vertex 5.266657860188232 -6.498881767381527 3.7333421398117608
      vertex 5.482945806790312 -6.588471168241938 26.482945806790323
      vertex 5.266657860188232 -6.498881767381527 26.26665786018824
    endloop
  endfacet
  facet normal 0 -1 0
    outer loop
      vertex 5.482945806790312 -6.588471168241938 3.5170541932096757
      vertex 5.483403544923249 -6.588471168241938 26.482945806790323
      vertex 5.482945806790312 -6.588471168241938 26.482945806790323
    endloop
  endfacet
  facet normal 0 -1 0
    outer loop
      vertex 5.573527996929556 -6.588471168241938 3.436045714754112
      vertex 8.371577657363474 -6.588471168241938 26.482945806790323
      vertex 5.483403544923249 -6.588471168241938 26.482945806790323
    endloop
  endfacet
  facet normal 0 -1 0
    outer loop
      vertex 5.573527996929556 -6.588471168241938 3.436045714754112
      vertex 8.417438140794218 -6.588471168241938 26.486414468658403
      vertex 8.371577657363474 -6.588471168241938 26.482945806790323
    endloop
  endfacet
  facet normal 0 -1 0
    outer loop
      vertex 5.573527996929556 -6.588471168241938 3.436045714754112
      vertex 8.460162733536393 -6.588471168241938 26.50212461812736
      vertex 8.417438140794218 -6.588471168241938 26.486414468658403
    endloop
  endfacet
  facet normal 0 -1 0
    outer loop
      vertex 5.573527996929556 -6.588471168241938 3.436045714754112
      vertex 8.49417184810315 -6.588471168241938 26.534294536481955
      vertex 8.460162733536393 -6.588471168241938 26.50212461812736
    endloop
  endfacet
  facet normal 0 -1 0
    outer loop
      vertex 5.573527996929556 -6.588471168241938 3.436045714754112
      vertex 8.517054193209674 -6.588471168241938 26.6
      vertex 8.49417184810315 -6.588471168241938 26.534294536481955
    endloop
  endfacet
  facet normal 0.9238795325112965 -0.3826834323650662 0
    outer loop
      vertex 8.898881767381525 -6.333342139811761 3.3999999999999986
      vertex 8.98847116824193 -6.117054193209677 26.6
      vertex 8.898881767381525 -6.333342139811761 26.6
    endloop
  endfacet
  facet normal 0.7071067811865361 -0.7071067811865589 0
    outer loop
      vertex 8.733342139811754 -6.498881767381527 3.3999999999999986
      vertex 8.898881767381525 -6.333342139811761 26.6
      vertex 8.733342139811754 -6.498881767381527 26.6
    endloop
  endfacet
  facet normal 0.3826834323650956 -0.9238795325112844 0
    outer loop
      vertex 8.733342139811754 -6.498881767381527 3.3999999999999986
      vertex 8.733342139811754 -6.498881767381527 26.6
      vertex 8.517054193209674 -6.588471168241938 26.6
    endloop
  endfacet
  facet normal 0 1 0
    outer loop
      vertex -4.6000000000000085 -3.0115288317580617 29.517054193209674
      vertex 8.50548895615701 -3.0115288317580617 26.627920952144592
      vertex 8.482950284848059 -3.0115288317580617 26.560210610653776
    endloop
  endfacet
  facet normal 0 0.7071067811865512 0.7071067811865437
    outer loop
      vertex -4.6000000000000085 -3.101118232618473 29.73334213981176
      vertex 5.599999999999994 -3.266657860188239 29.89888176738153
      vertex 8.399999999999991 -3.101118232618473 29.73334213981176
    endloop
  endfacet
  facet normal 0 1 0
    outer loop
      vertex -4.6000000000000085 -3.0115288317580617 29.517054193209674
      vertex 8.399999999999991 -3.0115288317580617 29.517054193209674
      vertex 8.50548895615701 -3.0115288317580617 26.627920952144592
    endloop
  endfacet
  facet normal 0 0.9238795325112882 0.38268343236508645
    outer loop
      vertex -4.6000000000000085 -3.0115288317580617 29.517054193209674
      vertex 8.399999999999991 -3.101118232618473 29.73334213981176
      vertex 8.399999999999991 -3.0115288317580617 29.517054193209674
    endloop
  endfacet
  facet normal 0 1 0
    outer loop
      vertex 5.482945806790312 -3.0115288317580617 26.482945806790323
      vertex 8.459302927902812 -3.0115288317580617 26.501550114370232
      vertex 7.195789288330076 -3.0115288317580617 16.487167292060715
    endloop
  endfacet
  facet normal 0 1 0
    outer loop
      vertex 8.459302927902812 -3.0115288317580617 26.501550114370232
      vertex 8.48276981378487 -3.0115288317580617 26.517230186215116
      vertex 7.388228567653783 -3.0115288317580617 16.448888739433603
    endloop
  endfacet
  facet normal 0 1 0
    outer loop
      vertex 8.483013038433029 -3.0115288317580617 26.517594197625176
      vertex 8.517054193209674 -3.0115288317580617 26.6
      vertex 8.5 -3.0115288317580617 15
    endloop
  endfacet
  facet normal 0 1 0
    outer loop
      vertex 8.48276981378487 -3.0115288317580617 26.517230186215116
      vertex 8.483013038433029 -3.0115288317580617 26.517594197625176
      vertex 8.487167292060718 -3.0115288317580617 15.195789288330078
    endloop
  endfacet
  facet normal 0 0.3826834323650791 0.9238795325112912
    outer loop
      vertex 5.599999999999994 -3.266657860188239 29.89888176738153
      vertex 5.599999999999994 -3.482945806790323 29.988471168241936
      vertex 8.399999999999991 -3.482945806790323 29.988471168241936
    endloop
  endfacet
  facet normal 0 0 1
    outer loop
      vertex 5.599999999999994 -3.482945806790323 29.988471168241936
      vertex 5.599999999999994 -3.7170541932096772 29.988471168241936
      vertex 8.399999999999991 -3.482945806790323 29.988471168241936
    endloop
  endfacet
  facet normal 0 0 1
    outer loop
      vertex 5.599999999999994 -3.7170541932096772 29.988471168241936
      vertex 8.263436774588698 -3.7170541932096772 29.988471168241936
      vertex 8.399999999999991 -3.482945806790323 29.988471168241936
    endloop
  endfacet
  facet normal 0 1 0
    outer loop
      vertex 5.482945806790312 -3.0115288317580617 26.482945806790323
      vertex 8.462282812625745 -3.0115288317580617 26.52456185169638
      vertex 8.459302927902812 -3.0115288317580617 26.501550114370232
    endloop
  endfacet
  facet normal 0 1 0
    outer loop
      vertex 5.482945806790312 -3.0115288317580617 26.482945806790323
      vertex 8.482950284848059 -3.0115288317580617 26.560210610653776
      vertex 8.462282812625745 -3.0115288317580617 26.52456185169638
    endloop
  endfacet
  facet normal 0 1 0
    outer loop
      vertex 8.459302927902812 -3.0115288317580617 26.501550114370232
      vertex 8.462282812625745 -3.0115288317580617 26.52456185169638
      vertex 8.482950284848059 -3.0115288317580617 26.560210610653776
    endloop
  endfacet
  facet normal 0 1 0
    outer loop
      vertex 8.459302927902812 -3.0115288317580617 26.501550114370232
      vertex 8.482950284848059 -3.0115288317580617 26.560210610653776
      vertex 8.483013038433029 -3.0115288317580617 26.517594197625176
    endloop
  endfacet
  facet normal 0 1 0
    outer loop
      vertex 8.459302927902812 -3.0115288317580617 26.501550114370232
      vertex 8.483013038433029 -3.0115288317580617 26.517594197625176
      vertex 8.48276981378487 -3.0115288317580617 26.517230186215116
    endloop
  endfacet
  facet normal 0 1 0
    outer loop
      vertex 8.483013038433029 -3.0115288317580617 26.517594197625176
      vertex 8.482950284848059 -3.0115288317580617 26.560210610653776
      vertex 8.517054193209674 -3.0115288317580617 26.6
    endloop
  endfacet
  facet normal 0 1 0
    outer loop
      vertex 8.482950284848059 -3.0115288317580617 26.560210610653776
      vertex 8.50548895615701 -3.0115288317580617 26.627920952144592
      vertex 8.517054193209674 -3.0115288317580617 26.6
    endloop
  endfacet
  facet normal 0 1 0
    outer loop
      vertex 8.517054193209674 -3.0115288317580617 26.6
      vertex 8.50548895615701 -3.0115288317580617 26.627920952144592
      vertex 8.445864256182489 -3.0115288317580617 29.458288112270157
    endloop
  endfacet
  facet normal 0.38268343236509716 0.9238795325112837 0
    outer loop
      vertex 8.517054193209674 -3.0115288317580617 26.6
      vertex 8.517054193209674 -3.0115288317580617 29.4
      vertex 8.733342139811754 -3.101118232618473 26.6
    endloop
  endfacet
  facet normal 0.707106781186536 0.7071067811865589 0
    outer loop
      vertex 8.733342139811754 -3.101118232618473 26.6
      vertex 8.898881767381525 -3.266657860188239 29.4
      vertex 8.898881767381525 -3.266657860188239 26.6
    endloop
  endfacet
  facet normal 0.9238795325112965 0.38268343236506613 0
    outer loop
      vertex 8.898881767381525 -3.266657860188239 26.6
      vertex 8.898881767381525 -3.266657860188239 29.4
      vertex 8.98847116824193 -3.482945806790323 26.6
    endloop
  endfacet
  facet normal 0 1 0
    outer loop
      vertex 8.50548895615701 -3.0115288317580617 26.627920952144592
      vertex 8.399999999999991 -3.0115288317580617 29.517054193209674
      vertex 8.445864256182489 -3.0115288317580617 29.458288112270157
    endloop
  endfacet
  facet normal 0 1 0
    outer loop
      vertex 8.517054193209674 -3.0115288317580617 26.6
      vertex 8.445864256182489 -3.0115288317580617 29.458288112270157
      vertex 8.508143973301031 -3.0115288317580617 29.444794700430204
    endloop
  endfacet
  facet normal 0 1 0
    outer loop
      vertex 8.517054193209674 -3.0115288317580617 26.6
      vertex 8.508143973301031 -3.0115288317580617 29.444794700430204
      vertex 8.517054193209674 -3.0115288317580617 29.4
    endloop
  endfacet
  facet normal 0.38268343236509716 0.9238795325112837 0
    outer loop
      vertex 8.733342139811754 -3.101118232618473 26.6
      vertex 8.517054193209674 -3.0115288317580617 29.4
      vertex 8.733342139811754 -3.101118232618473 29.4
    endloop
  endfacet
  facet normal 0.707106781186536 0.7071067811865589 0
    outer loop
      vertex 8.733342139811754 -3.101118232618473 26.6
      vertex 8.733342139811754 -3.101118232618473 29.4
      vertex 8.898881767381525 -3.266657860188239 29.4
    endloop
  endfacet
  facet normal 0 1 0
    outer loop
      vertex 8.399999999999991 -3.0115288317580617 29.517054193209674
      vertex 8.444794700430194 -3.0115288317580617 29.50814397330104
      vertex 8.445864256182489 -3.0115288317580617 29.458288112270157
    endloop
  endfacet
  facet normal 0 1 0
    outer loop
      vertex 8.445864256182489 -3.0115288317580617 29.458288112270157
      vertex 8.444794700430194 -3.0115288317580617 29.50814397330104
      vertex 8.48276981378487 -3.0115288317580617 29.48276981378488
    endloop
  endfacet
  facet normal 0 1 0
    outer loop
      vertex 8.445864256182489 -3.0115288317580617 29.458288112270157
      vertex 8.48276981378487 -3.0115288317580617 29.48276981378488
      vertex 8.508143973301031 -3.0115288317580617 29.444794700430204
    endloop
  endfacet
  facet normal 0.381579531128891 0.9212144791753993 0.07590088788053384
    outer loop
      vertex 8.517054193209674 -3.0115288317580617 29.4
      vertex 8.508143973301031 -3.0115288317580617 29.444794700430204
      vertex 8.707967980295592 -3.101118232618473 29.527564514215086
    endloop
  endfacet
  facet normal 0.07590088788048255 0.9212144791753969 0.38157953112890713
    outer loop
      vertex 8.399999999999991 -3.0115288317580617 29.517054193209674
      vertex 8.527564514215086 -3.101118232618473 29.7079679802956
      vertex 8.444794700430194 -3.0115288317580617 29.50814397330104
    endloop
  endfacet
  facet normal 0.21614744150486898 0.9212144791753978 0.3234875065415971
    outer loop
      vertex 8.444794700430194 -3.0115288317580617 29.50814397330104
      vertex 8.635708487516126 -3.101118232618473 29.63570848751613
      vertex 8.48276981378487 -3.0115288317580617 29.48276981378488
    endloop
  endfacet
  facet normal 0.3234875065415771 0.9212144791754008 0.21614744150488588
    outer loop
      vertex 8.48276981378487 -3.0115288317580617 29.48276981378488
      vertex 8.635708487516126 -3.101118232618473 29.63570848751613
      vertex 8.508143973301031 -3.0115288317580617 29.444794700430204
    endloop
  endfacet
  facet normal 0.07590088788047424 0.9212144791753955 0.3815795311289121
    outer loop
      vertex 8.399999999999991 -3.0115288317580617 29.517054193209674
      vertex 8.399999999999991 -3.101118232618473 29.73334213981176
      vertex 8.527564514215086 -3.101118232618473 29.7079679802956
    endloop
  endfacet
  facet normal 0.2161474415048715 0.9212144791753983 0.3234875065415938
    outer loop
      vertex 8.444794700430194 -3.0115288317580617 29.50814397330104
      vertex 8.527564514215086 -3.101118232618473 29.7079679802956
      vertex 8.635708487516126 -3.101118232618473 29.63570848751613
    endloop
  endfacet
  facet normal 0.1392813253171586 0.7002145072825489 0.7002145072825563
    outer loop
      vertex 8.399999999999991 -3.101118232618473 29.73334213981176
      vertex 8.399999999999991 -3.266657860188239 29.898881767381525
      vertex 8.527564514215086 -3.101118232618473 29.7079679802956
    endloop
  endfacet
  facet normal 0.3815795311289226 0.9212144791753907 0.07590088788048056
    outer loop
      vertex 8.517054193209674 -3.0115288317580617 29.4
      vertex 8.707967980295592 -3.101118232618473 29.527564514215086
      vertex 8.733342139811754 -3.101118232618473 29.4
    endloop
  endfacet
  facet normal 0.7002145072825409 0.7002145072825634 0.13928132531716325
    outer loop
      vertex 8.733342139811754 -3.101118232618473 29.4
      vertex 8.707967980295592 -3.101118232618473 29.527564514215086
      vertex 8.898881767381525 -3.266657860188239 29.4
    endloop
  endfacet
  facet normal 0.3234875065416076 0.9212144791753955 0.21614744150486298
    outer loop
      vertex 8.508143973301031 -3.0115288317580617 29.444794700430204
      vertex 8.635708487516126 -3.101118232618473 29.63570848751613
      vertex 8.707967980295592 -3.101118232618473 29.527564514215086
    endloop
  endfacet
  facet normal 0.3966396567602844 0.7002145072825459 0.5936131960091059
    outer loop
      vertex 8.527564514215086 -3.101118232618473 29.7079679802956
      vertex 8.752762680725795 -3.266657860188239 29.75276268072581
      vertex 8.635708487516126 -3.101118232618473 29.63570848751613
    endloop
  endfacet
  facet normal 0.5936131960091201 0.7002145072825469 0.3966396567602614
    outer loop
      vertex 8.635708487516126 -3.101118232618473 29.63570848751613
      vertex 8.860906654026834 -3.266657860188239 29.590913787085924
      vertex 8.707967980295592 -3.101118232618473 29.527564514215086
    endloop
  endfacet
  facet normal 8.971956906764487e-16 0.7071067811865438 0.7071067811865512
    outer loop
      vertex 5.599999999999994 -3.266657860188239 29.89888176738153
      vertex 8.399999999999991 -3.266657860188239 29.898881767381525
      vertex 8.399999999999991 -3.101118232618473 29.73334213981176
    endloop
  endfacet
  facet normal 1.1722426616845218e-15 0.38268343236509206 0.923879532511286
    outer loop
      vertex 5.599999999999994 -3.266657860188239 29.89888176738153
      vertex 8.399999999999991 -3.482945806790323 29.988471168241936
      vertex 8.399999999999991 -3.266657860188239 29.898881767381525
    endloop
  endfacet
  facet normal 0.9238795325112965 0.38268343236506613 0
    outer loop
      vertex 8.898881767381525 -3.266657860188239 29.4
      vertex 8.98847116824193 -3.482945806790323 29.4
      vertex 8.98847116824193 -3.482945806790323 26.6
    endloop
  endfacet
  facet normal 1 0 0
    outer loop
      vertex 8.98847116824193 -3.482945806790323 26.6
      vertex 8.98847116824193 -3.482945806790323 29.4
      vertex 8.98847116824193 -3.7170541932096772 29.4
    endloop
  endfacet
  facet normal 0.1392813253171546 0.7002145072825509 0.7002145072825553
    outer loop
      vertex 8.527564514215086 -3.101118232618473 29.7079679802956
      vertex 8.399999999999991 -3.266657860188239 29.898881767381525
      vertex 8.59091378708591 -3.266657860188239 29.86090665402685
    endloop
  endfacet
  facet normal 0.18074437515937442 0.3763806770786069 0.9086633352183288
    outer loop
      vertex 8.399999999999991 -3.266657860188239 29.898881767381525
      vertex 8.625198166510714 -3.482945806790323 29.94367646781173
      vertex 8.59091378708591 -3.266657860188239 29.86090665402685
    endloop
  endfacet
  facet normal 0.1807443751593723 0.3763806770786049 0.9086633352183299
    outer loop
      vertex 8.399999999999991 -3.266657860188239 29.898881767381525
      vertex 8.399999999999991 -3.482945806790323 29.988471168241936
      vertex 8.625198166510714 -3.482945806790323 29.94367646781173
    endloop
  endfacet
  facet normal 0.7002145072825507 0.7002145072825462 0.13928132531720058
    outer loop
      vertex 8.707967980295592 -3.101118232618473 29.527564514215086
      vertex 8.860906654026834 -3.266657860188239 29.590913787085924
      vertex 8.898881767381525 -3.266657860188239 29.4
    endloop
  endfacet
  facet normal 0.9086633352183421 0.3763806770785801 0.18074437515936323
    outer loop
      vertex 8.898881767381525 -3.266657860188239 29.4
      vertex 8.943676467811727 -3.482945806790323 29.625198166510717
      vertex 8.98847116824193 -3.482945806790323 29.4
    endloop
  endfacet
  facet normal 0.5936131960091177 0.7002145072825384 0.3966396567602802
    outer loop
      vertex 8.635708487516126 -3.101118232618473 29.63570848751613
      vertex 8.752762680725795 -3.266657860188239 29.75276268072581
      vertex 8.860906654026834 -3.266657860188239 29.590913787085924
    endloop
  endfacet
  facet normal 0.3966396567602787 0.7002145072825409 0.5936131960091158
    outer loop
      vertex 8.527564514215086 -3.101118232618473 29.7079679802956
      vertex 8.59091378708591 -3.266657860188239 29.86090665402685
      vertex 8.752762680725795 -3.266657860188239 29.75276268072581
    endloop
  endfacet
  facet normal 0.5147164328119311 0.37638067707862155 0.7703275794849873
    outer loop
      vertex 8.59091378708591 -3.266657860188239 29.86090665402685
      vertex 8.625198166510714 -3.482945806790323 29.94367646781173
      vertex 8.752762680725795 -3.266657860188239 29.75276268072581
    endloop
  endfacet
  facet normal 0.5147164328119599 0.3763806770785978 0.7703275794849795
    outer loop
      vertex 8.752762680725795 -3.266657860188239 29.75276268072581
      vertex 8.625198166510714 -3.482945806790323 29.94367646781173
      vertex 8.816111953596632 -3.482945806790323 29.816111953596643
    endloop
  endfacet
  facet normal 0.7703275794849836 0.3763806770786323 0.5147164328119287
    outer loop
      vertex 8.752762680725795 -3.266657860188239 29.75276268072581
      vertex 8.943676467811727 -3.482945806790323 29.625198166510717
      vertex 8.860906654026834 -3.266657860188239 29.590913787085924
    endloop
  endfacet
  facet normal 0.9086633352183032 0.3763806770786418 0.18074437515943026
    outer loop
      vertex 8.898881767381525 -3.266657860188239 29.4
      vertex 8.860906654026834 -3.266657860188239 29.590913787085924
      vertex 8.943676467811727 -3.482945806790323 29.625198166510717
    endloop
  endfacet
  facet normal 0.7703275794849738 0.3763806770786019 0.5147164328119654
    outer loop
      vertex 8.752762680725795 -3.266657860188239 29.75276268072581
      vertex 8.816111953596632 -3.482945806790323 29.816111953596643
      vertex 8.943676467811727 -3.482945806790323 29.625198166510717
    endloop
  endfacet
  facet normal 0.9807852804032331 0 0.19509032201611481
    outer loop
      vertex 8.98847116824193 -3.482945806790323 29.4
      vertex 8.943676467811727 -3.482945806790323 29.625198166510717
      vertex 8.98847116824193 -3.7170541932096772 29.4
    endloop
  endfacet
  facet normal 0 0 1
    outer loop
      vertex 5.599999999999994 -3.7170541932096772 29.988471168241936
      vertex 5.736563225411288 -5.882945806790323 29.988471168241936
      vertex 8.263436774588698 -3.7170541932096772 29.988471168241936
    endloop
  endfacet
  facet normal 1 0 0
    outer loop
      vertex 8.98847116824193 -3.482945806790323 26.6
      vertex 8.98847116824193 -3.7170541932096772 29.4
      vertex 8.98847116824193 -5.882945806790323 29.4
    endloop
  endfacet
  facet normal 0 0 1
    outer loop
      vertex 8.399999999999991 -3.482945806790323 29.988471168241936
      vertex 8.263436774588698 -3.7170541932096772 29.988471168241936
      vertex 8.399999999999991 -5.882945806790323 29.988471168241936
    endloop
  endfacet
  facet normal 0.1950903220161268 0 0.9807852804032309
    outer loop
      vertex 8.399999999999991 -3.482945806790323 29.988471168241936
      vertex 8.399999999999991 -5.882945806790323 29.988471168241936
      vertex 8.625198166510714 -3.482945806790323 29.94367646781173
    endloop
  endfacet
  facet normal 0.9807852804032332 0 0.19509032201611487
    outer loop
      vertex 8.943676467811727 -3.482945806790323 29.625198166510717
      vertex 8.98847116824193 -5.882945806790323 29.4
      vertex 8.98847116824193 -3.7170541932096772 29.4
    endloop
  endfacet
  facet normal 0.555570233019614 1.230822277139239e-15 0.8314696123025372
    outer loop
      vertex 8.625198166510714 -3.482945806790323 29.94367646781173
      vertex 8.625198166510714 -5.882945806790323 29.943676467811734
      vertex 8.816111953596632 -3.482945806790323 29.816111953596643
    endloop
  endfacet
  facet normal 0.8314696123025327 8.224091526596624e-16 0.5555702330196212
    outer loop
      vertex 8.816111953596632 -3.482945806790323 29.816111953596643
      vertex 8.816111953596632 -5.882945806790323 29.816111953596646
      vertex 8.943676467811727 -3.482945806790323 29.625198166510717
    endloop
  endfacet
  facet normal 0 0 1
    outer loop
      vertex 5.599999999999994 -3.7170541932096772 29.988471168241936
      vertex 5.599999999999994 -6.117054193209677 29.988471168241936
      vertex 5.736563225411288 -5.882945806790323 29.988471168241936
    endloop
  endfacet
  facet normal 0 -1 0
    outer loop
      vertex -5.888552254709992 -6.588471168241938 26.717054193209677
      vertex 7.918469584217576 -6.588471168241938 29.282945806790323
      vertex 7.888552254709978 -6.588471168241938 29.282945806790323
    endloop
  endfacet
  facet normal 0 -1 0
    outer loop
      vertex -6 -6.588471168241938 29.517054193209674
      vertex 7.888552254709978 -6.588471168241938 29.282945806790323
      vertex 8.517054193209674 -6.588471168241938 29.4
    endloop
  endfacet
  facet normal 1 0 0
    outer loop
      vertex 8.98847116824193 -3.482945806790323 26.6
      vertex 8.98847116824193 -6.117054193209677 29.4
      vertex 8.98847116824193 -6.117054193209677 26.6
    endloop
  endfacet
  facet normal 0.19509032201611193 1.4518538673561475e-15 0.9807852804032339
    outer loop
      vertex 8.625198166510714 -3.482945806790323 29.94367646781173
      vertex 8.399999999999991 -5.882945806790323 29.988471168241936
      vertex 8.625198166510714 -5.882945806790323 29.943676467811734
    endloop
  endfacet
  facet normal 0.555570233019614 1.2308222771392392e-15 0.8314696123025375
    outer loop
      vertex 8.816111953596632 -3.482945806790323 29.816111953596643
      vertex 8.625198166510714 -5.882945806790323 29.943676467811734
      vertex 8.816111953596632 -5.882945806790323 29.816111953596646
    endloop
  endfacet
  facet normal 0.9807852804032339 2.8879168984509804e-16 0.19509032201611193
    outer loop
      vertex 8.943676467811727 -3.482945806790323 29.625198166510717
      vertex 8.943676467811727 -5.882945806790323 29.62519816651072
      vertex 8.98847116824193 -5.882945806790323 29.4
    endloop
  endfacet
  facet normal 0.8314696123025327 8.224091526596624e-16 0.5555702330196212
    outer loop
      vertex 8.943676467811727 -3.482945806790323 29.625198166510717
      vertex 8.816111953596632 -5.882945806790323 29.816111953596646
      vertex 8.943676467811727 -5.882945806790323 29.62519816651072
    endloop
  endfacet
  facet normal 0 0 1
    outer loop
      vertex 8.263436774588698 -3.7170541932096772 29.988471168241936
      vertex 5.736563225411288 -5.882945806790323 29.988471168241936
      vertex 8.399999999999991 -5.882945806790323 29.988471168241936
    endloop
  endfacet
  facet normal 1 0 0
    outer loop
      vertex 8.98847116824193 -3.482945806790323 26.6
      vertex 8.98847116824193 -5.882945806790323 29.4
      vertex 8.98847116824193 -6.117054193209677 29.4
    endloop
  endfacet
  facet normal 0 -1 0
    outer loop
      vertex 5.483403544923249 -6.588471168241938 26.482945806790323
      vertex 8.371577657363474 -6.588471168241938 26.482945806790323
      vertex 8.40931980299763 -6.588471168241938 26.715200369131903
    endloop
  endfacet
  facet normal 0 -1 0
    outer loop
      vertex 5.483403544923249 -6.588471168241938 26.482945806790323
      vertex 8.40931980299763 -6.588471168241938 26.715200369131903
      vertex 7.918469584217576 -6.588471168241938 29.282945806790323
    endloop
  endfacet
  facet normal 0 0 1
    outer loop
      vertex 5.736563225411288 -5.882945806790323 29.988471168241936
      vertex 5.599999999999994 -6.117054193209677 29.988471168241936
      vertex 8.399999999999991 -5.882945806790323 29.988471168241936
    endloop
  endfacet
  facet normal -1.1697081670299022e-15 -0.38268343236509206 0.9238795325112857
    outer loop
      vertex 5.599999999999994 -6.117054193209677 29.988471168241936
      vertex 5.599999999999994 -6.333342139811761 29.898881767381525
      vertex 8.399999999999991 -6.333342139811761 29.89888176738153
    endloop
  endfacet
  facet normal -8.971956906764487e-16 -0.7071067811865438 0.7071067811865512
    outer loop
      vertex 5.599999999999994 -6.333342139811761 29.898881767381525
      vertex 5.599999999999994 -6.498881767381527 29.73334213981176
      vertex 8.399999999999991 -6.333342139811761 29.89888176738153
    endloop
  endfacet
  facet normal -4.855588088620587e-16 -0.9238795325112888 0.38268343236508484
    outer loop
      vertex 5.599999999999994 -6.588471168241938 29.517054193209674
      vertex 8.399999999999991 -6.588471168241938 29.517054193209677
      vertex 5.599999999999994 -6.498881767381527 29.73334213981176
    endloop
  endfacet
  facet normal 0 -1 0
    outer loop
      vertex 8.371577657363474 -6.588471168241938 26.482945806790323
      vertex 8.417438140794218 -6.588471168241938 26.486414468658403
      vertex 8.40931980299763 -6.588471168241938 26.715200369131903
    endloop
  endfacet
  facet normal 0 -1 0
    outer loop
      vertex 8.417438140794218 -6.588471168241938 26.486414468658403
      vertex 8.460162733536393 -6.588471168241938 26.50212461812736
      vertex 8.45008110236894 -6.588471168241938 26.704611712454117
    endloop
  endfacet
  facet normal 0 -1 0
    outer loop
      vertex 8.460162733536393 -6.588471168241938 26.50212461812736
      vertex 8.49417184810315 -6.588471168241938 26.534294536481955
      vertex 8.484704124838117 -6.588471168241938 26.679874912715796
    endloop
  endfacet
  facet normal 0 -1 0
    outer loop
      vertex 8.417438140794218 -6.588471168241938 26.486414468658403
      vertex 8.45008110236894 -6.588471168241938 26.704611712454117
      vertex 8.40931980299763 -6.588471168241938 26.715200369131903
    endloop
  endfacet
  facet normal 0 -1 0
    outer loop
      vertex 8.460162733536393 -6.588471168241938 26.50212461812736
      vertex 8.484704124838117 -6.588471168241938 26.679874912715796
      vertex 8.45008110236894 -6.588471168241938 26.704611712454117
    endloop
  endfacet
  facet normal 0 -1 0
    outer loop
      vertex 8.49417184810315 -6.588471168241938 26.534294536481955
      vertex 8.50842022752002 -6.588471168241938 26.643405876685186
      vertex 8.484704124838117 -6.588471168241938 26.679874912715796
    endloop
  endfacet
  facet normal 0 -1 0
    outer loop
      vertex 8.49417184810315 -6.588471168241938 26.534294536481955
      vertex 8.517054193209674 -6.588471168241938 26.6
      vertex 8.50842022752002 -6.588471168241938 26.643405876685186
    endloop
  endfacet
  facet normal 0.9238795325112965 -0.38268343236506613 0
    outer loop
      vertex 8.98847116824193 -6.117054193209677 26.6
      vertex 8.98847116824193 -6.117054193209677 29.4
      vertex 8.898881767381525 -6.333342139811761 26.6
    endloop
  endfacet
  facet normal 0 -1 0
    outer loop
      vertex 8.45008110236894 -6.588471168241938 26.704611712454117
      vertex 8.517054193209674 -6.588471168241938 29.4
      vertex 8.40931980299763 -6.588471168241938 26.715200369131903
    endloop
  endfacet
  facet normal 0 -1 0
    outer loop
      vertex 8.45008110236894 -6.588471168241938 26.704611712454117
      vertex 8.484704124838117 -6.588471168241938 26.679874912715796
      vertex 8.517054193209674 -6.588471168241938 29.4
    endloop
  endfacet
  facet normal 0 -1 0
    outer loop
      vertex 8.517054193209674 -6.588471168241938 26.6
      vertex 8.517054193209674 -6.588471168241938 29.4
      vertex 8.50842022752002 -6.588471168241938 26.643405876685186
    endloop
  endfacet
  facet normal 0 -1 0
    outer loop
      vertex 8.484704124838117 -6.588471168241938 26.679874912715796
      vertex 8.50842022752002 -6.588471168241938 26.643405876685186
      vertex 8.517054193209674 -6.588471168241938 29.4
    endloop
  endfacet
  facet normal 0.38268343236509555 -0.9238795325112843 0
    outer loop
      vertex 8.517054193209674 -6.588471168241938 26.6
      vertex 8.733342139811754 -6.498881767381527 26.6
      vertex 8.517054193209674 -6.588471168241938 29.4
    endloop
  endfacet
  facet normal 0.707106781186536 -0.7071067811865589 0
    outer loop
      vertex 8.898881767381525 -6.333342139811761 26.6
      vertex 8.898881767381525 -6.333342139811761 29.4
      vertex 8.733342139811754 -6.498881767381527 26.6
    endloop
  endfacet
  facet normal 0 0 1
    outer loop
      vertex 5.599999999999994 -6.117054193209677 29.988471168241936
      vertex 8.399999999999991 -6.117054193209677 29.988471168241936
      vertex 8.399999999999991 -5.882945806790323 29.988471168241936
    endloop
  endfacet
  facet normal 0.19509032201611184 0 0.9807852804032337
    outer loop
      vertex 8.399999999999991 -5.882945806790323 29.988471168241936
      vertex 8.625198166510714 -6.117054193209677 29.943676467811734
      vertex 8.625198166510714 -5.882945806790323 29.943676467811734
    endloop
  endfacet
  facet normal 0.19509032201611184 0 0.9807852804032337
    outer loop
      vertex 8.399999999999991 -5.882945806790323 29.988471168241936
      vertex 8.399999999999991 -6.117054193209677 29.988471168241936
      vertex 8.625198166510714 -6.117054193209677 29.943676467811734
    endloop
  endfacet
  facet normal 0.9807852804032337 0 0.19509032201611184
    outer loop
      vertex 8.98847116824193 -5.882945806790323 29.4
      vertex 8.943676467811727 -5.882945806790323 29.62519816651072
      vertex 8.98847116824193 -6.117054193209677 29.4
    endloop
  endfacet
  facet normal 0.5555702330196141 0 0.8314696123025375
    outer loop
      vertex 8.625198166510714 -5.882945806790323 29.943676467811734
      vertex 8.816111953596632 -6.117054193209677 29.816111953596646
      vertex 8.816111953596632 -5.882945806790323 29.816111953596646
    endloop
  endfacet
  facet normal 0.8314696123025327 0 0.555570233019621
    outer loop
      vertex 8.816111953596632 -5.882945806790323 29.816111953596646
      vertex 8.816111953596632 -6.117054193209677 29.816111953596646
      vertex 8.943676467811727 -5.882945806790323 29.62519816651072
    endloop
  endfacet
  facet normal 0.5555702330196141 0 0.8314696123025375
    outer loop
      vertex 8.625198166510714 -5.882945806790323 29.943676467811734
      vertex 8.625198166510714 -6.117054193209677 29.943676467811734
      vertex 8.816111953596632 -6.117054193209677 29.816111953596646
    endloop
  endfacet
  facet normal 0.9807852804032337 0 0.19509032201611184
    outer loop
      vertex 8.943676467811727 -5.882945806790323 29.62519816651072
      vertex 8.943676467811727 -6.117054193209677 29.62519816651072
      vertex 8.98847116824193 -6.117054193209677 29.4
    endloop
  endfacet
  facet normal 0.8314696123025327 0 0.555570233019621
    outer loop
      vertex 8.943676467811727 -5.882945806790323 29.62519816651072
      vertex 8.816111953596632 -6.117054193209677 29.816111953596646
      vertex 8.943676467811727 -6.117054193209677 29.62519816651072
    endloop
  endfacet
  facet normal 0 -0.3826834323650791 0.9238795325112912
    outer loop
      vertex 5.599999999999994 -6.117054193209677 29.988471168241936
      vertex 8.399999999999991 -6.333342139811761 29.89888176738153
      vertex 8.399999999999991 -6.117054193209677 29.988471168241936
    endloop
  endfacet
  facet normal 0 -1 0
    outer loop
      vertex 5.599999999999994 -6.588471168241938 29.517054193209674
      vertex 8.517054193209674 -6.588471168241938 29.4
      vertex 8.399999999999991 -6.588471168241938 29.517054193209677
    endloop
  endfacet
  facet normal 0 -0.7071067811865513 0.7071067811865437
    outer loop
      vertex 5.599999999999994 -6.498881767381527 29.73334213981176
      vertex 8.399999999999991 -6.498881767381527 29.73334213981176
      vertex 8.399999999999991 -6.333342139811761 29.89888176738153
    endloop
  endfacet
  facet normal 0 -0.9238795325112865 0.38268343236509017
    outer loop
      vertex 5.599999999999994 -6.498881767381527 29.73334213981176
      vertex 8.399999999999991 -6.588471168241938 29.517054193209677
      vertex 8.399999999999991 -6.498881767381527 29.73334213981176
    endloop
  endfacet
  facet normal 0 -1 0
    outer loop
      vertex 7.888552254709978 -6.588471168241938 29.282945806790323
      vertex 7.918469584217576 -6.588471168241938 29.282945806790323
      vertex 8.517054193209674 -6.588471168241938 29.4
    endloop
  endfacet
  facet normal 0.9238795325112965 -0.38268343236506613 0
    outer loop
      vertex 8.98847116824193 -6.117054193209677 29.4
      vertex 8.898881767381525 -6.333342139811761 29.4
      vertex 8.898881767381525 -6.333342139811761 26.6
    endloop
  endfacet
  facet normal 0 -1 0
    outer loop
      vertex 7.918469584217576 -6.588471168241938 29.282945806790323
      vertex 8.40931980299763 -6.588471168241938 26.715200369131903
      vertex 8.517054193209674 -6.588471168241938 29.4
    endloop
  endfacet
  facet normal 0.707106781186536 -0.7071067811865589 0
    outer loop
      vertex 8.733342139811754 -6.498881767381527 26.6
      vertex 8.898881767381525 -6.333342139811761 29.4
      vertex 8.733342139811754 -6.498881767381527 29.4
    endloop
  endfacet
  facet normal 0.38268343236509555 -0.9238795325112843 0
    outer loop
      vertex 8.733342139811754 -6.498881767381527 26.6
      vertex 8.733342139811754 -6.498881767381527 29.4
      vertex 8.517054193209674 -6.588471168241938 29.4
    endloop
  endfacet
  facet normal 0.18074437515935948 -0.3763806770785931 0.9086633352183374
    outer loop
      vertex 8.399999999999991 -6.117054193209677 29.988471168241936
      vertex 8.399999999999991 -6.333342139811761 29.89888176738153
      vertex 8.625198166510714 -6.117054193209677 29.943676467811734
    endloop
  endfacet
  facet normal 0.18074437515938963 -0.37638067707862083 0.9086633352183199
    outer loop
      vertex 8.625198166510714 -6.117054193209677 29.943676467811734
      vertex 8.399999999999991 -6.333342139811761 29.89888176738153
      vertex 8.59091378708591 -6.333342139811761 29.86090665402685
    endloop
  endfacet
  facet normal 0.9086633352183424 -0.3763806770785803 0.18074437515936048
    outer loop
      vertex 8.98847116824193 -6.117054193209677 29.4
      vertex 8.943676467811727 -6.117054193209677 29.62519816651072
      vertex 8.898881767381525 -6.333342139811761 29.4
    endloop
  endfacet
  facet normal 0.5147164328119574 -0.3763806770786087 0.770327579484976
    outer loop
      vertex 8.625198166510714 -6.117054193209677 29.943676467811734
      vertex 8.752762680725795 -6.333342139811761 29.75276268072581
      vertex 8.816111953596632 -6.117054193209677 29.816111953596646
    endloop
  endfacet
  facet normal 0.7703275794849713 -0.37638067707860917 0.5147164328119638
    outer loop
      vertex 8.816111953596632 -6.117054193209677 29.816111953596646
      vertex 8.752762680725795 -6.333342139811761 29.75276268072581
      vertex 8.943676467811727 -6.117054193209677 29.62519816651072
    endloop
  endfacet
  facet normal 0.5147164328119287 -0.3763806770786324 0.7703275794849834
    outer loop
      vertex 8.625198166510714 -6.117054193209677 29.943676467811734
      vertex 8.59091378708591 -6.333342139811761 29.86090665402685
      vertex 8.752762680725795 -6.333342139811761 29.75276268072581
    endloop
  endfacet
  facet normal 0.770327579484981 -0.37638067707863965 0.5147164328119269
    outer loop
      vertex 8.943676467811727 -6.117054193209677 29.62519816651072
      vertex 8.752762680725795 -6.333342139811761 29.75276268072581
      vertex 8.860906654026834 -6.333342139811761 29.590913787085924
    endloop
  endfacet
  facet normal 0.9086633352183021 -0.37638067707864437 0.18074437515943007
    outer loop
      vertex 8.943676467811727 -6.117054193209677 29.62519816651072
      vertex 8.860906654026834 -6.333342139811761 29.590913787085924
      vertex 8.898881767381525 -6.333342139811761 29.4
    endloop
  endfacet
  facet normal 0 -1 0
    outer loop
      vertex 8.399999999999991 -6.588471168241938 29.517054193209677
      vertex 8.517054193209674 -6.588471168241938 29.4
      vertex 8.444794700430194 -6.588471168241938 29.508143973301042
    endloop
  endfacet
  facet normal 0 -1 0
    outer loop
      vertex 8.444794700430194 -6.588471168241938 29.508143973301042
      vertex 8.517054193209674 -6.588471168241938 29.4
      vertex 8.48276981378487 -6.588471168241938 29.482769813784884
    endloop
  endfacet
  facet normal 0 -1 0
    outer loop
      vertex 8.517054193209674 -6.588471168241938 29.4
      vertex 8.508143973301031 -6.588471168241938 29.444794700430204
      vertex 8.48276981378487 -6.588471168241938 29.482769813784884
    endloop
  endfacet
  facet normal 0.3815795311288894 -0.9212144791754001 0.07590088788053354
    outer loop
      vertex 8.517054193209674 -6.588471168241938 29.4
      vertex 8.707967980295592 -6.498881767381527 29.527564514215086
      vertex 8.508143973301031 -6.588471168241938 29.444794700430204
    endloop
  endfacet
  facet normal 0.13928132531716833 -0.7002145072825444 0.7002145072825591
    outer loop
      vertex 8.399999999999991 -6.333342139811761 29.89888176738153
      vertex 8.527564514215086 -6.498881767381527 29.707967980295603
      vertex 8.59091378708591 -6.333342139811761 29.86090665402685
    endloop
  endfacet
  facet normal 0.13928132531713808 -0.7002145072825585 0.700214507282551
    outer loop
      vertex 8.399999999999991 -6.333342139811761 29.89888176738153
      vertex 8.399999999999991 -6.498881767381527 29.73334213981176
      vertex 8.527564514215086 -6.498881767381527 29.707967980295603
    endloop
  endfacet
  facet normal 0.07590088788048223 -0.9212144791753977 0.3815795311289055
    outer loop
      vertex 8.399999999999991 -6.588471168241938 29.517054193209677
      vertex 8.444794700430194 -6.588471168241938 29.508143973301042
      vertex 8.527564514215086 -6.498881767381527 29.707967980295603
    endloop
  endfacet
  facet normal 0.07590088788046441 -0.9212144791753947 0.38157953112891607
    outer loop
      vertex 8.399999999999991 -6.588471168241938 29.517054193209677
      vertex 8.527564514215086 -6.498881767381527 29.707967980295603
      vertex 8.399999999999991 -6.498881767381527 29.73334213981176
    endloop
  endfacet
  facet normal 0.21614744150487059 -0.9212144791753991 0.3234875065415924
    outer loop
      vertex 8.444794700430194 -6.588471168241938 29.508143973301042
      vertex 8.635708487516126 -6.498881767381527 29.635708487516133
      vertex 8.527564514215086 -6.498881767381527 29.707967980295603
    endloop
  endfacet
  facet normal 0.2161474415048681 -0.9212144791753984 0.32348750654159575
    outer loop
      vertex 8.444794700430194 -6.588471168241938 29.508143973301042
      vertex 8.48276981378487 -6.588471168241938 29.482769813784884
      vertex 8.635708487516126 -6.498881767381527 29.635708487516133
    endloop
  endfacet
  facet normal 0.32348750654158737 -0.9212144791754003 0.21614744150487256
    outer loop
      vertex 8.48276981378487 -6.588471168241938 29.482769813784884
      vertex 8.508143973301031 -6.588471168241938 29.444794700430204
      vertex 8.635708487516126 -6.498881767381527 29.635708487516133
    endloop
  endfacet
  facet normal 0.7002145072825409 -0.7002145072825634 0.13928132531716325
    outer loop
      vertex 8.898881767381525 -6.333342139811761 29.4
      vertex 8.707967980295592 -6.498881767381527 29.527564514215086
      vertex 8.733342139811754 -6.498881767381527 29.4
    endloop
  endfacet
  facet normal 0.7002145072825507 -0.700214507282546 0.13928132531720055
    outer loop
      vertex 8.898881767381525 -6.333342139811761 29.4
      vertex 8.860906654026834 -6.333342139811761 29.590913787085924
      vertex 8.707967980295592 -6.498881767381527 29.527564514215086
    endloop
  endfacet
  facet normal 0.38157953112892096 -0.9212144791753913 0.07590088788048026
    outer loop
      vertex 8.517054193209674 -6.588471168241938 29.4
      vertex 8.733342139811754 -6.498881767381527 29.4
      vertex 8.707967980295592 -6.498881767381527 29.527564514215086
    endloop
  endfacet
  facet normal 0.5936131960091211 -0.7002145072825341 0.3966396567602824
    outer loop
      vertex 8.752762680725795 -6.333342139811761 29.75276268072581
      vertex 8.635708487516126 -6.498881767381527 29.635708487516133
      vertex 8.860906654026834 -6.333342139811761 29.590913787085924
    endloop
  endfacet
  facet normal 0.39663965676028795 -0.7002145072825394 0.5936131960091113
    outer loop
      vertex 8.752762680725795 -6.333342139811761 29.75276268072581
      vertex 8.527564514215086 -6.498881767381527 29.707967980295603
      vertex 8.635708487516126 -6.498881767381527 29.635708487516133
    endloop
  endfacet
  facet normal 0.5936131960091253 -0.7002145072825479 0.3966396567602519
    outer loop
      vertex 8.860906654026834 -6.333342139811761 29.590913787085924
      vertex 8.635708487516126 -6.498881767381527 29.635708487516133
      vertex 8.707967980295592 -6.498881767381527 29.527564514215086
    endloop
  endfacet
  facet normal 0.3966396567602823 -0.7002145072825343 0.593613196009121
    outer loop
      vertex 8.59091378708591 -6.333342139811761 29.86090665402685
      vertex 8.527564514215086 -6.498881767381527 29.707967980295603
      vertex 8.752762680725795 -6.333342139811761 29.75276268072581
    endloop
  endfacet
  facet normal 0.32348750654160857 -0.9212144791753966 0.21614744150485654
    outer loop
      vertex 8.508143973301031 -6.588471168241938 29.444794700430204
      vertex 8.707967980295592 -6.498881767381527 29.527564514215086
      vertex 8.635708487516126 -6.498881767381527 29.635708487516133
    endloop
  endfacet
  facet normal -1 0 0
    outer loop
      vertex -6 -3.101118232618473 0.2666578601882392
      vertex -6 -6.588471168241938 0.4829458067903225
      vertex -6 -3.0115288317580617 0.4829458067903225
    endloop
  endfacet
  facet normal -1 0 0
    outer loop
      vertex -6 -3.101118232618473 0.2666578601882392
      vertex -6 -3.266657860188239 0.10111823261847164
      vertex -6 -6.588471168241938 0.4829458067903225
    endloop
  endfacet
  facet normal -1 0 0
    outer loop
      vertex -6 -3.266657860188239 0.10111823261847164
      vertex -6 -3.482945806790323 0.011528831758061742
      vertex -6 -6.588471168241938 0.4829458067903225
    endloop
  endfacet
  facet normal -1 0 0
    outer loop
      vertex -6 -3.0115288317580617 0.4829458067903225
      vertex -6 -3.7 5.5
      vertex -6 -3.7 11.5
    endloop
  endfacet
  facet normal -1 0 0
    outer loop
      vertex -6 -3.0115288317580617 0.4829458067903225
      vertex -6 -5.1 5.5
      vertex -6 -3.7 5.5
    endloop
  endfacet
  facet normal -1 0 0
    outer loop
      vertex -6 -3.482945806790323 0.011528831758061742
      vertex -6 -6.117054193209677 0.011528831758061742
      vertex -6 -6.333342139811761 0.10111823261847164
    endloop
  endfacet
  facet normal -1 0 0
    outer loop
      vertex -6 -3.482945806790323 0.011528831758061742
      vertex -6 -6.333342139811761 0.10111823261847164
      vertex -6 -6.498881767381527 0.2666578601882392
    endloop
  endfacet
  facet normal -1 0 0
    outer loop
      vertex -6 -3.482945806790323 0.011528831758061742
      vertex -6 -6.498881767381527 0.2666578601882392
      vertex -6 -6.588471168241938 0.4829458067903225
    endloop
  endfacet
  facet normal -1 0 0
    outer loop
      vertex -6 -3.0115288317580617 0.4829458067903225
      vertex -6 -6.588471168241938 0.4829458067903225
      vertex -6 -5.1 5.5
    endloop
  endfacet
  facet normal -1 0 0
    outer loop
      vertex -6 -6.588471168241938 0.4829458067903225
      vertex -6 -5.1 11.5
      vertex -6 -5.1 5.5
    endloop
  endfacet
  facet normal -1 0 0
    outer loop
      vertex -6 -3.0115288317580617 0.4829458067903225
      vertex -6 -3.7 11.5
      vertex -6 -3.7 18.5
    endloop
  endfacet
  facet normal -1 0 0
    outer loop
      vertex -6 -3.7 11.5
      vertex -6 -5.1 11.5
      vertex -6 -5.1 18.5
    endloop
  endfacet
  facet normal -1 0 0
    outer loop
      vertex -6 -6.588471168241938 0.4829458067903225
      vertex -6 -5.1 18.5
      vertex -6 -5.1 11.5
    endloop
  endfacet
  facet normal -1 0 0
    outer loop
      vertex -6 -6.588471168241938 0.4829458067903225
      vertex -6 -5.1 24.5
      vertex -6 -5.1 18.5
    endloop
  endfacet
  facet normal -1 0 0
    outer loop
      vertex -6 -3.0115288317580617 0.4829458067903225
      vertex -6 -3.7 18.5
      vertex -6 -3.0115288317580617 29.517054193209674
    endloop
  endfacet
  facet normal -1 0 0
    outer loop
      vertex -6 -3.7 11.5
      vertex -6 -5.1 18.5
      vertex -6 -3.7 18.5
    endloop
  endfacet
  facet normal -1 0 0
    outer loop
      vertex -6 -6.588471168241938 0.4829458067903225
      vertex -6 -6.588471168241938 26.646052566798257
      vertex -6 -5.1 24.5
    endloop
  endfacet
  facet normal -1 0 0
    outer loop
      vertex -6 -3.0115288317580617 29.517054193209674
      vertex -6 -3.7 18.5
      vertex -6 -3.7 24.5
    endloop
  endfacet
  facet normal -1 0 0
    outer loop
      vertex -6 -3.0115288317580617 29.517054193209674
      vertex -6 -3.7 24.5
      vertex -6 -5.1 24.5
    endloop
  endfacet
  facet normal -1 0 0
    outer loop
      vertex -6 -3.0115288317580617 29.517054193209674
      vertex -6 -3.266657860188239 29.89888176738153
      vertex -6 -3.101118232618473 29.73334213981176
    endloop
  endfacet
  facet normal -1 0 0
    outer loop
      vertex -6 -3.0115288317580617 29.517054193209674
      vertex -6 -3.482945806790323 29.988471168241936
      vertex -6 -3.266657860188239 29.89888176738153
    endloop
  endfacet
  facet normal -1 0 0
    outer loop
      vertex -6 -3.0115288317580617 29.517054193209674
      vertex -6 -6.117054193209677 29.988471168241936
      vertex -6 -3.482945806790323 29.988471168241936
    endloop
  endfacet
  facet normal -1 0 0
    outer loop
      vertex -6 -3.0115288317580617 29.517054193209674
      vertex -6 -5.1 24.5
      vertex -6 -6.588471168241938 26.646052566798257
    endloop
  endfacet
  facet normal -1 0 0
    outer loop
      vertex -6 -3.0115288317580617 29.517054193209674
      vertex -6 -6.588471168241938 26.646052566798257
      vertex -6 -6.588471168241938 29.517054193209674
    endloop
  endfacet
  facet normal -1 0 0
    outer loop
      vertex -6 -3.0115288317580617 29.517054193209674
      vertex -6 -6.333342139811761 29.898881767381525
      vertex -6 -6.117054193209677 29.988471168241936
    endloop
  endfacet
  facet normal -1 0 0
    outer loop
      vertex -6 -3.0115288317580617 29.517054193209674
      vertex -6 -6.498881767381527 29.73334213981176
      vertex -6 -6.333342139811761 29.898881767381525
    endloop
  endfacet
  facet normal -1 0 0
    outer loop
      vertex -6 -3.0115288317580617 29.517054193209674
      vertex -6 -6.588471168241938 29.517054193209674
      vertex -6 -6.498881767381527 29.73334213981176
    endloop
  endfacet
  facet normal 0.19509032201612683 0 0.9807852804032307
    outer loop
      vertex -13.420951775601601 -3.7 7.483732514237585
      vertex -13.420951775601601 -5.1 7.483732514237585
      vertex -13 -3.7 7.4
    endloop
  endfacet
  facet normal 0.19509032201612683 0 0.9807852804032307
    outer loop
      vertex -13 -3.7 7.4
      vertex -13.420951775601601 -5.1 7.483732514237585
      vertex -13 -5.1 7.4
    endloop
  endfacet
  facet normal -0.19509032201613002 0 0.98078528040323
    outer loop
      vertex -13 -3.7 7.4
      vertex -13 -5.1 7.4
      vertex -12.579048224398406 -3.7 7.483732514237585
    endloop
  endfacet
  facet normal -0.19509032201613002 0 0.98078528040323
    outer loop
      vertex -13 -5.1 7.4
      vertex -12.579048224398406 -5.1 7.483732514237585
      vertex -12.579048224398406 -3.7 7.483732514237585
    endloop
  endfacet
  facet normal 0.9807852804032285 0 0.1950903220161384
    outer loop
      vertex -14.016267485762413 -3.7 8.079048224398402
      vertex -14.100000000000001 -3.7 8.5
      vertex -14.100000000000001 -5.1 8.5
    endloop
  endfacet
  facet normal 0.8314696123025513 0 0.5555702330195929
    outer loop
      vertex -13.777817459305204 -3.7 7.7221825406947975
      vertex -14.016267485762413 -3.7 8.079048224398402
      vertex -14.016267485762413 -5.1 8.079048224398402
    endloop
  endfacet
  facet normal 0.5555702330196021 0 0.8314696123025453
    outer loop
      vertex -13.777817459305204 -3.7 7.7221825406947975
      vertex -13.777817459305204 -5.1 7.7221825406947975
      vertex -13.420951775601601 -3.7 7.483732514237585
    endloop
  endfacet
  facet normal 0.8314696123025513 0 0.5555702330195929
    outer loop
      vertex -13.777817459305204 -3.7 7.7221825406947975
      vertex -14.016267485762413 -5.1 8.079048224398402
      vertex -13.777817459305204 -5.1 7.7221825406947975
    endloop
  endfacet
  facet normal 0.9807852804032285 0 0.1950903220161384
    outer loop
      vertex -14.016267485762413 -3.7 8.079048224398402
      vertex -14.100000000000001 -5.1 8.5
      vertex -14.016267485762413 -5.1 8.079048224398402
    endloop
  endfacet
  facet normal 0.9807852804032285 0 -0.1950903220161384
    outer loop
      vertex -14.100000000000001 -3.7 8.5
      vertex -14.016267485762413 -3.7 8.920951775601598
      vertex -14.016267485762413 -5.1 8.920951775601598
    endloop
  endfacet
  facet normal 0.8314696123025513 0 -0.5555702330195929
    outer loop
      vertex -14.016267485762413 -3.7 8.920951775601598
      vertex -13.777817459305204 -3.7 9.277817459305203
      vertex -13.777817459305204 -5.1 9.277817459305203
    endloop
  endfacet
  facet normal 0.9807852804032285 0 -0.1950903220161384
    outer loop
      vertex -14.100000000000001 -3.7 8.5
      vertex -14.016267485762413 -5.1 8.920951775601598
      vertex -14.100000000000001 -5.1 8.5
    endloop
  endfacet
  facet normal 0.8314696123025513 0 -0.5555702330195929
    outer loop
      vertex -14.016267485762413 -3.7 8.920951775601598
      vertex -13.777817459305204 -5.1 9.277817459305203
      vertex -14.016267485762413 -5.1 8.920951775601598
    endloop
  endfacet
  facet normal 0.5555702330196034 0 -0.8314696123025445
    outer loop
      vertex -13.777817459305204 -3.7 9.277817459305203
      vertex -13.420951775601601 -5.1 9.516267485762416
      vertex -13.777817459305204 -5.1 9.277817459305203
    endloop
  endfacet
  facet normal 0.5555702330196021 0 0.8314696123025453
    outer loop
      vertex -13.420951775601601 -3.7 7.483732514237585
      vertex -13.777817459305204 -5.1 7.7221825406947975
      vertex -13.420951775601601 -5.1 7.483732514237585
    endloop
  endfacet
  facet normal 0.5555702330196034 0 -0.8314696123025445
    outer loop
      vertex -13.777817459305204 -3.7 9.277817459305203
      vertex -13.420951775601601 -3.7 9.516267485762416
      vertex -13.420951775601601 -5.1 9.516267485762416
    endloop
  endfacet
  facet normal 0.19509032201612483 0 -0.980785280403231
    outer loop
      vertex -13.420951775601601 -3.7 9.516267485762416
      vertex -13 -3.7 9.6
      vertex -13 -5.1 9.6
    endloop
  endfacet
  facet normal 0.19509032201612483 0 -0.980785280403231
    outer loop
      vertex -13.420951775601601 -3.7 9.516267485762416
      vertex -13 -5.1 9.6
      vertex -13.420951775601601 -5.1 9.516267485762416
    endloop
  endfacet
  facet normal -0.5555702330196021 0 0.8314696123025453
    outer loop
      vertex -12.579048224398406 -3.7 7.483732514237585
      vertex -12.579048224398406 -5.1 7.483732514237585
      vertex -12.222182540694803 -3.7 7.7221825406947975
    endloop
  endfacet
  facet normal -0.8314696123025438 0 0.5555702330196044
    outer loop
      vertex -12.222182540694803 -3.7 7.7221825406947975
      vertex -12.222182540694803 -5.1 7.7221825406947975
      vertex -11.983732514237587 -3.7 8.079048224398402
    endloop
  endfacet
  facet normal -0.5555702330196021 0 0.8314696123025453
    outer loop
      vertex -12.222182540694803 -3.7 7.7221825406947975
      vertex -12.579048224398406 -5.1 7.483732514237585
      vertex -12.222182540694803 -5.1 7.7221825406947975
    endloop
  endfacet
  facet normal -0.5555702330196034 0 -0.8314696123025445
    outer loop
      vertex -12.579048224398406 -3.7 9.516267485762416
      vertex -12.222182540694803 -3.7 9.277817459305203
      vertex -12.222182540694803 -5.1 9.277817459305203
    endloop
  endfacet
  facet normal -0.8314696123025438 0 -0.5555702330196044
    outer loop
      vertex -12.222182540694803 -3.7 9.277817459305203
      vertex -11.983732514237587 -5.1 8.920951775601598
      vertex -12.222182540694803 -5.1 9.277817459305203
    endloop
  endfacet
  facet normal -0.9807852804032315 0 0.19509032201612247
    outer loop
      vertex -11.983732514237587 -3.7 8.079048224398402
      vertex -11.983732514237587 -5.1 8.079048224398402
      vertex -11.900000000000006 -3.7 8.5
    endloop
  endfacet
  facet normal -0.8314696123025438 0 0.5555702330196044
    outer loop
      vertex -12.222182540694803 -5.1 7.7221825406947975
      vertex -11.983732514237587 -5.1 8.079048224398402
      vertex -11.983732514237587 -3.7 8.079048224398402
    endloop
  endfacet
  facet normal -0.9807852804032315 0 0.19509032201612247
    outer loop
      vertex -11.900000000000006 -3.7 8.5
      vertex -11.983732514237587 -5.1 8.079048224398402
      vertex -11.900000000000006 -5.1 8.5
    endloop
  endfacet
  facet normal -0.9807852804032315 0 -0.19509032201612247
    outer loop
      vertex -11.900000000000006 -3.7 8.5
      vertex -11.900000000000006 -5.1 8.5
      vertex -11.983732514237587 -3.7 8.920951775601598
    endloop
  endfacet
  facet normal -0.8314696123025438 0 -0.5555702330196044
    outer loop
      vertex -11.983732514237587 -3.7 8.920951775601598
      vertex -11.983732514237587 -5.1 8.920951775601598
      vertex -12.222182540694803 -3.7 9.277817459305203
    endloop
  endfacet
  facet normal -0.9807852804032315 0 -0.19509032201612247
    outer loop
      vertex -11.983732514237587 -3.7 8.920951775601598
      vertex -11.900000000000006 -5.1 8.5
      vertex -11.983732514237587 -5.1 8.920951775601598
    endloop
  endfacet
  facet normal -0.19509032201612805 0 -0.9807852804032305
    outer loop
      vertex -13 -3.7 9.6
      vertex -12.579048224398406 -3.7 9.516267485762416
      vertex -12.579048224398406 -5.1 9.516267485762416
    endloop
  endfacet
  facet normal -0.19509032201612805 0 -0.9807852804032305
    outer loop
      vertex -13 -3.7 9.6
      vertex -12.579048224398406 -5.1 9.516267485762416
      vertex -13 -5.1 9.6
    endloop
  endfacet
  facet normal -0.5555702330196034 0 -0.8314696123025445
    outer loop
      vertex -12.579048224398406 -3.7 9.516267485762416
      vertex -12.222182540694803 -5.1 9.277817459305203
      vertex -12.579048224398406 -5.1 9.516267485762416
    endloop
  endfacet
  facet normal 0.19509032201612883 0 0.9807852804032303
    outer loop
      vertex -13.420951775601601 -3.7 20.483732514237584
      vertex -13.420951775601601 -5.1 20.483732514237584
      vertex -13 -3.7 20.4
    endloop
  endfacet
  facet normal 0.5555702330196005 0 0.8314696123025462
    outer loop
      vertex -13.420951775601601 -3.7 20.483732514237584
      vertex -13.777817459305204 -5.1 20.722182540694796
      vertex -13.420951775601601 -5.1 20.483732514237584
    endloop
  endfacet
  facet normal 0.19509032201612883 0 0.9807852804032303
    outer loop
      vertex -13 -3.7 20.4
      vertex -13.420951775601601 -5.1 20.483732514237584
      vertex -13 -5.1 20.4
    endloop
  endfacet
  facet normal 0.9807852804032285 0 0.1950903220161384
    outer loop
      vertex -14.100000000000001 -3.7 21.5
      vertex -14.100000000000001 -5.1 21.5
      vertex -14.016267485762413 -3.7 21.079048224398402
    endloop
  endfacet
  facet normal 0.8314696123025528 0 0.5555702330195911
    outer loop
      vertex -13.777817459305204 -3.7 20.722182540694796
      vertex -14.016267485762413 -3.7 21.079048224398402
      vertex -14.016267485762413 -5.1 21.079048224398402
    endloop
  endfacet
  facet normal 0.5555702330196005 0 0.8314696123025462
    outer loop
      vertex -13.777817459305204 -3.7 20.722182540694796
      vertex -13.777817459305204 -5.1 20.722182540694796
      vertex -13.420951775601601 -3.7 20.483732514237584
    endloop
  endfacet
  facet normal 0.8314696123025528 0 0.5555702330195911
    outer loop
      vertex -13.777817459305204 -3.7 20.722182540694796
      vertex -14.016267485762413 -5.1 21.079048224398402
      vertex -13.777817459305204 -5.1 20.722182540694796
    endloop
  endfacet
  facet normal 0.9807852804032285 0 0.1950903220161384
    outer loop
      vertex -14.016267485762413 -3.7 21.079048224398402
      vertex -14.100000000000001 -5.1 21.5
      vertex -14.016267485762413 -5.1 21.079048224398402
    endloop
  endfacet
  facet normal 0.9807852804032285 0 -0.1950903220161384
    outer loop
      vertex -14.100000000000001 -3.7 21.5
      vertex -14.016267485762413 -3.7 21.920951775601598
      vertex -14.016267485762413 -5.1 21.920951775601598
    endloop
  endfacet
  facet normal 0.8314696123025528 0 -0.5555702330195911
    outer loop
      vertex -14.016267485762413 -3.7 21.920951775601598
      vertex -13.777817459305204 -3.7 22.277817459305204
      vertex -13.777817459305204 -5.1 22.277817459305204
    endloop
  endfacet
  facet normal 0.9807852804032285 0 -0.1950903220161384
    outer loop
      vertex -14.100000000000001 -3.7 21.5
      vertex -14.016267485762413 -5.1 21.920951775601598
      vertex -14.100000000000001 -5.1 21.5
    endloop
  endfacet
  facet normal 0.8314696123025528 0 -0.5555702330195911
    outer loop
      vertex -14.016267485762413 -3.7 21.920951775601598
      vertex -13.777817459305204 -5.1 22.277817459305204
      vertex -14.016267485762413 -5.1 21.920951775601598
    endloop
  endfacet
  facet normal 0.5555702330196005 0 -0.8314696123025462
    outer loop
      vertex -13.777817459305204 -3.7 22.277817459305204
      vertex -13.420951775601601 -5.1 22.516267485762416
      vertex -13.777817459305204 -5.1 22.277817459305204
    endloop
  endfacet
  facet normal 0.5555702330196005 0 -0.8314696123025462
    outer loop
      vertex -13.777817459305204 -3.7 22.277817459305204
      vertex -13.420951775601601 -3.7 22.516267485762416
      vertex -13.420951775601601 -5.1 22.516267485762416
    endloop
  endfacet
  facet normal -0.195090322016132 0 0.9807852804032297
    outer loop
      vertex -13 -3.7 20.4
      vertex -13 -5.1 20.4
      vertex -12.579048224398406 -3.7 20.483732514237584
    endloop
  endfacet
  facet normal -0.5555702330196005 0 0.8314696123025462
    outer loop
      vertex -12.579048224398406 -3.7 20.483732514237584
      vertex -12.579048224398406 -5.1 20.483732514237584
      vertex -12.222182540694803 -3.7 20.722182540694796
    endloop
  endfacet
  facet normal -0.195090322016132 0 0.9807852804032297
    outer loop
      vertex -13 -5.1 20.4
      vertex -12.579048224398406 -5.1 20.483732514237584
      vertex -12.579048224398406 -3.7 20.483732514237584
    endloop
  endfacet
  facet normal -0.8314696123025451 0 0.5555702330196025
    outer loop
      vertex -12.222182540694803 -3.7 20.722182540694796
      vertex -12.222182540694803 -5.1 20.722182540694796
      vertex -11.983732514237587 -3.7 21.079048224398402
    endloop
  endfacet
  facet normal -0.5555702330196005 0 0.8314696123025462
    outer loop
      vertex -12.222182540694803 -3.7 20.722182540694796
      vertex -12.579048224398406 -5.1 20.483732514237584
      vertex -12.222182540694803 -5.1 20.722182540694796
    endloop
  endfacet
  facet normal -0.5555702330196005 0 -0.8314696123025462
    outer loop
      vertex -12.579048224398406 -3.7 22.516267485762416
      vertex -12.222182540694803 -3.7 22.277817459305204
      vertex -12.222182540694803 -5.1 22.277817459305204
    endloop
  endfacet
  facet normal -0.5555702330196005 0 -0.8314696123025462
    outer loop
      vertex -12.579048224398406 -3.7 22.516267485762416
      vertex -12.222182540694803 -5.1 22.277817459305204
      vertex -12.579048224398406 -5.1 22.516267485762416
    endloop
  endfacet
  facet normal -0.8314696123025451 0 -0.5555702330196025
    outer loop
      vertex -11.983732514237587 -5.1 21.920951775601598
      vertex -12.222182540694803 -5.1 22.277817459305204
      vertex -12.222182540694803 -3.7 22.277817459305204
    endloop
  endfacet
  facet normal -0.9807852804032315 0 0.19509032201612247
    outer loop
      vertex -11.983732514237587 -3.7 21.079048224398402
      vertex -11.983732514237587 -5.1 21.079048224398402
      vertex -11.900000000000006 -3.7 21.5
    endloop
  endfacet
  facet normal -0.8314696123025451 0 0.5555702330196025
    outer loop
      vertex -11.983732514237587 -3.7 21.079048224398402
      vertex -12.222182540694803 -5.1 20.722182540694796
      vertex -11.983732514237587 -5.1 21.079048224398402
    endloop
  endfacet
  facet normal -0.9807852804032315 0 0.19509032201612247
    outer loop
      vertex -11.900000000000006 -3.7 21.5
      vertex -11.983732514237587 -5.1 21.079048224398402
      vertex -11.900000000000006 -5.1 21.5
    endloop
  endfacet
  facet normal -0.9807852804032315 0 -0.19509032201612247
    outer loop
      vertex -11.900000000000006 -3.7 21.5
      vertex -11.900000000000006 -5.1 21.5
      vertex -11.983732514237587 -3.7 21.920951775601598
    endloop
  endfacet
  facet normal -0.8314696123025451 0 -0.5555702330196025
    outer loop
      vertex -11.983732514237587 -3.7 21.920951775601598
      vertex -11.983732514237587 -5.1 21.920951775601598
      vertex -12.222182540694803 -3.7 22.277817459305204
    endloop
  endfacet
  facet normal -0.9807852804032315 0 -0.19509032201612247
    outer loop
      vertex -11.983732514237587 -3.7 21.920951775601598
      vertex -11.900000000000006 -5.1 21.5
      vertex -11.983732514237587 -5.1 21.920951775601598
    endloop
  endfacet
  facet normal 0.19509032201612883 0 -0.9807852804032303
    outer loop
      vertex -13.420951775601601 -3.7 22.516267485762416
      vertex -13 -3.7 22.6
      vertex -13 -5.1 22.6
    endloop
  endfacet
  facet normal 0.19509032201612883 0 -0.9807852804032303
    outer loop
      vertex -13.420951775601601 -3.7 22.516267485762416
      vertex -13 -5.1 22.6
      vertex -13.420951775601601 -5.1 22.516267485762416
    endloop
  endfacet
  facet normal -0.195090322016132 0 -0.9807852804032297
    outer loop
      vertex -13 -3.7 22.6
      vertex -12.579048224398406 -3.7 22.516267485762416
      vertex -12.579048224398406 -5.1 22.516267485762416
    endloop
  endfacet
  facet normal -0.195090322016132 0 -0.9807852804032297
    outer loop
      vertex -13 -3.7 22.6
      vertex -12.579048224398406 -5.1 22.516267485762416
      vertex -13 -5.1 22.6
    endloop
  endfacet
  facet normal 0.8314696123025438 0 0.5555702330196044
    outer loop
      vertex -10.016267485762413 -3.7 8.079048224398402
      vertex -10.016267485762413 -5.1 8.079048224398402
      vertex -9.777817459305197 -3.7 7.7221825406947975
    endloop
  endfacet
  facet normal 0.9807852804032315 0 0.19509032201612247
    outer loop
      vertex -10.016267485762413 -3.7 8.079048224398402
      vertex -10.099999999999994 -3.7 8.5
      vertex -10.099999999999994 -5.1 8.5
    endloop
  endfacet
  facet normal 0.8314696123025438 0 0.5555702330196044
    outer loop
      vertex -10.016267485762413 -5.1 8.079048224398402
      vertex -9.777817459305197 -5.1 7.7221825406947975
      vertex -9.777817459305197 -3.7 7.7221825406947975
    endloop
  endfacet
  facet normal 0.9807852804032315 0 0.19509032201612247
    outer loop
      vertex -10.016267485762413 -3.7 8.079048224398402
      vertex -10.099999999999994 -5.1 8.5
      vertex -10.016267485762413 -5.1 8.079048224398402
    endloop
  endfacet
  facet normal 0.9807852804032315 0 -0.19509032201612247
    outer loop
      vertex -10.099999999999994 -3.7 8.5
      vertex -10.016267485762413 -3.7 8.920951775601598
      vertex -10.016267485762413 -5.1 8.920951775601598
    endloop
  endfacet
  facet normal 0.8314696123025438 0 -0.5555702330196044
    outer loop
      vertex -10.016267485762413 -3.7 8.920951775601598
      vertex -9.777817459305197 -3.7 9.277817459305203
      vertex -9.777817459305197 -5.1 9.277817459305203
    endloop
  endfacet
  facet normal 0.9807852804032315 0 -0.19509032201612247
    outer loop
      vertex -10.099999999999994 -3.7 8.5
      vertex -10.016267485762413 -5.1 8.920951775601598
      vertex -10.099999999999994 -5.1 8.5
    endloop
  endfacet
  facet normal 0.8314696123025438 0 -0.5555702330196044
    outer loop
      vertex -10.016267485762413 -3.7 8.920951775601598
      vertex -9.777817459305197 -5.1 9.277817459305203
      vertex -10.016267485762413 -5.1 8.920951775601598
    endloop
  endfacet
  facet normal 0.19509032201613002 0 0.98078528040323
    outer loop
      vertex -9.420951775601594 -3.7 7.483732514237585
      vertex -9.420951775601594 -5.1 7.483732514237585
      vertex -9 -3.7 7.4
    endloop
  endfacet
  facet normal 0.19509032201613002 0 0.98078528040323
    outer loop
      vertex -9 -3.7 7.4
      vertex -9.420951775601594 -5.1 7.483732514237585
      vertex -9 -5.1 7.4
    endloop
  endfacet
  facet normal -0.19509032201613002 0 0.98078528040323
    outer loop
      vertex -9 -3.7 7.4
      vertex -9 -5.1 7.4
      vertex -8.579048224398406 -3.7 7.483732514237585
    endloop
  endfacet
  facet normal -0.19509032201613002 0 0.98078528040323
    outer loop
      vertex -8.579048224398406 -3.7 7.483732514237585
      vertex -9 -5.1 7.4
      vertex -8.579048224398406 -5.1 7.483732514237585
    endloop
  endfacet
  facet normal 0.5555702330196021 0 0.8314696123025453
    outer loop
      vertex -9.777817459305197 -3.7 7.7221825406947975
      vertex -9.777817459305197 -5.1 7.7221825406947975
      vertex -9.420951775601594 -3.7 7.483732514237585
    endloop
  endfacet
  facet normal 0.5555702330196021 0 0.8314696123025453
    outer loop
      vertex -9.420951775601594 -3.7 7.483732514237585
      vertex -9.777817459305197 -5.1 7.7221825406947975
      vertex -9.420951775601594 -5.1 7.483732514237585
    endloop
  endfacet
  facet normal 0.5555702330196034 0 -0.8314696123025445
    outer loop
      vertex -9.777817459305197 -3.7 9.277817459305203
      vertex -9.420951775601594 -5.1 9.516267485762416
      vertex -9.777817459305197 -5.1 9.277817459305203
    endloop
  endfacet
  facet normal -0.5555702330196021 0 0.8314696123025453
    outer loop
      vertex -8.579048224398406 -3.7 7.483732514237585
      vertex -8.579048224398406 -5.1 7.483732514237585
      vertex -8.222182540694803 -3.7 7.7221825406947975
    endloop
  endfacet
  facet normal -0.5555702330196021 0 0.8314696123025453
    outer loop
      vertex -8.222182540694803 -3.7 7.7221825406947975
      vertex -8.579048224398406 -5.1 7.483732514237585
      vertex -8.222182540694803 -5.1 7.7221825406947975
    endloop
  endfacet
  facet normal -0.5555702330196034 0 -0.8314696123025445
    outer loop
      vertex -8.579048224398406 -3.7 9.516267485762416
      vertex -8.222182540694803 -3.7 9.277817459305203
      vertex -8.222182540694803 -5.1 9.277817459305203
    endloop
  endfacet
  facet normal 0.5555702330196034 0 -0.8314696123025445
    outer loop
      vertex -9.777817459305197 -3.7 9.277817459305203
      vertex -9.420951775601594 -3.7 9.516267485762416
      vertex -9.420951775601594 -5.1 9.516267485762416
    endloop
  endfacet
  facet normal 0.19509032201612805 0 -0.9807852804032305
    outer loop
      vertex -9.420951775601594 -3.7 9.516267485762416
      vertex -9 -3.7 9.6
      vertex -9 -5.1 9.6
    endloop
  endfacet
  facet normal 0.19509032201612805 0 -0.9807852804032305
    outer loop
      vertex -9.420951775601594 -3.7 9.516267485762416
      vertex -9 -5.1 9.6
      vertex -9.420951775601594 -5.1 9.516267485762416
    endloop
  endfacet
  facet normal -0.19509032201612805 0 -0.9807852804032305
    outer loop
      vertex -9 -3.7 9.6
      vertex -8.579048224398406 -3.7 9.516267485762416
      vertex -8.579048224398406 -5.1 9.516267485762416
    endloop
  endfacet
  facet normal -0.19509032201612805 0 -0.9807852804032305
    outer loop
      vertex -9 -3.7 9.6
      vertex -8.579048224398406 -5.1 9.516267485762416
      vertex -9 -5.1 9.6
    endloop
  endfacet
  facet normal -0.5555702330196034 0 -0.8314696123025445
    outer loop
      vertex -8.579048224398406 -3.7 9.516267485762416
      vertex -8.222182540694803 -5.1 9.277817459305203
      vertex -8.579048224398406 -5.1 9.516267485762416
    endloop
  endfacet
  facet normal -0.8314696123025438 0 0.5555702330196044
    outer loop
      vertex -8.222182540694803 -3.7 7.7221825406947975
      vertex -8.222182540694803 -5.1 7.7221825406947975
      vertex -7.9837325142375875 -3.7 8.079048224398402
    endloop
  endfacet
  facet normal -0.9807852804032315 0 0.19509032201612247
    outer loop
      vertex -7.9837325142375875 -3.7 8.079048224398402
      vertex -7.9837325142375875 -5.1 8.079048224398402
      vertex -7.900000000000006 -3.7 8.5
    endloop
  endfacet
  facet normal -0.8314696123025438 0 0.5555702330196044
    outer loop
      vertex -8.222182540694803 -5.1 7.7221825406947975
      vertex -7.9837325142375875 -5.1 8.079048224398402
      vertex -7.9837325142375875 -3.7 8.079048224398402
    endloop
  endfacet
  facet normal -0.9807852804032315 0 0.19509032201612247
    outer loop
      vertex -7.900000000000006 -3.7 8.5
      vertex -7.9837325142375875 -5.1 8.079048224398402
      vertex -7.900000000000006 -5.1 8.5
    endloop
  endfacet
  facet normal -0.9807852804032315 0 -0.19509032201612247
    outer loop
      vertex -7.9837325142375875 -3.7 8.920951775601598
      vertex -7.900000000000006 -3.7 8.5
      vertex -7.900000000000006 -5.1 8.5
    endloop
  endfacet
  facet normal -0.8314696123025438 0 -0.5555702330196044
    outer loop
      vertex -7.9837325142375875 -3.7 8.920951775601598
      vertex -7.9837325142375875 -5.1 8.920951775601598
      vertex -8.222182540694803 -3.7 9.277817459305203
    endloop
  endfacet
  facet normal -0.9807852804032315 0 -0.19509032201612247
    outer loop
      vertex -7.9837325142375875 -3.7 8.920951775601598
      vertex -7.900000000000006 -5.1 8.5
      vertex -7.9837325142375875 -5.1 8.920951775601598
    endloop
  endfacet
  facet normal -0.8314696123025438 0 -0.5555702330196044
    outer loop
      vertex -8.222182540694803 -3.7 9.277817459305203
      vertex -7.9837325142375875 -5.1 8.920951775601598
      vertex -8.222182540694803 -5.1 9.277817459305203
    endloop
  endfacet
  facet normal 0.8314696123025451 0 0.5555702330196025
    outer loop
      vertex -10.016267485762413 -3.7 21.079048224398402
      vertex -10.016267485762413 -5.1 21.079048224398402
      vertex -9.777817459305197 -3.7 20.722182540694796
    endloop
  endfacet
  facet normal 0.9807852804032315 0 0.19509032201612247
    outer loop
      vertex -10.016267485762413 -3.7 21.079048224398402
      vertex -10.099999999999994 -3.7 21.5
      vertex -10.099999999999994 -5.1 21.5
    endloop
  endfacet
  facet normal 0.8314696123025451 0 0.5555702330196025
    outer loop
      vertex -10.016267485762413 -5.1 21.079048224398402
      vertex -9.777817459305197 -5.1 20.722182540694796
      vertex -9.777817459305197 -3.7 20.722182540694796
    endloop
  endfacet
  facet normal 0.9807852804032315 0 0.19509032201612247
    outer loop
      vertex -10.016267485762413 -3.7 21.079048224398402
      vertex -10.099999999999994 -5.1 21.5
      vertex -10.016267485762413 -5.1 21.079048224398402
    endloop
  endfacet
  facet normal 0.9807852804032315 0 -0.19509032201612247
    outer loop
      vertex -10.099999999999994 -3.7 21.5
      vertex -10.016267485762413 -3.7 21.920951775601598
      vertex -10.016267485762413 -5.1 21.920951775601598
    endloop
  endfacet
  facet normal 0.8314696123025451 0 -0.5555702330196025
    outer loop
      vertex -10.016267485762413 -3.7 21.920951775601598
      vertex -9.777817459305197 -3.7 22.277817459305204
      vertex -9.777817459305197 -5.1 22.277817459305204
    endloop
  endfacet
  facet normal 0.9807852804032315 0 -0.19509032201612247
    outer loop
      vertex -10.099999999999994 -3.7 21.5
      vertex -10.016267485762413 -5.1 21.920951775601598
      vertex -10.099999999999994 -5.1 21.5
    endloop
  endfacet
  facet normal 0.8314696123025451 0 -0.5555702330196025
    outer loop
      vertex -10.016267485762413 -3.7 21.920951775601598
      vertex -9.777817459305197 -5.1 22.277817459305204
      vertex -10.016267485762413 -5.1 21.920951775601598
    endloop
  endfacet
  facet normal 0.195090322016132 0 0.9807852804032297
    outer loop
      vertex -9.420951775601594 -3.7 20.483732514237584
      vertex -9.420951775601594 -5.1 20.483732514237584
      vertex -9 -3.7 20.4
    endloop
  endfacet
  facet normal 0.5555702330196005 0 0.8314696123025462
    outer loop
      vertex -9.420951775601594 -3.7 20.483732514237584
      vertex -9.777817459305197 -5.1 20.722182540694796
      vertex -9.420951775601594 -5.1 20.483732514237584
    endloop
  endfacet
  facet normal 0.195090322016132 0 0.9807852804032297
    outer loop
      vertex -9 -3.7 20.4
      vertex -9.420951775601594 -5.1 20.483732514237584
      vertex -9 -5.1 20.4
    endloop
  endfacet
  facet normal -0.195090322016132 0 0.9807852804032297
    outer loop
      vertex -9 -3.7 20.4
      vertex -9 -5.1 20.4
      vertex -8.579048224398406 -3.7 20.483732514237584
    endloop
  endfacet
  facet normal -0.5555702330196005 0 0.8314696123025462
    outer loop
      vertex -8.579048224398406 -3.7 20.483732514237584
      vertex -8.579048224398406 -5.1 20.483732514237584
      vertex -8.222182540694803 -3.7 20.722182540694796
    endloop
  endfacet
  facet normal -0.195090322016132 0 0.9807852804032297
    outer loop
      vertex -8.579048224398406 -3.7 20.483732514237584
      vertex -9 -5.1 20.4
      vertex -8.579048224398406 -5.1 20.483732514237584
    endloop
  endfacet
  facet normal 0.5555702330196005 0 0.8314696123025462
    outer loop
      vertex -9.777817459305197 -3.7 20.722182540694796
      vertex -9.777817459305197 -5.1 20.722182540694796
      vertex -9.420951775601594 -3.7 20.483732514237584
    endloop
  endfacet
  facet normal 0.5555702330196005 0 -0.8314696123025462
    outer loop
      vertex -9.777817459305197 -3.7 22.277817459305204
      vertex -9.420951775601594 -3.7 22.516267485762416
      vertex -9.420951775601594 -5.1 22.516267485762416
    endloop
  endfacet
  facet normal 0.5555702330196005 0 -0.8314696123025462
    outer loop
      vertex -9.777817459305197 -3.7 22.277817459305204
      vertex -9.420951775601594 -5.1 22.516267485762416
      vertex -9.777817459305197 -5.1 22.277817459305204
    endloop
  endfacet
  facet normal -0.5555702330196005 0 0.8314696123025462
    outer loop
      vertex -8.222182540694803 -3.7 20.722182540694796
      vertex -8.579048224398406 -5.1 20.483732514237584
      vertex -8.222182540694803 -5.1 20.722182540694796
    endloop
  endfacet
  facet normal -0.5555702330196005 0 -0.8314696123025462
    outer loop
      vertex -8.579048224398406 -3.7 22.516267485762416
      vertex -8.222182540694803 -3.7 22.277817459305204
      vertex -8.222182540694803 -5.1 22.277817459305204
    endloop
  endfacet
  facet normal -0.5555702330196005 0 -0.8314696123025462
    outer loop
      vertex -8.579048224398406 -3.7 22.516267485762416
      vertex -8.222182540694803 -5.1 22.277817459305204
      vertex -8.579048224398406 -5.1 22.516267485762416
    endloop
  endfacet
  facet normal -0.8314696123025451 0 0.5555702330196025
    outer loop
      vertex -8.222182540694803 -3.7 20.722182540694796
      vertex -8.222182540694803 -5.1 20.722182540694796
      vertex -7.9837325142375875 -3.7 21.079048224398402
    endloop
  endfacet
  facet normal -0.9807852804032315 0 0.19509032201612247
    outer loop
      vertex -7.9837325142375875 -3.7 21.079048224398402
      vertex -7.9837325142375875 -5.1 21.079048224398402
      vertex -7.900000000000006 -3.7 21.5
    endloop
  endfacet
  facet normal -0.8314696123025451 0 0.5555702330196025
    outer loop
      vertex -7.9837325142375875 -3.7 21.079048224398402
      vertex -8.222182540694803 -5.1 20.722182540694796
      vertex -7.9837325142375875 -5.1 21.079048224398402
    endloop
  endfacet
  facet normal -0.9807852804032315 0 0.19509032201612247
    outer loop
      vertex -7.900000000000006 -3.7 21.5
      vertex -7.9837325142375875 -5.1 21.079048224398402
      vertex -7.900000000000006 -5.1 21.5
    endloop
  endfacet
  facet normal -0.9807852804032315 0 -0.19509032201612247
    outer loop
      vertex -7.900000000000006 -3.7 21.5
      vertex -7.900000000000006 -5.1 21.5
      vertex -7.9837325142375875 -3.7 21.920951775601598
    endloop
  endfacet
  facet normal -0.8314696123025451 0 -0.5555702330196025
    outer loop
      vertex -7.9837325142375875 -3.7 21.920951775601598
      vertex -7.9837325142375875 -5.1 21.920951775601598
      vertex -8.222182540694803 -3.7 22.277817459305204
    endloop
  endfacet
  facet normal -0.9807852804032315 0 -0.19509032201612247
    outer loop
      vertex -7.9837325142375875 -3.7 21.920951775601598
      vertex -7.900000000000006 -5.1 21.5
      vertex -7.9837325142375875 -5.1 21.920951775601598
    endloop
  endfacet
  facet normal -0.8314696123025451 0 -0.5555702330196025
    outer loop
      vertex -7.9837325142375875 -5.1 21.920951775601598
      vertex -8.222182540694803 -5.1 22.277817459305204
      vertex -8.222182540694803 -3.7 22.277817459305204
    endloop
  endfacet
  facet normal 0.195090322016132 0 -0.9807852804032297
    outer loop
      vertex -9.420951775601594 -3.7 22.516267485762416
      vertex -9 -3.7 22.6
      vertex -9 -5.1 22.6
    endloop
  endfacet
  facet normal 0.195090322016132 0 -0.9807852804032297
    outer loop
      vertex -9.420951775601594 -3.7 22.516267485762416
      vertex -9 -5.1 22.6
      vertex -9.420951775601594 -5.1 22.516267485762416
    endloop
  endfacet
  facet normal -0.195090322016132 0 -0.9807852804032297
    outer loop
      vertex -9 -3.7 22.6
      vertex -8.579048224398406 -3.7 22.516267485762416
      vertex -8.579048224398406 -5.1 22.516267485762416
    endloop
  endfacet
  facet normal -0.195090322016132 0 -0.9807852804032297
    outer loop
      vertex -9 -3.7 22.6
      vertex -8.579048224398406 -5.1 22.516267485762416
      vertex -9 -5.1 22.6
    endloop
  endfacet
  facet normal 0 1 0
    outer loop
      vertex -16 -3.7 5.5
      vertex -14.100000000000001 -3.7 8.5
      vertex -14.016267485762413 -3.7 8.079048224398402
    endloop
  endfacet
  facet normal 0 1 0
    outer loop
      vertex -16 -3.7 5.5
      vertex -14.016267485762413 -3.7 8.079048224398402
      vertex -13.777817459305204 -3.7 7.7221825406947975
    endloop
  endfacet
  facet normal -1 0 0
    outer loop
      vertex -16 -3.7 5.5
      vertex -16 -5.1 5.5
      vertex -16 -5.1 11.5
    endloop
  endfacet
  facet normal 0 1 0
    outer loop
      vertex -16 -3.7 5.5
      vertex -13.777817459305204 -3.7 7.7221825406947975
      vertex -13.420951775601601 -3.7 7.483732514237585
    endloop
  endfacet
  facet normal 0 1 0
    outer loop
      vertex -16 -3.7 5.5
      vertex -13.420951775601601 -3.7 7.483732514237585
      vertex -13 -3.7 7.4
    endloop
  endfacet
  facet normal 0 1 0
    outer loop
      vertex -16 -3.7 5.5
      vertex -13 -3.7 7.4
      vertex -12.579048224398406 -3.7 7.483732514237585
    endloop
  endfacet
  facet normal 0 1 0
    outer loop
      vertex -16 -3.7 5.5
      vertex -12.579048224398406 -3.7 7.483732514237585
      vertex -10.099999999999994 -3.7 8.5
    endloop
  endfacet
  facet normal 0 0 -1
    outer loop
      vertex -16 -3.7 5.5
      vertex -6 -5.1 5.5
      vertex -16 -5.1 5.5
    endloop
  endfacet
  facet normal 0 1 0
    outer loop
      vertex -16 -3.7 5.5
      vertex -9.777817459305197 -3.7 7.7221825406947975
      vertex -9.420951775601594 -3.7 7.483732514237585
    endloop
  endfacet
  facet normal 0 1 0
    outer loop
      vertex -16 -3.7 5.5
      vertex -10.016267485762413 -3.7 8.079048224398402
      vertex -9.777817459305197 -3.7 7.7221825406947975
    endloop
  endfacet
  facet normal 0 1 0
    outer loop
      vertex -16 -3.7 5.5
      vertex -10.099999999999994 -3.7 8.5
      vertex -10.016267485762413 -3.7 8.079048224398402
    endloop
  endfacet
  facet normal 0 1 0
    outer loop
      vertex -16 -3.7 5.5
      vertex -9.420951775601594 -3.7 7.483732514237585
      vertex -9 -3.7 7.4
    endloop
  endfacet
  facet normal 0 1 0
    outer loop
      vertex -16 -3.7 5.5
      vertex -9 -3.7 7.4
      vertex -8.579048224398406 -3.7 7.483732514237585
    endloop
  endfacet
  facet normal 0 1 0
    outer loop
      vertex -16 -3.7 5.5
      vertex -8.579048224398406 -3.7 7.483732514237585
      vertex -6 -3.7 5.5
    endloop
  endfacet
  facet normal 0 -1 0
    outer loop
      vertex -16 -5.1 5.5
      vertex -13.777817459305204 -5.1 7.7221825406947975
      vertex -14.016267485762413 -5.1 8.079048224398402
    endloop
  endfacet
  facet normal 0 -1 0
    outer loop
      vertex -16 -5.1 5.5
      vertex -13.420951775601601 -5.1 7.483732514237585
      vertex -13.777817459305204 -5.1 7.7221825406947975
    endloop
  endfacet
  facet normal 0 -1 0
    outer loop
      vertex -16 -5.1 5.5
      vertex -13 -5.1 7.4
      vertex -13.420951775601601 -5.1 7.483732514237585
    endloop
  endfacet
  facet normal 0 -1 0
    outer loop
      vertex -16 -5.1 5.5
      vertex -12.579048224398406 -5.1 7.483732514237585
      vertex -13 -5.1 7.4
    endloop
  endfacet
  facet normal 0 -1 0
    outer loop
      vertex -16 -5.1 5.5
      vertex -9.420951775601594 -5.1 7.483732514237585
      vertex -12.579048224398406 -5.1 7.483732514237585
    endloop
  endfacet
  facet normal 0 -1 0
    outer loop
      vertex -16 -5.1 5.5
      vertex -9 -5.1 7.4
      vertex -9.420951775601594 -5.1 7.483732514237585
    endloop
  endfacet
  facet normal 0 -1 0
    outer loop
      vertex -16 -5.1 5.5
      vertex -6 -5.1 5.5
      vertex -9 -5.1 7.4
    endloop
  endfacet
  facet normal 0 1 0
    outer loop
      vertex -16 -3.7 5.5
      vertex -16 -3.7 11.5
      vertex -14.100000000000001 -3.7 8.5
    endloop
  endfacet
  facet normal 0 1 0
    outer loop
      vertex -14.100000000000001 -3.7 8.5
      vertex -16 -3.7 11.5
      vertex -14.016267485762413 -3.7 8.920951775601598
    endloop
  endfacet
  facet normal 0 1 0
    outer loop
      vertex -14.016267485762413 -3.7 8.920951775601598
      vertex -16 -3.7 11.5
      vertex -13.777817459305204 -3.7 9.277817459305203
    endloop
  endfacet
  facet normal -1 0 0
    outer loop
      vertex -16 -3.7 5.5
      vertex -16 -5.1 11.5
      vertex -16 -3.7 11.5
    endloop
  endfacet
  facet normal 0 1 0
    outer loop
      vertex -13.777817459305204 -3.7 9.277817459305203
      vertex -16 -3.7 11.5
      vertex -13.420951775601601 -3.7 9.516267485762416
    endloop
  endfacet
  facet normal 0 1 0
    outer loop
      vertex -13.420951775601601 -3.7 9.516267485762416
      vertex -16 -3.7 11.5
      vertex -13 -3.7 9.6
    endloop
  endfacet
  facet normal 0 1 0
    outer loop
      vertex -12.579048224398406 -3.7 7.483732514237585
      vertex -12.222182540694803 -3.7 7.7221825406947975
      vertex -10.099999999999994 -3.7 8.5
    endloop
  endfacet
  facet normal 0 1 0
    outer loop
      vertex -12.222182540694803 -3.7 7.7221825406947975
      vertex -11.983732514237587 -3.7 8.079048224398402
      vertex -10.099999999999994 -3.7 8.5
    endloop
  endfacet
  facet normal 0 1 0
    outer loop
      vertex -11.983732514237587 -3.7 8.079048224398402
      vertex -11.900000000000006 -3.7 8.5
      vertex -10.099999999999994 -3.7 8.5
    endloop
  endfacet
  facet normal 0 1 0
    outer loop
      vertex -11.900000000000006 -3.7 8.5
      vertex -11.983732514237587 -3.7 8.920951775601598
      vertex -10.099999999999994 -3.7 8.5
    endloop
  endfacet
  facet normal 0 1 0
    outer loop
      vertex -12.579048224398406 -3.7 9.516267485762416
      vertex -9.777817459305197 -3.7 9.277817459305203
      vertex -12.222182540694803 -3.7 9.277817459305203
    endloop
  endfacet
  facet normal 0 1 0
    outer loop
      vertex -11.983732514237587 -3.7 8.920951775601598
      vertex -12.222182540694803 -3.7 9.277817459305203
      vertex -10.016267485762413 -3.7 8.920951775601598
    endloop
  endfacet
  facet normal 0 1 0
    outer loop
      vertex -13 -3.7 9.6
      vertex -16 -3.7 11.5
      vertex -9 -3.7 9.6
    endloop
  endfacet
  facet normal 0 1 0
    outer loop
      vertex -13 -3.7 9.6
      vertex -9.420951775601594 -3.7 9.516267485762416
      vertex -12.579048224398406 -3.7 9.516267485762416
    endloop
  endfacet
  facet normal 0 1 0
    outer loop
      vertex -11.983732514237587 -3.7 8.920951775601598
      vertex -10.016267485762413 -3.7 8.920951775601598
      vertex -10.099999999999994 -3.7 8.5
    endloop
  endfacet
  facet normal 0 1 0
    outer loop
      vertex -12.222182540694803 -3.7 9.277817459305203
      vertex -9.777817459305197 -3.7 9.277817459305203
      vertex -10.016267485762413 -3.7 8.920951775601598
    endloop
  endfacet
  facet normal 0 1 0
    outer loop
      vertex -12.579048224398406 -3.7 9.516267485762416
      vertex -9.420951775601594 -3.7 9.516267485762416
      vertex -9.777817459305197 -3.7 9.277817459305203
    endloop
  endfacet
  facet normal 0 1 0
    outer loop
      vertex -13 -3.7 9.6
      vertex -9 -3.7 9.6
      vertex -9.420951775601594 -3.7 9.516267485762416
    endloop
  endfacet
  facet normal 0 1 0
    outer loop
      vertex -16 -3.7 11.5
      vertex -6 -3.7 11.5
      vertex -9 -3.7 9.6
    endloop
  endfacet
  facet normal 0 0 1
    outer loop
      vertex -16 -3.7 11.5
      vertex -16 -5.1 11.5
      vertex -6 -3.7 11.5
    endloop
  endfacet
  facet normal 0 -1 0
    outer loop
      vertex -16 -5.1 5.5
      vertex -14.016267485762413 -5.1 8.079048224398402
      vertex -16 -5.1 11.5
    endloop
  endfacet
  facet normal 0 -1 0
    outer loop
      vertex -14.016267485762413 -5.1 8.079048224398402
      vertex -14.100000000000001 -5.1 8.5
      vertex -16 -5.1 11.5
    endloop
  endfacet
  facet normal 0 -1 0
    outer loop
      vertex -14.100000000000001 -5.1 8.5
      vertex -14.016267485762413 -5.1 8.920951775601598
      vertex -16 -5.1 11.5
    endloop
  endfacet
  facet normal 0 -1 0
    outer loop
      vertex -14.016267485762413 -5.1 8.920951775601598
      vertex -13.777817459305204 -5.1 9.277817459305203
      vertex -16 -5.1 11.5
    endloop
  endfacet
  facet normal 0 -1 0
    outer loop
      vertex -13.777817459305204 -5.1 9.277817459305203
      vertex -13.420951775601601 -5.1 9.516267485762416
      vertex -16 -5.1 11.5
    endloop
  endfacet
  facet normal 0 -1 0
    outer loop
      vertex -13.420951775601601 -5.1 9.516267485762416
      vertex -13 -5.1 9.6
      vertex -16 -5.1 11.5
    endloop
  endfacet
  facet normal 0 -1 0
    outer loop
      vertex -13 -5.1 9.6
      vertex -12.579048224398406 -5.1 9.516267485762416
      vertex -16 -5.1 11.5
    endloop
  endfacet
  facet normal 0 -1 0
    outer loop
      vertex -12.579048224398406 -5.1 9.516267485762416
      vertex -10.099999999999994 -5.1 8.5
      vertex -16 -5.1 11.5
    endloop
  endfacet
  facet normal 0 -1 0
    outer loop
      vertex -12.579048224398406 -5.1 7.483732514237585
      vertex -9.777817459305197 -5.1 7.7221825406947975
      vertex -12.222182540694803 -5.1 7.7221825406947975
    endloop
  endfacet
  facet normal 0 -1 0
    outer loop
      vertex -12.222182540694803 -5.1 7.7221825406947975
      vertex -10.016267485762413 -5.1 8.079048224398402
      vertex -11.983732514237587 -5.1 8.079048224398402
    endloop
  endfacet
  facet normal 0 -1 0
    outer loop
      vertex -11.983732514237587 -5.1 8.079048224398402
      vertex -10.099999999999994 -5.1 8.5
      vertex -11.900000000000006 -5.1 8.5
    endloop
  endfacet
  facet normal 0 -1 0
    outer loop
      vertex -11.900000000000006 -5.1 8.5
      vertex -10.099999999999994 -5.1 8.5
      vertex -11.983732514237587 -5.1 8.920951775601598
    endloop
  endfacet
  facet normal 0 -1 0
    outer loop
      vertex -11.983732514237587 -5.1 8.920951775601598
      vertex -10.099999999999994 -5.1 8.5
      vertex -12.222182540694803 -5.1 9.277817459305203
    endloop
  endfacet
  facet normal 0 -1 0
    outer loop
      vertex -12.579048224398406 -5.1 9.516267485762416
      vertex -12.222182540694803 -5.1 9.277817459305203
      vertex -10.099999999999994 -5.1 8.5
    endloop
  endfacet
  facet normal 0 -1 0
    outer loop
      vertex -10.099999999999994 -5.1 8.5
      vertex -10.016267485762413 -5.1 8.920951775601598
      vertex -16 -5.1 11.5
    endloop
  endfacet
  facet normal 0 -1 0
    outer loop
      vertex -10.016267485762413 -5.1 8.920951775601598
      vertex -9.777817459305197 -5.1 9.277817459305203
      vertex -16 -5.1 11.5
    endloop
  endfacet
  facet normal 0 -1 0
    outer loop
      vertex -16 -5.1 11.5
      vertex -9.777817459305197 -5.1 9.277817459305203
      vertex -9.420951775601594 -5.1 9.516267485762416
    endloop
  endfacet
  facet normal 0 -1 0
    outer loop
      vertex -16 -5.1 11.5
      vertex -9.420951775601594 -5.1 9.516267485762416
      vertex -9 -5.1 9.6
    endloop
  endfacet
  facet normal 0 -1 0
    outer loop
      vertex -12.579048224398406 -5.1 7.483732514237585
      vertex -9.420951775601594 -5.1 7.483732514237585
      vertex -9.777817459305197 -5.1 7.7221825406947975
    endloop
  endfacet
  facet normal 0 -1 0
    outer loop
      vertex -12.222182540694803 -5.1 7.7221825406947975
      vertex -9.777817459305197 -5.1 7.7221825406947975
      vertex -10.016267485762413 -5.1 8.079048224398402
    endloop
  endfacet
  facet normal 0 -1 0
    outer loop
      vertex -11.983732514237587 -5.1 8.079048224398402
      vertex -10.016267485762413 -5.1 8.079048224398402
      vertex -10.099999999999994 -5.1 8.5
    endloop
  endfacet
  facet normal 0 -1 0
    outer loop
      vertex -16 -5.1 11.5
      vertex -9 -5.1 9.6
      vertex -8.579048224398406 -5.1 9.516267485762416
    endloop
  endfacet
  facet normal 0 -1 0
    outer loop
      vertex -16 -5.1 11.5
      vertex -8.579048224398406 -5.1 9.516267485762416
      vertex -6 -5.1 11.5
    endloop
  endfacet
  facet normal 0 0 -1
    outer loop
      vertex -16 -3.7 5.5
      vertex -6 -3.7 5.5
      vertex -6 -5.1 5.5
    endloop
  endfacet
  facet normal 0 1 0
    outer loop
      vertex -8.579048224398406 -3.7 7.483732514237585
      vertex -8.222182540694803 -3.7 7.7221825406947975
      vertex -6 -3.7 5.5
    endloop
  endfacet
  facet normal 0 1 0
    outer loop
      vertex -8.222182540694803 -3.7 7.7221825406947975
      vertex -7.9837325142375875 -3.7 8.079048224398402
      vertex -6 -3.7 5.5
    endloop
  endfacet
  facet normal 0 1 0
    outer loop
      vertex -7.9837325142375875 -3.7 8.079048224398402
      vertex -7.900000000000006 -3.7 8.5
      vertex -6 -3.7 5.5
    endloop
  endfacet
  facet normal 0 -1 0
    outer loop
      vertex -9 -5.1 7.4
      vertex -6 -5.1 5.5
      vertex -8.579048224398406 -5.1 7.483732514237585
    endloop
  endfacet
  facet normal 0 -1 0
    outer loop
      vertex -8.579048224398406 -5.1 7.483732514237585
      vertex -6 -5.1 5.5
      vertex -8.222182540694803 -5.1 7.7221825406947975
    endloop
  endfacet
  facet normal 0 -1 0
    outer loop
      vertex -8.222182540694803 -5.1 7.7221825406947975
      vertex -6 -5.1 5.5
      vertex -7.9837325142375875 -5.1 8.079048224398402
    endloop
  endfacet
  facet normal 0 1 0
    outer loop
      vertex -7.9837325142375875 -3.7 8.920951775601598
      vertex -6 -3.7 5.5
      vertex -7.900000000000006 -3.7 8.5
    endloop
  endfacet
  facet normal 0 1 0
    outer loop
      vertex -7.9837325142375875 -3.7 8.920951775601598
      vertex -6 -3.7 11.5
      vertex -6 -3.7 5.5
    endloop
  endfacet
  facet normal 0 1 0
    outer loop
      vertex -9 -3.7 9.6
      vertex -6 -3.7 11.5
      vertex -8.579048224398406 -3.7 9.516267485762416
    endloop
  endfacet
  facet normal 0 1 0
    outer loop
      vertex -8.579048224398406 -3.7 9.516267485762416
      vertex -6 -3.7 11.5
      vertex -8.222182540694803 -3.7 9.277817459305203
    endloop
  endfacet
  facet normal 0 1 0
    outer loop
      vertex -7.9837325142375875 -3.7 8.920951775601598
      vertex -8.222182540694803 -3.7 9.277817459305203
      vertex -6 -3.7 11.5
    endloop
  endfacet
  facet normal 0 0 1
    outer loop
      vertex -16 -5.1 11.5
      vertex -6 -5.1 11.5
      vertex -6 -3.7 11.5
    endloop
  endfacet
  facet normal 0 -1 0
    outer loop
      vertex -7.9837325142375875 -5.1 8.079048224398402
      vertex -6 -5.1 5.5
      vertex -6 -5.1 11.5
    endloop
  endfacet
  facet normal 0 -1 0
    outer loop
      vertex -7.9837325142375875 -5.1 8.079048224398402
      vertex -6 -5.1 11.5
      vertex -7.900000000000006 -5.1 8.5
    endloop
  endfacet
  facet normal 0 -1 0
    outer loop
      vertex -8.579048224398406 -5.1 9.516267485762416
      vertex -8.222182540694803 -5.1 9.277817459305203
      vertex -6 -5.1 11.5
    endloop
  endfacet
  facet normal 0 -1 0
    outer loop
      vertex -7.9837325142375875 -5.1 8.920951775601598
      vertex -7.900000000000006 -5.1 8.5
      vertex -6 -5.1 11.5
    endloop
  endfacet
  facet normal 0 -1 0
    outer loop
      vertex -7.9837325142375875 -5.1 8.920951775601598
      vertex -6 -5.1 11.5
      vertex -8.222182540694803 -5.1 9.277817459305203
    endloop
  endfacet
  facet normal 0 1 0
    outer loop
      vertex -16 -3.7 18.5
      vertex -14.016267485762413 -3.7 21.079048224398402
      vertex -13.777817459305204 -3.7 20.722182540694796
    endloop
  endfacet
  facet normal 0 1 0
    outer loop
      vertex -16 -3.7 18.5
      vertex -14.100000000000001 -3.7 21.5
      vertex -14.016267485762413 -3.7 21.079048224398402
    endloop
  endfacet
  facet normal -1 0 0
    outer loop
      vertex -16 -3.7 18.5
      vertex -16 -5.1 18.5
      vertex -16 -5.1 24.5
    endloop
  endfacet
  facet normal 0 1 0
    outer loop
      vertex -16 -3.7 18.5
      vertex -16 -3.7 24.5
      vertex -14.100000000000001 -3.7 21.5
    endloop
  endfacet
  facet normal 0 1 0
    outer loop
      vertex -16 -3.7 18.5
      vertex -13.777817459305204 -3.7 20.722182540694796
      vertex -13.420951775601601 -3.7 20.483732514237584
    endloop
  endfacet
  facet normal 0 1 0
    outer loop
      vertex -16 -3.7 18.5
      vertex -13.420951775601601 -3.7 20.483732514237584
      vertex -13 -3.7 20.4
    endloop
  endfacet
  facet normal 0 1 0
    outer loop
      vertex -16 -3.7 18.5
      vertex -13 -3.7 20.4
      vertex -12.579048224398406 -3.7 20.483732514237584
    endloop
  endfacet
  facet normal 0 1 0
    outer loop
      vertex -16 -3.7 18.5
      vertex -12.579048224398406 -3.7 20.483732514237584
      vertex -10.099999999999994 -3.7 21.5
    endloop
  endfacet
  facet normal 0 0 -1
    outer loop
      vertex -16 -3.7 18.5
      vertex -6 -5.1 18.5
      vertex -16 -5.1 18.5
    endloop
  endfacet
  facet normal 0 1 0
    outer loop
      vertex -16 -3.7 18.5
      vertex -10.016267485762413 -3.7 21.079048224398402
      vertex -9.777817459305197 -3.7 20.722182540694796
    endloop
  endfacet
  facet normal 0 1 0
    outer loop
      vertex -16 -3.7 18.5
      vertex -9.777817459305197 -3.7 20.722182540694796
      vertex -9.420951775601594 -3.7 20.483732514237584
    endloop
  endfacet
  facet normal 0 1 0
    outer loop
      vertex -16 -3.7 18.5
      vertex -10.099999999999994 -3.7 21.5
      vertex -10.016267485762413 -3.7 21.079048224398402
    endloop
  endfacet
  facet normal 0 1 0
    outer loop
      vertex -16 -3.7 18.5
      vertex -9.420951775601594 -3.7 20.483732514237584
      vertex -9 -3.7 20.4
    endloop
  endfacet
  facet normal 0 1 0
    outer loop
      vertex -12.579048224398406 -3.7 20.483732514237584
      vertex -12.222182540694803 -3.7 20.722182540694796
      vertex -10.099999999999994 -3.7 21.5
    endloop
  endfacet
  facet normal 0 1 0
    outer loop
      vertex -12.222182540694803 -3.7 20.722182540694796
      vertex -11.983732514237587 -3.7 21.079048224398402
      vertex -10.099999999999994 -3.7 21.5
    endloop
  endfacet
  facet normal 0 1 0
    outer loop
      vertex -11.983732514237587 -3.7 21.079048224398402
      vertex -11.900000000000006 -3.7 21.5
      vertex -10.099999999999994 -3.7 21.5
    endloop
  endfacet
  facet normal 0 1 0
    outer loop
      vertex -11.900000000000006 -3.7 21.5
      vertex -11.983732514237587 -3.7 21.920951775601598
      vertex -10.099999999999994 -3.7 21.5
    endloop
  endfacet
  facet normal 0 1 0
    outer loop
      vertex -12.579048224398406 -3.7 22.516267485762416
      vertex -9.777817459305197 -3.7 22.277817459305204
      vertex -12.222182540694803 -3.7 22.277817459305204
    endloop
  endfacet
  facet normal 0 1 0
    outer loop
      vertex -11.983732514237587 -3.7 21.920951775601598
      vertex -12.222182540694803 -3.7 22.277817459305204
      vertex -10.016267485762413 -3.7 21.920951775601598
    endloop
  endfacet
  facet normal 0 1 0
    outer loop
      vertex -16 -3.7 18.5
      vertex -9 -3.7 20.4
      vertex -8.579048224398406 -3.7 20.483732514237584
    endloop
  endfacet
  facet normal 0 1 0
    outer loop
      vertex -16 -3.7 18.5
      vertex -8.579048224398406 -3.7 20.483732514237584
      vertex -6 -3.7 18.5
    endloop
  endfacet
  facet normal 0 1 0
    outer loop
      vertex -11.983732514237587 -3.7 21.920951775601598
      vertex -10.016267485762413 -3.7 21.920951775601598
      vertex -10.099999999999994 -3.7 21.5
    endloop
  endfacet
  facet normal 0 1 0
    outer loop
      vertex -10.016267485762413 -3.7 21.920951775601598
      vertex -12.222182540694803 -3.7 22.277817459305204
      vertex -9.777817459305197 -3.7 22.277817459305204
    endloop
  endfacet
  facet normal 0 1 0
    outer loop
      vertex -12.579048224398406 -3.7 22.516267485762416
      vertex -9.420951775601594 -3.7 22.516267485762416
      vertex -9.777817459305197 -3.7 22.277817459305204
    endloop
  endfacet
  facet normal 0 -1 0
    outer loop
      vertex -16 -5.1 18.5
      vertex -13.777817459305204 -5.1 20.722182540694796
      vertex -14.016267485762413 -5.1 21.079048224398402
    endloop
  endfacet
  facet normal 0 -1 0
    outer loop
      vertex -16 -5.1 18.5
      vertex -14.016267485762413 -5.1 21.079048224398402
      vertex -16 -5.1 24.5
    endloop
  endfacet
  facet normal 0 -1 0
    outer loop
      vertex -14.100000000000001 -5.1 21.5
      vertex -16 -5.1 24.5
      vertex -14.016267485762413 -5.1 21.079048224398402
    endloop
  endfacet
  facet normal 0 -1 0
    outer loop
      vertex -16 -5.1 18.5
      vertex -13.420951775601601 -5.1 20.483732514237584
      vertex -13.777817459305204 -5.1 20.722182540694796
    endloop
  endfacet
  facet normal 0 -1 0
    outer loop
      vertex -16 -5.1 18.5
      vertex -13 -5.1 20.4
      vertex -13.420951775601601 -5.1 20.483732514237584
    endloop
  endfacet
  facet normal 0 -1 0
    outer loop
      vertex -16 -5.1 18.5
      vertex -12.579048224398406 -5.1 20.483732514237584
      vertex -13 -5.1 20.4
    endloop
  endfacet
  facet normal 0 -1 0
    outer loop
      vertex -16 -5.1 18.5
      vertex -9.420951775601594 -5.1 20.483732514237584
      vertex -12.579048224398406 -5.1 20.483732514237584
    endloop
  endfacet
  facet normal 0 -1 0
    outer loop
      vertex -16 -5.1 18.5
      vertex -9 -5.1 20.4
      vertex -9.420951775601594 -5.1 20.483732514237584
    endloop
  endfacet
  facet normal 0 -1 0
    outer loop
      vertex -12.579048224398406 -5.1 20.483732514237584
      vertex -9.777817459305197 -5.1 20.722182540694796
      vertex -12.222182540694803 -5.1 20.722182540694796
    endloop
  endfacet
  facet normal 0 -1 0
    outer loop
      vertex -12.222182540694803 -5.1 20.722182540694796
      vertex -10.016267485762413 -5.1 21.079048224398402
      vertex -11.983732514237587 -5.1 21.079048224398402
    endloop
  endfacet
  facet normal 0 -1 0
    outer loop
      vertex -11.983732514237587 -5.1 21.079048224398402
      vertex -10.099999999999994 -5.1 21.5
      vertex -11.900000000000006 -5.1 21.5
    endloop
  endfacet
  facet normal 0 -1 0
    outer loop
      vertex -11.900000000000006 -5.1 21.5
      vertex -10.099999999999994 -5.1 21.5
      vertex -11.983732514237587 -5.1 21.920951775601598
    endloop
  endfacet
  facet normal 0 -1 0
    outer loop
      vertex -11.983732514237587 -5.1 21.920951775601598
      vertex -10.099999999999994 -5.1 21.5
      vertex -12.222182540694803 -5.1 22.277817459305204
    endloop
  endfacet
  facet normal 0 -1 0
    outer loop
      vertex -10.099999999999994 -5.1 21.5
      vertex -12.579048224398406 -5.1 22.516267485762416
      vertex -12.222182540694803 -5.1 22.277817459305204
    endloop
  endfacet
  facet normal 0 -1 0
    outer loop
      vertex -12.579048224398406 -5.1 20.483732514237584
      vertex -9.420951775601594 -5.1 20.483732514237584
      vertex -9.777817459305197 -5.1 20.722182540694796
    endloop
  endfacet
  facet normal 0 -1 0
    outer loop
      vertex -16 -5.1 18.5
      vertex -6 -5.1 18.5
      vertex -9 -5.1 20.4
    endloop
  endfacet
  facet normal 0 -1 0
    outer loop
      vertex -12.222182540694803 -5.1 20.722182540694796
      vertex -9.777817459305197 -5.1 20.722182540694796
      vertex -10.016267485762413 -5.1 21.079048224398402
    endloop
  endfacet
  facet normal 0 -1 0
    outer loop
      vertex -11.983732514237587 -5.1 21.079048224398402
      vertex -10.016267485762413 -5.1 21.079048224398402
      vertex -10.099999999999994 -5.1 21.5
    endloop
  endfacet
  facet normal 0 1 0
    outer loop
      vertex -14.100000000000001 -3.7 21.5
      vertex -16 -3.7 24.5
      vertex -14.016267485762413 -3.7 21.920951775601598
    endloop
  endfacet
  facet normal 0 1 0
    outer loop
      vertex -14.016267485762413 -3.7 21.920951775601598
      vertex -16 -3.7 24.5
      vertex -13.777817459305204 -3.7 22.277817459305204
    endloop
  endfacet
  facet normal -1 0 0
    outer loop
      vertex -16 -3.7 18.5
      vertex -16 -5.1 24.5
      vertex -16 -3.7 24.5
    endloop
  endfacet
  facet normal 0 1 0
    outer loop
      vertex -16 -3.7 24.5
      vertex -13.420951775601601 -3.7 22.516267485762416
      vertex -13.777817459305204 -3.7 22.277817459305204
    endloop
  endfacet
  facet normal 0 1 0
    outer loop
      vertex -16 -3.7 24.5
      vertex -13 -3.7 22.6
      vertex -13.420951775601601 -3.7 22.516267485762416
    endloop
  endfacet
  facet normal 0 1 0
    outer loop
      vertex -16 -3.7 24.5
      vertex -9 -3.7 22.6
      vertex -13 -3.7 22.6
    endloop
  endfacet
  facet normal 0 1 0
    outer loop
      vertex -13 -3.7 22.6
      vertex -9.420951775601594 -3.7 22.516267485762416
      vertex -12.579048224398406 -3.7 22.516267485762416
    endloop
  endfacet
  facet normal 0 0 1
    outer loop
      vertex -16 -3.7 24.5
      vertex -16 -5.1 24.5
      vertex -6 -3.7 24.5
    endloop
  endfacet
  facet normal 0 1 0
    outer loop
      vertex -13 -3.7 22.6
      vertex -9 -3.7 22.6
      vertex -9.420951775601594 -3.7 22.516267485762416
    endloop
  endfacet
  facet normal 0 1 0
    outer loop
      vertex -16 -3.7 24.5
      vertex -6 -3.7 24.5
      vertex -9 -3.7 22.6
    endloop
  endfacet
  facet normal 0 -1 0
    outer loop
      vertex -14.100000000000001 -5.1 21.5
      vertex -14.016267485762413 -5.1 21.920951775601598
      vertex -16 -5.1 24.5
    endloop
  endfacet
  facet normal 0 -1 0
    outer loop
      vertex -14.016267485762413 -5.1 21.920951775601598
      vertex -13.777817459305204 -5.1 22.277817459305204
      vertex -16 -5.1 24.5
    endloop
  endfacet
  facet normal 0 -1 0
    outer loop
      vertex -16 -5.1 24.5
      vertex -13.777817459305204 -5.1 22.277817459305204
      vertex -13.420951775601601 -5.1 22.516267485762416
    endloop
  endfacet
  facet normal 0 -1 0
    outer loop
      vertex -16 -5.1 24.5
      vertex -13.420951775601601 -5.1 22.516267485762416
      vertex -13 -5.1 22.6
    endloop
  endfacet
  facet normal 0 -1 0
    outer loop
      vertex -16 -5.1 24.5
      vertex -13 -5.1 22.6
      vertex -12.579048224398406 -5.1 22.516267485762416
    endloop
  endfacet
  facet normal 0 -1 0
    outer loop
      vertex -16 -5.1 24.5
      vertex -12.579048224398406 -5.1 22.516267485762416
      vertex -10.099999999999994 -5.1 21.5
    endloop
  endfacet
  facet normal 0 -1 0
    outer loop
      vertex -16 -5.1 24.5
      vertex -10.099999999999994 -5.1 21.5
      vertex -10.016267485762413 -5.1 21.920951775601598
    endloop
  endfacet
  facet normal 0 -1 0
    outer loop
      vertex -16 -5.1 24.5
      vertex -10.016267485762413 -5.1 21.920951775601598
      vertex -9.777817459305197 -5.1 22.277817459305204
    endloop
  endfacet
  facet normal 0 -1 0
    outer loop
      vertex -16 -5.1 24.5
      vertex -9.777817459305197 -5.1 22.277817459305204
      vertex -9.420951775601594 -5.1 22.516267485762416
    endloop
  endfacet
  facet normal 0 -1 0
    outer loop
      vertex -16 -5.1 24.5
      vertex -9.420951775601594 -5.1 22.516267485762416
      vertex -9 -5.1 22.6
    endloop
  endfacet
  facet normal 0 -1 0
    outer loop
      vertex -16 -5.1 24.5
      vertex -9 -5.1 22.6
      vertex -8.579048224398406 -5.1 22.516267485762416
    endloop
  endfacet
  facet normal 0 -1 0
    outer loop
      vertex -16 -5.1 24.5
      vertex -8.579048224398406 -5.1 22.516267485762416
      vertex -6 -5.1 24.5
    endloop
  endfacet
  facet normal 0 0 -1
    outer loop
      vertex -16 -3.7 18.5
      vertex -6 -3.7 18.5
      vertex -6 -5.1 18.5
    endloop
  endfacet
  facet normal 0 1 0
    outer loop
      vertex -8.579048224398406 -3.7 20.483732514237584
      vertex -8.222182540694803 -3.7 20.722182540694796
      vertex -6 -3.7 18.5
    endloop
  endfacet
  facet normal 0 1 0
    outer loop
      vertex -8.222182540694803 -3.7 20.722182540694796
      vertex -7.9837325142375875 -3.7 21.079048224398402
      vertex -6 -3.7 18.5
    endloop
  endfacet
  facet normal 0 1 0
    outer loop
      vertex -7.9837325142375875 -3.7 21.079048224398402
      vertex -7.900000000000006 -3.7 21.5
      vertex -6 -3.7 18.5
    endloop
  endfacet
  facet normal 0 1 0
    outer loop
      vertex -7.900000000000006 -3.7 21.5
      vertex -7.9837325142375875 -3.7 21.920951775601598
      vertex -6 -3.7 18.5
    endloop
  endfacet
  facet normal 0 1 0
    outer loop
      vertex -7.9837325142375875 -3.7 21.920951775601598
      vertex -6 -3.7 24.5
      vertex -6 -3.7 18.5
    endloop
  endfacet
  facet normal 0 -1 0
    outer loop
      vertex -9 -5.1 20.4
      vertex -6 -5.1 18.5
      vertex -8.579048224398406 -5.1 20.483732514237584
    endloop
  endfacet
  facet normal 0 -1 0
    outer loop
      vertex -8.579048224398406 -5.1 20.483732514237584
      vertex -6 -5.1 18.5
      vertex -8.222182540694803 -5.1 20.722182540694796
    endloop
  endfacet
  facet normal 0 -1 0
    outer loop
      vertex -8.222182540694803 -5.1 20.722182540694796
      vertex -6 -5.1 18.5
      vertex -7.9837325142375875 -5.1 21.079048224398402
    endloop
  endfacet
  facet normal 0 -1 0
    outer loop
      vertex -7.9837325142375875 -5.1 21.079048224398402
      vertex -6 -5.1 18.5
      vertex -6 -5.1 24.5
    endloop
  endfacet
  facet normal 0 -1 0
    outer loop
      vertex -7.9837325142375875 -5.1 21.079048224398402
      vertex -6 -5.1 24.5
      vertex -7.900000000000006 -5.1 21.5
    endloop
  endfacet
  facet normal 0 0 1
    outer loop
      vertex -16 -5.1 24.5
      vertex -6 -5.1 24.5
      vertex -6 -3.7 24.5
    endloop
  endfacet
  facet normal 0 1 0
    outer loop
      vertex -9 -3.7 22.6
      vertex -6 -3.7 24.5
      vertex -8.579048224398406 -3.7 22.516267485762416
    endloop
  endfacet
  facet normal 0 1 0
    outer loop
      vertex -8.579048224398406 -3.7 22.516267485762416
      vertex -6 -3.7 24.5
      vertex -8.222182540694803 -3.7 22.277817459305204
    endloop
  endfacet
  facet normal 0 1 0
    outer loop
      vertex -7.9837325142375875 -3.7 21.920951775601598
      vertex -8.222182540694803 -3.7 22.277817459305204
      vertex -6 -3.7 24.5
    endloop
  endfacet
  facet normal 0 -1 0
    outer loop
      vertex -8.579048224398406 -5.1 22.516267485762416
      vertex -8.222182540694803 -5.1 22.277817459305204
      vertex -6 -5.1 24.5
    endloop
  endfacet
  facet normal 0 -1 0
    outer loop
      vertex -7.900000000000006 -5.1 21.5
      vertex -6 -5.1 24.5
      vertex -7.9837325142375875 -5.1 21.920951775601598
    endloop
  endfacet
  facet normal 0 -1 0
    outer loop
      vertex -7.9837325142375875 -5.1 21.920951775601598
      vertex -6 -5.1 24.5
      vertex -8.222182540694803 -5.1 22.277817459305204
    endloop
  endfacet
  facet normal -0.8314696123025551 0 -0.5555702330195876
    outer loop
      vertex 5.809969989563143 0.7 14.086857856486919
      vertex 5.700961894323342 0.69 14.25
      vertex 5.700961894323342 0.7 14.25
    endloop
  endfacet
  facet normal -0.8314696123025551 0 -0.5555702330195875
    outer loop
      vertex 5.809969989563143 0.7 14.086857856486919
      vertex 5.809969989563143 -1.11 14.086857856486919
      vertex 5.700961894323342 0.69 14.25
    endloop
  endfacet
  facet normal -0.3214394653031718 0 -0.9469301294951021
    outer loop
      vertex 6.4259748514523665 0.7 13.614180701233071
      vertex 6.611771432346217 0.7 13.551111260566397
      vertex 6.4259748514523665 0.69 13.614180701233071
    endloop
  endfacet
  facet normal -0.32143946530317186 0 -0.9469301294951022
    outer loop
      vertex 6.4259748514523665 0.69 13.614180701233071
      vertex 6.611771432346217 0.7 13.551111260566397
      vertex 6.611771432346217 -1.11 13.551111260566397
    endloop
  endfacet
  facet normal 0.0654031292301486 0 -0.9978589232386031
    outer loop
      vertex 7 0.7 13.5
      vertex 7.195789288330076 0.7 13.512832707939285
      vertex 7.195789288330076 -1.1 13.512832707939285
    endloop
  endfacet
  facet normal 0.19509032201611928 0 -0.9807852804032322
    outer loop
      vertex 7.195789288330076 0.7 13.512832707939285
      vertex 7.388228567653783 0.7 13.551111260566397
      vertex 7.388228567653783 -1.1 13.551111260566397
    endloop
  endfacet
  facet normal -0.4422886902189947 0 -0.8968727415326916
    outer loop
      vertex 6.4259748514523665 0.69 13.614180701233071
      vertex 6.4259748514523665 -1.11 13.614180701233071
      vertex 6.25 -1.11 13.700961894323342
    endloop
  endfacet
  facet normal 0.0654031292301486 0 -0.997858923238603
    outer loop
      vertex 7 0.7 13.5
      vertex 7.195789288330076 -1.1 13.512832707939285
      vertex 7 -1.11 13.5
    endloop
  endfacet
  facet normal 0.9807852804032248 0 -0.1950903220161576
    outer loop
      vertex 8.487167292060718 0.7 14.804210711669922
      vertex 8.487167292060718 0.69 14.804210711669922
      vertex 8.448888739433599 -1.11 14.611771432346218
    endloop
  endfacet
  facet normal 0.6593458151000949 0 -0.7518398074789545
    outer loop
      vertex 7.913142143513085 0.7 13.809969989563147
      vertex 8.060660171779816 -1.1 13.939339828220179
      vertex 7.913142143513085 -1.11 13.809969989563147
    endloop
  endfacet
  facet normal 0.1950903220161193 0 -0.9807852804032323
    outer loop
      vertex 7.195789288330076 -1.1 13.512832707939285
      vertex 7.388228567653783 -1.11 13.551111260566397
      vertex 7.195789288330076 -1.11 13.512832707939285
    endloop
  endfacet
  facet normal 0.6593458151000949 0 -0.7518398074789545
    outer loop
      vertex 7.913142143513085 -1.11 13.809969989563147
      vertex 8.060660171779816 -1.1 13.939339828220179
      vertex 8.060660171779816 -1.11 13.939339828220179
    endloop
  endfacet
  facet normal -0.9957315404769123 0.06526369319719529 0.06526369319719526
    outer loop
      vertex 5.5 0.7 15
      vertex 5.5 -0.20000000000000007 15.9
      vertex 5.512832707939282 0.7 15.195789288330078
    endloop
  endfacet
  facet normal -0.9626372481397681 0.19148045395535057 0.1914804539553505
    outer loop
      vertex 5.512832707939282 0.7 15.195789288330078
      vertex 5.512832707939282 -0.20000000000000007 16.095789288330078
      vertex 5.551111260566401 0.7 15.388228567653782
    endloop
  endfacet
  facet normal -0.9015016676749784 0.3060185804646777 0.3060185804646776
    outer loop
      vertex 5.551111260566401 0.7 15.388228567653782
      vertex 5.614180701233067 -0.20000000000000007 16.474025148547636
      vertex 5.614180701233067 0.7 15.574025148547635
    endloop
  endfacet
  facet normal -0.8202275813215869 0.40449148003347335 0.4044914800334732
    outer loop
      vertex 5.614180701233067 0.7 15.574025148547635
      vertex 5.614180701233067 -0.20000000000000007 16.474025148547636
      vertex 5.700961894323342 0.7 15.75
    endloop
  endfacet
  facet normal -0.7268306825413476 0.48565273545841275 0.4856527354584136
    outer loop
      vertex 5.700961894323342 0.7 15.75
      vertex 5.809969989563143 -0.20000000000000007 16.81314214351308
      vertex 5.809969989563143 0.7 15.913142143513081
    endloop
  endfacet
  facet normal -0.9957315404769123 0.06526369319719527 0.06526369319719526
    outer loop
      vertex 5.512832707939282 0.7 15.195789288330078
      vertex 5.5 -0.20000000000000007 15.9
      vertex 5.512832707939282 -0.20000000000000007 16.095789288330078
    endloop
  endfacet
  facet normal -0.9626372481397681 0.19148045395535057 0.1914804539553505
    outer loop
      vertex 5.551111260566401 0.7 15.388228567653782
      vertex 5.512832707939282 -0.20000000000000007 16.095789288330078
      vertex 5.551111260566401 -0.20000000000000007 16.288228567653782
    endloop
  endfacet
  facet normal -1 0 0
    outer loop
      vertex 5.5 0.7 15
      vertex 5.5 -1.11 15
      vertex 5.5 -0.20000000000000007 15.9
    endloop
  endfacet
  facet normal -0.9015016676749782 0.30601858046467784 0.3060185804646777
    outer loop
      vertex 5.551111260566401 0.7 15.388228567653782
      vertex 5.551111260566401 -0.20000000000000007 16.288228567653782
      vertex 5.614180701233067 -0.20000000000000007 16.474025148547636
    endloop
  endfacet
  facet normal -0.8202275813215846 0.4044914800334755 0.4044914800334762
    outer loop
      vertex 5.700961894323342 0.7 15.75
      vertex 5.614180701233067 -0.20000000000000007 16.474025148547636
      vertex 5.700961894323342 -0.20000000000000007 16.65
    endloop
  endfacet
  facet normal -0.7268306825413476 0.4856527354584126 0.4856527354584134
    outer loop
      vertex 5.700961894323342 0.7 15.75
      vertex 5.700961894323342 -0.20000000000000007 16.65
      vertex 5.809969989563143 -0.20000000000000007 16.81314214351308
    endloop
  endfacet
  facet normal -0.6276812878400048 0.5504617156967013 0.5504617156967022
    outer loop
      vertex 5.809969989563143 0.7 15.913142143513081
      vertex 5.809969989563143 -0.20000000000000007 16.81314214351308
      vertex 5.939339828220184 -0.20000000000000007 16.96066017177982
    endloop
  endfacet
  facet normal -0.9978589232386044 0 0.06540312923012997
    outer loop
      vertex 5.5 -0.20000000000000007 15.9
      vertex 5.5 -0.21000000000000008 15.9
      vertex 5.512832707939282 -0.21000000000000008 16.095789288330078
    endloop
  endfacet
  facet normal -0.9978589232386044 0 0.06540312923012997
    outer loop
      vertex 5.5 -0.20000000000000007 15.9
      vertex 5.512832707939282 -0.21000000000000008 16.095789288330078
      vertex 5.512832707939282 -0.20000000000000007 16.095789288330078
    endloop
  endfacet
  facet normal -0.9807852804032248 0 0.1950903220161576
    outer loop
      vertex 5.512832707939282 -0.20000000000000007 16.095789288330078
      vertex 5.512832707939282 -0.21000000000000008 16.095789288330078
      vertex 5.551111260566401 -0.21000000000000008 16.288228567653782
    endloop
  endfacet
  facet normal -0.9807852804032248 0 0.1950903220161576
    outer loop
      vertex 5.512832707939282 -0.20000000000000007 16.095789288330078
      vertex 5.551111260566401 -0.21000000000000008 16.288228567653782
      vertex 5.551111260566401 -0.20000000000000007 16.288228567653782
    endloop
  endfacet
  facet normal -0.946930129495115 0 0.32143946530313383
    outer loop
      vertex 5.551111260566401 -0.20000000000000007 16.288228567653782
      vertex 5.551111260566401 -0.21000000000000008 16.288228567653782
      vertex 5.614180701233067 -0.21000000000000008 16.474025148547636
    endloop
  endfacet
  facet normal -0.946930129495115 0 0.32143946530313383
    outer loop
      vertex 5.551111260566401 -0.20000000000000007 16.288228567653782
      vertex 5.614180701233067 -0.21000000000000008 16.474025148547636
      vertex 5.614180701233067 -0.20000000000000007 16.474025148547636
    endloop
  endfacet
  facet normal -0.8968727415326809 0 0.44228869021901646
    outer loop
      vertex 5.614180701233067 -0.20000000000000007 16.474025148547636
      vertex 5.614180701233067 -0.21000000000000008 16.474025148547636
      vertex 5.700961894323342 -0.21000000000000008 16.65
    endloop
  endfacet
  facet normal -0.8968727415326809 0 0.44228869021901646
    outer loop
      vertex 5.614180701233067 -0.20000000000000007 16.474025148547636
      vertex 5.700961894323342 -0.21000000000000008 16.65
      vertex 5.700961894323342 -0.20000000000000007 16.65
    endloop
  endfacet
  facet normal -0.8314696123025551 0 0.5555702330195876
    outer loop
      vertex 5.700961894323342 -0.20000000000000007 16.65
      vertex 5.700961894323342 -0.21000000000000008 16.65
      vertex 5.809969989563143 -0.20000000000000007 16.81314214351308
    endloop
  endfacet
  facet normal -0.8314696123025551 0 0.5555702330195876
    outer loop
      vertex 5.700961894323342 -0.21000000000000008 16.65
      vertex 5.809969989563143 -0.21000000000000008 16.81314214351308
      vertex 5.809969989563143 -0.20000000000000007 16.81314214351308
    endloop
  endfacet
  facet normal -0.7518398074789557 0 0.6593458151000936
    outer loop
      vertex 5.809969989563143 -0.20000000000000007 16.81314214351308
      vertex 5.809969989563143 -0.21000000000000008 16.81314214351308
      vertex 5.939339828220184 -0.21000000000000008 16.96066017177982
    endloop
  endfacet
  facet normal -1 0 0
    outer loop
      vertex 5.5 -0.20000000000000007 15.9
      vertex 5.5 -1.11 15
      vertex 5.5 -0.21000000000000008 15.9
    endloop
  endfacet
  facet normal -0.9957315404769123 -0.06526369319719529 0.06526369319719526
    outer loop
      vertex 5.5 -0.21000000000000008 15.9
      vertex 5.5 -1.11 15
      vertex 5.512832707939282 -0.21000000000000008 16.095789288330078
    endloop
  endfacet
  facet normal -0.9626372481397681 -0.19148045395535057 0.1914804539553505
    outer loop
      vertex 5.512832707939282 -0.21000000000000008 16.095789288330078
      vertex 5.551111260566401 -1.11 15.388228567653782
      vertex 5.551111260566401 -0.21000000000000008 16.288228567653782
    endloop
  endfacet
  facet normal -0.9015016676749784 -0.3060185804646777 0.3060185804646776
    outer loop
      vertex 5.551111260566401 -0.21000000000000008 16.288228567653782
      vertex 5.551111260566401 -1.11 15.388228567653782
      vertex 5.614180701233067 -0.21000000000000008 16.474025148547636
    endloop
  endfacet
  facet normal -0.8202275813215846 -0.4044914800334755 0.4044914800334762
    outer loop
      vertex 5.614180701233067 -0.21000000000000008 16.474025148547636
      vertex 5.700961894323342 -1.11 15.75
      vertex 5.700961894323342 -0.21000000000000008 16.65
    endloop
  endfacet
  facet normal -0.7268306825413476 -0.48565273545841275 0.4856527354584136
    outer loop
      vertex 5.700961894323342 -0.21000000000000008 16.65
      vertex 5.809969989563143 -1.11 15.913142143513081
      vertex 5.809969989563143 -0.21000000000000008 16.81314214351308
    endloop
  endfacet
  facet normal -0.6276812878400047 0.5504617156967014 0.5504617156967023
    outer loop
      vertex 5.809969989563143 0.7 15.913142143513081
      vertex 5.939339828220184 -0.20000000000000007 16.96066017177982
      vertex 5.939339828220184 0.7 16.060660171779823
    endloop
  endfacet
  facet normal -0.5270108797571383 0.6009407344395975 0.6009407344395985
    outer loop
      vertex 5.939339828220184 0.7 16.060660171779823
      vertex 5.939339828220184 -0.20000000000000007 16.96066017177982
      vertex 6.086857856486915 0.7 16.190030010436853
    endloop
  endfacet
  facet normal -0.4271921742351334 0.6393382697259168 0.6393382697259178
    outer loop
      vertex 6.086857856486915 0.7 16.190030010436853
      vertex 6.25 -0.20000000000000007 17.199038105676657
      vertex 6.25 0.7 16.299038105676658
    endloop
  endfacet
  facet normal -0.3292621015793094 0.667677492680253 0.6676774926802514
    outer loop
      vertex 6.25 0.7 16.299038105676658
      vertex 6.4259748514523665 -0.20000000000000007 17.28581929876693
      vertex 6.4259748514523665 0.7 16.38581929876693
    endloop
  endfacet
  facet normal -0.2334009104768749 0.6875769102393435 0.6875769102393445
    outer loop
      vertex 6.4259748514523665 0.7 16.38581929876693
      vertex 6.611771432346217 -0.20000000000000007 17.3488887394336
      vertex 6.611771432346217 0.7 16.448888739433603
    endloop
  endfacet
  facet normal -0.13928132531714701 0.7002145072825532 0.7002145072825543
    outer loop
      vertex 6.611771432346217 0.7 16.448888739433603
      vertex 6.611771432346217 -0.20000000000000007 17.3488887394336
      vertex 6.804210711669924 0.7 16.487167292060715
    endloop
  endfacet
  facet normal -0.04629653184614319 0.7063485793639772 0.7063485793639783
    outer loop
      vertex 6.804210711669924 0.7 16.487167292060715
      vertex 7 -0.20000000000000007 17.4
      vertex 7 0.7 16.5
    endloop
  endfacet
  facet normal 0.04629653184614319 0.7063485793639772 0.7063485793639783
    outer loop
      vertex 7 0.7 16.5
      vertex 7 -0.20000000000000007 17.4
      vertex 7.195789288330076 0.7 16.487167292060715
    endloop
  endfacet
  facet normal 0.13928132531714701 0.7002145072825532 0.7002145072825543
    outer loop
      vertex 7.195789288330076 0.7 16.487167292060715
      vertex 7.388228567653783 -0.20000000000000007 17.3488887394336
      vertex 7.388228567653783 0.7 16.448888739433603
    endloop
  endfacet
  facet normal 0.23340091047687445 0.6875769102393449 0.6875769102393432
    outer loop
      vertex 7.388228567653783 0.7 16.448888739433603
      vertex 7.5740251485476335 -0.20000000000000007 17.28581929876693
      vertex 7.5740251485476335 0.7 16.38581929876693
    endloop
  endfacet
  facet normal 0.32926210157931 0.6676774926802516 0.6676774926802526
    outer loop
      vertex 7.5740251485476335 0.7 16.38581929876693
      vertex 7.75 -0.20000000000000007 17.199038105676657
      vertex 7.75 0.7 16.299038105676658
    endloop
  endfacet
  facet normal 0.4271921742351334 0.6393382697259168 0.6393382697259178
    outer loop
      vertex 7.75 0.7 16.299038105676658
      vertex 7.75 -0.20000000000000007 17.199038105676657
      vertex 7.913142143513085 0.7 16.190030010436853
    endloop
  endfacet
  facet normal 0.5270108797571383 0.6009407344395975 0.6009407344395985
    outer loop
      vertex 8.060660171779816 0.7 16.060660171779823
      vertex 7.913142143513085 0.7 16.190030010436853
      vertex 8.060660171779816 -0.20000000000000007 16.96066017177982
    endloop
  endfacet
  facet normal 0.6276812878400047 0.5504617156967014 0.5504617156967023
    outer loop
      vertex 8.060660171779816 0.7 16.060660171779823
      vertex 8.060660171779816 -0.20000000000000007 16.96066017177982
      vertex 8.190030010436857 0.7 15.913142143513081
    endloop
  endfacet
  facet normal 0.9957315404769123 0.06526369319719529 0.06526369319719526
    outer loop
      vertex 8.5 0.7 15
      vertex 8.487167292060718 0.7 15.195789288330078
      vertex 8.5 -0.20000000000000007 15.9
    endloop
  endfacet
  facet normal 0.8202275813215869 0.40449148003347335 0.4044914800334732
    outer loop
      vertex 8.385819298766933 0.7 15.574025148547635
      vertex 8.299038105676658 0.7 15.75
      vertex 8.385819298766933 -0.20000000000000007 16.474025148547636
    endloop
  endfacet
  facet normal 0.9626372481397681 0.19148045395535057 0.1914804539553505
    outer loop
      vertex 8.487167292060718 0.7 15.195789288330078
      vertex 8.448888739433599 0.7 15.388228567653782
      vertex 8.487167292060718 -0.20000000000000007 16.095789288330078
    endloop
  endfacet
  facet normal 0.9015016676749784 0.3060185804646777 0.3060185804646776
    outer loop
      vertex 8.448888739433599 0.7 15.388228567653782
      vertex 8.385819298766933 0.7 15.574025148547635
      vertex 8.385819298766933 -0.20000000000000007 16.474025148547636
    endloop
  endfacet
  facet normal 0.7268306825413476 0.48565273545841275 0.4856527354584136
    outer loop
      vertex 8.299038105676658 0.7 15.75
      vertex 8.190030010436857 0.7 15.913142143513081
      vertex 8.190030010436857 -0.20000000000000007 16.81314214351308
    endloop
  endfacet
  facet normal -0.5270108797571383 0.6009407344395976 0.6009407344395986
    outer loop
      vertex 6.086857856486915 0.7 16.190030010436853
      vertex 5.939339828220184 -0.20000000000000007 16.96066017177982
      vertex 6.086857856486915 -0.20000000000000007 17.090030010436852
    endloop
  endfacet
  facet normal -0.4271921742351335 0.6393382697259167 0.6393382697259178
    outer loop
      vertex 6.086857856486915 0.7 16.190030010436853
      vertex 6.086857856486915 -0.20000000000000007 17.090030010436852
      vertex 6.25 -0.20000000000000007 17.199038105676657
    endloop
  endfacet
  facet normal -0.6276812878400047 -0.5504617156967014 0.5504617156967023
    outer loop
      vertex 5.809969989563143 -0.21000000000000008 16.81314214351308
      vertex 5.939339828220184 -1.11 16.060660171779823
      vertex 5.939339828220184 -0.21000000000000008 16.96066017177982
    endloop
  endfacet
  facet normal -0.5270108797571383 -0.6009407344395976 0.6009407344395985
    outer loop
      vertex 5.939339828220184 -0.21000000000000008 16.96066017177982
      vertex 6.086857856486915 -1.11 16.190030010436853
      vertex 6.086857856486915 -0.21000000000000008 17.090030010436852
    endloop
  endfacet
  facet normal -0.4271921742351334 -0.6393382697259168 0.6393382697259178
    outer loop
      vertex 6.086857856486915 -0.21000000000000008 17.090030010436852
      vertex 6.25 -1.11 16.299038105676658
      vertex 6.25 -0.21000000000000008 17.199038105676657
    endloop
  endfacet
  facet normal -0.3292621015793223 0.6676774926802486 0.6676774926802497
    outer loop
      vertex 6.25 0.7 16.299038105676658
      vertex 6.25 -0.20000000000000007 17.199038105676657
      vertex 6.4259748514523665 -0.20000000000000007 17.28581929876693
    endloop
  endfacet
  facet normal -0.23340091047686204 0.687576910239347 0.6875769102393454
    outer loop
      vertex 6.4259748514523665 0.7 16.38581929876693
      vertex 6.4259748514523665 -0.20000000000000007 17.28581929876693
      vertex 6.611771432346217 -0.20000000000000007 17.3488887394336
    endloop
  endfacet
  facet normal -0.7518398074789557 0 0.6593458151000936
    outer loop
      vertex 5.809969989563143 -0.20000000000000007 16.81314214351308
      vertex 5.939339828220184 -0.21000000000000008 16.96066017177982
      vertex 5.939339828220184 -0.20000000000000007 16.96066017177982
    endloop
  endfacet
  facet normal -0.6593458151000898 0 0.7518398074789591
    outer loop
      vertex 5.939339828220184 -0.20000000000000007 16.96066017177982
      vertex 5.939339828220184 -0.21000000000000008 16.96066017177982
      vertex 6.086857856486915 -0.21000000000000008 17.090030010436852
    endloop
  endfacet
  facet normal -0.6593458151000898 0 0.7518398074789591
    outer loop
      vertex 5.939339828220184 -0.20000000000000007 16.96066017177982
      vertex 6.086857856486915 -0.21000000000000008 17.090030010436852
      vertex 6.086857856486915 -0.20000000000000007 17.090030010436852
    endloop
  endfacet
  facet normal -0.5555702330195917 0 0.8314696123025522
    outer loop
      vertex 6.086857856486915 -0.20000000000000007 17.090030010436852
      vertex 6.086857856486915 -0.21000000000000008 17.090030010436852
      vertex 6.25 -0.20000000000000007 17.199038105676657
    endloop
  endfacet
  facet normal -0.5555702330195917 0 0.8314696123025522
    outer loop
      vertex 6.086857856486915 -0.21000000000000008 17.090030010436852
      vertex 6.25 -0.21000000000000008 17.199038105676657
      vertex 6.25 -0.20000000000000007 17.199038105676657
    endloop
  endfacet
  facet normal -0.4422886902190092 0 0.8968727415326844
    outer loop
      vertex 6.25 -0.20000000000000007 17.199038105676657
      vertex 6.25 -0.21000000000000008 17.199038105676657
      vertex 6.4259748514523665 -0.20000000000000007 17.28581929876693
    endloop
  endfacet
  facet normal -0.4422886902190092 0 0.8968727415326844
    outer loop
      vertex 6.25 -0.21000000000000008 17.199038105676657
      vertex 6.4259748514523665 -0.21000000000000008 17.28581929876693
      vertex 6.4259748514523665 -0.20000000000000007 17.28581929876693
    endloop
  endfacet
  facet normal -0.3214394653031556 0 0.9469301294951076
    outer loop
      vertex 6.4259748514523665 -0.20000000000000007 17.28581929876693
      vertex 6.4259748514523665 -0.21000000000000008 17.28581929876693
      vertex 6.611771432346217 -0.21000000000000008 17.3488887394336
    endloop
  endfacet
  facet normal -0.3214394653031556 0 0.9469301294951076
    outer loop
      vertex 6.4259748514523665 -0.20000000000000007 17.28581929876693
      vertex 6.611771432346217 -0.21000000000000008 17.3488887394336
      vertex 6.611771432346217 -0.20000000000000007 17.3488887394336
    endloop
  endfacet
  facet normal -0.1392813253171594 0.7002145072825533 0.7002145072825516
    outer loop
      vertex 6.804210711669924 0.7 16.487167292060715
      vertex 6.611771432346217 -0.20000000000000007 17.3488887394336
      vertex 6.804210711669924 -0.20000000000000007 17.387167292060717
    endloop
  endfacet
  facet normal -0.04629653184613022 0.7063485793639789 0.7063485793639772
    outer loop
      vertex 6.804210711669924 0.7 16.487167292060715
      vertex 6.804210711669924 -0.20000000000000007 17.387167292060717
      vertex 7 -0.20000000000000007 17.4
    endloop
  endfacet
  facet normal 0.04629653184613022 0.7063485793639789 0.7063485793639772
    outer loop
      vertex 7.195789288330076 0.7 16.487167292060715
      vertex 7 -0.20000000000000007 17.4
      vertex 7.195789288330076 -0.20000000000000007 17.387167292060717
    endloop
  endfacet
  facet normal 0.1392813253171594 0.7002145072825533 0.7002145072825516
    outer loop
      vertex 7.195789288330076 0.7 16.487167292060715
      vertex 7.195789288330076 -0.20000000000000007 17.387167292060717
      vertex 7.388228567653783 -0.20000000000000007 17.3488887394336
    endloop
  endfacet
  facet normal -0.1950903220161367 0 0.9807852804032289
    outer loop
      vertex 6.611771432346217 -0.20000000000000007 17.3488887394336
      vertex 6.611771432346217 -0.21000000000000008 17.3488887394336
      vertex 6.804210711669924 -0.20000000000000007 17.387167292060717
    endloop
  endfacet
  facet normal -0.1950903220161367 0 0.9807852804032289
    outer loop
      vertex 6.611771432346217 -0.21000000000000008 17.3488887394336
      vertex 6.804210711669924 -0.21000000000000008 17.387167292060717
      vertex 6.804210711669924 -0.20000000000000007 17.387167292060717
    endloop
  endfacet
  facet normal -0.06540312923013057 0 0.9978589232386044
    outer loop
      vertex 6.804210711669924 -0.20000000000000007 17.387167292060717
      vertex 6.804210711669924 -0.21000000000000008 17.387167292060717
      vertex 7 -0.20000000000000007 17.4
    endloop
  endfacet
  facet normal -0.06540312923013057 0 0.9978589232386044
    outer loop
      vertex 6.804210711669924 -0.21000000000000008 17.387167292060717
      vertex 7 -0.21000000000000008 17.4
      vertex 7 -0.20000000000000007 17.4
    endloop
  endfacet
  facet normal 0.06540312923013057 0 0.9978589232386044
    outer loop
      vertex 7 -0.20000000000000007 17.4
      vertex 7 -0.21000000000000008 17.4
      vertex 7.195789288330076 -0.20000000000000007 17.387167292060717
    endloop
  endfacet
  facet normal 0.06540312923013057 0 0.9978589232386044
    outer loop
      vertex 7 -0.21000000000000008 17.4
      vertex 7.195789288330076 -0.21000000000000008 17.387167292060717
      vertex 7.195789288330076 -0.20000000000000007 17.387167292060717
    endloop
  endfacet
  facet normal 0.1950903220161367 0 0.9807852804032289
    outer loop
      vertex 7.388228567653783 -0.20000000000000007 17.3488887394336
      vertex 7.195789288330076 -0.20000000000000007 17.387167292060717
      vertex 7.195789288330076 -0.21000000000000008 17.387167292060717
    endloop
  endfacet
  facet normal 0.1950903220161367 0 0.9807852804032289
    outer loop
      vertex 7.388228567653783 -0.20000000000000007 17.3488887394336
      vertex 7.195789288330076 -0.21000000000000008 17.387167292060717
      vertex 7.388228567653783 -0.21000000000000008 17.3488887394336
    endloop
  endfacet
  facet normal -0.3292621015793214 -0.6676774926802501 0.6676774926802485
    outer loop
      vertex 6.25 -0.21000000000000008 17.199038105676657
      vertex 6.4259748514523665 -1.11 16.38581929876693
      vertex 6.4259748514523665 -0.21000000000000008 17.28581929876693
    endloop
  endfacet
  facet normal -0.23340091047686204 -0.687576910239347 0.6875769102393454
    outer loop
      vertex 6.4259748514523665 -0.21000000000000008 17.28581929876693
      vertex 6.4259748514523665 -1.11 16.38581929876693
      vertex 6.611771432346217 -0.21000000000000008 17.3488887394336
    endloop
  endfacet
  facet normal -0.1392813253171597 -0.700214507282552 0.7002145072825531
    outer loop
      vertex 6.611771432346217 -0.21000000000000008 17.3488887394336
      vertex 6.611771432346217 -1.11 16.448888739433603
      vertex 6.804210711669924 -0.21000000000000008 17.387167292060717
    endloop
  endfacet
  facet normal -0.046296531846130404 -0.7063485793639775 0.7063485793639787
    outer loop
      vertex 6.804210711669924 -0.21000000000000008 17.387167292060717
      vertex 7 -1.11 16.5
      vertex 7 -0.21000000000000008 17.4
    endloop
  endfacet
  facet normal 0.046296531846130314 -0.7063485793639789 0.7063485793639772
    outer loop
      vertex 7 -0.21000000000000008 17.4
      vertex 7.195789288330076 -1.11 16.487167292060715
      vertex 7.195789288330076 -0.21000000000000008 17.387167292060717
    endloop
  endfacet
  facet normal 0.1392813253171594 -0.7002145072825533 0.7002145072825516
    outer loop
      vertex 7.388228567653783 -0.21000000000000008 17.3488887394336
      vertex 7.195789288330076 -0.21000000000000008 17.387167292060717
      vertex 7.195789288330076 -1.11 16.487167292060715
    endloop
  endfacet
  facet normal 0.4271921742351335 0.6393382697259167 0.6393382697259178
    outer loop
      vertex 7.913142143513085 0.7 16.190030010436853
      vertex 7.75 -0.20000000000000007 17.199038105676657
      vertex 7.913142143513085 -0.20000000000000007 17.090030010436852
    endloop
  endfacet
  facet normal 0.5270108797571383 0.6009407344395976 0.6009407344395986
    outer loop
      vertex 7.913142143513085 0.7 16.190030010436853
      vertex 7.913142143513085 -0.20000000000000007 17.090030010436852
      vertex 8.060660171779816 -0.20000000000000007 16.96066017177982
    endloop
  endfacet
  facet normal 0.6276812878400048 0.5504617156967013 0.5504617156967022
    outer loop
      vertex 8.190030010436857 0.7 15.913142143513081
      vertex 8.060660171779816 -0.20000000000000007 16.96066017177982
      vertex 8.190030010436857 -0.20000000000000007 16.81314214351308
    endloop
  endfacet
  facet normal 0.7518398074789557 0 0.6593458151000936
    outer loop
      vertex 8.060660171779816 -0.20000000000000007 16.96066017177982
      vertex 8.190030010436857 -0.21000000000000008 16.81314214351308
      vertex 8.190030010436857 -0.20000000000000007 16.81314214351308
    endloop
  endfacet
  facet normal 0.9957315404769123 0.06526369319719527 0.06526369319719526
    outer loop
      vertex 8.487167292060718 0.7 15.195789288330078
      vertex 8.487167292060718 -0.20000000000000007 16.095789288330078
      vertex 8.5 -0.20000000000000007 15.9
    endloop
  endfacet
  facet normal 0.9626372481397681 0.19148045395535057 0.1914804539553505
    outer loop
      vertex 8.448888739433599 0.7 15.388228567653782
      vertex 8.448888739433599 -0.20000000000000007 16.288228567653782
      vertex 8.487167292060718 -0.20000000000000007 16.095789288330078
    endloop
  endfacet
  facet normal 1 0 0
    outer loop
      vertex 8.5 0.7 15
      vertex 8.5 -0.20000000000000007 15.9
      vertex 8.5 -1.11 15
    endloop
  endfacet
  facet normal 0.7268306825413476 0.4856527354584126 0.4856527354584134
    outer loop
      vertex 8.299038105676658 0.7 15.75
      vertex 8.190030010436857 -0.20000000000000007 16.81314214351308
      vertex 8.299038105676658 -0.20000000000000007 16.65
    endloop
  endfacet
  facet normal 0.8202275813215846 0.4044914800334755 0.4044914800334762
    outer loop
      vertex 8.299038105676658 0.7 15.75
      vertex 8.299038105676658 -0.20000000000000007 16.65
      vertex 8.385819298766933 -0.20000000000000007 16.474025148547636
    endloop
  endfacet
  facet normal 0.9015016676749782 0.30601858046467784 0.3060185804646777
    outer loop
      vertex 8.448888739433599 0.7 15.388228567653782
      vertex 8.385819298766933 -0.20000000000000007 16.474025148547636
      vertex 8.448888739433599 -0.20000000000000007 16.288228567653782
    endloop
  endfacet
  facet normal 0.9978589232386044 0 0.06540312923012997
    outer loop
      vertex 8.5 -0.20000000000000007 15.9
      vertex 8.487167292060718 -0.21000000000000008 16.095789288330078
      vertex 8.5 -0.21000000000000008 15.9
    endloop
  endfacet
  facet normal 0.9978589232386044 0 0.06540312923012997
    outer loop
      vertex 8.5 -0.20000000000000007 15.9
      vertex 8.487167292060718 -0.20000000000000007 16.095789288330078
      vertex 8.487167292060718 -0.21000000000000008 16.095789288330078
    endloop
  endfacet
  facet normal 0.9807852804032248 0 0.1950903220161576
    outer loop
      vertex 8.487167292060718 -0.20000000000000007 16.095789288330078
      vertex 8.448888739433599 -0.20000000000000007 16.288228567653782
      vertex 8.487167292060718 -0.21000000000000008 16.095789288330078
    endloop
  endfacet
  facet normal 0.9807852804032248 0 0.1950903220161576
    outer loop
      vertex 8.487167292060718 -0.21000000000000008 16.095789288330078
      vertex 8.448888739433599 -0.20000000000000007 16.288228567653782
      vertex 8.448888739433599 -0.21000000000000008 16.288228567653782
    endloop
  endfacet
  facet normal 0.946930129495115 0 0.32143946530313383
    outer loop
      vertex 8.448888739433599 -0.20000000000000007 16.288228567653782
      vertex 8.385819298766933 -0.20000000000000007 16.474025148547636
      vertex 8.448888739433599 -0.21000000000000008 16.288228567653782
    endloop
  endfacet
  facet normal 0.8968727415326809 0 0.44228869021901646
    outer loop
      vertex 8.385819298766933 -0.21000000000000008 16.474025148547636
      vertex 8.299038105676658 -0.20000000000000007 16.65
      vertex 8.299038105676658 -0.21000000000000008 16.65
    endloop
  endfacet
  facet normal 0.8968727415326809 0 0.44228869021901646
    outer loop
      vertex 8.385819298766933 -0.20000000000000007 16.474025148547636
      vertex 8.299038105676658 -0.20000000000000007 16.65
      vertex 8.385819298766933 -0.21000000000000008 16.474025148547636
    endloop
  endfacet
  facet normal 0.8314696123025551 0 0.5555702330195876
    outer loop
      vertex 8.299038105676658 -0.20000000000000007 16.65
      vertex 8.190030010436857 -0.21000000000000008 16.81314214351308
      vertex 8.299038105676658 -0.21000000000000008 16.65
    endloop
  endfacet
  facet normal 0.8314696123025551 0 0.5555702330195876
    outer loop
      vertex 8.299038105676658 -0.20000000000000007 16.65
      vertex 8.190030010436857 -0.20000000000000007 16.81314214351308
      vertex 8.190030010436857 -0.21000000000000008 16.81314214351308
    endloop
  endfacet
  facet normal 0.946930129495115 0 0.32143946530313383
    outer loop
      vertex 8.448888739433599 -0.21000000000000008 16.288228567653782
      vertex 8.385819298766933 -0.20000000000000007 16.474025148547636
      vertex 8.385819298766933 -0.21000000000000008 16.474025148547636
    endloop
  endfacet
  facet normal 0.4271921742351334 -0.6393382697259168 0.6393382697259178
    outer loop
      vertex 7.75 -0.21000000000000008 17.199038105676657
      vertex 7.75 -1.11 16.299038105676658
      vertex 7.913142143513085 -0.21000000000000008 17.090030010436852
    endloop
  endfacet
  facet normal 0.5270108797571383 -0.6009407344395976 0.6009407344395985
    outer loop
      vertex 8.060660171779816 -0.21000000000000008 16.96066017177982
      vertex 7.913142143513085 -0.21000000000000008 17.090030010436852
      vertex 7.913142143513085 -1.11 16.190030010436853
    endloop
  endfacet
  facet normal 0.6276812878400047 -0.5504617156967014 0.5504617156967023
    outer loop
      vertex 8.060660171779816 -0.21000000000000008 16.96066017177982
      vertex 8.190030010436857 -1.11 15.913142143513081
      vertex 8.190030010436857 -0.21000000000000008 16.81314214351308
    endloop
  endfacet
  facet normal 1 0 0
    outer loop
      vertex 8.5 -0.20000000000000007 15.9
      vertex 8.5 -0.21000000000000008 15.9
      vertex 8.5 -1.11 15
    endloop
  endfacet
  facet normal 0.9957315404769123 -0.06526369319719529 0.06526369319719526
    outer loop
      vertex 8.5 -0.21000000000000008 15.9
      vertex 8.487167292060718 -0.21000000000000008 16.095789288330078
      vertex 8.5 -1.11 15
    endloop
  endfacet
  facet normal 0.9626372481397681 -0.19148045395535057 0.1914804539553505
    outer loop
      vertex 8.487167292060718 -0.21000000000000008 16.095789288330078
      vertex 8.448888739433599 -0.21000000000000008 16.288228567653782
      vertex 8.448888739433599 -1.11 15.388228567653782
    endloop
  endfacet
  facet normal 0.7268306825413476 -0.48565273545841275 0.4856527354584136
    outer loop
      vertex 8.299038105676658 -0.21000000000000008 16.65
      vertex 8.190030010436857 -0.21000000000000008 16.81314214351308
      vertex 8.299038105676658 -1.11 15.75
    endloop
  endfacet
  facet normal 0.8202275813215846 -0.4044914800334755 0.4044914800334762
    outer loop
      vertex 8.385819298766933 -0.21000000000000008 16.474025148547636
      vertex 8.299038105676658 -0.21000000000000008 16.65
      vertex 8.299038105676658 -1.11 15.75
    endloop
  endfacet
  facet normal 0.9015016676749784 -0.3060185804646777 0.3060185804646776
    outer loop
      vertex 8.448888739433599 -0.21000000000000008 16.288228567653782
      vertex 8.385819298766933 -0.21000000000000008 16.474025148547636
      vertex 8.448888739433599 -1.11 15.388228567653782
    endloop
  endfacet
  facet normal 0.23340091047686246 0.6875769102393456 0.6875769102393466
    outer loop
      vertex 7.388228567653783 0.7 16.448888739433603
      vertex 7.388228567653783 -0.20000000000000007 17.3488887394336
      vertex 7.5740251485476335 -0.20000000000000007 17.28581929876693
    endloop
  endfacet
  facet normal 0.3292621015793213 0.6676774926802501 0.6676774926802486
    outer loop
      vertex 7.5740251485476335 0.7 16.38581929876693
      vertex 7.5740251485476335 -0.20000000000000007 17.28581929876693
      vertex 7.75 -0.20000000000000007 17.199038105676657
    endloop
  endfacet
  facet normal 0.3214394653031556 0 0.9469301294951076
    outer loop
      vertex 7.388228567653783 -0.20000000000000007 17.3488887394336
      vertex 7.388228567653783 -0.21000000000000008 17.3488887394336
      vertex 7.5740251485476335 -0.20000000000000007 17.28581929876693
    endloop
  endfacet
  facet normal 0.3214394653031556 0 0.9469301294951076
    outer loop
      vertex 7.388228567653783 -0.21000000000000008 17.3488887394336
      vertex 7.5740251485476335 -0.21000000000000008 17.28581929876693
      vertex 7.5740251485476335 -0.20000000000000007 17.28581929876693
    endloop
  endfacet
  facet normal 0.4422886902190092 0 0.8968727415326844
    outer loop
      vertex 7.5740251485476335 -0.20000000000000007 17.28581929876693
      vertex 7.5740251485476335 -0.21000000000000008 17.28581929876693
      vertex 7.75 -0.20000000000000007 17.199038105676657
    endloop
  endfacet
  facet normal 0.4422886902190092 0 0.8968727415326844
    outer loop
      vertex 7.5740251485476335 -0.21000000000000008 17.28581929876693
      vertex 7.75 -0.21000000000000008 17.199038105676657
      vertex 7.75 -0.20000000000000007 17.199038105676657
    endloop
  endfacet
  facet normal 0.5555702330195917 0 0.8314696123025522
    outer loop
      vertex 7.75 -0.20000000000000007 17.199038105676657
      vertex 7.75 -0.21000000000000008 17.199038105676657
      vertex 7.913142143513085 -0.21000000000000008 17.090030010436852
    endloop
  endfacet
  facet normal 0.6593458151000898 0 0.7518398074789591
    outer loop
      vertex 8.060660171779816 -0.21000000000000008 16.96066017177982
      vertex 7.913142143513085 -0.20000000000000007 17.090030010436852
      vertex 7.913142143513085 -0.21000000000000008 17.090030010436852
    endloop
  endfacet
  facet normal 0.6593458151000898 0 0.7518398074789591
    outer loop
      vertex 8.060660171779816 -0.20000000000000007 16.96066017177982
      vertex 7.913142143513085 -0.20000000000000007 17.090030010436852
      vertex 8.060660171779816 -0.21000000000000008 16.96066017177982
    endloop
  endfacet
  facet normal 0.5555702330195917 0 0.8314696123025522
    outer loop
      vertex 7.75 -0.20000000000000007 17.199038105676657
      vertex 7.913142143513085 -0.21000000000000008 17.090030010436852
      vertex 7.913142143513085 -0.20000000000000007 17.090030010436852
    endloop
  endfacet
  facet normal 0.7518398074789557 0 0.6593458151000936
    outer loop
      vertex 8.060660171779816 -0.20000000000000007 16.96066017177982
      vertex 8.060660171779816 -0.21000000000000008 16.96066017177982
      vertex 8.190030010436857 -0.21000000000000008 16.81314214351308
    endloop
  endfacet
  facet normal 0.233400910476862 -0.6875769102393471 0.6875769102393453
    outer loop
      vertex 7.388228567653783 -0.21000000000000008 17.3488887394336
      vertex 7.5740251485476335 -1.11 16.38581929876693
      vertex 7.5740251485476335 -0.21000000000000008 17.28581929876693
    endloop
  endfacet
  facet normal 0.329262101579322 -0.6676774926802487 0.6676774926802497
    outer loop
      vertex 7.5740251485476335 -0.21000000000000008 17.28581929876693
      vertex 7.75 -1.11 16.299038105676658
      vertex 7.75 -0.21000000000000008 17.199038105676657
    endloop
  endfacet
  facet normal -0.9957315404769123 -0.06526369319719531 0.06526369319719529
    outer loop
      vertex 5.512832707939282 -0.21000000000000008 16.095789288330078
      vertex 5.5 -1.11 15
      vertex 5.512832707939282 -1.11 15.195789288330078
    endloop
  endfacet
  facet normal -0.9626372481397681 -0.19148045395535057 0.1914804539553505
    outer loop
      vertex 5.512832707939282 -0.21000000000000008 16.095789288330078
      vertex 5.512832707939282 -1.11 15.195789288330078
      vertex 5.551111260566401 -1.11 15.388228567653782
    endloop
  endfacet
  facet normal -0.9015016676749782 -0.30601858046467784 0.3060185804646777
    outer loop
      vertex 5.614180701233067 -0.21000000000000008 16.474025148547636
      vertex 5.551111260566401 -1.11 15.388228567653782
      vertex 5.614180701233067 -1.11 15.574025148547635
    endloop
  endfacet
  facet normal -0.8202275813215871 -0.4044914800334733 0.4044914800334731
    outer loop
      vertex 5.614180701233067 -0.21000000000000008 16.474025148547636
      vertex 5.614180701233067 -1.11 15.574025148547635
      vertex 5.700961894323342 -1.11 15.75
    endloop
  endfacet
  facet normal -0.7268306825413476 -0.4856527354584126 0.4856527354584134
    outer loop
      vertex 5.700961894323342 -0.21000000000000008 16.65
      vertex 5.700961894323342 -1.11 15.75
      vertex 5.809969989563143 -1.11 15.913142143513081
    endloop
  endfacet
  facet normal -0.6276812878400044 -0.5504617156967015 0.5504617156967023
    outer loop
      vertex 5.809969989563143 -0.21000000000000008 16.81314214351308
      vertex 5.809969989563143 -1.11 15.913142143513081
      vertex 5.939339828220184 -1.11 16.060660171779823
    endloop
  endfacet
  facet normal -0.5270108797571383 -0.6009407344395976 0.6009407344395986
    outer loop
      vertex 5.939339828220184 -0.21000000000000008 16.96066017177982
      vertex 5.939339828220184 -1.11 16.060660171779823
      vertex 6.086857856486915 -1.11 16.190030010436853
    endloop
  endfacet
  facet normal -0.4271921742351331 -0.6393382697259168 0.6393382697259179
    outer loop
      vertex 6.086857856486915 -0.21000000000000008 17.090030010436852
      vertex 6.086857856486915 -1.11 16.190030010436853
      vertex 6.25 -1.11 16.299038105676658
    endloop
  endfacet
  facet normal -0.32926210157930974 -0.6676774926802517 0.6676774926802527
    outer loop
      vertex 6.25 -0.21000000000000008 17.199038105676657
      vertex 6.25 -1.11 16.299038105676658
      vertex 6.4259748514523665 -1.11 16.38581929876693
    endloop
  endfacet
  facet normal -0.23340091047687495 -0.6875769102393434 0.6875769102393445
    outer loop
      vertex 6.611771432346217 -0.21000000000000008 17.3488887394336
      vertex 6.4259748514523665 -1.11 16.38581929876693
      vertex 6.611771432346217 -1.11 16.448888739433603
    endloop
  endfacet
  facet normal -0.13928132531714663 -0.7002145072825546 0.700214507282553
    outer loop
      vertex 6.804210711669924 -0.21000000000000008 17.387167292060717
      vertex 6.611771432346217 -1.11 16.448888739433603
      vertex 6.804210711669924 -1.11 16.487167292060715
    endloop
  endfacet
  facet normal -0.0462965318461431 -0.7063485793639785 0.7063485793639769
    outer loop
      vertex 6.804210711669924 -0.21000000000000008 17.387167292060717
      vertex 6.804210711669924 -1.11 16.487167292060715
      vertex 7 -1.11 16.5
    endloop
  endfacet
  facet normal 0.04629653184614319 -0.7063485793639772 0.7063485793639783
    outer loop
      vertex 7 -0.21000000000000008 17.4
      vertex 7 -1.11 16.5
      vertex 7.195789288330076 -1.11 16.487167292060715
    endloop
  endfacet
  facet normal 0.13928132531714693 -0.7002145072825532 0.7002145072825543
    outer loop
      vertex 7.388228567653783 -0.21000000000000008 17.3488887394336
      vertex 7.195789288330076 -1.11 16.487167292060715
      vertex 7.388228567653783 -1.11 16.448888739433603
    endloop
  endfacet
  facet normal 0.23340091047687495 -0.6875769102393434 0.6875769102393445
    outer loop
      vertex 7.388228567653783 -0.21000000000000008 17.3488887394336
      vertex 7.388228567653783 -1.11 16.448888739433603
      vertex 7.5740251485476335 -1.11 16.38581929876693
    endloop
  endfacet
  facet normal 0.3292621015793096 -0.667677492680253 0.6676774926802514
    outer loop
      vertex 7.5740251485476335 -0.21000000000000008 17.28581929876693
      vertex 7.5740251485476335 -1.11 16.38581929876693
      vertex 7.75 -1.11 16.299038105676658
    endloop
  endfacet
  facet normal 0.5270108797571383 -0.6009407344395976 0.6009407344395986
    outer loop
      vertex 8.060660171779816 -0.21000000000000008 16.96066017177982
      vertex 7.913142143513085 -1.11 16.190030010436853
      vertex 8.060660171779816 -1.11 16.060660171779823
    endloop
  endfacet
  facet normal 0.6276812878400048 -0.5504617156967013 0.5504617156967022
    outer loop
      vertex 8.060660171779816 -0.21000000000000008 16.96066017177982
      vertex 8.060660171779816 -1.11 16.060660171779823
      vertex 8.190030010436857 -1.11 15.913142143513081
    endloop
  endfacet
  facet normal 0.4271921742351331 -0.6393382697259168 0.6393382697259179
    outer loop
      vertex 7.913142143513085 -0.21000000000000008 17.090030010436852
      vertex 7.75 -1.11 16.299038105676658
      vertex 7.913142143513085 -1.11 16.190030010436853
    endloop
  endfacet
  facet normal 0.9957315404769123 -0.06526369319719531 0.06526369319719529
    outer loop
      vertex 8.487167292060718 -0.21000000000000008 16.095789288330078
      vertex 8.487167292060718 -1.11 15.195789288330078
      vertex 8.5 -1.11 15
    endloop
  endfacet
  facet normal 0.8202275813215871 -0.4044914800334733 0.4044914800334731
    outer loop
      vertex 8.385819298766933 -0.21000000000000008 16.474025148547636
      vertex 8.299038105676658 -1.11 15.75
      vertex 8.385819298766933 -1.11 15.574025148547635
    endloop
  endfacet
  facet normal 0.9626372481397681 -0.19148045395535057 0.1914804539553505
    outer loop
      vertex 8.487167292060718 -0.21000000000000008 16.095789288330078
      vertex 8.448888739433599 -1.11 15.388228567653782
      vertex 8.487167292060718 -1.11 15.195789288330078
    endloop
  endfacet
  facet normal 0.9015016676749782 -0.30601858046467784 0.3060185804646777
    outer loop
      vertex 8.385819298766933 -0.21000000000000008 16.474025148547636
      vertex 8.385819298766933 -1.11 15.574025148547635
      vertex 8.448888739433599 -1.11 15.388228567653782
    endloop
  endfacet
  facet normal 0.7268306825413476 -0.4856527354584126 0.4856527354584134
    outer loop
      vertex 8.190030010436857 -0.21000000000000008 16.81314214351308
      vertex 8.190030010436857 -1.11 15.913142143513081
      vertex 8.299038105676658 -1.11 15.75
    endloop
  endfacet
  facet normal -0.5026456305085362 0.8474871156920921 -0.17062519997519268
    outer loop
      vertex 6.323851921597651 1.2 14.818826668428235
      vertex 5.628962773753244 0.71 14.432097786370207
      vertex 5.5665660737870155 0.71 14.615912537067858
    endloop
  endfacet
  facet normal -0.5206164851092441 0.8474871156920908 -0.10355705754991842
    outer loop
      vertex 6.305988597038336 1.2 14.908631665445965
      vertex 5.5665660737870155 0.71 14.615912537067858
      vertex 5.528695825721272 0.71 14.806299130745444
    endloop
  endfacet
  facet normal -0.5296794473075603 0.8474871156920878 -0.03471702515860191
    outer loop
      vertex 5.528695825721272 0.71 14.806299130745444
      vertex 5.516000000000005 0.71 15
      vertex 6.299999999999997 1.2 15
    endloop
  endfacet
  facet normal -0.29490554938496355 0.8474871156920891 -0.44135734465153786
    outer loop
      vertex 6.257999999999996 0.71 13.714818300783893
      vertex 6.096598039351065 0.71 13.822663643007807
      vertex 6.573866999693891 1.2 14.444652661796136
    endloop
  endfacet
  facet normal -0.23477389792260078 0.8474871156920915 -0.47607436981014606
    outer loop
      vertex 6.257999999999996 0.71 13.714818300783893
      vertex 6.650000000000006 1.2 14.393782217350893
      vertex 6.432097786370207 0.71 13.628962773753251
    endloop
  endfacet
  facet normal -0.1706251999751954 0.8474871156920895 -0.5026456305085396
    outer loop
      vertex 6.432097786370207 0.71 13.628962773753251
      vertex 6.732121597344431 1.2 14.353284327242099
      vertex 6.615912537067857 0.71 13.566566073787023
    endloop
  endfacet
  facet normal -0.4413573446515131 0.8474871156920952 -0.2949055493849831
    outer loop
      vertex 6.393782217350889 1.2 14.65
      vertex 6.444652661796141 1.2 14.573866999693896
      vertex 5.8226636430078 0.71 14.096598039351058
    endloop
  endfacet
  facet normal -0.5296794473075537 0.8474871156920907 -0.0347170251586359
    outer loop
      vertex 6.305988597038336 1.2 14.908631665445965
      vertex 5.528695825721272 0.71 14.806299130745444
      vertex 6.299999999999997 1.2 15
    endloop
  endfacet
  facet normal -0.47607436981013745 0.8474871156920909 -0.23477389792262032
    outer loop
      vertex 6.393782217350889 1.2 14.65
      vertex 5.7148183007838895 0.71 14.258
      vertex 6.353284327242093 1.2 14.732121597344436
    endloop
  endfacet
  facet normal -0.5026456305085495 0.8474871156920897 -0.17062519997516604
    outer loop
      vertex 6.353284327242093 1.2 14.732121597344436
      vertex 5.628962773753244 0.71 14.432097786370207
      vertex 6.323851921597651 1.2 14.818826668428235
    endloop
  endfacet
  facet normal -0.5206164851092414 0.8474871156920915 -0.10355705754992656
    outer loop
      vertex 6.323851921597651 1.2 14.818826668428235
      vertex 5.5665660737870155 0.71 14.615912537067858
      vertex 6.305988597038336 1.2 14.908631665445965
    endloop
  endfacet
  facet normal -0.34999128513407224 0.8474871156920875 -0.3990885729585689
    outer loop
      vertex 6.573866999693891 1.2 14.444652661796136
      vertex 6.096598039351065 0.71 13.822663643007807
      vertex 6.505025253169421 1.2 14.505025253169416
    endloop
  endfacet
  facet normal -0.39908857295858996 0.8474871156920923 -0.3499912851340365
    outer loop
      vertex 6.505025253169421 1.2 14.505025253169416
      vertex 5.950653536719159 0.71 13.950653536719162
      vertex 6.444652661796141 1.2 14.573866999693896
    endloop
  endfacet
  facet normal -0.2949055493849207 0.8474871156920931 -0.4413573446515586
    outer loop
      vertex 6.257999999999996 0.71 13.714818300783893
      vertex 6.573866999693891 1.2 14.444652661796136
      vertex 6.650000000000006 1.2 14.393782217350893
    endloop
  endfacet
  facet normal -0.2347738979226386 0.8474871156920882 -0.4760743698101334
    outer loop
      vertex 6.432097786370207 0.71 13.628962773753251
      vertex 6.650000000000006 1.2 14.393782217350893
      vertex 6.732121597344431 1.2 14.353284327242099
    endloop
  endfacet
  facet normal 0 1 0
    outer loop
      vertex 6.353284327242093 1.2 14.732121597344436
      vertex 6.323851921597651 1.2 14.818826668428235
      vertex 6.353284327242093 1.2 15.267878402655564
    endloop
  endfacet
  facet normal 0 1 0
    outer loop
      vertex 6.323851921597651 1.2 14.818826668428235
      vertex 6.305988597038336 1.2 14.908631665445965
      vertex 6.323851921597651 1.2 15.181173331571765
    endloop
  endfacet
  facet normal 0 1 0
    outer loop
      vertex 6.393782217350889 1.2 14.65
      vertex 6.353284327242093 1.2 14.732121597344436
      vertex 6.393782217350889 1.2 15.35
    endloop
  endfacet
  facet normal 0 1 0
    outer loop
      vertex 6.393782217350889 1.2 14.65
      vertex 6.444652661796141 1.2 15.426133000306104
      vertex 6.444652661796141 1.2 14.573866999693896
    endloop
  endfacet
  facet normal 0 1 0
    outer loop
      vertex 6.505025253169421 1.2 14.505025253169416
      vertex 6.444652661796141 1.2 14.573866999693896
      vertex 6.505025253169421 1.2 15.494974746830584
    endloop
  endfacet
  facet normal 0 1 0
    outer loop
      vertex 6.573866999693891 1.2 14.444652661796136
      vertex 6.505025253169421 1.2 14.505025253169416
      vertex 6.573866999693891 1.2 15.555347338203864
    endloop
  endfacet
  facet normal 0 1 0
    outer loop
      vertex 6.650000000000006 1.2 14.393782217350893
      vertex 6.573866999693891 1.2 14.444652661796136
      vertex 6.650000000000006 1.2 15.606217782649107
    endloop
  endfacet
  facet normal -0.476074369810142 0.8474871156920902 -0.2347738979226135
    outer loop
      vertex 6.353284327242093 1.2 14.732121597344436
      vertex 5.7148183007838895 0.71 14.258
      vertex 5.628962773753244 0.71 14.432097786370207
    endloop
  endfacet
  facet normal -0.44135734465154913 0.8474871156920907 -0.2949055493849418
    outer loop
      vertex 6.393782217350889 1.2 14.65
      vertex 5.8226636430078 0.71 14.096598039351058
      vertex 5.7148183007838895 0.71 14.258
    endloop
  endfacet
  facet normal -0.3990885729585785 0.8474871156920937 -0.34999128513404637
    outer loop
      vertex 6.444652661796141 1.2 14.573866999693896
      vertex 5.950653536719159 0.71 13.950653536719162
      vertex 5.8226636430078 0.71 14.096598039351058
    endloop
  endfacet
  facet normal -0.3499912851340285 0.8474871156920917 -0.39908857295859834
    outer loop
      vertex 6.505025253169421 1.2 14.505025253169416
      vertex 6.096598039351065 0.71 13.822663643007807
      vertex 5.950653536719159 0.71 13.950653536719162
    endloop
  endfacet
  facet normal -0.10355705754994858 0.847487115692091 -0.5206164851092377
    outer loop
      vertex 6.806299130745444 0.71 13.528695825721265
      vertex 6.81882666842823 1.2 14.323851921597653
      vertex 6.9086316654459665 1.2 14.305988597038333
    endloop
  endfacet
  facet normal -0.03471702515859555 0.8474871156920908 -0.5296794473075562
    outer loop
      vertex 6.9086316654459665 1.2 14.305988597038333
      vertex 7 1.2 14.3
      vertex 7 0.71 13.516
    endloop
  endfacet
  facet normal 0.03471702515859567 0.8474871156920906 -0.5296794473075563
    outer loop
      vertex 7.193700869254556 0.71 13.528695825721265
      vertex 7 1.2 14.3
      vertex 7.0913683345540335 1.2 14.305988597038333
    endloop
  endfacet
  facet normal -0.10355705754995512 0.8474871156920905 -0.5206164851092373
    outer loop
      vertex 6.615912537067857 0.71 13.566566073787023
      vertex 6.81882666842823 1.2 14.323851921597653
      vertex 6.806299130745444 0.71 13.528695825721265
    endloop
  endfacet
  facet normal -0.03471702515859678 0.8474871156920907 -0.5296794473075563
    outer loop
      vertex 6.806299130745444 0.71 13.528695825721265
      vertex 6.9086316654459665 1.2 14.305988597038333
      vertex 7 0.71 13.516
    endloop
  endfacet
  facet normal 0.03471702515859677 0.8474871156920907 -0.5296794473075562
    outer loop
      vertex 7 0.71 13.516
      vertex 7 1.2 14.3
      vertex 7.193700869254556 0.71 13.528695825721265
    endloop
  endfacet
  facet normal 0.10355705754995498 0.8474871156920908 -0.5206164851092366
    outer loop
      vertex 7.193700869254556 0.71 13.528695825721265
      vertex 7.0913683345540335 1.2 14.305988597038333
      vertex 7.384087462932143 0.71 13.566566073787023
    endloop
  endfacet
  facet normal 0.1706251999751951 0.8474871156920902 -0.5026456305085387
    outer loop
      vertex 7.384087462932143 0.71 13.566566073787023
      vertex 7.18117333157177 1.2 14.323851921597653
      vertex 7.567902213629793 0.71 13.628962773753251
    endloop
  endfacet
  facet normal -0.1706251999751839 0.8474871156920906 -0.5026456305085418
    outer loop
      vertex 6.615912537067857 0.71 13.566566073787023
      vertex 6.732121597344431 1.2 14.353284327242099
      vertex 6.81882666842823 1.2 14.323851921597653
    endloop
  endfacet
  facet normal 0 1 0
    outer loop
      vertex 6.650000000000006 1.2 14.393782217350893
      vertex 6.732121597344431 1.2 15.646715672757901
      vertex 6.732121597344431 1.2 14.353284327242099
    endloop
  endfacet
  facet normal 0 1 0
    outer loop
      vertex 6.732121597344431 1.2 14.353284327242099
      vertex 6.81882666842823 1.2 15.676148078402347
      vertex 6.81882666842823 1.2 14.323851921597653
    endloop
  endfacet
  facet normal 0 1 0
    outer loop
      vertex 6.81882666842823 1.2 14.323851921597653
      vertex 6.9086316654459665 1.2 15.694011402961667
      vertex 6.9086316654459665 1.2 14.305988597038333
    endloop
  endfacet
  facet normal 0 1 0
    outer loop
      vertex 6.9086316654459665 1.2 14.305988597038333
      vertex 7 1.2 15.7
      vertex 7 1.2 14.3
    endloop
  endfacet
  facet normal 0.1035570575499488 0.8474871156920901 -0.5206164851092389
    outer loop
      vertex 7.384087462932143 0.71 13.566566073787023
      vertex 7.0913683345540335 1.2 14.305988597038333
      vertex 7.18117333157177 1.2 14.323851921597653
    endloop
  endfacet
  facet normal 0.17062519997518463 0.8474871156920893 -0.5026456305085437
    outer loop
      vertex 7.567902213629793 0.71 13.628962773753251
      vertex 7.18117333157177 1.2 14.323851921597653
      vertex 7.267878402655569 1.2 14.353284327242099
    endloop
  endfacet
  facet normal 0 1 0
    outer loop
      vertex 7 1.2 14.3
      vertex 7.0913683345540335 1.2 15.694011402961667
      vertex 7.0913683345540335 1.2 14.305988597038333
    endloop
  endfacet
  facet normal 0 1 0
    outer loop
      vertex 7.0913683345540335 1.2 14.305988597038333
      vertex 7.18117333157177 1.2 15.676148078402347
      vertex 7.18117333157177 1.2 14.323851921597653
    endloop
  endfacet
  facet normal 0 1 0
    outer loop
      vertex 7.18117333157177 1.2 14.323851921597653
      vertex 7.267878402655569 1.2 15.646715672757901
      vertex 7.267878402655569 1.2 14.353284327242099
    endloop
  endfacet
  facet normal 0 1 0
    outer loop
      vertex 7.267878402655569 1.2 14.353284327242099
      vertex 7.349999999999994 1.2 15.606217782649107
      vertex 7.349999999999994 1.2 14.393782217350893
    endloop
  endfacet
  facet normal 0 1 0
    outer loop
      vertex 7.349999999999994 1.2 14.393782217350893
      vertex 7.426133000306109 1.2 15.555347338203864
      vertex 7.426133000306109 1.2 14.444652661796136
    endloop
  endfacet
  facet normal 0.23477389792260225 0.8474871156920895 -0.476074369810149
    outer loop
      vertex 7.567902213629793 0.71 13.628962773753251
      vertex 7.267878402655569 1.2 14.353284327242099
      vertex 7.742000000000004 0.71 13.714818300783893
    endloop
  endfacet
  facet normal 0.29490554938496133 0.8474871156920917 -0.4413573446515346
    outer loop
      vertex 7.742000000000004 0.71 13.714818300783893
      vertex 7.349999999999994 1.2 14.393782217350893
      vertex 7.903401960648935 0.71 13.822663643007807
    endloop
  endfacet
  facet normal 0.23477389792263537 0.8474871156920926 -0.476074369810127
    outer loop
      vertex 7.742000000000004 0.71 13.714818300783893
      vertex 7.267878402655569 1.2 14.353284327242099
      vertex 7.349999999999994 1.2 14.393782217350893
    endloop
  endfacet
  facet normal 0.2949055493849256 0.8474871156920877 -0.44135734465156595
    outer loop
      vertex 7.349999999999994 1.2 14.393782217350893
      vertex 7.426133000306109 1.2 14.444652661796136
      vertex 7.903401960648935 0.71 13.822663643007807
    endloop
  endfacet
  facet normal 0.3499912851340661 0.8474871156920932 -0.3990885729585619
    outer loop
      vertex 7.426133000306109 1.2 14.444652661796136
      vertex 7.494974746830579 1.2 14.505025253169416
      vertex 8.049346463280841 0.71 13.950653536719162
    endloop
  endfacet
  facet normal 0.39908857295858796 0.8474871156920939 -0.3499912851340347
    outer loop
      vertex 7.494974746830579 1.2 14.505025253169416
      vertex 7.555347338203859 1.2 14.573866999693896
      vertex 8.1773363569922 0.71 14.096598039351058
    endloop
  endfacet
  facet normal 0.44135734465152116 0.8474871156920892 -0.2949055493849885
    outer loop
      vertex 7.555347338203859 1.2 14.573866999693896
      vertex 7.606217782649111 1.2 14.65
      vertex 8.28518169921611 0.71 14.258
    endloop
  endfacet
  facet normal 0 1 0
    outer loop
      vertex 7.426133000306109 1.2 14.444652661796136
      vertex 7.494974746830579 1.2 15.494974746830584
      vertex 7.494974746830579 1.2 14.505025253169416
    endloop
  endfacet
  facet normal 0 1 0
    outer loop
      vertex 7.494974746830579 1.2 14.505025253169416
      vertex 7.555347338203859 1.2 15.426133000306104
      vertex 7.555347338203859 1.2 14.573866999693896
    endloop
  endfacet
  facet normal 0 1 0
    outer loop
      vertex 7.555347338203859 1.2 14.573866999693896
      vertex 7.606217782649111 1.2 15.35
      vertex 7.606217782649111 1.2 14.65
    endloop
  endfacet
  facet normal 0 1 0
    outer loop
      vertex 7.606217782649111 1.2 14.65
      vertex 7.646715672757907 1.2 15.267878402655564
      vertex 7.646715672757907 1.2 14.732121597344436
    endloop
  endfacet
  facet normal 0 1 0
    outer loop
      vertex 7.646715672757907 1.2 14.732121597344436
      vertex 7.676148078402349 1.2 15.181173331571765
      vertex 7.676148078402349 1.2 14.818826668428235
    endloop
  endfacet
  facet normal 0 1 0
    outer loop
      vertex 7.676148078402349 1.2 14.818826668428235
      vertex 7.694011402961664 1.2 15.091368334554035
      vertex 7.694011402961664 1.2 14.908631665445965
    endloop
  endfacet
  facet normal 0.4760743698101388 0.84748711569209 -0.234773897922621
    outer loop
      vertex 7.606217782649111 1.2 14.65
      vertex 7.646715672757907 1.2 14.732121597344436
      vertex 8.371037226246756 0.71 14.432097786370207
    endloop
  endfacet
  facet normal 0.5026456305085444 0.847487115692093 -0.17062519997516432
    outer loop
      vertex 7.646715672757907 1.2 14.732121597344436
      vertex 7.676148078402349 1.2 14.818826668428235
      vertex 8.433433926212984 0.71 14.615912537067858
    endloop
  endfacet
  facet normal 0.5206164851092429 0.8474871156920906 -0.10355705754992685
    outer loop
      vertex 7.676148078402349 1.2 14.818826668428235
      vertex 7.694011402961664 1.2 14.908631665445965
      vertex 8.471304174278728 0.71 14.806299130745444
    endloop
  endfacet
  facet normal 0.5296794473075599 0.8474871156920868 -0.03471702515863631
    outer loop
      vertex 7.694011402961664 1.2 14.908631665445965
      vertex 7.700000000000003 1.2 15
      vertex 8.483999999999995 0.71 15
    endloop
  endfacet
  facet normal 0.3499912851340315 0.8474871156920889 -0.39908857295860173
    outer loop
      vertex 7.426133000306109 1.2 14.444652661796136
      vertex 8.049346463280841 0.71 13.950653536719162
      vertex 7.903401960648935 0.71 13.822663643007807
    endloop
  endfacet
  facet normal 0.3990885729585796 0.8474871156920927 -0.3499912851340475
    outer loop
      vertex 7.494974746830579 1.2 14.505025253169416
      vertex 8.1773363569922 0.71 14.096598039351058
      vertex 8.049346463280841 0.71 13.950653536719162
    endloop
  endfacet
  facet normal 0.44135734465154536 0.8474871156920936 -0.2949055493849393
    outer loop
      vertex 7.555347338203859 1.2 14.573866999693896
      vertex 8.28518169921611 0.71 14.258
      vertex 8.1773363569922 0.71 14.096598039351058
    endloop
  endfacet
  facet normal 0.4760743698101415 0.8474871156920907 -0.2347738979226129
    outer loop
      vertex 7.606217782649111 1.2 14.65
      vertex 8.371037226246756 0.71 14.432097786370207
      vertex 8.28518169921611 0.71 14.258
    endloop
  endfacet
  facet normal 0.5026456305085386 0.8474871156920905 -0.17062519997519346
    outer loop
      vertex 7.646715672757907 1.2 14.732121597344436
      vertex 8.433433926212984 0.71 14.615912537067858
      vertex 8.371037226246756 0.71 14.432097786370207
    endloop
  endfacet
  facet normal 0.5206164851092434 0.8474871156920911 -0.10355705754991829
    outer loop
      vertex 7.676148078402349 1.2 14.818826668428235
      vertex 8.471304174278728 0.71 14.806299130745444
      vertex 8.433433926212984 0.71 14.615912537067858
    endloop
  endfacet
  facet normal 0.5296794473075574 0.8474871156920896 -0.03471702515860179
    outer loop
      vertex 7.694011402961664 1.2 14.908631665445965
      vertex 8.483999999999995 0.71 15
      vertex 8.471304174278728 0.71 14.806299130745444
    endloop
  endfacet
  facet normal -0.5296794473075574 0.8474871156920896 0.03471702515860179
    outer loop
      vertex 6.305988597038336 1.2 15.091368334554035
      vertex 5.516000000000005 0.71 15
      vertex 5.528695825721272 0.71 15.193700869254556
    endloop
  endfacet
  facet normal -0.5206164851092434 0.8474871156920911 0.10355705754991829
    outer loop
      vertex 6.323851921597651 1.2 15.181173331571765
      vertex 5.528695825721272 0.71 15.193700869254556
      vertex 5.5665660737870155 0.71 15.384087462932142
    endloop
  endfacet
  facet normal -0.5026456305085386 0.8474871156920905 0.17062519997519346
    outer loop
      vertex 6.353284327242093 1.2 15.267878402655564
      vertex 5.5665660737870155 0.71 15.384087462932142
      vertex 5.628962773753244 0.71 15.567902213629793
    endloop
  endfacet
  facet normal -0.5296794473075598 0.8474871156920868 0.034717025158636304
    outer loop
      vertex 6.299999999999997 1.2 15
      vertex 5.516000000000005 0.71 15
      vertex 6.305988597038336 1.2 15.091368334554035
    endloop
  endfacet
  facet normal -0.5206164851092429 0.8474871156920906 0.10355705754992685
    outer loop
      vertex 6.305988597038336 1.2 15.091368334554035
      vertex 5.528695825721272 0.71 15.193700869254556
      vertex 6.323851921597651 1.2 15.181173331571765
    endloop
  endfacet
  facet normal -0.5026456305085445 0.8474871156920929 0.17062519997516434
    outer loop
      vertex 6.323851921597651 1.2 15.181173331571765
      vertex 5.5665660737870155 0.71 15.384087462932142
      vertex 6.353284327242093 1.2 15.267878402655564
    endloop
  endfacet
  facet normal -0.4760743698101388 0.84748711569209 0.234773897922621
    outer loop
      vertex 6.353284327242093 1.2 15.267878402655564
      vertex 5.628962773753244 0.71 15.567902213629793
      vertex 6.393782217350889 1.2 15.35
    endloop
  endfacet
  facet normal -0.44135734465152116 0.8474871156920892 0.2949055493849885
    outer loop
      vertex 6.393782217350889 1.2 15.35
      vertex 5.7148183007838895 0.71 15.742
      vertex 6.444652661796141 1.2 15.426133000306104
    endloop
  endfacet
  facet normal 0 1 0
    outer loop
      vertex 6.305988597038336 1.2 14.908631665445965
      vertex 6.299999999999997 1.2 15
      vertex 6.305988597038336 1.2 15.091368334554035
    endloop
  endfacet
  facet normal 0 1 0
    outer loop
      vertex 6.305988597038336 1.2 14.908631665445965
      vertex 6.305988597038336 1.2 15.091368334554035
      vertex 6.323851921597651 1.2 15.181173331571765
    endloop
  endfacet
  facet normal 0 1 0
    outer loop
      vertex 6.323851921597651 1.2 14.818826668428235
      vertex 6.323851921597651 1.2 15.181173331571765
      vertex 6.353284327242093 1.2 15.267878402655564
    endloop
  endfacet
  facet normal 0 1 0
    outer loop
      vertex 6.353284327242093 1.2 14.732121597344436
      vertex 6.353284327242093 1.2 15.267878402655564
      vertex 6.393782217350889 1.2 15.35
    endloop
  endfacet
  facet normal 0 1 0
    outer loop
      vertex 6.393782217350889 1.2 14.65
      vertex 6.393782217350889 1.2 15.35
      vertex 6.444652661796141 1.2 15.426133000306104
    endloop
  endfacet
  facet normal 0 1 0
    outer loop
      vertex 6.444652661796141 1.2 14.573866999693896
      vertex 6.444652661796141 1.2 15.426133000306104
      vertex 6.505025253169421 1.2 15.494974746830584
    endloop
  endfacet
  facet normal 0 1 0
    outer loop
      vertex 6.505025253169421 1.2 14.505025253169416
      vertex 6.505025253169421 1.2 15.494974746830584
      vertex 6.573866999693891 1.2 15.555347338203864
    endloop
  endfacet
  facet normal 0 1 0
    outer loop
      vertex 6.573866999693891 1.2 14.444652661796136
      vertex 6.573866999693891 1.2 15.555347338203864
      vertex 6.650000000000006 1.2 15.606217782649107
    endloop
  endfacet
  facet normal -0.39908857295858796 0.8474871156920939 0.3499912851340347
    outer loop
      vertex 6.444652661796141 1.2 15.426133000306104
      vertex 5.8226636430078 0.71 15.903401960648942
      vertex 6.505025253169421 1.2 15.494974746830584
    endloop
  endfacet
  facet normal -0.3499912851340661 0.8474871156920932 0.3990885729585619
    outer loop
      vertex 6.505025253169421 1.2 15.494974746830584
      vertex 5.950653536719159 0.71 16.049346463280838
      vertex 6.573866999693891 1.2 15.555347338203864
    endloop
  endfacet
  facet normal -0.2949055493849256 0.8474871156920877 0.44135734465156595
    outer loop
      vertex 6.573866999693891 1.2 15.555347338203864
      vertex 6.096598039351065 0.71 16.177336356992193
      vertex 6.650000000000006 1.2 15.606217782649107
    endloop
  endfacet
  facet normal -0.2347738979226353 0.8474871156920927 0.4760743698101269
    outer loop
      vertex 6.650000000000006 1.2 15.606217782649107
      vertex 6.257999999999996 0.71 16.285181699216107
      vertex 6.732121597344431 1.2 15.646715672757901
    endloop
  endfacet
  facet normal -0.4760743698101415 0.8474871156920907 0.2347738979226129
    outer loop
      vertex 6.393782217350889 1.2 15.35
      vertex 5.628962773753244 0.71 15.567902213629793
      vertex 5.7148183007838895 0.71 15.742
    endloop
  endfacet
  facet normal -0.44135734465154536 0.8474871156920936 0.2949055493849393
    outer loop
      vertex 6.444652661796141 1.2 15.426133000306104
      vertex 5.7148183007838895 0.71 15.742
      vertex 5.8226636430078 0.71 15.903401960648942
    endloop
  endfacet
  facet normal -0.3990885729585796 0.8474871156920927 0.3499912851340475
    outer loop
      vertex 6.505025253169421 1.2 15.494974746830584
      vertex 5.8226636430078 0.71 15.903401960648942
      vertex 5.950653536719159 0.71 16.049346463280838
    endloop
  endfacet
  facet normal -0.3499912851340315 0.8474871156920889 0.39908857295860173
    outer loop
      vertex 6.573866999693891 1.2 15.555347338203864
      vertex 5.950653536719159 0.71 16.049346463280838
      vertex 6.096598039351065 0.71 16.177336356992193
    endloop
  endfacet
  facet normal -0.29490554938496155 0.8474871156920915 0.4413573446515347
    outer loop
      vertex 6.650000000000006 1.2 15.606217782649107
      vertex 6.096598039351065 0.71 16.177336356992193
      vertex 6.257999999999996 0.71 16.285181699216107
    endloop
  endfacet
  facet normal -0.2347738979226022 0.8474871156920895 0.476074369810149
    outer loop
      vertex 6.732121597344431 1.2 15.646715672757901
      vertex 6.257999999999996 0.71 16.285181699216107
      vertex 6.432097786370207 0.71 16.37103722624675
    endloop
  endfacet
  facet normal -0.17062519997519515 0.8474871156920902 0.5026456305085387
    outer loop
      vertex 6.81882666842823 1.2 15.676148078402347
      vertex 6.432097786370207 0.71 16.37103722624675
      vertex 6.615912537067857 0.71 16.433433926212977
    endloop
  endfacet
  facet normal 0 1 0
    outer loop
      vertex 6.650000000000006 1.2 14.393782217350893
      vertex 6.650000000000006 1.2 15.606217782649107
      vertex 6.732121597344431 1.2 15.646715672757901
    endloop
  endfacet
  facet normal 0 1 0
    outer loop
      vertex 6.732121597344431 1.2 14.353284327242099
      vertex 6.732121597344431 1.2 15.646715672757901
      vertex 6.81882666842823 1.2 15.676148078402347
    endloop
  endfacet
  facet normal 0 1 0
    outer loop
      vertex 6.81882666842823 1.2 14.323851921597653
      vertex 6.81882666842823 1.2 15.676148078402347
      vertex 6.9086316654459665 1.2 15.694011402961667
    endloop
  endfacet
  facet normal 0 1 0
    outer loop
      vertex 6.9086316654459665 1.2 14.305988597038333
      vertex 6.9086316654459665 1.2 15.694011402961667
      vertex 7 1.2 15.7
    endloop
  endfacet
  facet normal 0 1 0
    outer loop
      vertex 7 1.2 14.3
      vertex 7 1.2 15.7
      vertex 7.0913683345540335 1.2 15.694011402961667
    endloop
  endfacet
  facet normal -0.17062519997518474 0.8474871156920892 0.5026456305085438
    outer loop
      vertex 6.732121597344431 1.2 15.646715672757901
      vertex 6.432097786370207 0.71 16.37103722624675
      vertex 6.81882666842823 1.2 15.676148078402347
    endloop
  endfacet
  facet normal -0.10355705754994872 0.8474871156920901 0.5206164851092387
    outer loop
      vertex 6.81882666842823 1.2 15.676148078402347
      vertex 6.615912537067857 0.71 16.433433926212977
      vertex 6.9086316654459665 1.2 15.694011402961667
    endloop
  endfacet
  facet normal 0 1 0
    outer loop
      vertex 7.0913683345540335 1.2 14.305988597038333
      vertex 7.0913683345540335 1.2 15.694011402961667
      vertex 7.18117333157177 1.2 15.676148078402347
    endloop
  endfacet
  facet normal 0 1 0
    outer loop
      vertex 7.18117333157177 1.2 14.323851921597653
      vertex 7.18117333157177 1.2 15.676148078402347
      vertex 7.267878402655569 1.2 15.646715672757901
    endloop
  endfacet
  facet normal 0 1 0
    outer loop
      vertex 7.267878402655569 1.2 14.353284327242099
      vertex 7.267878402655569 1.2 15.646715672757901
      vertex 7.349999999999994 1.2 15.606217782649107
    endloop
  endfacet
  facet normal 0 1 0
    outer loop
      vertex 7.349999999999994 1.2 14.393782217350893
      vertex 7.349999999999994 1.2 15.606217782649107
      vertex 7.426133000306109 1.2 15.555347338203864
    endloop
  endfacet
  facet normal 0.17062519997518405 0.8474871156920905 0.5026456305085418
    outer loop
      vertex 7.18117333157177 1.2 15.676148078402347
      vertex 7.384087462932143 0.71 16.433433926212977
      vertex 7.267878402655569 1.2 15.646715672757901
    endloop
  endfacet
  facet normal 0.23477389792263845 0.8474871156920882 0.47607436981013324
    outer loop
      vertex 7.267878402655569 1.2 15.646715672757901
      vertex 7.567902213629793 0.71 16.37103722624675
      vertex 7.349999999999994 1.2 15.606217782649107
    endloop
  endfacet
  facet normal -0.034717025158595566 0.8474871156920906 0.5296794473075563
    outer loop
      vertex 6.9086316654459665 1.2 15.694011402961667
      vertex 6.806299130745444 0.71 16.471304174278735
      vertex 7 1.2 15.7
    endloop
  endfacet
  facet normal 0.034717025158595496 0.8474871156920913 0.5296794473075553
    outer loop
      vertex 7 1.2 15.7
      vertex 7 0.71 16.484
      vertex 7.0913683345540335 1.2 15.694011402961667
    endloop
  endfacet
  facet normal 0.1035570575499485 0.847487115692091 0.5206164851092376
    outer loop
      vertex 7.0913683345540335 1.2 15.694011402961667
      vertex 7.193700869254556 0.71 16.471304174278735
      vertex 7.18117333157177 1.2 15.676148078402347
    endloop
  endfacet
  facet normal -0.10355705754995502 0.8474871156920909 0.5206164851092366
    outer loop
      vertex 6.9086316654459665 1.2 15.694011402961667
      vertex 6.615912537067857 0.71 16.433433926212977
      vertex 6.806299130745444 0.71 16.471304174278735
    endloop
  endfacet
  facet normal -0.03471702515860157 0.847487115692091 0.5296794473075551
    outer loop
      vertex 6.806299130745444 0.71 16.471304174278735
      vertex 7 0.71 16.484
      vertex 7 1.2 15.7
    endloop
  endfacet
  facet normal 0.03471702515860168 0.8474871156920909 0.5296794473075558
    outer loop
      vertex 7.0913683345540335 1.2 15.694011402961667
      vertex 7 0.71 16.484
      vertex 7.193700869254556 0.71 16.471304174278735
    endloop
  endfacet
  facet normal 0.17062519997519546 0.8474871156920895 0.5026456305085396
    outer loop
      vertex 7.267878402655569 1.2 15.646715672757901
      vertex 7.384087462932143 0.71 16.433433926212977
      vertex 7.567902213629793 0.71 16.37103722624675
    endloop
  endfacet
  facet normal 0.10355705754995513 0.8474871156920905 0.5206164851092372
    outer loop
      vertex 7.18117333157177 1.2 15.676148078402347
      vertex 7.193700869254556 0.71 16.471304174278735
      vertex 7.384087462932143 0.71 16.433433926212977
    endloop
  endfacet
  facet normal 0 1 0
    outer loop
      vertex 7.426133000306109 1.2 14.444652661796136
      vertex 7.426133000306109 1.2 15.555347338203864
      vertex 7.494974746830579 1.2 15.494974746830584
    endloop
  endfacet
  facet normal 0 1 0
    outer loop
      vertex 7.494974746830579 1.2 14.505025253169416
      vertex 7.494974746830579 1.2 15.494974746830584
      vertex 7.555347338203859 1.2 15.426133000306104
    endloop
  endfacet
  facet normal 0 1 0
    outer loop
      vertex 7.555347338203859 1.2 14.573866999693896
      vertex 7.555347338203859 1.2 15.426133000306104
      vertex 7.606217782649111 1.2 15.35
    endloop
  endfacet
  facet normal 0 1 0
    outer loop
      vertex 7.606217782649111 1.2 14.65
      vertex 7.606217782649111 1.2 15.35
      vertex 7.646715672757907 1.2 15.267878402655564
    endloop
  endfacet
  facet normal 0 1 0
    outer loop
      vertex 7.646715672757907 1.2 14.732121597344436
      vertex 7.646715672757907 1.2 15.267878402655564
      vertex 7.676148078402349 1.2 15.181173331571765
    endloop
  endfacet
  facet normal 0 1 0
    outer loop
      vertex 7.676148078402349 1.2 14.818826668428235
      vertex 7.676148078402349 1.2 15.181173331571765
      vertex 7.694011402961664 1.2 15.091368334554035
    endloop
  endfacet
  facet normal 0 1 0
    outer loop
      vertex 7.694011402961664 1.2 14.908631665445965
      vertex 7.694011402961664 1.2 15.091368334554035
      vertex 7.700000000000003 1.2 15
    endloop
  endfacet
  facet normal 0.2949055493849209 0.8474871156920929 0.44135734465155896
    outer loop
      vertex 7.426133000306109 1.2 15.555347338203864
      vertex 7.349999999999994 1.2 15.606217782649107
      vertex 7.742000000000004 0.71 16.285181699216107
    endloop
  endfacet
  facet normal 0.34999128513407224 0.8474871156920875 0.3990885729585689
    outer loop
      vertex 7.426133000306109 1.2 15.555347338203864
      vertex 7.903401960648935 0.71 16.177336356992193
      vertex 7.494974746830579 1.2 15.494974746830584
    endloop
  endfacet
  facet normal 0.39908857295858996 0.8474871156920923 0.3499912851340365
    outer loop
      vertex 7.494974746830579 1.2 15.494974746830584
      vertex 8.049346463280841 0.71 16.049346463280838
      vertex 7.555347338203859 1.2 15.426133000306104
    endloop
  endfacet
  facet normal 0.4413573446515131 0.8474871156920952 0.2949055493849831
    outer loop
      vertex 7.606217782649111 1.2 15.35
      vertex 7.555347338203859 1.2 15.426133000306104
      vertex 8.1773363569922 0.71 15.903401960648942
    endloop
  endfacet
  facet normal 0.5296794473075538 0.8474871156920907 0.03471702515863591
    outer loop
      vertex 7.700000000000003 1.2 15
      vertex 7.694011402961664 1.2 15.091368334554035
      vertex 8.471304174278728 0.71 15.193700869254556
    endloop
  endfacet
  facet normal 0.5206164851092414 0.8474871156920915 0.10355705754992656
    outer loop
      vertex 7.694011402961664 1.2 15.091368334554035
      vertex 7.676148078402349 1.2 15.181173331571765
      vertex 8.433433926212984 0.71 15.384087462932142
    endloop
  endfacet
  facet normal 0.5026456305085494 0.8474871156920897 0.170625199975166
    outer loop
      vertex 7.676148078402349 1.2 15.181173331571765
      vertex 7.646715672757907 1.2 15.267878402655564
      vertex 8.371037226246756 0.71 15.567902213629793
    endloop
  endfacet
  facet normal 0.47607436981013745 0.8474871156920909 0.23477389792262032
    outer loop
      vertex 7.646715672757907 1.2 15.267878402655564
      vertex 7.606217782649111 1.2 15.35
      vertex 8.28518169921611 0.71 15.742
    endloop
  endfacet
  facet normal 0.3499912851340285 0.8474871156920917 0.39908857295859834
    outer loop
      vertex 7.494974746830579 1.2 15.494974746830584
      vertex 7.903401960648935 0.71 16.177336356992193
      vertex 8.049346463280841 0.71 16.049346463280838
    endloop
  endfacet
  facet normal 0.5206164851092441 0.8474871156920908 0.10355705754991842
    outer loop
      vertex 7.694011402961664 1.2 15.091368334554035
      vertex 8.433433926212984 0.71 15.384087462932142
      vertex 8.471304174278728 0.71 15.193700869254556
    endloop
  endfacet
  facet normal 0.5026456305085362 0.8474871156920921 0.17062519997519268
    outer loop
      vertex 7.676148078402349 1.2 15.181173331571765
      vertex 8.371037226246756 0.71 15.567902213629793
      vertex 8.433433926212984 0.71 15.384087462932142
    endloop
  endfacet
  facet normal 0.3990885729585785 0.8474871156920937 0.34999128513404637
    outer loop
      vertex 7.555347338203859 1.2 15.426133000306104
      vertex 8.049346463280841 0.71 16.049346463280838
      vertex 8.1773363569922 0.71 15.903401960648942
    endloop
  endfacet
  facet normal 0.476074369810142 0.8474871156920902 0.2347738979226135
    outer loop
      vertex 7.646715672757907 1.2 15.267878402655564
      vertex 8.28518169921611 0.71 15.742
      vertex 8.371037226246756 0.71 15.567902213629793
    endloop
  endfacet
  facet normal 0.44135734465154913 0.8474871156920907 0.2949055493849418
    outer loop
      vertex 7.606217782649111 1.2 15.35
      vertex 8.1773363569922 0.71 15.903401960648942
      vertex 8.28518169921611 0.71 15.742
    endloop
  endfacet
  facet normal 0.23477389792260075 0.8474871156920915 0.47607436981014595
    outer loop
      vertex 7.349999999999994 1.2 15.606217782649107
      vertex 7.567902213629793 0.71 16.37103722624675
      vertex 7.742000000000004 0.71 16.285181699216107
    endloop
  endfacet
  facet normal 0.29490554938496344 0.8474871156920891 0.44135734465153786
    outer loop
      vertex 7.426133000306109 1.2 15.555347338203864
      vertex 7.742000000000004 0.71 16.285181699216107
      vertex 7.903401960648935 0.71 16.177336356992193
    endloop
  endfacet
  facet normal 0.5296794473075604 0.8474871156920879 0.03471702515860199
    outer loop
      vertex 7.700000000000003 1.2 15
      vertex 8.471304174278728 0.71 15.193700869254556
      vertex 8.483999999999995 0.71 15
    endloop
  endfacet
  facet normal 0 1 0
    outer loop
      vertex 5.809969989563143 0.71 14.086857856486919
      vertex 5.8226636430078 0.71 14.096598039351058
      vertex 5.950653536719159 0.71 13.950653536719162
    endloop
  endfacet
  facet normal -0.7518398074789518 0 -0.6593458151000982
    outer loop
      vertex 5.809969989563143 0.71 14.086857856486919
      vertex 5.939339828220184 0.71 13.939339828220179
      vertex 5.809969989563143 0.7 14.086857856486919
    endloop
  endfacet
  facet normal 0 1 0
    outer loop
      vertex 5.7148183007838895 0.71 14.258
      vertex 5.614180701233067 0.71 14.425974851452365
      vertex 5.628962773753244 0.71 14.432097786370207
    endloop
  endfacet
  facet normal 0 1 0
    outer loop
      vertex 5.614180701233067 0.71 14.425974851452365
      vertex 5.551111260566401 0.71 14.611771432346218
      vertex 5.628962773753244 0.71 14.432097786370207
    endloop
  endfacet
  facet normal -0.8314696123025551 0 -0.5555702330195876
    outer loop
      vertex 5.809969989563143 0.7 14.086857856486919
      vertex 5.700961894323342 0.7 14.25
      vertex 5.700961894323342 0.71 14.25
    endloop
  endfacet
  facet normal 0 1 0
    outer loop
      vertex 5.700961894323342 0.71 14.25
      vertex 5.7148183007838895 0.71 14.258
      vertex 5.8226636430078 0.71 14.096598039351058
    endloop
  endfacet
  facet normal 0 1 0
    outer loop
      vertex 5.809969989563143 0.71 14.086857856486919
      vertex 5.700961894323342 0.71 14.25
      vertex 5.8226636430078 0.71 14.096598039351058
    endloop
  endfacet
  facet normal -0.8314696123025551 0 -0.5555702330195876
    outer loop
      vertex 5.809969989563143 0.71 14.086857856486919
      vertex 5.809969989563143 0.7 14.086857856486919
      vertex 5.700961894323342 0.71 14.25
    endloop
  endfacet
  facet normal 0 1 0
    outer loop
      vertex 5.700961894323342 0.71 14.25
      vertex 5.614180701233067 0.71 14.425974851452365
      vertex 5.7148183007838895 0.71 14.258
    endloop
  endfacet
  facet normal -0.8968727415326826 0 -0.44228869021901285
    outer loop
      vertex 5.700961894323342 0.71 14.25
      vertex 5.700961894323342 0.7 14.25
      vertex 5.614180701233067 0.71 14.425974851452365
    endloop
  endfacet
  facet normal 0 1 0
    outer loop
      vertex 5.551111260566401 0.71 14.611771432346218
      vertex 5.512832707939282 0.71 14.804210711669922
      vertex 5.5665660737870155 0.71 14.615912537067858
    endloop
  endfacet
  facet normal 0 1 0
    outer loop
      vertex 5.5665660737870155 0.71 14.615912537067858
      vertex 5.512832707939282 0.71 14.804210711669922
      vertex 5.528695825721272 0.71 14.806299130745444
    endloop
  endfacet
  facet normal 0 1 0
    outer loop
      vertex 5.551111260566401 0.71 14.611771432346218
      vertex 5.5665660737870155 0.71 14.615912537067858
      vertex 5.628962773753244 0.71 14.432097786370207
    endloop
  endfacet
  facet normal 0 1 0
    outer loop
      vertex 5.512832707939282 0.71 14.804210711669922
      vertex 5.516000000000005 0.71 15
      vertex 5.528695825721272 0.71 14.806299130745444
    endloop
  endfacet
  facet normal -0.9978589232386044 0 -0.06540312923012997
    outer loop
      vertex 5.512832707939282 0.71 14.804210711669922
      vertex 5.5 0.7 15
      vertex 5.5 0.71 15
    endloop
  endfacet
  facet normal -0.7518398074789517 0 -0.6593458151000982
    outer loop
      vertex 5.809969989563143 0.7 14.086857856486919
      vertex 5.939339828220184 0.71 13.939339828220179
      vertex 5.809969989563143 -1.11 14.086857856486919
    endloop
  endfacet
  facet normal -0.9978589232386044 0 -0.06540312923012997
    outer loop
      vertex 5.512832707939282 0.71 14.804210711669922
      vertex 5.5 -1.11 15
      vertex 5.5 0.7 15
    endloop
  endfacet
  facet normal -0.8968727415326826 0 -0.44228869021901285
    outer loop
      vertex 5.700961894323342 0.7 14.25
      vertex 5.614180701233067 -3.0115288317580617 14.425974851452365
      vertex 5.614180701233067 0.71 14.425974851452365
    endloop
  endfacet
  facet normal -0.8968727415326826 0 -0.44228869021901285
    outer loop
      vertex 5.700961894323342 0.7 14.25
      vertex 5.700961894323342 0.69 14.25
      vertex 5.614180701233067 -3.0115288317580617 14.425974851452365
    endloop
  endfacet
  facet normal -0.9807852804032245 0 -0.19509032201615759
    outer loop
      vertex 5.551111260566401 0.71 14.611771432346218
      vertex 5.512832707939282 -3.0115288317580617 14.804210711669922
      vertex 5.512832707939282 0.71 14.804210711669922
    endloop
  endfacet
  facet normal -0.9469301294951151 0 -0.3214394653031339
    outer loop
      vertex 5.614180701233067 0.71 14.425974851452365
      vertex 5.551111260566401 -3.0115288317580617 14.611771432346218
      vertex 5.551111260566401 0.71 14.611771432346218
    endloop
  endfacet
  facet normal 0 1 0
    outer loop
      vertex 5.809969989563143 0.71 14.086857856486919
      vertex 5.950653536719159 0.71 13.950653536719162
      vertex 5.939339828220184 0.71 13.939339828220179
    endloop
  endfacet
  facet normal 0 1 0
    outer loop
      vertex 5.939339828220184 0.71 13.939339828220179
      vertex 5.950653536719159 0.71 13.950653536719162
      vertex 6.096598039351065 0.71 13.822663643007807
    endloop
  endfacet
  facet normal 0 1 0
    outer loop
      vertex 6.086857856486915 0.71 13.809969989563147
      vertex 5.939339828220184 0.71 13.939339828220179
      vertex 6.096598039351065 0.71 13.822663643007807
    endloop
  endfacet
  facet normal 0 1 0
    outer loop
      vertex 6.086857856486915 0.71 13.809969989563147
      vertex 6.096598039351065 0.71 13.822663643007807
      vertex 6.257999999999996 0.71 13.714818300783893
    endloop
  endfacet
  facet normal 0 1 0
    outer loop
      vertex 6.086857856486915 0.71 13.809969989563147
      vertex 6.257999999999996 0.71 13.714818300783893
      vertex 6.25 0.71 13.700961894323342
    endloop
  endfacet
  facet normal -0.3214394653031718 0 -0.9469301294951021
    outer loop
      vertex 6.4259748514523665 0.71 13.614180701233071
      vertex 6.611771432346217 0.7 13.551111260566397
      vertex 6.4259748514523665 0.7 13.614180701233071
    endloop
  endfacet
  facet normal 0 1 0
    outer loop
      vertex 6.4259748514523665 0.71 13.614180701233071
      vertex 6.615912537067857 0.71 13.566566073787023
      vertex 6.611771432346217 0.71 13.551111260566397
    endloop
  endfacet
  facet normal -0.3214394653031718 0 -0.9469301294951021
    outer loop
      vertex 6.4259748514523665 0.71 13.614180701233071
      vertex 6.611771432346217 0.71 13.551111260566397
      vertex 6.611771432346217 0.7 13.551111260566397
    endloop
  endfacet
  facet normal 0 1 0
    outer loop
      vertex 6.25 0.71 13.700961894323342
      vertex 6.257999999999996 0.71 13.714818300783893
      vertex 6.432097786370207 0.71 13.628962773753251
    endloop
  endfacet
  facet normal 0 1 0
    outer loop
      vertex 6.25 0.71 13.700961894323342
      vertex 6.432097786370207 0.71 13.628962773753251
      vertex 6.4259748514523665 0.71 13.614180701233071
    endloop
  endfacet
  facet normal -0.4422886902189946 0 -0.8968727415326915
    outer loop
      vertex 6.25 0.71 13.700961894323342
      vertex 6.4259748514523665 0.71 13.614180701233071
      vertex 6.4259748514523665 0.7 13.614180701233071
    endloop
  endfacet
  facet normal 0 1 0
    outer loop
      vertex 6.4259748514523665 0.71 13.614180701233071
      vertex 6.432097786370207 0.71 13.628962773753251
      vertex 6.615912537067857 0.71 13.566566073787023
    endloop
  endfacet
  facet normal 0 1 0
    outer loop
      vertex 6.611771432346217 0.71 13.551111260566397
      vertex 6.615912537067857 0.71 13.566566073787023
      vertex 6.806299130745444 0.71 13.528695825721265
    endloop
  endfacet
  facet normal -0.1950903220161193 0 -0.9807852804032323
    outer loop
      vertex 6.804210711669924 0.71 13.512832707939285
      vertex 6.611771432346217 0.7 13.551111260566397
      vertex 6.611771432346217 0.71 13.551111260566397
    endloop
  endfacet
  facet normal 0 1 0
    outer loop
      vertex 6.804210711669924 0.71 13.512832707939285
      vertex 6.611771432346217 0.71 13.551111260566397
      vertex 6.806299130745444 0.71 13.528695825721265
    endloop
  endfacet
  facet normal 0 1 0
    outer loop
      vertex 6.804210711669924 0.71 13.512832707939285
      vertex 6.806299130745444 0.71 13.528695825721265
      vertex 7 0.71 13.516
    endloop
  endfacet
  facet normal -0.06540312923014861 0 -0.9978589232386033
    outer loop
      vertex 6.804210711669924 0.71 13.512832707939285
      vertex 7 0.71 13.5
      vertex 7 0.7 13.5
    endloop
  endfacet
  facet normal 0 1 0
    outer loop
      vertex 6.804210711669924 0.71 13.512832707939285
      vertex 7 0.71 13.516
      vertex 7 0.71 13.5
    endloop
  endfacet
  facet normal 0.06540312923014861 0 -0.9978589232386033
    outer loop
      vertex 7 0.71 13.5
      vertex 7.195789288330076 0.7 13.512832707939285
      vertex 7 0.7 13.5
    endloop
  endfacet
  facet normal 0 1 0
    outer loop
      vertex 7 0.71 13.5
      vertex 7 0.71 13.516
      vertex 7.193700869254556 0.71 13.528695825721265
    endloop
  endfacet
  facet normal 0 1 0
    outer loop
      vertex 7 0.71 13.5
      vertex 7.193700869254556 0.71 13.528695825721265
      vertex 7.195789288330076 0.71 13.512832707939285
    endloop
  endfacet
  facet normal 0.06540312923014861 0 -0.9978589232386033
    outer loop
      vertex 7 0.71 13.5
      vertex 7.195789288330076 0.71 13.512832707939285
      vertex 7.195789288330076 0.7 13.512832707939285
    endloop
  endfacet
  facet normal 0 1 0
    outer loop
      vertex 7.195789288330076 0.71 13.512832707939285
      vertex 7.193700869254556 0.71 13.528695825721265
      vertex 7.384087462932143 0.71 13.566566073787023
    endloop
  endfacet
  facet normal 0.1950903220161193 0 -0.9807852804032323
    outer loop
      vertex 7.195789288330076 0.71 13.512832707939285
      vertex 7.388228567653783 0.7 13.551111260566397
      vertex 7.195789288330076 0.7 13.512832707939285
    endloop
  endfacet
  facet normal 0 1 0
    outer loop
      vertex 7.195789288330076 0.71 13.512832707939285
      vertex 7.384087462932143 0.71 13.566566073787023
      vertex 7.388228567653783 0.71 13.551111260566397
    endloop
  endfacet
  facet normal 0.1950903220161193 0 -0.9807852804032323
    outer loop
      vertex 7.195789288330076 0.71 13.512832707939285
      vertex 7.388228567653783 0.71 13.551111260566397
      vertex 7.388228567653783 0.7 13.551111260566397
    endloop
  endfacet
  facet normal 0 1 0
    outer loop
      vertex 7.388228567653783 0.71 13.551111260566397
      vertex 7.384087462932143 0.71 13.566566073787023
      vertex 7.567902213629793 0.71 13.628962773753251
    endloop
  endfacet
  facet normal 0.3214394653031718 0 -0.9469301294951021
    outer loop
      vertex 7.388228567653783 0.71 13.551111260566397
      vertex 7.5740251485476335 0.71 13.614180701233071
      vertex 7.388228567653783 0.7 13.551111260566397
    endloop
  endfacet
  facet normal 0 1 0
    outer loop
      vertex 7.388228567653783 0.71 13.551111260566397
      vertex 7.567902213629793 0.71 13.628962773753251
      vertex 7.5740251485476335 0.71 13.614180701233071
    endloop
  endfacet
  facet normal 0 1 0
    outer loop
      vertex 7.5740251485476335 0.71 13.614180701233071
      vertex 7.567902213629793 0.71 13.628962773753251
      vertex 7.742000000000004 0.71 13.714818300783893
    endloop
  endfacet
  facet normal 0 1 0
    outer loop
      vertex 7.5740251485476335 0.71 13.614180701233071
      vertex 7.742000000000004 0.71 13.714818300783893
      vertex 7.75 0.71 13.700961894323342
    endloop
  endfacet
  facet normal 0 1 0
    outer loop
      vertex 7.75 0.71 13.700961894323342
      vertex 7.742000000000004 0.71 13.714818300783893
      vertex 7.903401960648935 0.71 13.822663643007807
    endloop
  endfacet
  facet normal 0 1 0
    outer loop
      vertex 7.75 0.71 13.700961894323342
      vertex 7.903401960648935 0.71 13.822663643007807
      vertex 7.913142143513085 0.71 13.809969989563147
    endloop
  endfacet
  facet normal 0.5555702330195917 0 -0.8314696123025522
    outer loop
      vertex 7.75 0.71 13.700961894323342
      vertex 7.913142143513085 0.71 13.809969989563147
      vertex 7.913142143513085 0.7 13.809969989563147
    endloop
  endfacet
  facet normal 0 1 0
    outer loop
      vertex 7.913142143513085 0.71 13.809969989563147
      vertex 7.903401960648935 0.71 13.822663643007807
      vertex 8.049346463280841 0.71 13.950653536719162
    endloop
  endfacet
  facet normal 0 1 0
    outer loop
      vertex 7.913142143513085 0.71 13.809969989563147
      vertex 8.049346463280841 0.71 13.950653536719162
      vertex 8.060660171779816 0.71 13.939339828220179
    endloop
  endfacet
  facet normal 0 1 0
    outer loop
      vertex 8.060660171779816 0.71 13.939339828220179
      vertex 8.049346463280841 0.71 13.950653536719162
      vertex 8.1773363569922 0.71 14.096598039351058
    endloop
  endfacet
  facet normal 0 1 0
    outer loop
      vertex 8.060660171779816 0.71 13.939339828220179
      vertex 8.1773363569922 0.71 14.096598039351058
      vertex 8.190030010436857 0.71 14.086857856486919
    endloop
  endfacet
  facet normal 0 1 0
    outer loop
      vertex 8.1773363569922 0.71 14.096598039351058
      vertex 8.28518169921611 0.71 14.258
      vertex 8.190030010436857 0.71 14.086857856486919
    endloop
  endfacet
  facet normal 0 1 0
    outer loop
      vertex 8.190030010436857 0.71 14.086857856486919
      vertex 8.28518169921611 0.71 14.258
      vertex 8.299038105676658 0.71 14.25
    endloop
  endfacet
  facet normal 0 1 0
    outer loop
      vertex 8.299038105676658 0.71 14.25
      vertex 8.28518169921611 0.71 14.258
      vertex 8.371037226246756 0.71 14.432097786370207
    endloop
  endfacet
  facet normal 0 1 0
    outer loop
      vertex 8.299038105676658 0.71 14.25
      vertex 8.371037226246756 0.71 14.432097786370207
      vertex 8.385819298766933 0.71 14.425974851452365
    endloop
  endfacet
  facet normal 0 1 0
    outer loop
      vertex 8.371037226246756 0.71 14.432097786370207
      vertex 8.433433926212984 0.71 14.615912537067858
      vertex 8.385819298766933 0.71 14.425974851452365
    endloop
  endfacet
  facet normal 0 1 0
    outer loop
      vertex 8.385819298766933 0.71 14.425974851452365
      vertex 8.433433926212984 0.71 14.615912537067858
      vertex 8.448888739433599 0.71 14.611771432346218
    endloop
  endfacet
  facet normal 0 1 0
    outer loop
      vertex 8.433433926212984 0.71 14.615912537067858
      vertex 8.471304174278728 0.71 14.806299130745444
      vertex 8.448888739433599 0.71 14.611771432346218
    endloop
  endfacet
  facet normal 0 1 0
    outer loop
      vertex 8.448888739433599 0.71 14.611771432346218
      vertex 8.471304174278728 0.71 14.806299130745444
      vertex 8.487167292060718 0.71 14.804210711669922
    endloop
  endfacet
  facet normal 0.9807852804032248 0 -0.1950903220161576
    outer loop
      vertex 8.448888739433599 0.71 14.611771432346218
      vertex 8.487167292060718 0.71 14.804210711669922
      vertex 8.487167292060718 0.7 14.804210711669922
    endloop
  endfacet
  facet normal 0 1 0
    outer loop
      vertex 8.471304174278728 0.71 14.806299130745444
      vertex 8.483999999999995 0.71 15
      vertex 8.487167292060718 0.71 14.804210711669922
    endloop
  endfacet
  facet normal 0.9978589232386044 0 -0.06540312923012997
    outer loop
      vertex 8.487167292060718 0.71 14.804210711669922
      vertex 8.5 0.71 15
      vertex 8.487167292060718 0.7 14.804210711669922
    endloop
  endfacet
  facet normal 0.9978589232386044 0 -0.06540312923012997
    outer loop
      vertex 8.487167292060718 0.7 14.804210711669922
      vertex 8.5 0.71 15
      vertex 8.487167292060718 0.69 14.804210711669922
    endloop
  endfacet
  facet normal -0.5555702330195916 0 -0.8314696123025523
    outer loop
      vertex 6.086857856486915 0.71 13.809969989563147
      vertex 6.25 0.71 13.700961894323342
      vertex 6.25 -1.11 13.700961894323342
    endloop
  endfacet
  facet normal -0.44228869021899464 0 -0.8968727415326916
    outer loop
      vertex 6.25 0.71 13.700961894323342
      vertex 6.4259748514523665 0.7 13.614180701233071
      vertex 6.25 -1.11 13.700961894323342
    endloop
  endfacet
  facet normal -0.4422886902189946 0 -0.8968727415326915
    outer loop
      vertex 6.4259748514523665 0.7 13.614180701233071
      vertex 6.4259748514523665 0.69 13.614180701233071
      vertex 6.25 -1.11 13.700961894323342
    endloop
  endfacet
  facet normal -0.19509032201611928 0 -0.9807852804032322
    outer loop
      vertex 6.804210711669924 0.71 13.512832707939285
      vertex 6.611771432346217 -1.11 13.551111260566397
      vertex 6.611771432346217 0.7 13.551111260566397
    endloop
  endfacet
  facet normal -0.6593458151000949 0 -0.7518398074789545
    outer loop
      vertex 6.086857856486915 0.71 13.809969989563147
      vertex 5.939339828220184 -3.0115288317580617 13.939339828220179
      vertex 5.939339828220184 0.71 13.939339828220179
    endloop
  endfacet
  facet normal -0.32143946530317186 0 -0.9469301294951021
    outer loop
      vertex 6.4259748514523665 0.69 13.614180701233071
      vertex 6.611771432346217 -1.11 13.551111260566397
      vertex 6.4259748514523665 -1.11 13.614180701233071
    endloop
  endfacet
  facet normal 0.19509032201611928 0 -0.9807852804032322
    outer loop
      vertex 7.195789288330076 0.7 13.512832707939285
      vertex 7.388228567653783 -1.11 13.551111260566397
      vertex 7.195789288330076 -1.1 13.512832707939285
    endloop
  endfacet
  facet normal 0.19509032201611815 0 -0.9807852804032324
    outer loop
      vertex 7.195789288330076 0.7 13.512832707939285
      vertex 7.388228567653783 -1.1 13.551111260566397
      vertex 7.388228567653783 -1.11 13.551111260566397
    endloop
  endfacet
  facet normal -0.0654031292301486 0 -0.997858923238603
    outer loop
      vertex 6.804210711669924 0.71 13.512832707939285
      vertex 7 0.7 13.5
      vertex 6.804210711669924 -3.0115288317580617 13.512832707939285
    endloop
  endfacet
  facet normal 0.6593458151000949 0 -0.7518398074789545
    outer loop
      vertex 7.913142143513085 0.71 13.809969989563147
      vertex 8.060660171779816 0.71 13.939339828220179
      vertex 8.060660171779816 -1.1 13.939339828220179
    endloop
  endfacet
  facet normal 0.7518398074789517 0 -0.6593458151000982
    outer loop
      vertex 8.060660171779816 0.71 13.939339828220179
      vertex 8.190030010436857 0.71 14.086857856486919
      vertex 8.060660171779816 -1.1 13.939339828220179
    endloop
  endfacet
  facet normal 0.5555702330195917 0 -0.8314696123025523
    outer loop
      vertex 7.75 0.71 13.700961894323342
      vertex 7.913142143513085 0.7 13.809969989563147
      vertex 7.913142143513085 -1.11 13.809969989563147
    endloop
  endfacet
  facet normal 0.6593458151000949 0 -0.7518398074789545
    outer loop
      vertex 7.913142143513085 0.71 13.809969989563147
      vertex 8.060660171779816 -1.1 13.939339828220179
      vertex 7.913142143513085 0.7 13.809969989563147
    endloop
  endfacet
  facet normal 0.9469301294951151 0 -0.3214394653031339
    outer loop
      vertex 8.385819298766933 0.71 14.425974851452365
      vertex 8.448888739433599 0.71 14.611771432346218
      vertex 8.448888739433599 -1.11 14.611771432346218
    endloop
  endfacet
  facet normal 0.9807852804032245 0 -0.19509032201615756
    outer loop
      vertex 8.448888739433599 0.71 14.611771432346218
      vertex 8.487167292060718 0.7 14.804210711669922
      vertex 8.448888739433599 -1.11 14.611771432346218
    endloop
  endfacet
  facet normal 0.3214394653031718 0 -0.946930129495102
    outer loop
      vertex 7.5740251485476335 0.71 13.614180701233071
      vertex 7.5740251485476335 -3.0115288317580617 13.614180701233071
      vertex 7.388228567653783 0.7 13.551111260566397
    endloop
  endfacet
  facet normal 0.44228869021899464 0 -0.8968727415326916
    outer loop
      vertex 7.5740251485476335 0.71 13.614180701233071
      vertex 7.75 0.71 13.700961894323342
      vertex 7.5740251485476335 -3.0115288317580617 13.614180701233071
    endloop
  endfacet
  facet normal 0.831469612302555 0 -0.5555702330195875
    outer loop
      vertex 8.190030010436857 0.71 14.086857856486919
      vertex 8.299038105676658 0.71 14.25
      vertex 8.190030010436857 -3.0115288317580617 14.086857856486919
    endloop
  endfacet
  facet normal 0.8968727415326826 0 -0.44228869021901285
    outer loop
      vertex 8.299038105676658 0.71 14.25
      vertex 8.385819298766933 0.71 14.425974851452365
      vertex 8.299038105676658 -3.0115288317580617 14.25
    endloop
  endfacet
  facet normal 0.9978589232386044 0 -0.06540312923012999
    outer loop
      vertex 8.487167292060718 0.69 14.804210711669922
      vertex 8.5 0.71 15
      vertex 8.487167292060718 -3.0115288317580617 14.804210711669922
    endloop
  endfacet
  facet normal 0.9978589232386044 0 -0.06540312923012997
    outer loop
      vertex 8.5 0.71 15
      vertex 8.5 0.7 15
      vertex 8.487167292060718 -3.0115288317580617 14.804210711669922
    endloop
  endfacet
  facet normal -0.7518398074789517 0 -0.6593458151000982
    outer loop
      vertex 5.939339828220184 0.71 13.939339828220179
      vertex 5.809969989563143 -3.0115288317580617 14.086857856486919
      vertex 5.809969989563143 -1.11 14.086857856486919
    endloop
  endfacet
  facet normal -0.8314696123025549 0 -0.5555702330195875
    outer loop
      vertex 5.700961894323342 0.69 14.25
      vertex 5.809969989563143 -1.11 14.086857856486919
      vertex 5.700961894323342 -3.0115288317580617 14.25
    endloop
  endfacet
  facet normal -0.9978589232386044 0 -0.06540312923012996
    outer loop
      vertex 5.512832707939282 0.71 14.804210711669922
      vertex 5.5 -3.0115288317580617 15
      vertex 5.5 -1.11 15
    endloop
  endfacet
  facet normal -0.9469301294951151 0 -0.3214394653031339
    outer loop
      vertex 5.614180701233067 0.71 14.425974851452365
      vertex 5.614180701233067 -3.0115288317580617 14.425974851452365
      vertex 5.551111260566401 -3.0115288317580617 14.611771432346218
    endloop
  endfacet
  facet normal -0.8968727415326827 0 -0.4422886902190128
    outer loop
      vertex 5.700961894323342 0.69 14.25
      vertex 5.700961894323342 -3.0115288317580617 14.25
      vertex 5.614180701233067 -3.0115288317580617 14.425974851452365
    endloop
  endfacet
  facet normal -0.9807852804032245 0 -0.19509032201615759
    outer loop
      vertex 5.551111260566401 0.71 14.611771432346218
      vertex 5.551111260566401 -3.0115288317580617 14.611771432346218
      vertex 5.512832707939282 -3.0115288317580617 14.804210711669922
    endloop
  endfacet
  facet normal -0.9978589232386045 0 -0.06540312923012999
    outer loop
      vertex 5.512832707939282 0.71 14.804210711669922
      vertex 5.512832707939282 -3.0115288317580617 14.804210711669922
      vertex 5.5 -3.0115288317580617 15
    endloop
  endfacet
  facet normal -0.831469612302555 0 -0.5555702330195876
    outer loop
      vertex 5.809969989563143 -1.11 14.086857856486919
      vertex 5.809969989563143 -3.0115288317580617 14.086857856486919
      vertex 5.700961894323342 -3.0115288317580617 14.25
    endloop
  endfacet
  facet normal -0.5555702330195917 0 -0.8314696123025522
    outer loop
      vertex 6.086857856486915 0.71 13.809969989563147
      vertex 6.25 -1.11 13.700961894323342
      vertex 6.086857856486915 -3.0115288317580617 13.809969989563147
    endloop
  endfacet
  facet normal -0.19509032201611934 0 -0.9807852804032322
    outer loop
      vertex 6.804210711669924 0.71 13.512832707939285
      vertex 6.611771432346217 -3.0115288317580617 13.551111260566397
      vertex 6.611771432346217 -1.11 13.551111260566397
    endloop
  endfacet
  facet normal -0.0654031292301486 0 -0.997858923238603
    outer loop
      vertex 7 0.7 13.5
      vertex 7 -1.11 13.5
      vertex 6.804210711669924 -3.0115288317580617 13.512832707939285
    endloop
  endfacet
  facet normal 0.06540312923014861 0 -0.9978589232386033
    outer loop
      vertex 7 -1.11 13.5
      vertex 7.195789288330076 -1.1 13.512832707939285
      vertex 7.195789288330076 -1.11 13.512832707939285
    endloop
  endfacet
  facet normal 0.32143946530317186 0 -0.9469301294951021
    outer loop
      vertex 7.388228567653783 0.7 13.551111260566397
      vertex 7.5740251485476335 -3.0115288317580617 13.614180701233071
      vertex 7.388228567653783 -1.1 13.551111260566397
    endloop
  endfacet
  facet normal 0.5555702330195917 0 -0.8314696123025522
    outer loop
      vertex 7.75 0.71 13.700961894323342
      vertex 7.913142143513085 -1.11 13.809969989563147
      vertex 7.75 -3.0115288317580617 13.700961894323342
    endloop
  endfacet
  facet normal 0.7518398074789517 0 -0.6593458151000982
    outer loop
      vertex 8.190030010436857 0.71 14.086857856486919
      vertex 8.190030010436857 -3.0115288317580617 14.086857856486919
      vertex 8.060660171779816 -1.1 13.939339828220179
    endloop
  endfacet
  facet normal 0.9469301294951151 0 -0.3214394653031339
    outer loop
      vertex 8.385819298766933 0.71 14.425974851452365
      vertex 8.448888739433599 -1.11 14.611771432346218
      vertex 8.385819298766933 -3.0115288317580617 14.425974851452365
    endloop
  endfacet
  facet normal 0.9807852804032245 0 -0.19509032201615756
    outer loop
      vertex 8.487167292060718 0.69 14.804210711669922
      vertex 8.448888739433599 -3.0115288317580617 14.611771432346218
      vertex 8.448888739433599 -1.11 14.611771432346218
    endloop
  endfacet
  facet normal 0.9978589232386044 0 -0.06540312923012999
    outer loop
      vertex 8.5 0.7 15
      vertex 8.5 -1.11 15
      vertex 8.487167292060718 -3.0115288317580617 14.804210711669922
    endloop
  endfacet
  facet normal -0.7518398074789517 0 -0.6593458151000982
    outer loop
      vertex 5.939339828220184 0.71 13.939339828220179
      vertex 5.939339828220184 -3.0115288317580617 13.939339828220179
      vertex 5.809969989563143 -3.0115288317580617 14.086857856486919
    endloop
  endfacet
  facet normal -0.6593458151000949 0 -0.7518398074789545
    outer loop
      vertex 6.086857856486915 0.71 13.809969989563147
      vertex 6.086857856486915 -3.0115288317580617 13.809969989563147
      vertex 5.939339828220184 -3.0115288317580617 13.939339828220179
    endloop
  endfacet
  facet normal -0.3214394653031718 0 -0.9469301294951021
    outer loop
      vertex 6.611771432346217 -1.11 13.551111260566397
      vertex 6.4259748514523665 -3.0115288317580617 13.614180701233071
      vertex 6.4259748514523665 -1.11 13.614180701233071
    endloop
  endfacet
  facet normal -0.44228869021899464 0 -0.8968727415326916
    outer loop
      vertex 6.25 -1.11 13.700961894323342
      vertex 6.4259748514523665 -1.11 13.614180701233071
      vertex 6.25 -3.0115288317580617 13.700961894323342
    endloop
  endfacet
  facet normal -0.1950903220161193 0 -0.9807852804032322
    outer loop
      vertex 6.804210711669924 0.71 13.512832707939285
      vertex 6.804210711669924 -3.0115288317580617 13.512832707939285
      vertex 6.611771432346217 -3.0115288317580617 13.551111260566397
    endloop
  endfacet
  facet normal 0.06540312923014861 0 -0.9978589232386031
    outer loop
      vertex 7 -1.11 13.5
      vertex 7.195789288330076 -1.11 13.512832707939285
      vertex 7 -3.0115288317580617 13.5
    endloop
  endfacet
  facet normal 0.19509032201611928 0 -0.9807852804032322
    outer loop
      vertex 7.195789288330076 -1.11 13.512832707939285
      vertex 7.388228567653783 -1.11 13.551111260566397
      vertex 7.195789288330076 -3.0115288317580617 13.512832707939285
    endloop
  endfacet
  facet normal -0.5555702330195917 0 -0.8314696123025522
    outer loop
      vertex 6.25 -1.11 13.700961894323342
      vertex 6.25 -3.0115288317580617 13.700961894323342
      vertex 6.086857856486915 -3.0115288317580617 13.809969989563147
    endloop
  endfacet
  facet normal -0.3214394653031718 0 -0.9469301294951021
    outer loop
      vertex 6.611771432346217 -1.11 13.551111260566397
      vertex 6.611771432346217 -3.0115288317580617 13.551111260566397
      vertex 6.4259748514523665 -3.0115288317580617 13.614180701233071
    endloop
  endfacet
  facet normal -0.44228869021899464 0 -0.8968727415326916
    outer loop
      vertex 6.4259748514523665 -1.11 13.614180701233071
      vertex 6.4259748514523665 -3.0115288317580617 13.614180701233071
      vertex 6.25 -3.0115288317580617 13.700961894323342
    endloop
  endfacet
  facet normal -0.06540312923014861 0 -0.9978589232386031
    outer loop
      vertex 7 -1.11 13.5
      vertex 7 -3.0115288317580617 13.5
      vertex 6.804210711669924 -3.0115288317580617 13.512832707939285
    endloop
  endfacet
  facet normal 0.06540312923014861 0 -0.9978589232386031
    outer loop
      vertex 7.195789288330076 -1.11 13.512832707939285
      vertex 7.195789288330076 -3.0115288317580617 13.512832707939285
      vertex 7 -3.0115288317580617 13.5
    endloop
  endfacet
  facet normal 0.19509032201611928 0 -0.9807852804032322
    outer loop
      vertex 7.388228567653783 -1.11 13.551111260566397
      vertex 7.388228567653783 -3.0115288317580617 13.551111260566397
      vertex 7.195789288330076 -3.0115288317580617 13.512832707939285
    endloop
  endfacet
  facet normal 0.32143946530317163 0 -0.9469301294951022
    outer loop
      vertex 7.5740251485476335 -3.0115288317580617 13.614180701233071
      vertex 7.388228567653783 -1.11 13.551111260566397
      vertex 7.388228567653783 -1.1 13.551111260566397
    endloop
  endfacet
  facet normal 0.44228869021899464 0 -0.8968727415326916
    outer loop
      vertex 7.75 0.71 13.700961894323342
      vertex 7.75 -3.0115288317580617 13.700961894323342
      vertex 7.5740251485476335 -3.0115288317580617 13.614180701233071
    endloop
  endfacet
  facet normal 0.6593458151000949 0 -0.7518398074789545
    outer loop
      vertex 7.913142143513085 -1.11 13.809969989563147
      vertex 8.060660171779816 -1.11 13.939339828220179
      vertex 7.913142143513085 -3.0115288317580617 13.809969989563147
    endloop
  endfacet
  facet normal 0.7518398074789518 0 -0.6593458151000982
    outer loop
      vertex 8.060660171779816 -1.1 13.939339828220179
      vertex 8.190030010436857 -3.0115288317580617 14.086857856486919
      vertex 8.060660171779816 -1.11 13.939339828220179
    endloop
  endfacet
  facet normal 0.831469612302555 0 -0.5555702330195875
    outer loop
      vertex 8.299038105676658 0.71 14.25
      vertex 8.299038105676658 -3.0115288317580617 14.25
      vertex 8.190030010436857 -3.0115288317580617 14.086857856486919
    endloop
  endfacet
  facet normal 0.8968727415326826 0 -0.44228869021901285
    outer loop
      vertex 8.385819298766933 0.71 14.425974851452365
      vertex 8.385819298766933 -3.0115288317580617 14.425974851452365
      vertex 8.299038105676658 -3.0115288317580617 14.25
    endloop
  endfacet
  facet normal 0.9807852804032247 0 -0.19509032201615759
    outer loop
      vertex 8.487167292060718 0.69 14.804210711669922
      vertex 8.487167292060718 -3.0115288317580617 14.804210711669922
      vertex 8.448888739433599 -3.0115288317580617 14.611771432346218
    endloop
  endfacet
  facet normal 0.3214394653031718 0 -0.9469301294951021
    outer loop
      vertex 7.5740251485476335 -3.0115288317580617 13.614180701233071
      vertex 7.388228567653783 -3.0115288317580617 13.551111260566397
      vertex 7.388228567653783 -1.11 13.551111260566397
    endloop
  endfacet
  facet normal 0.5555702330195917 0 -0.8314696123025522
    outer loop
      vertex 7.913142143513085 -1.11 13.809969989563147
      vertex 7.913142143513085 -3.0115288317580617 13.809969989563147
      vertex 7.75 -3.0115288317580617 13.700961894323342
    endloop
  endfacet
  facet normal 0.6593458151000949 0 -0.7518398074789545
    outer loop
      vertex 8.060660171779816 -1.11 13.939339828220179
      vertex 8.060660171779816 -3.0115288317580617 13.939339828220179
      vertex 7.913142143513085 -3.0115288317580617 13.809969989563147
    endloop
  endfacet
  facet normal 0.7518398074789517 0 -0.659345815100098
    outer loop
      vertex 8.190030010436857 -3.0115288317580617 14.086857856486919
      vertex 8.060660171779816 -3.0115288317580617 13.939339828220179
      vertex 8.060660171779816 -1.11 13.939339828220179
    endloop
  endfacet
  facet normal 0.946930129495115 0 -0.32143946530313383
    outer loop
      vertex 8.448888739433599 -1.11 14.611771432346218
      vertex 8.448888739433599 -3.0115288317580617 14.611771432346218
      vertex 8.385819298766933 -3.0115288317580617 14.425974851452365
    endloop
  endfacet
  facet normal 0.9978589232386044 0 -0.06540312923012997
    outer loop
      vertex 8.5 -1.11 15
      vertex 8.5 -3.0115288317580617 15
      vertex 8.487167292060718 -3.0115288317580617 14.804210711669922
    endloop
  endfacet
  facet normal 0 1 0
    outer loop
      vertex 5.512832707939282 0.71 14.804210711669922
      vertex 5.5 0.71 15
      vertex 5.512832707939282 0.71 15.195789288330078
    endloop
  endfacet
  facet normal 0 1 0
    outer loop
      vertex 5.512832707939282 0.71 14.804210711669922
      vertex 5.512832707939282 0.71 15.195789288330078
      vertex 5.516000000000005 0.71 15
    endloop
  endfacet
  facet normal -0.9978589232386044 0 0.06540312923012997
    outer loop
      vertex 5.5 0.71 15
      vertex 5.5 0.7 15
      vertex 5.512832707939282 0.71 15.195789288330078
    endloop
  endfacet
  facet normal 0 1 0
    outer loop
      vertex 5.516000000000005 0.71 15
      vertex 5.512832707939282 0.71 15.195789288330078
      vertex 5.528695825721272 0.71 15.193700869254556
    endloop
  endfacet
  facet normal -0.9978589232386044 0 0.06540312923012997
    outer loop
      vertex 5.512832707939282 0.71 15.195789288330078
      vertex 5.5 0.7 15
      vertex 5.512832707939282 0.7 15.195789288330078
    endloop
  endfacet
  facet normal 0 1 0
    outer loop
      vertex 5.512832707939282 0.71 15.195789288330078
      vertex 5.551111260566401 0.71 15.388228567653782
      vertex 5.528695825721272 0.71 15.193700869254556
    endloop
  endfacet
  facet normal -0.9807852804032248 0 0.1950903220161576
    outer loop
      vertex 5.512832707939282 0.71 15.195789288330078
      vertex 5.512832707939282 0.7 15.195789288330078
      vertex 5.551111260566401 0.71 15.388228567653782
    endloop
  endfacet
  facet normal -0.9807852804032248 0 0.1950903220161576
    outer loop
      vertex 5.512832707939282 0.7 15.195789288330078
      vertex 5.551111260566401 0.7 15.388228567653782
      vertex 5.551111260566401 0.71 15.388228567653782
    endloop
  endfacet
  facet normal 0 1 0
    outer loop
      vertex 5.528695825721272 0.71 15.193700869254556
      vertex 5.551111260566401 0.71 15.388228567653782
      vertex 5.5665660737870155 0.71 15.384087462932142
    endloop
  endfacet
  facet normal 0 1 0
    outer loop
      vertex 5.551111260566401 0.71 15.388228567653782
      vertex 5.614180701233067 0.71 15.574025148547635
      vertex 5.5665660737870155 0.71 15.384087462932142
    endloop
  endfacet
  facet normal -0.946930129495115 0 0.32143946530313383
    outer loop
      vertex 5.551111260566401 0.71 15.388228567653782
      vertex 5.551111260566401 0.7 15.388228567653782
      vertex 5.614180701233067 0.71 15.574025148547635
    endloop
  endfacet
  facet normal -0.946930129495115 0 0.32143946530313383
    outer loop
      vertex 5.614180701233067 0.71 15.574025148547635
      vertex 5.551111260566401 0.7 15.388228567653782
      vertex 5.614180701233067 0.7 15.574025148547635
    endloop
  endfacet
  facet normal 0 1 0
    outer loop
      vertex 5.5665660737870155 0.71 15.384087462932142
      vertex 5.614180701233067 0.71 15.574025148547635
      vertex 5.628962773753244 0.71 15.567902213629793
    endloop
  endfacet
  facet normal -0.8968727415326826 0 0.44228869021901285
    outer loop
      vertex 5.614180701233067 0.71 15.574025148547635
      vertex 5.614180701233067 0.7 15.574025148547635
      vertex 5.700961894323342 0.71 15.75
    endloop
  endfacet
  facet normal 0 1 0
    outer loop
      vertex 5.614180701233067 0.71 15.574025148547635
      vertex 5.700961894323342 0.71 15.75
      vertex 5.628962773753244 0.71 15.567902213629793
    endloop
  endfacet
  facet normal 0 1 0
    outer loop
      vertex 5.628962773753244 0.71 15.567902213629793
      vertex 5.700961894323342 0.71 15.75
      vertex 5.7148183007838895 0.71 15.742
    endloop
  endfacet
  facet normal -0.8968727415326826 0 0.44228869021901285
    outer loop
      vertex 5.614180701233067 0.7 15.574025148547635
      vertex 5.700961894323342 0.7 15.75
      vertex 5.700961894323342 0.71 15.75
    endloop
  endfacet
  facet normal 0 1 0
    outer loop
      vertex 5.7148183007838895 0.71 15.742
      vertex 5.700961894323342 0.71 15.75
      vertex 5.809969989563143 0.71 15.913142143513081
    endloop
  endfacet
  facet normal -0.8314696123025551 0 0.5555702330195876
    outer loop
      vertex 5.700961894323342 0.71 15.75
      vertex 5.700961894323342 0.7 15.75
      vertex 5.809969989563143 0.71 15.913142143513081
    endloop
  endfacet
  facet normal 0 1 0
    outer loop
      vertex 5.7148183007838895 0.71 15.742
      vertex 5.809969989563143 0.71 15.913142143513081
      vertex 5.8226636430078 0.71 15.903401960648942
    endloop
  endfacet
  facet normal -0.8314696123025551 0 0.5555702330195876
    outer loop
      vertex 5.700961894323342 0.7 15.75
      vertex 5.809969989563143 0.7 15.913142143513081
      vertex 5.809969989563143 0.71 15.913142143513081
    endloop
  endfacet
  facet normal 0 1 0
    outer loop
      vertex 5.809969989563143 0.71 15.913142143513081
      vertex 5.939339828220184 0.71 16.060660171779823
      vertex 5.8226636430078 0.71 15.903401960648942
    endloop
  endfacet
  facet normal -0.7518398074789557 0 0.6593458151000936
    outer loop
      vertex 5.809969989563143 0.71 15.913142143513081
      vertex 5.809969989563143 0.7 15.913142143513081
      vertex 5.939339828220184 0.71 16.060660171779823
    endloop
  endfacet
  facet normal 0 1 0
    outer loop
      vertex 5.8226636430078 0.71 15.903401960648942
      vertex 5.939339828220184 0.71 16.060660171779823
      vertex 5.950653536719159 0.71 16.049346463280838
    endloop
  endfacet
  facet normal -0.7518398074789557 0 0.6593458151000936
    outer loop
      vertex 5.809969989563143 0.7 15.913142143513081
      vertex 5.939339828220184 0.7 16.060660171779823
      vertex 5.939339828220184 0.71 16.060660171779823
    endloop
  endfacet
  facet normal 0 1 0
    outer loop
      vertex 5.939339828220184 0.71 16.060660171779823
      vertex 6.086857856486915 0.71 16.190030010436853
      vertex 5.950653536719159 0.71 16.049346463280838
    endloop
  endfacet
  facet normal -0.6593458151000898 0 0.7518398074789591
    outer loop
      vertex 5.939339828220184 0.71 16.060660171779823
      vertex 5.939339828220184 0.7 16.060660171779823
      vertex 6.086857856486915 0.71 16.190030010436853
    endloop
  endfacet
  facet normal 0 1 0
    outer loop
      vertex 5.950653536719159 0.71 16.049346463280838
      vertex 6.086857856486915 0.71 16.190030010436853
      vertex 6.096598039351065 0.71 16.177336356992193
    endloop
  endfacet
  facet normal -0.6593458151000898 0 0.7518398074789591
    outer loop
      vertex 5.939339828220184 0.7 16.060660171779823
      vertex 6.086857856486915 0.7 16.190030010436853
      vertex 6.086857856486915 0.71 16.190030010436853
    endloop
  endfacet
  facet normal 0 1 0
    outer loop
      vertex 6.096598039351065 0.71 16.177336356992193
      vertex 6.086857856486915 0.71 16.190030010436853
      vertex 6.25 0.71 16.299038105676658
    endloop
  endfacet
  facet normal -0.5555702330195917 0 0.8314696123025522
    outer loop
      vertex 6.086857856486915 0.71 16.190030010436853
      vertex 6.086857856486915 0.7 16.190030010436853
      vertex 6.25 0.71 16.299038105676658
    endloop
  endfacet
  facet normal 0 1 0
    outer loop
      vertex 6.096598039351065 0.71 16.177336356992193
      vertex 6.25 0.71 16.299038105676658
      vertex 6.257999999999996 0.71 16.285181699216107
    endloop
  endfacet
  facet normal -0.5555702330195917 0 0.8314696123025522
    outer loop
      vertex 6.086857856486915 0.7 16.190030010436853
      vertex 6.25 0.7 16.299038105676658
      vertex 6.25 0.71 16.299038105676658
    endloop
  endfacet
  facet normal 0 1 0
    outer loop
      vertex 6.25 0.71 16.299038105676658
      vertex 6.4259748514523665 0.71 16.38581929876693
      vertex 6.257999999999996 0.71 16.285181699216107
    endloop
  endfacet
  facet normal -0.4422886902189946 0 0.8968727415326915
    outer loop
      vertex 6.25 0.71 16.299038105676658
      vertex 6.25 0.7 16.299038105676658
      vertex 6.4259748514523665 0.71 16.38581929876693
    endloop
  endfacet
  facet normal 0 1 0
    outer loop
      vertex 6.257999999999996 0.71 16.285181699216107
      vertex 6.4259748514523665 0.71 16.38581929876693
      vertex 6.432097786370207 0.71 16.37103722624675
    endloop
  endfacet
  facet normal -0.4422886902189946 0 0.8968727415326915
    outer loop
      vertex 6.4259748514523665 0.71 16.38581929876693
      vertex 6.25 0.7 16.299038105676658
      vertex 6.4259748514523665 0.7 16.38581929876693
    endloop
  endfacet
  facet normal 0 1 0
    outer loop
      vertex 6.432097786370207 0.71 16.37103722624675
      vertex 6.4259748514523665 0.71 16.38581929876693
      vertex 6.611771432346217 0.71 16.448888739433603
    endloop
  endfacet
  facet normal -0.3214394653031718 0 0.9469301294951021
    outer loop
      vertex 6.4259748514523665 0.71 16.38581929876693
      vertex 6.4259748514523665 0.7 16.38581929876693
      vertex 6.611771432346217 0.71 16.448888739433603
    endloop
  endfacet
  facet normal 0 1 0
    outer loop
      vertex 6.432097786370207 0.71 16.37103722624675
      vertex 6.611771432346217 0.71 16.448888739433603
      vertex 6.615912537067857 0.71 16.433433926212977
    endloop
  endfacet
  facet normal -0.3214394653031718 0 0.9469301294951021
    outer loop
      vertex 6.4259748514523665 0.7 16.38581929876693
      vertex 6.611771432346217 0.7 16.448888739433603
      vertex 6.611771432346217 0.71 16.448888739433603
    endloop
  endfacet
  facet normal 0 1 0
    outer loop
      vertex 6.615912537067857 0.71 16.433433926212977
      vertex 6.611771432346217 0.71 16.448888739433603
      vertex 6.804210711669924 0.71 16.487167292060715
    endloop
  endfacet
  facet normal -0.1950903220161193 0 0.9807852804032323
    outer loop
      vertex 6.611771432346217 0.71 16.448888739433603
      vertex 6.611771432346217 0.7 16.448888739433603
      vertex 6.804210711669924 0.71 16.487167292060715
    endloop
  endfacet
  facet normal 0 1 0
    outer loop
      vertex 6.615912537067857 0.71 16.433433926212977
      vertex 6.804210711669924 0.71 16.487167292060715
      vertex 6.806299130745444 0.71 16.471304174278735
    endloop
  endfacet
  facet normal -0.1950903220161193 0 0.9807852804032323
    outer loop
      vertex 6.611771432346217 0.7 16.448888739433603
      vertex 6.804210711669924 0.7 16.487167292060715
      vertex 6.804210711669924 0.71 16.487167292060715
    endloop
  endfacet
  facet normal 0 1 0
    outer loop
      vertex 6.806299130745444 0.71 16.471304174278735
      vertex 6.804210711669924 0.71 16.487167292060715
      vertex 7 0.71 16.5
    endloop
  endfacet
  facet normal -0.06540312923014861 0 0.9978589232386033
    outer loop
      vertex 6.804210711669924 0.71 16.487167292060715
      vertex 6.804210711669924 0.7 16.487167292060715
      vertex 7 0.71 16.5
    endloop
  endfacet
  facet normal 0 1 0
    outer loop
      vertex 6.806299130745444 0.71 16.471304174278735
      vertex 7 0.71 16.5
      vertex 7 0.71 16.484
    endloop
  endfacet
  facet normal -0.06540312923014861 0 0.9978589232386033
    outer loop
      vertex 6.804210711669924 0.7 16.487167292060715
      vertex 7 0.7 16.5
      vertex 7 0.71 16.5
    endloop
  endfacet
  facet normal 0 1 0
    outer loop
      vertex 7 0.71 16.484
      vertex 7 0.71 16.5
      vertex 7.193700869254556 0.71 16.471304174278735
    endloop
  endfacet
  facet normal 0.06540312923014861 0 0.9978589232386033
    outer loop
      vertex 7 0.71 16.5
      vertex 7 0.7 16.5
      vertex 7.195789288330076 0.71 16.487167292060715
    endloop
  endfacet
  facet normal 0 1 0
    outer loop
      vertex 7.193700869254556 0.71 16.471304174278735
      vertex 7 0.71 16.5
      vertex 7.195789288330076 0.71 16.487167292060715
    endloop
  endfacet
  facet normal 0.06540312923014861 0 0.9978589232386033
    outer loop
      vertex 7.195789288330076 0.71 16.487167292060715
      vertex 7 0.7 16.5
      vertex 7.195789288330076 0.7 16.487167292060715
    endloop
  endfacet
  facet normal 0 1 0
    outer loop
      vertex 7.193700869254556 0.71 16.471304174278735
      vertex 7.195789288330076 0.71 16.487167292060715
      vertex 7.388228567653783 0.71 16.448888739433603
    endloop
  endfacet
  facet normal 0.1950903220161193 0 0.9807852804032323
    outer loop
      vertex 7.195789288330076 0.71 16.487167292060715
      vertex 7.195789288330076 0.7 16.487167292060715
      vertex 7.388228567653783 0.71 16.448888739433603
    endloop
  endfacet
  facet normal 0 1 0
    outer loop
      vertex 7.193700869254556 0.71 16.471304174278735
      vertex 7.388228567653783 0.71 16.448888739433603
      vertex 7.384087462932143 0.71 16.433433926212977
    endloop
  endfacet
  facet normal 0.1950903220161193 0 0.9807852804032323
    outer loop
      vertex 7.195789288330076 0.7 16.487167292060715
      vertex 7.388228567653783 0.7 16.448888739433603
      vertex 7.388228567653783 0.71 16.448888739433603
    endloop
  endfacet
  facet normal 0 1 0
    outer loop
      vertex 7.384087462932143 0.71 16.433433926212977
      vertex 7.5740251485476335 0.71 16.38581929876693
      vertex 7.567902213629793 0.71 16.37103722624675
    endloop
  endfacet
  facet normal 0 1 0
    outer loop
      vertex 7.567902213629793 0.71 16.37103722624675
      vertex 7.5740251485476335 0.71 16.38581929876693
      vertex 7.75 0.71 16.299038105676658
    endloop
  endfacet
  facet normal 0.4422886902189946 0 0.8968727415326915
    outer loop
      vertex 7.5740251485476335 0.71 16.38581929876693
      vertex 7.5740251485476335 0.7 16.38581929876693
      vertex 7.75 0.71 16.299038105676658
    endloop
  endfacet
  facet normal 0 1 0
    outer loop
      vertex 7.567902213629793 0.71 16.37103722624675
      vertex 7.75 0.71 16.299038105676658
      vertex 7.742000000000004 0.71 16.285181699216107
    endloop
  endfacet
  facet normal 0.4422886902189946 0 0.8968727415326915
    outer loop
      vertex 7.5740251485476335 0.7 16.38581929876693
      vertex 7.75 0.7 16.299038105676658
      vertex 7.75 0.71 16.299038105676658
    endloop
  endfacet
  facet normal 0 1 0
    outer loop
      vertex 7.742000000000004 0.71 16.285181699216107
      vertex 7.75 0.71 16.299038105676658
      vertex 7.913142143513085 0.71 16.190030010436853
    endloop
  endfacet
  facet normal 0.5555702330195917 0 0.8314696123025522
    outer loop
      vertex 7.75 0.71 16.299038105676658
      vertex 7.75 0.7 16.299038105676658
      vertex 7.913142143513085 0.71 16.190030010436853
    endloop
  endfacet
  facet normal 0 1 0
    outer loop
      vertex 7.384087462932143 0.71 16.433433926212977
      vertex 7.388228567653783 0.71 16.448888739433603
      vertex 7.5740251485476335 0.71 16.38581929876693
    endloop
  endfacet
  facet normal 0.3214394653031718 0 0.9469301294951021
    outer loop
      vertex 7.388228567653783 0.71 16.448888739433603
      vertex 7.388228567653783 0.7 16.448888739433603
      vertex 7.5740251485476335 0.71 16.38581929876693
    endloop
  endfacet
  facet normal 0.3214394653031718 0 0.9469301294951021
    outer loop
      vertex 7.5740251485476335 0.71 16.38581929876693
      vertex 7.388228567653783 0.7 16.448888739433603
      vertex 7.5740251485476335 0.7 16.38581929876693
    endloop
  endfacet
  facet normal 0 1 0
    outer loop
      vertex 7.903401960648935 0.71 16.177336356992193
      vertex 7.913142143513085 0.71 16.190030010436853
      vertex 8.060660171779816 0.71 16.060660171779823
    endloop
  endfacet
  facet normal 0.6593458151000898 0 0.7518398074789591
    outer loop
      vertex 8.060660171779816 0.71 16.060660171779823
      vertex 7.913142143513085 0.71 16.190030010436853
      vertex 7.913142143513085 0.7 16.190030010436853
    endloop
  endfacet
  facet normal 0 1 0
    outer loop
      vertex 7.903401960648935 0.71 16.177336356992193
      vertex 8.060660171779816 0.71 16.060660171779823
      vertex 8.049346463280841 0.71 16.049346463280838
    endloop
  endfacet
  facet normal 0.6593458151000898 0 0.7518398074789591
    outer loop
      vertex 8.060660171779816 0.71 16.060660171779823
      vertex 7.913142143513085 0.7 16.190030010436853
      vertex 8.060660171779816 0.7 16.060660171779823
    endloop
  endfacet
  facet normal 0 1 0
    outer loop
      vertex 7.903401960648935 0.71 16.177336356992193
      vertex 7.742000000000004 0.71 16.285181699216107
      vertex 7.913142143513085 0.71 16.190030010436853
    endloop
  endfacet
  facet normal 0.5555702330195917 0 0.8314696123025522
    outer loop
      vertex 7.913142143513085 0.71 16.190030010436853
      vertex 7.75 0.7 16.299038105676658
      vertex 7.913142143513085 0.7 16.190030010436853
    endloop
  endfacet
  facet normal 0 1 0
    outer loop
      vertex 8.049346463280841 0.71 16.049346463280838
      vertex 8.060660171779816 0.71 16.060660171779823
      vertex 8.190030010436857 0.71 15.913142143513081
    endloop
  endfacet
  facet normal 0.7518398074789557 0 0.6593458151000936
    outer loop
      vertex 8.060660171779816 0.71 16.060660171779823
      vertex 8.060660171779816 0.7 16.060660171779823
      vertex 8.190030010436857 0.71 15.913142143513081
    endloop
  endfacet
  facet normal 0 1 0
    outer loop
      vertex 8.049346463280841 0.71 16.049346463280838
      vertex 8.190030010436857 0.71 15.913142143513081
      vertex 8.1773363569922 0.71 15.903401960648942
    endloop
  endfacet
  facet normal 0.7518398074789557 0 0.6593458151000936
    outer loop
      vertex 8.060660171779816 0.7 16.060660171779823
      vertex 8.190030010436857 0.7 15.913142143513081
      vertex 8.190030010436857 0.71 15.913142143513081
    endloop
  endfacet
  facet normal 0 1 0
    outer loop
      vertex 8.487167292060718 0.71 14.804210711669922
      vertex 8.483999999999995 0.71 15
      vertex 8.487167292060718 0.71 15.195789288330078
    endloop
  endfacet
  facet normal 0 1 0
    outer loop
      vertex 8.487167292060718 0.71 14.804210711669922
      vertex 8.487167292060718 0.71 15.195789288330078
      vertex 8.5 0.71 15
    endloop
  endfacet
  facet normal 0.9978589232386044 0 0.06540312923012997
    outer loop
      vertex 8.5 0.71 15
      vertex 8.487167292060718 0.7 15.195789288330078
      vertex 8.5 0.7 15
    endloop
  endfacet
  facet normal 0 1 0
    outer loop
      vertex 8.483999999999995 0.71 15
      vertex 8.471304174278728 0.71 15.193700869254556
      vertex 8.487167292060718 0.71 15.195789288330078
    endloop
  endfacet
  facet normal 0.9978589232386044 0 0.06540312923012997
    outer loop
      vertex 8.5 0.71 15
      vertex 8.487167292060718 0.71 15.195789288330078
      vertex 8.487167292060718 0.7 15.195789288330078
    endloop
  endfacet
  facet normal 0 1 0
    outer loop
      vertex 8.471304174278728 0.71 15.193700869254556
      vertex 8.433433926212984 0.71 15.384087462932142
      vertex 8.487167292060718 0.71 15.195789288330078
    endloop
  endfacet
  facet normal 0.9807852804032248 0 0.1950903220161576
    outer loop
      vertex 8.487167292060718 0.71 15.195789288330078
      vertex 8.448888739433599 0.7 15.388228567653782
      vertex 8.487167292060718 0.7 15.195789288330078
    endloop
  endfacet
  facet normal 0 1 0
    outer loop
      vertex 8.487167292060718 0.71 15.195789288330078
      vertex 8.433433926212984 0.71 15.384087462932142
      vertex 8.448888739433599 0.71 15.388228567653782
    endloop
  endfacet
  facet normal 0.9807852804032248 0 0.1950903220161576
    outer loop
      vertex 8.487167292060718 0.71 15.195789288330078
      vertex 8.448888739433599 0.71 15.388228567653782
      vertex 8.448888739433599 0.7 15.388228567653782
    endloop
  endfacet
  facet normal 0 1 0
    outer loop
      vertex 8.433433926212984 0.71 15.384087462932142
      vertex 8.371037226246756 0.71 15.567902213629793
      vertex 8.448888739433599 0.71 15.388228567653782
    endloop
  endfacet
  facet normal 0.946930129495115 0 0.32143946530313383
    outer loop
      vertex 8.448888739433599 0.71 15.388228567653782
      vertex 8.385819298766933 0.7 15.574025148547635
      vertex 8.448888739433599 0.7 15.388228567653782
    endloop
  endfacet
  facet normal 0 1 0
    outer loop
      vertex 8.448888739433599 0.71 15.388228567653782
      vertex 8.371037226246756 0.71 15.567902213629793
      vertex 8.385819298766933 0.71 15.574025148547635
    endloop
  endfacet
  facet normal 0 1 0
    outer loop
      vertex 8.371037226246756 0.71 15.567902213629793
      vertex 8.28518169921611 0.71 15.742
      vertex 8.385819298766933 0.71 15.574025148547635
    endloop
  endfacet
  facet normal 0 1 0
    outer loop
      vertex 8.385819298766933 0.71 15.574025148547635
      vertex 8.28518169921611 0.71 15.742
      vertex 8.299038105676658 0.71 15.75
    endloop
  endfacet
  facet normal 0.8968727415326826 0 0.44228869021901285
    outer loop
      vertex 8.385819298766933 0.71 15.574025148547635
      vertex 8.299038105676658 0.71 15.75
      vertex 8.299038105676658 0.7 15.75
    endloop
  endfacet
  facet normal 0.8968727415326826 0 0.44228869021901285
    outer loop
      vertex 8.385819298766933 0.71 15.574025148547635
      vertex 8.299038105676658 0.7 15.75
      vertex 8.385819298766933 0.7 15.574025148547635
    endloop
  endfacet
  facet normal 0 1 0
    outer loop
      vertex 8.28518169921611 0.71 15.742
      vertex 8.1773363569922 0.71 15.903401960648942
      vertex 8.299038105676658 0.71 15.75
    endloop
  endfacet
  facet normal 0.8314696123025551 0 0.5555702330195876
    outer loop
      vertex 8.299038105676658 0.71 15.75
      vertex 8.190030010436857 0.7 15.913142143513081
      vertex 8.299038105676658 0.7 15.75
    endloop
  endfacet
  facet normal 0 1 0
    outer loop
      vertex 8.299038105676658 0.71 15.75
      vertex 8.1773363569922 0.71 15.903401960648942
      vertex 8.190030010436857 0.71 15.913142143513081
    endloop
  endfacet
  facet normal 0.8314696123025551 0 0.5555702330195876
    outer loop
      vertex 8.299038105676658 0.71 15.75
      vertex 8.190030010436857 0.71 15.913142143513081
      vertex 8.190030010436857 0.7 15.913142143513081
    endloop
  endfacet
  facet normal 0.946930129495115 0 0.32143946530313383
    outer loop
      vertex 8.448888739433599 0.71 15.388228567653782
      vertex 8.385819298766933 0.71 15.574025148547635
      vertex 8.385819298766933 0.7 15.574025148547635
    endloop
  endfacet
  facet normal -0.9978589232386044 0 0.06540312923012997
    outer loop
      vertex 5.5 -1.11 15
      vertex 5.512832707939282 -3.0115288317580617 15.195789288330078
      vertex 5.512832707939282 -1.11 15.195789288330078
    endloop
  endfacet
  facet normal -0.9807852804032245 0 0.19509032201615756
    outer loop
      vertex 5.512832707939282 -1.11 15.195789288330078
      vertex 5.551111260566401 -3.0115288317580617 15.388228567653782
      vertex 5.551111260566401 -1.11 15.388228567653782
    endloop
  endfacet
  facet normal -0.946930129495115 0 0.32143946530313383
    outer loop
      vertex 5.551111260566401 -1.11 15.388228567653782
      vertex 5.614180701233067 -3.0115288317580617 15.574025148547635
      vertex 5.614180701233067 -1.11 15.574025148547635
    endloop
  endfacet
  facet normal -0.8968727415326826 0 0.44228869021901274
    outer loop
      vertex 5.614180701233067 -1.11 15.574025148547635
      vertex 5.700961894323342 -3.0115288317580617 15.75
      vertex 5.700961894323342 -1.11 15.75
    endloop
  endfacet
  facet normal -0.831469612302555 0 0.5555702330195876
    outer loop
      vertex 5.700961894323342 -1.11 15.75
      vertex 5.809969989563143 -3.0115288317580617 15.913142143513081
      vertex 5.809969989563143 -1.11 15.913142143513081
    endloop
  endfacet
  facet normal -0.9978589232386044 0 0.06540312923012997
    outer loop
      vertex 5.5 -1.11 15
      vertex 5.5 -3.0115288317580617 15
      vertex 5.512832707939282 -3.0115288317580617 15.195789288330078
    endloop
  endfacet
  facet normal -0.9807852804032245 0 0.19509032201615756
    outer loop
      vertex 5.512832707939282 -1.11 15.195789288330078
      vertex 5.512832707939282 -3.0115288317580617 15.195789288330078
      vertex 5.551111260566401 -3.0115288317580617 15.388228567653782
    endloop
  endfacet
  facet normal -0.946930129495115 0 0.32143946530313383
    outer loop
      vertex 5.551111260566401 -1.11 15.388228567653782
      vertex 5.551111260566401 -3.0115288317580617 15.388228567653782
      vertex 5.614180701233067 -3.0115288317580617 15.574025148547635
    endloop
  endfacet
  facet normal -0.8968727415326826 0 0.44228869021901274
    outer loop
      vertex 5.614180701233067 -1.11 15.574025148547635
      vertex 5.614180701233067 -3.0115288317580617 15.574025148547635
      vertex 5.700961894323342 -3.0115288317580617 15.75
    endloop
  endfacet
  facet normal -0.831469612302555 0 0.5555702330195876
    outer loop
      vertex 5.700961894323342 -1.11 15.75
      vertex 5.700961894323342 -3.0115288317580617 15.75
      vertex 5.809969989563143 -3.0115288317580617 15.913142143513081
    endloop
  endfacet
  facet normal -0.7518398074789556 0 0.6593458151000937
    outer loop
      vertex 5.809969989563143 -1.11 15.913142143513081
      vertex 5.809969989563143 -3.0115288317580617 15.913142143513081
      vertex 5.939339828220184 -3.0115288317580617 16.060660171779823
    endloop
  endfacet
  facet normal -0.7518398074789556 0 0.6593458151000937
    outer loop
      vertex 5.809969989563143 -1.11 15.913142143513081
      vertex 5.939339828220184 -3.0115288317580617 16.060660171779823
      vertex 5.939339828220184 -1.11 16.060660171779823
    endloop
  endfacet
  facet normal -0.6593458151000898 0 0.751839807478959
    outer loop
      vertex 5.939339828220184 -1.11 16.060660171779823
      vertex 6.086857856486915 -3.0115288317580617 16.190030010436853
      vertex 6.086857856486915 -1.11 16.190030010436853
    endloop
  endfacet
  facet normal -0.5555702330195917 0 0.8314696123025522
    outer loop
      vertex 6.086857856486915 -1.11 16.190030010436853
      vertex 6.25 -3.0115288317580617 16.299038105676658
      vertex 6.25 -1.11 16.299038105676658
    endloop
  endfacet
  facet normal -0.44228869021899464 0 0.8968727415326916
    outer loop
      vertex 6.25 -1.11 16.299038105676658
      vertex 6.4259748514523665 -3.0115288317580617 16.38581929876693
      vertex 6.4259748514523665 -1.11 16.38581929876693
    endloop
  endfacet
  facet normal -0.3214394653031718 0 0.9469301294951021
    outer loop
      vertex 6.4259748514523665 -1.11 16.38581929876693
      vertex 6.611771432346217 -3.0115288317580617 16.448888739433603
      vertex 6.611771432346217 -1.11 16.448888739433603
    endloop
  endfacet
  facet normal -0.19509032201611928 0 0.9807852804032322
    outer loop
      vertex 6.611771432346217 -1.11 16.448888739433603
      vertex 6.804210711669924 -3.0115288317580617 16.487167292060715
      vertex 6.804210711669924 -1.11 16.487167292060715
    endloop
  endfacet
  facet normal -0.06540312923014861 0 0.9978589232386031
    outer loop
      vertex 6.804210711669924 -1.11 16.487167292060715
      vertex 7 -3.0115288317580617 16.5
      vertex 7 -1.11 16.5
    endloop
  endfacet
  facet normal 0.06540312923014861 0 0.9978589232386031
    outer loop
      vertex 7 -1.11 16.5
      vertex 7.195789288330076 -3.0115288317580617 16.487167292060715
      vertex 7.195789288330076 -1.11 16.487167292060715
    endloop
  endfacet
  facet normal 0.19509032201611928 0 0.9807852804032322
    outer loop
      vertex 7.195789288330076 -1.11 16.487167292060715
      vertex 7.388228567653783 -3.0115288317580617 16.448888739433603
      vertex 7.388228567653783 -1.11 16.448888739433603
    endloop
  endfacet
  facet normal -0.6593458151000898 0 0.751839807478959
    outer loop
      vertex 5.939339828220184 -1.11 16.060660171779823
      vertex 5.939339828220184 -3.0115288317580617 16.060660171779823
      vertex 6.086857856486915 -3.0115288317580617 16.190030010436853
    endloop
  endfacet
  facet normal -0.5555702330195917 0 0.8314696123025522
    outer loop
      vertex 6.086857856486915 -1.11 16.190030010436853
      vertex 6.086857856486915 -3.0115288317580617 16.190030010436853
      vertex 6.25 -3.0115288317580617 16.299038105676658
    endloop
  endfacet
  facet normal -0.44228869021899464 0 0.8968727415326916
    outer loop
      vertex 6.25 -1.11 16.299038105676658
      vertex 6.25 -3.0115288317580617 16.299038105676658
      vertex 6.4259748514523665 -3.0115288317580617 16.38581929876693
    endloop
  endfacet
  facet normal -0.3214394653031718 0 0.9469301294951021
    outer loop
      vertex 6.4259748514523665 -1.11 16.38581929876693
      vertex 6.4259748514523665 -3.0115288317580617 16.38581929876693
      vertex 6.611771432346217 -3.0115288317580617 16.448888739433603
    endloop
  endfacet
  facet normal -0.19509032201611928 0 0.9807852804032322
    outer loop
      vertex 6.611771432346217 -1.11 16.448888739433603
      vertex 6.611771432346217 -3.0115288317580617 16.448888739433603
      vertex 6.804210711669924 -3.0115288317580617 16.487167292060715
    endloop
  endfacet
  facet normal -0.06540312923014861 0 0.9978589232386031
    outer loop
      vertex 6.804210711669924 -1.11 16.487167292060715
      vertex 6.804210711669924 -3.0115288317580617 16.487167292060715
      vertex 7 -3.0115288317580617 16.5
    endloop
  endfacet
  facet normal 0.06540312923014861 0 0.9978589232386031
    outer loop
      vertex 7 -1.11 16.5
      vertex 7 -3.0115288317580617 16.5
      vertex 7.195789288330076 -3.0115288317580617 16.487167292060715
    endloop
  endfacet
  facet normal 0.19509032201611928 0 0.9807852804032322
    outer loop
      vertex 7.195789288330076 -1.11 16.487167292060715
      vertex 7.195789288330076 -3.0115288317580617 16.487167292060715
      vertex 7.388228567653783 -3.0115288317580617 16.448888739433603
    endloop
  endfacet
  facet normal 0.44228869021899464 0 0.8968727415326916
    outer loop
      vertex 7.5740251485476335 -1.11 16.38581929876693
      vertex 7.75 -3.0115288317580617 16.299038105676658
      vertex 7.75 -1.11 16.299038105676658
    endloop
  endfacet
  facet normal 0.3214394653031718 0 0.9469301294951021
    outer loop
      vertex 7.388228567653783 -1.11 16.448888739433603
      vertex 7.5740251485476335 -3.0115288317580617 16.38581929876693
      vertex 7.5740251485476335 -1.11 16.38581929876693
    endloop
  endfacet
  facet normal 0.6593458151000898 0 0.751839807478959
    outer loop
      vertex 8.060660171779816 -1.11 16.060660171779823
      vertex 7.913142143513085 -1.11 16.190030010436853
      vertex 8.060660171779816 -3.0115288317580617 16.060660171779823
    endloop
  endfacet
  facet normal 0.5555702330195917 0 0.8314696123025522
    outer loop
      vertex 7.75 -1.11 16.299038105676658
      vertex 7.913142143513085 -3.0115288317580617 16.190030010436853
      vertex 7.913142143513085 -1.11 16.190030010436853
    endloop
  endfacet
  facet normal 0.7518398074789556 0 0.6593458151000937
    outer loop
      vertex 8.060660171779816 -1.11 16.060660171779823
      vertex 8.190030010436857 -3.0115288317580617 15.913142143513081
      vertex 8.190030010436857 -1.11 15.913142143513081
    endloop
  endfacet
  facet normal 0.9978589232386044 0 0.06540312923012997
    outer loop
      vertex 8.5 -1.11 15
      vertex 8.487167292060718 -1.11 15.195789288330078
      vertex 8.5 -3.0115288317580617 15
    endloop
  endfacet
  facet normal 0.9807852804032245 0 0.19509032201615756
    outer loop
      vertex 8.487167292060718 -1.11 15.195789288330078
      vertex 8.448888739433599 -1.11 15.388228567653782
      vertex 8.487167292060718 -3.0115288317580617 15.195789288330078
    endloop
  endfacet
  facet normal 0.946930129495115 0 0.32143946530313383
    outer loop
      vertex 8.448888739433599 -1.11 15.388228567653782
      vertex 8.385819298766933 -1.11 15.574025148547635
      vertex 8.448888739433599 -3.0115288317580617 15.388228567653782
    endloop
  endfacet
  facet normal 0.8968727415326826 0 0.44228869021901274
    outer loop
      vertex 8.385819298766933 -1.11 15.574025148547635
      vertex 8.299038105676658 -1.11 15.75
      vertex 8.385819298766933 -3.0115288317580617 15.574025148547635
    endloop
  endfacet
  facet normal 0.831469612302555 0 0.5555702330195876
    outer loop
      vertex 8.299038105676658 -1.11 15.75
      vertex 8.190030010436857 -1.11 15.913142143513081
      vertex 8.299038105676658 -3.0115288317580617 15.75
    endloop
  endfacet
  facet normal 0.44228869021899464 0 0.8968727415326916
    outer loop
      vertex 7.5740251485476335 -1.11 16.38581929876693
      vertex 7.5740251485476335 -3.0115288317580617 16.38581929876693
      vertex 7.75 -3.0115288317580617 16.299038105676658
    endloop
  endfacet
  facet normal 0.5555702330195917 0 0.8314696123025522
    outer loop
      vertex 7.75 -1.11 16.299038105676658
      vertex 7.75 -3.0115288317580617 16.299038105676658
      vertex 7.913142143513085 -3.0115288317580617 16.190030010436853
    endloop
  endfacet
  facet normal 0.3214394653031718 0 0.9469301294951021
    outer loop
      vertex 7.388228567653783 -1.11 16.448888739433603
      vertex 7.388228567653783 -3.0115288317580617 16.448888739433603
      vertex 7.5740251485476335 -3.0115288317580617 16.38581929876693
    endloop
  endfacet
  facet normal 0.6593458151000898 0 0.751839807478959
    outer loop
      vertex 7.913142143513085 -1.11 16.190030010436853
      vertex 7.913142143513085 -3.0115288317580617 16.190030010436853
      vertex 8.060660171779816 -3.0115288317580617 16.060660171779823
    endloop
  endfacet
  facet normal 0.7518398074789556 0 0.6593458151000937
    outer loop
      vertex 8.060660171779816 -1.11 16.060660171779823
      vertex 8.060660171779816 -3.0115288317580617 16.060660171779823
      vertex 8.190030010436857 -3.0115288317580617 15.913142143513081
    endloop
  endfacet
  facet normal 0.9978589232386044 0 0.06540312923012997
    outer loop
      vertex 8.487167292060718 -1.11 15.195789288330078
      vertex 8.487167292060718 -3.0115288317580617 15.195789288330078
      vertex 8.5 -3.0115288317580617 15
    endloop
  endfacet
  facet normal 0.9807852804032245 0 0.19509032201615756
    outer loop
      vertex 8.448888739433599 -1.11 15.388228567653782
      vertex 8.448888739433599 -3.0115288317580617 15.388228567653782
      vertex 8.487167292060718 -3.0115288317580617 15.195789288330078
    endloop
  endfacet
  facet normal 0.8968727415326826 0 0.44228869021901274
    outer loop
      vertex 8.299038105676658 -1.11 15.75
      vertex 8.299038105676658 -3.0115288317580617 15.75
      vertex 8.385819298766933 -3.0115288317580617 15.574025148547635
    endloop
  endfacet
  facet normal 0.831469612302555 0 0.5555702330195876
    outer loop
      vertex 8.190030010436857 -1.11 15.913142143513081
      vertex 8.190030010436857 -3.0115288317580617 15.913142143513081
      vertex 8.299038105676658 -3.0115288317580617 15.75
    endloop
  endfacet
  facet normal 0.946930129495115 0 0.32143946530313383
    outer loop
      vertex 8.385819298766933 -1.11 15.574025148547635
      vertex 8.385819298766933 -3.0115288317580617 15.574025148547635
      vertex 8.448888739433599 -3.0115288317580617 15.388228567653782
    endloop
  endfacet
endsolid OpenSCAD_Model
