solid OpenSCAD_Model
  facet normal 0 -1 0
    outer loop
      vertex 2.6676304481626634 -1.5 1.7666546193979666
      vertex 4 -1.5 1.7499999999999998
      vertex 2.6792506442827317 -1.5 1.7902180461412396
    endloop
  endfacet
  facet normal 0 -1 0
    outer loop
      vertex 2.6792506442827317 -1.5 1.7902180461412396
      vertex 4 -1.5 1.7499999999999998
      vertex 2.801184896238299 -1.5 2.1494247692026898
    endloop
  endfacet
  facet normal 0 -1 0
    outer loop
      vertex 2.801184896238299 -1.5 2.1494247692026898
      vertex 4 -1.5 1.7499999999999998
      vertex 2.875190097984051 -1.5 2.5214740425618505
    endloop
  endfacet
  facet normal -0.012499023551926136 0 -0.9999218841540816
    outer loop
      vertex 2.6676304481626634 -1.5 1.7666546193979666
      vertex 4 1.5 1.7499999999999998
      vertex 4 -1.5 1.7499999999999998
    endloop
  endfacet
  facet normal 0 -1 0
    outer loop
      vertex 2.875190097984051 -1.5 2.5214740425618505
      vertex 4 -1.5 1.7499999999999998
      vertex 2.9000000000000004 -1.5 2.9
    endloop
  endfacet
  facet normal 0 -1 0
    outer loop
      vertex 4 -1.5 1.7499999999999998
      vertex 2.875190097984051 -1.5 3.2785259574381493
      vertex 2.9000000000000004 -1.5 2.9
    endloop
  endfacet
  facet normal 0.06540312923014413 0 -0.9978589232386034
    outer loop
      vertex 4 -1.5 1.7499999999999998
      vertex 4.143578811442056 1.5 1.7594106524888085
      vertex 4.143578811442056 -1.5 1.7594106524888085
    endloop
  endfacet
  facet normal 0 -1 0
    outer loop
      vertex 4.87268867432036 -1.5 2.1803624280904073
      vertex 5.062518408917976 -1.5 2.5652990503872273
      vertex 5.00324948879595 -1.5 2.8367359668276597
    endloop
  endfacet
  facet normal 0 -1 0
    outer loop
      vertex 4 -1.5 1.7499999999999998
      vertex 3.4499999999999993 -1.5 3.8026279441628823
      vertex 2.875190097984051 -1.5 3.2785259574381493
    endloop
  endfacet
  facet normal 0 -1 0
    outer loop
      vertex 2.875190097984051 -1.5 3.2785259574381493
      vertex 3.4499999999999993 -1.5 3.8026279441628823
      vertex 2.801184896238299 -1.5 3.65057523079731
    endloop
  endfacet
  facet normal 0 -1 0
    outer loop
      vertex 2.801184896238299 -1.5 3.65057523079731
      vertex 3.4499999999999993 -1.5 3.8026279441628823
      vertex 2.6940023021156048 -1.5 3.9663249712235547
    endloop
  endfacet
  facet normal 0 -1 0
    outer loop
      vertex 2.6940023021156048 -1.5 3.9663249712235547
      vertex 3.4499999999999993 -1.5 3.8026279441628823
      vertex 4 -1.5 3.9499999999999997
    endloop
  endfacet
  facet normal 0.012499023551926001 -3.761570460215561e-14 0.9999218841540816
    outer loop
      vertex 2.6940023021156048 -1.5 3.9663249712235547
      vertex 4 -1.5 3.9499999999999997
      vertex 3.9569634036899544 -1.4952686016408465 3.9505379574538755
    endloop
  endfacet
  facet normal 0.01249902355192586 0 0.9999218841540815
    outer loop
      vertex 2.6940023021156048 -1.5 3.9663249712235547
      vertex 3.9569634036899544 -1.4952686016408465 3.9505379574538755
      vertex 2.6940023021156048 1.5 3.9663249712235547
    endloop
  endfacet
  facet normal -0.012499023551926136 0 -0.9999218841540816
    outer loop
      vertex 2.6676304481626634 -1.5 1.7666546193979666
      vertex 2.6676304481626634 1.5 1.7666546193979666
      vertex 4 1.5 1.7499999999999998
    endloop
  endfacet
  facet normal 0 1 0
    outer loop
      vertex 2.6676304481626634 1.5 1.7666546193979666
      vertex 2.6792506442827317 1.5 1.7902180461412396
      vertex 3.7152990503872267 1.5 1.7874815910820245
    endloop
  endfacet
  facet normal 0 1 0
    outer loop
      vertex 2.6792506442827317 1.5 1.7902180461412396
      vertex 3.6393720444224655 1.5 1.8313180684145418
      vertex 3.7152990503872267 1.5 1.7874815910820245
    endloop
  endfacet
  facet normal 0 1 0
    outer loop
      vertex 2.6676304481626634 1.5 1.7666546193979666
      vertex 3.7152990503872267 1.5 1.7874815910820245
      vertex 4 1.5 1.7499999999999998
    endloop
  endfacet
  facet normal 0 1 0
    outer loop
      vertex 2.6792506442827317 1.5 1.7902180461412396
      vertex 2.801184896238299 1.5 2.1494247692026898
      vertex 3.703580852694669 1.5 1.9087698334768008
    endloop
  endfacet
  facet normal 0 1 0
    outer loop
      vertex 2.6792506442827317 1.5 1.7902180461412396
      vertex 3.703580852694669 1.5 1.9087698334768008
      vertex 3.6393720444224655 1.5 1.8313180684145418
    endloop
  endfacet
  facet normal 0 1 0
    outer loop
      vertex 2.801184896238299 1.5 2.1494247692026898
      vertex 3.9743832100111813 1.5 1.9077912125855894
      vertex 3.703580852694669 1.5 1.9087698334768008
    endloop
  endfacet
  facet normal 0 1 0
    outer loop
      vertex 2.801184896238299 1.5 2.1494247692026898
      vertex 2.875190097984051 1.5 2.5214740425618505
      vertex 4.586048904548383 1.5 2.336048904548383
    endloop
  endfacet
  facet normal 0 1 0
    outer loop
      vertex 2.801184896238299 1.5 2.1494247692026898
      vertex 4.087793766519329 1.5 1.894087664518847
      vertex 3.9743832100111813 1.5 1.9077912125855894
    endloop
  endfacet
  facet normal 0 1 0
    outer loop
      vertex 2.801184896238299 1.5 2.1494247692026898
      vertex 4.117840051041981 1.5 1.888808139126476
      vertex 4.087793766519329 1.5 1.894087664518847
    endloop
  endfacet
  facet normal 0 1 0
    outer loop
      vertex 2.801184896238299 1.5 2.1494247692026898
      vertex 4.586048904548383 1.5 2.336048904548383
      vertex 4.117840051041981 1.5 1.888808139126476
    endloop
  endfacet
  facet normal 0 1 0
    outer loop
      vertex 4.362699482736426 1.5 2.044974271033629
      vertex 4.586048904548383 1.5 2.336048904548383
      vertex 4.964399154513112 1.5 2.522630599756295
    endloop
  endfacet
  facet normal 0 1 0
    outer loop
      vertex 2.875190097984051 1.5 2.5214740425618505
      vertex 2.9000000000000004 1.5 2.9
      vertex 5.1 1.5 2.8499999999999996
    endloop
  endfacet
  facet normal 0 1 0
    outer loop
      vertex 2.875190097984051 1.5 2.5214740425618505
      vertex 5.1 1.5 2.8499999999999996
      vertex 4.586048904548383 1.5 2.336048904548383
    endloop
  endfacet
  facet normal 0 1 0
    outer loop
      vertex 4.905471506579145 1.5 2.302709623696208
      vertex 4.964399154513112 1.5 2.522630599756295
      vertex 5.071929061406786 1.5 2.708877861829295
    endloop
  endfacet
  facet normal 0 1 0
    outer loop
      vertex 4.586048904548383 1.5 2.336048904548383
      vertex 5.1 1.5 2.8499999999999996
      vertex 4.964399154513112 1.5 2.522630599756295
    endloop
  endfacet
  facet normal 0 1 0
    outer loop
      vertex 4.964399154513112 1.5 2.522630599756295
      vertex 5.1 1.5 2.8499999999999996
      vertex 5.071929061406786 1.5 2.708877861829295
    endloop
  endfacet
  facet normal 0 1 0
    outer loop
      vertex 5.062518408917976 1.5 2.5652990503872273
      vertex 5.071929061406786 1.5 2.708877861829295
      vertex 5.1 1.5 2.8499999999999996
    endloop
  endfacet
  facet normal 0 1 0
    outer loop
      vertex 5.064510418443797 1.5 2.896250923155558
      vertex 5.084224671423984 1.5 2.8964726194004404
      vertex 5.1 1.5 2.8499999999999996
    endloop
  endfacet
  facet normal 0 1 0
    outer loop
      vertex 5.1 1.5 2.8499999999999996
      vertex 5.084224671423984 1.5 2.8964726194004404
      vertex 5.08743446973712 1.5 2.945444678172852
    endloop
  endfacet
  facet normal 0 1 0
    outer loop
      vertex 2.875190097984051 1.5 3.2785259574381493
      vertex 2.801184896238299 1.5 3.65057523079731
      vertex 3.827153961230449 1.5 3.837779346946166
    endloop
  endfacet
  facet normal 0.01249902355192586 0 0.9999218841540815
    outer loop
      vertex 3.9569634036899544 -1.4952686016408465 3.9505379574538755
      vertex 3.9569634036899544 1.4952686016408465 3.9505379574538755
      vertex 2.6940023021156048 1.5 3.9663249712235547
    endloop
  endfacet
  facet normal 0 1 0
    outer loop
      vertex 2.801184896238299 1.5 3.65057523079731
      vertex 3.7495998001839794 1.5 3.9056955655730055
      vertex 3.827153961230449 1.5 3.837779346946166
    endloop
  endfacet
  facet normal 0 1 0
    outer loop
      vertex 2.801184896238299 1.5 3.65057523079731
      vertex 2.6940023021156048 1.5 3.9663249712235547
      vertex 3.7495998001839794 1.5 3.9056955655730055
    endloop
  endfacet
  facet normal 0 1 0
    outer loop
      vertex 2.6940023021156048 1.5 3.9663249712235547
      vertex 3.8505422134184624 1.5 3.921382714145128
      vertex 3.7495998001839794 1.5 3.9056955655730055
    endloop
  endfacet
  facet normal 0 1 0
    outer loop
      vertex 2.6940023021156048 1.5 3.9663249712235547
      vertex 4 1.5 3.9499999999999997
      vertex 3.8505422134184624 1.5 3.921382714145128
    endloop
  endfacet
  facet normal 0.012499023551926001 3.761570460215561e-14 0.9999218841540816
    outer loop
      vertex 2.6940023021156048 1.5 3.9663249712235547
      vertex 3.9569634036899544 1.4952686016408465 3.9505379574538755
      vertex 4 1.5 3.9499999999999997
    endloop
  endfacet
  facet normal 0 1 0
    outer loop
      vertex 5.1 1.5 2.8499999999999996
      vertex 2.9000000000000004 1.5 2.9
      vertex 2.875190097984051 1.5 3.2785259574381493
    endloop
  endfacet
  facet normal 0 1 0
    outer loop
      vertex 5.064510418443797 1.5 2.896250923155558
      vertex 2.875190097984051 1.5 3.2785259574381493
      vertex 5.036221263236966 1.5 2.9227249445431154
    endloop
  endfacet
  facet normal 0 1 0
    outer loop
      vertex 5.064510418443797 1.5 2.896250923155558
      vertex 5.1 1.5 2.8499999999999996
      vertex 2.875190097984051 1.5 3.2785259574381493
    endloop
  endfacet
  facet normal 0 1 0
    outer loop
      vertex 2.875190097984051 1.5 3.2785259574381493
      vertex 3.827153961230449 1.5 3.837779346946166
      vertex 5.036221263236966 1.5 2.9227249445431154
    endloop
  endfacet
  facet normal 0 1 0
    outer loop
      vertex 5.064510418443797 1.5 2.896250923155558
      vertex 5.073240337359154 1.5 2.9288314240936226
      vertex 5.084224671423984 1.5 2.8964726194004404
    endloop
  endfacet
  facet normal 0 1 0
    outer loop
      vertex 3.8505422134184624 1.5 3.921382714145128
      vertex 4 1.5 3.9499999999999997
      vertex 4.063131704024508 1.5 3.9353165655175757
    endloop
  endfacet
  facet normal 0 -1 0
    outer loop
      vertex 4 -1.5 1.7499999999999998
      vertex 4.143578811442056 -1.5 1.7594106524888085
      vertex 4.284700949612773 -1.5 1.7874815910820245
    endloop
  endfacet
  facet normal 0 -1 0
    outer loop
      vertex 4 -1.5 1.7499999999999998
      vertex 4.284700949612773 -1.5 1.7874815910820245
      vertex 4.4209517756015995 -1.5 1.8337325142375844
    endloop
  endfacet
  facet normal 0 -1 0
    outer loop
      vertex 4.4209517756015995 -1.5 1.8337325142375844
      vertex 4.550000000000001 -1.5 1.8973720558371174
      vertex 4.669637571909593 -1.5 1.977311325679641
    endloop
  endfacet
  facet normal 0 -1 0
    outer loop
      vertex 4 -1.5 1.7499999999999998
      vertex 4.4209517756015995 -1.5 1.8337325142375844
      vertex 4.87268867432036 -1.5 2.1803624280904073
    endloop
  endfacet
  facet normal 0 -1 0
    outer loop
      vertex 4.4209517756015995 -1.5 1.8337325142375844
      vertex 4.669637571909593 -1.5 1.977311325679641
      vertex 4.87268867432036 -1.5 2.1803624280904073
    endloop
  endfacet
  facet normal 0 -1 0
    outer loop
      vertex 4.669637571909593 -1.5 1.977311325679641
      vertex 4.7778174593052025 -1.5 2.0721825406947976
      vertex 4.87268867432036 -1.5 2.1803624280904073
    endloop
  endfacet
  facet normal 0.08441967332220959 -0.9015279043826276 -0.42440635760511336
    outer loop
      vertex 4.143578811442056 -1.5 1.7594106524888085
      vertex 8.393578811442056 -1.3 2.1799463667745242
      vertex 4.284700949612773 -1.5 1.7874815910820245
    endloop
  endfacet
  facet normal 0.06504586564128129 -0.9793116035092825 -0.19161894111766295
    outer loop
      vertex 4.284700949612773 -1.5 1.7874815910820245
      vertex 8.534700949612771 -1.3 2.2080173053677403
      vertex 4.4209517756015995 -1.5 1.8337325142375844
    endloop
  endfacet
  facet normal 0.09846869957036482 0 -0.9951401485242777
    outer loop
      vertex 4.143578811442056 -1.5 1.7594106524888085
      vertex 4.143578811442056 1.5 1.7594106524888085
      vertex 8.298473278858767 -1.298634555525105 2.1705357142857156
    endloop
  endfacet
  facet normal 0 -1 0
    outer loop
      vertex 4 -1.5 1.7499999999999998
      vertex 4.87268867432036 -1.5 2.1803624280904073
      vertex 5.00324948879595 -1.5 2.8367359668276597
    endloop
  endfacet
  facet normal 0 -1 0
    outer loop
      vertex 4 -1.5 1.7499999999999998
      vertex 5.062518408917976 -1.5 3.1347009496127725
      vertex 3.4499999999999993 -1.5 3.8026279441628823
    endloop
  endfacet
  facet normal 0 -1 0
    outer loop
      vertex 4.87268867432036 -1.5 2.1803624280904073
      vertex 4.952627944162883 -1.5 2.3
      vertex 5.062518408917976 -1.5 2.5652990503872273
    endloop
  endfacet
  facet normal 0 -1 0
    outer loop
      vertex 4.952627944162883 -1.5 2.3
      vertex 5.016267485762414 -1.5 2.429048224398401
      vertex 5.062518408917976 -1.5 2.5652990503872273
    endloop
  endfacet
  facet normal 0 -1 0
    outer loop
      vertex 4 -1.5 1.7499999999999998
      vertex 5.00324948879595 -1.5 2.8367359668276597
      vertex 5.062518408917976 -1.5 3.1347009496127725
    endloop
  endfacet
  facet normal 0 -1 0
    outer loop
      vertex 5.062518408917976 -1.5 2.5652990503872273
      vertex 5.090589347511193 -1.5 2.7064211885579432
      vertex 5.1 -1.5 2.8499999999999996
    endloop
  endfacet
  facet normal 0 -1 0
    outer loop
      vertex 5.062518408917976 -1.5 2.5652990503872273
      vertex 5.062518408917976 -1.5 3.1347009496127725
      vertex 5.00324948879595 -1.5 2.8367359668276597
    endloop
  endfacet
  facet normal 0 -1 0
    outer loop
      vertex 5.062518408917976 -1.5 2.5652990503872273
      vertex 5.1 -1.5 2.8499999999999996
      vertex 5.062518408917976 -1.5 3.1347009496127725
    endloop
  endfacet
  facet normal 0 -1 0
    outer loop
      vertex 5.062518408917976 -1.5 3.1347009496127725
      vertex 4.87268867432036 -1.5 3.5196375719095925
      vertex 4 -1.5 3.9499999999999997
    endloop
  endfacet
  facet normal 0 -1 0
    outer loop
      vertex 5.1 -1.5 2.8499999999999996
      vertex 5.090589347511193 -1.5 2.9935788114420565
      vertex 5.062518408917976 -1.5 3.1347009496127725
    endloop
  endfacet
  facet normal 0 -1 0
    outer loop
      vertex 5.062518408917976 -1.5 3.1347009496127725
      vertex 5.016267485762414 -1.5 3.2709517756015987
      vertex 4.952627944162883 -1.5 3.4
    endloop
  endfacet
  facet normal 0 -1 0
    outer loop
      vertex 5.062518408917976 -1.5 3.1347009496127725
      vertex 4.952627944162883 -1.5 3.4
      vertex 4.87268867432036 -1.5 3.5196375719095925
    endloop
  endfacet
  facet normal 0 -1 0
    outer loop
      vertex 4.87268867432036 -1.5 3.5196375719095925
      vertex 4.7778174593052025 -1.5 3.627817459305202
      vertex 4.669637571909593 -1.5 3.722688674320359
    endloop
  endfacet
  facet normal 0 -1 0
    outer loop
      vertex 3.4499999999999993 -1.5 3.8026279441628823
      vertex 5.062518408917976 -1.5 3.1347009496127725
      vertex 4 -1.5 3.9499999999999997
    endloop
  endfacet
  facet normal 0 -1 0
    outer loop
      vertex 4.87268867432036 -1.5 3.5196375719095925
      vertex 4.669637571909593 -1.5 3.722688674320359
      vertex 4 -1.5 3.9499999999999997
    endloop
  endfacet
  facet normal 0 -1 0
    outer loop
      vertex 4.550000000000001 -1.5 3.8026279441628823
      vertex 4.4209517756015995 -1.5 3.8662674857624153
      vertex 4.669637571909593 -1.5 3.722688674320359
    endloop
  endfacet
  facet normal 0 -1 0
    outer loop
      vertex 4 -1.5 3.9499999999999997
      vertex 4.669637571909593 -1.5 3.722688674320359
      vertex 4.143578811442056 -1.5 3.940589347511191
    endloop
  endfacet
  facet normal 0 -1 0
    outer loop
      vertex 4.143578811442056 -1.5 3.940589347511191
      vertex 4.4209517756015995 -1.5 3.8662674857624153
      vertex 4.284700949612773 -1.5 3.912518408917975
    endloop
  endfacet
  facet normal 0 -1 0
    outer loop
      vertex 4.143578811442056 -1.5 3.940589347511191
      vertex 4.669637571909593 -1.5 3.722688674320359
      vertex 4.4209517756015995 -1.5 3.8662674857624153
    endloop
  endfacet
  facet normal -0.05336988130551647 -0.5780318737973253 0.8142670376748576
    outer loop
      vertex 3.9569634036899544 -1.4952686016408465 3.9505379574538755
      vertex 4 -1.5 3.9499999999999997
      vertex 8.10642118855794 -1.3 4.361125061796907
    endloop
  endfacet
  facet normal 0.031025954337175976 -0.9872731394864414 0.15597800552018032
    outer loop
      vertex 4.143578811442056 -1.5 3.940589347511191
      vertex 4.284700949612773 -1.5 3.912518408917975
      vertex 8.393578811442056 -1.3 4.361125061796907
    endloop
  endfacet
  facet normal 0.018024782153572456 -0.9612738106597195 0.2750050329867767
    outer loop
      vertex 4 -1.5 3.9499999999999997
      vertex 4.143578811442056 -1.5 3.940589347511191
      vertex 8.393578811442056 -1.3 4.361125061796907
    endloop
  endfacet
  facet normal -0.0984686995703648 0 0.9951401485242776
    outer loop
      vertex 3.9569634036899544 -1.4952686016408465 3.9505379574538755
      vertex 8.10642118855794 -1.3 4.361125061796907
      vertex 3.9569634036899544 1.4952686016408465 3.9505379574538755
    endloop
  endfacet
  facet normal 0.06540312923014413 0 -0.9978589232386034
    outer loop
      vertex 4 -1.5 1.7499999999999998
      vertex 4 1.5 1.7499999999999998
      vertex 4.143578811442056 1.5 1.7594106524888085
    endloop
  endfacet
  facet normal 0 1 0
    outer loop
      vertex 3.7152990503872267 1.5 1.7874815910820245
      vertex 4.143578811442056 1.5 1.7594106524888085
      vertex 4 1.5 1.7499999999999998
    endloop
  endfacet
  facet normal 0 1 0
    outer loop
      vertex 4.143578811442056 1.5 1.7594106524888085
      vertex 4.4209517756015995 1.5 1.8337325142375844
      vertex 4.284700949612773 1.5 1.7874815910820245
    endloop
  endfacet
  facet normal 0 1 0
    outer loop
      vertex 3.7152990503872267 1.5 1.7874815910820245
      vertex 3.6393720444224655 1.5 1.8313180684145418
      vertex 3.703580852694669 1.5 1.9087698334768008
    endloop
  endfacet
  facet normal 0 1 0
    outer loop
      vertex 3.7152990503872267 1.5 1.7874815910820245
      vertex 3.703580852694669 1.5 1.9087698334768008
      vertex 4.143578811442056 1.5 1.7594106524888085
    endloop
  endfacet
  facet normal 0 1 0
    outer loop
      vertex 4.143578811442056 1.5 1.7594106524888085
      vertex 3.703580852694669 1.5 1.9087698334768008
      vertex 3.9743832100111813 1.5 1.9077912125855894
    endloop
  endfacet
  facet normal 0 1 0
    outer loop
      vertex 4.143578811442056 1.5 1.7594106524888085
      vertex 3.9743832100111813 1.5 1.9077912125855894
      vertex 4.087793766519329 1.5 1.894087664518847
    endloop
  endfacet
  facet normal 0 1 0
    outer loop
      vertex 4.143578811442056 1.5 1.7594106524888085
      vertex 4.087793766519329 1.5 1.894087664518847
      vertex 4.117840051041981 1.5 1.888808139126476
    endloop
  endfacet
  facet normal 0 1 0
    outer loop
      vertex 4.143578811442056 1.5 1.7594106524888085
      vertex 4.117840051041981 1.5 1.888808139126476
      vertex 4.362699482736426 1.5 2.044974271033629
    endloop
  endfacet
  facet normal 0 1 0
    outer loop
      vertex 4.143578811442056 1.5 1.7594106524888085
      vertex 4.550000000000001 1.5 1.8973720558371174
      vertex 4.4209517756015995 1.5 1.8337325142375844
    endloop
  endfacet
  facet normal 0 1 0
    outer loop
      vertex 4.143578811442056 1.5 1.7594106524888085
      vertex 4.87268867432036 1.5 2.1803624280904073
      vertex 4.550000000000001 1.5 1.8973720558371174
    endloop
  endfacet
  facet normal 0 1 0
    outer loop
      vertex 4.117840051041981 1.5 1.888808139126476
      vertex 4.586048904548383 1.5 2.336048904548383
      vertex 4.362699482736426 1.5 2.044974271033629
    endloop
  endfacet
  facet normal 0 1 0
    outer loop
      vertex 4.143578811442056 1.5 1.7594106524888085
      vertex 4.362699482736426 1.5 2.044974271033629
      vertex 4.87268867432036 1.5 2.1803624280904073
    endloop
  endfacet
  facet normal 0 1 0
    outer loop
      vertex 4.550000000000001 1.5 1.8973720558371174
      vertex 4.87268867432036 1.5 2.1803624280904073
      vertex 4.669637571909593 1.5 1.977311325679641
    endloop
  endfacet
  facet normal 0 1 0
    outer loop
      vertex 4.669637571909593 1.5 1.977311325679641
      vertex 4.87268867432036 1.5 2.1803624280904073
      vertex 4.7778174593052025 1.5 2.0721825406947976
    endloop
  endfacet
  facet normal 0.08441967332220959 0.9015279043826276 -0.42440635760511336
    outer loop
      vertex 4.143578811442056 1.5 1.7594106524888085
      vertex 4.284700949612773 1.5 1.7874815910820245
      vertex 8.393578811442056 1.3 2.1799463667745242
    endloop
  endfacet
  facet normal 0.06504586564128129 0.9793116035092825 -0.19161894111766295
    outer loop
      vertex 4.284700949612773 1.5 1.7874815910820245
      vertex 4.4209517756015995 1.5 1.8337325142375844
      vertex 8.534700949612771 1.3 2.2080173053677403
    endloop
  endfacet
  facet normal 0 1 0
    outer loop
      vertex 4.362699482736426 1.5 2.044974271033629
      vertex 4.905471506579145 1.5 2.302709623696208
      vertex 4.87268867432036 1.5 2.1803624280904073
    endloop
  endfacet
  facet normal 0 1 0
    outer loop
      vertex 4.362699482736426 1.5 2.044974271033629
      vertex 4.964399154513112 1.5 2.522630599756295
      vertex 4.905471506579145 1.5 2.302709623696208
    endloop
  endfacet
  facet normal 0 1 0
    outer loop
      vertex 4.87268867432036 1.5 2.1803624280904073
      vertex 4.905471506579145 1.5 2.302709623696208
      vertex 5.062518408917976 1.5 2.5652990503872273
    endloop
  endfacet
  facet normal 0 1 0
    outer loop
      vertex 4.87268867432036 1.5 2.1803624280904073
      vertex 5.062518408917976 1.5 2.5652990503872273
      vertex 4.952627944162883 1.5 2.3
    endloop
  endfacet
  facet normal 0 1 0
    outer loop
      vertex 4.952627944162883 1.5 2.3
      vertex 5.062518408917976 1.5 2.5652990503872273
      vertex 5.016267485762414 1.5 2.429048224398401
    endloop
  endfacet
  facet normal 0 1 0
    outer loop
      vertex 4.905471506579145 1.5 2.302709623696208
      vertex 5.071929061406786 1.5 2.708877861829295
      vertex 5.062518408917976 1.5 2.5652990503872273
    endloop
  endfacet
  facet normal 0 1 0
    outer loop
      vertex 5.062518408917976 1.5 2.5652990503872273
      vertex 5.1 1.5 2.8499999999999996
      vertex 5.090589347511193 1.5 2.7064211885579432
    endloop
  endfacet
  facet normal 0 1 0
    outer loop
      vertex 5.036221263236966 1.5 2.9227249445431154
      vertex 3.827153961230449 1.5 3.837779346946166
      vertex 5.090589347511193 1.5 2.9935788114420565
    endloop
  endfacet
  facet normal 0 1 0
    outer loop
      vertex 5.090589347511193 1.5 2.9935788114420565
      vertex 3.827153961230449 1.5 3.837779346946166
      vertex 4.669637571909593 1.5 3.722688674320359
    endloop
  endfacet
  facet normal 0 1 0
    outer loop
      vertex 5.064510418443797 1.5 2.896250923155558
      vertex 5.036221263236966 1.5 2.9227249445431154
      vertex 5.073240337359154 1.5 2.9288314240936226
    endloop
  endfacet
  facet normal 0 1 0
    outer loop
      vertex 5.036221263236966 1.5 2.9227249445431154
      vertex 5.090589347511193 1.5 2.9935788114420565
      vertex 5.073240337359154 1.5 2.9288314240936226
    endloop
  endfacet
  facet normal 0 1 0
    outer loop
      vertex 5.084224671423984 1.5 2.8964726194004404
      vertex 5.073240337359154 1.5 2.9288314240936226
      vertex 5.08743446973712 1.5 2.945444678172852
    endloop
  endfacet
  facet normal 0 1 0
    outer loop
      vertex 5.1 1.5 2.8499999999999996
      vertex 5.08743446973712 1.5 2.945444678172852
      vertex 5.090589347511193 1.5 2.9935788114420565
    endloop
  endfacet
  facet normal 0 1 0
    outer loop
      vertex 5.073240337359154 1.5 2.9288314240936226
      vertex 5.090589347511193 1.5 2.9935788114420565
      vertex 5.08743446973712 1.5 2.945444678172852
    endloop
  endfacet
  facet normal 0 1 0
    outer loop
      vertex 5.090589347511193 1.5 2.9935788114420565
      vertex 5.016267485762414 1.5 3.2709517756015987
      vertex 5.062518408917976 1.5 3.1347009496127725
    endloop
  endfacet
  facet normal 0 1 0
    outer loop
      vertex 5.090589347511193 1.5 2.9935788114420565
      vertex 4.87268867432036 1.5 3.5196375719095925
      vertex 5.016267485762414 1.5 3.2709517756015987
    endloop
  endfacet
  facet normal 0 1 0
    outer loop
      vertex 5.090589347511193 1.5 2.9935788114420565
      vertex 4.669637571909593 1.5 3.722688674320359
      vertex 4.87268867432036 1.5 3.5196375719095925
    endloop
  endfacet
  facet normal 0 1 0
    outer loop
      vertex 5.016267485762414 1.5 3.2709517756015987
      vertex 4.87268867432036 1.5 3.5196375719095925
      vertex 4.952627944162883 1.5 3.4
    endloop
  endfacet
  facet normal 0 1 0
    outer loop
      vertex 4.87268867432036 1.5 3.5196375719095925
      vertex 4.669637571909593 1.5 3.722688674320359
      vertex 4.7778174593052025 1.5 3.627817459305202
    endloop
  endfacet
  facet normal 0 1 0
    outer loop
      vertex 3.827153961230449 1.5 3.837779346946166
      vertex 3.7495998001839794 1.5 3.9056955655730055
      vertex 4.669637571909593 1.5 3.722688674320359
    endloop
  endfacet
  facet normal 0 1 0
    outer loop
      vertex 3.7495998001839794 1.5 3.9056955655730055
      vertex 3.8505422134184624 1.5 3.921382714145128
      vertex 4.063131704024508 1.5 3.9353165655175757
    endloop
  endfacet
  facet normal 0 1 0
    outer loop
      vertex 3.7495998001839794 1.5 3.9056955655730055
      vertex 4.063131704024508 1.5 3.9353165655175757
      vertex 4.143578811442056 1.5 3.940589347511191
    endloop
  endfacet
  facet normal 0 1 0
    outer loop
      vertex 4.063131704024508 1.5 3.9353165655175757
      vertex 4 1.5 3.9499999999999997
      vertex 4.143578811442056 1.5 3.940589347511191
    endloop
  endfacet
  facet normal 0 1 0
    outer loop
      vertex 4.550000000000001 1.5 3.8026279441628823
      vertex 4.669637571909593 1.5 3.722688674320359
      vertex 4.4209517756015995 1.5 3.8662674857624153
    endloop
  endfacet
  facet normal 0 1 0
    outer loop
      vertex 3.7495998001839794 1.5 3.9056955655730055
      vertex 4.143578811442056 1.5 3.940589347511191
      vertex 4.669637571909593 1.5 3.722688674320359
    endloop
  endfacet
  facet normal 0 1 0
    outer loop
      vertex 4.143578811442056 1.5 3.940589347511191
      vertex 4.284700949612773 1.5 3.912518408917975
      vertex 4.4209517756015995 1.5 3.8662674857624153
    endloop
  endfacet
  facet normal 0 1 0
    outer loop
      vertex 4.143578811442056 1.5 3.940589347511191
      vertex 4.4209517756015995 1.5 3.8662674857624153
      vertex 4.669637571909593 1.5 3.722688674320359
    endloop
  endfacet
  facet normal -0.05336988130551647 0.5780318737973253 0.8142670376748576
    outer loop
      vertex 3.9569634036899544 1.4952686016408465 3.9505379574538755
      vertex 8.10642118855794 1.3 4.361125061796907
      vertex 4 1.5 3.9499999999999997
    endloop
  endfacet
  facet normal 0.018024782153572456 0.9612738106597195 0.2750050329867767
    outer loop
      vertex 4 1.5 3.9499999999999997
      vertex 8.249999999999998 1.3 4.370535714285715
      vertex 4.143578811442056 1.5 3.940589347511191
    endloop
  endfacet
  facet normal 0.031025954337175976 0.9872731394864414 0.15597800552018032
    outer loop
      vertex 4.143578811442056 1.5 3.940589347511191
      vertex 8.393578811442056 1.3 4.361125061796907
      vertex 4.284700949612773 1.5 3.912518408917975
    endloop
  endfacet
  facet normal 0.058356664750435126 -0.9912573748087928 -0.11833560988301788
    outer loop
      vertex 4.4209517756015995 -1.5 1.8337325142375844
      vertex 8.799999999999999 -1.3 2.317907770122833
      vertex 4.550000000000001 -1.5 1.8973720558371174
    endloop
  endfacet
  facet normal 0.05496806397587517 -0.9950934106638057 -0.08226552130886015
    outer loop
      vertex 4.550000000000001 -1.5 1.8973720558371174
      vertex 8.799999999999999 -1.3 2.317907770122833
      vertex 4.669637571909593 -1.5 1.977311325679641
    endloop
  endfacet
  facet normal 0.09846869957036444 8.901197049993348e-15 -0.9951401485242776
    outer loop
      vertex 4.143578811442056 -1.5 1.7594106524888085
      vertex 8.298473278858767 -1.298634555525105 2.1705357142857156
      vertex 8.393578811442056 -1.3 2.1799463667745242
    endloop
  endfacet
  facet normal 0.08441967332220922 -0.9015279043826313 -0.4244063576051057
    outer loop
      vertex 4.284700949612773 -1.5 1.7874815910820245
      vertex 8.393578811442056 -1.3 2.1799463667745242
      vertex 8.534700949612771 -1.3 2.2080173053677403
    endloop
  endfacet
  facet normal 0.0650458656412809 -0.9793116035092833 -0.19161894111765868
    outer loop
      vertex 4.4209517756015995 -1.5 1.8337325142375844
      vertex 8.534700949612771 -1.3 2.2080173053677403
      vertex 8.670951775601596 -1.3 2.2542682285233004
    endloop
  endfacet
  facet normal 0.05835666475043537 -0.9912573748087925 -0.11833560988302101
    outer loop
      vertex 4.4209517756015995 -1.5 1.8337325142375844
      vertex 8.670951775601596 -1.3 2.2542682285233004
      vertex 8.799999999999999 -1.3 2.317907770122833
    endloop
  endfacet
  facet normal 0.05287294960641787 -0.9967795953897596 -0.06029004407482524
    outer loop
      vertex 4.669637571909593 -1.5 1.977311325679641
      vertex 9.027817459305199 -1.3 2.492718254980513
      vertex 4.7778174593052025 -1.5 2.0721825406947976
    endloop
  endfacet
  facet normal 0.05140984316866257 -0.9976594362528005 -0.04508522242506635
    outer loop
      vertex 4.7778174593052025 -1.5 2.0721825406947976
      vertex 9.027817459305199 -1.3 2.492718254980513
      vertex 4.87268867432036 -1.5 2.1803624280904073
    endloop
  endfacet
  facet normal 0.05029815327334789 -0.9981686169816619 -0.033608151544041405
    outer loop
      vertex 4.87268867432036 -1.5 2.1803624280904073
      vertex 9.122688674320356 -1.3 2.600898142376123
      vertex 4.952627944162883 -1.5 2.3
    endloop
  endfacet
  facet normal 0.04939783420503365 -0.9984820624230168 -0.024360315994064567
    outer loop
      vertex 4.952627944162883 -1.5 2.3
      vertex 9.266267485762414 -1.3 2.849583938684117
      vertex 5.016267485762414 -1.5 2.429048224398401
    endloop
  endfacet
  facet normal 0.04863015753478477 -0.9986804309456807 -0.016507714084380173
    outer loop
      vertex 5.016267485762414 -1.5 2.429048224398401
      vertex 9.266267485762414 -1.3 2.849583938684117
      vertex 5.062518408917976 -1.5 2.5652990503872273
    endloop
  endfacet
  facet normal 0.047946251597480546 -0.998804385570733 -0.00953710241223579
    outer loop
      vertex 5.062518408917976 -1.5 2.5652990503872273
      vertex 9.34058934751119 -1.3 3.126956902843659
      vertex 5.090589347511193 -1.5 2.7064211885579432
    endloop
  endfacet
  facet normal 0.04731274371924849 -0.9988753114508885 -0.003101041058648925
    outer loop
      vertex 5.090589347511193 -1.5 2.7064211885579432
      vertex 9.34058934751119 -1.3 3.126956902843659
      vertex 5.1 -1.5 2.8499999999999996
    endloop
  endfacet
  facet normal 0.05496806397587514 -0.9950934106638059 -0.08226552130885957
    outer loop
      vertex 4.669637571909593 -1.5 1.977311325679641
      vertex 8.799999999999999 -1.3 2.317907770122833
      vertex 8.919637571909592 -1.3 2.397847039965357
    endloop
  endfacet
  facet normal 0.05287294960641775 -0.9967795953897596 -0.060290044074824294
    outer loop
      vertex 4.669637571909593 -1.5 1.977311325679641
      vertex 8.919637571909592 -1.3 2.397847039965357
      vertex 9.027817459305199 -1.3 2.492718254980513
    endloop
  endfacet
  facet normal 0.05140984316866253 -0.9976594362528005 -0.0450852224250663
    outer loop
      vertex 4.87268867432036 -1.5 2.1803624280904073
      vertex 9.027817459305199 -1.3 2.492718254980513
      vertex 9.122688674320356 -1.3 2.600898142376123
    endloop
  endfacet
  facet normal 0.05029815327334789 -0.9981686169816619 -0.03360815154404119
    outer loop
      vertex 4.952627944162883 -1.5 2.3
      vertex 9.122688674320356 -1.3 2.600898142376123
      vertex 9.202627944162879 -1.3 2.720535714285716
    endloop
  endfacet
  facet normal 0.049397834205033804 -0.9984820624230168 -0.02436031599406593
    outer loop
      vertex 4.952627944162883 -1.5 2.3
      vertex 9.202627944162879 -1.3 2.720535714285716
      vertex 9.266267485762414 -1.3 2.849583938684117
    endloop
  endfacet
  facet normal 0.048630157534784654 -0.9986804309456807 -0.016507714084378965
    outer loop
      vertex 5.062518408917976 -1.5 2.5652990503872273
      vertex 9.266267485762414 -1.3 2.849583938684117
      vertex 9.312518408917972 -1.3 2.985834764672943
    endloop
  endfacet
  facet normal 0.047946251597480546 -0.998804385570733 -0.009537102412235824
    outer loop
      vertex 5.062518408917976 -1.5 2.5652990503872273
      vertex 9.312518408917972 -1.3 2.985834764672943
      vertex 9.34058934751119 -1.3 3.126956902843659
    endloop
  endfacet
  facet normal 0.046704349195619846 -0.9989040659825322 0.0030611647748124736
    outer loop
      vertex 5.1 -1.5 2.8499999999999996
      vertex 9.35 -1.3 3.2705357142857157
      vertex 5.090589347511193 -1.5 2.9935788114420565
    endloop
  endfacet
  facet normal 0.04609946918134885 -0.9988947665008031 0.0091697545498079
    outer loop
      vertex 5.090589347511193 -1.5 2.9935788114420565
      vertex 9.34058934751119 -1.3 3.4141145257277725
      vertex 5.062518408917976 -1.5 3.1347009496127725
    endloop
  endfacet
  facet normal 0.045477001842470076 -0.9988460993362624 0.015437361955764613
    outer loop
      vertex 5.062518408917976 -1.5 3.1347009496127725
      vertex 9.266267485762414 -1.3 3.6914874898873147
      vertex 5.016267485762414 -1.5 3.2709517756015987
    endloop
  endfacet
  facet normal 0.044813308742601594 -0.9987509100979207 0.022099478231742194
    outer loop
      vertex 5.016267485762414 -1.5 3.2709517756015987
      vertex 9.266267485762414 -1.3 3.6914874898873147
      vertex 4.952627944162883 -1.5 3.4
    endloop
  endfacet
  facet normal 0.044078366384350844 -0.9985938434560347 0.029452222812403082
    outer loop
      vertex 4.952627944162883 -1.5 3.4
      vertex 9.202627944162879 -1.3 3.820535714285716
      vertex 4.87268867432036 -1.5 3.5196375719095925
    endloop
  endfacet
  facet normal 0.04609946918134886 -0.9988947665008031 0.009169754549807937
    outer loop
      vertex 5.062518408917976 -1.5 3.1347009496127725
      vertex 9.34058934751119 -1.3 3.4141145257277725
      vertex 9.312518408917972 -1.3 3.5552366638984885
    endloop
  endfacet
  facet normal 0.04547700184247021 -0.9988460993362626 0.015437361955763515
    outer loop
      vertex 5.062518408917976 -1.5 3.1347009496127725
      vertex 9.312518408917972 -1.3 3.5552366638984885
      vertex 9.266267485762414 -1.3 3.6914874898873147
    endloop
  endfacet
  facet normal 0.04322965315298234 -0.9983455933313053 0.03791138831850639
    outer loop
      vertex 4.87268867432036 -1.5 3.5196375719095925
      vertex 9.027817459305199 -1.3 4.048353173590918
      vertex 4.7778174593052025 -1.5 3.627817459305202
    endloop
  endfacet
  facet normal 0.04220080360405035 -0.9979496386955328 0.04812079386946857
    outer loop
      vertex 4.7778174593052025 -1.5 3.627817459305202
      vertex 9.027817459305199 -1.3 4.048353173590918
      vertex 4.669637571909593 -1.5 3.722688674320359
    endloop
  endfacet
  facet normal 0.040877744624717514 -0.9972894657222424 0.0611778681701207
    outer loop
      vertex 4.550000000000001 -1.5 3.8026279441628823
      vertex 4.669637571909593 -1.5 3.722688674320359
      vertex 8.799999999999999 -1.3 4.223163658448598
    endloop
  endfacet
  facet normal 0.039041461995732274 -0.9960964571348527 0.07916825328773086
    outer loop
      vertex 4.550000000000001 -1.5 3.8026279441628823
      vertex 8.799999999999999 -1.3 4.223163658448598
      vertex 4.4209517756015995 -1.5 3.8662674857624153
    endloop
  endfacet
  facet normal 0.03620557492838435 -0.9936363459788246 0.1066581843739852
    outer loop
      vertex 4.284700949612773 -1.5 3.912518408917975
      vertex 4.4209517756015995 -1.5 3.8662674857624153
      vertex 8.670951775601596 -1.3 4.286803200048132
    endloop
  endfacet
  facet normal -0.053369881305516335 -0.5780318737973276 0.8142670376748561
    outer loop
      vertex 4 -1.5 3.9499999999999997
      vertex 8.249999999999998 -1.3 4.370535714285715
      vertex 8.10642118855794 -1.3 4.361125061796907
    endloop
  endfacet
  facet normal 0.04481330874260151 -0.9987509100979207 0.022099478231743314
    outer loop
      vertex 4.952627944162883 -1.5 3.4
      vertex 9.266267485762414 -1.3 3.6914874898873147
      vertex 9.202627944162879 -1.3 3.820535714285716
    endloop
  endfacet
  facet normal 0.044078366384350844 -0.9985938434560347 0.029452222812403003
    outer loop
      vertex 4.87268867432036 -1.5 3.5196375719095925
      vertex 9.202627944162879 -1.3 3.820535714285716
      vertex 9.122688674320356 -1.3 3.9401732861953085
    endloop
  endfacet
  facet normal 0.04220080360405038 -0.9979496386955329 0.04812079386946806
    outer loop
      vertex 4.669637571909593 -1.5 3.722688674320359
      vertex 9.027817459305199 -1.3 4.048353173590918
      vertex 8.919637571909592 -1.3 4.1432243886060744
    endloop
  endfacet
  facet normal 0.04322965315298235 -0.9983455933313053 0.03791138831850636
    outer loop
      vertex 4.87268867432036 -1.5 3.5196375719095925
      vertex 9.122688674320356 -1.3 3.9401732861953085
      vertex 9.027817459305199 -1.3 4.048353173590918
    endloop
  endfacet
  facet normal 0.039041461995732225 -0.9960964571348526 0.07916825328773142
    outer loop
      vertex 4.4209517756015995 -1.5 3.8662674857624153
      vertex 8.799999999999999 -1.3 4.223163658448598
      vertex 8.670951775601596 -1.3 4.286803200048132
    endloop
  endfacet
  facet normal 0.01802478215357226 -0.9612738106597192 0.2750050329867781
    outer loop
      vertex 4 -1.5 3.9499999999999997
      vertex 8.393578811442056 -1.3 4.361125061796907
      vertex 8.249999999999998 -1.3 4.370535714285715
    endloop
  endfacet
  facet normal 0.031025954337175757 -0.9872731394864409 0.1559780055201821
    outer loop
      vertex 4.284700949612773 -1.5 3.912518408917975
      vertex 8.534700949612771 -1.3 4.333054123203691
      vertex 8.393578811442056 -1.3 4.361125061796907
    endloop
  endfacet
  facet normal 0.03620557492838447 -0.9936363459788244 0.10665818437398424
    outer loop
      vertex 4.284700949612773 -1.5 3.912518408917975
      vertex 8.670951775601596 -1.3 4.286803200048132
      vertex 8.534700949612771 -1.3 4.333054123203691
    endloop
  endfacet
  facet normal 0.040877744624717556 -0.9972894657222423 0.06117786817012019
    outer loop
      vertex 4.669637571909593 -1.5 3.722688674320359
      vertex 8.919637571909592 -1.3 4.1432243886060744
      vertex 8.799999999999999 -1.3 4.223163658448598
    endloop
  endfacet
  facet normal 0.047312743719248575 -0.9988753114508885 -0.003101041058650092
    outer loop
      vertex 5.1 -1.5 2.8499999999999996
      vertex 9.34058934751119 -1.3 3.126956902843659
      vertex 9.35 -1.3 3.2705357142857157
    endloop
  endfacet
  facet normal 0.04670434919561978 -0.9989040659825322 0.0030611647748136255
    outer loop
      vertex 5.090589347511193 -1.5 2.9935788114420565
      vertex 9.35 -1.3 3.2705357142857157
      vertex 9.34058934751119 -1.3 3.4141145257277725
    endloop
  endfacet
  facet normal 0.058356664750435126 0.9912573748087928 -0.11833560988301788
    outer loop
      vertex 4.4209517756015995 1.5 1.8337325142375844
      vertex 4.550000000000001 1.5 1.8973720558371174
      vertex 8.799999999999999 1.3 2.317907770122833
    endloop
  endfacet
  facet normal 0.05496806397587517 0.9950934106638057 -0.08226552130886015
    outer loop
      vertex 4.550000000000001 1.5 1.8973720558371174
      vertex 4.669637571909593 1.5 1.977311325679641
      vertex 8.919637571909592 1.3 2.397847039965357
    endloop
  endfacet
  facet normal 0.052872949606417856 0.9967795953897596 -0.06029004407482522
    outer loop
      vertex 4.669637571909593 1.5 1.977311325679641
      vertex 4.7778174593052025 1.5 2.0721825406947976
      vertex 8.919637571909592 1.3 2.397847039965357
    endloop
  endfacet
  facet normal 0.09846869957036482 0 -0.9951401485242776
    outer loop
      vertex 4.143578811442056 1.5 1.7594106524888085
      vertex 8.298473278858767 1.298634555525105 2.1705357142857156
      vertex 8.298473278858767 -1.298634555525105 2.1705357142857156
    endloop
  endfacet
  facet normal 0.09846869957036444 -8.901197049993348e-15 -0.9951401485242776
    outer loop
      vertex 4.143578811442056 1.5 1.7594106524888085
      vertex 8.393578811442056 1.3 2.1799463667745242
      vertex 8.298473278858767 1.298634555525105 2.1705357142857156
    endloop
  endfacet
  facet normal 0.08441967332220922 0.9015279043826313 -0.4244063576051057
    outer loop
      vertex 4.284700949612773 1.5 1.7874815910820245
      vertex 8.534700949612771 1.3 2.2080173053677403
      vertex 8.393578811442056 1.3 2.1799463667745242
    endloop
  endfacet
  facet normal 0.0650458656412809 0.9793116035092833 -0.19161894111765868
    outer loop
      vertex 4.4209517756015995 1.5 1.8337325142375844
      vertex 8.670951775601596 1.3 2.2542682285233004
      vertex 8.534700949612771 1.3 2.2080173053677403
    endloop
  endfacet
  facet normal 0.05835666475043537 0.9912573748087925 -0.11833560988302101
    outer loop
      vertex 4.4209517756015995 1.5 1.8337325142375844
      vertex 8.799999999999999 1.3 2.317907770122833
      vertex 8.670951775601596 1.3 2.2542682285233004
    endloop
  endfacet
  facet normal 0.05140984316866257 0.9976594362528005 -0.04508522242506635
    outer loop
      vertex 4.7778174593052025 1.5 2.0721825406947976
      vertex 4.87268867432036 1.5 2.1803624280904073
      vertex 9.027817459305199 1.3 2.492718254980513
    endloop
  endfacet
  facet normal 0.05029815327334789 0.9981686169816619 -0.033608151544041405
    outer loop
      vertex 4.87268867432036 1.5 2.1803624280904073
      vertex 4.952627944162883 1.5 2.3
      vertex 9.122688674320356 1.3 2.600898142376123
    endloop
  endfacet
  facet normal 0.04939783420503365 0.9984820624230168 -0.024360315994064567
    outer loop
      vertex 4.952627944162883 1.5 2.3
      vertex 5.016267485762414 1.5 2.429048224398401
      vertex 9.266267485762414 1.3 2.849583938684117
    endloop
  endfacet
  facet normal 0.04863015753478477 0.9986804309456807 -0.016507714084380173
    outer loop
      vertex 5.016267485762414 1.5 2.429048224398401
      vertex 5.062518408917976 1.5 2.5652990503872273
      vertex 9.266267485762414 1.3 2.849583938684117
    endloop
  endfacet
  facet normal 0.047946251597480546 0.998804385570733 -0.00953710241223579
    outer loop
      vertex 5.062518408917976 1.5 2.5652990503872273
      vertex 5.090589347511193 1.5 2.7064211885579432
      vertex 9.312518408917972 1.3 2.985834764672943
    endloop
  endfacet
  facet normal 0.054968063975875184 0.9950934106638059 -0.08226552130886002
    outer loop
      vertex 4.550000000000001 1.5 1.8973720558371174
      vertex 8.919637571909592 1.3 2.397847039965357
      vertex 8.799999999999999 1.3 2.317907770122833
    endloop
  endfacet
  facet normal 0.05287294960641775 0.9967795953897596 -0.060290044074824294
    outer loop
      vertex 4.7778174593052025 1.5 2.0721825406947976
      vertex 9.027817459305199 1.3 2.492718254980513
      vertex 8.919637571909592 1.3 2.397847039965357
    endloop
  endfacet
  facet normal 0.05140984316866253 0.9976594362528005 -0.0450852224250663
    outer loop
      vertex 4.87268867432036 1.5 2.1803624280904073
      vertex 9.122688674320356 1.3 2.600898142376123
      vertex 9.027817459305199 1.3 2.492718254980513
    endloop
  endfacet
  facet normal 0.05029815327334789 0.9981686169816619 -0.03360815154404119
    outer loop
      vertex 4.952627944162883 1.5 2.3
      vertex 9.202627944162879 1.3 2.720535714285716
      vertex 9.122688674320356 1.3 2.600898142376123
    endloop
  endfacet
  facet normal 0.049397834205033804 0.9984820624230168 -0.02436031599406593
    outer loop
      vertex 4.952627944162883 1.5 2.3
      vertex 9.266267485762414 1.3 2.849583938684117
      vertex 9.202627944162879 1.3 2.720535714285716
    endloop
  endfacet
  facet normal 0.048630157534784654 0.9986804309456807 -0.016507714084378965
    outer loop
      vertex 5.062518408917976 1.5 2.5652990503872273
      vertex 9.312518408917972 1.3 2.985834764672943
      vertex 9.266267485762414 1.3 2.849583938684117
    endloop
  endfacet
  facet normal 0.04731274371924843 0.9988753114508883 -0.003101041058648921
    outer loop
      vertex 5.090589347511193 1.5 2.7064211885579432
      vertex 5.1 1.5 2.8499999999999996
      vertex 9.35 1.3 3.2705357142857157
    endloop
  endfacet
  facet normal 0.046704349195619846 0.9989040659825322 0.0030611647748124736
    outer loop
      vertex 5.1 1.5 2.8499999999999996
      vertex 5.090589347511193 1.5 2.9935788114420565
      vertex 9.35 1.3 3.2705357142857157
    endloop
  endfacet
  facet normal 0.04609946918134885 0.9988947665008031 0.0091697545498079
    outer loop
      vertex 5.090589347511193 1.5 2.9935788114420565
      vertex 5.062518408917976 1.5 3.1347009496127725
      vertex 9.34058934751119 1.3 3.4141145257277725
    endloop
  endfacet
  facet normal 0.04547700184247011 0.9988460993362624 0.015437361955764626
    outer loop
      vertex 5.062518408917976 1.5 3.1347009496127725
      vertex 5.016267485762414 1.5 3.2709517756015987
      vertex 9.312518408917972 1.3 3.5552366638984885
    endloop
  endfacet
  facet normal 0.04481330874260163 0.9987509100979207 0.02209947823174221
    outer loop
      vertex 5.016267485762414 1.5 3.2709517756015987
      vertex 4.952627944162883 1.5 3.4
      vertex 9.202627944162879 1.3 3.820535714285716
    endloop
  endfacet
  facet normal 0.044078366384350844 0.9985938434560347 0.029452222812403082
    outer loop
      vertex 4.952627944162883 1.5 3.4
      vertex 4.87268867432036 1.5 3.5196375719095925
      vertex 9.202627944162879 1.3 3.820535714285716
    endloop
  endfacet
  facet normal 0.04609946918134886 0.9988947665008031 0.009169754549807937
    outer loop
      vertex 5.062518408917976 1.5 3.1347009496127725
      vertex 9.312518408917972 1.3 3.5552366638984885
      vertex 9.34058934751119 1.3 3.4141145257277725
    endloop
  endfacet
  facet normal 0.045477001842470194 0.9988460993362624 0.015437361955763321
    outer loop
      vertex 5.016267485762414 1.5 3.2709517756015987
      vertex 9.266267485762414 1.3 3.6914874898873147
      vertex 9.312518408917972 1.3 3.5552366638984885
    endloop
  endfacet
  facet normal 0.04481330874260146 0.9987509100979207 0.02209947823174349
    outer loop
      vertex 5.016267485762414 1.5 3.2709517756015987
      vertex 9.202627944162879 1.3 3.820535714285716
      vertex 9.266267485762414 1.3 3.6914874898873147
    endloop
  endfacet
  facet normal -0.0984686995703648 0 0.9951401485242777
    outer loop
      vertex 3.9569634036899544 1.4952686016408465 3.9505379574538755
      vertex 8.10642118855794 -1.3 4.361125061796907
      vertex 8.10642118855794 1.3 4.361125061796907
    endloop
  endfacet
  facet normal -0.053369881305516335 0.5780318737973276 0.8142670376748561
    outer loop
      vertex 4 1.5 3.9499999999999997
      vertex 8.10642118855794 1.3 4.361125061796907
      vertex 8.249999999999998 1.3 4.370535714285715
    endloop
  endfacet
  facet normal 0.04322965315298234 0.9983455933313053 0.03791138831850639
    outer loop
      vertex 4.87268867432036 1.5 3.5196375719095925
      vertex 4.7778174593052025 1.5 3.627817459305202
      vertex 9.027817459305199 1.3 4.048353173590918
    endloop
  endfacet
  facet normal 0.04220080360405035 0.9979496386955328 0.04812079386946857
    outer loop
      vertex 4.7778174593052025 1.5 3.627817459305202
      vertex 4.669637571909593 1.5 3.722688674320359
      vertex 9.027817459305199 1.3 4.048353173590918
    endloop
  endfacet
  facet normal 0.040877744624717514 0.9972894657222424 0.0611778681701207
    outer loop
      vertex 4.550000000000001 1.5 3.8026279441628823
      vertex 8.799999999999999 1.3 4.223163658448598
      vertex 4.669637571909593 1.5 3.722688674320359
    endloop
  endfacet
  facet normal 0.039041461995732274 0.9960964571348527 0.07916825328773086
    outer loop
      vertex 4.550000000000001 1.5 3.8026279441628823
      vertex 4.4209517756015995 1.5 3.8662674857624153
      vertex 8.799999999999999 1.3 4.223163658448598
    endloop
  endfacet
  facet normal 0.03620557492838435 0.9936363459788246 0.1066581843739852
    outer loop
      vertex 4.284700949612773 1.5 3.912518408917975
      vertex 8.670951775601596 1.3 4.286803200048132
      vertex 4.4209517756015995 1.5 3.8662674857624153
    endloop
  endfacet
  facet normal 0.044078366384350844 0.9985938434560347 0.029452222812403003
    outer loop
      vertex 4.87268867432036 1.5 3.5196375719095925
      vertex 9.122688674320356 1.3 3.9401732861953085
      vertex 9.202627944162879 1.3 3.820535714285716
    endloop
  endfacet
  facet normal 0.04220080360405038 0.9979496386955329 0.04812079386946806
    outer loop
      vertex 4.669637571909593 1.5 3.722688674320359
      vertex 8.919637571909592 1.3 4.1432243886060744
      vertex 9.027817459305199 1.3 4.048353173590918
    endloop
  endfacet
  facet normal 0.04322965315298235 0.9983455933313053 0.03791138831850636
    outer loop
      vertex 4.87268867432036 1.5 3.5196375719095925
      vertex 9.027817459305199 1.3 4.048353173590918
      vertex 9.122688674320356 1.3 3.9401732861953085
    endloop
  endfacet
  facet normal 0.039041461995732225 0.9960964571348526 0.07916825328773142
    outer loop
      vertex 4.4209517756015995 1.5 3.8662674857624153
      vertex 8.670951775601596 1.3 4.286803200048132
      vertex 8.799999999999999 1.3 4.223163658448598
    endloop
  endfacet
  facet normal 0.01802478215357239 0.9612738106597192 0.2750050329867781
    outer loop
      vertex 4.143578811442056 1.5 3.940589347511191
      vertex 8.249999999999998 1.3 4.370535714285715
      vertex 8.393578811442056 1.3 4.361125061796907
    endloop
  endfacet
  facet normal 0.031025954337175757 0.9872731394864409 0.1559780055201821
    outer loop
      vertex 4.284700949612773 1.5 3.912518408917975
      vertex 8.393578811442056 1.3 4.361125061796907
      vertex 8.534700949612771 1.3 4.333054123203691
    endloop
  endfacet
  facet normal 0.03620557492838447 0.9936363459788244 0.10665818437398424
    outer loop
      vertex 4.284700949612773 1.5 3.912518408917975
      vertex 8.534700949612771 1.3 4.333054123203691
      vertex 8.670951775601596 1.3 4.286803200048132
    endloop
  endfacet
  facet normal 0.040877744624717556 0.9972894657222423 0.06117786817012019
    outer loop
      vertex 4.669637571909593 1.5 3.722688674320359
      vertex 8.799999999999999 1.3 4.223163658448598
      vertex 8.919637571909592 1.3 4.1432243886060744
    endloop
  endfacet
  facet normal 0.04794625159748054 0.998804385570733 -0.00953710241223583
    outer loop
      vertex 5.090589347511193 1.5 2.7064211885579432
      vertex 9.34058934751119 1.3 3.126956902843659
      vertex 9.312518408917972 1.3 2.985834764672943
    endloop
  endfacet
  facet normal 0.04731274371924863 0.9988753114508885 -0.0031010410586500953
    outer loop
      vertex 5.090589347511193 1.5 2.7064211885579432
      vertex 9.35 1.3 3.2705357142857157
      vertex 9.34058934751119 1.3 3.126956902843659
    endloop
  endfacet
  facet normal 0.04670434919561978 0.9989040659825322 0.0030611647748136255
    outer loop
      vertex 5.090589347511193 1.5 2.9935788114420565
      vertex 9.34058934751119 1.3 3.4141145257277725
      vertex 9.35 1.3 3.2705357142857157
    endloop
  endfacet
  facet normal -0.06540312923014333 0 0.9978589232386035
    outer loop
      vertex 8.249999999999998 -1.3 4.370535714285715
      vertex 8.249999999999998 1.3 4.370535714285715
      vertex 8.10642118855794 1.3 4.361125061796907
    endloop
  endfacet
  facet normal 0.025871444991119433 -0.9184362971847398 -0.3947219734796323
    outer loop
      vertex 8.298473278858767 -1.298634555525105 2.1705357142857156
      vertex 11.799999999999999 -1.2 2.1705357142857156
      vertex 8.393578811442056 -1.3 2.1799463667745242
    endloop
  endfacet
  facet normal 0.027879888322754592 -0.9897360354577874 -0.14016166360104274
    outer loop
      vertex 8.393578811442056 -1.3 2.1799463667745242
      vertex 11.943578811442057 -1.2 2.1799463667745242
      vertex 8.534700949612771 -1.3 2.2080173053677403
    endloop
  endfacet
  facet normal 0.028061468181378554 -0.9961821204389381 -0.08266641955042378
    outer loop
      vertex 8.534700949612771 -1.3 2.2080173053677403
      vertex 12.220951775601597 -1.2 2.2542682285233004
      vertex 8.670951775601596 -1.3 2.2542682285233004
    endloop
  endfacet
  facet normal 0.02811205611475432 -0.9979779920737777 -0.05700561057818745
    outer loop
      vertex 8.670951775601596 -1.3 2.2542682285233004
      vertex 12.35 -1.2 2.317907770122833
      vertex 8.799999999999999 -1.3 2.317907770122833
    endloop
  endfacet
  facet normal 0.028132875541802816 -0.9987170817339993 -0.04210382365621302
    outer loop
      vertex 8.799999999999999 -1.3 2.317907770122833
      vertex 12.469637571909592 -1.2 2.397847039965357
      vertex 8.919637571909592 -1.3 2.397847039965357
    endloop
  endfacet
  facet normal 0 0 -1
    outer loop
      vertex 8.298473278858767 -1.298634555525105 2.1705357142857156
      vertex 11.799999999999999 1.2 2.1705357142857156
      vertex 11.799999999999999 -1.2 2.1705357142857156
    endloop
  endfacet
  facet normal 0.0281433418057696 -0.9990886341048201 -0.03209133083199011
    outer loop
      vertex 8.919637571909592 -1.3 2.397847039965357
      vertex 12.469637571909592 -1.2 2.397847039965357
      vertex 9.027817459305199 -1.3 2.492718254980513
    endloop
  endfacet
  facet normal 0.025871444991119513 -0.9184362971847421 -0.3947219734796274
    outer loop
      vertex 8.393578811442056 -1.3 2.1799463667745242
      vertex 11.799999999999999 -1.2 2.1705357142857156
      vertex 11.943578811442057 -1.2 2.1799463667745242
    endloop
  endfacet
  facet normal 0.027879888322754592 -0.9897360354577874 -0.1401616636010426
    outer loop
      vertex 8.534700949612771 -1.3 2.2080173053677403
      vertex 11.943578811442057 -1.2 2.1799463667745242
      vertex 12.084700949612772 -1.2 2.2080173053677403
    endloop
  endfacet
  facet normal 0.028061468181378554 -0.9961821204389381 -0.08266641955042378
    outer loop
      vertex 8.534700949612771 -1.3 2.2080173053677403
      vertex 12.084700949612772 -1.2 2.2080173053677403
      vertex 12.220951775601597 -1.2 2.2542682285233004
    endloop
  endfacet
  facet normal 0.02811205611475432 -0.9979779920737777 -0.05700561057818745
    outer loop
      vertex 8.670951775601596 -1.3 2.2542682285233004
      vertex 12.220951775601597 -1.2 2.2542682285233004
      vertex 12.35 -1.2 2.317907770122833
    endloop
  endfacet
  facet normal 0.02814926361734965 -0.9992988584159118 -0.024686241642994163
    outer loop
      vertex 9.027817459305199 -1.3 2.492718254980513
      vertex 12.672688674320357 -1.2 2.600898142376123
      vertex 9.122688674320356 -1.3 2.600898142376123
    endloop
  endfacet
  facet normal 0.02815286237372434 -0.9994266142672134 -0.01881114123440436
    outer loop
      vertex 9.122688674320356 -1.3 2.600898142376123
      vertex 12.75262794416288 -1.2 2.720535714285716
      vertex 9.202627944162879 -1.3 2.720535714285716
    endloop
  endfacet
  facet normal 0.028155130483361594 -0.9995071321593358 -0.013884573817184814
    outer loop
      vertex 9.202627944162879 -1.3 2.720535714285716
      vertex 12.816267485762415 -1.2 2.849583938684117
      vertex 9.266267485762414 -1.3 2.849583938684117
    endloop
  endfacet
  facet normal 0.028132875541802816 -0.9987170817339993 -0.04210382365621302
    outer loop
      vertex 8.799999999999999 -1.3 2.317907770122833
      vertex 12.35 -1.2 2.317907770122833
      vertex 12.469637571909592 -1.2 2.397847039965357
    endloop
  endfacet
  facet normal 0.0281433418057696 -0.9990886341048201 -0.03209133083199008
    outer loop
      vertex 9.027817459305199 -1.3 2.492718254980513
      vertex 12.469637571909592 -1.2 2.397847039965357
      vertex 12.5778174593052 -1.2 2.492718254980513
    endloop
  endfacet
  facet normal 0.02814926361734965 -0.9992988584159118 -0.024686241642994256
    outer loop
      vertex 9.027817459305199 -1.3 2.492718254980513
      vertex 12.5778174593052 -1.2 2.492718254980513
      vertex 12.672688674320357 -1.2 2.600898142376123
    endloop
  endfacet
  facet normal 0.06540312923014333 -9.670045985991137e-17 -0.9978589232386035
    outer loop
      vertex 11.799999999999999 -1.2 2.1705357142857156
      vertex 11.87178940572103 0 2.17524104053012
      vertex 11.943578811442057 -1.2 2.1799463667745242
    endloop
  endfacet
  facet normal 0.1950903220161279 0 -0.9807852804032304
    outer loop
      vertex 11.943578811442057 -1.2 2.1799463667745242
      vertex 12.014139880527415 0 2.1939818360711323
      vertex 12.084700949612772 -1.2 2.2080173053677403
    endloop
  endfacet
  facet normal 0.3214394653031674 -1.7581901792711488e-16 -0.9469301294951036
    outer loop
      vertex 12.084700949612772 -1.2 2.2080173053677403
      vertex 12.152826362607184 0 2.23114276694552
      vertex 12.220951775601597 -1.2 2.2542682285233004
    endloop
  endfacet
  facet normal 0.02815286237372434 -0.9994266142672134 -0.018811141234404423
    outer loop
      vertex 9.122688674320356 -1.3 2.600898142376123
      vertex 12.672688674320357 -1.2 2.600898142376123
      vertex 12.75262794416288 -1.2 2.720535714285716
    endloop
  endfacet
  facet normal 0.028155130483361594 -0.9995071321593358 -0.013884573817184874
    outer loop
      vertex 9.202627944162879 -1.3 2.720535714285716
      vertex 12.75262794416288 -1.2 2.720535714285716
      vertex 12.816267485762415 -1.2 2.849583938684117
    endloop
  endfacet
  facet normal 0.028156558590633 -0.9995578299674708 -0.0095578637285262
    outer loop
      vertex 9.266267485762414 -1.3 2.849583938684117
      vertex 12.816267485762415 -1.2 2.849583938684117
      vertex 12.862518408917973 -1.2 2.985834764672943
    endloop
  endfacet
  facet normal 0.44228869021899436 0 -0.8968727415326917
    outer loop
      vertex 12.220951775601597 -1.2 2.2542682285233004
      vertex 12.285475887800798 0 2.2860879993230667
      vertex 12.35 -1.2 2.317907770122833
    endloop
  endfacet
  facet normal 0.5555702330196028 0 -0.8314696123025448
    outer loop
      vertex 12.35 -1.2 2.317907770122833
      vertex 12.409818785954796 0 2.357877405044095
      vertex 12.469637571909592 -1.2 2.397847039965357
    endloop
  endfacet
  facet normal 0.6593458151000756 0 -0.7518398074789715
    outer loop
      vertex 12.469637571909592 -1.2 2.397847039965357
      vertex 12.523727515607396 0 2.445282647472935
      vertex 12.5778174593052 -1.2 2.492718254980513
    endloop
  endfacet
  facet normal 0.028132875541802816 -0.9987170817339993 0.04210382365621302
    outer loop
      vertex 8.919637571909592 -1.3 4.1432243886060744
      vertex 12.35 -1.2 4.223163658448598
      vertex 8.799999999999999 -1.3 4.223163658448598
    endloop
  endfacet
  facet normal 0.028061468181378557 -0.996182120438938 0.08266641955042457
    outer loop
      vertex 8.534700949612771 -1.3 4.333054123203691
      vertex 8.670951775601596 -1.3 4.286803200048132
      vertex 12.220951775601597 -1.2 4.286803200048132
    endloop
  endfacet
  facet normal 0.02811205611475432 -0.9979779920737777 0.05700561057818665
    outer loop
      vertex 8.670951775601596 -1.3 4.286803200048132
      vertex 8.799999999999999 -1.3 4.223163658448598
      vertex 12.220951775601597 -1.2 4.286803200048132
    endloop
  endfacet
  facet normal -0.06540312923014333 0 0.9978589232386035
    outer loop
      vertex 8.10642118855794 -1.3 4.361125061796907
      vertex 8.249999999999998 -1.3 4.370535714285715
      vertex 8.10642118855794 1.3 4.361125061796907
    endloop
  endfacet
  facet normal 0.025871444991119513 -0.9184362971847421 0.39472197347962745
    outer loop
      vertex 8.249999999999998 -1.3 4.370535714285715
      vertex 8.393578811442056 -1.3 4.361125061796907
      vertex 11.943578811442057 -1.2 4.361125061796907
    endloop
  endfacet
  facet normal 0 0 1
    outer loop
      vertex 8.249999999999998 -1.3 4.370535714285715
      vertex 11.43908968640365 -1.1661065600719283 4.370535714285715
      vertex 8.249999999999998 1.3 4.370535714285715
    endloop
  endfacet
  facet normal 0.02787988832275458 -0.9897360354577869 0.14016166360104707
    outer loop
      vertex 8.534700949612771 -1.3 4.333054123203691
      vertex 11.943578811442057 -1.2 4.361125061796907
      vertex 8.393578811442056 -1.3 4.361125061796907
    endloop
  endfacet
  facet normal 0.028156558590632996 -0.9995578299674708 -0.009557863728526184
    outer loop
      vertex 9.266267485762414 -1.3 2.849583938684117
      vertex 12.862518408917973 -1.2 2.985834764672943
      vertex 9.312518408917972 -1.3 2.985834764672943
    endloop
  endfacet
  facet normal 0.02815740311499984 -0.9995878105824937 -0.005600855712868107
    outer loop
      vertex 9.312518408917972 -1.3 2.985834764672943
      vertex 12.862518408917973 -1.2 2.985834764672943
      vertex 9.34058934751119 -1.3 3.126956902843659
    endloop
  endfacet
  facet normal 0.028157796814295772 -0.9996017869074993 -0.0018455595084572011
    outer loop
      vertex 9.34058934751119 -1.3 3.126956902843659
      vertex 12.89058934751119 -1.2 3.126956902843659
      vertex 9.35 -1.3 3.2705357142857157
    endloop
  endfacet
  facet normal 0.028157796814295772 -0.9996017869074993 0.0018455595084572011
    outer loop
      vertex 9.35 -1.3 3.2705357142857157
      vertex 12.9 -1.2 3.2705357142857157
      vertex 9.34058934751119 -1.3 3.4141145257277725
    endloop
  endfacet
  facet normal 0.02815740311499984 -0.9995878105824937 0.005600855712868107
    outer loop
      vertex 9.34058934751119 -1.3 3.4141145257277725
      vertex 12.862518408917973 -1.2 3.5552366638984885
      vertex 9.312518408917972 -1.3 3.5552366638984885
    endloop
  endfacet
  facet normal 0.02815740311499984 -0.9995878105824937 -0.005600855712868123
    outer loop
      vertex 9.34058934751119 -1.3 3.126956902843659
      vertex 12.862518408917973 -1.2 2.985834764672943
      vertex 12.89058934751119 -1.2 3.126956902843659
    endloop
  endfacet
  facet normal 0.028157796814295772 -0.9996017869074993 -0.0018455595084571994
    outer loop
      vertex 9.35 -1.3 3.2705357142857157
      vertex 12.89058934751119 -1.2 3.126956902843659
      vertex 12.9 -1.2 3.2705357142857157
    endloop
  endfacet
  facet normal 0.028156558590633 -0.9995578299674708 0.009557863728526166
    outer loop
      vertex 9.312518408917972 -1.3 3.5552366638984885
      vertex 12.862518408917973 -1.2 3.5552366638984885
      vertex 12.816267485762415 -1.2 3.6914874898873147
    endloop
  endfacet
  facet normal 0.028157796814295772 -0.9996017869074993 0.0018455595084571994
    outer loop
      vertex 9.34058934751119 -1.3 3.4141145257277725
      vertex 12.9 -1.2 3.2705357142857157
      vertex 12.89058934751119 -1.2 3.4141145257277725
    endloop
  endfacet
  facet normal 0.02815740311499984 -0.9995878105824937 0.005600855712868123
    outer loop
      vertex 9.34058934751119 -1.3 3.4141145257277725
      vertex 12.89058934751119 -1.2 3.4141145257277725
      vertex 12.862518408917973 -1.2 3.5552366638984885
    endloop
  endfacet
  facet normal 0.028156558590633 -0.9995578299674708 0.009557863728526152
    outer loop
      vertex 9.312518408917972 -1.3 3.5552366638984885
      vertex 12.816267485762415 -1.2 3.6914874898873147
      vertex 9.266267485762414 -1.3 3.6914874898873147
    endloop
  endfacet
  facet normal 0.028155130483361594 -0.9995071321593358 0.013884573817184814
    outer loop
      vertex 9.266267485762414 -1.3 3.6914874898873147
      vertex 12.816267485762415 -1.2 3.6914874898873147
      vertex 9.202627944162879 -1.3 3.820535714285716
    endloop
  endfacet
  facet normal 0.02814926361734965 -0.9992988584159118 0.024686241642994163
    outer loop
      vertex 9.122688674320356 -1.3 3.9401732861953085
      vertex 12.672688674320357 -1.2 3.9401732861953085
      vertex 9.027817459305199 -1.3 4.048353173590918
    endloop
  endfacet
  facet normal 0.02815286237372434 -0.9994266142672134 0.01881114123440443
    outer loop
      vertex 9.202627944162879 -1.3 3.820535714285716
      vertex 12.75262794416288 -1.2 3.820535714285716
      vertex 9.122688674320356 -1.3 3.9401732861953085
    endloop
  endfacet
  facet normal 0.0281433418057696 -0.9990886341048201 0.03209133083199011
    outer loop
      vertex 8.919637571909592 -1.3 4.1432243886060744
      vertex 9.027817459305199 -1.3 4.048353173590918
      vertex 12.469637571909592 -1.2 4.1432243886060744
    endloop
  endfacet
  facet normal 0.02787988832275458 -0.9897360354577869 0.14016166360104695
    outer loop
      vertex 8.534700949612771 -1.3 4.333054123203691
      vertex 12.084700949612772 -1.2 4.333054123203691
      vertex 11.943578811442057 -1.2 4.361125061796907
    endloop
  endfacet
  facet normal 0.02811205611475432 -0.9979779920737777 0.05700561057818665
    outer loop
      vertex 8.799999999999999 -1.3 4.223163658448598
      vertex 12.35 -1.2 4.223163658448598
      vertex 12.220951775601597 -1.2 4.286803200048132
    endloop
  endfacet
  facet normal 0.028061468181378557 -0.996182120438938 0.08266641955042457
    outer loop
      vertex 8.534700949612771 -1.3 4.333054123203691
      vertex 12.220951775601597 -1.2 4.286803200048132
      vertex 12.084700949612772 -1.2 4.333054123203691
    endloop
  endfacet
  facet normal 0.028155130483361594 -0.9995071321593358 0.013884573817184874
    outer loop
      vertex 9.202627944162879 -1.3 3.820535714285716
      vertex 12.816267485762415 -1.2 3.6914874898873147
      vertex 12.75262794416288 -1.2 3.820535714285716
    endloop
  endfacet
  facet normal 0.02815286237372434 -0.9994266142672134 0.018811141234404492
    outer loop
      vertex 9.122688674320356 -1.3 3.9401732861953085
      vertex 12.75262794416288 -1.2 3.820535714285716
      vertex 12.672688674320357 -1.2 3.9401732861953085
    endloop
  endfacet
  facet normal 0.02814926361734965 -0.9992988584159118 0.024686241642994256
    outer loop
      vertex 9.027817459305199 -1.3 4.048353173590918
      vertex 12.672688674320357 -1.2 3.9401732861953085
      vertex 12.5778174593052 -1.2 4.048353173590918
    endloop
  endfacet
  facet normal 0.0281433418057696 -0.9990886341048201 0.03209133083199008
    outer loop
      vertex 9.027817459305199 -1.3 4.048353173590918
      vertex 12.5778174593052 -1.2 4.048353173590918
      vertex 12.469637571909592 -1.2 4.1432243886060744
    endloop
  endfacet
  facet normal 0.028132875541802816 -0.9987170817339993 0.04210382365621302
    outer loop
      vertex 8.919637571909592 -1.3 4.1432243886060744
      vertex 12.469637571909592 -1.2 4.1432243886060744
      vertex 12.35 -1.2 4.223163658448598
    endloop
  endfacet
  facet normal 0 0 1
    outer loop
      vertex 8.249999999999998 -1.3 4.370535714285715
      vertex 11.449932707503988 -1.177785254721779 4.370535714285715
      vertex 11.43908968640365 -1.1661065600719283 4.370535714285715
    endloop
  endfacet
  facet normal 0 0 1
    outer loop
      vertex 8.249999999999998 -1.3 4.370535714285715
      vertex 11.492149774262876 -1.1872671866868094 4.370535714285715
      vertex 11.449932707503988 -1.177785254721779 4.370535714285715
    endloop
  endfacet
  facet normal 0 0 1
    outer loop
      vertex 8.249999999999998 -1.3 4.370535714285715
      vertex 11.565542507238517 -1.1942636722379387 4.370535714285715
      vertex 11.492149774262876 -1.1872671866868094 4.370535714285715
    endloop
  endfacet
  facet normal 0 0 1
    outer loop
      vertex 8.249999999999998 -1.3 4.370535714285715
      vertex 11.668899977023377 -1.19855411035347 4.370535714285715
      vertex 11.565542507238517 -1.1942636722379387 4.370535714285715
    endloop
  endfacet
  facet normal 0 0 1
    outer loop
      vertex 8.249999999999998 -1.3 4.370535714285715
      vertex 11.799999999999999 -1.2 4.370535714285715
      vertex 11.668899977023377 -1.19855411035347 4.370535714285715
    endloop
  endfacet
  facet normal 0.025871444991119513 -0.9184362971847421 0.3947219734796274
    outer loop
      vertex 8.249999999999998 -1.3 4.370535714285715
      vertex 11.943578811442057 -1.2 4.361125061796907
      vertex 11.799999999999999 -1.2 4.370535714285715
    endloop
  endfacet
  facet normal 0 0 -1
    outer loop
      vertex 8.298473278858767 -1.298634555525105 2.1705357142857156
      vertex 8.298473278858767 1.298634555525105 2.1705357142857156
      vertex 11.799999999999999 1.2 2.1705357142857156
    endloop
  endfacet
  facet normal 0.025871444991119447 0.9184362971847398 -0.39472197347963234
    outer loop
      vertex 8.298473278858767 1.298634555525105 2.1705357142857156
      vertex 8.393578811442056 1.3 2.1799463667745242
      vertex 11.943578811442057 1.2 2.1799463667745242
    endloop
  endfacet
  facet normal 0.027879888322754592 0.9897360354577874 -0.14016166360104274
    outer loop
      vertex 8.393578811442056 1.3 2.1799463667745242
      vertex 8.534700949612771 1.3 2.2080173053677403
      vertex 11.943578811442057 1.2 2.1799463667745242
    endloop
  endfacet
  facet normal 0.028061468181378554 0.9961821204389381 -0.08266641955042378
    outer loop
      vertex 8.534700949612771 1.3 2.2080173053677403
      vertex 8.670951775601596 1.3 2.2542682285233004
      vertex 12.084700949612772 1.2 2.2080173053677403
    endloop
  endfacet
  facet normal 0.02811205611475432 0.9979779920737777 -0.05700561057818745
    outer loop
      vertex 8.670951775601596 1.3 2.2542682285233004
      vertex 8.799999999999999 1.3 2.317907770122833
      vertex 12.35 1.2 2.317907770122833
    endloop
  endfacet
  facet normal 0.028132875541802816 0.9987170817339993 -0.04210382365621302
    outer loop
      vertex 8.799999999999999 1.3 2.317907770122833
      vertex 8.919637571909592 1.3 2.397847039965357
      vertex 12.469637571909592 1.2 2.397847039965357
    endloop
  endfacet
  facet normal 0.025871444991119503 0.9184362971847423 -0.3947219734796263
    outer loop
      vertex 8.298473278858767 1.298634555525105 2.1705357142857156
      vertex 11.943578811442057 1.2 2.1799463667745242
      vertex 11.799999999999999 1.2 2.1705357142857156
    endloop
  endfacet
  facet normal 0.0281433418057696 0.9990886341048201 -0.03209133083199011
    outer loop
      vertex 8.919637571909592 1.3 2.397847039965357
      vertex 9.027817459305199 1.3 2.492718254980513
      vertex 12.469637571909592 1.2 2.397847039965357
    endloop
  endfacet
  facet normal 0.02814926361734965 0.9992988584159118 -0.024686241642994163
    outer loop
      vertex 9.027817459305199 1.3 2.492718254980513
      vertex 9.122688674320356 1.3 2.600898142376123
      vertex 12.5778174593052 1.2 2.492718254980513
    endloop
  endfacet
  facet normal 0.027879888322754592 0.9897360354577874 -0.1401616636010426
    outer loop
      vertex 8.534700949612771 1.3 2.2080173053677403
      vertex 12.084700949612772 1.2 2.2080173053677403
      vertex 11.943578811442057 1.2 2.1799463667745242
    endloop
  endfacet
  facet normal 0.028061468181378554 0.9961821204389381 -0.08266641955042378
    outer loop
      vertex 8.670951775601596 1.3 2.2542682285233004
      vertex 12.220951775601597 1.2 2.2542682285233004
      vertex 12.084700949612772 1.2 2.2080173053677403
    endloop
  endfacet
  facet normal 0.02811205611475432 0.9979779920737777 -0.05700561057818745
    outer loop
      vertex 8.670951775601596 1.3 2.2542682285233004
      vertex 12.35 1.2 2.317907770122833
      vertex 12.220951775601597 1.2 2.2542682285233004
    endloop
  endfacet
  facet normal 0.02815286237372434 0.9994266142672134 -0.01881114123440436
    outer loop
      vertex 9.122688674320356 1.3 2.600898142376123
      vertex 9.202627944162879 1.3 2.720535714285716
      vertex 12.672688674320357 1.2 2.600898142376123
    endloop
  endfacet
  facet normal 0.028155130483361594 0.9995071321593358 -0.013884573817184814
    outer loop
      vertex 9.202627944162879 1.3 2.720535714285716
      vertex 9.266267485762414 1.3 2.849583938684117
      vertex 12.816267485762415 1.2 2.849583938684117
    endloop
  endfacet
  facet normal 0.028156558590633 0.9995578299674708 -0.009557863728526185
    outer loop
      vertex 9.266267485762414 1.3 2.849583938684117
      vertex 9.312518408917972 1.3 2.985834764672943
      vertex 12.816267485762415 1.2 2.849583938684117
    endloop
  endfacet
  facet normal 0.028132875541802816 0.9987170817339993 -0.04210382365621302
    outer loop
      vertex 8.799999999999999 1.3 2.317907770122833
      vertex 12.469637571909592 1.2 2.397847039965357
      vertex 12.35 1.2 2.317907770122833
    endloop
  endfacet
  facet normal 0.0281433418057696 0.9990886341048201 -0.03209133083199008
    outer loop
      vertex 9.027817459305199 1.3 2.492718254980513
      vertex 12.5778174593052 1.2 2.492718254980513
      vertex 12.469637571909592 1.2 2.397847039965357
    endloop
  endfacet
  facet normal 0.06540312923014494 0 -0.9978589232386034
    outer loop
      vertex 11.943578811442057 -1.2 2.1799463667745242
      vertex 11.87178940572103 0 2.17524104053012
      vertex 11.943578811442057 1.2 2.1799463667745242
    endloop
  endfacet
  facet normal 0.1950903220161279 0 -0.9807852804032304
    outer loop
      vertex 12.084700949612772 -1.2 2.2080173053677403
      vertex 12.014139880527415 0 2.1939818360711323
      vertex 12.084700949612772 1.2 2.2080173053677403
    endloop
  endfacet
  facet normal 0.3214394653031702 0 -0.9469301294951027
    outer loop
      vertex 12.220951775601597 -1.2 2.2542682285233004
      vertex 12.152826362607184 0 2.23114276694552
      vertex 12.220951775601597 1.2 2.2542682285233004
    endloop
  endfacet
  facet normal 0.06540312923014333 9.670045985991137e-17 -0.9978589232386035
    outer loop
      vertex 11.799999999999999 1.2 2.1705357142857156
      vertex 11.943578811442057 1.2 2.1799463667745242
      vertex 11.87178940572103 0 2.17524104053012
    endloop
  endfacet
  facet normal 0.1950903220161279 0 -0.9807852804032304
    outer loop
      vertex 12.014139880527415 0 2.1939818360711323
      vertex 11.943578811442057 1.2 2.1799463667745242
      vertex 12.084700949612772 1.2 2.2080173053677403
    endloop
  endfacet
  facet normal 0.32143946530316736 1.7581901792711488e-16 -0.9469301294951036
    outer loop
      vertex 12.152826362607184 0 2.23114276694552
      vertex 12.084700949612772 1.2 2.2080173053677403
      vertex 12.220951775601597 1.2 2.2542682285233004
    endloop
  endfacet
  facet normal 0.02814926361734965 0.9992988584159118 -0.024686241642994114
    outer loop
      vertex 9.122688674320356 1.3 2.600898142376123
      vertex 12.672688674320357 1.2 2.600898142376123
      vertex 12.5778174593052 1.2 2.492718254980513
    endloop
  endfacet
  facet normal 0.02815286237372434 0.9994266142672134 -0.01881114123440429
    outer loop
      vertex 9.202627944162879 1.3 2.720535714285716
      vertex 12.75262794416288 1.2 2.720535714285716
      vertex 12.672688674320357 1.2 2.600898142376123
    endloop
  endfacet
  facet normal 0.028155130483361594 0.9995071321593358 -0.013884573817184874
    outer loop
      vertex 9.202627944162879 1.3 2.720535714285716
      vertex 12.816267485762415 1.2 2.849583938684117
      vertex 12.75262794416288 1.2 2.720535714285716
    endloop
  endfacet
  facet normal 0.44228869021899436 0 -0.8968727415326917
    outer loop
      vertex 12.35 -1.2 2.317907770122833
      vertex 12.285475887800798 0 2.2860879993230667
      vertex 12.35 1.2 2.317907770122833
    endloop
  endfacet
  facet normal 0.5555702330196028 0 -0.8314696123025448
    outer loop
      vertex 12.469637571909592 -1.2 2.397847039965357
      vertex 12.409818785954796 0 2.357877405044095
      vertex 12.469637571909592 1.2 2.397847039965357
    endloop
  endfacet
  facet normal 0.6593458151000756 0 -0.7518398074789715
    outer loop
      vertex 12.5778174593052 -1.2 2.492718254980513
      vertex 12.523727515607396 0 2.445282647472935
      vertex 12.5778174593052 1.2 2.492718254980513
    endloop
  endfacet
  facet normal 0.44228869021899436 0 -0.8968727415326917
    outer loop
      vertex 12.220951775601597 1.2 2.2542682285233004
      vertex 12.35 1.2 2.317907770122833
      vertex 12.285475887800798 0 2.2860879993230667
    endloop
  endfacet
  facet normal 0.5555702330196028 0 -0.8314696123025448
    outer loop
      vertex 12.409818785954796 0 2.357877405044095
      vertex 12.35 1.2 2.317907770122833
      vertex 12.469637571909592 1.2 2.397847039965357
    endloop
  endfacet
  facet normal 0.6593458151000756 0 -0.7518398074789715
    outer loop
      vertex 12.523727515607396 0 2.445282647472935
      vertex 12.469637571909592 1.2 2.397847039965357
      vertex 12.5778174593052 1.2 2.492718254980513
    endloop
  endfacet
  facet normal 0.028132875541802816 0.9987170817339993 0.04210382365621302
    outer loop
      vertex 8.919637571909592 1.3 4.1432243886060744
      vertex 8.799999999999999 1.3 4.223163658448598
      vertex 12.469637571909592 1.2 4.1432243886060744
    endloop
  endfacet
  facet normal 0.02811205611475432 0.9979779920737777 0.05700561057818665
    outer loop
      vertex 8.670951775601596 1.3 4.286803200048132
      vertex 12.35 1.2 4.223163658448598
      vertex 8.799999999999999 1.3 4.223163658448598
    endloop
  endfacet
  facet normal 0.028061468181378557 0.996182120438938 0.08266641955042457
    outer loop
      vertex 8.534700949612771 1.3 4.333054123203691
      vertex 12.220951775601597 1.2 4.286803200048132
      vertex 8.670951775601596 1.3 4.286803200048132
    endloop
  endfacet
  facet normal 0.025871444991119513 0.9184362971847421 0.39472197347962745
    outer loop
      vertex 8.249999999999998 1.3 4.370535714285715
      vertex 11.943578811442057 1.2 4.361125061796907
      vertex 8.393578811442056 1.3 4.361125061796907
    endloop
  endfacet
  facet normal 0.02787988832275458 0.9897360354577869 0.14016166360104707
    outer loop
      vertex 8.534700949612771 1.3 4.333054123203691
      vertex 8.393578811442056 1.3 4.361125061796907
      vertex 11.943578811442057 1.2 4.361125061796907
    endloop
  endfacet
  facet normal 0.02815740311499984 0.9995878105824937 -0.005600855712868107
    outer loop
      vertex 9.312518408917972 1.3 2.985834764672943
      vertex 9.34058934751119 1.3 3.126956902843659
      vertex 12.862518408917973 1.2 2.985834764672943
    endloop
  endfacet
  facet normal 0.028157796814295772 0.9996017869074993 -0.0018455595084572011
    outer loop
      vertex 9.34058934751119 1.3 3.126956902843659
      vertex 9.35 1.3 3.2705357142857157
      vertex 12.9 1.2 3.2705357142857157
    endloop
  endfacet
  facet normal 0.02815779681429578 0.9996017869074993 0.0018455595084572016
    outer loop
      vertex 9.35 1.3 3.2705357142857157
      vertex 9.34058934751119 1.3 3.4141145257277725
      vertex 12.89058934751119 1.2 3.4141145257277725
    endloop
  endfacet
  facet normal 0.02815740311499984 0.9995878105824937 0.005600855712868107
    outer loop
      vertex 9.34058934751119 1.3 3.4141145257277725
      vertex 9.312518408917972 1.3 3.5552366638984885
      vertex 12.862518408917973 1.2 3.5552366638984885
    endloop
  endfacet
  facet normal 0.028156558590633 0.9995578299674708 -0.009557863728526185
    outer loop
      vertex 12.816267485762415 1.2 2.849583938684117
      vertex 9.312518408917972 1.3 2.985834764672943
      vertex 12.862518408917973 1.2 2.985834764672943
    endloop
  endfacet
  facet normal 0.02815740311499984 0.9995878105824937 -0.005600855712868123
    outer loop
      vertex 9.34058934751119 1.3 3.126956902843659
      vertex 12.89058934751119 1.2 3.126956902843659
      vertex 12.862518408917973 1.2 2.985834764672943
    endloop
  endfacet
  facet normal 0.028157796814295772 0.9996017869074993 -0.0018455595084571994
    outer loop
      vertex 9.34058934751119 1.3 3.126956902843659
      vertex 12.9 1.2 3.2705357142857157
      vertex 12.89058934751119 1.2 3.126956902843659
    endloop
  endfacet
  facet normal 0.028156558590633 0.9995578299674708 0.009557863728526166
    outer loop
      vertex 9.312518408917972 1.3 3.5552366638984885
      vertex 12.816267485762415 1.2 3.6914874898873147
      vertex 12.862518408917973 1.2 3.5552366638984885
    endloop
  endfacet
  facet normal 0.028157796814295772 0.9996017869074993 0.0018455595084571994
    outer loop
      vertex 9.35 1.3 3.2705357142857157
      vertex 12.89058934751119 1.2 3.4141145257277725
      vertex 12.9 1.2 3.2705357142857157
    endloop
  endfacet
  facet normal 0.02815740311499984 0.9995878105824937 0.005600855712868123
    outer loop
      vertex 9.34058934751119 1.3 3.4141145257277725
      vertex 12.862518408917973 1.2 3.5552366638984885
      vertex 12.89058934751119 1.2 3.4141145257277725
    endloop
  endfacet
  facet normal 0.028156558590633 0.9995578299674708 0.009557863728526152
    outer loop
      vertex 9.312518408917972 1.3 3.5552366638984885
      vertex 9.266267485762414 1.3 3.6914874898873147
      vertex 12.816267485762415 1.2 3.6914874898873147
    endloop
  endfacet
  facet normal 0.028155130483361594 0.9995071321593358 0.013884573817184814
    outer loop
      vertex 9.266267485762414 1.3 3.6914874898873147
      vertex 9.202627944162879 1.3 3.820535714285716
      vertex 12.816267485762415 1.2 3.6914874898873147
    endloop
  endfacet
  facet normal 0.02814926361734965 0.9992988584159118 0.024686241642994163
    outer loop
      vertex 9.122688674320356 1.3 3.9401732861953085
      vertex 9.027817459305199 1.3 4.048353173590918
      vertex 12.672688674320357 1.2 3.9401732861953085
    endloop
  endfacet
  facet normal 0.02815286237372434 0.9994266142672134 0.01881114123440443
    outer loop
      vertex 9.202627944162879 1.3 3.820535714285716
      vertex 9.122688674320356 1.3 3.9401732861953085
      vertex 12.75262794416288 1.2 3.820535714285716
    endloop
  endfacet
  facet normal 0.0281433418057696 0.9990886341048201 0.03209133083199011
    outer loop
      vertex 8.919637571909592 1.3 4.1432243886060744
      vertex 12.469637571909592 1.2 4.1432243886060744
      vertex 9.027817459305199 1.3 4.048353173590918
    endloop
  endfacet
  facet normal 0.02787988832275458 0.9897360354577869 0.14016166360104695
    outer loop
      vertex 8.534700949612771 1.3 4.333054123203691
      vertex 11.943578811442057 1.2 4.361125061796907
      vertex 12.084700949612772 1.2 4.333054123203691
    endloop
  endfacet
  facet normal 0.028061468181378557 0.996182120438938 0.08266641955042457
    outer loop
      vertex 8.534700949612771 1.3 4.333054123203691
      vertex 12.084700949612772 1.2 4.333054123203691
      vertex 12.220951775601597 1.2 4.286803200048132
    endloop
  endfacet
  facet normal 0.02811205611475432 0.9979779920737777 0.05700561057818665
    outer loop
      vertex 8.670951775601596 1.3 4.286803200048132
      vertex 12.220951775601597 1.2 4.286803200048132
      vertex 12.35 1.2 4.223163658448598
    endloop
  endfacet
  facet normal 0.028155130483361594 0.9995071321593358 0.013884573817184874
    outer loop
      vertex 9.202627944162879 1.3 3.820535714285716
      vertex 12.75262794416288 1.2 3.820535714285716
      vertex 12.816267485762415 1.2 3.6914874898873147
    endloop
  endfacet
  facet normal 0.02815286237372434 0.9994266142672134 0.018811141234404492
    outer loop
      vertex 9.122688674320356 1.3 3.9401732861953085
      vertex 12.672688674320357 1.2 3.9401732861953085
      vertex 12.75262794416288 1.2 3.820535714285716
    endloop
  endfacet
  facet normal 0.02814926361734965 0.9992988584159118 0.024686241642994256
    outer loop
      vertex 9.027817459305199 1.3 4.048353173590918
      vertex 12.5778174593052 1.2 4.048353173590918
      vertex 12.672688674320357 1.2 3.9401732861953085
    endloop
  endfacet
  facet normal 0.0281433418057696 0.9990886341048201 0.03209133083199008
    outer loop
      vertex 9.027817459305199 1.3 4.048353173590918
      vertex 12.469637571909592 1.2 4.1432243886060744
      vertex 12.5778174593052 1.2 4.048353173590918
    endloop
  endfacet
  facet normal 0.028132875541802816 0.9987170817339993 0.04210382365621302
    outer loop
      vertex 8.799999999999999 1.3 4.223163658448598
      vertex 12.35 1.2 4.223163658448598
      vertex 12.469637571909592 1.2 4.1432243886060744
    endloop
  endfacet
  facet normal 0 0 1
    outer loop
      vertex 11.43908968640365 -1.1661065600719283 4.370535714285715
      vertex 11.43908968640365 1.1661065600719283 4.370535714285715
      vertex 8.249999999999998 1.3 4.370535714285715
    endloop
  endfacet
  facet normal 0 0 1
    outer loop
      vertex 8.249999999999998 1.3 4.370535714285715
      vertex 11.43908968640365 1.1661065600719283 4.370535714285715
      vertex 11.449932707503985 1.177785254721779 4.370535714285715
    endloop
  endfacet
  facet normal 0 0 1
    outer loop
      vertex 8.249999999999998 1.3 4.370535714285715
      vertex 11.449932707503985 1.177785254721779 4.370535714285715
      vertex 11.492149774262876 1.1872671866868094 4.370535714285715
    endloop
  endfacet
  facet normal 0 0 1
    outer loop
      vertex 8.249999999999998 1.3 4.370535714285715
      vertex 11.492149774262876 1.1872671866868094 4.370535714285715
      vertex 11.565542507238517 1.194263672237939 4.370535714285715
    endloop
  endfacet
  facet normal 0 0 1
    outer loop
      vertex 8.249999999999998 1.3 4.370535714285715
      vertex 11.565542507238517 1.194263672237939 4.370535714285715
      vertex 11.668899977023377 1.19855411035347 4.370535714285715
    endloop
  endfacet
  facet normal 0 0 1
    outer loop
      vertex 8.249999999999998 1.3 4.370535714285715
      vertex 11.668899977023377 1.19855411035347 4.370535714285715
      vertex 11.799999999999999 1.2 4.370535714285715
    endloop
  endfacet
  facet normal 0.025871444991119513 0.9184362971847421 0.3947219734796274
    outer loop
      vertex 8.249999999999998 1.3 4.370535714285715
      vertex 11.799999999999999 1.2 4.370535714285715
      vertex 11.943578811442057 1.2 4.361125061796907
    endloop
  endfacet
  facet normal 0.6862118838703365 -0.4086074343605235 -0.6017916707802082
    outer loop
      vertex 12.5778174593052 -1.2 2.492718254980513
      vertex 14.21401800626211 -1 4.222650428177866
      vertex 12.672688674320357 -1.2 2.600898142376123
    endloop
  endfacet
  facet normal 0.3867986283612871 -0.8852062575811357 -0.2584505806474945
    outer loop
      vertex 12.672688674320357 -1.2 2.600898142376123
      vertex 14.21401800626211 -1 4.222650428177866
      vertex 12.75262794416288 -1.2 2.720535714285716
    endloop
  endfacet
  facet normal 0.7251696413453679 0 -0.6885702515147096
    outer loop
      vertex 12.5778174593052 -1.2 2.492718254980513
      vertex 12.5778174593052 1.2 2.492718254980513
      vertex 14.13639610306789 -1 4.134139611217822
    endloop
  endfacet
  facet normal 0.25949510132298453 -0.9572284329823335 -0.12796882229496426
    outer loop
      vertex 12.75262794416288 -1.2 2.720535714285716
      vertex 14.279422863405992 -1 4.3205357142857155
      vertex 12.816267485762415 -1.2 2.849583938684117
    endloop
  endfacet
  facet normal 0.19948889653789995 -0.9775574356111723 -0.06771735552574294
    outer loop
      vertex 12.816267485762415 -1.2 2.849583938684117
      vertex 14.331491579260158 -1 4.426120625157134
      vertex 12.862518408917973 -1.2 2.985834764672943
    endloop
  endfacet
  facet normal 0.16455774865831446 -0.9858241862162402 -0.03273257135629284
    outer loop
      vertex 12.862518408917973 -1.2 2.985834764672943
      vertex 14.36933324366016 -1 4.537598573693447
      vertex 12.89058934751119 -1.2 3.126956902843659
    endloop
  endfacet
  facet normal 0.6862118838703581 -0.4086074343604426 -0.6017916707802384
    outer loop
      vertex 12.5778174593052 -1.2 2.492718254980513
      vertex 14.13639610306789 -1 4.134139611217822
      vertex 14.21401800626211 -1 4.222650428177866
    endloop
  endfacet
  facet normal 0.08975112265461183 -0.9949802796552195 0.04426035561829798
    outer loop
      vertex 12.75262794416288 -1.2 3.820535714285716
      vertex 12.816267485762415 -1.2 3.6914874898873147
      vertex 14.279422863405992 -1 5.220535714285715
    endloop
  endfacet
  facet normal 0.08084184655410967 -0.995262167327068 0.05401679491740546
    outer loop
      vertex 12.75262794416288 -1.2 3.820535714285716
      vertex 14.279422863405992 -1 5.220535714285715
      vertex 12.672688674320357 -1.2 3.9401732861953085
    endloop
  endfacet
  facet normal 0.14124870989548824 -0.9899308524806338 -0.009257929564737175
    outer loop
      vertex 12.89058934751119 -1.2 3.126956902843659
      vertex 14.39230037523643 -1 4.65306214128767
      vertex 12.9 -1.2 3.2705357142857157
    endloop
  endfacet
  facet normal 0.3867986283612821 -0.8852062575811396 -0.2584505806474886
    outer loop
      vertex 12.75262794416288 -1.2 2.720535714285716
      vertex 14.21401800626211 -1 4.222650428177866
      vertex 14.279422863405992 -1 4.3205357142857155
    endloop
  endfacet
  facet normal 0.12415935527893689 -0.992228920236207 0.008137834085890595
    outer loop
      vertex 12.9 -1.2 3.2705357142857157
      vertex 14.39230037523643 -1 4.8880092872837615
      vertex 12.89058934751119 -1.2 3.4141145257277725
    endloop
  endfacet
  facet normal 0.11071540049436615 -0.9936081231720114 0.022022662417721845
    outer loop
      vertex 12.89058934751119 -1.2 3.4141145257277725
      vertex 14.39230037523643 -1 4.8880092872837615
      vertex 12.862518408917973 -1.2 3.5552366638984885
    endloop
  endfacet
  facet normal 0.259495101322987 -0.9572284329823326 -0.12796882229496676
    outer loop
      vertex 12.816267485762415 -1.2 2.849583938684117
      vertex 14.279422863405992 -1 4.3205357142857155
      vertex 14.331491579260158 -1 4.426120625157134
    endloop
  endfacet
  facet normal 0.19948889653789934 -0.9775574356111725 -0.06771735552574162
    outer loop
      vertex 12.862518408917973 -1.2 2.985834764672943
      vertex 14.331491579260158 -1 4.426120625157134
      vertex 14.36933324366016 -1 4.537598573693447
    endloop
  endfacet
  facet normal 0.09952452823380509 -0.9944614160120253 0.033784024970332054
    outer loop
      vertex 12.862518408917973 -1.2 3.5552366638984885
      vertex 14.331491579260158 -1 5.114950803414297
      vertex 12.816267485762415 -1.2 3.6914874898873147
    endloop
  endfacet
  facet normal 0.16455774865831607 -0.9858241862162399 -0.03273257135629411
    outer loop
      vertex 12.89058934751119 -1.2 3.126956902843659
      vertex 14.36933324366016 -1 4.537598573693447
      vertex 14.39230037523643 -1 4.65306214128767
    endloop
  endfacet
  facet normal 0.1412487098954831 -0.9899308524806347 -0.009257929564731524
    outer loop
      vertex 12.9 -1.2 3.2705357142857157
      vertex 14.39230037523643 -1 4.65306214128767
      vertex 14.399999999999997 -1 4.770535714285716
    endloop
  endfacet
  facet normal 0.12415935527894167 -0.9922289202362065 0.008137834085886236
    outer loop
      vertex 12.9 -1.2 3.2705357142857157
      vertex 14.399999999999997 -1 4.770535714285716
      vertex 14.39230037523643 -1 4.8880092872837615
    endloop
  endfacet
  facet normal 0.7518398074789697 0 -0.6593458151000776
    outer loop
      vertex 14.13639610306789 -1 4.134139611217822
      vertex 14.21401800626211 1 4.222650428177866
      vertex 14.21401800626211 -1 4.222650428177866
    endloop
  endfacet
  facet normal 0.8314696123025509 0 -0.5555702330195939
    outer loop
      vertex 14.21401800626211 -1 4.222650428177866
      vertex 14.279422863405992 1 4.3205357142857155
      vertex 14.279422863405992 -1 4.3205357142857155
    endloop
  endfacet
  facet normal -0.4937541253350893 -0.4584233563685183 0.7389552693163529
    outer loop
      vertex 11.43908968640365 -1.1661065600719283 4.370535714285715
      vertex 11.449932707503988 -1.177785254721779 4.370535714285715
      vertex 12.952114713892149 -1 5.484553720547828
    endloop
  endfacet
  facet normal -0.20025823315496377 -0.8916236932831514 0.4060835254350572
    outer loop
      vertex 11.449932707503988 -1.177785254721779 4.370535714285715
      vertex 11.492149774262876 -1.1872671866868094 4.370535714285715
      vertex 13.049999999999999 -1 5.54995857769171
    endloop
  endfacet
  facet normal -0.0913948288654169 -0.9587265236603357 0.26924048374423337
    outer loop
      vertex 11.492149774262876 -1.1872671866868094 4.370535714285715
      vertex 11.565542507238517 -1.1942636722379387 4.370535714285715
      vertex 13.155584910871417 -1 5.6020272935458735
    endloop
  endfacet
  facet normal -0.04060174654028719 -0.9781037922582008 0.20411876383126845
    outer loop
      vertex 11.565542507238517 -1.1942636722379387 4.370535714285715
      vertex 11.668899977023377 -1.19855411035347 4.370535714285715
      vertex 13.267062859407728 -1 5.639868957945877
    endloop
  endfacet
  facet normal 0.07238885669449796 -0.9953540681904836 0.06348332350403081
    outer loop
      vertex 12.672688674320357 -1.2 3.9401732861953085
      vertex 14.13639610306789 -1 5.406931817353609
      vertex 12.5778174593052 -1.2 4.048353173590918
    endloop
  endfacet
  facet normal 0.05549829210878956 -0.9949980560260662 0.08305906378810696
    outer loop
      vertex 12.469637571909592 -1.2 4.1432243886060744
      vertex 14.047885286107848 -1 5.484553720547828
      vertex 12.35 -1.2 4.223163658448598
    endloop
  endfacet
  facet normal 0.04635813362968402 -0.9944918221076094 0.09400499565161036
    outer loop
      vertex 12.220951775601597 -1.2 4.286803200048132
      vertex 12.35 -1.2 4.223163658448598
      vertex 13.84441508912858 -1 5.6020272935458735
    endloop
  endfacet
  facet normal 0.06405105849469418 -0.9952704006317398 0.07303623437750352
    outer loop
      vertex 12.469637571909592 -1.2 4.1432243886060744
      vertex 12.5778174593052 -1.2 4.048353173590918
      vertex 14.13639610306789 -1 5.406931817353609
    endloop
  endfacet
  facet normal -0.010875362851626305 -0.986078241274551 0.1659259731559037
    outer loop
      vertex 11.668899977023377 -1.19855411035347 4.370535714285715
      vertex 11.799999999999999 -1.2 4.370535714285715
      vertex 13.38252642700195 -1 5.662836089522145
    endloop
  endfacet
  facet normal 0.009195315200032615 -0.9900672746294179 0.14029339929679083
    outer loop
      vertex 11.799999999999999 -1.2 4.370535714285715
      vertex 11.943578811442057 -1.2 4.361125061796907
      vertex 13.617473572998046 -1 5.662836089522145
    endloop
  endfacet
  facet normal 0.024149532582165362 -0.9923088844552562 0.12140789886670392
    outer loop
      vertex 12.084700949612772 -1.2 4.333054123203691
      vertex 13.617473572998046 -1 5.662836089522145
      vertex 11.943578811442057 -1.2 4.361125061796907
    endloop
  endfacet
  facet normal 0.03614621071479782 -0.9936572636601787 0.10648330304008834
    outer loop
      vertex 12.084700949612772 -1.2 4.333054123203691
      vertex 12.220951775601597 -1.2 4.286803200048132
      vertex 13.84441508912858 -1 5.6020272935458735
    endloop
  endfacet
  facet normal 0.09952452823380555 -0.9944614160120253 0.03378402497033176
    outer loop
      vertex 12.862518408917973 -1.2 3.5552366638984885
      vertex 14.36933324366016 -1 5.003472854877984
      vertex 14.331491579260158 -1 5.114950803414297
    endloop
  endfacet
  facet normal 0.08975112265461124 -0.9949802796552194 0.0442603556182986
    outer loop
      vertex 12.816267485762415 -1.2 3.6914874898873147
      vertex 14.331491579260158 -1 5.114950803414297
      vertex 14.279422863405992 -1 5.220535714285715
    endloop
  endfacet
  facet normal 0.11071540049436553 -0.9936081231720115 0.022022662417722678
    outer loop
      vertex 12.862518408917973 -1.2 3.5552366638984885
      vertex 14.39230037523643 -1 4.8880092872837615
      vertex 14.36933324366016 -1 5.003472854877984
    endloop
  endfacet
  facet normal 0.8968727415326799 0 -0.44228869021901823
    outer loop
      vertex 14.279422863405992 -1 4.3205357142857155
      vertex 14.331491579260158 1 4.426120625157134
      vertex 14.331491579260158 -1 4.426120625157134
    endloop
  endfacet
  facet normal 0.9469301294951105 0 -0.3214394653031473
    outer loop
      vertex 14.331491579260158 -1 4.426120625157134
      vertex 14.36933324366016 1 4.537598573693447
      vertex 14.36933324366016 -1 4.537598573693447
    endloop
  endfacet
  facet normal 0.9807852804032281 0 -0.19509032201614018
    outer loop
      vertex 14.36933324366016 -1 4.537598573693447
      vertex 14.39230037523643 1 4.65306214128767
      vertex 14.39230037523643 -1 4.65306214128767
    endloop
  endfacet
  facet normal 0.08084184655411043 -0.9952621673270681 0.05401679491740462
    outer loop
      vertex 12.672688674320357 -1.2 3.9401732861953085
      vertex 14.279422863405992 -1 5.220535714285715
      vertex 14.21401800626211 -1 5.318421000393565
    endloop
  endfacet
  facet normal 0.07238885669449725 -0.9953540681904838 0.06348332350403137
    outer loop
      vertex 12.672688674320357 -1.2 3.9401732861953085
      vertex 14.21401800626211 -1 5.318421000393565
      vertex 14.13639610306789 -1 5.406931817353609
    endloop
  endfacet
  facet normal 0.06405105849469438 -0.9952704006317397 0.0730362343775034
    outer loop
      vertex 12.469637571909592 -1.2 4.1432243886060744
      vertex 14.13639610306789 -1 5.406931817353609
      vertex 14.047885286107848 -1 5.484553720547828
    endloop
  endfacet
  facet normal 0.997858923238605 0 -0.06540312923011836
    outer loop
      vertex 14.39230037523643 -1 4.65306214128767
      vertex 14.399999999999997 1 4.770535714285716
      vertex 14.399999999999997 -1 4.770535714285716
    endloop
  endfacet
  facet normal 0.997858923238605 0 0.06540312923011836
    outer loop
      vertex 14.399999999999997 -1 4.770535714285716
      vertex 14.399999999999997 1 4.770535714285716
      vertex 14.39230037523643 -1 4.8880092872837615
    endloop
  endfacet
  facet normal 0.9807852804032281 0 0.19509032201614018
    outer loop
      vertex 14.39230037523643 -1 4.8880092872837615
      vertex 14.39230037523643 1 4.8880092872837615
      vertex 14.36933324366016 -1 5.003472854877984
    endloop
  endfacet
  facet normal 0.9469301294951105 0 0.3214394653031473
    outer loop
      vertex 14.36933324366016 -1 5.003472854877984
      vertex 14.36933324366016 1 5.003472854877984
      vertex 14.331491579260158 -1 5.114950803414297
    endloop
  endfacet
  facet normal -0.4937541253350485 -0.45842335636862813 0.738955269316312
    outer loop
      vertex 11.449932707503988 -1.177785254721779 4.370535714285715
      vertex 13.049999999999999 -1 5.54995857769171
      vertex 12.952114713892149 -1 5.484553720547828
    endloop
  endfacet
  facet normal -0.20025823315497746 -0.8916236932831408 0.4060835254350739
    outer loop
      vertex 11.492149774262876 -1.1872671866868094 4.370535714285715
      vertex 13.155584910871417 -1 5.6020272935458735
      vertex 13.049999999999999 -1 5.54995857769171
    endloop
  endfacet
  facet normal -0.09139482886541657 -0.9587265236603357 0.26924048374423337
    outer loop
      vertex 11.565542507238517 -1.1942636722379387 4.370535714285715
      vertex 13.267062859407728 -1 5.639868957945877
      vertex 13.155584910871417 -1 5.6020272935458735
    endloop
  endfacet
  facet normal -0.04060174654028638 -0.9781037922582008 0.2041187638312678
    outer loop
      vertex 11.668899977023377 -1.19855411035347 4.370535714285715
      vertex 13.38252642700195 -1 5.662836089522145
      vertex 13.267062859407728 -1 5.639868957945877
    endloop
  endfacet
  facet normal -0.5929083709861299 0 0.8052699321436096
    outer loop
      vertex 11.43908968640365 -1.1661065600719283 4.370535714285715
      vertex 12.952114713892149 -1 5.484553720547828
      vertex 12.952114713892149 1 5.484553720547828
    endloop
  endfacet
  facet normal -0.01087536285162671 -0.9860782412745509 0.16592597315590435
    outer loop
      vertex 11.799999999999999 -1.2 4.370535714285715
      vertex 13.499999999999998 -1 5.670535714285716
      vertex 13.38252642700195 -1 5.662836089522145
    endloop
  endfacet
  facet normal 0.009195315200032963 -0.990067274629418 0.14029339929679022
    outer loop
      vertex 11.799999999999999 -1.2 4.370535714285715
      vertex 13.617473572998046 -1 5.662836089522145
      vertex 13.499999999999998 -1 5.670535714285716
    endloop
  endfacet
  facet normal 0.0241495325821659 -0.9923088844552564 0.12140789886670322
    outer loop
      vertex 12.084700949612772 -1.2 4.333054123203691
      vertex 13.732937140592268 -1 5.639868957945877
      vertex 13.617473572998046 -1 5.662836089522145
    endloop
  endfacet
  facet normal 0.03614621071479798 -0.9936572636601787 0.10648330304008835
    outer loop
      vertex 12.084700949612772 -1.2 4.333054123203691
      vertex 13.84441508912858 -1 5.6020272935458735
      vertex 13.732937140592268 -1 5.639868957945877
    endloop
  endfacet
  facet normal -0.5555702330195903 0 0.8314696123025532
    outer loop
      vertex 12.952114713892149 -1 5.484553720547828
      vertex 13.049999999999999 -1 5.54995857769171
      vertex 13.049999999999999 1 5.54995857769171
    endloop
  endfacet
  facet normal -0.4422886902190092 0 0.8968727415326845
    outer loop
      vertex 13.049999999999999 -1 5.54995857769171
      vertex 13.155584910871417 -1 5.6020272935458735
      vertex 13.155584910871417 1 5.6020272935458735
    endloop
  endfacet
  facet normal -0.3214394653031655 0 0.9469301294951044
    outer loop
      vertex 13.155584910871417 -1 5.6020272935458735
      vertex 13.267062859407728 -1 5.639868957945877
      vertex 13.155584910871417 1 5.6020272935458735
    endloop
  endfacet
  facet normal 0.055498292108788594 -0.9949980560260661 0.08305906378810826
    outer loop
      vertex 12.35 -1.2 4.223163658448598
      vertex 14.047885286107848 -1 5.484553720547828
      vertex 13.949999999999998 -1 5.54995857769171
    endloop
  endfacet
  facet normal 0.04635813362968495 -0.9944918221076094 0.0940049956516094
    outer loop
      vertex 12.35 -1.2 4.223163658448598
      vertex 13.949999999999998 -1 5.54995857769171
      vertex 13.84441508912858 -1 5.6020272935458735
    endloop
  endfacet
  facet normal 0.8968727415326785 0 0.4422886902190213
    outer loop
      vertex 14.331491579260158 -1 5.114950803414297
      vertex 14.279422863405992 1 5.220535714285715
      vertex 14.279422863405992 -1 5.220535714285715
    endloop
  endfacet
  facet normal 0.8314696123025532 0 0.5555702330195903
    outer loop
      vertex 14.279422863405992 -1 5.220535714285715
      vertex 14.21401800626211 1 5.318421000393565
      vertex 14.21401800626211 -1 5.318421000393565
    endloop
  endfacet
  facet normal 0.7518398074789697 0 0.6593458151000776
    outer loop
      vertex 14.21401800626211 -1 5.318421000393565
      vertex 14.21401800626211 1 5.318421000393565
      vertex 14.13639610306789 -1 5.406931817353609
    endloop
  endfacet
  facet normal 0.3214394653031655 0 0.9469301294951044
    outer loop
      vertex 13.84441508912858 -1 5.6020272935458735
      vertex 13.84441508912858 1 5.6020272935458735
      vertex 13.732937140592268 -1 5.639868957945877
    endloop
  endfacet
  facet normal -0.19509032201612567 0 0.980785280403231
    outer loop
      vertex 13.267062859407728 -1 5.639868957945877
      vertex 13.38252642700195 -1 5.662836089522145
      vertex 13.38252642700195 1 5.662836089522145
    endloop
  endfacet
  facet normal -0.06540312923014742 0 0.9978589232386033
    outer loop
      vertex 13.38252642700195 -1 5.662836089522145
      vertex 13.499999999999998 -1 5.670535714285716
      vertex 13.499999999999998 1 5.670535714285716
    endloop
  endfacet
  facet normal 0.06540312923014742 0 0.9978589232386033
    outer loop
      vertex 13.499999999999998 -1 5.670535714285716
      vertex 13.617473572998046 -1 5.662836089522145
      vertex 13.499999999999998 1 5.670535714285716
    endloop
  endfacet
  facet normal 0.19509032201612567 0 0.980785280403231
    outer loop
      vertex 13.617473572998046 -1 5.662836089522145
      vertex 13.732937140592268 -1 5.639868957945877
      vertex 13.617473572998046 1 5.662836089522145
    endloop
  endfacet
  facet normal 0.6593458151000766 0 0.7518398074789706
    outer loop
      vertex 14.13639610306789 -1 5.406931817353609
      vertex 14.047885286107848 1 5.484553720547828
      vertex 14.047885286107848 -1 5.484553720547828
    endloop
  endfacet
  facet normal 0.5555702330195903 0 0.8314696123025532
    outer loop
      vertex 14.047885286107848 -1 5.484553720547828
      vertex 13.949999999999998 1 5.54995857769171
      vertex 13.949999999999998 -1 5.54995857769171
    endloop
  endfacet
  facet normal 0.4422886902190092 0 0.8968727415326845
    outer loop
      vertex 13.84441508912858 -1 5.6020272935458735
      vertex 13.949999999999998 -1 5.54995857769171
      vertex 13.84441508912858 1 5.6020272935458735
    endloop
  endfacet
  facet normal 0.06540312923014172 0 -0.9978589232386037
    outer loop
      vertex 11.799999999999999 -1.2 2.1705357142857156
      vertex 11.799999999999999 1.2 2.1705357142857156
      vertex 11.87178940572103 0 2.17524104053012
    endloop
  endfacet
  facet normal 0.1950903220161279 0 -0.9807852804032304
    outer loop
      vertex 11.943578811442057 -1.2 2.1799463667745242
      vertex 11.943578811442057 1.2 2.1799463667745242
      vertex 12.014139880527415 0 2.1939818360711323
    endloop
  endfacet
  facet normal 0.3214394653031647 0 -0.9469301294951047
    outer loop
      vertex 12.084700949612772 -1.2 2.2080173053677403
      vertex 12.084700949612772 1.2 2.2080173053677403
      vertex 12.152826362607184 0 2.23114276694552
    endloop
  endfacet
  facet normal 0.44228869021899436 0 -0.8968727415326917
    outer loop
      vertex 12.220951775601597 -1.2 2.2542682285233004
      vertex 12.220951775601597 1.2 2.2542682285233004
      vertex 12.285475887800798 0 2.2860879993230667
    endloop
  endfacet
  facet normal 0.5555702330196028 0 -0.8314696123025448
    outer loop
      vertex 12.35 -1.2 2.317907770122833
      vertex 12.35 1.2 2.317907770122833
      vertex 12.409818785954796 0 2.357877405044095
    endloop
  endfacet
  facet normal 0.6593458151000756 0 -0.7518398074789715
    outer loop
      vertex 12.469637571909592 -1.2 2.397847039965357
      vertex 12.469637571909592 1.2 2.397847039965357
      vertex 12.523727515607396 0 2.445282647472935
    endloop
  endfacet
  facet normal 0.6862118838703365 0.4086074343605235 -0.6017916707802082
    outer loop
      vertex 12.5778174593052 1.2 2.492718254980513
      vertex 12.672688674320357 1.2 2.600898142376123
      vertex 14.21401800626211 1 4.222650428177866
    endloop
  endfacet
  facet normal 0.3867986283612875 0.8852062575811354 -0.25845058064749477
    outer loop
      vertex 12.672688674320357 1.2 2.600898142376123
      vertex 12.75262794416288 1.2 2.720535714285716
      vertex 14.279422863405992 1 4.3205357142857155
    endloop
  endfacet
  facet normal 0.25949510132298453 0.9572284329823335 -0.12796882229496426
    outer loop
      vertex 12.75262794416288 1.2 2.720535714285716
      vertex 12.816267485762415 1.2 2.849583938684117
      vertex 14.279422863405992 1 4.3205357142857155
    endloop
  endfacet
  facet normal 0.7251696413453679 0 -0.6885702515147096
    outer loop
      vertex 14.13639610306789 -1 4.134139611217822
      vertex 12.5778174593052 1.2 2.492718254980513
      vertex 14.13639610306789 1 4.134139611217822
    endloop
  endfacet
  facet normal 0.19948889653789995 0.9775574356111723 -0.06771735552574294
    outer loop
      vertex 12.816267485762415 1.2 2.849583938684117
      vertex 12.862518408917973 1.2 2.985834764672943
      vertex 14.331491579260158 1 4.426120625157134
    endloop
  endfacet
  facet normal 0.16455774865831446 0.9858241862162402 -0.03273257135629284
    outer loop
      vertex 12.862518408917973 1.2 2.985834764672943
      vertex 12.89058934751119 1.2 3.126956902843659
      vertex 14.36933324366016 1 4.537598573693447
    endloop
  endfacet
  facet normal 0.6862118838703581 0.4086074343604426 -0.6017916707802384
    outer loop
      vertex 12.5778174593052 1.2 2.492718254980513
      vertex 14.21401800626211 1 4.222650428177866
      vertex 14.13639610306789 1 4.134139611217822
    endloop
  endfacet
  facet normal 0.08975112265461177 0.9949802796552195 0.04426035561829795
    outer loop
      vertex 12.75262794416288 1.2 3.820535714285716
      vertex 14.331491579260158 1 5.114950803414297
      vertex 12.816267485762415 1.2 3.6914874898873147
    endloop
  endfacet
  facet normal 0.14124870989548824 0.9899308524806338 -0.009257929564737175
    outer loop
      vertex 12.89058934751119 1.2 3.126956902843659
      vertex 12.9 1.2 3.2705357142857157
      vertex 14.39230037523643 1 4.65306214128767
    endloop
  endfacet
  facet normal 0.3867986283612821 0.8852062575811396 -0.2584505806474886
    outer loop
      vertex 12.672688674320357 1.2 2.600898142376123
      vertex 14.279422863405992 1 4.3205357142857155
      vertex 14.21401800626211 1 4.222650428177866
    endloop
  endfacet
  facet normal 0.12415935527893723 0.9922289202362069 0.008137834085890618
    outer loop
      vertex 12.9 1.2 3.2705357142857157
      vertex 12.89058934751119 1.2 3.4141145257277725
      vertex 14.399999999999997 1 4.770535714285716
    endloop
  endfacet
  facet normal 0.11071540049436615 0.9936081231720114 0.022022662417721845
    outer loop
      vertex 12.89058934751119 1.2 3.4141145257277725
      vertex 12.862518408917973 1.2 3.5552366638984885
      vertex 14.39230037523643 1 4.8880092872837615
    endloop
  endfacet
  facet normal 0.259495101322987 0.9572284329823326 -0.12796882229496676
    outer loop
      vertex 12.816267485762415 1.2 2.849583938684117
      vertex 14.331491579260158 1 4.426120625157134
      vertex 14.279422863405992 1 4.3205357142857155
    endloop
  endfacet
  facet normal 0.19948889653789934 0.9775574356111725 -0.06771735552574162
    outer loop
      vertex 12.862518408917973 1.2 2.985834764672943
      vertex 14.36933324366016 1 4.537598573693447
      vertex 14.331491579260158 1 4.426120625157134
    endloop
  endfacet
  facet normal 0.09952452823380509 0.9944614160120253 0.033784024970332054
    outer loop
      vertex 12.862518408917973 1.2 3.5552366638984885
      vertex 12.816267485762415 1.2 3.6914874898873147
      vertex 14.331491579260158 1 5.114950803414297
    endloop
  endfacet
  facet normal 0.7518398074789697 0 -0.6593458151000776
    outer loop
      vertex 14.13639610306789 -1 4.134139611217822
      vertex 14.13639610306789 1 4.134139611217822
      vertex 14.21401800626211 1 4.222650428177866
    endloop
  endfacet
  facet normal 0.8314696123025509 0 -0.5555702330195939
    outer loop
      vertex 14.21401800626211 -1 4.222650428177866
      vertex 14.21401800626211 1 4.222650428177866
      vertex 14.279422863405992 1 4.3205357142857155
    endloop
  endfacet
  facet normal 0.16455774865831607 0.9858241862162399 -0.03273257135629411
    outer loop
      vertex 12.89058934751119 1.2 3.126956902843659
      vertex 14.39230037523643 1 4.65306214128767
      vertex 14.36933324366016 1 4.537598573693447
    endloop
  endfacet
  facet normal 0.1412487098954831 0.9899308524806347 -0.009257929564731524
    outer loop
      vertex 12.9 1.2 3.2705357142857157
      vertex 14.399999999999997 1 4.770535714285716
      vertex 14.39230037523643 1 4.65306214128767
    endloop
  endfacet
  facet normal -0.5929083709861299 0 0.8052699321436098
    outer loop
      vertex 11.43908968640365 -1.1661065600719283 4.370535714285715
      vertex 12.952114713892149 1 5.484553720547828
      vertex 11.43908968640365 1.1661065600719283 4.370535714285715
    endloop
  endfacet
  facet normal -0.4937541253351305 0.45842335636840637 0.7389552693163947
    outer loop
      vertex 11.43908968640365 1.1661065600719283 4.370535714285715
      vertex 13.049999999999999 1 5.54995857769171
      vertex 11.449932707503985 1.177785254721779 4.370535714285715
    endloop
  endfacet
  facet normal -0.20025823315494948 0.8916236932831628 0.40608352543503917
    outer loop
      vertex 11.449932707503985 1.177785254721779 4.370535714285715
      vertex 13.155584910871417 1 5.6020272935458735
      vertex 11.492149774262876 1.1872671866868094 4.370535714285715
    endloop
  endfacet
  facet normal -0.09139482886541969 0.9587265236603344 0.2692404837442371
    outer loop
      vertex 11.492149774262876 1.1872671866868094 4.370535714285715
      vertex 13.267062859407728 1 5.639868957945877
      vertex 11.565542507238517 1.194263672237939 4.370535714285715
    endloop
  endfacet
  facet normal -0.040601746540285116 0.9781037922582013 0.20411876383126587
    outer loop
      vertex 11.565542507238517 1.194263672237939 4.370535714285715
      vertex 13.38252642700195 1 5.662836089522145
      vertex 11.668899977023377 1.19855411035347 4.370535714285715
    endloop
  endfacet
  facet normal 0.07238885669449792 0.9953540681904836 0.06348332350403077
    outer loop
      vertex 12.672688674320357 1.2 3.9401732861953085
      vertex 12.5778174593052 1.2 4.048353173590918
      vertex 14.21401800626211 1 5.318421000393565
    endloop
  endfacet
  facet normal 0.08084184655410961 0.995262167327068 0.054016794917405415
    outer loop
      vertex 12.75262794416288 1.2 3.820535714285716
      vertex 12.672688674320357 1.2 3.9401732861953085
      vertex 14.21401800626211 1 5.318421000393565
    endloop
  endfacet
  facet normal 0.06405105849469418 0.9952704006317398 0.07303623437750352
    outer loop
      vertex 12.469637571909592 1.2 4.1432243886060744
      vertex 14.047885286107848 1 5.484553720547828
      vertex 12.5778174593052 1.2 4.048353173590918
    endloop
  endfacet
  facet normal 0.04635813362968405 0.9944918221076094 0.09400499565161041
    outer loop
      vertex 12.220951775601597 1.2 4.286803200048132
      vertex 13.949999999999998 1 5.54995857769171
      vertex 12.35 1.2 4.223163658448598
    endloop
  endfacet
  facet normal 0.055498292108789614 0.9949980560260662 0.08305906378810704
    outer loop
      vertex 12.469637571909592 1.2 4.1432243886060744
      vertex 12.35 1.2 4.223163658448598
      vertex 13.949999999999998 1 5.54995857769171
    endloop
  endfacet
  facet normal 0.009195315200032615 0.9900672746294179 0.14029339929679083
    outer loop
      vertex 11.799999999999999 1.2 4.370535714285715
      vertex 13.617473572998046 1 5.662836089522145
      vertex 11.943578811442057 1.2 4.361125061796907
    endloop
  endfacet
  facet normal -0.010875362851626305 0.986078241274551 0.16592597315590363
    outer loop
      vertex 11.668899977023377 1.19855411035347 4.370535714285715
      vertex 13.499999999999998 1 5.670535714285716
      vertex 11.799999999999999 1.2 4.370535714285715
    endloop
  endfacet
  facet normal 0.024149532582165362 0.9923088844552562 0.12140789886670392
    outer loop
      vertex 12.084700949612772 1.2 4.333054123203691
      vertex 11.943578811442057 1.2 4.361125061796907
      vertex 13.617473572998046 1 5.662836089522145
    endloop
  endfacet
  facet normal 0.03614621071479782 0.9936572636601787 0.10648330304008834
    outer loop
      vertex 12.084700949612772 1.2 4.333054123203691
      vertex 13.84441508912858 1 5.6020272935458735
      vertex 12.220951775601597 1.2 4.286803200048132
    endloop
  endfacet
  facet normal 0.09952452823380555 0.9944614160120253 0.03378402497033176
    outer loop
      vertex 12.862518408917973 1.2 3.5552366638984885
      vertex 14.331491579260158 1 5.114950803414297
      vertex 14.36933324366016 1 5.003472854877984
    endloop
  endfacet
  facet normal 0.8968727415326799 0 -0.44228869021901823
    outer loop
      vertex 14.279422863405992 -1 4.3205357142857155
      vertex 14.279422863405992 1 4.3205357142857155
      vertex 14.331491579260158 1 4.426120625157134
    endloop
  endfacet
  facet normal 0.9469301294951105 0 -0.3214394653031473
    outer loop
      vertex 14.331491579260158 -1 4.426120625157134
      vertex 14.331491579260158 1 4.426120625157134
      vertex 14.36933324366016 1 4.537598573693447
    endloop
  endfacet
  facet normal 0.9807852804032281 0 -0.19509032201614018
    outer loop
      vertex 14.36933324366016 -1 4.537598573693447
      vertex 14.36933324366016 1 4.537598573693447
      vertex 14.39230037523643 1 4.65306214128767
    endloop
  endfacet
  facet normal 0.997858923238605 0 -0.06540312923011836
    outer loop
      vertex 14.39230037523643 -1 4.65306214128767
      vertex 14.39230037523643 1 4.65306214128767
      vertex 14.399999999999997 1 4.770535714285716
    endloop
  endfacet
  facet normal 0.12415935527894106 0.9922289202362063 0.008137834085886197
    outer loop
      vertex 12.89058934751119 1.2 3.4141145257277725
      vertex 14.39230037523643 1 4.8880092872837615
      vertex 14.399999999999997 1 4.770535714285716
    endloop
  endfacet
  facet normal 0.11071540049436553 0.9936081231720115 0.022022662417722678
    outer loop
      vertex 12.862518408917973 1.2 3.5552366638984885
      vertex 14.36933324366016 1 5.003472854877984
      vertex 14.39230037523643 1 4.8880092872837615
    endloop
  endfacet
  facet normal 0.08975112265461124 0.9949802796552194 0.0442603556182986
    outer loop
      vertex 12.75262794416288 1.2 3.820535714285716
      vertex 14.279422863405992 1 5.220535714285715
      vertex 14.331491579260158 1 5.114950803414297
    endloop
  endfacet
  facet normal 0.08084184655411027 0.995262167327068 0.05401679491740466
    outer loop
      vertex 12.75262794416288 1.2 3.820535714285716
      vertex 14.21401800626211 1 5.318421000393565
      vertex 14.279422863405992 1 5.220535714285715
    endloop
  endfacet
  facet normal 0.06405105849469438 0.9952704006317397 0.0730362343775034
    outer loop
      vertex 12.5778174593052 1.2 4.048353173590918
      vertex 14.047885286107848 1 5.484553720547828
      vertex 14.13639610306789 1 5.406931817353609
    endloop
  endfacet
  facet normal 0.05549829210878844 0.9949980560260661 0.08305906378810826
    outer loop
      vertex 12.469637571909592 1.2 4.1432243886060744
      vertex 13.949999999999998 1 5.54995857769171
      vertex 14.047885286107848 1 5.484553720547828
    endloop
  endfacet
  facet normal 0.07238885669449739 0.9953540681904838 0.06348332350403148
    outer loop
      vertex 12.5778174593052 1.2 4.048353173590918
      vertex 14.13639610306789 1 5.406931817353609
      vertex 14.21401800626211 1 5.318421000393565
    endloop
  endfacet
  facet normal 0.997858923238605 0 0.06540312923011836
    outer loop
      vertex 14.39230037523643 -1 4.8880092872837615
      vertex 14.399999999999997 1 4.770535714285716
      vertex 14.39230037523643 1 4.8880092872837615
    endloop
  endfacet
  facet normal 0.9807852804032281 0 0.19509032201614018
    outer loop
      vertex 14.36933324366016 -1 5.003472854877984
      vertex 14.39230037523643 1 4.8880092872837615
      vertex 14.36933324366016 1 5.003472854877984
    endloop
  endfacet
  facet normal -0.4937541253350451 0.45842335636863624 0.7389552693163092
    outer loop
      vertex 11.43908968640365 1.1661065600719283 4.370535714285715
      vertex 12.952114713892149 1 5.484553720547828
      vertex 13.049999999999999 1 5.54995857769171
    endloop
  endfacet
  facet normal -0.20025823315497857 0.8916236932831397 0.40608352543507575
    outer loop
      vertex 11.449932707503985 1.177785254721779 4.370535714285715
      vertex 13.049999999999999 1 5.54995857769171
      vertex 13.155584910871417 1 5.6020272935458735
    endloop
  endfacet
  facet normal -0.09139482886541665 0.9587265236603357 0.2692404837442333
    outer loop
      vertex 11.492149774262876 1.1872671866868094 4.370535714285715
      vertex 13.155584910871417 1 5.6020272935458735
      vertex 13.267062859407728 1 5.639868957945877
    endloop
  endfacet
  facet normal -0.040601746540285956 0.9781037922582008 0.20411876383126756
    outer loop
      vertex 11.565542507238517 1.194263672237939 4.370535714285715
      vertex 13.267062859407728 1 5.639868957945877
      vertex 13.38252642700195 1 5.662836089522145
    endloop
  endfacet
  facet normal -0.010875362851626848 0.9860782412745508 0.16592597315590477
    outer loop
      vertex 11.668899977023377 1.19855411035347 4.370535714285715
      vertex 13.38252642700195 1 5.662836089522145
      vertex 13.499999999999998 1 5.670535714285716
    endloop
  endfacet
  facet normal 0.009195315200032963 0.990067274629418 0.14029339929679022
    outer loop
      vertex 11.799999999999999 1.2 4.370535714285715
      vertex 13.499999999999998 1 5.670535714285716
      vertex 13.617473572998046 1 5.662836089522145
    endloop
  endfacet
  facet normal 0.0241495325821659 0.9923088844552564 0.12140789886670322
    outer loop
      vertex 12.084700949612772 1.2 4.333054123203691
      vertex 13.617473572998046 1 5.662836089522145
      vertex 13.732937140592268 1 5.639868957945877
    endloop
  endfacet
  facet normal 0.03614621071479798 0.9936572636601787 0.10648330304008835
    outer loop
      vertex 12.084700949612772 1.2 4.333054123203691
      vertex 13.732937140592268 1 5.639868957945877
      vertex 13.84441508912858 1 5.6020272935458735
    endloop
  endfacet
  facet normal -0.5555702330195903 0 0.8314696123025532
    outer loop
      vertex 12.952114713892149 -1 5.484553720547828
      vertex 13.049999999999999 1 5.54995857769171
      vertex 12.952114713892149 1 5.484553720547828
    endloop
  endfacet
  facet normal -0.4422886902190092 0 0.8968727415326845
    outer loop
      vertex 13.049999999999999 -1 5.54995857769171
      vertex 13.155584910871417 1 5.6020272935458735
      vertex 13.049999999999999 1 5.54995857769171
    endloop
  endfacet
  facet normal -0.3214394653031655 0 0.9469301294951044
    outer loop
      vertex 13.267062859407728 -1 5.639868957945877
      vertex 13.267062859407728 1 5.639868957945877
      vertex 13.155584910871417 1 5.6020272935458735
    endloop
  endfacet
  facet normal -0.19509032201612567 0 0.980785280403231
    outer loop
      vertex 13.267062859407728 -1 5.639868957945877
      vertex 13.38252642700195 1 5.662836089522145
      vertex 13.267062859407728 1 5.639868957945877
    endloop
  endfacet
  facet normal 0.04635813362968462 0.9944918221076096 0.09400499565160922
    outer loop
      vertex 12.220951775601597 1.2 4.286803200048132
      vertex 13.84441508912858 1 5.6020272935458735
      vertex 13.949999999999998 1 5.54995857769171
    endloop
  endfacet
  facet normal 0.9469301294951105 0 0.3214394653031473
    outer loop
      vertex 14.331491579260158 -1 5.114950803414297
      vertex 14.36933324366016 1 5.003472854877984
      vertex 14.331491579260158 1 5.114950803414297
    endloop
  endfacet
  facet normal 0.8968727415326785 0 0.4422886902190213
    outer loop
      vertex 14.331491579260158 -1 5.114950803414297
      vertex 14.331491579260158 1 5.114950803414297
      vertex 14.279422863405992 1 5.220535714285715
    endloop
  endfacet
  facet normal 0.8314696123025532 0 0.5555702330195903
    outer loop
      vertex 14.279422863405992 -1 5.220535714285715
      vertex 14.279422863405992 1 5.220535714285715
      vertex 14.21401800626211 1 5.318421000393565
    endloop
  endfacet
  facet normal 0.6593458151000766 0 0.7518398074789706
    outer loop
      vertex 14.13639610306789 -1 5.406931817353609
      vertex 14.13639610306789 1 5.406931817353609
      vertex 14.047885286107848 1 5.484553720547828
    endloop
  endfacet
  facet normal 0.7518398074789697 0 0.6593458151000776
    outer loop
      vertex 14.13639610306789 -1 5.406931817353609
      vertex 14.21401800626211 1 5.318421000393565
      vertex 14.13639610306789 1 5.406931817353609
    endloop
  endfacet
  facet normal -0.06540312923014742 0 0.9978589232386033
    outer loop
      vertex 13.38252642700195 -1 5.662836089522145
      vertex 13.499999999999998 1 5.670535714285716
      vertex 13.38252642700195 1 5.662836089522145
    endloop
  endfacet
  facet normal 0.06540312923014742 0 0.9978589232386033
    outer loop
      vertex 13.617473572998046 -1 5.662836089522145
      vertex 13.617473572998046 1 5.662836089522145
      vertex 13.499999999999998 1 5.670535714285716
    endloop
  endfacet
  facet normal 0.19509032201612567 0 0.980785280403231
    outer loop
      vertex 13.732937140592268 -1 5.639868957945877
      vertex 13.732937140592268 1 5.639868957945877
      vertex 13.617473572998046 1 5.662836089522145
    endloop
  endfacet
  facet normal 0.3214394653031655 0 0.9469301294951044
    outer loop
      vertex 13.732937140592268 -1 5.639868957945877
      vertex 13.84441508912858 1 5.6020272935458735
      vertex 13.732937140592268 1 5.639868957945877
    endloop
  endfacet
  facet normal 0.5555702330195903 0 0.8314696123025532
    outer loop
      vertex 14.047885286107848 -1 5.484553720547828
      vertex 14.047885286107848 1 5.484553720547828
      vertex 13.949999999999998 1 5.54995857769171
    endloop
  endfacet
  facet normal 0.4422886902190092 0 0.8968727415326845
    outer loop
      vertex 13.949999999999998 -1 5.54995857769171
      vertex 13.949999999999998 1 5.54995857769171
      vertex 13.84441508912858 1 5.6020272935458735
    endloop
  endfacet
  facet normal 0 -1 0
    outer loop
      vertex -2.300724686844582 -11.4 1.1345918558747101
      vertex 2.511473670974871 -11.4 1.45
      vertex -2.511473670974871 -11.4 1.45
    endloop
  endfacet
  facet normal 0 -1 0
    outer loop
      vertex -0.7505752307973097 -11.4 0.098815103761702
      vertex 1.1097819538587608 -11.4 0.2207493557172686
      vertex -1.1097819538587608 -11.4 0.2207493557172686
    endloop
  endfacet
  facet normal 0 -1 0
    outer loop
      vertex -1.1097819538587608 -11.4 0.2207493557172686
      vertex 1.4499999999999993 -11.4 0.3885263290251282
      vertex -1.4499999999999993 -11.4 0.3885263290251282
    endloop
  endfacet
  facet normal 0 -1 0
    outer loop
      vertex -0.7505752307973097 -11.4 0.098815103761702
      vertex -0.3785259574381499 -11.4 0.024809902015949792
      vertex 0.7505752307973097 -11.4 0.098815103761702
    endloop
  endfacet
  facet normal 0 -1 0
    outer loop
      vertex -0.3785259574381499 -11.4 0.024809902015949792
      vertex 0 -11.4 0
      vertex 0.3785259574381499 -11.4 0.024809902015949792
    endloop
  endfacet
  facet normal 0 -1 0
    outer loop
      vertex -0.3785259574381499 -11.4 0.024809902015949792
      vertex 0.3785259574381499 -11.4 0.024809902015949792
      vertex 0.7505752307973097 -11.4 0.098815103761702
    endloop
  endfacet
  facet normal 0 -1 0
    outer loop
      vertex -1.4499999999999993 -11.4 0.3885263290251282
      vertex 1.7654081441252902 -11.4 0.599275313155418
      vertex -1.7654081441252902 -11.4 0.599275313155418
    endloop
  endfacet
  facet normal 0 -1 0
    outer loop
      vertex -0.7505752307973097 -11.4 0.098815103761702
      vertex 0.7505752307973097 -11.4 0.098815103761702
      vertex 1.1097819538587608 -11.4 0.2207493557172686
    endloop
  endfacet
  facet normal 0 -1 0
    outer loop
      vertex -1.1097819538587608 -11.4 0.2207493557172686
      vertex 1.1097819538587608 -11.4 0.2207493557172686
      vertex 1.4499999999999993 -11.4 0.3885263290251282
    endloop
  endfacet
  facet normal 0 -1 0
    outer loop
      vertex -1.4499999999999993 -11.4 0.3885263290251282
      vertex 1.4499999999999993 -11.4 0.3885263290251282
      vertex 1.7654081441252902 -11.4 0.599275313155418
    endloop
  endfacet
  facet normal 0 -1 0
    outer loop
      vertex -1.7654081441252902 -11.4 0.599275313155418
      vertex 1.7654081441252902 -11.4 0.599275313155418
      vertex 2.0506096654409873 -11.4 0.8493903345590121
    endloop
  endfacet
  facet normal 0 -1 0
    outer loop
      vertex -1.7654081441252902 -11.4 0.599275313155418
      vertex 2.0506096654409873 -11.4 0.8493903345590121
      vertex -2.0506096654409873 -11.4 0.8493903345590121
    endloop
  endfacet
  facet normal 0 -1 0
    outer loop
      vertex -2.0506096654409873 -11.4 0.8493903345590121
      vertex 2.300724686844582 -11.4 1.1345918558747101
      vertex -2.300724686844582 -11.4 1.1345918558747101
    endloop
  endfacet
  facet normal 0 -1 0
    outer loop
      vertex -2.0506096654409873 -11.4 0.8493903345590121
      vertex 2.0506096654409873 -11.4 0.8493903345590121
      vertex 2.300724686844582 -11.4 1.1345918558747101
    endloop
  endfacet
  facet normal 0 -1 0
    outer loop
      vertex -2.300724686844582 -11.4 1.1345918558747101
      vertex 2.300724686844582 -11.4 1.1345918558747101
      vertex 2.511473670974871 -11.4 1.45
    endloop
  endfacet
  facet normal 0 -1 0
    outer loop
      vertex -2.511473670974871 -11.4 1.45
      vertex -0.9899494936611664 -11.4 1.9100505063388333
      vertex -2.6792506442827317 -11.4 1.7902180461412396
    endloop
  endfacet
  facet normal 0 -1 0
    outer loop
      vertex -2.6792506442827317 -11.4 1.7902180461412396
      vertex -1.2124355652982146 -11.4 2.2
      vertex -2.801184896238299 -11.4 2.1494247692026898
    endloop
  endfacet
  facet normal 0 -1 0
    outer loop
      vertex -2.511473670974871 -11.4 1.45
      vertex -0.8522660006122091 -11.4 1.7893053235922707
      vertex -0.9899494936611664 -11.4 1.9100505063388333
    endloop
  endfacet
  facet normal 0 -1 0
    outer loop
      vertex -2.511473670974871 -11.4 1.45
      vertex -0.6999999999999993 -11.4 1.687564434701786
      vertex -0.8522660006122091 -11.4 1.7893053235922707
    endloop
  endfacet
  facet normal 0 -1 0
    outer loop
      vertex -2.511473670974871 -11.4 1.45
      vertex -0.36234666314352815 -11.4 1.5477038431953043
      vertex -0.5357568053111255 -11.4 1.6065686544841986
    endloop
  endfacet
  facet normal 0 -1 0
    outer loop
      vertex -2.511473670974871 -11.4 1.45
      vertex -0.1827366691080723 -11.4 1.5119771940766655
      vertex -0.36234666314352815 -11.4 1.5477038431953043
    endloop
  endfacet
  facet normal 0 -1 0
    outer loop
      vertex -2.511473670974871 -11.4 1.45
      vertex -0.5357568053111255 -11.4 1.6065686544841986
      vertex -0.6999999999999993 -11.4 1.687564434701786
    endloop
  endfacet
  facet normal 0 -1 0
    outer loop
      vertex -2.511473670974871 -11.4 1.45
      vertex 0 -11.4 1.5
      vertex -0.1827366691080723 -11.4 1.5119771940766655
    endloop
  endfacet
  facet normal 0 -1 0
    outer loop
      vertex -2.6792506442827317 -11.4 1.7902180461412396
      vertex -0.9899494936611664 -11.4 1.9100505063388333
      vertex -1.1106946764077286 -11.4 2.047733999387791
    endloop
  endfacet
  facet normal 0 -1 0
    outer loop
      vertex -2.6792506442827317 -11.4 1.7902180461412396
      vertex -1.1106946764077286 -11.4 2.047733999387791
      vertex -1.2124355652982146 -11.4 2.2
    endloop
  endfacet
  facet normal 0 -1 0
    outer loop
      vertex -2.801184896238299 -11.4 2.1494247692026898
      vertex -1.3522961568046963 -11.4 2.537653336856471
      vertex -2.875190097984051 -11.4 2.5214740425618505
    endloop
  endfacet
  facet normal 0 -1 0
    outer loop
      vertex -2.875190097984051 -11.4 2.5214740425618505
      vertex -1.3880228059233346 -11.4 2.7172633308919276
      vertex -2.9000000000000004 -11.4 2.9
    endloop
  endfacet
  facet normal 0 -1 0
    outer loop
      vertex -2.875190097984051 -11.4 2.5214740425618505
      vertex -1.3522961568046963 -11.4 2.537653336856471
      vertex -1.3880228059233346 -11.4 2.7172633308919276
    endloop
  endfacet
  facet normal 0 -1 0
    outer loop
      vertex -2.9000000000000004 -11.4 2.9
      vertex -1.3880228059233346 -11.4 2.7172633308919276
      vertex -1.4000000000000004 -11.4 2.9
    endloop
  endfacet
  facet normal 0 -1 0
    outer loop
      vertex -2.801184896238299 -11.4 2.1494247692026898
      vertex -1.2124355652982146 -11.4 2.2
      vertex -1.2934313455158009 -11.4 2.364243194688874
    endloop
  endfacet
  facet normal 0 -1 0
    outer loop
      vertex -2.801184896238299 -11.4 2.1494247692026898
      vertex -1.2934313455158009 -11.4 2.364243194688874
      vertex -1.3522961568046963 -11.4 2.537653336856471
    endloop
  endfacet
  facet normal 0 -1 0
    outer loop
      vertex -2.511473670974871 -11.4 1.45
      vertex 2.511473670974871 -11.4 1.45
      vertex 0 -11.4 1.5
    endloop
  endfacet
  facet normal 0 -1 0
    outer loop
      vertex 2.511473670974871 -11.4 1.45
      vertex 0.1827366691080723 -11.4 1.5119771940766655
      vertex 0 -11.4 1.5
    endloop
  endfacet
  facet normal 0 -1 0
    outer loop
      vertex 2.511473670974871 -11.4 1.45
      vertex 0.36234666314352815 -11.4 1.5477038431953043
      vertex 0.1827366691080723 -11.4 1.5119771940766655
    endloop
  endfacet
  facet normal 0 -1 0
    outer loop
      vertex 2.511473670974871 -11.4 1.45
      vertex 0.5357568053111255 -11.4 1.6065686544841986
      vertex 0.36234666314352815 -11.4 1.5477038431953043
    endloop
  endfacet
  facet normal 0 -1 0
    outer loop
      vertex 2.6792506442827317 -11.4 1.7902180461412396
      vertex 0.6999999999999993 -11.4 1.687564434701786
      vertex 0.5357568053111255 -11.4 1.6065686544841986
    endloop
  endfacet
  facet normal 0 -1 0
    outer loop
      vertex 2.6792506442827317 -11.4 1.7902180461412396
      vertex 0.8522660006122091 -11.4 1.7893053235922707
      vertex 0.6999999999999993 -11.4 1.687564434701786
    endloop
  endfacet
  facet normal -0.65934581510007 0 -0.7518398074789765
    outer loop
      vertex -1.7654081441252902 -11.4 0.599275313155418
      vertex -2.0506096654409873 -11.4 0.8493903345590121
      vertex -1.7654081441252902 11.4 0.599275313155418
    endloop
  endfacet
  facet normal -0.32143946530316125 0 -0.9469301294951058
    outer loop
      vertex -0.7505752307973097 -11.4 0.098815103761702
      vertex -1.1097819538587608 -11.4 0.2207493557172686
      vertex -0.7505752307973097 11.4 0.098815103761702
    endloop
  endfacet
  facet normal -0.44228869021900263 0 -0.8968727415326877
    outer loop
      vertex -1.1097819538587608 -11.4 0.2207493557172686
      vertex -1.4499999999999993 -11.4 0.3885263290251282
      vertex -1.1097819538587608 11.4 0.2207493557172686
    endloop
  endfacet
  facet normal -0.5555702330196005 0 -0.8314696123025463
    outer loop
      vertex -1.4499999999999993 -11.4 0.3885263290251282
      vertex -1.7654081441252902 -11.4 0.599275313155418
      vertex -1.4499999999999993 11.4 0.3885263290251282
    endloop
  endfacet
  facet normal -0.7518398074789769 0 -0.6593458151000695
    outer loop
      vertex -2.0506096654409873 -11.4 0.8493903345590121
      vertex -2.300724686844582 -11.4 1.1345918558747101
      vertex -2.300724686844582 11.4 1.1345918558747101
    endloop
  endfacet
  facet normal -0.8314696123025466 0 -0.5555702330196002
    outer loop
      vertex -2.300724686844582 -11.4 1.1345918558747101
      vertex -2.511473670974871 -11.4 1.45
      vertex -2.511473670974871 11.4 1.45
    endloop
  endfacet
  facet normal -0.19509032201612875 0 -0.9807852804032303
    outer loop
      vertex -0.7505752307973097 -11.4 0.098815103761702
      vertex -0.3785259574381499 11.4 0.024809902015949792
      vertex -0.3785259574381499 -11.4 0.024809902015949792
    endloop
  endfacet
  facet normal -0.06540312923014298 0 -0.9978589232386035
    outer loop
      vertex -0.3785259574381499 -11.4 0.024809902015949792
      vertex 0 11.4 0
      vertex 0 -11.4 0
    endloop
  endfacet
  facet normal 0.06540312923014298 0 -0.9978589232386035
    outer loop
      vertex 0 -11.4 0
      vertex 0.3785259574381499 11.4 0.024809902015949792
      vertex 0.3785259574381499 -11.4 0.024809902015949792
    endloop
  endfacet
  facet normal 0.19509032201612875 0 -0.9807852804032303
    outer loop
      vertex 0.3785259574381499 -11.4 0.024809902015949792
      vertex 0.7505752307973097 11.4 0.098815103761702
      vertex 0.7505752307973097 -11.4 0.098815103761702
    endloop
  endfacet
  facet normal 0.32143946530316125 0 -0.9469301294951058
    outer loop
      vertex 0.7505752307973097 -11.4 0.098815103761702
      vertex 1.1097819538587608 11.4 0.2207493557172686
      vertex 1.1097819538587608 -11.4 0.2207493557172686
    endloop
  endfacet
  facet normal 0.44228869021900263 0 -0.8968727415326877
    outer loop
      vertex 1.1097819538587608 -11.4 0.2207493557172686
      vertex 1.4499999999999993 11.4 0.3885263290251282
      vertex 1.4499999999999993 -11.4 0.3885263290251282
    endloop
  endfacet
  facet normal -0.8968727415326869 0 -0.4422886902190043
    outer loop
      vertex -2.511473670974871 -11.4 1.45
      vertex -2.6792506442827317 -11.4 1.7902180461412396
      vertex -2.6792506442827317 11.4 1.7902180461412396
    endloop
  endfacet
  facet normal -0.9469301294951051 0 -0.321439465303163
    outer loop
      vertex -2.6792506442827317 -11.4 1.7902180461412396
      vertex -2.801184896238299 -11.4 2.1494247692026898
      vertex -2.801184896238299 11.4 2.1494247692026898
    endloop
  endfacet
  facet normal -0.9807852804032305 0 -0.19509032201612836
    outer loop
      vertex -2.801184896238299 -11.4 2.1494247692026898
      vertex -2.875190097984051 -11.4 2.5214740425618505
      vertex -2.875190097984051 11.4 2.5214740425618505
    endloop
  endfacet
  facet normal -0.9978589232386035 0 -0.06540312923014188
    outer loop
      vertex -2.875190097984051 -11.4 2.5214740425618505
      vertex -2.9000000000000004 -11.4 2.9
      vertex -2.9000000000000004 11.4 2.9
    endloop
  endfacet
  facet normal 0 -1 0
    outer loop
      vertex 2.511473670974871 -11.4 1.45
      vertex 2.6792506442827317 -11.4 1.7902180461412396
      vertex 0.5357568053111255 -11.4 1.6065686544841986
    endloop
  endfacet
  facet normal 0 -1 0
    outer loop
      vertex 2.6792506442827317 -11.4 1.7902180461412396
      vertex 0.9899494936611664 -11.4 1.9100505063388333
      vertex 0.8522660006122091 -11.4 1.7893053235922707
    endloop
  endfacet
  facet normal 0 -1 0
    outer loop
      vertex 2.801184896238299 -11.4 2.1494247692026898
      vertex 1.1106946764077286 -11.4 2.047733999387791
      vertex 0.9899494936611664 -11.4 1.9100505063388333
    endloop
  endfacet
  facet normal 0 -1 0
    outer loop
      vertex 2.801184896238299 -11.4 2.1494247692026898
      vertex 1.2124355652982146 -11.4 2.2
      vertex 1.1106946764077286 -11.4 2.047733999387791
    endloop
  endfacet
  facet normal 0 -1 0
    outer loop
      vertex 2.6792506442827317 -11.4 1.7902180461412396
      vertex 2.801184896238299 -11.4 2.1494247692026898
      vertex 0.9899494936611664 -11.4 1.9100505063388333
    endloop
  endfacet
  facet normal 0 -1 0
    outer loop
      vertex 2.801184896238299 -11.4 2.1494247692026898
      vertex 1.2934313455158009 -11.4 2.364243194688874
      vertex 1.2124355652982146 -11.4 2.2
    endloop
  endfacet
  facet normal 0 -1 0
    outer loop
      vertex 2.875190097984051 -11.4 2.5214740425618505
      vertex 1.3522961568046963 -11.4 2.537653336856471
      vertex 1.2934313455158009 -11.4 2.364243194688874
    endloop
  endfacet
  facet normal 0 -1 0
    outer loop
      vertex 2.801184896238299 -11.4 2.1494247692026898
      vertex 2.875190097984051 -11.4 2.5214740425618505
      vertex 1.2934313455158009 -11.4 2.364243194688874
    endloop
  endfacet
  facet normal 0 -1 0
    outer loop
      vertex 2.875190097984051 -11.4 2.5214740425618505
      vertex 1.3880228059233346 -11.4 2.7172633308919276
      vertex 1.3522961568046963 -11.4 2.537653336856471
    endloop
  endfacet
  facet normal 0 -1 0
    outer loop
      vertex 2.9000000000000004 -11.4 2.9
      vertex 1.4000000000000004 -11.4 2.9
      vertex 1.3880228059233346 -11.4 2.7172633308919276
    endloop
  endfacet
  facet normal 0 -1 0
    outer loop
      vertex 2.875190097984051 -11.4 2.5214740425618505
      vertex 2.9000000000000004 -11.4 2.9
      vertex 1.3880228059233346 -11.4 2.7172633308919276
    endloop
  endfacet
  facet normal 0.9469301294951051 0 -0.32143946530316303
    outer loop
      vertex 2.6792506442827317 -11.4 1.7902180461412396
      vertex 2.801184896238299 -1.5 2.1494247692026898
      vertex 2.801184896238299 -11.4 2.1494247692026898
    endloop
  endfacet
  facet normal 0.9807852804032304 0 -0.19509032201612833
    outer loop
      vertex 2.801184896238299 -11.4 2.1494247692026898
      vertex 2.875190097984051 -1.5 2.5214740425618505
      vertex 2.875190097984051 -11.4 2.5214740425618505
    endloop
  endfacet
  facet normal 0.9978589232386036 0 -0.06540312923014188
    outer loop
      vertex 2.875190097984051 -11.4 2.5214740425618505
      vertex 2.9000000000000004 -1.5 2.9
      vertex 2.9000000000000004 -11.4 2.9
    endloop
  endfacet
  facet normal 0.5555702330196005 0 -0.8314696123025463
    outer loop
      vertex 1.4499999999999993 -11.4 0.3885263290251282
      vertex 1.7654081441252902 11.4 0.599275313155418
      vertex 1.7654081441252902 -11.4 0.599275313155418
    endloop
  endfacet
  facet normal 0.65934581510007 0 -0.7518398074789765
    outer loop
      vertex 1.7654081441252902 -11.4 0.599275313155418
      vertex 2.0506096654409873 11.4 0.8493903345590121
      vertex 2.0506096654409873 -11.4 0.8493903345590121
    endloop
  endfacet
  facet normal 0.7518398074789769 0 -0.6593458151000695
    outer loop
      vertex 2.0506096654409873 -11.4 0.8493903345590121
      vertex 2.0506096654409873 11.4 0.8493903345590121
      vertex 2.300724686844582 -11.4 1.1345918558747101
    endloop
  endfacet
  facet normal 0.8314696123025466 0 -0.5555702330196002
    outer loop
      vertex 2.300724686844582 -11.4 1.1345918558747101
      vertex 2.300724686844582 11.4 1.1345918558747101
      vertex 2.511473670974871 -11.4 1.45
    endloop
  endfacet
  facet normal 0.8968727415326943 0 -0.4422886902189894
    outer loop
      vertex 2.6792506442827317 -11.4 1.7902180461412396
      vertex 2.6676304481626634 -1.5 1.7666546193979666
      vertex 2.6792506442827317 -1.5 1.7902180461412396
    endloop
  endfacet
  facet normal 0.9469301294951051 0 -0.32143946530316303
    outer loop
      vertex 2.6792506442827317 -11.4 1.7902180461412396
      vertex 2.6792506442827317 -1.5 1.7902180461412396
      vertex 2.801184896238299 -1.5 2.1494247692026898
    endloop
  endfacet
  facet normal 0.8968727415326869 0 -0.4422886902190043
    outer loop
      vertex 2.511473670974871 -11.4 1.45
      vertex 2.511473670974871 11.4 1.45
      vertex 2.6792506442827317 -11.4 1.7902180461412396
    endloop
  endfacet
  facet normal 0.9807852804032304 0 -0.19509032201612833
    outer loop
      vertex 2.801184896238299 -11.4 2.1494247692026898
      vertex 2.801184896238299 -1.5 2.1494247692026898
      vertex 2.875190097984051 -1.5 2.5214740425618505
    endloop
  endfacet
  facet normal 0.9978589232386036 0 -0.06540312923014188
    outer loop
      vertex 2.875190097984051 -11.4 2.5214740425618505
      vertex 2.875190097984051 -1.5 2.5214740425618505
      vertex 2.9000000000000004 -1.5 2.9
    endloop
  endfacet
  facet normal 0.8968727415326854 -5.2210546090407007e-17 -0.442288690219007
    outer loop
      vertex 2.6792506442827317 -11.4 1.7902180461412396
      vertex 2.511473670974871 11.4 1.45
      vertex 2.6676304481626634 -1.5 1.7666546193979666
    endloop
  endfacet
  facet normal 0 -1 0
    outer loop
      vertex -2.9000000000000004 -11.4 2.9
      vertex -1.3880228059233346 -11.4 3.082736669108072
      vertex -2.875190097984051 -11.4 3.2785259574381493
    endloop
  endfacet
  facet normal 0 -1 0
    outer loop
      vertex -2.9000000000000004 -11.4 2.9
      vertex -1.4000000000000004 -11.4 2.9
      vertex -1.3880228059233346 -11.4 3.082736669108072
    endloop
  endfacet
  facet normal 0 -1 0
    outer loop
      vertex -2.875190097984051 -11.4 3.2785259574381493
      vertex -1.3880228059233346 -11.4 3.082736669108072
      vertex -1.3522961568046963 -11.4 3.262346663143529
    endloop
  endfacet
  facet normal 0 -1 0
    outer loop
      vertex -2.875190097984051 -11.4 3.2785259574381493
      vertex -1.3522961568046963 -11.4 3.262346663143529
      vertex -1.2934313455158009 -11.4 3.4357568053111254
    endloop
  endfacet
  facet normal 0 -1 0
    outer loop
      vertex -2.875190097984051 -11.4 3.2785259574381493
      vertex -1.2934313455158009 -11.4 3.4357568053111254
      vertex -2.801184896238299 -11.4 3.65057523079731
    endloop
  endfacet
  facet normal 0 -1 0
    outer loop
      vertex -2.801184896238299 -11.4 3.65057523079731
      vertex -1.2934313455158009 -11.4 3.4357568053111254
      vertex -1.2124355652982146 -11.4 3.6
    endloop
  endfacet
  facet normal 0 -1 0
    outer loop
      vertex -2.801184896238299 -11.4 3.65057523079731
      vertex -0.9899494936611664 -11.4 3.8899494936611663
      vertex -2.6792506442827317 -11.4 4.00978195385876
    endloop
  endfacet
  facet normal 0 -1 0
    outer loop
      vertex -2.6792506442827317 -11.4 4.00978195385876
      vertex -0.5357568053111255 -11.4 4.193431345515801
      vertex -2.511473670974871 -11.4 4.35
    endloop
  endfacet
  facet normal 0 -1 0
    outer loop
      vertex -2.801184896238299 -11.4 3.65057523079731
      vertex -1.2124355652982146 -11.4 3.6
      vertex -1.1106946764077286 -11.4 3.752266000612209
    endloop
  endfacet
  facet normal 0 -1 0
    outer loop
      vertex -2.801184896238299 -11.4 3.65057523079731
      vertex -1.1106946764077286 -11.4 3.752266000612209
      vertex -0.9899494936611664 -11.4 3.8899494936611663
    endloop
  endfacet
  facet normal 0 -1 0
    outer loop
      vertex -2.6792506442827317 -11.4 4.00978195385876
      vertex -0.9899494936611664 -11.4 3.8899494936611663
      vertex -0.8522660006122091 -11.4 4.010694676407729
    endloop
  endfacet
  facet normal 0 -1 0
    outer loop
      vertex -2.6792506442827317 -11.4 4.00978195385876
      vertex -0.8522660006122091 -11.4 4.010694676407729
      vertex -0.6999999999999993 -11.4 4.112435565298213
    endloop
  endfacet
  facet normal 0 -1 0
    outer loop
      vertex -2.6792506442827317 -11.4 4.00978195385876
      vertex -0.6999999999999993 -11.4 4.112435565298213
      vertex -0.5357568053111255 -11.4 4.193431345515801
    endloop
  endfacet
  facet normal 0 -1 0
    outer loop
      vertex -2.511473670974871 -11.4 4.35
      vertex -0.5357568053111255 -11.4 4.193431345515801
      vertex -0.36234666314352815 -11.4 4.252296156804695
    endloop
  endfacet
  facet normal 0 -1 0
    outer loop
      vertex -2.511473670974871 -11.4 4.35
      vertex -0.36234666314352815 -11.4 4.252296156804695
      vertex -0.1827366691080723 -11.4 4.288022805923335
    endloop
  endfacet
  facet normal 0 -1 0
    outer loop
      vertex -2.511473670974871 -11.4 4.35
      vertex -0.1827366691080723 -11.4 4.288022805923335
      vertex 0 -11.4 4.3
    endloop
  endfacet
  facet normal 0 -1 0
    outer loop
      vertex -2.511473670974871 -11.4 4.35
      vertex 0 -11.4 4.3
      vertex 2.511473670974871 -11.4 4.35
    endloop
  endfacet
  facet normal 0 -1 0
    outer loop
      vertex 2.511473670974871 -11.4 4.35
      vertex 0.6999999999999993 -11.4 4.112435565298213
      vertex 0.8522660006122091 -11.4 4.010694676407729
    endloop
  endfacet
  facet normal 0 -1 0
    outer loop
      vertex 2.511473670974871 -11.4 4.35
      vertex 0.1827366691080723 -11.4 4.288022805923335
      vertex 0.36234666314352815 -11.4 4.252296156804695
    endloop
  endfacet
  facet normal 0 -1 0
    outer loop
      vertex 2.511473670974871 -11.4 4.35
      vertex 0 -11.4 4.3
      vertex 0.1827366691080723 -11.4 4.288022805923335
    endloop
  endfacet
  facet normal 0 -1 0
    outer loop
      vertex 2.511473670974871 -11.4 4.35
      vertex 0.36234666314352815 -11.4 4.252296156804695
      vertex 0.5357568053111255 -11.4 4.193431345515801
    endloop
  endfacet
  facet normal 0 -1 0
    outer loop
      vertex 2.511473670974871 -11.4 4.35
      vertex 0.5357568053111255 -11.4 4.193431345515801
      vertex 0.6999999999999993 -11.4 4.112435565298213
    endloop
  endfacet
  facet normal 0 -1 0
    outer loop
      vertex -2.511473670974871 -11.4 4.35
      vertex 2.300724686844582 -11.4 4.66540814412529
      vertex -2.300724686844582 -11.4 4.66540814412529
    endloop
  endfacet
  facet normal 0 -1 0
    outer loop
      vertex -2.300724686844582 -11.4 4.66540814412529
      vertex 2.0506096654409873 -11.4 4.950609665440988
      vertex -2.0506096654409873 -11.4 4.950609665440988
    endloop
  endfacet
  facet normal 0 -1 0
    outer loop
      vertex -2.511473670974871 -11.4 4.35
      vertex 2.511473670974871 -11.4 4.35
      vertex 2.300724686844582 -11.4 4.66540814412529
    endloop
  endfacet
  facet normal 0 -1 0
    outer loop
      vertex -2.300724686844582 -11.4 4.66540814412529
      vertex 2.300724686844582 -11.4 4.66540814412529
      vertex 2.0506096654409873 -11.4 4.950609665440988
    endloop
  endfacet
  facet normal 0 -1 0
    outer loop
      vertex -2.0506096654409873 -11.4 4.950609665440988
      vertex 2.0506096654409873 -11.4 4.950609665440988
      vertex 1.7654081441252902 -11.4 5.200724686844582
    endloop
  endfacet
  facet normal 0 -1 0
    outer loop
      vertex -2.0506096654409873 -11.4 4.950609665440988
      vertex 1.7654081441252902 -11.4 5.200724686844582
      vertex -1.7654081441252902 -11.4 5.200724686844582
    endloop
  endfacet
  facet normal 0 -1 0
    outer loop
      vertex -1.7654081441252902 -11.4 5.200724686844582
      vertex 1.4499999999999993 -11.4 5.411473670974871
      vertex -1.4499999999999993 -11.4 5.411473670974871
    endloop
  endfacet
  facet normal 0 -1 0
    outer loop
      vertex -1.4499999999999993 -11.4 5.411473670974871
      vertex 1.1097819538587608 -11.4 5.57925064428273
      vertex -1.1097819538587608 -11.4 5.57925064428273
    endloop
  endfacet
  facet normal 0 -1 0
    outer loop
      vertex -1.1097819538587608 -11.4 5.57925064428273
      vertex 0.7505752307973097 -11.4 5.701184896238297
      vertex -0.7505752307973097 -11.4 5.701184896238297
    endloop
  endfacet
  facet normal 0 -1 0
    outer loop
      vertex -0.7505752307973097 -11.4 5.701184896238297
      vertex 0.3785259574381499 -11.4 5.77519009798405
      vertex -0.3785259574381499 -11.4 5.77519009798405
    endloop
  endfacet
  facet normal 0 -1 0
    outer loop
      vertex -0.3785259574381499 -11.4 5.77519009798405
      vertex 0.3785259574381499 -11.4 5.77519009798405
      vertex 0 -11.4 5.799999999999999
    endloop
  endfacet
  facet normal 0 -1 0
    outer loop
      vertex -1.1097819538587608 -11.4 5.57925064428273
      vertex 1.1097819538587608 -11.4 5.57925064428273
      vertex 0.7505752307973097 -11.4 5.701184896238297
    endloop
  endfacet
  facet normal 0 -1 0
    outer loop
      vertex -0.7505752307973097 -11.4 5.701184896238297
      vertex 0.7505752307973097 -11.4 5.701184896238297
      vertex 0.3785259574381499 -11.4 5.77519009798405
    endloop
  endfacet
  facet normal 0 -1 0
    outer loop
      vertex -1.7654081441252902 -11.4 5.200724686844582
      vertex 1.7654081441252902 -11.4 5.200724686844582
      vertex 1.4499999999999993 -11.4 5.411473670974871
    endloop
  endfacet
  facet normal 0 -1 0
    outer loop
      vertex -1.4499999999999993 -11.4 5.411473670974871
      vertex 1.4499999999999993 -11.4 5.411473670974871
      vertex 1.1097819538587608 -11.4 5.57925064428273
    endloop
  endfacet
  facet normal -0.9978589232386035 0 0.06540312923014188
    outer loop
      vertex -2.9000000000000004 -11.4 2.9
      vertex -2.875190097984051 -11.4 3.2785259574381493
      vertex -2.875190097984051 11.4 3.2785259574381493
    endloop
  endfacet
  facet normal -0.9807852804032305 0 0.19509032201612836
    outer loop
      vertex -2.875190097984051 -11.4 3.2785259574381493
      vertex -2.801184896238299 -11.4 3.65057523079731
      vertex -2.801184896238299 11.4 3.65057523079731
    endloop
  endfacet
  facet normal -0.9469301294951051 0 0.321439465303163
    outer loop
      vertex -2.801184896238299 -11.4 3.65057523079731
      vertex -2.6792506442827317 -11.4 4.00978195385876
      vertex -2.6792506442827317 11.4 4.00978195385876
    endloop
  endfacet
  facet normal -0.8968727415326867 0 0.44228869021900447
    outer loop
      vertex -2.6792506442827317 -11.4 4.00978195385876
      vertex -2.511473670974871 -11.4 4.35
      vertex -2.511473670974871 11.4 4.35
    endloop
  endfacet
  facet normal -0.8314696123025468 0 0.5555702330196
    outer loop
      vertex -2.511473670974871 -11.4 4.35
      vertex -2.300724686844582 -11.4 4.66540814412529
      vertex -2.300724686844582 11.4 4.66540814412529
    endloop
  endfacet
  facet normal -0.7518398074789769 0 0.6593458151000695
    outer loop
      vertex -2.300724686844582 -11.4 4.66540814412529
      vertex -2.0506096654409873 -11.4 4.950609665440988
      vertex -2.0506096654409873 11.4 4.950609665440988
    endloop
  endfacet
  facet normal -0.6593458151000706 0 0.7518398074789759
    outer loop
      vertex -2.0506096654409873 -11.4 4.950609665440988
      vertex -1.7654081441252902 -11.4 5.200724686844582
      vertex -2.0506096654409873 11.4 4.950609665440988
    endloop
  endfacet
  facet normal -0.5555702330195988 0 0.8314696123025476
    outer loop
      vertex -1.7654081441252902 -11.4 5.200724686844582
      vertex -1.4499999999999993 -11.4 5.411473670974871
      vertex -1.7654081441252902 11.4 5.200724686844582
    endloop
  endfacet
  facet normal -0.44228869021900163 0 0.896872741532688
    outer loop
      vertex -1.4499999999999993 -11.4 5.411473670974871
      vertex -1.1097819538587608 -11.4 5.57925064428273
      vertex -1.4499999999999993 11.4 5.411473670974871
    endloop
  endfacet
  facet normal -0.3214394653031623 0 0.9469301294951055
    outer loop
      vertex -1.1097819538587608 -11.4 5.57925064428273
      vertex -0.7505752307973097 -11.4 5.701184896238297
      vertex -1.1097819538587608 11.4 5.57925064428273
    endloop
  endfacet
  facet normal -0.19509032201612875 0 0.9807852804032303
    outer loop
      vertex -0.7505752307973097 -11.4 5.701184896238297
      vertex -0.3785259574381499 -11.4 5.77519009798405
      vertex -0.7505752307973097 11.4 5.701184896238297
    endloop
  endfacet
  facet normal -0.06540312923014181 0 0.9978589232386035
    outer loop
      vertex -0.3785259574381499 -11.4 5.77519009798405
      vertex 0 -11.4 5.799999999999999
      vertex -0.3785259574381499 11.4 5.77519009798405
    endloop
  endfacet
  facet normal 0.06540312923014181 0 0.9978589232386035
    outer loop
      vertex 0 -11.4 5.799999999999999
      vertex 0.3785259574381499 -11.4 5.77519009798405
      vertex 0 11.4 5.799999999999999
    endloop
  endfacet
  facet normal 0.19509032201612875 0 0.9807852804032303
    outer loop
      vertex 0.3785259574381499 -11.4 5.77519009798405
      vertex 0.7505752307973097 -11.4 5.701184896238297
      vertex 0.3785259574381499 11.4 5.77519009798405
    endloop
  endfacet
  facet normal 0.3214394653031623 0 0.9469301294951055
    outer loop
      vertex 0.7505752307973097 -11.4 5.701184896238297
      vertex 1.1097819538587608 -11.4 5.57925064428273
      vertex 0.7505752307973097 11.4 5.701184896238297
    endloop
  endfacet
  facet normal 0.44228869021900163 0 0.896872741532688
    outer loop
      vertex 1.1097819538587608 -11.4 5.57925064428273
      vertex 1.4499999999999993 -11.4 5.411473670974871
      vertex 1.1097819538587608 11.4 5.57925064428273
    endloop
  endfacet
  facet normal 0 -1 0
    outer loop
      vertex 2.9000000000000004 -11.4 2.9
      vertex 1.3880228059233346 -11.4 3.082736669108072
      vertex 1.4000000000000004 -11.4 2.9
    endloop
  endfacet
  facet normal 0 -1 0
    outer loop
      vertex 2.875190097984051 -11.4 3.2785259574381493
      vertex 1.3522961568046963 -11.4 3.262346663143529
      vertex 1.3880228059233346 -11.4 3.082736669108072
    endloop
  endfacet
  facet normal 0 -1 0
    outer loop
      vertex 2.9000000000000004 -11.4 2.9
      vertex 2.875190097984051 -11.4 3.2785259574381493
      vertex 1.3880228059233346 -11.4 3.082736669108072
    endloop
  endfacet
  facet normal 0 -1 0
    outer loop
      vertex 2.801184896238299 -11.4 3.65057523079731
      vertex 1.2934313455158009 -11.4 3.4357568053111254
      vertex 1.3522961568046963 -11.4 3.262346663143529
    endloop
  endfacet
  facet normal 0 -1 0
    outer loop
      vertex 2.801184896238299 -11.4 3.65057523079731
      vertex 1.2124355652982146 -11.4 3.6
      vertex 1.2934313455158009 -11.4 3.4357568053111254
    endloop
  endfacet
  facet normal 0 -1 0
    outer loop
      vertex 2.875190097984051 -11.4 3.2785259574381493
      vertex 2.801184896238299 -11.4 3.65057523079731
      vertex 1.3522961568046963 -11.4 3.262346663143529
    endloop
  endfacet
  facet normal 0 -1 0
    outer loop
      vertex 2.6792506442827317 -11.4 4.00978195385876
      vertex 1.1106946764077286 -11.4 3.752266000612209
      vertex 1.2124355652982146 -11.4 3.6
    endloop
  endfacet
  facet normal 0 -1 0
    outer loop
      vertex 2.6792506442827317 -11.4 4.00978195385876
      vertex 0.9899494936611664 -11.4 3.8899494936611663
      vertex 1.1106946764077286 -11.4 3.752266000612209
    endloop
  endfacet
  facet normal 0 -1 0
    outer loop
      vertex 2.801184896238299 -11.4 3.65057523079731
      vertex 2.6792506442827317 -11.4 4.00978195385876
      vertex 1.2124355652982146 -11.4 3.6
    endloop
  endfacet
  facet normal 0 -1 0
    outer loop
      vertex 2.511473670974871 -11.4 4.35
      vertex 0.8522660006122091 -11.4 4.010694676407729
      vertex 0.9899494936611664 -11.4 3.8899494936611663
    endloop
  endfacet
  facet normal 0 -1 0
    outer loop
      vertex 2.6792506442827317 -11.4 4.00978195385876
      vertex 2.511473670974871 -11.4 4.35
      vertex 0.9899494936611664 -11.4 3.8899494936611663
    endloop
  endfacet
  facet normal 0.9978589232386036 0 0.06540312923014188
    outer loop
      vertex 2.9000000000000004 -11.4 2.9
      vertex 2.875190097984051 -1.5 3.2785259574381493
      vertex 2.875190097984051 -11.4 3.2785259574381493
    endloop
  endfacet
  facet normal 0.9807852804032304 0 0.19509032201612833
    outer loop
      vertex 2.875190097984051 -11.4 3.2785259574381493
      vertex 2.801184896238299 -1.5 3.65057523079731
      vertex 2.801184896238299 -11.4 3.65057523079731
    endloop
  endfacet
  facet normal 0.9469301294951051 -6.282137652042666e-17 0.32143946530316303
    outer loop
      vertex 2.801184896238299 -11.4 3.65057523079731
      vertex 2.6940023021156048 -1.5 3.9663249712235547
      vertex 2.6792506442827317 -11.4 4.00978195385876
    endloop
  endfacet
  facet normal 0.9978589232386036 0 0.06540312923014188
    outer loop
      vertex 2.9000000000000004 -11.4 2.9
      vertex 2.9000000000000004 -1.5 2.9
      vertex 2.875190097984051 -1.5 3.2785259574381493
    endloop
  endfacet
  facet normal 0.9807852804032304 0 0.19509032201612833
    outer loop
      vertex 2.875190097984051 -11.4 3.2785259574381493
      vertex 2.875190097984051 -1.5 3.2785259574381493
      vertex 2.801184896238299 -1.5 3.65057523079731
    endloop
  endfacet
  facet normal 0.9469301294951058 0 0.32143946530316125
    outer loop
      vertex 2.801184896238299 -11.4 3.65057523079731
      vertex 2.801184896238299 -1.5 3.65057523079731
      vertex 2.6940023021156048 -1.5 3.9663249712235547
    endloop
  endfacet
  facet normal 0.8968727415326867 0 0.44228869021900447
    outer loop
      vertex 2.6792506442827317 -11.4 4.00978195385876
      vertex 2.6792506442827317 11.4 4.00978195385876
      vertex 2.511473670974871 -11.4 4.35
    endloop
  endfacet
  facet normal 0.946930129495101 0 0.32143946530317563
    outer loop
      vertex 2.6792506442827317 -11.4 4.00978195385876
      vertex 2.6940023021156048 -1.5 3.9663249712235547
      vertex 2.6792506442827317 11.4 4.00978195385876
    endloop
  endfacet
  facet normal 0.8314696123025468 0 0.5555702330196
    outer loop
      vertex 2.300724686844582 -11.4 4.66540814412529
      vertex 2.511473670974871 -11.4 4.35
      vertex 2.511473670974871 11.4 4.35
    endloop
  endfacet
  facet normal 0.7518398074789769 0 0.6593458151000695
    outer loop
      vertex 2.300724686844582 -11.4 4.66540814412529
      vertex 2.300724686844582 11.4 4.66540814412529
      vertex 2.0506096654409873 -11.4 4.950609665440988
    endloop
  endfacet
  facet normal 0.6593458151000706 0 0.7518398074789759
    outer loop
      vertex 2.0506096654409873 -11.4 4.950609665440988
      vertex 1.7654081441252902 11.4 5.200724686844582
      vertex 1.7654081441252902 -11.4 5.200724686844582
    endloop
  endfacet
  facet normal 0.5555702330195988 0 0.8314696123025476
    outer loop
      vertex 1.7654081441252902 -11.4 5.200724686844582
      vertex 1.4499999999999993 11.4 5.411473670974871
      vertex 1.4499999999999993 -11.4 5.411473670974871
    endloop
  endfacet
  facet normal -0.44228869021900263 0 -0.8968727415326877
    outer loop
      vertex -1.4499999999999993 -11.4 0.3885263290251282
      vertex -1.4499999999999993 11.4 0.3885263290251282
      vertex -1.1097819538587608 11.4 0.2207493557172686
    endloop
  endfacet
  facet normal -0.32143946530316125 0 -0.9469301294951058
    outer loop
      vertex -1.1097819538587608 -11.4 0.2207493557172686
      vertex -1.1097819538587608 11.4 0.2207493557172686
      vertex -0.7505752307973097 11.4 0.098815103761702
    endloop
  endfacet
  facet normal -0.5555702330196005 0 -0.8314696123025463
    outer loop
      vertex -1.7654081441252902 -11.4 0.599275313155418
      vertex -1.7654081441252902 11.4 0.599275313155418
      vertex -1.4499999999999993 11.4 0.3885263290251282
    endloop
  endfacet
  facet normal -0.65934581510007 0 -0.7518398074789765
    outer loop
      vertex -2.0506096654409873 -11.4 0.8493903345590121
      vertex -2.0506096654409873 11.4 0.8493903345590121
      vertex -1.7654081441252902 11.4 0.599275313155418
    endloop
  endfacet
  facet normal -0.7518398074789769 0 -0.6593458151000695
    outer loop
      vertex -2.0506096654409873 -11.4 0.8493903345590121
      vertex -2.300724686844582 11.4 1.1345918558747101
      vertex -2.0506096654409873 11.4 0.8493903345590121
    endloop
  endfacet
  facet normal -0.8314696123025466 0 -0.5555702330196002
    outer loop
      vertex -2.300724686844582 -11.4 1.1345918558747101
      vertex -2.511473670974871 11.4 1.45
      vertex -2.300724686844582 11.4 1.1345918558747101
    endloop
  endfacet
  facet normal -0.19509032201612875 0 -0.9807852804032303
    outer loop
      vertex -0.7505752307973097 -11.4 0.098815103761702
      vertex -0.7505752307973097 11.4 0.098815103761702
      vertex -0.3785259574381499 11.4 0.024809902015949792
    endloop
  endfacet
  facet normal -0.06540312923014298 0 -0.9978589232386035
    outer loop
      vertex -0.3785259574381499 -11.4 0.024809902015949792
      vertex -0.3785259574381499 11.4 0.024809902015949792
      vertex 0 11.4 0
    endloop
  endfacet
  facet normal 0.06540312923014298 0 -0.9978589232386035
    outer loop
      vertex 0 -11.4 0
      vertex 0 11.4 0
      vertex 0.3785259574381499 11.4 0.024809902015949792
    endloop
  endfacet
  facet normal 0.19509032201612875 0 -0.9807852804032303
    outer loop
      vertex 0.3785259574381499 -11.4 0.024809902015949792
      vertex 0.3785259574381499 11.4 0.024809902015949792
      vertex 0.7505752307973097 11.4 0.098815103761702
    endloop
  endfacet
  facet normal 0.32143946530316125 0 -0.9469301294951058
    outer loop
      vertex 0.7505752307973097 -11.4 0.098815103761702
      vertex 0.7505752307973097 11.4 0.098815103761702
      vertex 1.1097819538587608 11.4 0.2207493557172686
    endloop
  endfacet
  facet normal 0.44228869021900263 0 -0.8968727415326877
    outer loop
      vertex 1.1097819538587608 -11.4 0.2207493557172686
      vertex 1.1097819538587608 11.4 0.2207493557172686
      vertex 1.4499999999999993 11.4 0.3885263290251282
    endloop
  endfacet
  facet normal -0.8968727415326869 0 -0.4422886902190043
    outer loop
      vertex -2.511473670974871 -11.4 1.45
      vertex -2.6792506442827317 11.4 1.7902180461412396
      vertex -2.511473670974871 11.4 1.45
    endloop
  endfacet
  facet normal -0.9469301294951051 0 -0.321439465303163
    outer loop
      vertex -2.6792506442827317 -11.4 1.7902180461412396
      vertex -2.801184896238299 11.4 2.1494247692026898
      vertex -2.6792506442827317 11.4 1.7902180461412396
    endloop
  endfacet
  facet normal -0.9807852804032305 0 -0.19509032201612836
    outer loop
      vertex -2.801184896238299 -11.4 2.1494247692026898
      vertex -2.875190097984051 11.4 2.5214740425618505
      vertex -2.801184896238299 11.4 2.1494247692026898
    endloop
  endfacet
  facet normal -0.9978589232386035 0 -0.06540312923014188
    outer loop
      vertex -2.875190097984051 -11.4 2.5214740425618505
      vertex -2.9000000000000004 11.4 2.9
      vertex -2.875190097984051 11.4 2.5214740425618505
    endloop
  endfacet
  facet normal 0 1 0
    outer loop
      vertex -2.0506096654409873 11.4 0.8493903345590121
      vertex -2.300724686844582 11.4 1.1345918558747101
      vertex 2.0506096654409873 11.4 0.8493903345590121
    endloop
  endfacet
  facet normal 0 1 0
    outer loop
      vertex -2.300724686844582 11.4 1.1345918558747101
      vertex -2.511473670974871 11.4 1.45
      vertex 2.300724686844582 11.4 1.1345918558747101
    endloop
  endfacet
  facet normal 0 1 0
    outer loop
      vertex -0.7505752307973097 11.4 0.098815103761702
      vertex 0.3785259574381499 11.4 0.024809902015949792
      vertex -0.3785259574381499 11.4 0.024809902015949792
    endloop
  endfacet
  facet normal 0 1 0
    outer loop
      vertex -0.7505752307973097 11.4 0.098815103761702
      vertex -1.1097819538587608 11.4 0.2207493557172686
      vertex 0.7505752307973097 11.4 0.098815103761702
    endloop
  endfacet
  facet normal 0 1 0
    outer loop
      vertex -1.1097819538587608 11.4 0.2207493557172686
      vertex -1.4499999999999993 11.4 0.3885263290251282
      vertex 1.1097819538587608 11.4 0.2207493557172686
    endloop
  endfacet
  facet normal 0 1 0
    outer loop
      vertex -0.3785259574381499 11.4 0.024809902015949792
      vertex 0.3785259574381499 11.4 0.024809902015949792
      vertex 0 11.4 0
    endloop
  endfacet
  facet normal 0 1 0
    outer loop
      vertex -0.7505752307973097 11.4 0.098815103761702
      vertex 0.7505752307973097 11.4 0.098815103761702
      vertex 0.3785259574381499 11.4 0.024809902015949792
    endloop
  endfacet
  facet normal 0 1 0
    outer loop
      vertex -1.1097819538587608 11.4 0.2207493557172686
      vertex 1.1097819538587608 11.4 0.2207493557172686
      vertex 0.7505752307973097 11.4 0.098815103761702
    endloop
  endfacet
  facet normal 0 1 0
    outer loop
      vertex -1.4499999999999993 11.4 0.3885263290251282
      vertex -1.7654081441252902 11.4 0.599275313155418
      vertex 1.4499999999999993 11.4 0.3885263290251282
    endloop
  endfacet
  facet normal 0 1 0
    outer loop
      vertex -1.7654081441252902 11.4 0.599275313155418
      vertex -2.0506096654409873 11.4 0.8493903345590121
      vertex 1.7654081441252902 11.4 0.599275313155418
    endloop
  endfacet
  facet normal 0 1 0
    outer loop
      vertex -1.4499999999999993 11.4 0.3885263290251282
      vertex 1.4499999999999993 11.4 0.3885263290251282
      vertex 1.1097819538587608 11.4 0.2207493557172686
    endloop
  endfacet
  facet normal 0 1 0
    outer loop
      vertex -1.7654081441252902 11.4 0.599275313155418
      vertex 1.7654081441252902 11.4 0.599275313155418
      vertex 1.4499999999999993 11.4 0.3885263290251282
    endloop
  endfacet
  facet normal 0 1 0
    outer loop
      vertex -2.0506096654409873 11.4 0.8493903345590121
      vertex 2.0506096654409873 11.4 0.8493903345590121
      vertex 1.7654081441252902 11.4 0.599275313155418
    endloop
  endfacet
  facet normal 0 1 0
    outer loop
      vertex -2.300724686844582 11.4 1.1345918558747101
      vertex 2.300724686844582 11.4 1.1345918558747101
      vertex 2.0506096654409873 11.4 0.8493903345590121
    endloop
  endfacet
  facet normal 0 1 0
    outer loop
      vertex -2.511473670974871 11.4 1.45
      vertex 2.511473670974871 11.4 1.45
      vertex 2.300724686844582 11.4 1.1345918558747101
    endloop
  endfacet
  facet normal 0 1 0
    outer loop
      vertex -2.511473670974871 11.4 1.45
      vertex -2.6792506442827317 11.4 1.7902180461412396
      vertex -0.5357568053111255 11.4 1.6065686544841986
    endloop
  endfacet
  facet normal 0 1 0
    outer loop
      vertex -2.6792506442827317 11.4 1.7902180461412396
      vertex -2.801184896238299 11.4 2.1494247692026898
      vertex -0.9899494936611664 11.4 1.9100505063388333
    endloop
  endfacet
  facet normal 0 1 0
    outer loop
      vertex -2.6792506442827317 11.4 1.7902180461412396
      vertex -0.6999999999999993 11.4 1.687564434701786
      vertex -0.5357568053111255 11.4 1.6065686544841986
    endloop
  endfacet
  facet normal 0 1 0
    outer loop
      vertex -2.6792506442827317 11.4 1.7902180461412396
      vertex -0.8522660006122091 11.4 1.7893053235922707
      vertex -0.6999999999999993 11.4 1.687564434701786
    endloop
  endfacet
  facet normal 0 1 0
    outer loop
      vertex -2.511473670974871 11.4 1.45
      vertex -0.5357568053111255 11.4 1.6065686544841986
      vertex -0.36234666314352815 11.4 1.5477038431953043
    endloop
  endfacet
  facet normal 0 1 0
    outer loop
      vertex -2.511473670974871 11.4 1.45
      vertex -0.36234666314352815 11.4 1.5477038431953043
      vertex -0.1827366691080723 11.4 1.5119771940766655
    endloop
  endfacet
  facet normal 0 1 0
    outer loop
      vertex -2.511473670974871 11.4 1.45
      vertex -0.1827366691080723 11.4 1.5119771940766655
      vertex 0 11.4 1.5
    endloop
  endfacet
  facet normal 0 1 0
    outer loop
      vertex -2.6792506442827317 11.4 1.7902180461412396
      vertex -0.9899494936611664 11.4 1.9100505063388333
      vertex -0.8522660006122091 11.4 1.7893053235922707
    endloop
  endfacet
  facet normal 0 1 0
    outer loop
      vertex -2.801184896238299 11.4 2.1494247692026898
      vertex -1.1106946764077286 11.4 2.047733999387791
      vertex -0.9899494936611664 11.4 1.9100505063388333
    endloop
  endfacet
  facet normal 0 1 0
    outer loop
      vertex -2.801184896238299 11.4 2.1494247692026898
      vertex -1.2124355652982146 11.4 2.2
      vertex -1.1106946764077286 11.4 2.047733999387791
    endloop
  endfacet
  facet normal 0 1 0
    outer loop
      vertex -2.801184896238299 11.4 2.1494247692026898
      vertex -2.875190097984051 11.4 2.5214740425618505
      vertex -1.2934313455158009 11.4 2.364243194688874
    endloop
  endfacet
  facet normal 0 1 0
    outer loop
      vertex -2.875190097984051 11.4 2.5214740425618505
      vertex -1.3522961568046963 11.4 2.537653336856471
      vertex -1.2934313455158009 11.4 2.364243194688874
    endloop
  endfacet
  facet normal 0 1 0
    outer loop
      vertex -2.875190097984051 11.4 2.5214740425618505
      vertex -2.9000000000000004 11.4 2.9
      vertex -1.3880228059233346 11.4 2.7172633308919276
    endloop
  endfacet
  facet normal 0 1 0
    outer loop
      vertex -2.875190097984051 11.4 2.5214740425618505
      vertex -1.3880228059233346 11.4 2.7172633308919276
      vertex -1.3522961568046963 11.4 2.537653336856471
    endloop
  endfacet
  facet normal 0 1 0
    outer loop
      vertex -2.9000000000000004 11.4 2.9
      vertex -1.4000000000000004 11.4 2.9
      vertex -1.3880228059233346 11.4 2.7172633308919276
    endloop
  endfacet
  facet normal 0 1 0
    outer loop
      vertex -2.801184896238299 11.4 2.1494247692026898
      vertex -1.2934313455158009 11.4 2.364243194688874
      vertex -1.2124355652982146 11.4 2.2
    endloop
  endfacet
  facet normal 0 1 0
    outer loop
      vertex -2.511473670974871 11.4 1.45
      vertex 0 11.4 1.5
      vertex 2.511473670974871 11.4 1.45
    endloop
  endfacet
  facet normal 0 1 0
    outer loop
      vertex 2.511473670974871 11.4 1.45
      vertex 0 11.4 1.5
      vertex 0.1827366691080723 11.4 1.5119771940766655
    endloop
  endfacet
  facet normal 0 1 0
    outer loop
      vertex 2.511473670974871 11.4 1.45
      vertex 0.1827366691080723 11.4 1.5119771940766655
      vertex 0.36234666314352815 11.4 1.5477038431953043
    endloop
  endfacet
  facet normal 0 1 0
    outer loop
      vertex 2.511473670974871 11.4 1.45
      vertex 0.36234666314352815 11.4 1.5477038431953043
      vertex 0.5357568053111255 11.4 1.6065686544841986
    endloop
  endfacet
  facet normal 0 1 0
    outer loop
      vertex 2.511473670974871 11.4 1.45
      vertex 0.5357568053111255 11.4 1.6065686544841986
      vertex 0.6999999999999993 11.4 1.687564434701786
    endloop
  endfacet
  facet normal 0 1 0
    outer loop
      vertex 2.511473670974871 11.4 1.45
      vertex 0.6999999999999993 11.4 1.687564434701786
      vertex 0.8522660006122091 11.4 1.7893053235922707
    endloop
  endfacet
  facet normal 0.5555702330196005 0 -0.8314696123025463
    outer loop
      vertex 1.4499999999999993 -11.4 0.3885263290251282
      vertex 1.4499999999999993 11.4 0.3885263290251282
      vertex 1.7654081441252902 11.4 0.599275313155418
    endloop
  endfacet
  facet normal 0.65934581510007 0 -0.7518398074789765
    outer loop
      vertex 1.7654081441252902 -11.4 0.599275313155418
      vertex 1.7654081441252902 11.4 0.599275313155418
      vertex 2.0506096654409873 11.4 0.8493903345590121
    endloop
  endfacet
  facet normal 0.7518398074789769 0 -0.6593458151000695
    outer loop
      vertex 2.300724686844582 -11.4 1.1345918558747101
      vertex 2.0506096654409873 11.4 0.8493903345590121
      vertex 2.300724686844582 11.4 1.1345918558747101
    endloop
  endfacet
  facet normal 0.8314696123025466 0 -0.5555702330196002
    outer loop
      vertex 2.511473670974871 -11.4 1.45
      vertex 2.300724686844582 11.4 1.1345918558747101
      vertex 2.511473670974871 11.4 1.45
    endloop
  endfacet
  facet normal 0.8968727415326864 0 -0.4422886902190054
    outer loop
      vertex 2.6676304481626634 -1.5 1.7666546193979666
      vertex 2.511473670974871 11.4 1.45
      vertex 2.6676304481626634 1.5 1.7666546193979666
    endloop
  endfacet
  facet normal 0.8968727415326943 0 -0.4422886902189894
    outer loop
      vertex 2.6676304481626634 1.5 1.7666546193979666
      vertex 2.6792506442827317 11.4 1.7902180461412396
      vertex 2.6792506442827317 1.5 1.7902180461412396
    endloop
  endfacet
  facet normal 0.9469301294951051 0 -0.32143946530316303
    outer loop
      vertex 2.6792506442827317 1.5 1.7902180461412396
      vertex 2.801184896238299 11.4 2.1494247692026898
      vertex 2.801184896238299 1.5 2.1494247692026898
    endloop
  endfacet
  facet normal 0.9807852804032304 0 -0.19509032201612833
    outer loop
      vertex 2.801184896238299 1.5 2.1494247692026898
      vertex 2.875190097984051 11.4 2.5214740425618505
      vertex 2.875190097984051 1.5 2.5214740425618505
    endloop
  endfacet
  facet normal 0.9978589232386036 0 -0.06540312923014188
    outer loop
      vertex 2.875190097984051 1.5 2.5214740425618505
      vertex 2.9000000000000004 11.4 2.9
      vertex 2.9000000000000004 1.5 2.9
    endloop
  endfacet
  facet normal 0.8968727415326868 4.399805965860761e-17 -0.44228869021900424
    outer loop
      vertex 2.6676304481626634 1.5 1.7666546193979666
      vertex 2.511473670974871 11.4 1.45
      vertex 2.6792506442827317 11.4 1.7902180461412396
    endloop
  endfacet
  facet normal 0.9469301294951051 0 -0.32143946530316303
    outer loop
      vertex 2.6792506442827317 1.5 1.7902180461412396
      vertex 2.6792506442827317 11.4 1.7902180461412396
      vertex 2.801184896238299 11.4 2.1494247692026898
    endloop
  endfacet
  facet normal 0.9807852804032304 0 -0.19509032201612833
    outer loop
      vertex 2.801184896238299 1.5 2.1494247692026898
      vertex 2.801184896238299 11.4 2.1494247692026898
      vertex 2.875190097984051 11.4 2.5214740425618505
    endloop
  endfacet
  facet normal 0.9978589232386036 0 -0.06540312923014188
    outer loop
      vertex 2.875190097984051 1.5 2.5214740425618505
      vertex 2.875190097984051 11.4 2.5214740425618505
      vertex 2.9000000000000004 11.4 2.9
    endloop
  endfacet
  facet normal 0 1 0
    outer loop
      vertex 2.511473670974871 11.4 1.45
      vertex 0.8522660006122091 11.4 1.7893053235922707
      vertex 0.9899494936611664 11.4 1.9100505063388333
    endloop
  endfacet
  facet normal 0 1 0
    outer loop
      vertex 2.511473670974871 11.4 1.45
      vertex 0.9899494936611664 11.4 1.9100505063388333
      vertex 2.6792506442827317 11.4 1.7902180461412396
    endloop
  endfacet
  facet normal 0 1 0
    outer loop
      vertex 2.6792506442827317 11.4 1.7902180461412396
      vertex 0.9899494936611664 11.4 1.9100505063388333
      vertex 1.1106946764077286 11.4 2.047733999387791
    endloop
  endfacet
  facet normal 0 1 0
    outer loop
      vertex 2.6792506442827317 11.4 1.7902180461412396
      vertex 1.1106946764077286 11.4 2.047733999387791
      vertex 1.2124355652982146 11.4 2.2
    endloop
  endfacet
  facet normal 0 1 0
    outer loop
      vertex 2.6792506442827317 11.4 1.7902180461412396
      vertex 1.2124355652982146 11.4 2.2
      vertex 2.801184896238299 11.4 2.1494247692026898
    endloop
  endfacet
  facet normal 0 1 0
    outer loop
      vertex 2.801184896238299 11.4 2.1494247692026898
      vertex 1.2124355652982146 11.4 2.2
      vertex 1.2934313455158009 11.4 2.364243194688874
    endloop
  endfacet
  facet normal 0 1 0
    outer loop
      vertex 2.801184896238299 11.4 2.1494247692026898
      vertex 1.2934313455158009 11.4 2.364243194688874
      vertex 1.3522961568046963 11.4 2.537653336856471
    endloop
  endfacet
  facet normal 0 1 0
    outer loop
      vertex 2.801184896238299 11.4 2.1494247692026898
      vertex 1.3522961568046963 11.4 2.537653336856471
      vertex 2.875190097984051 11.4 2.5214740425618505
    endloop
  endfacet
  facet normal 0 1 0
    outer loop
      vertex 2.875190097984051 11.4 2.5214740425618505
      vertex 1.3522961568046963 11.4 2.537653336856471
      vertex 1.3880228059233346 11.4 2.7172633308919276
    endloop
  endfacet
  facet normal 0 1 0
    outer loop
      vertex 2.9000000000000004 11.4 2.9
      vertex 1.3880228059233346 11.4 2.7172633308919276
      vertex 1.4000000000000004 11.4 2.9
    endloop
  endfacet
  facet normal 0 1 0
    outer loop
      vertex 2.875190097984051 11.4 2.5214740425618505
      vertex 1.3880228059233346 11.4 2.7172633308919276
      vertex 2.9000000000000004 11.4 2.9
    endloop
  endfacet
  facet normal -0.9978589232386035 0 0.06540312923014188
    outer loop
      vertex -2.9000000000000004 -11.4 2.9
      vertex -2.875190097984051 11.4 3.2785259574381493
      vertex -2.9000000000000004 11.4 2.9
    endloop
  endfacet
  facet normal -0.9807852804032305 0 0.19509032201612836
    outer loop
      vertex -2.875190097984051 -11.4 3.2785259574381493
      vertex -2.801184896238299 11.4 3.65057523079731
      vertex -2.875190097984051 11.4 3.2785259574381493
    endloop
  endfacet
  facet normal -0.9469301294951051 0 0.321439465303163
    outer loop
      vertex -2.801184896238299 -11.4 3.65057523079731
      vertex -2.6792506442827317 11.4 4.00978195385876
      vertex -2.801184896238299 11.4 3.65057523079731
    endloop
  endfacet
  facet normal -0.8968727415326867 0 0.44228869021900447
    outer loop
      vertex -2.6792506442827317 -11.4 4.00978195385876
      vertex -2.511473670974871 11.4 4.35
      vertex -2.6792506442827317 11.4 4.00978195385876
    endloop
  endfacet
  facet normal -0.8314696123025468 0 0.5555702330196
    outer loop
      vertex -2.511473670974871 -11.4 4.35
      vertex -2.300724686844582 11.4 4.66540814412529
      vertex -2.511473670974871 11.4 4.35
    endloop
  endfacet
  facet normal -0.7518398074789769 0 0.6593458151000695
    outer loop
      vertex -2.300724686844582 -11.4 4.66540814412529
      vertex -2.0506096654409873 11.4 4.950609665440988
      vertex -2.300724686844582 11.4 4.66540814412529
    endloop
  endfacet
  facet normal -0.6593458151000706 0 0.7518398074789759
    outer loop
      vertex -1.7654081441252902 -11.4 5.200724686844582
      vertex -1.7654081441252902 11.4 5.200724686844582
      vertex -2.0506096654409873 11.4 4.950609665440988
    endloop
  endfacet
  facet normal -0.5555702330195988 0 0.8314696123025476
    outer loop
      vertex -1.4499999999999993 -11.4 5.411473670974871
      vertex -1.4499999999999993 11.4 5.411473670974871
      vertex -1.7654081441252902 11.4 5.200724686844582
    endloop
  endfacet
  facet normal -0.44228869021900163 0 0.896872741532688
    outer loop
      vertex -1.1097819538587608 -11.4 5.57925064428273
      vertex -1.1097819538587608 11.4 5.57925064428273
      vertex -1.4499999999999993 11.4 5.411473670974871
    endloop
  endfacet
  facet normal -0.3214394653031623 0 0.9469301294951055
    outer loop
      vertex -0.7505752307973097 -11.4 5.701184896238297
      vertex -0.7505752307973097 11.4 5.701184896238297
      vertex -1.1097819538587608 11.4 5.57925064428273
    endloop
  endfacet
  facet normal -0.19509032201612875 0 0.9807852804032303
    outer loop
      vertex -0.3785259574381499 -11.4 5.77519009798405
      vertex -0.3785259574381499 11.4 5.77519009798405
      vertex -0.7505752307973097 11.4 5.701184896238297
    endloop
  endfacet
  facet normal -0.06540312923014181 0 0.9978589232386035
    outer loop
      vertex 0 -11.4 5.799999999999999
      vertex 0 11.4 5.799999999999999
      vertex -0.3785259574381499 11.4 5.77519009798405
    endloop
  endfacet
  facet normal 0.06540312923014181 0 0.9978589232386035
    outer loop
      vertex 0.3785259574381499 -11.4 5.77519009798405
      vertex 0.3785259574381499 11.4 5.77519009798405
      vertex 0 11.4 5.799999999999999
    endloop
  endfacet
  facet normal 0.19509032201612875 0 0.9807852804032303
    outer loop
      vertex 0.7505752307973097 -11.4 5.701184896238297
      vertex 0.7505752307973097 11.4 5.701184896238297
      vertex 0.3785259574381499 11.4 5.77519009798405
    endloop
  endfacet
  facet normal 0.44228869021900163 0 0.896872741532688
    outer loop
      vertex 1.4499999999999993 -11.4 5.411473670974871
      vertex 1.4499999999999993 11.4 5.411473670974871
      vertex 1.1097819538587608 11.4 5.57925064428273
    endloop
  endfacet
  facet normal 0.3214394653031623 0 0.9469301294951055
    outer loop
      vertex 1.1097819538587608 -11.4 5.57925064428273
      vertex 1.1097819538587608 11.4 5.57925064428273
      vertex 0.7505752307973097 11.4 5.701184896238297
    endloop
  endfacet
  facet normal 0 1 0
    outer loop
      vertex -2.9000000000000004 11.4 2.9
      vertex -2.875190097984051 11.4 3.2785259574381493
      vertex -1.3880228059233346 11.4 3.082736669108072
    endloop
  endfacet
  facet normal 0 1 0
    outer loop
      vertex -2.9000000000000004 11.4 2.9
      vertex -1.3880228059233346 11.4 3.082736669108072
      vertex -1.4000000000000004 11.4 2.9
    endloop
  endfacet
  facet normal 0 1 0
    outer loop
      vertex -2.875190097984051 11.4 3.2785259574381493
      vertex -1.3522961568046963 11.4 3.262346663143529
      vertex -1.3880228059233346 11.4 3.082736669108072
    endloop
  endfacet
  facet normal 0 1 0
    outer loop
      vertex -2.875190097984051 11.4 3.2785259574381493
      vertex -2.801184896238299 11.4 3.65057523079731
      vertex -1.3522961568046963 11.4 3.262346663143529
    endloop
  endfacet
  facet normal 0 1 0
    outer loop
      vertex -2.801184896238299 11.4 3.65057523079731
      vertex -1.2934313455158009 11.4 3.4357568053111254
      vertex -1.3522961568046963 11.4 3.262346663143529
    endloop
  endfacet
  facet normal 0 1 0
    outer loop
      vertex -2.801184896238299 11.4 3.65057523079731
      vertex -1.2124355652982146 11.4 3.6
      vertex -1.2934313455158009 11.4 3.4357568053111254
    endloop
  endfacet
  facet normal 0 1 0
    outer loop
      vertex -2.801184896238299 11.4 3.65057523079731
      vertex -2.6792506442827317 11.4 4.00978195385876
      vertex -1.2124355652982146 11.4 3.6
    endloop
  endfacet
  facet normal 0 1 0
    outer loop
      vertex -2.6792506442827317 11.4 4.00978195385876
      vertex -2.511473670974871 11.4 4.35
      vertex -0.9899494936611664 11.4 3.8899494936611663
    endloop
  endfacet
  facet normal 0 1 0
    outer loop
      vertex -2.6792506442827317 11.4 4.00978195385876
      vertex -1.1106946764077286 11.4 3.752266000612209
      vertex -1.2124355652982146 11.4 3.6
    endloop
  endfacet
  facet normal 0 1 0
    outer loop
      vertex -2.6792506442827317 11.4 4.00978195385876
      vertex -0.9899494936611664 11.4 3.8899494936611663
      vertex -1.1106946764077286 11.4 3.752266000612209
    endloop
  endfacet
  facet normal 0 1 0
    outer loop
      vertex -2.511473670974871 11.4 4.35
      vertex -0.8522660006122091 11.4 4.010694676407729
      vertex -0.9899494936611664 11.4 3.8899494936611663
    endloop
  endfacet
  facet normal 0 1 0
    outer loop
      vertex -2.511473670974871 11.4 4.35
      vertex -0.6999999999999993 11.4 4.112435565298213
      vertex -0.8522660006122091 11.4 4.010694676407729
    endloop
  endfacet
  facet normal 0 1 0
    outer loop
      vertex -2.511473670974871 11.4 4.35
      vertex -0.5357568053111255 11.4 4.193431345515801
      vertex -0.6999999999999993 11.4 4.112435565298213
    endloop
  endfacet
  facet normal 0 1 0
    outer loop
      vertex -2.511473670974871 11.4 4.35
      vertex -0.36234666314352815 11.4 4.252296156804695
      vertex -0.5357568053111255 11.4 4.193431345515801
    endloop
  endfacet
  facet normal 0 1 0
    outer loop
      vertex -2.511473670974871 11.4 4.35
      vertex -0.1827366691080723 11.4 4.288022805923335
      vertex -0.36234666314352815 11.4 4.252296156804695
    endloop
  endfacet
  facet normal 0 1 0
    outer loop
      vertex -2.511473670974871 11.4 4.35
      vertex 0 11.4 4.3
      vertex -0.1827366691080723 11.4 4.288022805923335
    endloop
  endfacet
  facet normal 0 1 0
    outer loop
      vertex -2.511473670974871 11.4 4.35
      vertex 2.511473670974871 11.4 4.35
      vertex 0 11.4 4.3
    endloop
  endfacet
  facet normal 0 1 0
    outer loop
      vertex 2.6792506442827317 11.4 4.00978195385876
      vertex 0.8522660006122091 11.4 4.010694676407729
      vertex 0.6999999999999993 11.4 4.112435565298213
    endloop
  endfacet
  facet normal 0 1 0
    outer loop
      vertex 2.6792506442827317 11.4 4.00978195385876
      vertex 0.6999999999999993 11.4 4.112435565298213
      vertex 0.5357568053111255 11.4 4.193431345515801
    endloop
  endfacet
  facet normal 0 1 0
    outer loop
      vertex 2.511473670974871 11.4 4.35
      vertex 0.36234666314352815 11.4 4.252296156804695
      vertex 0.1827366691080723 11.4 4.288022805923335
    endloop
  endfacet
  facet normal 0 1 0
    outer loop
      vertex 2.511473670974871 11.4 4.35
      vertex 0.1827366691080723 11.4 4.288022805923335
      vertex 0 11.4 4.3
    endloop
  endfacet
  facet normal 0 1 0
    outer loop
      vertex 2.511473670974871 11.4 4.35
      vertex 0.5357568053111255 11.4 4.193431345515801
      vertex 0.36234666314352815 11.4 4.252296156804695
    endloop
  endfacet
  facet normal 0 1 0
    outer loop
      vertex -2.511473670974871 11.4 4.35
      vertex -2.300724686844582 11.4 4.66540814412529
      vertex 2.511473670974871 11.4 4.35
    endloop
  endfacet
  facet normal 0 1 0
    outer loop
      vertex -2.300724686844582 11.4 4.66540814412529
      vertex -2.0506096654409873 11.4 4.950609665440988
      vertex 2.300724686844582 11.4 4.66540814412529
    endloop
  endfacet
  facet normal 0 1 0
    outer loop
      vertex -2.0506096654409873 11.4 4.950609665440988
      vertex -1.7654081441252902 11.4 5.200724686844582
      vertex 2.0506096654409873 11.4 4.950609665440988
    endloop
  endfacet
  facet normal 0 1 0
    outer loop
      vertex -2.300724686844582 11.4 4.66540814412529
      vertex 2.300724686844582 11.4 4.66540814412529
      vertex 2.511473670974871 11.4 4.35
    endloop
  endfacet
  facet normal 0 1 0
    outer loop
      vertex -2.0506096654409873 11.4 4.950609665440988
      vertex 2.0506096654409873 11.4 4.950609665440988
      vertex 2.300724686844582 11.4 4.66540814412529
    endloop
  endfacet
  facet normal 0 1 0
    outer loop
      vertex -1.7654081441252902 11.4 5.200724686844582
      vertex -1.4499999999999993 11.4 5.411473670974871
      vertex 1.7654081441252902 11.4 5.200724686844582
    endloop
  endfacet
  facet normal 0 1 0
    outer loop
      vertex -1.4499999999999993 11.4 5.411473670974871
      vertex -1.1097819538587608 11.4 5.57925064428273
      vertex 1.4499999999999993 11.4 5.411473670974871
    endloop
  endfacet
  facet normal 0 1 0
    outer loop
      vertex -1.1097819538587608 11.4 5.57925064428273
      vertex -0.7505752307973097 11.4 5.701184896238297
      vertex 1.1097819538587608 11.4 5.57925064428273
    endloop
  endfacet
  facet normal 0 1 0
    outer loop
      vertex -0.7505752307973097 11.4 5.701184896238297
      vertex -0.3785259574381499 11.4 5.77519009798405
      vertex 0.7505752307973097 11.4 5.701184896238297
    endloop
  endfacet
  facet normal 0 1 0
    outer loop
      vertex -0.3785259574381499 11.4 5.77519009798405
      vertex 0 11.4 5.799999999999999
      vertex 0.3785259574381499 11.4 5.77519009798405
    endloop
  endfacet
  facet normal 0 1 0
    outer loop
      vertex -0.3785259574381499 11.4 5.77519009798405
      vertex 0.3785259574381499 11.4 5.77519009798405
      vertex 0.7505752307973097 11.4 5.701184896238297
    endloop
  endfacet
  facet normal 0 1 0
    outer loop
      vertex -1.7654081441252902 11.4 5.200724686844582
      vertex 1.7654081441252902 11.4 5.200724686844582
      vertex 2.0506096654409873 11.4 4.950609665440988
    endloop
  endfacet
  facet normal 0 1 0
    outer loop
      vertex -1.4499999999999993 11.4 5.411473670974871
      vertex 1.4499999999999993 11.4 5.411473670974871
      vertex 1.7654081441252902 11.4 5.200724686844582
    endloop
  endfacet
  facet normal 0 1 0
    outer loop
      vertex -1.1097819538587608 11.4 5.57925064428273
      vertex 1.1097819538587608 11.4 5.57925064428273
      vertex 1.4499999999999993 11.4 5.411473670974871
    endloop
  endfacet
  facet normal 0 1 0
    outer loop
      vertex -0.7505752307973097 11.4 5.701184896238297
      vertex 0.7505752307973097 11.4 5.701184896238297
      vertex 1.1097819538587608 11.4 5.57925064428273
    endloop
  endfacet
  facet normal 0.9978589232386036 0 0.06540312923014188
    outer loop
      vertex 2.9000000000000004 1.5 2.9
      vertex 2.875190097984051 11.4 3.2785259574381493
      vertex 2.875190097984051 1.5 3.2785259574381493
    endloop
  endfacet
  facet normal 0.9807852804032304 0 0.19509032201612833
    outer loop
      vertex 2.875190097984051 1.5 3.2785259574381493
      vertex 2.801184896238299 11.4 3.65057523079731
      vertex 2.801184896238299 1.5 3.65057523079731
    endloop
  endfacet
  facet normal 0.9469301294951009 0 0.3214394653031756
    outer loop
      vertex 2.6940023021156048 -1.5 3.9663249712235547
      vertex 2.6940023021156048 1.5 3.9663249712235547
      vertex 2.6792506442827317 11.4 4.00978195385876
    endloop
  endfacet
  facet normal 0.8968727415326867 0 0.44228869021900447
    outer loop
      vertex 2.511473670974871 -11.4 4.35
      vertex 2.6792506442827317 11.4 4.00978195385876
      vertex 2.511473670974871 11.4 4.35
    endloop
  endfacet
  facet normal 0.9469301294951058 7.146755138309645e-17 0.32143946530316125
    outer loop
      vertex 2.801184896238299 1.5 3.65057523079731
      vertex 2.6792506442827317 11.4 4.00978195385876
      vertex 2.6940023021156048 1.5 3.9663249712235547
    endloop
  endfacet
  facet normal 0.8314696123025468 0 0.5555702330196
    outer loop
      vertex 2.300724686844582 -11.4 4.66540814412529
      vertex 2.511473670974871 11.4 4.35
      vertex 2.300724686844582 11.4 4.66540814412529
    endloop
  endfacet
  facet normal 0.6593458151000706 0 0.7518398074789759
    outer loop
      vertex 2.0506096654409873 -11.4 4.950609665440988
      vertex 2.0506096654409873 11.4 4.950609665440988
      vertex 1.7654081441252902 11.4 5.200724686844582
    endloop
  endfacet
  facet normal 0.7518398074789769 0 0.6593458151000695
    outer loop
      vertex 2.0506096654409873 -11.4 4.950609665440988
      vertex 2.300724686844582 11.4 4.66540814412529
      vertex 2.0506096654409873 11.4 4.950609665440988
    endloop
  endfacet
  facet normal 0.5555702330195988 0 0.8314696123025476
    outer loop
      vertex 1.7654081441252902 -11.4 5.200724686844582
      vertex 1.7654081441252902 11.4 5.200724686844582
      vertex 1.4499999999999993 11.4 5.411473670974871
    endloop
  endfacet
  facet normal 0.9978589232386036 0 0.06540312923014188
    outer loop
      vertex 2.9000000000000004 1.5 2.9
      vertex 2.9000000000000004 11.4 2.9
      vertex 2.875190097984051 11.4 3.2785259574381493
    endloop
  endfacet
  facet normal 0.9807852804032304 0 0.19509032201612833
    outer loop
      vertex 2.875190097984051 1.5 3.2785259574381493
      vertex 2.875190097984051 11.4 3.2785259574381493
      vertex 2.801184896238299 11.4 3.65057523079731
    endloop
  endfacet
  facet normal 0.9469301294951051 0 0.32143946530316303
    outer loop
      vertex 2.801184896238299 1.5 3.65057523079731
      vertex 2.801184896238299 11.4 3.65057523079731
      vertex 2.6792506442827317 11.4 4.00978195385876
    endloop
  endfacet
  facet normal 0 1 0
    outer loop
      vertex 2.9000000000000004 11.4 2.9
      vertex 1.4000000000000004 11.4 2.9
      vertex 1.3880228059233346 11.4 3.082736669108072
    endloop
  endfacet
  facet normal 0 1 0
    outer loop
      vertex 2.875190097984051 11.4 3.2785259574381493
      vertex 1.3880228059233346 11.4 3.082736669108072
      vertex 1.3522961568046963 11.4 3.262346663143529
    endloop
  endfacet
  facet normal 0 1 0
    outer loop
      vertex 2.9000000000000004 11.4 2.9
      vertex 1.3880228059233346 11.4 3.082736669108072
      vertex 2.875190097984051 11.4 3.2785259574381493
    endloop
  endfacet
  facet normal 0 1 0
    outer loop
      vertex 2.875190097984051 11.4 3.2785259574381493
      vertex 1.3522961568046963 11.4 3.262346663143529
      vertex 1.2934313455158009 11.4 3.4357568053111254
    endloop
  endfacet
  facet normal 0 1 0
    outer loop
      vertex 2.801184896238299 11.4 3.65057523079731
      vertex 1.2934313455158009 11.4 3.4357568053111254
      vertex 1.2124355652982146 11.4 3.6
    endloop
  endfacet
  facet normal 0 1 0
    outer loop
      vertex 2.875190097984051 11.4 3.2785259574381493
      vertex 1.2934313455158009 11.4 3.4357568053111254
      vertex 2.801184896238299 11.4 3.65057523079731
    endloop
  endfacet
  facet normal 0 1 0
    outer loop
      vertex 2.801184896238299 11.4 3.65057523079731
      vertex 1.1106946764077286 11.4 3.752266000612209
      vertex 0.9899494936611664 11.4 3.8899494936611663
    endloop
  endfacet
  facet normal 0 1 0
    outer loop
      vertex 2.801184896238299 11.4 3.65057523079731
      vertex 1.2124355652982146 11.4 3.6
      vertex 1.1106946764077286 11.4 3.752266000612209
    endloop
  endfacet
  facet normal 0 1 0
    outer loop
      vertex 2.6792506442827317 11.4 4.00978195385876
      vertex 0.9899494936611664 11.4 3.8899494936611663
      vertex 0.8522660006122091 11.4 4.010694676407729
    endloop
  endfacet
  facet normal 0 1 0
    outer loop
      vertex 2.801184896238299 11.4 3.65057523079731
      vertex 0.9899494936611664 11.4 3.8899494936611663
      vertex 2.6792506442827317 11.4 4.00978195385876
    endloop
  endfacet
  facet normal 0 1 0
    outer loop
      vertex 2.6792506442827317 11.4 4.00978195385876
      vertex 0.5357568053111255 11.4 4.193431345515801
      vertex 2.511473670974871 11.4 4.35
    endloop
  endfacet
  facet normal 0.5555702330195992 0 0.8314696123025473
    outer loop
      vertex -0.8522660006122091 -11.4 1.7893053235922707
      vertex -0.6999999999999993 -11.4 1.687564434701786
      vertex -0.6999999999999993 11.4 1.687564434701786
    endloop
  endfacet
  facet normal 0.7518398074789794 0 0.6593458151000667
    outer loop
      vertex -1.1106946764077286 -11.4 2.047733999387791
      vertex -0.9899494936611664 -11.4 1.9100505063388333
      vertex -0.9899494936611664 11.4 1.9100505063388333
    endloop
  endfacet
  facet normal 0.6593458151000698 0 0.7518398074789765
    outer loop
      vertex -0.9899494936611664 -11.4 1.9100505063388333
      vertex -0.8522660006122091 -11.4 1.7893053235922707
      vertex -0.8522660006122091 11.4 1.7893053235922707
    endloop
  endfacet
  facet normal 0.8314696123025423 0 0.5555702330196065
    outer loop
      vertex -1.1106946764077286 -11.4 2.047733999387791
      vertex -1.1106946764077286 11.4 2.047733999387791
      vertex -1.2124355652982146 -11.4 2.2
    endloop
  endfacet
  facet normal 0.9469301294951037 0 0.3214394653031674
    outer loop
      vertex -1.2934313455158009 -11.4 2.364243194688874
      vertex -1.2934313455158009 11.4 2.364243194688874
      vertex -1.3522961568046963 -11.4 2.537653336856471
    endloop
  endfacet
  facet normal 0.8968727415326903 0 0.44228869021899747
    outer loop
      vertex -1.2124355652982146 -11.4 2.2
      vertex -1.2124355652982146 11.4 2.2
      vertex -1.2934313455158009 -11.4 2.364243194688874
    endloop
  endfacet
  facet normal 0.9807852804032312 0 0.19509032201612495
    outer loop
      vertex -1.3522961568046963 -11.4 2.537653336856471
      vertex -1.3522961568046963 11.4 2.537653336856471
      vertex -1.3880228059233346 -11.4 2.7172633308919276
    endloop
  endfacet
  facet normal 0.9978589232386034 0 0.06540312923014484
    outer loop
      vertex -1.3880228059233346 -11.4 2.7172633308919276
      vertex -1.3880228059233346 11.4 2.7172633308919276
      vertex -1.4000000000000004 -11.4 2.9
    endloop
  endfacet
  facet normal 0.1950903220161282 0 0.9807852804032304
    outer loop
      vertex -0.36234666314352815 -11.4 1.5477038431953043
      vertex -0.1827366691080723 -11.4 1.5119771940766655
      vertex -0.1827366691080723 11.4 1.5119771940766655
    endloop
  endfacet
  facet normal 0.3214394653031612 0 0.9469301294951057
    outer loop
      vertex -0.5357568053111255 -11.4 1.6065686544841986
      vertex -0.36234666314352815 -11.4 1.5477038431953043
      vertex -0.36234666314352815 11.4 1.5477038431953043
    endloop
  endfacet
  facet normal 0.4422886902190024 0 0.8968727415326879
    outer loop
      vertex -0.6999999999999993 -11.4 1.687564434701786
      vertex -0.5357568053111255 -11.4 1.6065686544841986
      vertex -0.5357568053111255 11.4 1.6065686544841986
    endloop
  endfacet
  facet normal 0.06540312923014362 0 0.9978589232386034
    outer loop
      vertex -0.1827366691080723 -11.4 1.5119771940766655
      vertex 0 -11.4 1.5
      vertex 0 11.4 1.5
    endloop
  endfacet
  facet normal -0.06540312923014362 0 0.9978589232386034
    outer loop
      vertex 0 -11.4 1.5
      vertex 0.1827366691080723 -11.4 1.5119771940766655
      vertex 0.1827366691080723 11.4 1.5119771940766655
    endloop
  endfacet
  facet normal -0.1950903220161282 0 0.9807852804032304
    outer loop
      vertex 0.1827366691080723 -11.4 1.5119771940766655
      vertex 0.36234666314352815 -11.4 1.5477038431953043
      vertex 0.36234666314352815 11.4 1.5477038431953043
    endloop
  endfacet
  facet normal -0.3214394653031612 0 0.9469301294951057
    outer loop
      vertex 0.36234666314352815 -11.4 1.5477038431953043
      vertex 0.5357568053111255 -11.4 1.6065686544841986
      vertex 0.5357568053111255 11.4 1.6065686544841986
    endloop
  endfacet
  facet normal -0.4422886902190024 0 0.8968727415326879
    outer loop
      vertex 0.5357568053111255 -11.4 1.6065686544841986
      vertex 0.6999999999999993 -11.4 1.687564434701786
      vertex 0.6999999999999993 11.4 1.687564434701786
    endloop
  endfacet
  facet normal -0.5555702330195992 0 0.8314696123025473
    outer loop
      vertex 0.6999999999999993 -11.4 1.687564434701786
      vertex 0.8522660006122091 -11.4 1.7893053235922707
      vertex 0.8522660006122091 11.4 1.7893053235922707
    endloop
  endfacet
  facet normal -0.6593458151000698 0 0.7518398074789765
    outer loop
      vertex 0.8522660006122091 -11.4 1.7893053235922707
      vertex 0.9899494936611664 -11.4 1.9100505063388333
      vertex 0.9899494936611664 11.4 1.9100505063388333
    endloop
  endfacet
  facet normal -0.7518398074789794 0 0.6593458151000667
    outer loop
      vertex 0.9899494936611664 -11.4 1.9100505063388333
      vertex 1.1106946764077286 -11.4 2.047733999387791
      vertex 1.1106946764077286 11.4 2.047733999387791
    endloop
  endfacet
  facet normal -0.8314696123025423 0 0.5555702330196065
    outer loop
      vertex 1.2124355652982146 -11.4 2.2
      vertex 1.2124355652982146 11.4 2.2
      vertex 1.1106946764077286 -11.4 2.047733999387791
    endloop
  endfacet
  facet normal -0.8968727415326903 0 0.44228869021899747
    outer loop
      vertex 1.2934313455158009 -11.4 2.364243194688874
      vertex 1.2934313455158009 11.4 2.364243194688874
      vertex 1.2124355652982146 -11.4 2.2
    endloop
  endfacet
  facet normal -0.9469301294951037 0 0.3214394653031674
    outer loop
      vertex 1.2934313455158009 -11.4 2.364243194688874
      vertex 1.3522961568046963 -11.4 2.537653336856471
      vertex 1.3522961568046963 11.4 2.537653336856471
    endloop
  endfacet
  facet normal -0.9807852804032312 0 0.19509032201612495
    outer loop
      vertex 1.3880228059233346 -11.4 2.7172633308919276
      vertex 1.3880228059233346 11.4 2.7172633308919276
      vertex 1.3522961568046963 -11.4 2.537653336856471
    endloop
  endfacet
  facet normal -0.9978589232386034 0 0.06540312923014484
    outer loop
      vertex 1.4000000000000004 -11.4 2.9
      vertex 1.4000000000000004 11.4 2.9
      vertex 1.3880228059233346 -11.4 2.7172633308919276
    endloop
  endfacet
  facet normal 0.9978589232386034 0 -0.06540312923014484
    outer loop
      vertex -1.4000000000000004 11.4 2.9
      vertex -1.3880228059233346 -11.4 3.082736669108072
      vertex -1.4000000000000004 -11.4 2.9
    endloop
  endfacet
  facet normal 0.9807852804032312 0 -0.19509032201612495
    outer loop
      vertex -1.3880228059233346 -11.4 3.082736669108072
      vertex -1.3880228059233346 11.4 3.082736669108072
      vertex -1.3522961568046963 -11.4 3.262346663143529
    endloop
  endfacet
  facet normal 0.9469301294951035 0 -0.32143946530316814
    outer loop
      vertex -1.2934313455158009 -11.4 3.4357568053111254
      vertex -1.3522961568046963 -11.4 3.262346663143529
      vertex -1.3522961568046963 11.4 3.262346663143529
    endloop
  endfacet
  facet normal 0.8968727415326911 0 -0.4422886902189955
    outer loop
      vertex -1.2934313455158009 -11.4 3.4357568053111254
      vertex -1.2934313455158009 11.4 3.4357568053111254
      vertex -1.2124355652982146 -11.4 3.6
    endloop
  endfacet
  facet normal 0.8314696123025423 0 -0.5555702330196065
    outer loop
      vertex -1.2124355652982146 -11.4 3.6
      vertex -1.2124355652982146 11.4 3.6
      vertex -1.1106946764077286 -11.4 3.752266000612209
    endloop
  endfacet
  facet normal 0.7518398074789776 0 -0.6593458151000684
    outer loop
      vertex -0.9899494936611664 -11.4 3.8899494936611663
      vertex -1.1106946764077286 -11.4 3.752266000612209
      vertex -1.1106946764077286 11.4 3.752266000612209
    endloop
  endfacet
  facet normal 0.6593458151000698 0 -0.7518398074789765
    outer loop
      vertex -0.9899494936611664 -11.4 3.8899494936611663
      vertex -0.9899494936611664 11.4 3.8899494936611663
      vertex -0.8522660006122091 -11.4 4.010694676407729
    endloop
  endfacet
  facet normal 0.5555702330195976 0 -0.8314696123025486
    outer loop
      vertex -0.6999999999999993 -11.4 4.112435565298213
      vertex -0.8522660006122091 -11.4 4.010694676407729
      vertex -0.8522660006122091 11.4 4.010694676407729
    endloop
  endfacet
  facet normal -0.9978589232386034 0 -0.06540312923014484
    outer loop
      vertex 1.3880228059233346 -11.4 3.082736669108072
      vertex 1.3880228059233346 11.4 3.082736669108072
      vertex 1.4000000000000004 -11.4 2.9
    endloop
  endfacet
  facet normal -0.9807852804032312 0 -0.19509032201612495
    outer loop
      vertex 1.3522961568046963 -11.4 3.262346663143529
      vertex 1.3522961568046963 11.4 3.262346663143529
      vertex 1.3880228059233346 -11.4 3.082736669108072
    endloop
  endfacet
  facet normal -0.9469301294951035 0 -0.32143946530316814
    outer loop
      vertex 1.2934313455158009 -11.4 3.4357568053111254
      vertex 1.2934313455158009 11.4 3.4357568053111254
      vertex 1.3522961568046963 -11.4 3.262346663143529
    endloop
  endfacet
  facet normal -0.8968727415326911 0 -0.4422886902189955
    outer loop
      vertex 1.2124355652982146 -11.4 3.6
      vertex 1.2124355652982146 11.4 3.6
      vertex 1.2934313455158009 -11.4 3.4357568053111254
    endloop
  endfacet
  facet normal 0.4422886902190053 0 -0.8968727415326864
    outer loop
      vertex -0.5357568053111255 -11.4 4.193431345515801
      vertex -0.6999999999999993 -11.4 4.112435565298213
      vertex -0.6999999999999993 11.4 4.112435565298213
    endloop
  endfacet
  facet normal 0.321439465303158 0 -0.9469301294951069
    outer loop
      vertex -0.36234666314352815 -11.4 4.252296156804695
      vertex -0.5357568053111255 -11.4 4.193431345515801
      vertex -0.5357568053111255 11.4 4.193431345515801
    endloop
  endfacet
  facet normal 0.19509032201613524 0 -0.9807852804032292
    outer loop
      vertex -0.1827366691080723 -11.4 4.288022805923335
      vertex -0.36234666314352815 -11.4 4.252296156804695
      vertex -0.36234666314352815 11.4 4.252296156804695
    endloop
  endfacet
  facet normal 0.06540312923014002 0 -0.9978589232386038
    outer loop
      vertex -0.1827366691080723 -11.4 4.288022805923335
      vertex -0.1827366691080723 11.4 4.288022805923335
      vertex 0 -11.4 4.3
    endloop
  endfacet
  facet normal -0.06540312923014002 0 -0.9978589232386038
    outer loop
      vertex 0 -11.4 4.3
      vertex 0 11.4 4.3
      vertex 0.1827366691080723 -11.4 4.288022805923335
    endloop
  endfacet
  facet normal -0.19509032201613524 0 -0.9807852804032292
    outer loop
      vertex 0.36234666314352815 -11.4 4.252296156804695
      vertex 0.1827366691080723 -11.4 4.288022805923335
      vertex 0.1827366691080723 11.4 4.288022805923335
    endloop
  endfacet
  facet normal -0.8314696123025423 0 -0.5555702330196065
    outer loop
      vertex 1.1106946764077286 -11.4 3.752266000612209
      vertex 1.1106946764077286 11.4 3.752266000612209
      vertex 1.2124355652982146 -11.4 3.6
    endloop
  endfacet
  facet normal -0.7518398074789776 0 -0.6593458151000684
    outer loop
      vertex 0.9899494936611664 -11.4 3.8899494936611663
      vertex 0.9899494936611664 11.4 3.8899494936611663
      vertex 1.1106946764077286 -11.4 3.752266000612209
    endloop
  endfacet
  facet normal -0.6593458151000698 0 -0.7518398074789765
    outer loop
      vertex 0.9899494936611664 -11.4 3.8899494936611663
      vertex 0.8522660006122091 -11.4 4.010694676407729
      vertex 0.8522660006122091 11.4 4.010694676407729
    endloop
  endfacet
  facet normal -0.4422886902190053 0 -0.8968727415326864
    outer loop
      vertex 0.6999999999999993 -11.4 4.112435565298213
      vertex 0.5357568053111255 -11.4 4.193431345515801
      vertex 0.5357568053111255 11.4 4.193431345515801
    endloop
  endfacet
  facet normal -0.5555702330195976 0 -0.8314696123025486
    outer loop
      vertex 0.8522660006122091 -11.4 4.010694676407729
      vertex 0.6999999999999993 -11.4 4.112435565298213
      vertex 0.6999999999999993 11.4 4.112435565298213
    endloop
  endfacet
  facet normal -0.321439465303158 0 -0.9469301294951069
    outer loop
      vertex 0.5357568053111255 -11.4 4.193431345515801
      vertex 0.36234666314352815 -11.4 4.252296156804695
      vertex 0.36234666314352815 11.4 4.252296156804695
    endloop
  endfacet
  facet normal 0.5555702330195992 0 0.8314696123025473
    outer loop
      vertex -0.8522660006122091 -11.4 1.7893053235922707
      vertex -0.6999999999999993 11.4 1.687564434701786
      vertex -0.8522660006122091 11.4 1.7893053235922707
    endloop
  endfacet
  facet normal 0.6593458151000698 0 0.7518398074789765
    outer loop
      vertex -0.9899494936611664 -11.4 1.9100505063388333
      vertex -0.8522660006122091 11.4 1.7893053235922707
      vertex -0.9899494936611664 11.4 1.9100505063388333
    endloop
  endfacet
  facet normal 0.7518398074789794 0 0.6593458151000667
    outer loop
      vertex -0.9899494936611664 11.4 1.9100505063388333
      vertex -1.1106946764077286 11.4 2.047733999387791
      vertex -1.1106946764077286 -11.4 2.047733999387791
    endloop
  endfacet
  facet normal 0.8314696123025423 0 0.5555702330196065
    outer loop
      vertex -1.2124355652982146 -11.4 2.2
      vertex -1.1106946764077286 11.4 2.047733999387791
      vertex -1.2124355652982146 11.4 2.2
    endloop
  endfacet
  facet normal 0.9469301294951037 0 0.3214394653031674
    outer loop
      vertex -1.2934313455158009 11.4 2.364243194688874
      vertex -1.3522961568046963 11.4 2.537653336856471
      vertex -1.3522961568046963 -11.4 2.537653336856471
    endloop
  endfacet
  facet normal 0.8968727415326903 0 0.44228869021899747
    outer loop
      vertex -1.2934313455158009 -11.4 2.364243194688874
      vertex -1.2124355652982146 11.4 2.2
      vertex -1.2934313455158009 11.4 2.364243194688874
    endloop
  endfacet
  facet normal 0.9807852804032312 0 0.19509032201612495
    outer loop
      vertex -1.3880228059233346 -11.4 2.7172633308919276
      vertex -1.3522961568046963 11.4 2.537653336856471
      vertex -1.3880228059233346 11.4 2.7172633308919276
    endloop
  endfacet
  facet normal 0.9978589232386034 0 0.06540312923014484
    outer loop
      vertex -1.4000000000000004 -11.4 2.9
      vertex -1.3880228059233346 11.4 2.7172633308919276
      vertex -1.4000000000000004 11.4 2.9
    endloop
  endfacet
  facet normal 0.3214394653031612 0 0.9469301294951057
    outer loop
      vertex -0.5357568053111255 -11.4 1.6065686544841986
      vertex -0.36234666314352815 11.4 1.5477038431953043
      vertex -0.5357568053111255 11.4 1.6065686544841986
    endloop
  endfacet
  facet normal 0.1950903220161282 0 0.9807852804032304
    outer loop
      vertex -0.36234666314352815 -11.4 1.5477038431953043
      vertex -0.1827366691080723 11.4 1.5119771940766655
      vertex -0.36234666314352815 11.4 1.5477038431953043
    endloop
  endfacet
  facet normal 0.4422886902190024 0 0.8968727415326879
    outer loop
      vertex -0.5357568053111255 11.4 1.6065686544841986
      vertex -0.6999999999999993 11.4 1.687564434701786
      vertex -0.6999999999999993 -11.4 1.687564434701786
    endloop
  endfacet
  facet normal 0.06540312923014362 0 0.9978589232386034
    outer loop
      vertex -0.1827366691080723 -11.4 1.5119771940766655
      vertex 0 11.4 1.5
      vertex -0.1827366691080723 11.4 1.5119771940766655
    endloop
  endfacet
  facet normal -0.06540312923014362 0 0.9978589232386034
    outer loop
      vertex 0 -11.4 1.5
      vertex 0.1827366691080723 11.4 1.5119771940766655
      vertex 0 11.4 1.5
    endloop
  endfacet
  facet normal -0.1950903220161282 0 0.9807852804032304
    outer loop
      vertex 0.1827366691080723 -11.4 1.5119771940766655
      vertex 0.36234666314352815 11.4 1.5477038431953043
      vertex 0.1827366691080723 11.4 1.5119771940766655
    endloop
  endfacet
  facet normal -0.3214394653031612 0 0.9469301294951057
    outer loop
      vertex 0.5357568053111255 11.4 1.6065686544841986
      vertex 0.36234666314352815 11.4 1.5477038431953043
      vertex 0.36234666314352815 -11.4 1.5477038431953043
    endloop
  endfacet
  facet normal -0.4422886902190024 0 0.8968727415326879
    outer loop
      vertex 0.5357568053111255 -11.4 1.6065686544841986
      vertex 0.6999999999999993 11.4 1.687564434701786
      vertex 0.5357568053111255 11.4 1.6065686544841986
    endloop
  endfacet
  facet normal -0.5555702330195992 0 0.8314696123025473
    outer loop
      vertex 0.6999999999999993 -11.4 1.687564434701786
      vertex 0.8522660006122091 11.4 1.7893053235922707
      vertex 0.6999999999999993 11.4 1.687564434701786
    endloop
  endfacet
  facet normal -0.6593458151000698 0 0.7518398074789765
    outer loop
      vertex 0.9899494936611664 11.4 1.9100505063388333
      vertex 0.8522660006122091 11.4 1.7893053235922707
      vertex 0.8522660006122091 -11.4 1.7893053235922707
    endloop
  endfacet
  facet normal -0.7518398074789794 0 0.6593458151000667
    outer loop
      vertex 0.9899494936611664 -11.4 1.9100505063388333
      vertex 1.1106946764077286 11.4 2.047733999387791
      vertex 0.9899494936611664 11.4 1.9100505063388333
    endloop
  endfacet
  facet normal -0.8314696123025423 0 0.5555702330196065
    outer loop
      vertex 1.1106946764077286 -11.4 2.047733999387791
      vertex 1.2124355652982146 11.4 2.2
      vertex 1.1106946764077286 11.4 2.047733999387791
    endloop
  endfacet
  facet normal -0.8968727415326903 0 0.44228869021899747
    outer loop
      vertex 1.2124355652982146 -11.4 2.2
      vertex 1.2934313455158009 11.4 2.364243194688874
      vertex 1.2124355652982146 11.4 2.2
    endloop
  endfacet
  facet normal -0.9469301294951037 0 0.3214394653031674
    outer loop
      vertex 1.2934313455158009 -11.4 2.364243194688874
      vertex 1.3522961568046963 11.4 2.537653336856471
      vertex 1.2934313455158009 11.4 2.364243194688874
    endloop
  endfacet
  facet normal -0.9807852804032312 0 0.19509032201612495
    outer loop
      vertex 1.3522961568046963 -11.4 2.537653336856471
      vertex 1.3880228059233346 11.4 2.7172633308919276
      vertex 1.3522961568046963 11.4 2.537653336856471
    endloop
  endfacet
  facet normal -0.9978589232386034 0 0.06540312923014484
    outer loop
      vertex 1.3880228059233346 -11.4 2.7172633308919276
      vertex 1.4000000000000004 11.4 2.9
      vertex 1.3880228059233346 11.4 2.7172633308919276
    endloop
  endfacet
  facet normal 0.9978589232386034 0 -0.06540312923014484
    outer loop
      vertex -1.3880228059233346 -11.4 3.082736669108072
      vertex -1.4000000000000004 11.4 2.9
      vertex -1.3880228059233346 11.4 3.082736669108072
    endloop
  endfacet
  facet normal 0.9807852804032312 0 -0.19509032201612495
    outer loop
      vertex -1.3522961568046963 -11.4 3.262346663143529
      vertex -1.3880228059233346 11.4 3.082736669108072
      vertex -1.3522961568046963 11.4 3.262346663143529
    endloop
  endfacet
  facet normal 0.9469301294951035 0 -0.32143946530316814
    outer loop
      vertex -1.2934313455158009 -11.4 3.4357568053111254
      vertex -1.3522961568046963 11.4 3.262346663143529
      vertex -1.2934313455158009 11.4 3.4357568053111254
    endloop
  endfacet
  facet normal 0.8968727415326911 0 -0.4422886902189955
    outer loop
      vertex -1.2124355652982146 -11.4 3.6
      vertex -1.2934313455158009 11.4 3.4357568053111254
      vertex -1.2124355652982146 11.4 3.6
    endloop
  endfacet
  facet normal 0.8314696123025423 0 -0.5555702330196065
    outer loop
      vertex -1.1106946764077286 -11.4 3.752266000612209
      vertex -1.2124355652982146 11.4 3.6
      vertex -1.1106946764077286 11.4 3.752266000612209
    endloop
  endfacet
  facet normal 0.7518398074789776 0 -0.6593458151000684
    outer loop
      vertex -0.9899494936611664 -11.4 3.8899494936611663
      vertex -1.1106946764077286 11.4 3.752266000612209
      vertex -0.9899494936611664 11.4 3.8899494936611663
    endloop
  endfacet
  facet normal 0.6593458151000698 0 -0.7518398074789765
    outer loop
      vertex -0.9899494936611664 11.4 3.8899494936611663
      vertex -0.8522660006122091 11.4 4.010694676407729
      vertex -0.8522660006122091 -11.4 4.010694676407729
    endloop
  endfacet
  facet normal 0.5555702330195976 0 -0.8314696123025486
    outer loop
      vertex -0.6999999999999993 -11.4 4.112435565298213
      vertex -0.8522660006122091 11.4 4.010694676407729
      vertex -0.6999999999999993 11.4 4.112435565298213
    endloop
  endfacet
  facet normal -0.9978589232386034 0 -0.06540312923014484
    outer loop
      vertex 1.4000000000000004 -11.4 2.9
      vertex 1.3880228059233346 11.4 3.082736669108072
      vertex 1.4000000000000004 11.4 2.9
    endloop
  endfacet
  facet normal -0.9807852804032312 0 -0.19509032201612495
    outer loop
      vertex 1.3880228059233346 -11.4 3.082736669108072
      vertex 1.3522961568046963 11.4 3.262346663143529
      vertex 1.3880228059233346 11.4 3.082736669108072
    endloop
  endfacet
  facet normal -0.9469301294951035 0 -0.32143946530316814
    outer loop
      vertex 1.2934313455158009 11.4 3.4357568053111254
      vertex 1.3522961568046963 11.4 3.262346663143529
      vertex 1.3522961568046963 -11.4 3.262346663143529
    endloop
  endfacet
  facet normal -0.8968727415326911 0 -0.4422886902189955
    outer loop
      vertex 1.2934313455158009 -11.4 3.4357568053111254
      vertex 1.2124355652982146 11.4 3.6
      vertex 1.2934313455158009 11.4 3.4357568053111254
    endloop
  endfacet
  facet normal 0.4422886902190053 0 -0.8968727415326864
    outer loop
      vertex -0.5357568053111255 -11.4 4.193431345515801
      vertex -0.6999999999999993 11.4 4.112435565298213
      vertex -0.5357568053111255 11.4 4.193431345515801
    endloop
  endfacet
  facet normal 0.321439465303158 0 -0.9469301294951069
    outer loop
      vertex -0.5357568053111255 11.4 4.193431345515801
      vertex -0.36234666314352815 11.4 4.252296156804695
      vertex -0.36234666314352815 -11.4 4.252296156804695
    endloop
  endfacet
  facet normal 0.19509032201613524 0 -0.9807852804032292
    outer loop
      vertex -0.1827366691080723 -11.4 4.288022805923335
      vertex -0.36234666314352815 11.4 4.252296156804695
      vertex -0.1827366691080723 11.4 4.288022805923335
    endloop
  endfacet
  facet normal 0.06540312923014002 0 -0.9978589232386038
    outer loop
      vertex 0 -11.4 4.3
      vertex -0.1827366691080723 11.4 4.288022805923335
      vertex 0 11.4 4.3
    endloop
  endfacet
  facet normal -0.06540312923014002 0 -0.9978589232386038
    outer loop
      vertex 0.1827366691080723 -11.4 4.288022805923335
      vertex 0 11.4 4.3
      vertex 0.1827366691080723 11.4 4.288022805923335
    endloop
  endfacet
  facet normal -0.19509032201613524 0 -0.9807852804032292
    outer loop
      vertex 0.36234666314352815 -11.4 4.252296156804695
      vertex 0.1827366691080723 11.4 4.288022805923335
      vertex 0.36234666314352815 11.4 4.252296156804695
    endloop
  endfacet
  facet normal -0.7518398074789776 0 -0.6593458151000684
    outer loop
      vertex 0.9899494936611664 11.4 3.8899494936611663
      vertex 1.1106946764077286 11.4 3.752266000612209
      vertex 1.1106946764077286 -11.4 3.752266000612209
    endloop
  endfacet
  facet normal -0.8314696123025423 0 -0.5555702330196065
    outer loop
      vertex 1.2124355652982146 -11.4 3.6
      vertex 1.1106946764077286 11.4 3.752266000612209
      vertex 1.2124355652982146 11.4 3.6
    endloop
  endfacet
  facet normal -0.6593458151000698 0 -0.7518398074789765
    outer loop
      vertex 0.9899494936611664 -11.4 3.8899494936611663
      vertex 0.8522660006122091 11.4 4.010694676407729
      vertex 0.9899494936611664 11.4 3.8899494936611663
    endloop
  endfacet
  facet normal -0.5555702330195976 0 -0.8314696123025486
    outer loop
      vertex 0.8522660006122091 -11.4 4.010694676407729
      vertex 0.6999999999999993 11.4 4.112435565298213
      vertex 0.8522660006122091 11.4 4.010694676407729
    endloop
  endfacet
  facet normal -0.4422886902190053 0 -0.8968727415326864
    outer loop
      vertex 0.5357568053111255 11.4 4.193431345515801
      vertex 0.6999999999999993 11.4 4.112435565298213
      vertex 0.6999999999999993 -11.4 4.112435565298213
    endloop
  endfacet
  facet normal -0.321439465303158 0 -0.9469301294951069
    outer loop
      vertex 0.5357568053111255 -11.4 4.193431345515801
      vertex 0.36234666314352815 11.4 4.252296156804695
      vertex 0.5357568053111255 11.4 4.193431345515801
    endloop
  endfacet
endsolid OpenSCAD_Model
