solid OpenSCAD_Model
  facet normal 0.7002145072825522 -0.3966396567602812 -0.5936131960091007
    outer loop
      vertex -0.1348243101579638 -18.32008601895345 0.3893760262725307
      vertex -0.1348243101579638 -18.46427798335484 0.4857220166451592
      vertex -0.3555438135843183 -18.404551716114565 0.18545779463086698
    endloop
  endfacet
  facet normal 0.7002145072825532 -0.13928132531715323 -0.7002145072825532
    outer loop
      vertex -0.1348243101579638 -18.32008601895345 0.3893760262725307
      vertex -0.3555438135843183 -18.15 0.1348243101579638
      vertex -0.1348243101579638 -18.15 0.3555438135843183
    endloop
  endfacet
  facet normal 0.376380677078603 -0.5147164328119467 -0.7703275794849858
    outer loop
      vertex -0.3555438135843183 -18.404551716114565 0.18545779463086698
      vertex -0.3555438135843183 -18.620350240967742 0.3296497590322565
      vertex -0.6439277423870975 -18.45026422201429 0.07509804291768973
    endloop
  endfacet
  facet normal 0.3763806770786028 -0.18074437515937458 -0.9086633352183303
    outer loop
      vertex -0.3555438135843183 -18.404551716114565 0.18545779463086698
      vertex -0.6439277423870975 -18.45026422201429 0.07509804291768973
      vertex -0.3555438135843183 -18.15 0.1348243101579638
    endloop
  endfacet
  facet normal 0.7002145072825521 -0.3966396567602815 -0.5936131960091007
    outer loop
      vertex -0.3555438135843183 -18.404551716114565 0.18545779463086698
      vertex -0.1348243101579638 -18.46427798335484 0.4857220166451592
      vertex -0.3555438135843183 -18.620350240967742 0.3296497590322565
    endloop
  endfacet
  facet normal 0.3763806770786002 -0.7703275794849854 -0.5147164328119493
    outer loop
      vertex -0.3555438135843183 -18.620350240967742 0.3296497590322565
      vertex -0.3555438135843183 -18.764542205369132 0.5454482838854333
      vertex -0.6439277423870975 -18.704815938128856 0.24518406187114095
    endloop
  endfacet
  facet normal 0.7002145072825527 -0.13928132531715398 -0.7002145072825533
    outer loop
      vertex -0.1348243101579638 -18.32008601895345 0.3893760262725307
      vertex -0.3555438135843183 -18.404551716114565 0.18545779463086698
      vertex -0.3555438135843183 -18.15 0.1348243101579638
    endloop
  endfacet
  facet normal 0.7071067811865476 0 -0.7071067811865476
    outer loop
      vertex -0.1348243101579638 -18.15 0.3555438135843183
      vertex -0.3555438135843183 -16.15 0.1348243101579638
      vertex -0.1348243101579638 -16.15 0.3555438135843183
    endloop
  endfacet
  facet normal 0.7071067811865476 0 -0.7071067811865476
    outer loop
      vertex -0.1348243101579638 -18.15 0.3555438135843183
      vertex -0.3555438135843183 -18.15 0.1348243101579638
      vertex -0.3555438135843183 -16.15 0.1348243101579638
    endloop
  endfacet
  facet normal 0.38268343236508967 0 -0.9238795325112867
    outer loop
      vertex -0.3555438135843183 -18.15 0.1348243101579638
      vertex -0.6439277423870975 -18.15 0.015371775677415656
      vertex -0.3555438135843183 -16.15 0.1348243101579638
    endloop
  endfacet
  facet normal 0.9212144791753938 -0.323487506541605 -0.21614744150487428
    outer loop
      vertex -0.1348243101579638 -18.46427798335484 0.4857220166451592
      vertex -0.015371775677415656 -18.29419196440139 0.740273732759726
      vertex -0.1348243101579638 -18.560623973727466 0.6299139810465488
    endloop
  endfacet
  facet normal 0.7002145072825566 -0.5936131960091012 -0.39663965676027263
    outer loop
      vertex -0.1348243101579638 -18.46427798335484 0.4857220166451592
      vertex -0.1348243101579638 -18.560623973727466 0.6299139810465488
      vertex -0.3555438135843183 -18.764542205369132 0.5454482838854333
    endloop
  endfacet
  facet normal 0.700214507282557 -0.7002145072825483 -0.13928132531715925
    outer loop
      vertex -0.1348243101579638 -18.560623973727466 0.6299139810465488
      vertex -0.1348243101579638 -18.59445618641568 0.8
      vertex -0.3555438135843183 -18.764542205369132 0.5454482838854333
    endloop
  endfacet
  facet normal 0.9212144791753945 -0.07590088788047034 -0.3815795311289154
    outer loop
      vertex -0.1348243101579638 -18.15 0.3555438135843183
      vertex -0.015371775677415656 -18.15 0.6439277423870975
      vertex -0.015371775677415656 -18.209726267240274 0.6558080355986105
    endloop
  endfacet
  facet normal 0.9212144791753942 -0.07590088788047245 -0.3815795311289158
    outer loop
      vertex -0.1348243101579638 -18.32008601895345 0.3893760262725307
      vertex -0.1348243101579638 -18.15 0.3555438135843183
      vertex -0.015371775677415656 -18.209726267240274 0.6558080355986105
    endloop
  endfacet
  facet normal 0.921214479175394 -0.2161474415048773 -0.3234875065416023
    outer loop
      vertex -0.1348243101579638 -18.32008601895345 0.3893760262725307
      vertex -0.015371775677415656 -18.209726267240274 0.6558080355986105
      vertex -0.1348243101579638 -18.46427798335484 0.4857220166451592
    endloop
  endfacet
  facet normal 0.9212144791753956 -0.21614744150488394 -0.3234875065415938
    outer loop
      vertex -0.1348243101579638 -18.46427798335484 0.4857220166451592
      vertex -0.015371775677415656 -18.209726267240274 0.6558080355986105
      vertex -0.015371775677415656 -18.260359751713175 0.6896402482868228
    endloop
  endfacet
  facet normal 0.9212144791753957 -0.3234875065415937 -0.2161474415048827
    outer loop
      vertex -0.1348243101579638 -18.46427798335484 0.4857220166451592
      vertex -0.015371775677415656 -18.260359751713175 0.6896402482868228
      vertex -0.015371775677415656 -18.29419196440139 0.740273732759726
    endloop
  endfacet
  facet normal 0.9212144791753936 -0.3815795311289165 -0.0759008878804764
    outer loop
      vertex -0.1348243101579638 -18.560623973727466 0.6299139810465488
      vertex -0.015371775677415656 -18.29419196440139 0.740273732759726
      vertex -0.1348243101579638 -18.59445618641568 0.8
    endloop
  endfacet
  facet normal 0.9212144791753953 -0.38157953112891463 -0.07590088788046326
    outer loop
      vertex -0.1348243101579638 -18.59445618641568 0.8
      vertex -0.015371775677415656 -18.29419196440139 0.740273732759726
      vertex -0.015371775677415656 -18.3060722576129 0.8
    endloop
  endfacet
  facet normal 0.7002145072825519 -0.5936131960090999 -0.3966396567602833
    outer loop
      vertex -0.3555438135843183 -18.620350240967742 0.3296497590322565
      vertex -0.1348243101579638 -18.46427798335484 0.4857220166451592
      vertex -0.3555438135843183 -18.764542205369132 0.5454482838854333
    endloop
  endfacet
  facet normal 0.7002145072825546 -0.7002145072825511 -0.13928132531715534
    outer loop
      vertex -0.1348243101579638 -18.59445618641568 0.8
      vertex -0.3555438135843183 -18.815175689842036 0.8
      vertex -0.3555438135843183 -18.764542205369132 0.5454482838854333
    endloop
  endfacet
  facet normal 0.3763806770786011 -0.9086633352183305 -0.1807443751593769
    outer loop
      vertex -0.3555438135843183 -18.764542205369132 0.5454482838854333
      vertex -0.3555438135843183 -18.815175689842036 0.8
      vertex -0.6439277423870975 -18.934628224322584 0.8
    endloop
  endfacet
  facet normal 0.9238795325112867 0 -0.38268343236508967
    outer loop
      vertex -0.1348243101579638 -18.15 0.3555438135843183
      vertex -0.015371775677415656 -16.15 0.6439277423870975
      vertex -0.015371775677415656 -18.15 0.6439277423870975
    endloop
  endfacet
  facet normal 0.9238795325112867 0 -0.38268343236508967
    outer loop
      vertex -0.1348243101579638 -18.15 0.3555438135843183
      vertex -0.1348243101579638 -16.15 0.3555438135843183
      vertex -0.015371775677415656 -16.15 0.6439277423870975
    endloop
  endfacet
  facet normal 0.3763806770786011 -0.514716432811949 -0.7703275794849852
    outer loop
      vertex -0.3555438135843183 -18.620350240967742 0.3296497590322565
      vertex -0.6439277423870975 -18.704815938128856 0.24518406187114095
      vertex -0.6439277423870975 -18.45026422201429 0.07509804291768973
    endloop
  endfacet
  facet normal 0.3763806770786025 -0.18074437515937417 -0.9086633352183306
    outer loop
      vertex -0.3555438135843183 -18.15 0.1348243101579638
      vertex -0.6439277423870975 -18.45026422201429 0.07509804291768973
      vertex -0.6439277423870975 -18.15 0.015371775677415656
    endloop
  endfacet
  facet normal 0.3763806770785999 -0.7703275794849858 -0.5147164328119491
    outer loop
      vertex -0.3555438135843183 -18.764542205369132 0.5454482838854333
      vertex -0.6439277423870975 -18.874901957082308 0.49973577798570784
      vertex -0.6439277423870975 -18.704815938128856 0.24518406187114095
    endloop
  endfacet
  facet normal 0.38268343236508967 0 -0.9238795325112867
    outer loop
      vertex -0.6439277423870975 -18.15 0.015371775677415656
      vertex -0.6439277423870975 -16.15 0.015371775677415656
      vertex -0.3555438135843183 -16.15 0.1348243101579638
    endloop
  endfacet
  facet normal 0.3763806770785997 -0.9086633352183308 -0.1807443751593786
    outer loop
      vertex -0.3555438135843183 -18.764542205369132 0.5454482838854333
      vertex -0.6439277423870975 -18.934628224322584 0.8
      vertex -0.6439277423870975 -18.874901957082308 0.49973577798570784
    endloop
  endfacet
  facet normal 0 -1 0
    outer loop
      vertex -0.6439277423870975 -18.934628224322584 0.8
      vertex -1.5166019611491195 -18.934628224322584 2.3123355547812947
      vertex -1.6373355547812949 -18.934628224322584 2.075382535551398
    endloop
  endfacet
  facet normal 0 -1 0
    outer loop
      vertex -0.6439277423870975 -18.934628224322584 0.8
      vertex -1.6373355547812949 -18.934628224322584 2.075382535551398
      vertex -1.825382535551398 -18.934628224322584 1.8873355547812949
    endloop
  endfacet
  facet normal 0 -1 0
    outer loop
      vertex -0.6439277423870975 -18.934628224322584 0.8
      vertex -1.825382535551398 -18.934628224322584 1.8873355547812949
      vertex -2.0623355547812947 -18.934628224322584 1.7666019611491195
    endloop
  endfacet
  facet normal 1 0 0
    outer loop
      vertex -0.015371775677415656 -18.209726267240274 0.6558080355986105
      vertex -0.015371775677415656 -18.15 0.6439277423870975
      vertex -0.015371775677415656 -16.15 5.15
    endloop
  endfacet
  facet normal 1 0 0
    outer loop
      vertex -0.015371775677415656 -18.209726267240274 0.6558080355986105
      vertex -0.015371775677415656 -16.15 5.15
      vertex -0.015371775677415656 -18.260359751713175 0.6896402482868228
    endloop
  endfacet
  facet normal 1 0 0
    outer loop
      vertex -0.015371775677415656 -18.15 0.6439277423870975
      vertex -0.015371775677415656 -16.15 0.6439277423870975
      vertex -0.015371775677415656 -16.15 5.15
    endloop
  endfacet
  facet normal 1 0 0
    outer loop
      vertex -0.015371775677415656 -18.260359751713175 0.6896402482868228
      vertex -0.015371775677415656 -16.15 5.15
      vertex -0.015371775677415656 -18.29419196440139 0.740273732759726
    endloop
  endfacet
  facet normal 1 0 0
    outer loop
      vertex -0.015371775677415656 -18.29419196440139 0.740273732759726
      vertex -0.015371775677415656 -16.15 5.15
      vertex -0.015371775677415656 -18.3060722576129 0.8
    endloop
  endfacet
  facet normal 0.9238795325112872 -0.38268343236508867 0
    outer loop
      vertex -0.1348243101579638 -18.59445618641568 0.8
      vertex -0.015371775677415656 -18.3060722576129 0.8
      vertex -0.015371775677415656 -18.3060722576129 7.15
    endloop
  endfacet
  facet normal 0.7071067811865492 -0.7071067811865457 0
    outer loop
      vertex -0.1348243101579638 -18.59445618641568 0.8
      vertex -0.3555438135843183 -18.815175689842036 7.15
      vertex -0.3555438135843183 -18.815175689842036 0.8
    endloop
  endfacet
  facet normal 0.38268343236508856 -0.9238795325112873 0
    outer loop
      vertex -0.3555438135843183 -18.815175689842036 0.8
      vertex -0.6439277423870975 -18.934628224322584 7.15
      vertex -0.6439277423870975 -18.934628224322584 0.8
    endloop
  endfacet
  facet normal 0 -1 0
    outer loop
      vertex -0.6439277423870975 -18.934628224322584 0.8
      vertex -1.475 -18.934628224322584 2.575
      vertex -1.5166019611491195 -18.934628224322584 2.3123355547812947
    endloop
  endfacet
  facet normal 0 -0.5555702330196032 -0.8314696123025446
    outer loop
      vertex -0.6439277423870975 -18.45026422201429 0.07509804291768973
      vertex -0.6439277423870975 -18.704815938128856 0.24518406187114095
      vertex -4.493927742387098 -18.45026422201429 0.07509804291768973
    endloop
  endfacet
  facet normal 0 -0.19509032201612855 -0.9807852804032303
    outer loop
      vertex -0.6439277423870975 -18.45026422201429 0.07509804291768973
      vertex -4.493927742387098 -18.15 0.015371775677415656
      vertex -0.6439277423870975 -18.15 0.015371775677415656
    endloop
  endfacet
  facet normal 0 -0.8314696123025448 -0.555570233019603
    outer loop
      vertex -0.6439277423870975 -18.704815938128856 0.24518406187114095
      vertex -0.6439277423870975 -18.874901957082308 0.49973577798570784
      vertex -4.493927742387098 -18.704815938128856 0.24518406187114095
    endloop
  endfacet
  facet normal 0 0 -1
    outer loop
      vertex -0.6439277423870975 -18.15 0.015371775677415656
      vertex -4.493927742387098 -18.15 0.015371775677415656
      vertex -0.6439277423870975 -16.15 0.015371775677415656
    endloop
  endfacet
  facet normal 0 -0.9807852804032294 -0.1950903220161331
    outer loop
      vertex -0.6439277423870975 -18.874901957082308 0.49973577798570784
      vertex -0.6439277423870975 -18.934628224322584 0.8
      vertex -4.493927742387098 -18.874901957082308 0.49973577798570784
    endloop
  endfacet
  facet normal 0 -1 0
    outer loop
      vertex -0.6439277423870975 -18.934628224322584 0.8
      vertex -2.0623355547812947 -18.934628224322584 1.7666019611491195
      vertex -4.493927742387098 -18.934628224322584 0.8
    endloop
  endfacet
  facet normal 0 -0.19509032201612855 -0.9807852804032303
    outer loop
      vertex -0.6439277423870975 -18.45026422201429 0.07509804291768973
      vertex -4.493927742387098 -18.45026422201429 0.07509804291768973
      vertex -4.493927742387098 -18.15 0.015371775677415656
    endloop
  endfacet
  facet normal 0 -0.5555702330196032 -0.8314696123025446
    outer loop
      vertex -0.6439277423870975 -18.704815938128856 0.24518406187114095
      vertex -4.493927742387098 -18.704815938128856 0.24518406187114095
      vertex -4.493927742387098 -18.45026422201429 0.07509804291768973
    endloop
  endfacet
  facet normal 0 -0.8314696123025448 -0.555570233019603
    outer loop
      vertex -0.6439277423870975 -18.874901957082308 0.49973577798570784
      vertex -4.493927742387098 -18.874901957082308 0.49973577798570784
      vertex -4.493927742387098 -18.704815938128856 0.24518406187114095
    endloop
  endfacet
  facet normal 0 -0.9807852804032294 -0.1950903220161331
    outer loop
      vertex -0.6439277423870975 -18.934628224322584 0.8
      vertex -4.493927742387098 -18.934628224322584 0.8
      vertex -4.493927742387098 -18.874901957082308 0.49973577798570784
    endloop
  endfacet
  facet normal 0 -1 0
    outer loop
      vertex -4.493927742387098 -18.934628224322584 0.8
      vertex -2.0623355547812947 -18.934628224322584 1.7666019611491195
      vertex -2.325 -18.934628224322584 1.725
    endloop
  endfacet
  facet normal 0 -1 0
    outer loop
      vertex -4.493927742387098 -18.934628224322584 0.8
      vertex -2.325 -18.934628224322584 1.725
      vertex -2.5876644452187056 -18.934628224322584 1.7666019611491195
    endloop
  endfacet
  facet normal 0 -1 0
    outer loop
      vertex -4.493927742387098 -18.934628224322584 0.8
      vertex -2.5876644452187056 -18.934628224322584 1.7666019611491195
      vertex -2.824617464448602 -18.934628224322584 1.8873355547812949
    endloop
  endfacet
  facet normal 0 -1 0
    outer loop
      vertex -4.493927742387098 -18.934628224322584 0.8
      vertex -2.824617464448602 -18.934628224322584 1.8873355547812949
      vertex -3.0126644452187055 -18.934628224322584 2.075382535551398
    endloop
  endfacet
  facet normal 0 -1 0
    outer loop
      vertex -4.493927742387098 -18.934628224322584 0.8
      vertex -3.0126644452187055 -18.934628224322584 2.075382535551398
      vertex -3.133398038850881 -18.934628224322584 2.3123355547812947
    endloop
  endfacet
  facet normal 0 -1 0
    outer loop
      vertex -4.493927742387098 -18.934628224322584 0.8
      vertex -3.133398038850881 -18.934628224322584 2.3123355547812947
      vertex -3.1750000000000003 -18.934628224322584 2.575
    endloop
  endfacet
  facet normal 0 -1 0
    outer loop
      vertex -4.493927742387098 -18.934628224322584 0.8
      vertex -3.1750000000000003 -18.934628224322584 2.575
      vertex -3.133398038850881 -18.934628224322584 2.8376644452187056
    endloop
  endfacet
  facet normal 0 -1 0
    outer loop
      vertex -4.493927742387098 -18.934628224322584 0.8
      vertex -3.133398038850881 -18.934628224322584 2.8376644452187056
      vertex -3.0126644452187055 -18.934628224322584 3.074617464448602
    endloop
  endfacet
  facet normal 0 -1 0
    outer loop
      vertex -0.6439277423870975 -18.934628224322584 0.8
      vertex -0.6439277423870975 -18.934628224322584 7.15
      vertex -1.475 -18.934628224322584 2.575
    endloop
  endfacet
  facet normal 1 0 0
    outer loop
      vertex -0.015371775677415656 -18.3060722576129 0.8
      vertex -0.015371775677415656 -16.15 5.15
      vertex -0.015371775677415656 -18.3060722576129 7.15
    endloop
  endfacet
  facet normal 0.9238795325112872 -0.38268343236508867 0
    outer loop
      vertex -0.1348243101579638 -18.59445618641568 0.8
      vertex -0.015371775677415656 -18.3060722576129 7.15
      vertex -0.1348243101579638 -18.59445618641568 7.15
    endloop
  endfacet
  facet normal 0.7071067811865492 -0.7071067811865457 0
    outer loop
      vertex -0.1348243101579638 -18.59445618641568 0.8
      vertex -0.1348243101579638 -18.59445618641568 7.15
      vertex -0.3555438135843183 -18.815175689842036 7.15
    endloop
  endfacet
  facet normal 0.38268343236508856 -0.9238795325112873 0
    outer loop
      vertex -0.3555438135843183 -18.815175689842036 0.8
      vertex -0.3555438135843183 -18.815175689842036 7.15
      vertex -0.6439277423870975 -18.934628224322584 7.15
    endloop
  endfacet
  facet normal 0 -1 0
    outer loop
      vertex -0.6439277423870975 -18.934628224322584 7.15
      vertex -1.5166019611491195 -18.934628224322584 2.8376644452187056
      vertex -1.475 -18.934628224322584 2.575
    endloop
  endfacet
  facet normal 0 -1 0
    outer loop
      vertex -0.6439277423870975 -18.934628224322584 7.15
      vertex -1.6373355547812949 -18.934628224322584 3.074617464448602
      vertex -1.5166019611491195 -18.934628224322584 2.8376644452187056
    endloop
  endfacet
  facet normal 0 -1 0
    outer loop
      vertex -0.6439277423870975 -18.934628224322584 7.15
      vertex -1.825382535551398 -18.934628224322584 3.2626644452187055
      vertex -1.6373355547812949 -18.934628224322584 3.074617464448602
    endloop
  endfacet
  facet normal 0 -1 0
    outer loop
      vertex -0.6439277423870975 -18.934628224322584 7.15
      vertex -2.0623355547812947 -18.934628224322584 3.383398038850881
      vertex -1.825382535551398 -18.934628224322584 3.2626644452187055
    endloop
  endfacet
  facet normal 0 -1 0
    outer loop
      vertex -0.6439277423870975 -18.934628224322584 7.15
      vertex -2.325 -18.934628224322584 3.4250000000000003
      vertex -2.0623355547812947 -18.934628224322584 3.383398038850881
    endloop
  endfacet
  facet normal 0 -1 0
    outer loop
      vertex -0.6439277423870975 -18.934628224322584 7.15
      vertex -2.5876644452187056 -18.934628224322584 3.383398038850881
      vertex -2.325 -18.934628224322584 3.4250000000000003
    endloop
  endfacet
  facet normal 1 0 0
    outer loop
      vertex -0.015371775677415656 -18.3060722576129 7.15
      vertex -0.015371775677415656 -16.15 5.15
      vertex -0.015371775677415656 -18.29419196440139 7.209726267240274
    endloop
  endfacet
  facet normal 1 0 0
    outer loop
      vertex -0.015371775677415656 -18.29419196440139 7.209726267240274
      vertex -0.015371775677415656 -16.15 5.15
      vertex -0.015371775677415656 -18.260359751713175 7.260359751713177
    endloop
  endfacet
  facet normal 1 0 0
    outer loop
      vertex -0.015371775677415656 -18.260359751713175 7.260359751713177
      vertex -0.015371775677415656 -16.15 5.15
      vertex -0.015371775677415656 -18.209726267240274 7.2941919644013895
    endloop
  endfacet
  facet normal 1 0 0
    outer loop
      vertex -0.015371775677415656 -18.209726267240274 7.2941919644013895
      vertex -0.015371775677415656 -16.15 5.15
      vertex -0.015371775677415656 -18.15 7.306072257612903
    endloop
  endfacet
  facet normal 1 0 0
    outer loop
      vertex -0.015371775677415656 -18.15 7.306072257612903
      vertex -0.015371775677415656 -16.15 5.15
      vertex -0.015371775677415656 -16.15 7.306072257612903
    endloop
  endfacet
  facet normal 1 0 0
    outer loop
      vertex -0.015371775677415656 -16.15 7.306072257612903
      vertex -0.015371775677415656 -16.15 5.15
      vertex -0.015371775677415656 -8.645789821368261 5.15
    endloop
  endfacet
  facet normal 1 0 0
    outer loop
      vertex -0.015371775677415656 -8.70061478085169 5.265021617004019
      vertex -0.015371775677415656 -16.15 7.306072257612903
      vertex -0.015371775677415656 -8.645789821368261 5.15
    endloop
  endfacet
  facet normal 1 0 0
    outer loop
      vertex -0.015371775677415656 -8.70061478085169 5.265021617004019
      vertex -0.015371775677415656 -8.956072257612904 7.306072257612903
      vertex -0.015371775677415656 -16.15 7.306072257612903
    endloop
  endfacet
  facet normal 0 -1 0
    outer loop
      vertex -4.493927742387098 -18.934628224322584 0.8
      vertex -3.0126644452187055 -18.934628224322584 3.074617464448602
      vertex -0.6439277423870975 -18.934628224322584 7.15
    endloop
  endfacet
  facet normal 0 -1 0
    outer loop
      vertex -0.6439277423870975 -18.934628224322584 7.15
      vertex -2.824617464448602 -18.934628224322584 3.2626644452187055
      vertex -2.5876644452187056 -18.934628224322584 3.383398038850881
    endloop
  endfacet
  facet normal 0 -1 0
    outer loop
      vertex -0.6439277423870975 -18.934628224322584 7.15
      vertex -3.0126644452187055 -18.934628224322584 3.074617464448602
      vertex -2.824617464448602 -18.934628224322584 3.2626644452187055
    endloop
  endfacet
  facet normal 0 -1 0
    outer loop
      vertex -4.493927742387098 -18.934628224322584 0.8
      vertex -0.6439277423870975 -18.934628224322584 7.15
      vertex -4.493927742387098 -18.934628224322584 7.15
    endloop
  endfacet
  facet normal 1 0 0
    outer loop
      vertex -0.015371775677415656 -8.643927742387097 5.161557195237222
      vertex -0.015371775677415656 -8.643927742387097 5.290545375047952
      vertex -0.015371775677415656 -8.645789821368261 5.15
    endloop
  endfacet
  facet normal 1 0 0
    outer loop
      vertex -0.015371775677415656 -8.70061478085169 5.265021617004019
      vertex -0.015371775677415656 -8.645789821368261 5.15
      vertex -0.015371775677415656 -8.643927742387097 5.290545375047952
    endloop
  endfacet
  facet normal 1 0 0
    outer loop
      vertex -0.015371775677415656 -8.70061478085169 5.265021617004019
      vertex -0.015371775677415656 -8.643927742387097 5.290545375047952
      vertex -0.015371775677415656 -8.956072257612904 7.306072257612903
    endloop
  endfacet
  facet normal 0 0 -1
    outer loop
      vertex -4.493927742387098 -18.15 0.015371775677415656
      vertex -6.806072257612903 -18.15 0.015371775677415656
      vertex -0.6439277423870975 -16.15 0.015371775677415656
    endloop
  endfacet
  facet normal 0 0 -1
    outer loop
      vertex -6.806072257612903 -18.15 0.015371775677415656
      vertex -4.65 -16.15 0.015371775677415656
      vertex -0.6439277423870975 -16.15 0.015371775677415656
    endloop
  endfacet
  facet normal 0 -0.19509032201612858 -0.9807852804032304
    outer loop
      vertex -4.493927742387098 -18.45026422201429 0.07509804291768973
      vertex -4.806072257612903 -18.45026422201429 0.07509804291768973
      vertex -4.493927742387098 -18.15 0.015371775677415656
    endloop
  endfacet
  facet normal -1.0073284893925004e-15 -0.19509032201612755 -0.9807852804032305
    outer loop
      vertex -4.493927742387098 -18.15 0.015371775677415656
      vertex -4.806072257612903 -18.45026422201429 0.07509804291768973
      vertex -4.806072257612903 -18.190536320028052 0.02343495105905547
    endloop
  endfacet
  facet normal 0 -0.5555702330196031 -0.8314696123025446
    outer loop
      vertex -4.493927742387098 -18.45026422201429 0.07509804291768973
      vertex -4.493927742387098 -18.704815938128856 0.24518406187114095
      vertex -6.806072257612903 -18.704815938128856 0.24518406187114095
    endloop
  endfacet
  facet normal 0 -0.8314696123025448 -0.5555702330196028
    outer loop
      vertex -4.493927742387098 -18.704815938128856 0.24518406187114095
      vertex -4.493927742387098 -18.874901957082308 0.49973577798570784
      vertex -6.806072257612903 -18.704815938128856 0.24518406187114095
    endloop
  endfacet
  facet normal 0 -0.5555702330196032 -0.8314696123025446
    outer loop
      vertex -4.493927742387098 -18.45026422201429 0.07509804291768973
      vertex -6.806072257612903 -18.704815938128856 0.24518406187114095
      vertex -4.806072257612903 -18.45026422201429 0.07509804291768973
    endloop
  endfacet
  facet normal 0 -0.19509032201612755 -0.9807852804032305
    outer loop
      vertex -4.806072257612903 -18.45026422201429 0.07509804291768973
      vertex -6.806072257612903 -18.45026422201429 0.07509804291768973
      vertex -4.806072257612903 -18.190536320028052 0.02343495105905547
    endloop
  endfacet
  facet normal 0 -0.19509032201613502 -0.9807852804032291
    outer loop
      vertex -4.493927742387098 -18.15 0.015371775677415656
      vertex -4.806072257612903 -18.190536320028052 0.02343495105905547
      vertex -6.806072257612903 -18.15 0.015371775677415656
    endloop
  endfacet
  facet normal 0 -0.9807852804032295 -0.1950903220161331
    outer loop
      vertex -4.493927742387098 -18.874901957082308 0.49973577798570784
      vertex -4.493927742387098 -18.934628224322584 0.8
      vertex -6.806072257612903 -18.874901957082308 0.49973577798570784
    endloop
  endfacet
  facet normal 0 -1 0
    outer loop
      vertex -4.493927742387098 -18.934628224322584 0.8
      vertex -4.493927742387098 -18.934628224322584 7.15
      vertex -6.806072257612903 -18.934628224322584 0.8
    endloop
  endfacet
  facet normal 0 -0.8314696123025448 -0.5555702330196028
    outer loop
      vertex -4.493927742387098 -18.874901957082308 0.49973577798570784
      vertex -6.806072257612903 -18.874901957082308 0.49973577798570784
      vertex -6.806072257612903 -18.704815938128856 0.24518406187114095
    endloop
  endfacet
  facet normal 0 -0.9807852804032295 -0.1950903220161331
    outer loop
      vertex -4.493927742387098 -18.934628224322584 0.8
      vertex -6.806072257612903 -18.934628224322584 0.8
      vertex -6.806072257612903 -18.874901957082308 0.49973577798570784
    endloop
  endfacet
  facet normal 0 -0.5555702330196031 -0.8314696123025446
    outer loop
      vertex -4.806072257612903 -18.45026422201429 0.07509804291768973
      vertex -6.806072257612903 -18.704815938128856 0.24518406187114095
      vertex -6.806072257612903 -18.45026422201429 0.07509804291768973
    endloop
  endfacet
  facet normal 1.3599152688077487e-16 -0.19509032201612858 -0.9807852804032304
    outer loop
      vertex -4.806072257612903 -18.190536320028052 0.02343495105905547
      vertex -6.806072257612903 -18.45026422201429 0.07509804291768973
      vertex -6.806072257612903 -18.15 0.015371775677415656
    endloop
  endfacet
  facet normal -0.3763806770786011 -0.5147164328119491 -0.7703275794849851
    outer loop
      vertex -6.806072257612903 -18.45026422201429 0.07509804291768973
      vertex -6.806072257612903 -18.704815938128856 0.24518406187114095
      vertex -7.094456186415682 -18.620350240967742 0.3296497590322565
    endloop
  endfacet
  facet normal -0.3763806770786025 -0.18074437515937417 -0.9086633352183306
    outer loop
      vertex -6.806072257612903 -18.45026422201429 0.07509804291768973
      vertex -7.094456186415682 -18.15 0.1348243101579638
      vertex -6.806072257612903 -18.15 0.015371775677415656
    endloop
  endfacet
  facet normal -0.3763806770785999 -0.7703275794849858 -0.5147164328119491
    outer loop
      vertex -6.806072257612903 -18.704815938128856 0.24518406187114095
      vertex -6.806072257612903 -18.874901957082308 0.49973577798570784
      vertex -7.094456186415682 -18.764542205369132 0.5454482838854333
    endloop
  endfacet
  facet normal -0.3763806770785997 -0.9086633352183308 -0.18074437515937863
    outer loop
      vertex -6.806072257612903 -18.874901957082308 0.49973577798570784
      vertex -6.806072257612903 -18.934628224322584 0.8
      vertex -7.094456186415682 -18.764542205369132 0.5454482838854333
    endloop
  endfacet
  facet normal -0.37638067707860307 -0.5147164328119467 -0.7703275794849859
    outer loop
      vertex -6.806072257612903 -18.45026422201429 0.07509804291768973
      vertex -7.094456186415682 -18.620350240967742 0.3296497590322565
      vertex -7.094456186415682 -18.404551716114565 0.18545779463086698
    endloop
  endfacet
  facet normal -0.3763806770786028 -0.18074437515937453 -0.9086633352183303
    outer loop
      vertex -6.806072257612903 -18.45026422201429 0.07509804291768973
      vertex -7.094456186415682 -18.404551716114565 0.18545779463086698
      vertex -7.094456186415682 -18.15 0.1348243101579638
    endloop
  endfacet
  facet normal -0.3763806770786002 -0.7703275794849854 -0.5147164328119495
    outer loop
      vertex -6.806072257612903 -18.704815938128856 0.24518406187114095
      vertex -7.094456186415682 -18.764542205369132 0.5454482838854333
      vertex -7.094456186415682 -18.620350240967742 0.3296497590322565
    endloop
  endfacet
  facet normal -0.7002145072825516 -0.3966396567602816 -0.5936131960091009
    outer loop
      vertex -7.094456186415682 -18.404551716114565 0.18545779463086698
      vertex -7.094456186415682 -18.620350240967742 0.3296497590322565
      vertex -7.315175689842037 -18.46427798335484 0.4857220166451592
    endloop
  endfacet
  facet normal -0.7002145072825525 -0.13928132531715406 -0.7002145072825537
    outer loop
      vertex -7.094456186415682 -18.404551716114565 0.18545779463086698
      vertex -7.315175689842037 -18.32008601895345 0.3893760262725307
      vertex -7.094456186415682 -18.15 0.1348243101579638
    endloop
  endfacet
  facet normal -0.7002145072825519 -0.39663965676028157 -0.593613196009101
    outer loop
      vertex -7.094456186415682 -18.404551716114565 0.18545779463086698
      vertex -7.315175689842037 -18.46427798335484 0.4857220166451592
      vertex -7.315175689842037 -18.32008601895345 0.3893760262725307
    endloop
  endfacet
  facet normal -0.7002145072825529 -0.13928132531715337 -0.7002145072825535
    outer loop
      vertex -7.094456186415682 -18.15 0.1348243101579638
      vertex -7.315175689842037 -18.32008601895345 0.3893760262725307
      vertex -7.315175689842037 -18.15 0.3555438135843183
    endloop
  endfacet
  facet normal -0.7002145072825514 -0.5936131960091 -0.39663965676028334
    outer loop
      vertex -7.094456186415682 -18.620350240967742 0.3296497590322565
      vertex -7.094456186415682 -18.764542205369132 0.5454482838854333
      vertex -7.315175689842037 -18.46427798335484 0.4857220166451592
    endloop
  endfacet
  facet normal -0.37638067707860107 -0.9086633352183305 -0.1807443751593769
    outer loop
      vertex -6.806072257612903 -18.934628224322584 0.8
      vertex -7.094456186415682 -18.815175689842036 0.8
      vertex -7.094456186415682 -18.764542205369132 0.5454482838854333
    endloop
  endfacet
  facet normal -0.7002145072825543 -0.7002145072825515 -0.1392813253171554
    outer loop
      vertex -7.094456186415682 -18.764542205369132 0.5454482838854333
      vertex -7.094456186415682 -18.815175689842036 0.8
      vertex -7.315175689842037 -18.59445618641568 0.8
    endloop
  endfacet
  facet normal -0.7002145072825563 -0.5936131960091015 -0.39663965676027285
    outer loop
      vertex -7.094456186415682 -18.764542205369132 0.5454482838854333
      vertex -7.315175689842037 -18.560623973727466 0.6299139810465488
      vertex -7.315175689842037 -18.46427798335484 0.4857220166451592
    endloop
  endfacet
  facet normal -0.7002145072825566 -0.7002145072825486 -0.13928132531715934
    outer loop
      vertex -7.094456186415682 -18.764542205369132 0.5454482838854333
      vertex -7.315175689842037 -18.59445618641568 0.8
      vertex -7.315175689842037 -18.560623973727466 0.6299139810465488
    endloop
  endfacet
  facet normal -0.9212144791753943 -0.3234875065416041 -0.21614744150487358
    outer loop
      vertex -7.315175689842037 -18.46427798335484 0.4857220166451592
      vertex -7.315175689842037 -18.560623973727466 0.6299139810465488
      vertex -7.4346282243225845 -18.29419196440139 0.740273732759726
    endloop
  endfacet
  facet normal -0.9212144791753947 -0.07590088788047221 -0.38157953112891463
    outer loop
      vertex -7.315175689842037 -18.32008601895345 0.3893760262725307
      vertex -7.4346282243225845 -18.209726267240274 0.6558080355986105
      vertex -7.315175689842037 -18.15 0.3555438135843183
    endloop
  endfacet
  facet normal -0.9212144791753945 -0.2161474415048766 -0.32348750654160124
    outer loop
      vertex -7.315175689842037 -18.32008601895345 0.3893760262725307
      vertex -7.315175689842037 -18.46427798335484 0.4857220166451592
      vertex -7.4346282243225845 -18.209726267240274 0.6558080355986105
    endloop
  endfacet
  facet normal -0.921214479175395 -0.07590088788046964 -0.3815795311289142
    outer loop
      vertex -7.315175689842037 -18.15 0.3555438135843183
      vertex -7.4346282243225845 -18.209726267240274 0.6558080355986105
      vertex -7.4346282243225845 -18.15 0.6439277423870975
    endloop
  endfacet
  facet normal -0.9212144791753959 -0.2161474415048831 -0.32348750654159264
    outer loop
      vertex -7.315175689842037 -18.46427798335484 0.4857220166451592
      vertex -7.4346282243225845 -18.260359751713175 0.6896402482868228
      vertex -7.4346282243225845 -18.209726267240274 0.6558080355986105
    endloop
  endfacet
  facet normal -0.9212144791753963 -0.32348750654159286 -0.2161474415048819
    outer loop
      vertex -7.315175689842037 -18.46427798335484 0.4857220166451592
      vertex -7.4346282243225845 -18.29419196440139 0.740273732759726
      vertex -7.4346282243225845 -18.260359751713175 0.6896402482868228
    endloop
  endfacet
  facet normal -0.9212144791753941 -0.3815795311289153 -0.07590088788047615
    outer loop
      vertex -7.315175689842037 -18.560623973727466 0.6299139810465488
      vertex -7.315175689842037 -18.59445618641568 0.8
      vertex -7.4346282243225845 -18.29419196440139 0.740273732759726
    endloop
  endfacet
  facet normal -0.9212144791753959 -0.3815795311289134 -0.0759008878804633
    outer loop
      vertex -7.315175689842037 -18.59445618641568 0.8
      vertex -7.4346282243225845 -18.3060722576129 0.8
      vertex -7.4346282243225845 -18.29419196440139 0.740273732759726
    endloop
  endfacet
  facet normal -0.38268343236508856 -0.9238795325112873 0
    outer loop
      vertex -6.806072257612903 -18.934628224322584 0.8
      vertex -6.806072257612903 -18.934628224322584 7.15
      vertex -7.094456186415682 -18.815175689842036 0.8
    endloop
  endfacet
  facet normal -0.7071067811865489 -0.7071067811865461 0
    outer loop
      vertex -7.094456186415682 -18.815175689842036 0.8
      vertex -7.315175689842037 -18.59445618641568 7.15
      vertex -7.315175689842037 -18.59445618641568 0.8
    endloop
  endfacet
  facet normal -0.9238795325112876 -0.38268343236508745 0
    outer loop
      vertex -7.315175689842037 -18.59445618641568 0.8
      vertex -7.315175689842037 -18.59445618641568 7.15
      vertex -7.4346282243225845 -18.3060722576129 0.8
    endloop
  endfacet
  facet normal 0 0 -1
    outer loop
      vertex -6.806072257612903 -18.15 0.015371775677415656
      vertex -6.806072257612903 16.15 0.015371775677415656
      vertex -4.65 -16.15 0.015371775677415656
    endloop
  endfacet
  facet normal -0.3826834323650897 0 -0.9238795325112868
    outer loop
      vertex -6.806072257612903 -18.15 0.015371775677415656
      vertex -7.094456186415682 -18.15 0.1348243101579638
      vertex -7.094456186415682 16.15 0.1348243101579638
    endloop
  endfacet
  facet normal -0.7071067811865471 0 -0.7071067811865478
    outer loop
      vertex -7.094456186415682 -18.15 0.1348243101579638
      vertex -7.315175689842037 -18.15 0.3555438135843183
      vertex -7.315175689842037 16.15 0.3555438135843183
    endloop
  endfacet
  facet normal -0.9238795325112873 0 -0.3826834323650885
    outer loop
      vertex -7.315175689842037 -18.15 0.3555438135843183
      vertex -7.4346282243225845 -18.15 0.6439277423870975
      vertex -7.315175689842037 16.15 0.3555438135843183
    endloop
  endfacet
  facet normal -1 0 0
    outer loop
      vertex -7.4346282243225845 -18.209726267240274 0.6558080355986105
      vertex -7.4346282243225845 16.08977429157188 0.6894728195323415
      vertex -7.4346282243225845 -18.15 0.6439277423870975
    endloop
  endfacet
  facet normal -1 0 0
    outer loop
      vertex -7.4346282243225845 -18.209726267240274 0.6558080355986105
      vertex -7.4346282243225845 -18.260359751713175 0.6896402482868228
      vertex -7.4346282243225845 16.039640248286823 0.6896402482868228
    endloop
  endfacet
  facet normal -1 0 0
    outer loop
      vertex -7.4346282243225845 -18.260359751713175 0.6896402482868228
      vertex -7.4346282243225845 -18.29419196440139 0.740273732759726
      vertex -7.4346282243225845 16.039640248286823 0.6896402482868228
    endloop
  endfacet
  facet normal -1 0 0
    outer loop
      vertex -7.4346282243225845 -18.29419196440139 0.740273732759726
      vertex -7.4346282243225845 -18.3060722576129 0.8
      vertex -7.4346282243225845 16.039640248286823 0.6896402482868228
    endloop
  endfacet
  facet normal -1 0 0
    outer loop
      vertex -7.4346282243225845 -18.3060722576129 0.8
      vertex -7.4346282243225845 -18.3060722576129 7.15
      vertex -7.4346282243225845 16.039640248286823 0.6896402482868228
    endloop
  endfacet
  facet normal 0 -1 0
    outer loop
      vertex -6.806072257612903 -18.934628224322584 0.8
      vertex -4.493927742387098 -18.934628224322584 7.15
      vertex -6.806072257612903 -18.934628224322584 7.15
    endloop
  endfacet
  facet normal -0.38268343236508856 -0.9238795325112873 0
    outer loop
      vertex -7.094456186415682 -18.815175689842036 0.8
      vertex -6.806072257612903 -18.934628224322584 7.15
      vertex -7.094456186415682 -18.815175689842036 7.15
    endloop
  endfacet
  facet normal -0.7071067811865489 -0.7071067811865461 0
    outer loop
      vertex -7.094456186415682 -18.815175689842036 0.8
      vertex -7.094456186415682 -18.815175689842036 7.15
      vertex -7.315175689842037 -18.59445618641568 7.15
    endloop
  endfacet
  facet normal -0.9238795325112876 -0.38268343236508745 0
    outer loop
      vertex -7.4346282243225845 -18.3060722576129 0.8
      vertex -7.315175689842037 -18.59445618641568 7.15
      vertex -7.4346282243225845 -18.3060722576129 7.15
    endloop
  endfacet
  facet normal -1 0 0
    outer loop
      vertex -7.4346282243225845 16.039640248286823 0.6896402482868228
      vertex -7.4346282243225845 -18.3060722576129 7.15
      vertex -7.4346282243225845 -18.29419196440139 7.209726267240274
    endloop
  endfacet
  facet normal -1 0 0
    outer loop
      vertex -7.4346282243225845 16.039640248286823 0.6896402482868228
      vertex -7.4346282243225845 -18.29419196440139 7.209726267240274
      vertex -7.4346282243225845 -18.260359751713175 7.260359751713177
    endloop
  endfacet
  facet normal -1 0 0
    outer loop
      vertex -7.4346282243225845 16.039640248286823 0.6896402482868228
      vertex -7.4346282243225845 -18.260359751713175 7.260359751713177
      vertex -7.4346282243225845 -18.209726267240274 7.2941919644013895
    endloop
  endfacet
  facet normal -1 0 0
    outer loop
      vertex -7.4346282243225845 16.039640248286823 0.6896402482868228
      vertex -7.4346282243225845 -18.209726267240274 7.2941919644013895
      vertex -7.4346282243225845 -18.15 7.306072257612903
    endloop
  endfacet
  facet normal 0.7071067811865476 0 -0.7071067811865476
    outer loop
      vertex -0.1348243101579638 18.15 0.3555438135843183
      vertex -0.1348243101579638 16.15 0.3555438135843183
      vertex -0.3555438135843183 16.15 0.1348243101579638
    endloop
  endfacet
  facet normal 0.38268343236508967 0 -0.9238795325112867
    outer loop
      vertex -0.3555438135843183 18.15 0.1348243101579638
      vertex -0.3555438135843183 16.15 0.1348243101579638
      vertex -0.6439277423870975 16.15 0.015371775677415656
    endloop
  endfacet
  facet normal 0.7071067811865476 0 -0.7071067811865476
    outer loop
      vertex -0.1348243101579638 18.15 0.3555438135843183
      vertex -0.3555438135843183 16.15 0.1348243101579638
      vertex -0.3555438135843183 18.15 0.1348243101579638
    endloop
  endfacet
  facet normal 0.7002145072825532 0.13928132531715323 -0.7002145072825532
    outer loop
      vertex -0.1348243101579638 18.15 0.3555438135843183
      vertex -0.3555438135843183 18.15 0.1348243101579638
      vertex -0.1348243101579638 18.32008601895345 0.3893760262725307
    endloop
  endfacet
  facet normal 0.7002145072825522 0.3966396567602812 -0.5936131960091007
    outer loop
      vertex -0.1348243101579638 18.32008601895345 0.3893760262725307
      vertex -0.3555438135843183 18.404551716114565 0.18545779463086698
      vertex -0.1348243101579638 18.46427798335484 0.4857220166451592
    endloop
  endfacet
  facet normal 0.37638067707860284 0.18074437515937458 -0.9086633352183303
    outer loop
      vertex -0.3555438135843183 18.15 0.1348243101579638
      vertex -0.6439277423870975 18.45026422201429 0.07509804291768973
      vertex -0.3555438135843183 18.404551716114565 0.18545779463086698
    endloop
  endfacet
  facet normal 0.376380677078603 0.5147164328119467 -0.7703275794849858
    outer loop
      vertex -0.3555438135843183 18.404551716114565 0.18545779463086698
      vertex -0.6439277423870975 18.45026422201429 0.07509804291768973
      vertex -0.3555438135843183 18.620350240967742 0.3296497590322565
    endloop
  endfacet
  facet normal 0.7002145072825527 0.13928132531715398 -0.7002145072825533
    outer loop
      vertex -0.1348243101579638 18.32008601895345 0.3893760262725307
      vertex -0.3555438135843183 18.15 0.1348243101579638
      vertex -0.3555438135843183 18.404551716114565 0.18545779463086698
    endloop
  endfacet
  facet normal 0.7002145072825521 0.3966396567602815 -0.5936131960091007
    outer loop
      vertex -0.3555438135843183 18.404551716114565 0.18545779463086698
      vertex -0.3555438135843183 18.620350240967742 0.3296497590322565
      vertex -0.1348243101579638 18.46427798335484 0.4857220166451592
    endloop
  endfacet
  facet normal 0.3763806770786002 0.7703275794849854 -0.5147164328119493
    outer loop
      vertex -0.3555438135843183 18.620350240967742 0.3296497590322565
      vertex -0.6439277423870975 18.704815938128856 0.24518406187114095
      vertex -0.3555438135843183 18.764542205369132 0.5454482838854333
    endloop
  endfacet
  facet normal 0.9238795325112867 0 -0.38268343236508967
    outer loop
      vertex -0.015371775677415656 18.15 0.6439277423870975
      vertex -0.015371775677415656 16.15 0.6439277423870975
      vertex -0.1348243101579638 16.15 0.3555438135843183
    endloop
  endfacet
  facet normal 0.9238795325112867 0 -0.38268343236508967
    outer loop
      vertex -0.1348243101579638 18.15 0.3555438135843183
      vertex -0.015371775677415656 18.15 0.6439277423870975
      vertex -0.1348243101579638 16.15 0.3555438135843183
    endloop
  endfacet
  facet normal 0.9212144791753945 0.07590088788047034 -0.3815795311289154
    outer loop
      vertex -0.1348243101579638 18.15 0.3555438135843183
      vertex -0.015371775677415656 18.209726267240274 0.6558080355986105
      vertex -0.015371775677415656 18.15 0.6439277423870975
    endloop
  endfacet
  facet normal 0.9212144791753942 0.07590088788047245 -0.3815795311289158
    outer loop
      vertex -0.1348243101579638 18.15 0.3555438135843183
      vertex -0.1348243101579638 18.32008601895345 0.3893760262725307
      vertex -0.015371775677415656 18.209726267240274 0.6558080355986105
    endloop
  endfacet
  facet normal 0.921214479175394 0.2161474415048773 -0.3234875065416023
    outer loop
      vertex -0.1348243101579638 18.32008601895345 0.3893760262725307
      vertex -0.1348243101579638 18.46427798335484 0.4857220166451592
      vertex -0.015371775677415656 18.209726267240274 0.6558080355986105
    endloop
  endfacet
  facet normal 0.9212144791753956 0.21614744150488385 -0.3234875065415937
    outer loop
      vertex -0.015371775677415656 18.209726267240274 0.6558080355986105
      vertex -0.1348243101579638 18.46427798335484 0.4857220166451592
      vertex -0.015371775677415656 18.260359751713175 0.6896402482868228
    endloop
  endfacet
  facet normal 0.9212144791753957 0.3234875065415937 -0.2161474415048827
    outer loop
      vertex -0.1348243101579638 18.46427798335484 0.4857220166451592
      vertex -0.015371775677415656 18.29419196440139 0.740273732759726
      vertex -0.015371775677415656 18.260359751713175 0.6896402482868228
    endloop
  endfacet
  facet normal 0.9212144791753938 0.323487506541605 -0.21614744150487428
    outer loop
      vertex -0.1348243101579638 18.46427798335484 0.4857220166451592
      vertex -0.1348243101579638 18.560623973727466 0.6299139810465488
      vertex -0.015371775677415656 18.29419196440139 0.740273732759726
    endloop
  endfacet
  facet normal 0.7002145072825566 0.5936131960091012 -0.39663965676027263
    outer loop
      vertex -0.1348243101579638 18.46427798335484 0.4857220166451592
      vertex -0.3555438135843183 18.764542205369132 0.5454482838854333
      vertex -0.1348243101579638 18.560623973727466 0.6299139810465488
    endloop
  endfacet
  facet normal 0.700214507282557 0.7002145072825483 -0.13928132531715925
    outer loop
      vertex -0.1348243101579638 18.560623973727466 0.6299139810465488
      vertex -0.3555438135843183 18.764542205369132 0.5454482838854333
      vertex -0.1348243101579638 18.59445618641568 0.8
    endloop
  endfacet
  facet normal 0.9212144791753936 0.3815795311289165 -0.0759008878804764
    outer loop
      vertex -0.1348243101579638 18.560623973727466 0.6299139810465488
      vertex -0.1348243101579638 18.59445618641568 0.8
      vertex -0.015371775677415656 18.29419196440139 0.740273732759726
    endloop
  endfacet
  facet normal 0.9212144791753953 0.38157953112891463 -0.07590088788046336
    outer loop
      vertex -0.015371775677415656 18.29419196440139 0.740273732759726
      vertex -0.1348243101579638 18.59445618641568 0.8
      vertex -0.015371775677415656 18.3060722576129 0.8
    endloop
  endfacet
  facet normal 0.7002145072825519 0.5936131960090999 -0.3966396567602833
    outer loop
      vertex -0.3555438135843183 18.620350240967742 0.3296497590322565
      vertex -0.3555438135843183 18.764542205369132 0.5454482838854333
      vertex -0.1348243101579638 18.46427798335484 0.4857220166451592
    endloop
  endfacet
  facet normal 0.7002145072825546 0.7002145072825511 -0.13928132531715534
    outer loop
      vertex -0.1348243101579638 18.59445618641568 0.8
      vertex -0.3555438135843183 18.764542205369132 0.5454482838854333
      vertex -0.3555438135843183 18.815175689842036 0.8
    endloop
  endfacet
  facet normal 0.3763806770786011 0.9086633352183305 -0.1807443751593769
    outer loop
      vertex -0.3555438135843183 18.764542205369132 0.5454482838854333
      vertex -0.6439277423870975 18.934628224322584 0.8
      vertex -0.3555438135843183 18.815175689842036 0.8
    endloop
  endfacet
  facet normal 0.38268343236508967 0 -0.9238795325112867
    outer loop
      vertex -0.3555438135843183 18.15 0.1348243101579638
      vertex -0.6439277423870975 16.15 0.015371775677415656
      vertex -0.6439277423870975 18.15 0.015371775677415656
    endloop
  endfacet
  facet normal 0.3763806770786025 0.18074437515937417 -0.9086633352183306
    outer loop
      vertex -0.3555438135843183 18.15 0.1348243101579638
      vertex -0.6439277423870975 18.15 0.015371775677415656
      vertex -0.6439277423870975 18.45026422201429 0.07509804291768973
    endloop
  endfacet
  facet normal 0.3763806770786011 0.514716432811949 -0.7703275794849852
    outer loop
      vertex -0.3555438135843183 18.620350240967742 0.3296497590322565
      vertex -0.6439277423870975 18.45026422201429 0.07509804291768973
      vertex -0.6439277423870975 18.704815938128856 0.24518406187114095
    endloop
  endfacet
  facet normal 0.3763806770785999 0.7703275794849858 -0.5147164328119491
    outer loop
      vertex -0.3555438135843183 18.764542205369132 0.5454482838854333
      vertex -0.6439277423870975 18.704815938128856 0.24518406187114095
      vertex -0.6439277423870975 18.874901957082308 0.49973577798570784
    endloop
  endfacet
  facet normal 0.3763806770785997 0.9086633352183308 -0.1807443751593786
    outer loop
      vertex -0.3555438135843183 18.764542205369132 0.5454482838854333
      vertex -0.6439277423870975 18.874901957082308 0.49973577798570784
      vertex -0.6439277423870975 18.934628224322584 0.8
    endloop
  endfacet
  facet normal 0 1 0
    outer loop
      vertex -0.6439277423870975 18.934628224322584 0.8
      vertex -1.6373355547812949 18.934628224322584 2.075382535551398
      vertex -1.5166019611491195 18.934628224322584 2.3123355547812947
    endloop
  endfacet
  facet normal 0 1 0
    outer loop
      vertex -0.6439277423870975 18.934628224322584 0.8
      vertex -1.825382535551398 18.934628224322584 1.8873355547812949
      vertex -1.6373355547812949 18.934628224322584 2.075382535551398
    endloop
  endfacet
  facet normal 0 1 0
    outer loop
      vertex -0.6439277423870975 18.934628224322584 0.8
      vertex -2.0623355547812947 18.934628224322584 1.7666019611491195
      vertex -1.825382535551398 18.934628224322584 1.8873355547812949
    endloop
  endfacet
  facet normal 0 1 0
    outer loop
      vertex -0.6439277423870975 18.934628224322584 0.8
      vertex -2.325 18.934628224322584 1.725
      vertex -2.0623355547812947 18.934628224322584 1.7666019611491195
    endloop
  endfacet
  facet normal 0 1 0
    outer loop
      vertex -0.6439277423870975 18.934628224322584 0.8
      vertex -2.5876644452187056 18.934628224322584 1.7666019611491195
      vertex -2.325 18.934628224322584 1.725
    endloop
  endfacet
  facet normal 1 0 0
    outer loop
      vertex -0.015371775677415656 18.15 0.6439277423870975
      vertex -0.015371775677415656 18.260359751713175 7.260359751713177
      vertex -0.015371775677415656 16.15 0.6439277423870975
    endloop
  endfacet
  facet normal 1 0 0
    outer loop
      vertex -0.015371775677415656 18.15 0.6439277423870975
      vertex -0.015371775677415656 18.209726267240274 0.6558080355986105
      vertex -0.015371775677415656 18.260359751713175 7.260359751713177
    endloop
  endfacet
  facet normal 1 0 0
    outer loop
      vertex -0.015371775677415656 18.209726267240274 0.6558080355986105
      vertex -0.015371775677415656 18.260359751713175 0.6896402482868228
      vertex -0.015371775677415656 18.260359751713175 7.260359751713177
    endloop
  endfacet
  facet normal 1 0 0
    outer loop
      vertex -0.015371775677415656 18.260359751713175 0.6896402482868228
      vertex -0.015371775677415656 18.29419196440139 0.740273732759726
      vertex -0.015371775677415656 18.260359751713175 7.260359751713177
    endloop
  endfacet
  facet normal 1 0 0
    outer loop
      vertex -0.015371775677415656 18.29419196440139 0.740273732759726
      vertex -0.015371775677415656 18.3060722576129 0.8
      vertex -0.015371775677415656 18.260359751713175 7.260359751713177
    endloop
  endfacet
  facet normal 0.9238795325112872 0.38268343236508867 0
    outer loop
      vertex -0.015371775677415656 18.3060722576129 0.8
      vertex -0.1348243101579638 18.59445618641568 0.8
      vertex -0.1348243101579638 18.59445618641568 7.15
    endloop
  endfacet
  facet normal 0.7071067811865492 0.7071067811865457 0
    outer loop
      vertex -0.1348243101579638 18.59445618641568 0.8
      vertex -0.3555438135843183 18.815175689842036 0.8
      vertex -0.3555438135843183 18.815175689842036 7.15
    endloop
  endfacet
  facet normal 0.38268343236508856 0.9238795325112873 0
    outer loop
      vertex -0.3555438135843183 18.815175689842036 0.8
      vertex -0.6439277423870975 18.934628224322584 0.8
      vertex -0.3555438135843183 18.815175689842036 7.15
    endloop
  endfacet
  facet normal 0 1 0
    outer loop
      vertex -0.6439277423870975 18.934628224322584 0.8
      vertex -1.5166019611491195 18.934628224322584 2.3123355547812947
      vertex -0.6439277423870975 18.934628224322584 7.15
    endloop
  endfacet
  facet normal 0 0 -1
    outer loop
      vertex -0.6439277423870975 18.15 0.015371775677415656
      vertex -0.6439277423870975 16.15 0.015371775677415656
      vertex -4.65 16.15 0.015371775677415656
    endloop
  endfacet
  facet normal 0 0.19509032201612853 -0.9807852804032303
    outer loop
      vertex -0.6439277423870975 18.15 0.015371775677415656
      vertex -6.806072257612903 18.45026422201429 0.07509804291768973
      vertex -0.6439277423870975 18.45026422201429 0.07509804291768973
    endloop
  endfacet
  facet normal 0 0.5555702330196032 -0.8314696123025446
    outer loop
      vertex -0.6439277423870975 18.45026422201429 0.07509804291768973
      vertex -6.806072257612903 18.45026422201429 0.07509804291768973
      vertex -0.6439277423870975 18.704815938128856 0.24518406187114095
    endloop
  endfacet
  facet normal 0 0.8314696123025448 -0.5555702330196028
    outer loop
      vertex -0.6439277423870975 18.704815938128856 0.24518406187114095
      vertex -6.806072257612903 18.704815938128856 0.24518406187114095
      vertex -0.6439277423870975 18.874901957082308 0.49973577798570784
    endloop
  endfacet
  facet normal 0 0.9807852804032294 -0.19509032201613313
    outer loop
      vertex -0.6439277423870975 18.874901957082308 0.49973577798570784
      vertex -6.806072257612903 18.934628224322584 0.8
      vertex -0.6439277423870975 18.934628224322584 0.8
    endloop
  endfacet
  facet normal 0 1 0
    outer loop
      vertex -0.6439277423870975 18.934628224322584 0.8
      vertex -6.806072257612903 18.934628224322584 0.8
      vertex -2.5876644452187056 18.934628224322584 1.7666019611491195
    endloop
  endfacet
  facet normal 1 0 0
    outer loop
      vertex -0.015371775677415656 8.840579459029064 7.306072257612903
      vertex -0.015371775677415656 -8.645789821368261 5.15
      vertex -0.015371775677415656 16.15 5.15
    endloop
  endfacet
  facet normal 1 0 0
    outer loop
      vertex -0.015371775677415656 18.260359751713175 7.260359751713177
      vertex -0.015371775677415656 16.15 5.15
      vertex -0.015371775677415656 16.15 0.6439277423870975
    endloop
  endfacet
  facet normal 1 0 0
    outer loop
      vertex -0.015371775677415656 18.3060722576129 0.8
      vertex -0.015371775677415656 18.3060722576129 7.15
      vertex -0.015371775677415656 18.260359751713175 7.260359751713177
    endloop
  endfacet
  facet normal 0.9238795325112872 0.38268343236508867 0
    outer loop
      vertex -0.015371775677415656 18.3060722576129 0.8
      vertex -0.1348243101579638 18.59445618641568 7.15
      vertex -0.015371775677415656 18.3060722576129 7.15
    endloop
  endfacet
  facet normal 0.7071067811865492 0.7071067811865457 0
    outer loop
      vertex -0.1348243101579638 18.59445618641568 0.8
      vertex -0.3555438135843183 18.815175689842036 7.15
      vertex -0.1348243101579638 18.59445618641568 7.15
    endloop
  endfacet
  facet normal 0.38268343236508856 0.9238795325112873 0
    outer loop
      vertex -0.6439277423870975 18.934628224322584 0.8
      vertex -0.6439277423870975 18.934628224322584 7.15
      vertex -0.3555438135843183 18.815175689842036 7.15
    endloop
  endfacet
  facet normal 0 1 0
    outer loop
      vertex -0.6439277423870975 18.934628224322584 7.15
      vertex -1.5166019611491195 18.934628224322584 2.3123355547812947
      vertex -1.475 18.934628224322584 2.575
    endloop
  endfacet
  facet normal 0 1 0
    outer loop
      vertex -0.6439277423870975 18.934628224322584 7.15
      vertex -1.475 18.934628224322584 2.575
      vertex -1.5166019611491195 18.934628224322584 2.8376644452187056
    endloop
  endfacet
  facet normal 0 1 0
    outer loop
      vertex -0.6439277423870975 18.934628224322584 7.15
      vertex -1.5166019611491195 18.934628224322584 2.8376644452187056
      vertex -1.6373355547812949 18.934628224322584 3.074617464448602
    endloop
  endfacet
  facet normal 0 1 0
    outer loop
      vertex -0.6439277423870975 18.934628224322584 7.15
      vertex -1.6373355547812949 18.934628224322584 3.074617464448602
      vertex -1.825382535551398 18.934628224322584 3.2626644452187055
    endloop
  endfacet
  facet normal 0 1 0
    outer loop
      vertex -0.6439277423870975 18.934628224322584 7.15
      vertex -1.825382535551398 18.934628224322584 3.2626644452187055
      vertex -2.0623355547812947 18.934628224322584 3.383398038850881
    endloop
  endfacet
  facet normal 0 1 0
    outer loop
      vertex -0.6439277423870975 18.934628224322584 7.15
      vertex -2.0623355547812947 18.934628224322584 3.383398038850881
      vertex -2.325 18.934628224322584 3.4250000000000003
    endloop
  endfacet
  facet normal 0 1 0
    outer loop
      vertex -0.6439277423870975 18.934628224322584 7.15
      vertex -2.325 18.934628224322584 3.4250000000000003
      vertex -2.5876644452187056 18.934628224322584 3.383398038850881
    endloop
  endfacet
  facet normal 1 0 0
    outer loop
      vertex -0.015371775677415656 15.993927742387095 5.2384635982679875
      vertex -0.015371775677415656 8.840579459029064 7.306072257612903
      vertex -0.015371775677415656 16.15 5.15
    endloop
  endfacet
  facet normal 1 0 0
    outer loop
      vertex -0.015371775677415656 15.993927742387095 5.2384635982679875
      vertex -0.015371775677415656 16.081733439397762 7.154275537444418
      vertex -0.015371775677415656 8.840579459029064 7.306072257612903
    endloop
  endfacet
  facet normal 1 0 0
    outer loop
      vertex -0.015371775677415656 15.993927742387095 5.2384635982679875
      vertex -0.015371775677415656 16.15 5.15
      vertex -0.015371775677415656 18.260359751713175 7.260359751713177
    endloop
  endfacet
  facet normal 1 0 0
    outer loop
      vertex -0.015371775677415656 15.993927742387095 5.2384635982679875
      vertex -0.015371775677415656 16.303077929966616 7.165053501628537
      vertex -0.015371775677415656 16.081733439397762 7.154275537444418
    endloop
  endfacet
  facet normal 1 0 0
    outer loop
      vertex -0.015371775677415656 15.993927742387095 5.2384635982679875
      vertex -0.015371775677415656 18.260359751713175 7.260359751713177
      vertex -0.015371775677415656 16.303077929966616 7.165053501628537
    endloop
  endfacet
  facet normal 0 1 0
    outer loop
      vertex -0.6439277423870975 18.934628224322584 7.15
      vertex -2.5876644452187056 18.934628224322584 3.383398038850881
      vertex -2.824617464448602 18.934628224322584 3.2626644452187055
    endloop
  endfacet
  facet normal 0 1 0
    outer loop
      vertex -6.806072257612903 18.934628224322584 0.8
      vertex -0.6439277423870975 18.934628224322584 7.15
      vertex -2.824617464448602 18.934628224322584 3.2626644452187055
    endloop
  endfacet
  facet normal 0 0 -1
    outer loop
      vertex -6.806072257612903 16.15 0.015371775677415656
      vertex -4.65 16.15 0.015371775677415656
      vertex -4.65 -16.15 0.015371775677415656
    endloop
  endfacet
  facet normal -0.3826834323650897 0 -0.9238795325112868
    outer loop
      vertex -6.806072257612903 -18.15 0.015371775677415656
      vertex -7.094456186415682 16.15 0.1348243101579638
      vertex -6.806072257612903 16.15 0.015371775677415656
    endloop
  endfacet
  facet normal -0.7071067811865471 0 -0.7071067811865478
    outer loop
      vertex -7.094456186415682 -18.15 0.1348243101579638
      vertex -7.315175689842037 16.15 0.3555438135843183
      vertex -7.094456186415682 16.15 0.1348243101579638
    endloop
  endfacet
  facet normal -0.9238795325112873 0 -0.3826834323650885
    outer loop
      vertex -7.4346282243225845 -18.15 0.6439277423870975
      vertex -7.4346282243225845 16.15 0.6439277423870975
      vertex -7.315175689842037 16.15 0.3555438135843183
    endloop
  endfacet
  facet normal -1 0 0
    outer loop
      vertex -7.4346282243225845 -18.15 0.6439277423870975
      vertex -7.4346282243225845 16.08977516961854 0.6894136348840084
      vertex -7.4346282243225845 16.15 0.6439277423870975
    endloop
  endfacet
  facet normal -1 0 0
    outer loop
      vertex -7.4346282243225845 -18.209726267240274 0.6558080355986105
      vertex -7.4346282243225845 16.039640248286823 0.6896402482868228
      vertex -7.4346282243225845 16.08977429157188 0.6894728195323415
    endloop
  endfacet
  facet normal -1 0 0
    outer loop
      vertex -7.4346282243225845 -18.15 0.6439277423870975
      vertex -7.4346282243225845 16.08977429157188 0.6894728195323415
      vertex -7.4346282243225845 16.08977516961854 0.6894136348840084
    endloop
  endfacet
  facet normal -1 0 0
    outer loop
      vertex -7.4346282243225845 16.039640248286823 0.6896402482868228
      vertex -7.4346282243225845 -18.15 7.306072257612903
      vertex -7.4346282243225845 16.039339540303885 0.7321380661541187
    endloop
  endfacet
  facet normal 0 0 -1
    outer loop
      vertex -0.6439277423870975 18.15 0.015371775677415656
      vertex -4.65 16.15 0.015371775677415656
      vertex -6.806072257612903 16.15 0.015371775677415656
    endloop
  endfacet
  facet normal 0 1 0
    outer loop
      vertex -6.806072257612903 18.934628224322584 0.8
      vertex -2.824617464448602 18.934628224322584 1.8873355547812949
      vertex -2.5876644452187056 18.934628224322584 1.7666019611491195
    endloop
  endfacet
  facet normal 0 1 0
    outer loop
      vertex -6.806072257612903 18.934628224322584 0.8
      vertex -3.0126644452187055 18.934628224322584 2.075382535551398
      vertex -2.824617464448602 18.934628224322584 1.8873355547812949
    endloop
  endfacet
  facet normal 0 1 0
    outer loop
      vertex -6.806072257612903 18.934628224322584 0.8
      vertex -3.133398038850881 18.934628224322584 2.3123355547812947
      vertex -3.0126644452187055 18.934628224322584 2.075382535551398
    endloop
  endfacet
  facet normal 0 0 -1
    outer loop
      vertex -0.6439277423870975 18.15 0.015371775677415656
      vertex -6.806072257612903 16.15 0.015371775677415656
      vertex -6.806072257612903 18.15 0.015371775677415656
    endloop
  endfacet
  facet normal 0 0.19509032201612853 -0.9807852804032303
    outer loop
      vertex -0.6439277423870975 18.15 0.015371775677415656
      vertex -6.806072257612903 18.15 0.015371775677415656
      vertex -6.806072257612903 18.45026422201429 0.07509804291768973
    endloop
  endfacet
  facet normal 0 0.5555702330196032 -0.8314696123025446
    outer loop
      vertex -0.6439277423870975 18.704815938128856 0.24518406187114095
      vertex -6.806072257612903 18.45026422201429 0.07509804291768973
      vertex -6.806072257612903 18.704815938128856 0.24518406187114095
    endloop
  endfacet
  facet normal 0 0.8314696123025448 -0.5555702330196028
    outer loop
      vertex -0.6439277423870975 18.874901957082308 0.49973577798570784
      vertex -6.806072257612903 18.704815938128856 0.24518406187114095
      vertex -6.806072257612903 18.874901957082308 0.49973577798570784
    endloop
  endfacet
  facet normal 0 0.9807852804032294 -0.19509032201613313
    outer loop
      vertex -0.6439277423870975 18.874901957082308 0.49973577798570784
      vertex -6.806072257612903 18.874901957082308 0.49973577798570784
      vertex -6.806072257612903 18.934628224322584 0.8
    endloop
  endfacet
  facet normal 0 1 0
    outer loop
      vertex -6.806072257612903 18.934628224322584 0.8
      vertex -3.1750000000000003 18.934628224322584 2.575
      vertex -3.133398038850881 18.934628224322584 2.3123355547812947
    endloop
  endfacet
  facet normal 0 1 0
    outer loop
      vertex -6.806072257612903 18.934628224322584 0.8
      vertex -3.133398038850881 18.934628224322584 2.8376644452187056
      vertex -3.1750000000000003 18.934628224322584 2.575
    endloop
  endfacet
  facet normal 0 1 0
    outer loop
      vertex -6.806072257612903 18.934628224322584 0.8
      vertex -2.824617464448602 18.934628224322584 3.2626644452187055
      vertex -3.0126644452187055 18.934628224322584 3.074617464448602
    endloop
  endfacet
  facet normal 0 1 0
    outer loop
      vertex -6.806072257612903 18.934628224322584 0.8
      vertex -3.0126644452187055 18.934628224322584 3.074617464448602
      vertex -3.133398038850881 18.934628224322584 2.8376644452187056
    endloop
  endfacet
  facet normal -1 0 0
    outer loop
      vertex -7.4346282243225845 16.08977429157188 0.6894728195323415
      vertex -7.4346282243225845 16.14838693544365 0.7111704075494902
      vertex -7.4346282243225845 16.08977516961854 0.6894136348840084
    endloop
  endfacet
  facet normal -1 0 0
    outer loop
      vertex -7.4346282243225845 16.039640248286823 0.6896402482868228
      vertex -7.4346282243225845 16.14838693544365 0.7111704075494902
      vertex -7.4346282243225845 16.08977429157188 0.6894728195323415
    endloop
  endfacet
  facet normal -1 0 0
    outer loop
      vertex -7.4346282243225845 16.039640248286823 0.6896402482868228
      vertex -7.4346282243225845 16.039339540303885 0.7321380661541187
      vertex -7.4346282243225845 16.14838693544365 0.7111704075494902
    endloop
  endfacet
  facet normal -1 0 0
    outer loop
      vertex -7.4346282243225845 16.15 0.6439277423870975
      vertex -7.4346282243225845 16.08977516961854 0.6894136348840084
      vertex -7.4346282243225845 16.14838693544365 0.7111704075494902
    endloop
  endfacet
  facet normal -0.38268343236508967 0 -0.9238795325112867
    outer loop
      vertex -6.806072257612903 16.15 0.015371775677415656
      vertex -7.094456186415682 18.15 0.1348243101579638
      vertex -6.806072257612903 18.15 0.015371775677415656
    endloop
  endfacet
  facet normal -0.3763806770786025 0.18074437515937417 -0.9086633352183306
    outer loop
      vertex -6.806072257612903 18.15 0.015371775677415656
      vertex -7.094456186415682 18.15 0.1348243101579638
      vertex -6.806072257612903 18.45026422201429 0.07509804291768973
    endloop
  endfacet
  facet normal -0.3763806770786011 0.5147164328119491 -0.7703275794849851
    outer loop
      vertex -6.806072257612903 18.45026422201429 0.07509804291768973
      vertex -7.094456186415682 18.620350240967742 0.3296497590322565
      vertex -6.806072257612903 18.704815938128856 0.24518406187114095
    endloop
  endfacet
  facet normal -0.3763806770785999 0.7703275794849858 -0.5147164328119491
    outer loop
      vertex -6.806072257612903 18.704815938128856 0.24518406187114095
      vertex -7.094456186415682 18.764542205369132 0.5454482838854333
      vertex -6.806072257612903 18.874901957082308 0.49973577798570784
    endloop
  endfacet
  facet normal -0.3763806770785997 0.9086633352183308 -0.18074437515937863
    outer loop
      vertex -6.806072257612903 18.874901957082308 0.49973577798570784
      vertex -7.094456186415682 18.764542205369132 0.5454482838854333
      vertex -6.806072257612903 18.934628224322584 0.8
    endloop
  endfacet
  facet normal -0.38268343236508967 0 -0.9238795325112867
    outer loop
      vertex -6.806072257612903 16.15 0.015371775677415656
      vertex -7.094456186415682 16.15 0.1348243101579638
      vertex -7.094456186415682 18.15 0.1348243101579638
    endloop
  endfacet
  facet normal -0.7071067811865471 0 -0.7071067811865479
    outer loop
      vertex -7.094456186415682 16.15 0.1348243101579638
      vertex -7.315175689842037 16.15 0.3555438135843183
      vertex -7.094456186415682 18.15 0.1348243101579638
    endloop
  endfacet
  facet normal -0.7071067811865471 0 -0.7071067811865479
    outer loop
      vertex -7.315175689842037 16.15 0.3555438135843183
      vertex -7.315175689842037 18.15 0.3555438135843183
      vertex -7.094456186415682 18.15 0.1348243101579638
    endloop
  endfacet
  facet normal -0.3763806770786028 0.18074437515937453 -0.9086633352183303
    outer loop
      vertex -6.806072257612903 18.45026422201429 0.07509804291768973
      vertex -7.094456186415682 18.15 0.1348243101579638
      vertex -7.094456186415682 18.404551716114565 0.18545779463086698
    endloop
  endfacet
  facet normal -0.37638067707860307 0.5147164328119467 -0.7703275794849859
    outer loop
      vertex -6.806072257612903 18.45026422201429 0.07509804291768973
      vertex -7.094456186415682 18.404551716114565 0.18545779463086698
      vertex -7.094456186415682 18.620350240967742 0.3296497590322565
    endloop
  endfacet
  facet normal -0.7002145072825525 0.13928132531715406 -0.7002145072825537
    outer loop
      vertex -7.094456186415682 18.15 0.1348243101579638
      vertex -7.315175689842037 18.32008601895345 0.3893760262725307
      vertex -7.094456186415682 18.404551716114565 0.18545779463086698
    endloop
  endfacet
  facet normal -0.3763806770786002 0.7703275794849854 -0.5147164328119495
    outer loop
      vertex -6.806072257612903 18.704815938128856 0.24518406187114095
      vertex -7.094456186415682 18.620350240967742 0.3296497590322565
      vertex -7.094456186415682 18.764542205369132 0.5454482838854333
    endloop
  endfacet
  facet normal -0.7002145072825516 0.3966396567602816 -0.5936131960091009
    outer loop
      vertex -7.094456186415682 18.404551716114565 0.18545779463086698
      vertex -7.315175689842037 18.46427798335484 0.4857220166451592
      vertex -7.094456186415682 18.620350240967742 0.3296497590322565
    endloop
  endfacet
  facet normal -0.7002145072825529 0.13928132531715337 -0.7002145072825535
    outer loop
      vertex -7.094456186415682 18.15 0.1348243101579638
      vertex -7.315175689842037 18.15 0.3555438135843183
      vertex -7.315175689842037 18.32008601895345 0.3893760262725307
    endloop
  endfacet
  facet normal -0.7002145072825519 0.39663965676028157 -0.593613196009101
    outer loop
      vertex -7.094456186415682 18.404551716114565 0.18545779463086698
      vertex -7.315175689842037 18.32008601895345 0.3893760262725307
      vertex -7.315175689842037 18.46427798335484 0.4857220166451592
    endloop
  endfacet
  facet normal -0.9238795325112874 0 -0.3826834323650885
    outer loop
      vertex -7.315175689842037 16.15 0.3555438135843183
      vertex -7.4346282243225845 16.15 0.6439277423870975
      vertex -7.4346282243225845 18.15 0.6439277423870975
    endloop
  endfacet
  facet normal -1 0 0
    outer loop
      vertex -7.4346282243225845 16.15 0.6439277423870975
      vertex -7.4346282243225845 16.14838693544365 0.7111704075494902
      vertex -7.4346282243225845 18.15 0.6439277423870975
    endloop
  endfacet
  facet normal -0.9238795325112874 0 -0.3826834323650885
    outer loop
      vertex -7.315175689842037 16.15 0.3555438135843183
      vertex -7.4346282243225845 18.15 0.6439277423870975
      vertex -7.315175689842037 18.15 0.3555438135843183
    endloop
  endfacet
  facet normal -0.7002145072825514 0.5936131960091 -0.39663965676028334
    outer loop
      vertex -7.094456186415682 18.620350240967742 0.3296497590322565
      vertex -7.315175689842037 18.46427798335484 0.4857220166451592
      vertex -7.094456186415682 18.764542205369132 0.5454482838854333
    endloop
  endfacet
  facet normal -0.37638067707860107 0.9086633352183305 -0.1807443751593769
    outer loop
      vertex -6.806072257612903 18.934628224322584 0.8
      vertex -7.094456186415682 18.764542205369132 0.5454482838854333
      vertex -7.094456186415682 18.815175689842036 0.8
    endloop
  endfacet
  facet normal -0.7002145072825543 0.7002145072825515 -0.1392813253171554
    outer loop
      vertex -7.094456186415682 18.764542205369132 0.5454482838854333
      vertex -7.315175689842037 18.59445618641568 0.8
      vertex -7.094456186415682 18.815175689842036 0.8
    endloop
  endfacet
  facet normal -0.9212144791753947 0.07590088788047221 -0.38157953112891463
    outer loop
      vertex -7.315175689842037 18.15 0.3555438135843183
      vertex -7.4346282243225845 18.209726267240274 0.6558080355986105
      vertex -7.315175689842037 18.32008601895345 0.3893760262725307
    endloop
  endfacet
  facet normal -0.9212144791753945 0.2161474415048766 -0.32348750654160124
    outer loop
      vertex -7.315175689842037 18.32008601895345 0.3893760262725307
      vertex -7.4346282243225845 18.209726267240274 0.6558080355986105
      vertex -7.315175689842037 18.46427798335484 0.4857220166451592
    endloop
  endfacet
  facet normal -0.921214479175395 0.07590088788046964 -0.3815795311289142
    outer loop
      vertex -7.315175689842037 18.15 0.3555438135843183
      vertex -7.4346282243225845 18.15 0.6439277423870975
      vertex -7.4346282243225845 18.209726267240274 0.6558080355986105
    endloop
  endfacet
  facet normal -0.9212144791753959 0.21614744150488313 -0.32348750654159264
    outer loop
      vertex -7.4346282243225845 18.209726267240274 0.6558080355986105
      vertex -7.4346282243225845 18.260359751713175 0.6896402482868228
      vertex -7.315175689842037 18.46427798335484 0.4857220166451592
    endloop
  endfacet
  facet normal -0.9212144791753963 0.32348750654159286 -0.2161474415048819
    outer loop
      vertex -7.315175689842037 18.46427798335484 0.4857220166451592
      vertex -7.4346282243225845 18.260359751713175 0.6896402482868228
      vertex -7.4346282243225845 18.29419196440139 0.740273732759726
    endloop
  endfacet
  facet normal -0.7002145072825563 0.5936131960091015 -0.39663965676027285
    outer loop
      vertex -7.094456186415682 18.764542205369132 0.5454482838854333
      vertex -7.315175689842037 18.46427798335484 0.4857220166451592
      vertex -7.315175689842037 18.560623973727466 0.6299139810465488
    endloop
  endfacet
  facet normal -0.7002145072825566 0.7002145072825486 -0.13928132531715934
    outer loop
      vertex -7.094456186415682 18.764542205369132 0.5454482838854333
      vertex -7.315175689842037 18.560623973727466 0.6299139810465488
      vertex -7.315175689842037 18.59445618641568 0.8
    endloop
  endfacet
  facet normal -0.9212144791753943 0.3234875065416041 -0.21614744150487358
    outer loop
      vertex -7.315175689842037 18.46427798335484 0.4857220166451592
      vertex -7.4346282243225845 18.29419196440139 0.740273732759726
      vertex -7.315175689842037 18.560623973727466 0.6299139810465488
    endloop
  endfacet
  facet normal -0.9212144791753941 0.3815795311289153 -0.07590088788047615
    outer loop
      vertex -7.315175689842037 18.560623973727466 0.6299139810465488
      vertex -7.4346282243225845 18.29419196440139 0.740273732759726
      vertex -7.315175689842037 18.59445618641568 0.8
    endloop
  endfacet
  facet normal -0.9212144791753959 0.3815795311289134 -0.07590088788046312
    outer loop
      vertex -7.4346282243225845 18.29419196440139 0.740273732759726
      vertex -7.4346282243225845 18.3060722576129 0.8
      vertex -7.315175689842037 18.59445618641568 0.8
    endloop
  endfacet
  facet normal -1 0 0
    outer loop
      vertex -7.4346282243225845 16.14838693544365 0.7111704075494902
      vertex -7.4346282243225845 16.039339540303885 0.7321380661541187
      vertex -7.4346282243225845 16.161012927734113 6.645810826744789
    endloop
  endfacet
  facet normal -1 0 0
    outer loop
      vertex -7.4346282243225845 16.14838693544365 0.7111704075494902
      vertex -7.4346282243225845 16.161012927734113 6.645810826744789
      vertex -7.4346282243225845 18.15 0.6439277423870975
    endloop
  endfacet
  facet normal -1 0 0
    outer loop
      vertex -7.4346282243225845 18.15 0.6439277423870975
      vertex -7.4346282243225845 16.161012927734113 6.645810826744789
      vertex -7.4346282243225845 18.209726267240274 0.6558080355986105
    endloop
  endfacet
  facet normal -1 0 0
    outer loop
      vertex -7.4346282243225845 18.209726267240274 0.6558080355986105
      vertex -7.4346282243225845 16.15 7.306072257612903
      vertex -7.4346282243225845 18.260359751713175 0.6896402482868228
    endloop
  endfacet
  facet normal -1 0 0
    outer loop
      vertex -7.4346282243225845 18.260359751713175 0.6896402482868228
      vertex -7.4346282243225845 16.15 7.306072257612903
      vertex -7.4346282243225845 18.29419196440139 0.740273732759726
    endloop
  endfacet
  facet normal -1 0 0
    outer loop
      vertex -7.4346282243225845 18.29419196440139 0.740273732759726
      vertex -7.4346282243225845 16.15 7.306072257612903
      vertex -7.4346282243225845 18.3060722576129 0.8
    endloop
  endfacet
  facet normal -0.38268343236508856 0.9238795325112873 0
    outer loop
      vertex -6.806072257612903 18.934628224322584 0.8
      vertex -7.094456186415682 18.815175689842036 0.8
      vertex -7.094456186415682 18.815175689842036 7.15
    endloop
  endfacet
  facet normal -0.7071067811865489 0.7071067811865461 0
    outer loop
      vertex -7.094456186415682 18.815175689842036 0.8
      vertex -7.315175689842037 18.59445618641568 0.8
      vertex -7.094456186415682 18.815175689842036 7.15
    endloop
  endfacet
  facet normal -0.9238795325112876 0.38268343236508745 0
    outer loop
      vertex -7.4346282243225845 18.3060722576129 0.8
      vertex -7.4346282243225845 18.3060722576129 7.15
      vertex -7.315175689842037 18.59445618641568 0.8
    endloop
  endfacet
  facet normal -1 0 0
    outer loop
      vertex -7.4346282243225845 16.039339540303885 0.7321380661541187
      vertex -7.4346282243225845 -18.15 7.306072257612903
      vertex -7.4346282243225845 16.161012927734113 6.645810826744789
    endloop
  endfacet
  facet normal 0 1 0
    outer loop
      vertex -6.806072257612903 18.934628224322584 0.8
      vertex -6.806072257612903 18.934628224322584 7.15
      vertex -0.6439277423870975 18.934628224322584 7.15
    endloop
  endfacet
  facet normal -0.38268343236508856 0.9238795325112873 0
    outer loop
      vertex -6.806072257612903 18.934628224322584 0.8
      vertex -7.094456186415682 18.815175689842036 7.15
      vertex -6.806072257612903 18.934628224322584 7.15
    endloop
  endfacet
  facet normal -1 0 0
    outer loop
      vertex -7.4346282243225845 18.209726267240274 0.6558080355986105
      vertex -7.4346282243225845 16.161012927734113 6.645810826744789
      vertex -7.4346282243225845 16.15 7.306072257612903
    endloop
  endfacet
  facet normal -1 0 0
    outer loop
      vertex -7.4346282243225845 18.3060722576129 0.8
      vertex -7.4346282243225845 16.15 7.306072257612903
      vertex -7.4346282243225845 18.3060722576129 7.15
    endloop
  endfacet
  facet normal -0.7071067811865489 0.7071067811865461 0
    outer loop
      vertex -7.315175689842037 18.59445618641568 0.8
      vertex -7.315175689842037 18.59445618641568 7.15
      vertex -7.094456186415682 18.815175689842036 7.15
    endloop
  endfacet
  facet normal -0.9238795325112876 0.38268343236508745 0
    outer loop
      vertex -7.315175689842037 18.59445618641568 0.8
      vertex -7.4346282243225845 18.3060722576129 7.15
      vertex -7.315175689842037 18.59445618641568 7.15
    endloop
  endfacet
  facet normal 0.9212144791753955 -0.3815795311289147 0.07590088788046355
    outer loop
      vertex -0.1348243101579638 -18.59445618641568 7.15
      vertex -0.015371775677415656 -18.3060722576129 7.15
      vertex -0.015371775677415656 -18.29419196440139 7.209726267240274
    endloop
  endfacet
  facet normal 0.9212144791753937 -0.38157953112891646 0.07590088788047619
    outer loop
      vertex -0.1348243101579638 -18.59445618641568 7.15
      vertex -0.015371775677415656 -18.29419196440139 7.209726267240274
      vertex -0.1348243101579638 -18.560623973727466 7.320086018953452
    endloop
  endfacet
  facet normal 0.9212144791753939 -0.3234875065416044 0.2161474415048746
    outer loop
      vertex -0.1348243101579638 -18.560623973727466 7.320086018953452
      vertex -0.015371775677415656 -18.29419196440139 7.209726267240274
      vertex -0.1348243101579638 -18.46427798335484 7.464277983354841
    endloop
  endfacet
  facet normal 0.7002145072825569 -0.7002145072825484 0.13928132531715892
    outer loop
      vertex -0.1348243101579638 -18.59445618641568 7.15
      vertex -0.1348243101579638 -18.560623973727466 7.320086018953452
      vertex -0.3555438135843183 -18.764542205369132 7.404551716114567
    endloop
  endfacet
  facet normal 0.7002145072825563 -0.5936131960091008 0.39663965676027374
    outer loop
      vertex -0.1348243101579638 -18.560623973727466 7.320086018953452
      vertex -0.1348243101579638 -18.46427798335484 7.464277983354841
      vertex -0.3555438135843183 -18.764542205369132 7.404551716114567
    endloop
  endfacet
  facet normal 0.9212144791753958 -0.3234875065415933 0.21614744150488283
    outer loop
      vertex -0.015371775677415656 -18.29419196440139 7.209726267240274
      vertex -0.015371775677415656 -18.260359751713175 7.260359751713177
      vertex -0.1348243101579638 -18.46427798335484 7.464277983354841
    endloop
  endfacet
  facet normal 0.9212144791753956 -0.21614744150488324 0.3234875065415938
    outer loop
      vertex -0.015371775677415656 -18.260359751713175 7.260359751713177
      vertex -0.015371775677415656 -18.209726267240274 7.2941919644013895
      vertex -0.1348243101579638 -18.46427798335484 7.464277983354841
    endloop
  endfacet
  facet normal 0.9212144791753946 -0.07590088788047279 0.381579531128915
    outer loop
      vertex -0.015371775677415656 -18.209726267240274 7.2941919644013895
      vertex -0.015371775677415656 -18.15 7.306072257612903
      vertex -0.1348243101579638 -18.32008601895345 7.56062397372747
    endloop
  endfacet
  facet normal 0.7002145072825546 -0.7002145072825512 0.13928132531715523
    outer loop
      vertex -0.1348243101579638 -18.59445618641568 7.15
      vertex -0.3555438135843183 -18.764542205369132 7.404551716114567
      vertex -0.3555438135843183 -18.815175689842036 7.15
    endloop
  endfacet
  facet normal 0.3763806770786011 -0.9086633352183306 0.18074437515937675
    outer loop
      vertex -0.3555438135843183 -18.815175689842036 7.15
      vertex -0.3555438135843183 -18.764542205369132 7.404551716114567
      vertex -0.6439277423870975 -18.934628224322584 7.15
    endloop
  endfacet
  facet normal 0.9238795325112867 0 0.38268343236508967
    outer loop
      vertex -0.015371775677415656 -18.15 7.306072257612903
      vertex -0.015371775677415656 -16.15 7.306072257612903
      vertex -0.1348243101579638 -18.15 7.594456186415682
    endloop
  endfacet
  facet normal 0.7002145072825524 -0.3966396567602818 0.5936131960091002
    outer loop
      vertex -0.1348243101579638 -18.46427798335484 7.464277983354841
      vertex -0.1348243101579638 -18.32008601895345 7.56062397372747
      vertex -0.3555438135843183 -18.404551716114565 7.764542205369134
    endloop
  endfacet
  facet normal 0.9212144791753941 -0.2161474415048774 0.3234875065416017
    outer loop
      vertex -0.015371775677415656 -18.209726267240274 7.2941919644013895
      vertex -0.1348243101579638 -18.32008601895345 7.56062397372747
      vertex -0.1348243101579638 -18.46427798335484 7.464277983354841
    endloop
  endfacet
  facet normal 0.9212144791753945 -0.07590088788047196 0.3815795311289154
    outer loop
      vertex -0.015371775677415656 -18.15 7.306072257612903
      vertex -0.1348243101579638 -18.15 7.594456186415682
      vertex -0.1348243101579638 -18.32008601895345 7.56062397372747
    endloop
  endfacet
  facet normal 0.7002145072825535 -0.1392813253171525 0.700214507282553
    outer loop
      vertex -0.1348243101579638 -18.32008601895345 7.56062397372747
      vertex -0.1348243101579638 -18.15 7.594456186415682
      vertex -0.3555438135843183 -18.15 7.815175689842037
    endloop
  endfacet
  facet normal 0.7002145072825519 -0.5936131960090996 0.3966396567602838
    outer loop
      vertex -0.3555438135843183 -18.764542205369132 7.404551716114567
      vertex -0.1348243101579638 -18.46427798335484 7.464277983354841
      vertex -0.3555438135843183 -18.620350240967742 7.620350240967744
    endloop
  endfacet
  facet normal 0.7002145072825521 -0.3966396567602824 0.5936131960091
    outer loop
      vertex -0.1348243101579638 -18.46427798335484 7.464277983354841
      vertex -0.3555438135843183 -18.404551716114565 7.764542205369134
      vertex -0.3555438135843183 -18.620350240967742 7.620350240967744
    endloop
  endfacet
  facet normal 0.37638067707860123 -0.7703275794849846 0.5147164328119498
    outer loop
      vertex -0.3555438135843183 -18.764542205369132 7.404551716114567
      vertex -0.3555438135843183 -18.620350240967742 7.620350240967744
      vertex -0.6439277423870975 -18.704815938128856 7.70481593812886
    endloop
  endfacet
  facet normal 0.37638067707860245 -0.514716432811948 0.7703275794849852
    outer loop
      vertex -0.3555438135843183 -18.620350240967742 7.620350240967744
      vertex -0.3555438135843183 -18.404551716114565 7.764542205369134
      vertex -0.6439277423870975 -18.704815938128856 7.70481593812886
    endloop
  endfacet
  facet normal 0.700214507282553 -0.13928132531715368 0.7002145072825532
    outer loop
      vertex -0.1348243101579638 -18.32008601895345 7.56062397372747
      vertex -0.3555438135843183 -18.15 7.815175689842037
      vertex -0.3555438135843183 -18.404551716114565 7.764542205369134
    endloop
  endfacet
  facet normal 0.37638067707860196 -0.18074437515937425 0.9086633352183308
    outer loop
      vertex -0.3555438135843183 -18.404551716114565 7.764542205369134
      vertex -0.3555438135843183 -18.15 7.815175689842037
      vertex -0.6439277423870975 -18.45026422201429 7.874901957082311
    endloop
  endfacet
  facet normal 0.9238795325112867 0 0.38268343236508967
    outer loop
      vertex -0.1348243101579638 -18.15 7.594456186415682
      vertex -0.015371775677415656 -16.15 7.306072257612903
      vertex -0.1348243101579638 -16.15 7.594456186415682
    endloop
  endfacet
  facet normal 0.7071067811865479 0 0.7071067811865471
    outer loop
      vertex -0.1348243101579638 -18.15 7.594456186415682
      vertex -0.1348243101579638 -16.15 7.594456186415682
      vertex -0.3555438135843183 -16.15 7.815175689842037
    endloop
  endfacet
  facet normal 0.7071067811865479 0 0.7071067811865471
    outer loop
      vertex -0.1348243101579638 -18.15 7.594456186415682
      vertex -0.3555438135843183 -16.15 7.815175689842037
      vertex -0.3555438135843183 -18.15 7.815175689842037
    endloop
  endfacet
  facet normal 0.3763806770785997 -0.9086633352183308 0.18074437515937838
    outer loop
      vertex -0.3555438135843183 -18.764542205369132 7.404551716114567
      vertex -0.6439277423870975 -18.874901957082308 7.450264222014293
      vertex -0.6439277423870975 -18.934628224322584 7.15
    endloop
  endfacet
  facet normal 0.37638067707860007 -0.7703275794849856 0.514716432811949
    outer loop
      vertex -0.3555438135843183 -18.764542205369132 7.404551716114567
      vertex -0.6439277423870975 -18.704815938128856 7.70481593812886
      vertex -0.6439277423870975 -18.874901957082308 7.450264222014293
    endloop
  endfacet
  facet normal 0.3763806770786022 -0.5147164328119479 0.7703275794849853
    outer loop
      vertex -0.3555438135843183 -18.404551716114565 7.764542205369134
      vertex -0.6439277423870975 -18.45026422201429 7.874901957082311
      vertex -0.6439277423870975 -18.704815938128856 7.70481593812886
    endloop
  endfacet
  facet normal 0.3826834323650885 0 0.9238795325112874
    outer loop
      vertex -0.3555438135843183 -18.15 7.815175689842037
      vertex -0.3555438135843183 -16.15 7.815175689842037
      vertex -0.6439277423870975 -16.15 7.9346282243225845
    endloop
  endfacet
  facet normal 0.37638067707860134 -0.18074437515937364 0.9086633352183312
    outer loop
      vertex -0.3555438135843183 -18.15 7.815175689842037
      vertex -0.6439277423870975 -18.15 7.9346282243225845
      vertex -0.6439277423870975 -18.45026422201429 7.874901957082311
    endloop
  endfacet
  facet normal 0.3826834323650885 0 0.9238795325112874
    outer loop
      vertex -0.3555438135843183 -18.15 7.815175689842037
      vertex -0.6439277423870975 -16.15 7.9346282243225845
      vertex -0.6439277423870975 -18.15 7.9346282243225845
    endloop
  endfacet
  facet normal 0.9238795325112867 0 0.3826834323650896
    outer loop
      vertex -0.015371775677415656 -16.15 7.306072257612903
      vertex -0.015371775677415656 -8.956072257612904 7.306072257612903
      vertex -0.1348243101579638 -16.15 7.594456186415682
    endloop
  endfacet
  facet normal 0.7071067811865479 0 0.7071067811865471
    outer loop
      vertex -0.1348243101579638 -16.15 7.594456186415682
      vertex -0.3555438135843183 -9.465175689842036 7.815175689842037
      vertex -0.3555438135843183 -16.15 7.815175689842037
    endloop
  endfacet
  facet normal 0.9238795325112868 0 0.3826834323650897
    outer loop
      vertex -0.1348243101579638 -16.15 7.594456186415682
      vertex -0.015371775677415656 -8.956072257612904 7.306072257612903
      vertex -0.1348243101579638 -9.244456186415682 7.594456186415682
    endloop
  endfacet
  facet normal 0.7071067811865479 0 0.7071067811865471
    outer loop
      vertex -0.1348243101579638 -16.15 7.594456186415682
      vertex -0.1348243101579638 -9.244456186415682 7.594456186415682
      vertex -0.3555438135843183 -9.465175689842036 7.815175689842037
    endloop
  endfacet
  facet normal 0.38268343236508856 0 0.9238795325112874
    outer loop
      vertex -0.3555438135843183 -16.15 7.815175689842037
      vertex -0.3555438135843183 -9.465175689842036 7.815175689842037
      vertex -0.6439277423870975 -16.15 7.9346282243225845
    endloop
  endfacet
  facet normal 0.38268343236508845 0 0.9238795325112873
    outer loop
      vertex -0.6439277423870975 -16.15 7.9346282243225845
      vertex -0.3555438135843183 -9.465175689842036 7.815175689842037
      vertex -0.6439277423870975 -9.584628224322586 7.9346282243225845
    endloop
  endfacet
  facet normal 0.38268343236509333 -0.9238795325112853 0
    outer loop
      vertex -0.6439277423870975 -9.584628224322586 7.9346282243225845
      vertex -0.3555438135843183 -9.465175689842036 7.815175689842037
      vertex -0.3555438135843183 -9.465175689842036 13.15
    endloop
  endfacet
  facet normal 0 -1 0
    outer loop
      vertex -0.6439277423870975 -9.584628224322586 7.9346282243225845
      vertex -0.6439277423870975 -9.584628224322586 13.15
      vertex -1.359074173710932 -9.584628224322586 10.091180954897482
    endloop
  endfacet
  facet normal 0 -1 0
    outer loop
      vertex -0.6439277423870975 -9.584628224322586 7.9346282243225845
      vertex -1.4589745962155616 -9.584628224322586 9.850000000000001
      vertex -1.6178932188134527 -9.584628224322586 9.642893218813454
    endloop
  endfacet
  facet normal 0 -1 0
    outer loop
      vertex -0.6439277423870975 -9.584628224322586 7.9346282243225845
      vertex -1.6178932188134527 -9.584628224322586 9.642893218813454
      vertex -1.8250000000000002 -9.584628224322586 9.483974596215562
    endloop
  endfacet
  facet normal 0 -1 0
    outer loop
      vertex -0.6439277423870975 -9.584628224322586 7.9346282243225845
      vertex -1.359074173710932 -9.584628224322586 10.091180954897482
      vertex -1.4589745962155616 -9.584628224322586 9.850000000000001
    endloop
  endfacet
  facet normal 0 -1 0
    outer loop
      vertex -0.6439277423870975 -9.584628224322586 7.9346282243225845
      vertex -1.8250000000000002 -9.584628224322586 9.483974596215562
      vertex -2.0661809548974794 -9.584628224322586 9.384074173710934
    endloop
  endfacet
  facet normal 0 -0.9807852804032294 0.19509032201613286
    outer loop
      vertex -0.6439277423870975 -18.934628224322584 7.15
      vertex -0.6439277423870975 -18.874901957082308 7.450264222014293
      vertex -4.493927742387098 -18.934628224322584 7.15
    endloop
  endfacet
  facet normal 0 -0.8314696123025449 0.5555702330196028
    outer loop
      vertex -0.6439277423870975 -18.874901957082308 7.450264222014293
      vertex -0.6439277423870975 -18.704815938128856 7.70481593812886
      vertex -4.493927742387098 -18.874901957082308 7.450264222014293
    endloop
  endfacet
  facet normal 0 -0.5555702330196021 0.8314696123025452
    outer loop
      vertex -0.6439277423870975 -18.704815938128856 7.70481593812886
      vertex -0.6439277423870975 -18.45026422201429 7.874901957082311
      vertex -4.493927742387098 -18.704815938128856 7.70481593812886
    endloop
  endfacet
  facet normal 0 -0.19509032201612786 0.9807852804032305
    outer loop
      vertex -0.6439277423870975 -18.45026422201429 7.874901957082311
      vertex -0.6439277423870975 -18.15 7.9346282243225845
      vertex -4.493927742387098 -18.45026422201429 7.874901957082311
    endloop
  endfacet
  facet normal 0 0 1
    outer loop
      vertex -0.6439277423870975 -18.15 7.9346282243225845
      vertex -0.6439277423870975 -16.15 7.9346282243225845
      vertex -4.493927742387098 -18.15 7.9346282243225845
    endloop
  endfacet
  facet normal 0 -0.9807852804032294 0.19509032201613286
    outer loop
      vertex -0.6439277423870975 -18.874901957082308 7.450264222014293
      vertex -4.493927742387098 -18.874901957082308 7.450264222014293
      vertex -4.493927742387098 -18.934628224322584 7.15
    endloop
  endfacet
  facet normal 0 -0.8314696123025449 0.5555702330196028
    outer loop
      vertex -0.6439277423870975 -18.704815938128856 7.70481593812886
      vertex -4.493927742387098 -18.704815938128856 7.70481593812886
      vertex -4.493927742387098 -18.874901957082308 7.450264222014293
    endloop
  endfacet
  facet normal 0 -0.5555702330196021 0.8314696123025452
    outer loop
      vertex -0.6439277423870975 -18.45026422201429 7.874901957082311
      vertex -4.493927742387098 -18.45026422201429 7.874901957082311
      vertex -4.493927742387098 -18.704815938128856 7.70481593812886
    endloop
  endfacet
  facet normal 0 -0.19509032201612786 0.9807852804032305
    outer loop
      vertex -0.6439277423870975 -18.15 7.9346282243225845
      vertex -4.493927742387098 -18.15 7.9346282243225845
      vertex -4.493927742387098 -18.45026422201429 7.874901957082311
    endloop
  endfacet
  facet normal 0 0 1
    outer loop
      vertex -0.6439277423870975 -16.15 7.9346282243225845
      vertex -4.806072257612903 -18.15 7.9346282243225845
      vertex -4.493927742387098 -18.15 7.9346282243225845
    endloop
  endfacet
  facet normal 0 0 1
    outer loop
      vertex -0.6439277423870975 -16.15 7.9346282243225845
      vertex -4.806072257612903 -16.15 7.9346282243225845
      vertex -4.806072257612903 -18.15 7.9346282243225845
    endloop
  endfacet
  facet normal 0 0 1
    outer loop
      vertex -0.6439277423870975 -16.15 7.9346282243225845
      vertex -4.493927742387098 -15.657622865400475 7.9346282243225845
      vertex -4.806072257612903 -16.15 7.9346282243225845
    endloop
  endfacet
  facet normal 0 0 1
    outer loop
      vertex -0.6439277423870975 -16.15 7.9346282243225845
      vertex -0.6439277423870975 -9.584628224322586 7.9346282243225845
      vertex -4.493927742387098 -15.657622865400475 7.9346282243225845
    endloop
  endfacet
  facet normal 0 -1 0
    outer loop
      vertex -0.6439277423870975 -9.584628224322586 7.9346282243225845
      vertex -2.0661809548974794 -9.584628224322586 9.384074173710934
      vertex -4.493927742387098 -9.584628224322586 7.9346282243225845
    endloop
  endfacet
  facet normal 0 0 1
    outer loop
      vertex -0.6439277423870975 -9.584628224322586 7.9346282243225845
      vertex -4.493927742387098 -9.584628224322586 7.9346282243225845
      vertex -4.493927742387098 -15.657622865400475 7.9346282243225845
    endloop
  endfacet
  facet normal 0 -1 0
    outer loop
      vertex -4.493927742387098 -9.584628224322586 7.9346282243225845
      vertex -2.0661809548974794 -9.584628224322586 9.384074173710934
      vertex -2.325 -9.584628224322586 9.350000000000001
    endloop
  endfacet
  facet normal 0 -1 0
    outer loop
      vertex -4.493927742387098 -9.584628224322586 7.9346282243225845
      vertex -2.325 -9.584628224322586 9.350000000000001
      vertex -2.583819045102521 -9.584628224322586 9.384074173710934
    endloop
  endfacet
  facet normal 0 -1 0
    outer loop
      vertex -4.493927742387098 -9.584628224322586 7.9346282243225845
      vertex -2.583819045102521 -9.584628224322586 9.384074173710934
      vertex -2.825 -9.584628224322586 9.483974596215562
    endloop
  endfacet
  facet normal 0 -1 0
    outer loop
      vertex -4.493927742387098 -9.584628224322586 7.9346282243225845
      vertex -2.825 -9.584628224322586 9.483974596215562
      vertex -3.0321067811865476 -9.584628224322586 9.642893218813454
    endloop
  endfacet
  facet normal 0 -1 0
    outer loop
      vertex -4.493927742387098 -9.584628224322586 7.9346282243225845
      vertex -3.0321067811865476 -9.584628224322586 9.642893218813454
      vertex -3.1910254037844386 -9.584628224322586 9.850000000000001
    endloop
  endfacet
  facet normal 0 -1 0
    outer loop
      vertex -4.493927742387098 -9.584628224322586 7.9346282243225845
      vertex -3.1910254037844386 -9.584628224322586 9.850000000000001
      vertex -3.2909258262890684 -9.584628224322586 10.091180954897482
    endloop
  endfacet
  facet normal 1 0 0
    outer loop
      vertex -0.015371775677415656 -8.643927742387097 5.161557195237222
      vertex -0.015371775677415656 -8.645789821368261 5.15
      vertex -0.015371775677415656 8.94419196440139 13.209726267240274
    endloop
  endfacet
  facet normal 1 0 0
    outer loop
      vertex -0.015371775677415656 -8.643927742387097 5.161557195237222
      vertex -0.015371775677415656 8.94419196440139 13.209726267240274
      vertex -0.015371775677415656 -8.643927742387097 5.290545375047952
    endloop
  endfacet
  facet normal 1 0 0
    outer loop
      vertex -0.015371775677415656 -8.643927742387097 5.290545375047952
      vertex -0.015371775677415656 8.94419196440139 13.209726267240274
      vertex -0.015371775677415656 -8.956072257612904 7.306072257612903
    endloop
  endfacet
  facet normal 0.9238795325112863 -0.38268343236509067 0
    outer loop
      vertex -0.015371775677415656 -8.956072257612904 7.306072257612903
      vertex -0.1348243101579638 -9.244456186415682 13.15
      vertex -0.1348243101579638 -9.244456186415682 7.594456186415682
    endloop
  endfacet
  facet normal 0.7071067811865465 -0.7071067811865486 0
    outer loop
      vertex -0.1348243101579638 -9.244456186415682 7.594456186415682
      vertex -0.3555438135843183 -9.465175689842036 13.15
      vertex -0.3555438135843183 -9.465175689842036 7.815175689842037
    endloop
  endfacet
  facet normal 0.38268343236509333 -0.9238795325112852 0
    outer loop
      vertex -0.6439277423870975 -9.584628224322586 7.9346282243225845
      vertex -0.3555438135843183 -9.465175689842036 13.15
      vertex -0.6439277423870975 -9.584628224322586 13.15
    endloop
  endfacet
  facet normal 0 -1 0
    outer loop
      vertex -0.6439277423870975 -9.584628224322586 13.15
      vertex -1.3250000000000002 -9.584628224322586 10.350000000000001
      vertex -1.359074173710932 -9.584628224322586 10.091180954897482
    endloop
  endfacet
  facet normal 0 -1 0
    outer loop
      vertex -0.6439277423870975 -9.584628224322586 13.15
      vertex -1.359074173710932 -9.584628224322586 10.608819045102521
      vertex -1.3250000000000002 -9.584628224322586 10.350000000000001
    endloop
  endfacet
  facet normal 0 -1 0
    outer loop
      vertex -0.6439277423870975 -9.584628224322586 13.15
      vertex -1.4589745962155616 -9.584628224322586 10.850000000000001
      vertex -1.359074173710932 -9.584628224322586 10.608819045102521
    endloop
  endfacet
  facet normal 0 -1 0
    outer loop
      vertex -0.6439277423870975 -9.584628224322586 13.15
      vertex -1.6178932188134527 -9.584628224322586 11.05710678118655
      vertex -1.4589745962155616 -9.584628224322586 10.850000000000001
    endloop
  endfacet
  facet normal 0 -1 0
    outer loop
      vertex -0.6439277423870975 -9.584628224322586 13.15
      vertex -1.8250000000000002 -9.584628224322586 11.21602540378444
      vertex -1.6178932188134527 -9.584628224322586 11.05710678118655
    endloop
  endfacet
  facet normal 0 -1 0
    outer loop
      vertex -0.6439277423870975 -9.584628224322586 13.15
      vertex -2.0661809548974794 -9.584628224322586 11.31592582628907
      vertex -1.8250000000000002 -9.584628224322586 11.21602540378444
    endloop
  endfacet
  facet normal 0 -1 0
    outer loop
      vertex -0.6439277423870975 -9.584628224322586 13.15
      vertex -2.325 -9.584628224322586 11.350000000000001
      vertex -2.0661809548974794 -9.584628224322586 11.31592582628907
    endloop
  endfacet
  facet normal 0 -1 0
    outer loop
      vertex -0.6439277423870975 -9.584628224322586 13.15
      vertex -2.583819045102521 -9.584628224322586 11.31592582628907
      vertex -2.325 -9.584628224322586 11.350000000000001
    endloop
  endfacet
  facet normal 0.3763806770786064 -0.9086633352183298 0.18074437515937086
    outer loop
      vertex -0.6439277423870975 -9.584628224322586 13.15
      vertex -0.3555438135843183 -9.465175689842036 13.15
      vertex -0.3555438135843183 -9.414542205369134 13.404551716114566
    endloop
  endfacet
  facet normal 0.3763806770785998 -0.9086633352183308 0.18074437515937894
    outer loop
      vertex -0.6439277423870975 -9.584628224322586 13.15
      vertex -0.3555438135843183 -9.414542205369134 13.404551716114566
      vertex -0.6439277423870975 -9.52490195708231 13.450264222014292
    endloop
  endfacet
  facet normal 0 -1 0
    outer loop
      vertex -4.806072257612903 -9.584628224322586 13.15
      vertex -3.1910254037844386 -9.584628224322586 10.850000000000001
      vertex -3.0321067811865476 -9.584628224322586 11.05710678118655
    endloop
  endfacet
  facet normal 0 -1 0
    outer loop
      vertex -4.806072257612903 -9.584628224322586 13.15
      vertex -2.825 -9.584628224322586 11.21602540378444
      vertex -2.583819045102521 -9.584628224322586 11.31592582628907
    endloop
  endfacet
  facet normal 0 -1 0
    outer loop
      vertex -4.806072257612903 -9.584628224322586 13.15
      vertex -3.0321067811865476 -9.584628224322586 11.05710678118655
      vertex -2.825 -9.584628224322586 11.21602540378444
    endloop
  endfacet
  facet normal 0 -1 0
    outer loop
      vertex -0.6439277423870975 -9.584628224322586 13.15
      vertex -4.806072257612903 -9.584628224322586 13.15
      vertex -2.583819045102521 -9.584628224322586 11.31592582628907
    endloop
  endfacet
  facet normal 0 -0.9807852804032295 0.19509032201613344
    outer loop
      vertex -0.6439277423870975 -9.584628224322586 13.15
      vertex -0.6439277423870975 -9.52490195708231 13.450264222014292
      vertex -4.806072257612903 -9.584628224322586 13.15
    endloop
  endfacet
  facet normal 0 -0.9807852804032295 0.19509032201613344
    outer loop
      vertex -0.6439277423870975 -9.52490195708231 13.450264222014292
      vertex -4.806072257612903 -9.52490195708231 13.450264222014292
      vertex -4.806072257612903 -9.584628224322586 13.15
    endloop
  endfacet
  facet normal 0 -0.8314696123025486 0.5555702330195974
    outer loop
      vertex -0.6439277423870975 -9.52490195708231 13.450264222014292
      vertex -4.806072257612903 -9.35481593812886 13.70481593812886
      vertex -4.806072257612903 -9.52490195708231 13.450264222014292
    endloop
  endfacet
  facet normal 0.9238795325112863 -0.38268343236509067 0
    outer loop
      vertex -0.015371775677415656 -8.956072257612904 7.306072257612903
      vertex -0.015371775677415656 -8.956072257612904 13.15
      vertex -0.1348243101579638 -9.244456186415682 13.15
    endloop
  endfacet
  facet normal 0.7071067811865465 -0.7071067811865486 0
    outer loop
      vertex -0.1348243101579638 -9.244456186415682 7.594456186415682
      vertex -0.1348243101579638 -9.244456186415682 13.15
      vertex -0.3555438135843183 -9.465175689842036 13.15
    endloop
  endfacet
  facet normal 1 0 0
    outer loop
      vertex -0.015371775677415656 -8.956072257612904 7.306072257612903
      vertex -0.015371775677415656 8.94419196440139 13.209726267240274
      vertex -0.015371775677415656 -8.956072257612904 13.15
    endloop
  endfacet
  facet normal 0.9212144791753945 -0.38157953112891474 0.07590088788047501
    outer loop
      vertex -0.015371775677415656 -8.956072257612904 13.15
      vertex -0.015371775677415656 -8.94419196440139 13.209726267240274
      vertex -0.1348243101579638 -9.21062397372747 13.320086018953452
    endloop
  endfacet
  facet normal 0.9212144791753947 -0.3234875065416028 0.21614744150487408
    outer loop
      vertex -0.015371775677415656 -8.94419196440139 13.209726267240274
      vertex -0.015371775677415656 -8.910359751713179 13.260359751713178
      vertex -0.1348243101579638 -9.21062397372747 13.320086018953452
    endloop
  endfacet
  facet normal 0.9212144791753941 -0.38157953112891646 0.07590088788047217
    outer loop
      vertex -0.015371775677415656 -8.956072257612904 13.15
      vertex -0.1348243101579638 -9.21062397372747 13.320086018953452
      vertex -0.1348243101579638 -9.244456186415682 13.15
    endloop
  endfacet
  facet normal 0.9212144791753947 -0.21614744150487408 0.3234875065416028
    outer loop
      vertex -0.015371775677415656 -8.910359751713179 13.260359751713178
      vertex -0.015371775677415656 -8.859726267240275 13.29419196440139
      vertex -0.1348243101579638 -8.970086018953452 13.56062397372747
    endloop
  endfacet
  facet normal 0.9212144791753945 -0.07590088788047501 0.38157953112891474
    outer loop
      vertex -0.015371775677415656 -8.859726267240275 13.29419196440139
      vertex -0.015371775677415656 -8.8 13.306072257612904
      vertex -0.1348243101579638 -8.970086018953452 13.56062397372747
    endloop
  endfacet
  facet normal 0.9212144791753943 -0.32348750654160235 0.21614744150487583
    outer loop
      vertex -0.015371775677415656 -8.910359751713179 13.260359751713178
      vertex -0.1348243101579638 -9.114277983354842 13.464277983354842
      vertex -0.1348243101579638 -9.21062397372747 13.320086018953452
    endloop
  endfacet
  facet normal 0.9212144791753943 -0.21614744150487583 0.32348750654160235
    outer loop
      vertex -0.015371775677415656 -8.910359751713179 13.260359751713178
      vertex -0.1348243101579638 -8.970086018953452 13.56062397372747
      vertex -0.1348243101579638 -9.114277983354842 13.464277983354842
    endloop
  endfacet
  facet normal 0.7002145072825529 -0.7002145072825535 0.13928132531715262
    outer loop
      vertex -0.1348243101579638 -9.244456186415682 13.15
      vertex -0.1348243101579638 -9.21062397372747 13.320086018953452
      vertex -0.3555438135843183 -9.414542205369134 13.404551716114566
    endloop
  endfacet
  facet normal 0.7002145072825526 -0.5936131960091016 0.39663965676027907
    outer loop
      vertex -0.1348243101579638 -9.21062397372747 13.320086018953452
      vertex -0.1348243101579638 -9.114277983354842 13.464277983354842
      vertex -0.3555438135843183 -9.414542205369134 13.404551716114566
    endloop
  endfacet
  facet normal 0.9212144791753941 -0.07590088788047217 0.38157953112891646
    outer loop
      vertex -0.015371775677415656 -8.8 13.306072257612904
      vertex -0.1348243101579638 -8.8 13.594456186415682
      vertex -0.1348243101579638 -8.970086018953452 13.56062397372747
    endloop
  endfacet
  facet normal 0.7002145072825523 -0.7002145072825543 0.13928132531715143
    outer loop
      vertex -0.1348243101579638 -9.244456186415682 13.15
      vertex -0.3555438135843183 -9.414542205369134 13.404551716114566
      vertex -0.3555438135843183 -9.465175689842036 13.15
    endloop
  endfacet
  facet normal 0.7002145072825507 -0.5936131960091009 0.39663965676028307
    outer loop
      vertex -0.1348243101579638 -9.114277983354842 13.464277983354842
      vertex -0.3555438135843183 -9.270350240967744 13.620350240967744
      vertex -0.3555438135843183 -9.414542205369134 13.404551716114566
    endloop
  endfacet
  facet normal 0.7002145072825526 -0.39663965676027907 0.5936131960091016
    outer loop
      vertex -0.1348243101579638 -9.114277983354842 13.464277983354842
      vertex -0.1348243101579638 -8.970086018953452 13.56062397372747
      vertex -0.3555438135843183 -9.054551716114567 13.764542205369134
    endloop
  endfacet
  facet normal 0.7002145072825529 -0.13928132531715262 0.7002145072825535
    outer loop
      vertex -0.1348243101579638 -8.970086018953452 13.56062397372747
      vertex -0.1348243101579638 -8.8 13.594456186415682
      vertex -0.3555438135843183 -9.054551716114567 13.764542205369134
    endloop
  endfacet
  facet normal 0.7002145072825509 -0.3966396567602832 0.593613196009101
    outer loop
      vertex -0.1348243101579638 -9.114277983354842 13.464277983354842
      vertex -0.3555438135843183 -9.054551716114567 13.764542205369134
      vertex -0.3555438135843183 -9.270350240967744 13.620350240967744
    endloop
  endfacet
  facet normal 0.3763806770786051 -0.7703275794849843 0.5147164328119475
    outer loop
      vertex -0.3555438135843183 -9.414542205369134 13.404551716114566
      vertex -0.3555438135843183 -9.270350240967744 13.620350240967744
      vertex -0.6439277423870975 -9.35481593812886 13.70481593812886
    endloop
  endfacet
  facet normal 0.3763806770786051 -0.5147164328119475 0.7703275794849843
    outer loop
      vertex -0.3555438135843183 -9.270350240967744 13.620350240967744
      vertex -0.3555438135843183 -9.054551716114567 13.764542205369134
      vertex -0.6439277423870975 -9.35481593812886 13.70481593812886
    endloop
  endfacet
  facet normal 0.7002145072825523 -0.13928132531715143 0.7002145072825543
    outer loop
      vertex -0.1348243101579638 -8.8 13.594456186415682
      vertex -0.3555438135843183 -8.8 13.815175689842036
      vertex -0.3555438135843183 -9.054551716114567 13.764542205369134
    endloop
  endfacet
  facet normal 0.37638067707860634 -0.18074437515937086 0.9086633352183298
    outer loop
      vertex -0.3555438135843183 -9.054551716114567 13.764542205369134
      vertex -0.3555438135843183 -8.8 13.815175689842036
      vertex -0.6439277423870975 -8.8 13.934628224322585
    endloop
  endfacet
  facet normal 0.3763806770786005 -0.7703275794849888 0.5147164328119439
    outer loop
      vertex -0.6439277423870975 -9.52490195708231 13.450264222014292
      vertex -0.3555438135843183 -9.414542205369134 13.404551716114566
      vertex -0.6439277423870975 -9.35481593812886 13.70481593812886
    endloop
  endfacet
  facet normal 0.3763806770786043 -0.5147164328119468 0.7703275794849851
    outer loop
      vertex -0.3555438135843183 -9.054551716114567 13.764542205369134
      vertex -0.6439277423870975 -9.100264222014292 13.874901957082312
      vertex -0.6439277423870975 -9.35481593812886 13.70481593812886
    endloop
  endfacet
  facet normal 0.3763806770786043 -0.18074437515937344 0.90866333521833
    outer loop
      vertex -0.3555438135843183 -9.054551716114567 13.764542205369134
      vertex -0.6439277423870975 -8.8 13.934628224322585
      vertex -0.6439277423870975 -9.100264222014292 13.874901957082312
    endloop
  endfacet
  facet normal 1 0 0
    outer loop
      vertex -0.015371775677415656 -8.956072257612904 13.15
      vertex -0.015371775677415656 8.94419196440139 13.209726267240274
      vertex -0.015371775677415656 -8.94419196440139 13.209726267240274
    endloop
  endfacet
  facet normal 1 0 0
    outer loop
      vertex -0.015371775677415656 -8.94419196440139 13.209726267240274
      vertex -0.015371775677415656 8.94419196440139 13.209726267240274
      vertex -0.015371775677415656 -8.910359751713179 13.260359751713178
    endloop
  endfacet
  facet normal 1 0 0
    outer loop
      vertex -0.015371775677415656 -8.910359751713179 13.260359751713178
      vertex -0.015371775677415656 8.94419196440139 13.209726267240274
      vertex -0.015371775677415656 -8.859726267240275 13.29419196440139
    endloop
  endfacet
  facet normal 1 0 0
    outer loop
      vertex -0.015371775677415656 -8.859726267240275 13.29419196440139
      vertex -0.015371775677415656 8.94419196440139 13.209726267240274
      vertex -0.015371775677415656 -8.8 13.306072257612904
    endloop
  endfacet
  facet normal 0.9238795325112863 0 0.3826834323650907
    outer loop
      vertex -0.015371775677415656 -8.8 13.306072257612904
      vertex -0.1348243101579638 8.8 13.594456186415682
      vertex -0.1348243101579638 -8.8 13.594456186415682
    endloop
  endfacet
  facet normal 0.7071067811865465 0 0.7071067811865486
    outer loop
      vertex -0.1348243101579638 -8.8 13.594456186415682
      vertex -0.3555438135843183 8.8 13.815175689842036
      vertex -0.3555438135843183 -8.8 13.815175689842036
    endloop
  endfacet
  facet normal 0.38268343236509333 0 0.9238795325112852
    outer loop
      vertex -0.3555438135843183 -8.8 13.815175689842036
      vertex -0.6439277423870975 8.8 13.934628224322585
      vertex -0.6439277423870975 -8.8 13.934628224322585
    endloop
  endfacet
  facet normal 0 -0.8314696123025486 0.5555702330195974
    outer loop
      vertex -0.6439277423870975 -9.52490195708231 13.450264222014292
      vertex -0.6439277423870975 -9.35481593812886 13.70481593812886
      vertex -4.806072257612903 -9.35481593812886 13.70481593812886
    endloop
  endfacet
  facet normal 0 -0.5555702330196014 0.8314696123025458
    outer loop
      vertex -0.6439277423870975 -9.35481593812886 13.70481593812886
      vertex -0.6439277423870975 -9.100264222014292 13.874901957082312
      vertex -4.806072257612903 -9.100264222014292 13.874901957082312
    endloop
  endfacet
  facet normal 0 -0.19509032201612783 0.9807852804032305
    outer loop
      vertex -0.6439277423870975 -9.100264222014292 13.874901957082312
      vertex -0.6439277423870975 -8.8 13.934628224322585
      vertex -4.806072257612903 -9.100264222014292 13.874901957082312
    endloop
  endfacet
  facet normal 0 -0.5555702330196014 0.8314696123025458
    outer loop
      vertex -0.6439277423870975 -9.35481593812886 13.70481593812886
      vertex -4.806072257612903 -9.100264222014292 13.874901957082312
      vertex -4.806072257612903 -9.35481593812886 13.70481593812886
    endloop
  endfacet
  facet normal 0 -0.19509032201612783 0.9807852804032305
    outer loop
      vertex -0.6439277423870975 -8.8 13.934628224322585
      vertex -4.806072257612903 -8.8 13.934628224322585
      vertex -4.806072257612903 -9.100264222014292 13.874901957082312
    endloop
  endfacet
  facet normal 0 0 1
    outer loop
      vertex -0.6439277423870975 -8.8 13.934628224322585
      vertex -0.6439277423870975 8.8 13.934628224322585
      vertex -4.806072257612903 -8.8 13.934628224322585
    endloop
  endfacet
  facet normal -9.439483760543751e-16 -0.19509032201612786 0.9807852804032304
    outer loop
      vertex -4.493927742387098 -18.45026422201429 7.874901957082311
      vertex -4.493927742387098 -18.15 7.9346282243225845
      vertex -4.806072257612903 -18.190536320028052 7.926565048940945
    endloop
  endfacet
  facet normal 0 -0.9807852804032295 0.19509032201613288
    outer loop
      vertex -4.493927742387098 -18.934628224322584 7.15
      vertex -4.493927742387098 -18.874901957082308 7.450264222014293
      vertex -6.806072257612903 -18.874901957082308 7.450264222014293
    endloop
  endfacet
  facet normal 0 -0.8314696123025448 0.5555702330196028
    outer loop
      vertex -4.493927742387098 -18.874901957082308 7.450264222014293
      vertex -4.493927742387098 -18.704815938128856 7.70481593812886
      vertex -6.806072257612903 -18.874901957082308 7.450264222014293
    endloop
  endfacet
  facet normal 0 -0.5555702330196022 0.8314696123025453
    outer loop
      vertex -4.493927742387098 -18.704815938128856 7.70481593812886
      vertex -4.493927742387098 -18.45026422201429 7.874901957082311
      vertex -6.806072257612903 -18.45026422201429 7.874901957082311
    endloop
  endfacet
  facet normal 0 -0.19509032201613485 0.9807852804032291
    outer loop
      vertex -4.493927742387098 -18.15 7.9346282243225845
      vertex -4.806072257612903 -18.15 7.9346282243225845
      vertex -4.806072257612903 -18.190536320028052 7.926565048940945
    endloop
  endfacet
  facet normal 0 -0.19509032201612678 0.9807852804032308
    outer loop
      vertex -4.493927742387098 -18.45026422201429 7.874901957082311
      vertex -4.806072257612903 -18.190536320028052 7.926565048940945
      vertex -6.806072257612903 -18.45026422201429 7.874901957082311
    endloop
  endfacet
  facet normal 0 -0.19509032201613485 0.9807852804032291
    outer loop
      vertex -4.806072257612903 -18.190536320028052 7.926565048940945
      vertex -4.806072257612903 -18.15 7.9346282243225845
      vertex -6.806072257612903 -18.15 7.9346282243225845
    endloop
  endfacet
  facet normal 0 0 1
    outer loop
      vertex -4.806072257612903 -18.15 7.9346282243225845
      vertex -4.806072257612903 -16.15 7.9346282243225845
      vertex -6.806072257612903 -18.15 7.9346282243225845
    endloop
  endfacet
  facet normal 0 0 1
    outer loop
      vertex -4.493927742387098 -15.657622865400475 7.9346282243225845
      vertex -4.493927742387098 -9.584628224322586 7.9346282243225845
      vertex -4.806072257612903 -9.584628224322586 7.9346282243225845
    endloop
  endfacet
  facet normal 0 0 1
    outer loop
      vertex -4.493927742387098 -15.657622865400475 7.9346282243225845
      vertex -4.806072257612903 -9.584628224322586 7.9346282243225845
      vertex -4.806072257612903 -16.15 7.9346282243225845
    endloop
  endfacet
  facet normal 0 0 1
    outer loop
      vertex -4.806072257612903 -16.15 7.9346282243225845
      vertex -4.806072257612903 -9.584628224322586 7.9346282243225845
      vertex -5.094456186415682 -9.465175689842036 7.9346282243225845
    endloop
  endfacet
  facet normal 0 0 1
    outer loop
      vertex -4.806072257612903 -16.15 7.9346282243225845
      vertex -5.094456186415682 -9.465175689842036 7.9346282243225845
      vertex -5.315175689842037 -9.244456186415682 7.9346282243225845
    endloop
  endfacet
  facet normal 0 -1 0
    outer loop
      vertex -4.493927742387098 -9.584628224322586 7.9346282243225845
      vertex -3.2909258262890684 -9.584628224322586 10.091180954897482
      vertex -4.806072257612903 -9.584628224322586 13.15
    endloop
  endfacet
  facet normal 0 -1 0
    outer loop
      vertex -4.493927742387098 -9.584628224322586 7.9346282243225845
      vertex -4.806072257612903 -9.584628224322586 13.15
      vertex -4.806072257612903 -9.584628224322586 7.9346282243225845
    endloop
  endfacet
  facet normal -0.38268343236509333 -0.9238795325112852 0
    outer loop
      vertex -4.806072257612903 -9.584628224322586 7.9346282243225845
      vertex -5.094456186415682 -9.465175689842036 13.15
      vertex -5.094456186415682 -9.465175689842036 7.9346282243225845
    endloop
  endfacet
  facet normal 0 -0.9807852804032295 0.19509032201613288
    outer loop
      vertex -4.493927742387098 -18.934628224322584 7.15
      vertex -6.806072257612903 -18.874901957082308 7.450264222014293
      vertex -6.806072257612903 -18.934628224322584 7.15
    endloop
  endfacet
  facet normal 0 -0.8314696123025448 0.5555702330196028
    outer loop
      vertex -4.493927742387098 -18.704815938128856 7.70481593812886
      vertex -6.806072257612903 -18.704815938128856 7.70481593812886
      vertex -6.806072257612903 -18.874901957082308 7.450264222014293
    endloop
  endfacet
  facet normal 0 -0.5555702330196022 0.8314696123025453
    outer loop
      vertex -4.493927742387098 -18.704815938128856 7.70481593812886
      vertex -6.806072257612903 -18.45026422201429 7.874901957082311
      vertex -6.806072257612903 -18.704815938128856 7.70481593812886
    endloop
  endfacet
  facet normal 1.4732415412083946e-16 -0.19509032201612786 0.9807852804032304
    outer loop
      vertex -4.806072257612903 -18.190536320028052 7.926565048940945
      vertex -6.806072257612903 -18.15 7.9346282243225845
      vertex -6.806072257612903 -18.45026422201429 7.874901957082311
    endloop
  endfacet
  facet normal 0 0 1
    outer loop
      vertex -4.806072257612903 -16.15 7.9346282243225845
      vertex -5.315175689842037 -9.244456186415682 7.9346282243225845
      vertex -6.806072257612903 -18.15 7.9346282243225845
    endloop
  endfacet
  facet normal -0.3763806770785997 -0.9086633352183308 0.1807443751593784
    outer loop
      vertex -6.806072257612903 -18.934628224322584 7.15
      vertex -6.806072257612903 -18.874901957082308 7.450264222014293
      vertex -7.094456186415682 -18.764542205369132 7.404551716114567
    endloop
  endfacet
  facet normal -0.37638067707860007 -0.7703275794849856 0.514716432811949
    outer loop
      vertex -6.806072257612903 -18.874901957082308 7.450264222014293
      vertex -6.806072257612903 -18.704815938128856 7.70481593812886
      vertex -7.094456186415682 -18.764542205369132 7.404551716114567
    endloop
  endfacet
  facet normal -0.37638067707860223 -0.5147164328119479 0.7703275794849854
    outer loop
      vertex -6.806072257612903 -18.704815938128856 7.70481593812886
      vertex -6.806072257612903 -18.45026422201429 7.874901957082311
      vertex -7.094456186415682 -18.404551716114565 7.764542205369134
    endloop
  endfacet
  facet normal -0.3763806770786011 -0.9086633352183306 0.18074437515937675
    outer loop
      vertex -6.806072257612903 -18.934628224322584 7.15
      vertex -7.094456186415682 -18.764542205369132 7.404551716114567
      vertex -7.094456186415682 -18.815175689842036 7.15
    endloop
  endfacet
  facet normal -0.7002145072825544 -0.7002145072825516 0.1392813253171553
    outer loop
      vertex -7.094456186415682 -18.815175689842036 7.15
      vertex -7.094456186415682 -18.764542205369132 7.404551716114567
      vertex -7.315175689842037 -18.59445618641568 7.15
    endloop
  endfacet
  facet normal -0.9212144791753959 -0.3815795311289135 0.07590088788046359
    outer loop
      vertex -7.315175689842037 -18.59445618641568 7.15
      vertex -7.4346282243225845 -18.29419196440139 7.209726267240274
      vertex -7.4346282243225845 -18.3060722576129 7.15
    endloop
  endfacet
  facet normal -0.7002145072825564 -0.7002145072825486 0.139281325317159
    outer loop
      vertex -7.094456186415682 -18.764542205369132 7.404551716114567
      vertex -7.315175689842037 -18.560623973727466 7.320086018953452
      vertex -7.315175689842037 -18.59445618641568 7.15
    endloop
  endfacet
  facet normal -0.7002145072825559 -0.5936131960091012 0.396639656760274
    outer loop
      vertex -7.094456186415682 -18.764542205369132 7.404551716114567
      vertex -7.315175689842037 -18.46427798335484 7.464277983354841
      vertex -7.315175689842037 -18.560623973727466 7.320086018953452
    endloop
  endfacet
  facet normal -0.921214479175394 -0.38157953112891524 0.07590088788047594
    outer loop
      vertex -7.315175689842037 -18.59445618641568 7.15
      vertex -7.315175689842037 -18.560623973727466 7.320086018953452
      vertex -7.4346282243225845 -18.29419196440139 7.209726267240274
    endloop
  endfacet
  facet normal -0.9212144791753943 -0.3234875065416034 0.2161474415048739
    outer loop
      vertex -7.315175689842037 -18.560623973727466 7.320086018953452
      vertex -7.315175689842037 -18.46427798335484 7.464277983354841
      vertex -7.4346282243225845 -18.29419196440139 7.209726267240274
    endloop
  endfacet
  facet normal -0.9212144791753965 -0.32348750654159236 0.21614744150488222
    outer loop
      vertex -7.4346282243225845 -18.29419196440139 7.209726267240274
      vertex -7.315175689842037 -18.46427798335484 7.464277983354841
      vertex -7.4346282243225845 -18.260359751713175 7.260359751713177
    endloop
  endfacet
  facet normal -0.9212144791753961 -0.21614744150488252 0.3234875065415928
    outer loop
      vertex -7.4346282243225845 -18.260359751713175 7.260359751713177
      vertex -7.315175689842037 -18.46427798335484 7.464277983354841
      vertex -7.4346282243225845 -18.209726267240274 7.2941919644013895
    endloop
  endfacet
  facet normal -0.921214479175395 -0.07590088788047256 0.3815795311289138
    outer loop
      vertex -7.4346282243225845 -18.209726267240274 7.2941919644013895
      vertex -7.315175689842037 -18.32008601895345 7.56062397372747
      vertex -7.4346282243225845 -18.15 7.306072257612903
    endloop
  endfacet
  facet normal -0.37638067707860123 -0.7703275794849845 0.5147164328119499
    outer loop
      vertex -6.806072257612903 -18.704815938128856 7.70481593812886
      vertex -7.094456186415682 -18.620350240967742 7.620350240967744
      vertex -7.094456186415682 -18.764542205369132 7.404551716114567
    endloop
  endfacet
  facet normal -0.7002145072825514 -0.5936131960090998 0.3966396567602839
    outer loop
      vertex -7.094456186415682 -18.764542205369132 7.404551716114567
      vertex -7.094456186415682 -18.620350240967742 7.620350240967744
      vertex -7.315175689842037 -18.46427798335484 7.464277983354841
    endloop
  endfacet
  facet normal -0.7002145072825516 -0.3966396567602826 0.5936131960091003
    outer loop
      vertex -7.094456186415682 -18.620350240967742 7.620350240967744
      vertex -7.094456186415682 -18.404551716114565 7.764542205369134
      vertex -7.315175689842037 -18.46427798335484 7.464277983354841
    endloop
  endfacet
  facet normal -0.3763806770786024 -0.5147164328119481 0.7703275794849852
    outer loop
      vertex -6.806072257612903 -18.704815938128856 7.70481593812886
      vertex -7.094456186415682 -18.404551716114565 7.764542205369134
      vertex -7.094456186415682 -18.620350240967742 7.620350240967744
    endloop
  endfacet
  facet normal -0.37638067707860196 -0.18074437515937425 0.9086633352183308
    outer loop
      vertex -7.094456186415682 -18.404551716114565 7.764542205369134
      vertex -6.806072257612903 -18.45026422201429 7.874901957082311
      vertex -7.094456186415682 -18.15 7.815175689842037
    endloop
  endfacet
  facet normal -0.7002145072825526 -0.13928132531715373 0.7002145072825535
    outer loop
      vertex -7.094456186415682 -18.404551716114565 7.764542205369134
      vertex -7.094456186415682 -18.15 7.815175689842037
      vertex -7.315175689842037 -18.32008601895345 7.56062397372747
    endloop
  endfacet
  facet normal -0.7002145072825521 -0.39663965676028207 0.5936131960091005
    outer loop
      vertex -7.094456186415682 -18.404551716114565 7.764542205369134
      vertex -7.315175689842037 -18.32008601895345 7.56062397372747
      vertex -7.315175689842037 -18.46427798335484 7.464277983354841
    endloop
  endfacet
  facet normal -0.9212144791753948 -0.21614744150487672 0.32348750654160063
    outer loop
      vertex -7.4346282243225845 -18.209726267240274 7.2941919644013895
      vertex -7.315175689842037 -18.46427798335484 7.464277983354841
      vertex -7.315175689842037 -18.32008601895345 7.56062397372747
    endloop
  endfacet
  facet normal -0.9212144791753949 -0.07590088788047174 0.38157953112891424
    outer loop
      vertex -7.4346282243225845 -18.15 7.306072257612903
      vertex -7.315175689842037 -18.32008601895345 7.56062397372747
      vertex -7.315175689842037 -18.15 7.594456186415682
    endloop
  endfacet
  facet normal -0.7002145072825532 -0.13928132531715265 0.7002145072825532
    outer loop
      vertex -7.094456186415682 -18.15 7.815175689842037
      vertex -7.315175689842037 -18.15 7.594456186415682
      vertex -7.315175689842037 -18.32008601895345 7.56062397372747
    endloop
  endfacet
  facet normal -0.37638067707860134 -0.18074437515937364 0.9086633352183312
    outer loop
      vertex -7.094456186415682 -18.15 7.815175689842037
      vertex -6.806072257612903 -18.45026422201429 7.874901957082311
      vertex -6.806072257612903 -18.15 7.9346282243225845
    endloop
  endfacet
  facet normal 0 0 1
    outer loop
      vertex -6.806072257612903 -18.15 7.9346282243225845
      vertex -5.315175689842037 -9.244456186415682 7.9346282243225845
      vertex -5.4346282243225845 -8.956072257612904 7.9346282243225845
    endloop
  endfacet
  facet normal -0.7071067811865461 -0.7071067811865489 0
    outer loop
      vertex -5.094456186415682 -9.465175689842036 7.9346282243225845
      vertex -5.315175689842037 -9.244456186415682 13.15
      vertex -5.315175689842037 -9.244456186415682 7.9346282243225845
    endloop
  endfacet
  facet normal -0.9238795325112867 -0.38268343236508945 0
    outer loop
      vertex -5.315175689842037 -9.244456186415682 7.9346282243225845
      vertex -5.4346282243225845 -8.956072257612904 13.15
      vertex -5.4346282243225845 -8.956072257612904 7.9346282243225845
    endloop
  endfacet
  facet normal -0.9238795325112873 0 0.3826834323650885
    outer loop
      vertex -7.4346282243225845 -18.15 7.306072257612903
      vertex -7.315175689842037 -18.15 7.594456186415682
      vertex -7.4346282243225845 16.15 7.306072257612903
    endloop
  endfacet
  facet normal -0.7071067811865475 0 0.7071067811865475
    outer loop
      vertex -7.094456186415682 -18.15 7.815175689842037
      vertex -7.094456186415682 16.15 7.815175689842037
      vertex -7.315175689842037 -18.15 7.594456186415682
    endloop
  endfacet
  facet normal -0.3826834323650885 0 0.9238795325112873
    outer loop
      vertex -7.094456186415682 -18.15 7.815175689842037
      vertex -6.806072257612903 -18.15 7.9346282243225845
      vertex -7.094456186415682 16.15 7.815175689842037
    endloop
  endfacet
  facet normal 0 0 1
    outer loop
      vertex -6.806072257612903 -18.15 7.9346282243225845
      vertex -5.4346282243225845 -8.956072257612904 7.9346282243225845
      vertex -6.806072257612903 16.15 7.9346282243225845
    endloop
  endfacet
  facet normal 0 -1 0
    outer loop
      vertex -4.806072257612903 -9.584628224322586 13.15
      vertex -3.2909258262890684 -9.584628224322586 10.091180954897482
      vertex -3.325 -9.584628224322586 10.350000000000001
    endloop
  endfacet
  facet normal 0 -1 0
    outer loop
      vertex -4.806072257612903 -9.584628224322586 13.15
      vertex -3.325 -9.584628224322586 10.350000000000001
      vertex -3.2909258262890684 -9.584628224322586 10.608819045102521
    endloop
  endfacet
  facet normal 0 -1 0
    outer loop
      vertex -4.806072257612903 -9.584628224322586 13.15
      vertex -3.2909258262890684 -9.584628224322586 10.608819045102521
      vertex -3.1910254037844386 -9.584628224322586 10.850000000000001
    endloop
  endfacet
  facet normal -0.38268343236509333 -0.9238795325112852 0
    outer loop
      vertex -4.806072257612903 -9.584628224322586 7.9346282243225845
      vertex -4.806072257612903 -9.584628224322586 13.15
      vertex -5.094456186415682 -9.465175689842036 13.15
    endloop
  endfacet
  facet normal -0.3763806770786064 -0.9086633352183298 0.18074437515937086
    outer loop
      vertex -4.806072257612903 -9.584628224322586 13.15
      vertex -5.094456186415682 -9.414542205369134 13.404551716114566
      vertex -5.094456186415682 -9.465175689842036 13.15
    endloop
  endfacet
  facet normal -0.3763806770785998 -0.9086633352183308 0.18074437515937894
    outer loop
      vertex -4.806072257612903 -9.584628224322586 13.15
      vertex -4.806072257612903 -9.52490195708231 13.450264222014292
      vertex -5.094456186415682 -9.414542205369134 13.404551716114566
    endloop
  endfacet
  facet normal -0.7071067811865461 -0.7071067811865489 0
    outer loop
      vertex -5.094456186415682 -9.465175689842036 7.9346282243225845
      vertex -5.094456186415682 -9.465175689842036 13.15
      vertex -5.315175689842037 -9.244456186415682 13.15
    endloop
  endfacet
  facet normal -0.9238795325112867 -0.38268343236508945 0
    outer loop
      vertex -5.315175689842037 -9.244456186415682 7.9346282243225845
      vertex -5.315175689842037 -9.244456186415682 13.15
      vertex -5.4346282243225845 -8.956072257612904 13.15
    endloop
  endfacet
  facet normal -1 0 0
    outer loop
      vertex -5.4346282243225845 -8.956072257612904 7.9346282243225845
      vertex -5.4346282243225845 -8.956072257612904 13.15
      vertex -5.4346282243225845 -8.94419196440139 13.209726267240274
    endloop
  endfacet
  facet normal -1 0 0
    outer loop
      vertex -5.4346282243225845 -8.956072257612904 7.9346282243225845
      vertex -5.4346282243225845 -8.94419196440139 13.209726267240274
      vertex -5.4346282243225845 -8.910359751713179 13.260359751713178
    endloop
  endfacet
  facet normal -1 0 0
    outer loop
      vertex -5.4346282243225845 -8.956072257612904 7.9346282243225845
      vertex -5.4346282243225845 -8.910359751713179 13.260359751713178
      vertex -5.4346282243225845 -8.859726267240275 13.29419196440139
    endloop
  endfacet
  facet normal -1 0 0
    outer loop
      vertex -5.4346282243225845 -8.956072257612904 7.9346282243225845
      vertex -5.4346282243225845 -8.859726267240275 13.29419196440139
      vertex -5.4346282243225845 -8.8 13.306072257612904
    endloop
  endfacet
  facet normal -1 0 0
    outer loop
      vertex -5.4346282243225845 -8.956072257612904 7.9346282243225845
      vertex -5.4346282243225845 -8.8 13.306072257612904
      vertex -5.4346282243225845 8.8 13.306072257612904
    endloop
  endfacet
  facet normal -0.3763806770786005 -0.7703275794849888 0.5147164328119439
    outer loop
      vertex -4.806072257612903 -9.52490195708231 13.450264222014292
      vertex -4.806072257612903 -9.35481593812886 13.70481593812886
      vertex -5.094456186415682 -9.414542205369134 13.404551716114566
    endloop
  endfacet
  facet normal -0.3763806770786051 -0.7703275794849843 0.5147164328119475
    outer loop
      vertex -5.094456186415682 -9.414542205369134 13.404551716114566
      vertex -4.806072257612903 -9.35481593812886 13.70481593812886
      vertex -5.094456186415682 -9.270350240967744 13.620350240967744
    endloop
  endfacet
  facet normal -0.3763806770786052 -0.5147164328119476 0.7703275794849843
    outer loop
      vertex -4.806072257612903 -9.35481593812886 13.70481593812886
      vertex -5.094456186415682 -9.054551716114567 13.764542205369134
      vertex -5.094456186415682 -9.270350240967744 13.620350240967744
    endloop
  endfacet
  facet normal -0.3763806770786044 -0.5147164328119469 0.7703275794849852
    outer loop
      vertex -4.806072257612903 -9.35481593812886 13.70481593812886
      vertex -4.806072257612903 -9.100264222014292 13.874901957082312
      vertex -5.094456186415682 -9.054551716114567 13.764542205369134
    endloop
  endfacet
  facet normal -0.37638067707860423 -0.1807443751593734 0.90866333521833
    outer loop
      vertex -4.806072257612903 -9.100264222014292 13.874901957082312
      vertex -4.806072257612903 -8.8 13.934628224322585
      vertex -5.094456186415682 -9.054551716114567 13.764542205369134
    endloop
  endfacet
  facet normal -0.3763806770786063 -0.18074437515937083 0.9086633352183295
    outer loop
      vertex -4.806072257612903 -8.8 13.934628224322585
      vertex -5.094456186415682 -8.8 13.815175689842036
      vertex -5.094456186415682 -9.054551716114567 13.764542205369134
    endloop
  endfacet
  facet normal -0.7002145072825519 -0.7002145072825546 0.1392813253171515
    outer loop
      vertex -5.094456186415682 -9.465175689842036 13.15
      vertex -5.094456186415682 -9.414542205369134 13.404551716114566
      vertex -5.315175689842037 -9.244456186415682 13.15
    endloop
  endfacet
  facet normal -0.7002145072825504 -0.5936131960091013 0.3966396567602833
    outer loop
      vertex -5.094456186415682 -9.414542205369134 13.404551716114566
      vertex -5.094456186415682 -9.270350240967744 13.620350240967744
      vertex -5.315175689842037 -9.114277983354842 13.464277983354842
    endloop
  endfacet
  facet normal -0.7002145072825526 -0.7002145072825539 0.13928132531715265
    outer loop
      vertex -5.094456186415682 -9.414542205369134 13.404551716114566
      vertex -5.315175689842037 -9.21062397372747 13.320086018953452
      vertex -5.315175689842037 -9.244456186415682 13.15
    endloop
  endfacet
  facet normal -0.7002145072825523 -0.5936131960091018 0.39663965676027935
    outer loop
      vertex -5.094456186415682 -9.414542205369134 13.404551716114566
      vertex -5.315175689842037 -9.114277983354842 13.464277983354842
      vertex -5.315175689842037 -9.21062397372747 13.320086018953452
    endloop
  endfacet
  facet normal -0.9212144791753945 -0.38157953112891524 0.07590088788047195
    outer loop
      vertex -5.315175689842037 -9.244456186415682 13.15
      vertex -5.315175689842037 -9.21062397372747 13.320086018953452
      vertex -5.4346282243225845 -8.956072257612904 13.15
    endloop
  endfacet
  facet normal -0.921214479175395 -0.3815795311289137 0.07590088788047494
    outer loop
      vertex -5.315175689842037 -9.21062397372747 13.320086018953452
      vertex -5.4346282243225845 -8.94419196440139 13.209726267240274
      vertex -5.4346282243225845 -8.956072257612904 13.15
    endloop
  endfacet
  facet normal -0.9212144791753951 -0.3234875065416018 0.21614744150487333
    outer loop
      vertex -5.315175689842037 -9.21062397372747 13.320086018953452
      vertex -5.4346282243225845 -8.910359751713179 13.260359751713178
      vertex -5.4346282243225845 -8.94419196440139 13.209726267240274
    endloop
  endfacet
  facet normal -0.9212144791753949 -0.3234875065416013 0.21614744150487517
    outer loop
      vertex -5.315175689842037 -9.21062397372747 13.320086018953452
      vertex -5.315175689842037 -9.114277983354842 13.464277983354842
      vertex -5.4346282243225845 -8.910359751713179 13.260359751713178
    endloop
  endfacet
  facet normal -0.9212144791753951 -0.21614744150487336 0.3234875065416018
    outer loop
      vertex -5.4346282243225845 -8.910359751713179 13.260359751713178
      vertex -5.315175689842037 -8.970086018953452 13.56062397372747
      vertex -5.4346282243225845 -8.859726267240275 13.29419196440139
    endloop
  endfacet
  facet normal -0.921214479175395 -0.07590088788047478 0.3815795311289136
    outer loop
      vertex -5.4346282243225845 -8.859726267240275 13.29419196440139
      vertex -5.315175689842037 -8.970086018953452 13.56062397372747
      vertex -5.4346282243225845 -8.8 13.306072257612904
    endloop
  endfacet
  facet normal -0.9212144791753949 -0.21614744150487517 0.3234875065416013
    outer loop
      vertex -5.315175689842037 -9.114277983354842 13.464277983354842
      vertex -5.315175689842037 -8.970086018953452 13.56062397372747
      vertex -5.4346282243225845 -8.910359751713179 13.260359751713178
    endloop
  endfacet
  facet normal -0.9212144791753945 -0.075900887880472 0.38157953112891524
    outer loop
      vertex -5.4346282243225845 -8.8 13.306072257612904
      vertex -5.315175689842037 -8.970086018953452 13.56062397372747
      vertex -5.315175689842037 -8.8 13.594456186415682
    endloop
  endfacet
  facet normal -0.7002145072825505 -0.3966396567602833 0.5936131960091013
    outer loop
      vertex -5.094456186415682 -9.270350240967744 13.620350240967744
      vertex -5.094456186415682 -9.054551716114567 13.764542205369134
      vertex -5.315175689842037 -9.114277983354842 13.464277983354842
    endloop
  endfacet
  facet normal -0.7002145072825523 -0.39663965676027935 0.5936131960091018
    outer loop
      vertex -5.094456186415682 -9.054551716114567 13.764542205369134
      vertex -5.315175689842037 -8.970086018953452 13.56062397372747
      vertex -5.315175689842037 -9.114277983354842 13.464277983354842
    endloop
  endfacet
  facet normal -0.7002145072825526 -0.13928132531715265 0.7002145072825539
    outer loop
      vertex -5.094456186415682 -9.054551716114567 13.764542205369134
      vertex -5.315175689842037 -8.8 13.594456186415682
      vertex -5.315175689842037 -8.970086018953452 13.56062397372747
    endloop
  endfacet
  facet normal -0.7002145072825519 -0.1392813253171515 0.7002145072825546
    outer loop
      vertex -5.094456186415682 -9.054551716114567 13.764542205369134
      vertex -5.094456186415682 -8.8 13.815175689842036
      vertex -5.315175689842037 -8.8 13.594456186415682
    endloop
  endfacet
  facet normal -0.38268343236509333 0 0.9238795325112852
    outer loop
      vertex -4.806072257612903 -8.8 13.934628224322585
      vertex -5.094456186415682 8.8 13.815175689842036
      vertex -5.094456186415682 -8.8 13.815175689842036
    endloop
  endfacet
  facet normal -0.923879532511287 0 0.3826834323650895
    outer loop
      vertex -5.4346282243225845 -8.8 13.306072257612904
      vertex -5.315175689842037 -8.8 13.594456186415682
      vertex -5.315175689842037 8.8 13.594456186415682
    endloop
  endfacet
  facet normal -0.7071067811865461 0 0.7071067811865489
    outer loop
      vertex -5.094456186415682 -8.8 13.815175689842036
      vertex -5.094456186415682 8.8 13.815175689842036
      vertex -5.315175689842037 -8.8 13.594456186415682
    endloop
  endfacet
  facet normal 1 0 0
    outer loop
      vertex -0.015371775677415656 8.840579459029064 7.306072257612903
      vertex -0.015371775677415656 8.94419196440139 13.209726267240274
      vertex -0.015371775677415656 -8.645789821368261 5.15
    endloop
  endfacet
  facet normal 1 0 0
    outer loop
      vertex -0.015371775677415656 8.840579459029064 7.306072257612903
      vertex -0.015371775677415656 8.956072257612904 7.306072257612903
      vertex -0.015371775677415656 8.94419196440139 13.209726267240274
    endloop
  endfacet
  facet normal 0.9238795325112863 0.38268343236509067 0
    outer loop
      vertex -0.015371775677415656 8.956072257612904 7.306072257612903
      vertex -0.1348243101579638 9.244456186415682 7.594456186415682
      vertex -0.015371775677415656 8.956072257612904 13.15
    endloop
  endfacet
  facet normal 0.7071067811865465 0.7071067811865486 0
    outer loop
      vertex -0.1348243101579638 9.244456186415682 7.594456186415682
      vertex -0.3555438135843183 9.465175689842036 7.815175689842037
      vertex -0.1348243101579638 9.244456186415682 13.15
    endloop
  endfacet
  facet normal 1 0 0
    outer loop
      vertex -0.015371775677415656 8.840579459029064 7.306072257612903
      vertex -0.015371775677415656 16.090273732759723 7.2941919644013895
      vertex -0.015371775677415656 8.956072257612904 7.306072257612903
    endloop
  endfacet
  facet normal 0.9238795325112867 0 0.3826834323650896
    outer loop
      vertex -0.015371775677415656 8.956072257612904 7.306072257612903
      vertex -0.015371775677415656 16.15 7.306072257612903
      vertex -0.1348243101579638 9.244456186415682 7.594456186415682
    endloop
  endfacet
  facet normal 0.7071067811865479 0 0.7071067811865471
    outer loop
      vertex -0.1348243101579638 9.244456186415682 7.594456186415682
      vertex -0.1348243101579638 16.15 7.594456186415682
      vertex -0.3555438135843183 9.465175689842036 7.815175689842037
    endloop
  endfacet
  facet normal 1 0 0
    outer loop
      vertex -0.015371775677415656 8.840579459029064 7.306072257612903
      vertex -0.015371775677415656 16.081733439397762 7.154275537444418
      vertex -0.015371775677415656 16.10166475974691 7.211879049950511
    endloop
  endfacet
  facet normal 1 0 0
    outer loop
      vertex -0.015371775677415656 8.840579459029064 7.306072257612903
      vertex -0.015371775677415656 16.10166475974691 7.211879049950511
      vertex -0.015371775677415656 16.260359751713175 7.260359751713177
    endloop
  endfacet
  facet normal 1 0 0
    outer loop
      vertex -0.015371775677415656 8.840579459029064 7.306072257612903
      vertex -0.015371775677415656 16.212579974955577 7.292285177867157
      vertex -0.015371775677415656 16.090273732759723 7.2941919644013895
    endloop
  endfacet
  facet normal 1 0 0
    outer loop
      vertex -0.015371775677415656 8.840579459029064 7.306072257612903
      vertex -0.015371775677415656 16.260359751713175 7.260359751713177
      vertex -0.015371775677415656 16.212579974955577 7.292285177867157
    endloop
  endfacet
  facet normal 1 0 0
    outer loop
      vertex -0.015371775677415656 8.956072257612904 7.306072257612903
      vertex -0.015371775677415656 16.090273732759723 7.2941919644013895
      vertex -0.015371775677415656 16.15 7.306072257612903
    endloop
  endfacet
  facet normal 0.9238795325112868 0 0.3826834323650897
    outer loop
      vertex -0.1348243101579638 9.244456186415682 7.594456186415682
      vertex -0.015371775677415656 16.15 7.306072257612903
      vertex -0.1348243101579638 16.15 7.594456186415682
    endloop
  endfacet
  facet normal 0.7071067811865479 0 0.7071067811865471
    outer loop
      vertex -0.3555438135843183 9.465175689842036 7.815175689842037
      vertex -0.1348243101579638 16.15 7.594456186415682
      vertex -0.3555438135843183 16.15 7.815175689842037
    endloop
  endfacet
  facet normal 0.38268343236508856 0 0.9238795325112874
    outer loop
      vertex -0.3555438135843183 9.465175689842036 7.815175689842037
      vertex -0.3555438135843183 16.15 7.815175689842037
      vertex -0.6439277423870975 9.584628224322586 7.9346282243225845
    endloop
  endfacet
  facet normal 0.38268343236508845 0 0.9238795325112873
    outer loop
      vertex -0.6439277423870975 9.584628224322586 7.9346282243225845
      vertex -0.3555438135843183 16.15 7.815175689842037
      vertex -0.6439277423870975 16.15 7.9346282243225845
    endloop
  endfacet
  facet normal 1 0 0
    outer loop
      vertex -0.015371775677415656 16.081733439397762 7.154275537444418
      vertex -0.015371775677415656 16.303077929966616 7.165053501628537
      vertex -0.015371775677415656 16.10166475974691 7.211879049950511
    endloop
  endfacet
  facet normal 1 0 0
    outer loop
      vertex -0.015371775677415656 16.303077929966616 7.165053501628537
      vertex -0.015371775677415656 16.28992840255221 7.2161071384732365
      vertex -0.015371775677415656 16.10166475974691 7.211879049950511
    endloop
  endfacet
  facet normal 1 0 0
    outer loop
      vertex -0.015371775677415656 16.10166475974691 7.211879049950511
      vertex -0.015371775677415656 16.28992840255221 7.2161071384732365
      vertex -0.015371775677415656 16.260359751713175 7.260359751713177
    endloop
  endfacet
  facet normal 1 0 0
    outer loop
      vertex -0.015371775677415656 16.090273732759723 7.2941919644013895
      vertex -0.015371775677415656 16.212579974955577 7.292285177867157
      vertex -0.015371775677415656 16.15 7.306072257612903
    endloop
  endfacet
  facet normal 1 0 0
    outer loop
      vertex -0.015371775677415656 16.303077929966616 7.165053501628537
      vertex -0.015371775677415656 18.260359751713175 7.260359751713177
      vertex -0.015371775677415656 16.28992840255221 7.2161071384732365
    endloop
  endfacet
  facet normal 1 0 0
    outer loop
      vertex -0.015371775677415656 16.260359751713175 7.260359751713177
      vertex -0.015371775677415656 16.28992840255221 7.2161071384732365
      vertex -0.015371775677415656 18.260359751713175 7.260359751713177
    endloop
  endfacet
  facet normal 1 0 0
    outer loop
      vertex -0.015371775677415656 16.260359751713175 7.260359751713177
      vertex -0.015371775677415656 18.260359751713175 7.260359751713177
      vertex -0.015371775677415656 16.212579974955577 7.292285177867157
    endloop
  endfacet
  facet normal 1 0 0
    outer loop
      vertex -0.015371775677415656 16.212579974955577 7.292285177867157
      vertex -0.015371775677415656 18.260359751713175 7.260359751713177
      vertex -0.015371775677415656 16.15 7.306072257612903
    endloop
  endfacet
  facet normal 1 0 0
    outer loop
      vertex -0.015371775677415656 16.15 7.306072257612903
      vertex -0.015371775677415656 18.260359751713175 7.260359751713177
      vertex -0.015371775677415656 18.15 7.306072257612903
    endloop
  endfacet
  facet normal 0.9238795325112867 0 0.38268343236508967
    outer loop
      vertex -0.015371775677415656 16.15 7.306072257612903
      vertex -0.015371775677415656 18.15 7.306072257612903
      vertex -0.1348243101579638 18.15 7.594456186415682
    endloop
  endfacet
  facet normal 0.9212144791753955 0.3815795311289147 0.07590088788046365
    outer loop
      vertex -0.015371775677415656 18.3060722576129 7.15
      vertex -0.1348243101579638 18.59445618641568 7.15
      vertex -0.015371775677415656 18.29419196440139 7.209726267240274
    endloop
  endfacet
  facet normal 1 0 0
    outer loop
      vertex -0.015371775677415656 18.3060722576129 7.15
      vertex -0.015371775677415656 18.29419196440139 7.209726267240274
      vertex -0.015371775677415656 18.260359751713175 7.260359751713177
    endloop
  endfacet
  facet normal 1 0 0
    outer loop
      vertex -0.015371775677415656 18.260359751713175 7.260359751713177
      vertex -0.015371775677415656 18.209726267240274 7.2941919644013895
      vertex -0.015371775677415656 18.15 7.306072257612903
    endloop
  endfacet
  facet normal 0.9212144791753958 0.3234875065415933 0.21614744150488283
    outer loop
      vertex -0.015371775677415656 18.29419196440139 7.209726267240274
      vertex -0.1348243101579638 18.46427798335484 7.464277983354841
      vertex -0.015371775677415656 18.260359751713175 7.260359751713177
    endloop
  endfacet
  facet normal 0.9212144791753956 0.21614744150488324 0.3234875065415938
    outer loop
      vertex -0.015371775677415656 18.260359751713175 7.260359751713177
      vertex -0.1348243101579638 18.46427798335484 7.464277983354841
      vertex -0.015371775677415656 18.209726267240274 7.2941919644013895
    endloop
  endfacet
  facet normal 0.9212144791753946 0.07590088788047279 0.381579531128915
    outer loop
      vertex -0.015371775677415656 18.209726267240274 7.2941919644013895
      vertex -0.1348243101579638 18.32008601895345 7.56062397372747
      vertex -0.015371775677415656 18.15 7.306072257612903
    endloop
  endfacet
  facet normal 0.9212144791753937 0.38157953112891646 0.07590088788047619
    outer loop
      vertex -0.1348243101579638 18.59445618641568 7.15
      vertex -0.1348243101579638 18.560623973727466 7.320086018953452
      vertex -0.015371775677415656 18.29419196440139 7.209726267240274
    endloop
  endfacet
  facet normal 0.9212144791753939 0.32348750654160446 0.21614744150487464
    outer loop
      vertex -0.015371775677415656 18.29419196440139 7.209726267240274
      vertex -0.1348243101579638 18.560623973727466 7.320086018953452
      vertex -0.1348243101579638 18.46427798335484 7.464277983354841
    endloop
  endfacet
  facet normal 0.7002145072825569 0.7002145072825484 0.13928132531715892
    outer loop
      vertex -0.1348243101579638 18.59445618641568 7.15
      vertex -0.3555438135843183 18.764542205369132 7.404551716114567
      vertex -0.1348243101579638 18.560623973727466 7.320086018953452
    endloop
  endfacet
  facet normal 0.7002145072825563 0.5936131960091008 0.39663965676027374
    outer loop
      vertex -0.1348243101579638 18.560623973727466 7.320086018953452
      vertex -0.3555438135843183 18.764542205369132 7.404551716114567
      vertex -0.1348243101579638 18.46427798335484 7.464277983354841
    endloop
  endfacet
  facet normal 0.7002145072825546 0.7002145072825512 0.13928132531715523
    outer loop
      vertex -0.1348243101579638 18.59445618641568 7.15
      vertex -0.3555438135843183 18.815175689842036 7.15
      vertex -0.3555438135843183 18.764542205369132 7.404551716114567
    endloop
  endfacet
  facet normal 0.3763806770786011 0.9086633352183306 0.18074437515937675
    outer loop
      vertex -0.3555438135843183 18.815175689842036 7.15
      vertex -0.6439277423870975 18.934628224322584 7.15
      vertex -0.3555438135843183 18.764542205369132 7.404551716114567
    endloop
  endfacet
  facet normal 0.9238795325112867 0 0.38268343236508967
    outer loop
      vertex -0.015371775677415656 16.15 7.306072257612903
      vertex -0.1348243101579638 18.15 7.594456186415682
      vertex -0.1348243101579638 16.15 7.594456186415682
    endloop
  endfacet
  facet normal 0.7071067811865479 0 0.7071067811865471
    outer loop
      vertex -0.1348243101579638 16.15 7.594456186415682
      vertex -0.1348243101579638 18.15 7.594456186415682
      vertex -0.3555438135843183 18.15 7.815175689842037
    endloop
  endfacet
  facet normal 0.7071067811865479 0 0.7071067811865471
    outer loop
      vertex -0.1348243101579638 16.15 7.594456186415682
      vertex -0.3555438135843183 18.15 7.815175689842037
      vertex -0.3555438135843183 16.15 7.815175689842037
    endloop
  endfacet
  facet normal 0.9212144791753941 0.2161474415048774 0.3234875065416017
    outer loop
      vertex -0.015371775677415656 18.209726267240274 7.2941919644013895
      vertex -0.1348243101579638 18.46427798335484 7.464277983354841
      vertex -0.1348243101579638 18.32008601895345 7.56062397372747
    endloop
  endfacet
  facet normal 0.9212144791753945 0.07590088788047196 0.3815795311289154
    outer loop
      vertex -0.015371775677415656 18.15 7.306072257612903
      vertex -0.1348243101579638 18.32008601895345 7.56062397372747
      vertex -0.1348243101579638 18.15 7.594456186415682
    endloop
  endfacet
  facet normal 0.7002145072825524 0.3966396567602818 0.5936131960091002
    outer loop
      vertex -0.1348243101579638 18.32008601895345 7.56062397372747
      vertex -0.1348243101579638 18.46427798335484 7.464277983354841
      vertex -0.3555438135843183 18.404551716114565 7.764542205369134
    endloop
  endfacet
  facet normal 0.7002145072825535 0.1392813253171525 0.700214507282553
    outer loop
      vertex -0.1348243101579638 18.32008601895345 7.56062397372747
      vertex -0.3555438135843183 18.15 7.815175689842037
      vertex -0.1348243101579638 18.15 7.594456186415682
    endloop
  endfacet
  facet normal 0.7002145072825519 0.5936131960090996 0.3966396567602838
    outer loop
      vertex -0.3555438135843183 18.764542205369132 7.404551716114567
      vertex -0.3555438135843183 18.620350240967742 7.620350240967744
      vertex -0.1348243101579638 18.46427798335484 7.464277983354841
    endloop
  endfacet
  facet normal 0.7002145072825521 0.3966396567602824 0.5936131960091
    outer loop
      vertex -0.1348243101579638 18.46427798335484 7.464277983354841
      vertex -0.3555438135843183 18.620350240967742 7.620350240967744
      vertex -0.3555438135843183 18.404551716114565 7.764542205369134
    endloop
  endfacet
  facet normal 0.37638067707860123 0.7703275794849846 0.5147164328119498
    outer loop
      vertex -0.3555438135843183 18.764542205369132 7.404551716114567
      vertex -0.6439277423870975 18.704815938128856 7.70481593812886
      vertex -0.3555438135843183 18.620350240967742 7.620350240967744
    endloop
  endfacet
  facet normal 0.700214507282553 0.13928132531715368 0.7002145072825532
    outer loop
      vertex -0.1348243101579638 18.32008601895345 7.56062397372747
      vertex -0.3555438135843183 18.404551716114565 7.764542205369134
      vertex -0.3555438135843183 18.15 7.815175689842037
    endloop
  endfacet
  facet normal 0.37638067707860196 0.18074437515937425 0.9086633352183308
    outer loop
      vertex -0.3555438135843183 18.15 7.815175689842037
      vertex -0.3555438135843183 18.404551716114565 7.764542205369134
      vertex -0.6439277423870975 18.45026422201429 7.874901957082311
    endloop
  endfacet
  facet normal 0.37638067707860245 0.514716432811948 0.7703275794849852
    outer loop
      vertex -0.3555438135843183 18.620350240967742 7.620350240967744
      vertex -0.6439277423870975 18.704815938128856 7.70481593812886
      vertex -0.3555438135843183 18.404551716114565 7.764542205369134
    endloop
  endfacet
  facet normal 0.3763806770785997 0.9086633352183308 0.18074437515937838
    outer loop
      vertex -0.3555438135843183 18.764542205369132 7.404551716114567
      vertex -0.6439277423870975 18.934628224322584 7.15
      vertex -0.6439277423870975 18.874901957082308 7.450264222014293
    endloop
  endfacet
  facet normal 0.37638067707860007 0.7703275794849856 0.514716432811949
    outer loop
      vertex -0.3555438135843183 18.764542205369132 7.404551716114567
      vertex -0.6439277423870975 18.874901957082308 7.450264222014293
      vertex -0.6439277423870975 18.704815938128856 7.70481593812886
    endloop
  endfacet
  facet normal 0.3763806770786022 0.5147164328119479 0.7703275794849853
    outer loop
      vertex -0.3555438135843183 18.404551716114565 7.764542205369134
      vertex -0.6439277423870975 18.704815938128856 7.70481593812886
      vertex -0.6439277423870975 18.45026422201429 7.874901957082311
    endloop
  endfacet
  facet normal 0.3826834323650885 0 0.9238795325112874
    outer loop
      vertex -0.3555438135843183 16.15 7.815175689842037
      vertex -0.3555438135843183 18.15 7.815175689842037
      vertex -0.6439277423870975 16.15 7.9346282243225845
    endloop
  endfacet
  facet normal 0.3826834323650885 0 0.9238795325112874
    outer loop
      vertex -0.3555438135843183 18.15 7.815175689842037
      vertex -0.6439277423870975 18.15 7.9346282243225845
      vertex -0.6439277423870975 16.15 7.9346282243225845
    endloop
  endfacet
  facet normal 0.37638067707860134 0.18074437515937364 0.9086633352183312
    outer loop
      vertex -0.3555438135843183 18.15 7.815175689842037
      vertex -0.6439277423870975 18.45026422201429 7.874901957082311
      vertex -0.6439277423870975 18.15 7.9346282243225845
    endloop
  endfacet
  facet normal 0.3826834323650934 0.9238795325112853 0
    outer loop
      vertex -0.3555438135843183 9.465175689842036 7.815175689842037
      vertex -0.6439277423870975 9.584628224322586 7.9346282243225845
      vertex -0.3555438135843183 9.465175689842036 13.15
    endloop
  endfacet
  facet normal 0 1 0
    outer loop
      vertex -0.6439277423870975 9.584628224322586 7.9346282243225845
      vertex -1.359074173710932 9.584628224322586 10.091180954897482
      vertex -0.6439277423870975 9.584628224322586 13.15
    endloop
  endfacet
  facet normal 0 1 0
    outer loop
      vertex -0.6439277423870975 9.584628224322586 7.9346282243225845
      vertex -1.6178932188134527 9.584628224322586 9.642893218813454
      vertex -1.4589745962155616 9.584628224322586 9.850000000000001
    endloop
  endfacet
  facet normal 0 1 0
    outer loop
      vertex -0.6439277423870975 9.584628224322586 7.9346282243225845
      vertex -1.8250000000000002 9.584628224322586 9.483974596215562
      vertex -1.6178932188134527 9.584628224322586 9.642893218813454
    endloop
  endfacet
  facet normal 0 1 0
    outer loop
      vertex -0.6439277423870975 9.584628224322586 7.9346282243225845
      vertex -1.4589745962155616 9.584628224322586 9.850000000000001
      vertex -1.359074173710932 9.584628224322586 10.091180954897482
    endloop
  endfacet
  facet normal 0 1 0
    outer loop
      vertex -0.6439277423870975 9.584628224322586 7.9346282243225845
      vertex -2.0661809548974794 9.584628224322586 9.384074173710934
      vertex -1.8250000000000002 9.584628224322586 9.483974596215562
    endloop
  endfacet
  facet normal 0 1 0
    outer loop
      vertex -0.6439277423870975 9.584628224322586 7.9346282243225845
      vertex -2.325 9.584628224322586 9.350000000000001
      vertex -2.0661809548974794 9.584628224322586 9.384074173710934
    endloop
  endfacet
  facet normal 0 1 0
    outer loop
      vertex -0.6439277423870975 9.584628224322586 7.9346282243225845
      vertex -2.583819045102521 9.584628224322586 9.384074173710934
      vertex -2.325 9.584628224322586 9.350000000000001
    endloop
  endfacet
  facet normal 0 1 0
    outer loop
      vertex -0.6439277423870975 9.584628224322586 7.9346282243225845
      vertex -4.493927742387098 9.584628224322586 7.9346282243225845
      vertex -2.583819045102521 9.584628224322586 9.384074173710934
    endloop
  endfacet
  facet normal 0 0 1
    outer loop
      vertex -0.6439277423870975 9.584628224322586 7.9346282243225845
      vertex -0.6439277423870975 16.15 7.9346282243225845
      vertex -4.493927742387098 10.07700535892211 7.9346282243225845
    endloop
  endfacet
  facet normal 0 0 1
    outer loop
      vertex -0.6439277423870975 9.584628224322586 7.9346282243225845
      vertex -4.493927742387098 10.07700535892211 7.9346282243225845
      vertex -4.493927742387098 9.584628224322586 7.9346282243225845
    endloop
  endfacet
  facet normal 0 0 1
    outer loop
      vertex -0.6439277423870975 16.15 7.9346282243225845
      vertex -4.806072257612903 16.15 7.9346282243225845
      vertex -4.493927742387098 10.07700535892211 7.9346282243225845
    endloop
  endfacet
  facet normal 0 0.9807852804032297 0.1950903220161329
    outer loop
      vertex -0.6439277423870975 18.934628224322584 7.15
      vertex -6.806072257612903 18.874901957082308 7.450264222014293
      vertex -0.6439277423870975 18.874901957082308 7.450264222014293
    endloop
  endfacet
  facet normal 0 0.8314696123025449 0.5555702330196028
    outer loop
      vertex -0.6439277423870975 18.874901957082308 7.450264222014293
      vertex -6.806072257612903 18.874901957082308 7.450264222014293
      vertex -0.6439277423870975 18.704815938128856 7.70481593812886
    endloop
  endfacet
  facet normal 0 0.5555702330196022 0.8314696123025453
    outer loop
      vertex -0.6439277423870975 18.704815938128856 7.70481593812886
      vertex -6.806072257612903 18.704815938128856 7.70481593812886
      vertex -0.6439277423870975 18.45026422201429 7.874901957082311
    endloop
  endfacet
  facet normal 0 0 1
    outer loop
      vertex -0.6439277423870975 16.15 7.9346282243225845
      vertex -0.6439277423870975 18.15 7.9346282243225845
      vertex -6.806072257612903 18.15 7.9346282243225845
    endloop
  endfacet
  facet normal 0 0.19509032201612786 0.9807852804032305
    outer loop
      vertex -0.6439277423870975 18.15 7.9346282243225845
      vertex -0.6439277423870975 18.45026422201429 7.874901957082311
      vertex -6.806072257612903 18.15 7.9346282243225845
    endloop
  endfacet
  facet normal 0 1 0
    outer loop
      vertex -4.493927742387098 9.584628224322586 7.9346282243225845
      vertex -2.825 9.584628224322586 9.483974596215562
      vertex -2.583819045102521 9.584628224322586 9.384074173710934
    endloop
  endfacet
  facet normal 0 1 0
    outer loop
      vertex -4.493927742387098 9.584628224322586 7.9346282243225845
      vertex -3.0321067811865476 9.584628224322586 9.642893218813454
      vertex -2.825 9.584628224322586 9.483974596215562
    endloop
  endfacet
  facet normal 0 1 0
    outer loop
      vertex -4.493927742387098 9.584628224322586 7.9346282243225845
      vertex -3.1910254037844386 9.584628224322586 9.850000000000001
      vertex -3.0321067811865476 9.584628224322586 9.642893218813454
    endloop
  endfacet
  facet normal 1 0 0
    outer loop
      vertex -0.015371775677415656 8.956072257612904 7.306072257612903
      vertex -0.015371775677415656 8.956072257612904 13.15
      vertex -0.015371775677415656 8.94419196440139 13.209726267240274
    endloop
  endfacet
  facet normal 0.9238795325112863 0.38268343236509067 0
    outer loop
      vertex -0.1348243101579638 9.244456186415682 7.594456186415682
      vertex -0.1348243101579638 9.244456186415682 13.15
      vertex -0.015371775677415656 8.956072257612904 13.15
    endloop
  endfacet
  facet normal 0.7071067811865465 0.7071067811865486 0
    outer loop
      vertex -0.3555438135843183 9.465175689842036 7.815175689842037
      vertex -0.3555438135843183 9.465175689842036 13.15
      vertex -0.1348243101579638 9.244456186415682 13.15
    endloop
  endfacet
  facet normal 1 0 0
    outer loop
      vertex -0.015371775677415656 -8.8 13.306072257612904
      vertex -0.015371775677415656 8.94419196440139 13.209726267240274
      vertex -0.015371775677415656 8.8 13.306072257612904
    endloop
  endfacet
  facet normal 0.9238795325112863 0 0.3826834323650907
    outer loop
      vertex -0.015371775677415656 -8.8 13.306072257612904
      vertex -0.015371775677415656 8.8 13.306072257612904
      vertex -0.1348243101579638 8.8 13.594456186415682
    endloop
  endfacet
  facet normal 0.7071067811865465 0 0.7071067811865486
    outer loop
      vertex -0.1348243101579638 -8.8 13.594456186415682
      vertex -0.1348243101579638 8.8 13.594456186415682
      vertex -0.3555438135843183 8.8 13.815175689842036
    endloop
  endfacet
  facet normal 0.38268343236509333 0 0.9238795325112852
    outer loop
      vertex -0.3555438135843183 -8.8 13.815175689842036
      vertex -0.3555438135843183 8.8 13.815175689842036
      vertex -0.6439277423870975 8.8 13.934628224322585
    endloop
  endfacet
  facet normal 1 0 0
    outer loop
      vertex -0.015371775677415656 8.94419196440139 13.209726267240274
      vertex -0.015371775677415656 8.859726267240275 13.29419196440139
      vertex -0.015371775677415656 8.8 13.306072257612904
    endloop
  endfacet
  facet normal 0.9212144791753945 0.38157953112891474 0.07590088788047501
    outer loop
      vertex -0.015371775677415656 8.956072257612904 13.15
      vertex -0.1348243101579638 9.21062397372747 13.320086018953452
      vertex -0.015371775677415656 8.94419196440139 13.209726267240274
    endloop
  endfacet
  facet normal 1 0 0
    outer loop
      vertex -0.015371775677415656 8.94419196440139 13.209726267240274
      vertex -0.015371775677415656 8.910359751713179 13.260359751713178
      vertex -0.015371775677415656 8.859726267240275 13.29419196440139
    endloop
  endfacet
  facet normal 0.9212144791753947 0.3234875065416028 0.21614744150487408
    outer loop
      vertex -0.015371775677415656 8.94419196440139 13.209726267240274
      vertex -0.1348243101579638 9.21062397372747 13.320086018953452
      vertex -0.015371775677415656 8.910359751713179 13.260359751713178
    endloop
  endfacet
  facet normal 0.9212144791753941 0.38157953112891646 0.07590088788047217
    outer loop
      vertex -0.015371775677415656 8.956072257612904 13.15
      vertex -0.1348243101579638 9.244456186415682 13.15
      vertex -0.1348243101579638 9.21062397372747 13.320086018953452
    endloop
  endfacet
  facet normal 0.9212144791753941 0.07590088788047217 0.38157953112891646
    outer loop
      vertex -0.015371775677415656 8.8 13.306072257612904
      vertex -0.1348243101579638 8.970086018953452 13.56062397372747
      vertex -0.1348243101579638 8.8 13.594456186415682
    endloop
  endfacet
  facet normal 0.9212144791753947 0.21614744150487408 0.3234875065416028
    outer loop
      vertex -0.015371775677415656 8.910359751713179 13.260359751713178
      vertex -0.1348243101579638 8.970086018953452 13.56062397372747
      vertex -0.015371775677415656 8.859726267240275 13.29419196440139
    endloop
  endfacet
  facet normal 0.9212144791753945 0.07590088788047501 0.38157953112891474
    outer loop
      vertex -0.015371775677415656 8.8 13.306072257612904
      vertex -0.015371775677415656 8.859726267240275 13.29419196440139
      vertex -0.1348243101579638 8.970086018953452 13.56062397372747
    endloop
  endfacet
  facet normal 0.9212144791753943 0.32348750654160235 0.21614744150487583
    outer loop
      vertex -0.015371775677415656 8.910359751713179 13.260359751713178
      vertex -0.1348243101579638 9.21062397372747 13.320086018953452
      vertex -0.1348243101579638 9.114277983354842 13.464277983354842
    endloop
  endfacet
  facet normal 0.9212144791753943 0.21614744150487583 0.32348750654160235
    outer loop
      vertex -0.015371775677415656 8.910359751713179 13.260359751713178
      vertex -0.1348243101579638 9.114277983354842 13.464277983354842
      vertex -0.1348243101579638 8.970086018953452 13.56062397372747
    endloop
  endfacet
  facet normal 0.7002145072825529 0.7002145072825535 0.13928132531715262
    outer loop
      vertex -0.1348243101579638 9.244456186415682 13.15
      vertex -0.3555438135843183 9.414542205369134 13.404551716114566
      vertex -0.1348243101579638 9.21062397372747 13.320086018953452
    endloop
  endfacet
  facet normal 0.7002145072825526 0.5936131960091016 0.39663965676027907
    outer loop
      vertex -0.1348243101579638 9.21062397372747 13.320086018953452
      vertex -0.3555438135843183 9.414542205369134 13.404551716114566
      vertex -0.1348243101579638 9.114277983354842 13.464277983354842
    endloop
  endfacet
  facet normal 0.7002145072825523 0.7002145072825543 0.13928132531715143
    outer loop
      vertex -0.1348243101579638 9.244456186415682 13.15
      vertex -0.3555438135843183 9.465175689842036 13.15
      vertex -0.3555438135843183 9.414542205369134 13.404551716114566
    endloop
  endfacet
  facet normal 0.7002145072825507 0.5936131960091009 0.39663965676028307
    outer loop
      vertex -0.1348243101579638 9.114277983354842 13.464277983354842
      vertex -0.3555438135843183 9.414542205369134 13.404551716114566
      vertex -0.3555438135843183 9.270350240967744 13.620350240967744
    endloop
  endfacet
  facet normal 0.7002145072825526 0.39663965676027907 0.5936131960091016
    outer loop
      vertex -0.1348243101579638 9.114277983354842 13.464277983354842
      vertex -0.3555438135843183 9.054551716114567 13.764542205369134
      vertex -0.1348243101579638 8.970086018953452 13.56062397372747
    endloop
  endfacet
  facet normal 0.7002145072825529 0.13928132531715262 0.7002145072825535
    outer loop
      vertex -0.1348243101579638 8.8 13.594456186415682
      vertex -0.1348243101579638 8.970086018953452 13.56062397372747
      vertex -0.3555438135843183 9.054551716114567 13.764542205369134
    endloop
  endfacet
  facet normal 0.7002145072825509 0.3966396567602832 0.593613196009101
    outer loop
      vertex -0.1348243101579638 9.114277983354842 13.464277983354842
      vertex -0.3555438135843183 9.270350240967744 13.620350240967744
      vertex -0.3555438135843183 9.054551716114567 13.764542205369134
    endloop
  endfacet
  facet normal 0.3763806770786051 0.7703275794849843 0.5147164328119475
    outer loop
      vertex -0.3555438135843183 9.414542205369134 13.404551716114566
      vertex -0.6439277423870975 9.35481593812886 13.70481593812886
      vertex -0.3555438135843183 9.270350240967744 13.620350240967744
    endloop
  endfacet
  facet normal 0.3763806770786051 0.5147164328119475 0.7703275794849843
    outer loop
      vertex -0.3555438135843183 9.270350240967744 13.620350240967744
      vertex -0.6439277423870975 9.35481593812886 13.70481593812886
      vertex -0.3555438135843183 9.054551716114567 13.764542205369134
    endloop
  endfacet
  facet normal 0.7002145072825523 0.13928132531715143 0.7002145072825543
    outer loop
      vertex -0.1348243101579638 8.8 13.594456186415682
      vertex -0.3555438135843183 9.054551716114567 13.764542205369134
      vertex -0.3555438135843183 8.8 13.815175689842036
    endloop
  endfacet
  facet normal 0.3763806770786063 0.18074437515937083 0.9086633352183295
    outer loop
      vertex -0.3555438135843183 8.8 13.815175689842036
      vertex -0.3555438135843183 9.054551716114567 13.764542205369134
      vertex -0.6439277423870975 8.8 13.934628224322585
    endloop
  endfacet
  facet normal 0.3763806770786005 0.7703275794849889 0.5147164328119439
    outer loop
      vertex -0.3555438135843183 9.414542205369134 13.404551716114566
      vertex -0.6439277423870975 9.52490195708231 13.450264222014292
      vertex -0.6439277423870975 9.35481593812886 13.70481593812886
    endloop
  endfacet
  facet normal 0.3763806770786043 0.5147164328119468 0.7703275794849851
    outer loop
      vertex -0.3555438135843183 9.054551716114567 13.764542205369134
      vertex -0.6439277423870975 9.35481593812886 13.70481593812886
      vertex -0.6439277423870975 9.100264222014292 13.874901957082312
    endloop
  endfacet
  facet normal 0.3763806770786043 0.18074437515937344 0.90866333521833
    outer loop
      vertex -0.3555438135843183 9.054551716114567 13.764542205369134
      vertex -0.6439277423870975 9.100264222014292 13.874901957082312
      vertex -0.6439277423870975 8.8 13.934628224322585
    endloop
  endfacet
  facet normal 0 0 1
    outer loop
      vertex -4.806072257612903 -8.8 13.934628224322585
      vertex -0.6439277423870975 8.8 13.934628224322585
      vertex -4.806072257612903 8.8 13.934628224322585
    endloop
  endfacet
  facet normal 0 0.5555702330196014 0.8314696123025458
    outer loop
      vertex -0.6439277423870975 9.35481593812886 13.70481593812886
      vertex -4.806072257612903 9.35481593812886 13.70481593812886
      vertex -0.6439277423870975 9.100264222014292 13.874901957082312
    endloop
  endfacet
  facet normal 0 0.19509032201612783 0.9807852804032305
    outer loop
      vertex -0.6439277423870975 8.8 13.934628224322585
      vertex -0.6439277423870975 9.100264222014292 13.874901957082312
      vertex -4.806072257612903 9.100264222014292 13.874901957082312
    endloop
  endfacet
  facet normal 0 0.8314696123025486 0.5555702330195974
    outer loop
      vertex -0.6439277423870975 9.35481593812886 13.70481593812886
      vertex -4.806072257612903 9.52490195708231 13.450264222014292
      vertex -4.806072257612903 9.35481593812886 13.70481593812886
    endloop
  endfacet
  facet normal 0 0.5555702330196014 0.8314696123025458
    outer loop
      vertex -0.6439277423870975 9.100264222014292 13.874901957082312
      vertex -4.806072257612903 9.35481593812886 13.70481593812886
      vertex -4.806072257612903 9.100264222014292 13.874901957082312
    endloop
  endfacet
  facet normal 0 0.19509032201612783 0.9807852804032305
    outer loop
      vertex -0.6439277423870975 8.8 13.934628224322585
      vertex -4.806072257612903 9.100264222014292 13.874901957082312
      vertex -4.806072257612903 8.8 13.934628224322585
    endloop
  endfacet
  facet normal 0.38268343236509333 0.9238795325112852 0
    outer loop
      vertex -0.6439277423870975 9.584628224322586 7.9346282243225845
      vertex -0.6439277423870975 9.584628224322586 13.15
      vertex -0.3555438135843183 9.465175689842036 13.15
    endloop
  endfacet
  facet normal 0 1 0
    outer loop
      vertex -0.6439277423870975 9.584628224322586 13.15
      vertex -1.359074173710932 9.584628224322586 10.091180954897482
      vertex -1.3250000000000002 9.584628224322586 10.350000000000001
    endloop
  endfacet
  facet normal 0 1 0
    outer loop
      vertex -0.6439277423870975 9.584628224322586 13.15
      vertex -1.3250000000000002 9.584628224322586 10.350000000000001
      vertex -1.359074173710932 9.584628224322586 10.608819045102521
    endloop
  endfacet
  facet normal 0 1 0
    outer loop
      vertex -0.6439277423870975 9.584628224322586 13.15
      vertex -1.359074173710932 9.584628224322586 10.608819045102521
      vertex -1.4589745962155616 9.584628224322586 10.850000000000001
    endloop
  endfacet
  facet normal 0 1 0
    outer loop
      vertex -0.6439277423870975 9.584628224322586 13.15
      vertex -1.4589745962155616 9.584628224322586 10.850000000000001
      vertex -1.6178932188134527 9.584628224322586 11.05710678118655
    endloop
  endfacet
  facet normal 0 1 0
    outer loop
      vertex -0.6439277423870975 9.584628224322586 13.15
      vertex -1.6178932188134527 9.584628224322586 11.05710678118655
      vertex -1.8250000000000002 9.584628224322586 11.21602540378444
    endloop
  endfacet
  facet normal 0 1 0
    outer loop
      vertex -0.6439277423870975 9.584628224322586 13.15
      vertex -1.8250000000000002 9.584628224322586 11.21602540378444
      vertex -2.0661809548974794 9.584628224322586 11.31592582628907
    endloop
  endfacet
  facet normal 0 1 0
    outer loop
      vertex -0.6439277423870975 9.584628224322586 13.15
      vertex -2.0661809548974794 9.584628224322586 11.31592582628907
      vertex -2.325 9.584628224322586 11.350000000000001
    endloop
  endfacet
  facet normal 0.3763806770786064 0.9086633352183298 0.18074437515937086
    outer loop
      vertex -0.3555438135843183 9.465175689842036 13.15
      vertex -0.6439277423870975 9.584628224322586 13.15
      vertex -0.3555438135843183 9.414542205369134 13.404551716114566
    endloop
  endfacet
  facet normal 0.3763806770785998 0.9086633352183306 0.1807443751593789
    outer loop
      vertex -0.3555438135843183 9.414542205369134 13.404551716114566
      vertex -0.6439277423870975 9.584628224322586 13.15
      vertex -0.6439277423870975 9.52490195708231 13.450264222014292
    endloop
  endfacet
  facet normal 0 1 0
    outer loop
      vertex -4.806072257612903 9.584628224322586 13.15
      vertex -2.325 9.584628224322586 11.350000000000001
      vertex -2.583819045102521 9.584628224322586 11.31592582628907
    endloop
  endfacet
  facet normal 0 1 0
    outer loop
      vertex -4.806072257612903 9.584628224322586 13.15
      vertex -3.0321067811865476 9.584628224322586 11.05710678118655
      vertex -3.1910254037844386 9.584628224322586 10.850000000000001
    endloop
  endfacet
  facet normal 0 1 0
    outer loop
      vertex -4.806072257612903 9.584628224322586 13.15
      vertex -2.583819045102521 9.584628224322586 11.31592582628907
      vertex -2.825 9.584628224322586 11.21602540378444
    endloop
  endfacet
  facet normal 0 1 0
    outer loop
      vertex -4.806072257612903 9.584628224322586 13.15
      vertex -2.825 9.584628224322586 11.21602540378444
      vertex -3.0321067811865476 9.584628224322586 11.05710678118655
    endloop
  endfacet
  facet normal 0 1 0
    outer loop
      vertex -0.6439277423870975 9.584628224322586 13.15
      vertex -2.325 9.584628224322586 11.350000000000001
      vertex -4.806072257612903 9.584628224322586 13.15
    endloop
  endfacet
  facet normal 0 0.9807852804032295 0.19509032201613344
    outer loop
      vertex -0.6439277423870975 9.584628224322586 13.15
      vertex -4.806072257612903 9.52490195708231 13.450264222014292
      vertex -0.6439277423870975 9.52490195708231 13.450264222014292
    endloop
  endfacet
  facet normal 0 0.8314696123025486 0.5555702330195974
    outer loop
      vertex -0.6439277423870975 9.35481593812886 13.70481593812886
      vertex -0.6439277423870975 9.52490195708231 13.450264222014292
      vertex -4.806072257612903 9.52490195708231 13.450264222014292
    endloop
  endfacet
  facet normal 0 0.9807852804032295 0.19509032201613344
    outer loop
      vertex -0.6439277423870975 9.584628224322586 13.15
      vertex -4.806072257612903 9.584628224322586 13.15
      vertex -4.806072257612903 9.52490195708231 13.450264222014292
    endloop
  endfacet
  facet normal -1 0 0
    outer loop
      vertex -5.4346282243225845 -8.956072257612904 7.9346282243225845
      vertex -5.4346282243225845 8.956072257612904 13.15
      vertex -5.4346282243225845 8.956072257612904 7.9346282243225845
    endloop
  endfacet
  facet normal -0.7071067811865461 0.7071067811865489 0
    outer loop
      vertex -5.094456186415682 9.465175689842036 7.9346282243225845
      vertex -5.315175689842037 9.244456186415682 7.9346282243225845
      vertex -5.094456186415682 9.465175689842036 13.15
    endloop
  endfacet
  facet normal -0.9238795325112867 0.38268343236508945 0
    outer loop
      vertex -5.315175689842037 9.244456186415682 7.9346282243225845
      vertex -5.4346282243225845 8.956072257612904 7.9346282243225845
      vertex -5.315175689842037 9.244456186415682 13.15
    endloop
  endfacet
  facet normal -1 0 0
    outer loop
      vertex -7.4346282243225845 16.161012927734113 6.645810826744789
      vertex -7.4346282243225845 -18.15 7.306072257612903
      vertex -7.4346282243225845 16.15 7.306072257612903
    endloop
  endfacet
  facet normal -0.9238795325112873 0 0.3826834323650885
    outer loop
      vertex -7.315175689842037 -18.15 7.594456186415682
      vertex -7.315175689842037 16.15 7.594456186415682
      vertex -7.4346282243225845 16.15 7.306072257612903
    endloop
  endfacet
  facet normal -0.7071067811865475 0 0.7071067811865475
    outer loop
      vertex -7.315175689842037 -18.15 7.594456186415682
      vertex -7.094456186415682 16.15 7.815175689842037
      vertex -7.315175689842037 16.15 7.594456186415682
    endloop
  endfacet
  facet normal -0.3826834323650885 0 0.9238795325112873
    outer loop
      vertex -6.806072257612903 -18.15 7.9346282243225845
      vertex -6.806072257612903 16.15 7.9346282243225845
      vertex -7.094456186415682 16.15 7.815175689842037
    endloop
  endfacet
  facet normal 0 0 1
    outer loop
      vertex -5.4346282243225845 -8.956072257612904 7.9346282243225845
      vertex -5.4346282243225845 8.956072257612904 7.9346282243225845
      vertex -6.806072257612903 16.15 7.9346282243225845
    endloop
  endfacet
  facet normal 0 1 0
    outer loop
      vertex -4.493927742387098 9.584628224322586 7.9346282243225845
      vertex -4.806072257612903 9.584628224322586 7.9346282243225845
      vertex -3.1910254037844386 9.584628224322586 9.850000000000001
    endloop
  endfacet
  facet normal 0 0 1
    outer loop
      vertex -4.493927742387098 9.584628224322586 7.9346282243225845
      vertex -4.493927742387098 10.07700535892211 7.9346282243225845
      vertex -4.806072257612903 9.584628224322586 7.9346282243225845
    endloop
  endfacet
  facet normal 0 0 1
    outer loop
      vertex -5.094456186415682 9.465175689842036 7.9346282243225845
      vertex -4.806072257612903 9.584628224322586 7.9346282243225845
      vertex -6.806072257612903 16.15 7.9346282243225845
    endloop
  endfacet
  facet normal 0 0 1
    outer loop
      vertex -4.493927742387098 10.07700535892211 7.9346282243225845
      vertex -4.806072257612903 16.15 7.9346282243225845
      vertex -4.806072257612903 9.584628224322586 7.9346282243225845
    endloop
  endfacet
  facet normal 0 0 1
    outer loop
      vertex -4.806072257612903 9.584628224322586 7.9346282243225845
      vertex -4.806072257612903 16.15 7.9346282243225845
      vertex -6.806072257612903 16.15 7.9346282243225845
    endloop
  endfacet
  facet normal 0 0 1
    outer loop
      vertex -0.6439277423870975 16.15 7.9346282243225845
      vertex -6.806072257612903 18.15 7.9346282243225845
      vertex -4.806072257612903 16.15 7.9346282243225845
    endloop
  endfacet
  facet normal 0 0.9807852804032297 0.1950903220161329
    outer loop
      vertex -0.6439277423870975 18.934628224322584 7.15
      vertex -6.806072257612903 18.934628224322584 7.15
      vertex -6.806072257612903 18.874901957082308 7.450264222014293
    endloop
  endfacet
  facet normal 0 0.8314696123025449 0.5555702330196028
    outer loop
      vertex -0.6439277423870975 18.704815938128856 7.70481593812886
      vertex -6.806072257612903 18.874901957082308 7.450264222014293
      vertex -6.806072257612903 18.704815938128856 7.70481593812886
    endloop
  endfacet
  facet normal 0 0.5555702330196022 0.8314696123025453
    outer loop
      vertex -0.6439277423870975 18.45026422201429 7.874901957082311
      vertex -6.806072257612903 18.704815938128856 7.70481593812886
      vertex -6.806072257612903 18.45026422201429 7.874901957082311
    endloop
  endfacet
  facet normal 0 0.19509032201612786 0.9807852804032305
    outer loop
      vertex -0.6439277423870975 18.45026422201429 7.874901957082311
      vertex -6.806072257612903 18.45026422201429 7.874901957082311
      vertex -6.806072257612903 18.15 7.9346282243225845
    endloop
  endfacet
  facet normal 0 1 0
    outer loop
      vertex -4.806072257612903 9.584628224322586 7.9346282243225845
      vertex -3.2909258262890684 9.584628224322586 10.091180954897482
      vertex -3.1910254037844386 9.584628224322586 9.850000000000001
    endloop
  endfacet
  facet normal 0 1 0
    outer loop
      vertex -4.806072257612903 9.584628224322586 7.9346282243225845
      vertex -3.325 9.584628224322586 10.350000000000001
      vertex -3.2909258262890684 9.584628224322586 10.091180954897482
    endloop
  endfacet
  facet normal 0 1 0
    outer loop
      vertex -4.806072257612903 9.584628224322586 7.9346282243225845
      vertex -3.2909258262890684 9.584628224322586 10.608819045102521
      vertex -3.325 9.584628224322586 10.350000000000001
    endloop
  endfacet
  facet normal -0.38268343236509333 0.9238795325112852 0
    outer loop
      vertex -5.094456186415682 9.465175689842036 7.9346282243225845
      vertex -5.094456186415682 9.465175689842036 13.15
      vertex -4.806072257612903 9.584628224322586 7.9346282243225845
    endloop
  endfacet
  facet normal 0 0 1
    outer loop
      vertex -5.094456186415682 9.465175689842036 7.9346282243225845
      vertex -6.806072257612903 16.15 7.9346282243225845
      vertex -5.315175689842037 9.244456186415682 7.9346282243225845
    endloop
  endfacet
  facet normal 0 0 1
    outer loop
      vertex -5.315175689842037 9.244456186415682 7.9346282243225845
      vertex -6.806072257612903 16.15 7.9346282243225845
      vertex -5.4346282243225845 8.956072257612904 7.9346282243225845
    endloop
  endfacet
  facet normal 0 0 1
    outer loop
      vertex -4.806072257612903 16.15 7.9346282243225845
      vertex -6.806072257612903 18.15 7.9346282243225845
      vertex -6.806072257612903 16.15 7.9346282243225845
    endloop
  endfacet
  facet normal -0.3763806770785997 0.9086633352183308 0.1807443751593784
    outer loop
      vertex -6.806072257612903 18.934628224322584 7.15
      vertex -7.094456186415682 18.764542205369132 7.404551716114567
      vertex -6.806072257612903 18.874901957082308 7.450264222014293
    endloop
  endfacet
  facet normal -0.37638067707860007 0.7703275794849856 0.514716432811949
    outer loop
      vertex -6.806072257612903 18.874901957082308 7.450264222014293
      vertex -7.094456186415682 18.764542205369132 7.404551716114567
      vertex -6.806072257612903 18.704815938128856 7.70481593812886
    endloop
  endfacet
  facet normal -0.37638067707860223 0.5147164328119479 0.7703275794849854
    outer loop
      vertex -6.806072257612903 18.704815938128856 7.70481593812886
      vertex -7.094456186415682 18.404551716114565 7.764542205369134
      vertex -6.806072257612903 18.45026422201429 7.874901957082311
    endloop
  endfacet
  facet normal -1 0 0
    outer loop
      vertex -7.4346282243225845 16.15 7.306072257612903
      vertex -7.4346282243225845 18.29419196440139 7.209726267240274
      vertex -7.4346282243225845 18.3060722576129 7.15
    endloop
  endfacet
  facet normal -1 0 0
    outer loop
      vertex -7.4346282243225845 16.15 7.306072257612903
      vertex -7.4346282243225845 18.260359751713175 7.260359751713177
      vertex -7.4346282243225845 18.29419196440139 7.209726267240274
    endloop
  endfacet
  facet normal -1 0 0
    outer loop
      vertex -7.4346282243225845 16.15 7.306072257612903
      vertex -7.4346282243225845 18.209726267240274 7.2941919644013895
      vertex -7.4346282243225845 18.260359751713175 7.260359751713177
    endloop
  endfacet
  facet normal -1 0 0
    outer loop
      vertex -7.4346282243225845 16.15 7.306072257612903
      vertex -7.4346282243225845 18.15 7.306072257612903
      vertex -7.4346282243225845 18.209726267240274 7.2941919644013895
    endloop
  endfacet
  facet normal -0.9238795325112874 0 0.3826834323650885
    outer loop
      vertex -7.4346282243225845 16.15 7.306072257612903
      vertex -7.315175689842037 18.15 7.594456186415682
      vertex -7.4346282243225845 18.15 7.306072257612903
    endloop
  endfacet
  facet normal -0.3763806770786011 0.9086633352183306 0.18074437515937675
    outer loop
      vertex -6.806072257612903 18.934628224322584 7.15
      vertex -7.094456186415682 18.815175689842036 7.15
      vertex -7.094456186415682 18.764542205369132 7.404551716114567
    endloop
  endfacet
  facet normal -0.7002145072825544 0.7002145072825516 0.1392813253171553
    outer loop
      vertex -7.094456186415682 18.815175689842036 7.15
      vertex -7.315175689842037 18.59445618641568 7.15
      vertex -7.094456186415682 18.764542205369132 7.404551716114567
    endloop
  endfacet
  facet normal -0.9212144791753959 0.3815795311289135 0.07590088788046341
    outer loop
      vertex -7.4346282243225845 18.3060722576129 7.15
      vertex -7.4346282243225845 18.29419196440139 7.209726267240274
      vertex -7.315175689842037 18.59445618641568 7.15
    endloop
  endfacet
  facet normal -0.9212144791753965 0.32348750654159236 0.21614744150488222
    outer loop
      vertex -7.4346282243225845 18.29419196440139 7.209726267240274
      vertex -7.4346282243225845 18.260359751713175 7.260359751713177
      vertex -7.315175689842037 18.46427798335484 7.464277983354841
    endloop
  endfacet
  facet normal -0.9212144791753961 0.21614744150488252 0.3234875065415928
    outer loop
      vertex -7.4346282243225845 18.260359751713175 7.260359751713177
      vertex -7.4346282243225845 18.209726267240274 7.2941919644013895
      vertex -7.315175689842037 18.46427798335484 7.464277983354841
    endloop
  endfacet
  facet normal -0.921214479175395 0.07590088788047256 0.3815795311289138
    outer loop
      vertex -7.4346282243225845 18.209726267240274 7.2941919644013895
      vertex -7.4346282243225845 18.15 7.306072257612903
      vertex -7.315175689842037 18.32008601895345 7.56062397372747
    endloop
  endfacet
  facet normal -0.7002145072825564 0.7002145072825486 0.139281325317159
    outer loop
      vertex -7.094456186415682 18.764542205369132 7.404551716114567
      vertex -7.315175689842037 18.59445618641568 7.15
      vertex -7.315175689842037 18.560623973727466 7.320086018953452
    endloop
  endfacet
  facet normal -0.7002145072825559 0.5936131960091012 0.396639656760274
    outer loop
      vertex -7.094456186415682 18.764542205369132 7.404551716114567
      vertex -7.315175689842037 18.560623973727466 7.320086018953452
      vertex -7.315175689842037 18.46427798335484 7.464277983354841
    endloop
  endfacet
  facet normal -0.921214479175394 0.38157953112891524 0.07590088788047594
    outer loop
      vertex -7.315175689842037 18.59445618641568 7.15
      vertex -7.4346282243225845 18.29419196440139 7.209726267240274
      vertex -7.315175689842037 18.560623973727466 7.320086018953452
    endloop
  endfacet
  facet normal -0.9212144791753945 0.32348750654160346 0.21614744150487392
    outer loop
      vertex -7.4346282243225845 18.29419196440139 7.209726267240274
      vertex -7.315175689842037 18.46427798335484 7.464277983354841
      vertex -7.315175689842037 18.560623973727466 7.320086018953452
    endloop
  endfacet
  facet normal -0.7071067811865475 0 0.7071067811865475
    outer loop
      vertex -7.094456186415682 16.15 7.815175689842037
      vertex -7.094456186415682 18.15 7.815175689842037
      vertex -7.315175689842037 16.15 7.594456186415682
    endloop
  endfacet
  facet normal -0.9238795325112874 0 0.3826834323650885
    outer loop
      vertex -7.4346282243225845 16.15 7.306072257612903
      vertex -7.315175689842037 16.15 7.594456186415682
      vertex -7.315175689842037 18.15 7.594456186415682
    endloop
  endfacet
  facet normal -0.7071067811865475 0 0.7071067811865475
    outer loop
      vertex -7.315175689842037 16.15 7.594456186415682
      vertex -7.094456186415682 18.15 7.815175689842037
      vertex -7.315175689842037 18.15 7.594456186415682
    endloop
  endfacet
  facet normal -0.37638067707860123 0.7703275794849845 0.5147164328119499
    outer loop
      vertex -6.806072257612903 18.704815938128856 7.70481593812886
      vertex -7.094456186415682 18.764542205369132 7.404551716114567
      vertex -7.094456186415682 18.620350240967742 7.620350240967744
    endloop
  endfacet
  facet normal -0.7002145072825514 0.5936131960090998 0.3966396567602839
    outer loop
      vertex -7.094456186415682 18.764542205369132 7.404551716114567
      vertex -7.315175689842037 18.46427798335484 7.464277983354841
      vertex -7.094456186415682 18.620350240967742 7.620350240967744
    endloop
  endfacet
  facet normal -0.7002145072825516 0.3966396567602826 0.5936131960091003
    outer loop
      vertex -7.094456186415682 18.620350240967742 7.620350240967744
      vertex -7.315175689842037 18.46427798335484 7.464277983354841
      vertex -7.094456186415682 18.404551716114565 7.764542205369134
    endloop
  endfacet
  facet normal -0.37638067707860196 0.18074437515937425 0.9086633352183308
    outer loop
      vertex -7.094456186415682 18.15 7.815175689842037
      vertex -6.806072257612903 18.45026422201429 7.874901957082311
      vertex -7.094456186415682 18.404551716114565 7.764542205369134
    endloop
  endfacet
  facet normal -0.7002145072825526 0.13928132531715373 0.7002145072825535
    outer loop
      vertex -7.094456186415682 18.15 7.815175689842037
      vertex -7.094456186415682 18.404551716114565 7.764542205369134
      vertex -7.315175689842037 18.32008601895345 7.56062397372747
    endloop
  endfacet
  facet normal -0.3763806770786024 0.5147164328119481 0.7703275794849852
    outer loop
      vertex -6.806072257612903 18.704815938128856 7.70481593812886
      vertex -7.094456186415682 18.620350240967742 7.620350240967744
      vertex -7.094456186415682 18.404551716114565 7.764542205369134
    endloop
  endfacet
  facet normal -0.9212144791753948 0.21614744150487672 0.32348750654160063
    outer loop
      vertex -7.4346282243225845 18.209726267240274 7.2941919644013895
      vertex -7.315175689842037 18.32008601895345 7.56062397372747
      vertex -7.315175689842037 18.46427798335484 7.464277983354841
    endloop
  endfacet
  facet normal -0.9212144791753949 0.07590088788047174 0.38157953112891424
    outer loop
      vertex -7.4346282243225845 18.15 7.306072257612903
      vertex -7.315175689842037 18.15 7.594456186415682
      vertex -7.315175689842037 18.32008601895345 7.56062397372747
    endloop
  endfacet
  facet normal -0.7002145072825521 0.39663965676028207 0.5936131960091005
    outer loop
      vertex -7.094456186415682 18.404551716114565 7.764542205369134
      vertex -7.315175689842037 18.46427798335484 7.464277983354841
      vertex -7.315175689842037 18.32008601895345 7.56062397372747
    endloop
  endfacet
  facet normal -0.7002145072825532 0.13928132531715265 0.7002145072825532
    outer loop
      vertex -7.094456186415682 18.15 7.815175689842037
      vertex -7.315175689842037 18.32008601895345 7.56062397372747
      vertex -7.315175689842037 18.15 7.594456186415682
    endloop
  endfacet
  facet normal -0.3826834323650885 0 0.9238795325112874
    outer loop
      vertex -7.094456186415682 16.15 7.815175689842037
      vertex -6.806072257612903 16.15 7.9346282243225845
      vertex -6.806072257612903 18.15 7.9346282243225845
    endloop
  endfacet
  facet normal -0.37638067707860134 0.18074437515937364 0.9086633352183312
    outer loop
      vertex -7.094456186415682 18.15 7.815175689842037
      vertex -6.806072257612903 18.15 7.9346282243225845
      vertex -6.806072257612903 18.45026422201429 7.874901957082311
    endloop
  endfacet
  facet normal -0.3826834323650885 0 0.9238795325112874
    outer loop
      vertex -7.094456186415682 16.15 7.815175689842037
      vertex -6.806072257612903 18.15 7.9346282243225845
      vertex -7.094456186415682 18.15 7.815175689842037
    endloop
  endfacet
  facet normal -1 0 0
    outer loop
      vertex -5.4346282243225845 -8.956072257612904 7.9346282243225845
      vertex -5.4346282243225845 8.859726267240275 13.29419196440139
      vertex -5.4346282243225845 8.910359751713179 13.260359751713178
    endloop
  endfacet
  facet normal -1 0 0
    outer loop
      vertex -5.4346282243225845 -8.956072257612904 7.9346282243225845
      vertex -5.4346282243225845 8.8 13.306072257612904
      vertex -5.4346282243225845 8.859726267240275 13.29419196440139
    endloop
  endfacet
  facet normal -1 0 0
    outer loop
      vertex -5.4346282243225845 -8.956072257612904 7.9346282243225845
      vertex -5.4346282243225845 8.94419196440139 13.209726267240274
      vertex -5.4346282243225845 8.956072257612904 13.15
    endloop
  endfacet
  facet normal -1 0 0
    outer loop
      vertex -5.4346282243225845 -8.956072257612904 7.9346282243225845
      vertex -5.4346282243225845 8.910359751713179 13.260359751713178
      vertex -5.4346282243225845 8.94419196440139 13.209726267240274
    endloop
  endfacet
  facet normal -0.7071067811865461 0.7071067811865489 0
    outer loop
      vertex -5.315175689842037 9.244456186415682 7.9346282243225845
      vertex -5.315175689842037 9.244456186415682 13.15
      vertex -5.094456186415682 9.465175689842036 13.15
    endloop
  endfacet
  facet normal -0.9238795325112867 0.38268343236508945 0
    outer loop
      vertex -5.4346282243225845 8.956072257612904 7.9346282243225845
      vertex -5.4346282243225845 8.956072257612904 13.15
      vertex -5.315175689842037 9.244456186415682 13.15
    endloop
  endfacet
  facet normal -0.38268343236509333 0 0.9238795325112852
    outer loop
      vertex -4.806072257612903 -8.8 13.934628224322585
      vertex -4.806072257612903 8.8 13.934628224322585
      vertex -5.094456186415682 8.8 13.815175689842036
    endloop
  endfacet
  facet normal -0.923879532511287 0 0.3826834323650895
    outer loop
      vertex -5.4346282243225845 -8.8 13.306072257612904
      vertex -5.315175689842037 8.8 13.594456186415682
      vertex -5.4346282243225845 8.8 13.306072257612904
    endloop
  endfacet
  facet normal -0.7071067811865461 0 0.7071067811865489
    outer loop
      vertex -5.315175689842037 -8.8 13.594456186415682
      vertex -5.094456186415682 8.8 13.815175689842036
      vertex -5.315175689842037 8.8 13.594456186415682
    endloop
  endfacet
  facet normal -0.3763806770786005 0.7703275794849889 0.5147164328119439
    outer loop
      vertex -5.094456186415682 9.414542205369134 13.404551716114566
      vertex -4.806072257612903 9.35481593812886 13.70481593812886
      vertex -4.806072257612903 9.52490195708231 13.450264222014292
    endloop
  endfacet
  facet normal -0.3763806770786051 0.7703275794849843 0.5147164328119475
    outer loop
      vertex -5.094456186415682 9.414542205369134 13.404551716114566
      vertex -5.094456186415682 9.270350240967744 13.620350240967744
      vertex -4.806072257612903 9.35481593812886 13.70481593812886
    endloop
  endfacet
  facet normal -0.3763806770786052 0.5147164328119476 0.7703275794849843
    outer loop
      vertex -4.806072257612903 9.35481593812886 13.70481593812886
      vertex -5.094456186415682 9.270350240967744 13.620350240967744
      vertex -5.094456186415682 9.054551716114567 13.764542205369134
    endloop
  endfacet
  facet normal -0.3763806770786044 0.5147164328119469 0.7703275794849852
    outer loop
      vertex -4.806072257612903 9.35481593812886 13.70481593812886
      vertex -5.094456186415682 9.054551716114567 13.764542205369134
      vertex -4.806072257612903 9.100264222014292 13.874901957082312
    endloop
  endfacet
  facet normal -0.3763806770786042 0.1807443751593734 0.90866333521833
    outer loop
      vertex -4.806072257612903 8.8 13.934628224322585
      vertex -4.806072257612903 9.100264222014292 13.874901957082312
      vertex -5.094456186415682 9.054551716114567 13.764542205369134
    endloop
  endfacet
  facet normal -0.3763806770786063 0.18074437515937083 0.9086633352183295
    outer loop
      vertex -4.806072257612903 8.8 13.934628224322585
      vertex -5.094456186415682 9.054551716114567 13.764542205369134
      vertex -5.094456186415682 8.8 13.815175689842036
    endloop
  endfacet
  facet normal -0.7002145072825519 0.7002145072825546 0.1392813253171515
    outer loop
      vertex -5.094456186415682 9.465175689842036 13.15
      vertex -5.315175689842037 9.244456186415682 13.15
      vertex -5.094456186415682 9.414542205369134 13.404551716114566
    endloop
  endfacet
  facet normal -0.7002145072825504 0.5936131960091013 0.3966396567602833
    outer loop
      vertex -5.094456186415682 9.414542205369134 13.404551716114566
      vertex -5.315175689842037 9.114277983354842 13.464277983354842
      vertex -5.094456186415682 9.270350240967744 13.620350240967744
    endloop
  endfacet
  facet normal -0.7002145072825526 0.7002145072825539 0.13928132531715265
    outer loop
      vertex -5.094456186415682 9.414542205369134 13.404551716114566
      vertex -5.315175689842037 9.244456186415682 13.15
      vertex -5.315175689842037 9.21062397372747 13.320086018953452
    endloop
  endfacet
  facet normal -0.7002145072825523 0.5936131960091018 0.39663965676027935
    outer loop
      vertex -5.094456186415682 9.414542205369134 13.404551716114566
      vertex -5.315175689842037 9.21062397372747 13.320086018953452
      vertex -5.315175689842037 9.114277983354842 13.464277983354842
    endloop
  endfacet
  facet normal -0.9212144791753945 0.38157953112891524 0.07590088788047195
    outer loop
      vertex -5.315175689842037 9.244456186415682 13.15
      vertex -5.4346282243225845 8.956072257612904 13.15
      vertex -5.315175689842037 9.21062397372747 13.320086018953452
    endloop
  endfacet
  facet normal -0.921214479175395 0.3815795311289137 0.07590088788047494
    outer loop
      vertex -5.315175689842037 9.21062397372747 13.320086018953452
      vertex -5.4346282243225845 8.956072257612904 13.15
      vertex -5.4346282243225845 8.94419196440139 13.209726267240274
    endloop
  endfacet
  facet normal -0.9212144791753951 0.3234875065416018 0.21614744150487333
    outer loop
      vertex -5.315175689842037 9.21062397372747 13.320086018953452
      vertex -5.4346282243225845 8.94419196440139 13.209726267240274
      vertex -5.4346282243225845 8.910359751713179 13.260359751713178
    endloop
  endfacet
  facet normal -0.9212144791753945 0.075900887880472 0.38157953112891524
    outer loop
      vertex -5.4346282243225845 8.8 13.306072257612904
      vertex -5.315175689842037 8.8 13.594456186415682
      vertex -5.315175689842037 8.970086018953452 13.56062397372747
    endloop
  endfacet
  facet normal -0.9212144791753951 0.21614744150487336 0.3234875065416018
    outer loop
      vertex -5.4346282243225845 8.910359751713179 13.260359751713178
      vertex -5.4346282243225845 8.859726267240275 13.29419196440139
      vertex -5.315175689842037 8.970086018953452 13.56062397372747
    endloop
  endfacet
  facet normal -0.921214479175395 0.07590088788047478 0.3815795311289136
    outer loop
      vertex -5.4346282243225845 8.8 13.306072257612904
      vertex -5.315175689842037 8.970086018953452 13.56062397372747
      vertex -5.4346282243225845 8.859726267240275 13.29419196440139
    endloop
  endfacet
  facet normal -0.9212144791753949 0.3234875065416013 0.21614744150487517
    outer loop
      vertex -5.315175689842037 9.21062397372747 13.320086018953452
      vertex -5.4346282243225845 8.910359751713179 13.260359751713178
      vertex -5.315175689842037 9.114277983354842 13.464277983354842
    endloop
  endfacet
  facet normal -0.9212144791753949 0.21614744150487517 0.3234875065416013
    outer loop
      vertex -5.315175689842037 9.114277983354842 13.464277983354842
      vertex -5.4346282243225845 8.910359751713179 13.260359751713178
      vertex -5.315175689842037 8.970086018953452 13.56062397372747
    endloop
  endfacet
  facet normal -0.7002145072825505 0.3966396567602833 0.5936131960091013
    outer loop
      vertex -5.094456186415682 9.270350240967744 13.620350240967744
      vertex -5.315175689842037 9.114277983354842 13.464277983354842
      vertex -5.094456186415682 9.054551716114567 13.764542205369134
    endloop
  endfacet
  facet normal -0.7002145072825523 0.39663965676027935 0.5936131960091018
    outer loop
      vertex -5.094456186415682 9.054551716114567 13.764542205369134
      vertex -5.315175689842037 9.114277983354842 13.464277983354842
      vertex -5.315175689842037 8.970086018953452 13.56062397372747
    endloop
  endfacet
  facet normal -0.7002145072825526 0.13928132531715265 0.7002145072825539
    outer loop
      vertex -5.094456186415682 9.054551716114567 13.764542205369134
      vertex -5.315175689842037 8.970086018953452 13.56062397372747
      vertex -5.315175689842037 8.8 13.594456186415682
    endloop
  endfacet
  facet normal -0.7002145072825519 0.1392813253171515 0.7002145072825546
    outer loop
      vertex -5.094456186415682 8.8 13.815175689842036
      vertex -5.094456186415682 9.054551716114567 13.764542205369134
      vertex -5.315175689842037 8.8 13.594456186415682
    endloop
  endfacet
  facet normal 0 1 0
    outer loop
      vertex -4.806072257612903 9.584628224322586 7.9346282243225845
      vertex -4.806072257612903 9.584628224322586 13.15
      vertex -3.2909258262890684 9.584628224322586 10.608819045102521
    endloop
  endfacet
  facet normal 0 1 0
    outer loop
      vertex -4.806072257612903 9.584628224322586 13.15
      vertex -3.1910254037844386 9.584628224322586 10.850000000000001
      vertex -3.2909258262890684 9.584628224322586 10.608819045102521
    endloop
  endfacet
  facet normal -0.38268343236509333 0.9238795325112852 0
    outer loop
      vertex -4.806072257612903 9.584628224322586 7.9346282243225845
      vertex -5.094456186415682 9.465175689842036 13.15
      vertex -4.806072257612903 9.584628224322586 13.15
    endloop
  endfacet
  facet normal -0.3763806770786064 0.9086633352183298 0.18074437515937086
    outer loop
      vertex -5.094456186415682 9.465175689842036 13.15
      vertex -5.094456186415682 9.414542205369134 13.404551716114566
      vertex -4.806072257612903 9.584628224322586 13.15
    endloop
  endfacet
  facet normal -0.3763806770785998 0.9086633352183306 0.1807443751593789
    outer loop
      vertex -5.094456186415682 9.414542205369134 13.404551716114566
      vertex -4.806072257612903 9.52490195708231 13.450264222014292
      vertex -4.806072257612903 9.584628224322586 13.15
    endloop
  endfacet
  facet normal -0.707106781186548 0 0.707106781186547
    outer loop
      vertex -1.6373355547812949 -16.9 2.075382535551398
      vertex -1.825382535551398 -18.934628224322584 1.8873355547812949
      vertex -1.6373355547812949 -18.934628224322584 2.075382535551398
    endloop
  endfacet
  facet normal -0.8910065241883673 0 0.45399049973954775
    outer loop
      vertex -1.5166019611491195 -16.9 2.3123355547812947
      vertex -1.6373355547812949 -16.9 2.075382535551398
      vertex -1.6373355547812949 -18.934628224322584 2.075382535551398
    endloop
  endfacet
  facet normal -0.707106781186548 0 0.707106781186547
    outer loop
      vertex -1.825382535551398 -16.9 1.8873355547812949
      vertex -1.825382535551398 -18.934628224322584 1.8873355547812949
      vertex -1.6373355547812949 -16.9 2.075382535551398
    endloop
  endfacet
  facet normal -0.8910065241883673 0 0.45399049973954775
    outer loop
      vertex -1.5166019611491195 -16.9 2.3123355547812947
      vertex -1.6373355547812949 -18.934628224322584 2.075382535551398
      vertex -1.5166019611491195 -18.934628224322584 2.3123355547812947
    endloop
  endfacet
  facet normal -0.9876883405951377 0 0.15643446504023054
    outer loop
      vertex -1.475 -16.9 2.575
      vertex -1.5166019611491195 -18.934628224322584 2.3123355547812947
      vertex -1.475 -18.934628224322584 2.575
    endloop
  endfacet
  facet normal -0.9876883405951377 0 0.15643446504023054
    outer loop
      vertex -1.5166019611491195 -16.9 2.3123355547812947
      vertex -1.5166019611491195 -18.934628224322584 2.3123355547812947
      vertex -1.475 -16.9 2.575
    endloop
  endfacet
  facet normal 0 -1 0
    outer loop
      vertex -1.5166019611491195 -16.9 2.3123355547812947
      vertex -1.475 -16.9 2.575
      vertex -1.5166019611491195 -16.9 2.8376644452187056
    endloop
  endfacet
  facet normal 0 -1 0
    outer loop
      vertex -1.5166019611491195 -16.9 2.3123355547812947
      vertex -1.5166019611491195 -16.9 2.8376644452187056
      vertex -1.6373355547812949 -16.9 2.075382535551398
    endloop
  endfacet
  facet normal 0 -1 0
    outer loop
      vertex -1.825382535551398 -16.9 1.8873355547812949
      vertex -1.6373355547812949 -16.9 2.075382535551398
      vertex -1.6373355547812949 -16.9 3.074617464448602
    endloop
  endfacet
  facet normal -0.9876883405951377 0 -0.15643446504023054
    outer loop
      vertex -1.5166019611491195 -16.9 2.8376644452187056
      vertex -1.475 -18.934628224322584 2.575
      vertex -1.5166019611491195 -18.934628224322584 2.8376644452187056
    endloop
  endfacet
  facet normal -0.8910065241883673 0 -0.45399049973954775
    outer loop
      vertex -1.6373355547812949 -16.9 3.074617464448602
      vertex -1.5166019611491195 -18.934628224322584 2.8376644452187056
      vertex -1.6373355547812949 -18.934628224322584 3.074617464448602
    endloop
  endfacet
  facet normal -0.9876883405951377 0 -0.15643446504023054
    outer loop
      vertex -1.475 -16.9 2.575
      vertex -1.475 -18.934628224322584 2.575
      vertex -1.5166019611491195 -16.9 2.8376644452187056
    endloop
  endfacet
  facet normal 0 -1 0
    outer loop
      vertex -1.5166019611491195 -16.9 2.8376644452187056
      vertex -1.6373355547812949 -16.9 3.074617464448602
      vertex -1.6373355547812949 -16.9 2.075382535551398
    endloop
  endfacet
  facet normal -0.8910065241883673 0 -0.45399049973954775
    outer loop
      vertex -1.5166019611491195 -16.9 2.8376644452187056
      vertex -1.5166019611491195 -18.934628224322584 2.8376644452187056
      vertex -1.6373355547812949 -16.9 3.074617464448602
    endloop
  endfacet
  facet normal 0 -1 0
    outer loop
      vertex -1.825382535551398 -16.9 1.8873355547812949
      vertex -1.6373355547812949 -16.9 3.074617464448602
      vertex -1.825382535551398 -16.9 3.2626644452187055
    endloop
  endfacet
  facet normal -0.707106781186548 0 -0.707106781186547
    outer loop
      vertex -1.825382535551398 -16.9 3.2626644452187055
      vertex -1.6373355547812949 -18.934628224322584 3.074617464448602
      vertex -1.825382535551398 -18.934628224322584 3.2626644452187055
    endloop
  endfacet
  facet normal -0.707106781186548 0 -0.707106781186547
    outer loop
      vertex -1.6373355547812949 -16.9 3.074617464448602
      vertex -1.6373355547812949 -18.934628224322584 3.074617464448602
      vertex -1.825382535551398 -16.9 3.2626644452187055
    endloop
  endfacet
  facet normal -0.15643446504023054 0 0.9876883405951377
    outer loop
      vertex -2.0623355547812947 -16.9 1.7666019611491195
      vertex -2.325 -18.934628224322584 1.725
      vertex -2.0623355547812947 -18.934628224322584 1.7666019611491195
    endloop
  endfacet
  facet normal -0.15643446504023054 0 0.9876883405951377
    outer loop
      vertex -2.325 -16.9 1.725
      vertex -2.325 -18.934628224322584 1.725
      vertex -2.0623355547812947 -16.9 1.7666019611491195
    endloop
  endfacet
  facet normal 0.15643446504023054 0 0.9876883405951377
    outer loop
      vertex -2.325 -16.9 1.725
      vertex -2.5876644452187056 -18.934628224322584 1.7666019611491195
      vertex -2.325 -18.934628224322584 1.725
    endloop
  endfacet
  facet normal 0.15643446504023054 0 0.9876883405951377
    outer loop
      vertex -2.325 -16.9 1.725
      vertex -2.5876644452187056 -16.9 1.7666019611491195
      vertex -2.5876644452187056 -18.934628224322584 1.7666019611491195
    endloop
  endfacet
  facet normal -0.45399049973954747 0 0.8910065241883676
    outer loop
      vertex -1.825382535551398 -16.9 1.8873355547812949
      vertex -2.0623355547812947 -18.934628224322584 1.7666019611491195
      vertex -1.825382535551398 -18.934628224322584 1.8873355547812949
    endloop
  endfacet
  facet normal -0.45399049973954747 0 0.8910065241883676
    outer loop
      vertex -1.825382535551398 -16.9 1.8873355547812949
      vertex -2.0623355547812947 -16.9 1.7666019611491195
      vertex -2.0623355547812947 -18.934628224322584 1.7666019611491195
    endloop
  endfacet
  facet normal 0 -1 0
    outer loop
      vertex -1.825382535551398 -16.9 1.8873355547812949
      vertex -1.825382535551398 -16.9 3.2626644452187055
      vertex -2.0623355547812947 -16.9 1.7666019611491195
    endloop
  endfacet
  facet normal 0 -1 0
    outer loop
      vertex -2.325 -16.9 1.725
      vertex -2.0623355547812947 -16.9 1.7666019611491195
      vertex -2.0623355547812947 -16.9 3.383398038850881
    endloop
  endfacet
  facet normal 0.45399049973954775 0 0.8910065241883673
    outer loop
      vertex -2.5876644452187056 -16.9 1.7666019611491195
      vertex -2.824617464448602 -18.934628224322584 1.8873355547812949
      vertex -2.5876644452187056 -18.934628224322584 1.7666019611491195
    endloop
  endfacet
  facet normal 0.45399049973954775 0 0.8910065241883673
    outer loop
      vertex -2.5876644452187056 -16.9 1.7666019611491195
      vertex -2.824617464448602 -16.9 1.8873355547812949
      vertex -2.824617464448602 -18.934628224322584 1.8873355547812949
    endloop
  endfacet
  facet normal 0 -1 0
    outer loop
      vertex -2.325 -16.9 1.725
      vertex -2.325 -16.9 3.4250000000000003
      vertex -2.5876644452187056 -16.9 1.7666019611491195
    endloop
  endfacet
  facet normal 0 -1 0
    outer loop
      vertex -2.5876644452187056 -16.9 1.7666019611491195
      vertex -2.5876644452187056 -16.9 3.383398038850881
      vertex -2.824617464448602 -16.9 1.8873355547812949
    endloop
  endfacet
  facet normal 0 -1 0
    outer loop
      vertex -2.0623355547812947 -16.9 1.7666019611491195
      vertex -1.825382535551398 -16.9 3.2626644452187055
      vertex -2.0623355547812947 -16.9 3.383398038850881
    endloop
  endfacet
  facet normal 0 -1 0
    outer loop
      vertex -2.325 -16.9 1.725
      vertex -2.0623355547812947 -16.9 3.383398038850881
      vertex -2.325 -16.9 3.4250000000000003
    endloop
  endfacet
  facet normal -0.45399049973954747 0 -0.8910065241883676
    outer loop
      vertex -2.0623355547812947 -16.9 3.383398038850881
      vertex -1.825382535551398 -18.934628224322584 3.2626644452187055
      vertex -2.0623355547812947 -18.934628224322584 3.383398038850881
    endloop
  endfacet
  facet normal -0.15643446504023054 0 -0.9876883405951377
    outer loop
      vertex -2.325 -16.9 3.4250000000000003
      vertex -2.0623355547812947 -18.934628224322584 3.383398038850881
      vertex -2.325 -18.934628224322584 3.4250000000000003
    endloop
  endfacet
  facet normal -0.45399049973954747 0 -0.8910065241883676
    outer loop
      vertex -1.825382535551398 -16.9 3.2626644452187055
      vertex -1.825382535551398 -18.934628224322584 3.2626644452187055
      vertex -2.0623355547812947 -16.9 3.383398038850881
    endloop
  endfacet
  facet normal -0.15643446504023054 0 -0.9876883405951377
    outer loop
      vertex -2.0623355547812947 -16.9 3.383398038850881
      vertex -2.0623355547812947 -18.934628224322584 3.383398038850881
      vertex -2.325 -16.9 3.4250000000000003
    endloop
  endfacet
  facet normal 0 -1 0
    outer loop
      vertex -2.5876644452187056 -16.9 1.7666019611491195
      vertex -2.325 -16.9 3.4250000000000003
      vertex -2.5876644452187056 -16.9 3.383398038850881
    endloop
  endfacet
  facet normal 0 -1 0
    outer loop
      vertex -2.824617464448602 -16.9 1.8873355547812949
      vertex -2.5876644452187056 -16.9 3.383398038850881
      vertex -2.824617464448602 -16.9 3.2626644452187055
    endloop
  endfacet
  facet normal 0.15643446504023054 0 -0.9876883405951377
    outer loop
      vertex -2.5876644452187056 -16.9 3.383398038850881
      vertex -2.325 -18.934628224322584 3.4250000000000003
      vertex -2.5876644452187056 -18.934628224322584 3.383398038850881
    endloop
  endfacet
  facet normal 0.45399049973954775 0 -0.8910065241883673
    outer loop
      vertex -2.824617464448602 -16.9 3.2626644452187055
      vertex -2.5876644452187056 -18.934628224322584 3.383398038850881
      vertex -2.824617464448602 -18.934628224322584 3.2626644452187055
    endloop
  endfacet
  facet normal 0.15643446504023054 0 -0.9876883405951377
    outer loop
      vertex -2.325 -16.9 3.4250000000000003
      vertex -2.325 -18.934628224322584 3.4250000000000003
      vertex -2.5876644452187056 -16.9 3.383398038850881
    endloop
  endfacet
  facet normal 0.45399049973954775 0 -0.8910065241883673
    outer loop
      vertex -2.5876644452187056 -16.9 3.383398038850881
      vertex -2.5876644452187056 -18.934628224322584 3.383398038850881
      vertex -2.824617464448602 -16.9 3.2626644452187055
    endloop
  endfacet
  facet normal 0.7071067811865476 0 0.7071067811865476
    outer loop
      vertex -2.824617464448602 -16.9 1.8873355547812949
      vertex -3.0126644452187055 -18.934628224322584 2.075382535551398
      vertex -2.824617464448602 -18.934628224322584 1.8873355547812949
    endloop
  endfacet
  facet normal 0.8910065241883673 0 0.45399049973954775
    outer loop
      vertex -3.0126644452187055 -16.9 2.075382535551398
      vertex -3.133398038850881 -18.934628224322584 2.3123355547812947
      vertex -3.0126644452187055 -18.934628224322584 2.075382535551398
    endloop
  endfacet
  facet normal 0.7071067811865476 0 0.7071067811865476
    outer loop
      vertex -2.824617464448602 -16.9 1.8873355547812949
      vertex -3.0126644452187055 -16.9 2.075382535551398
      vertex -3.0126644452187055 -18.934628224322584 2.075382535551398
    endloop
  endfacet
  facet normal 0.9876883405951377 0 0.15643446504023054
    outer loop
      vertex -3.133398038850881 -16.9 2.3123355547812947
      vertex -3.1750000000000003 -18.934628224322584 2.575
      vertex -3.133398038850881 -18.934628224322584 2.3123355547812947
    endloop
  endfacet
  facet normal 0 -1 0
    outer loop
      vertex -2.824617464448602 -16.9 1.8873355547812949
      vertex -2.824617464448602 -16.9 3.2626644452187055
      vertex -3.0126644452187055 -16.9 2.075382535551398
    endloop
  endfacet
  facet normal 0.8910065241883673 0 0.45399049973954775
    outer loop
      vertex -3.0126644452187055 -16.9 2.075382535551398
      vertex -3.133398038850881 -16.9 2.3123355547812947
      vertex -3.133398038850881 -18.934628224322584 2.3123355547812947
    endloop
  endfacet
  facet normal 0.9876883405951377 0 0.15643446504023054
    outer loop
      vertex -3.133398038850881 -16.9 2.3123355547812947
      vertex -3.1750000000000003 -16.9 2.575
      vertex -3.1750000000000003 -18.934628224322584 2.575
    endloop
  endfacet
  facet normal 0 -1 0
    outer loop
      vertex -3.0126644452187055 -16.9 2.075382535551398
      vertex -3.0126644452187055 -16.9 3.074617464448602
      vertex -3.133398038850881 -16.9 2.3123355547812947
    endloop
  endfacet
  facet normal 0 -1 0
    outer loop
      vertex -3.133398038850881 -16.9 2.3123355547812947
      vertex -3.133398038850881 -16.9 2.8376644452187056
      vertex -3.1750000000000003 -16.9 2.575
    endloop
  endfacet
  facet normal 0.9876883405951377 0 -0.15643446504023054
    outer loop
      vertex -3.1750000000000003 -16.9 2.575
      vertex -3.133398038850881 -18.934628224322584 2.8376644452187056
      vertex -3.1750000000000003 -18.934628224322584 2.575
    endloop
  endfacet
  facet normal 0.8910065241883673 0 -0.45399049973954775
    outer loop
      vertex -3.133398038850881 -16.9 2.8376644452187056
      vertex -3.0126644452187055 -18.934628224322584 3.074617464448602
      vertex -3.133398038850881 -18.934628224322584 2.8376644452187056
    endloop
  endfacet
  facet normal 0 -1 0
    outer loop
      vertex -3.0126644452187055 -16.9 2.075382535551398
      vertex -2.824617464448602 -16.9 3.2626644452187055
      vertex -3.0126644452187055 -16.9 3.074617464448602
    endloop
  endfacet
  facet normal 0.9876883405951377 0 -0.15643446504023054
    outer loop
      vertex -3.1750000000000003 -16.9 2.575
      vertex -3.133398038850881 -16.9 2.8376644452187056
      vertex -3.133398038850881 -18.934628224322584 2.8376644452187056
    endloop
  endfacet
  facet normal 0 -1 0
    outer loop
      vertex -3.0126644452187055 -16.9 3.074617464448602
      vertex -3.133398038850881 -16.9 2.8376644452187056
      vertex -3.133398038850881 -16.9 2.3123355547812947
    endloop
  endfacet
  facet normal 0.8910065241883673 0 -0.45399049973954775
    outer loop
      vertex -3.0126644452187055 -16.9 3.074617464448602
      vertex -3.0126644452187055 -18.934628224322584 3.074617464448602
      vertex -3.133398038850881 -16.9 2.8376644452187056
    endloop
  endfacet
  facet normal 0.7071067811865476 0 -0.7071067811865476
    outer loop
      vertex -3.0126644452187055 -16.9 3.074617464448602
      vertex -2.824617464448602 -18.934628224322584 3.2626644452187055
      vertex -3.0126644452187055 -18.934628224322584 3.074617464448602
    endloop
  endfacet
  facet normal 0.7071067811865476 0 -0.7071067811865476
    outer loop
      vertex -3.0126644452187055 -16.9 3.074617464448602
      vertex -2.824617464448602 -16.9 3.2626644452187055
      vertex -2.824617464448602 -18.934628224322584 3.2626644452187055
    endloop
  endfacet
  facet normal -0.707106781186548 0 0.707106781186547
    outer loop
      vertex -1.825382535551398 16.9 1.8873355547812949
      vertex -1.6373355547812949 16.9 2.075382535551398
      vertex -1.6373355547812949 18.934628224322584 2.075382535551398
    endloop
  endfacet
  facet normal -0.8910065241883673 0 0.45399049973954775
    outer loop
      vertex -1.6373355547812949 16.9 2.075382535551398
      vertex -1.5166019611491195 18.934628224322584 2.3123355547812947
      vertex -1.6373355547812949 18.934628224322584 2.075382535551398
    endloop
  endfacet
  facet normal -0.707106781186548 0 0.707106781186547
    outer loop
      vertex -1.825382535551398 16.9 1.8873355547812949
      vertex -1.6373355547812949 18.934628224322584 2.075382535551398
      vertex -1.825382535551398 18.934628224322584 1.8873355547812949
    endloop
  endfacet
  facet normal -0.8910065241883673 0 0.45399049973954775
    outer loop
      vertex -1.5166019611491195 16.9 2.3123355547812947
      vertex -1.5166019611491195 18.934628224322584 2.3123355547812947
      vertex -1.6373355547812949 16.9 2.075382535551398
    endloop
  endfacet
  facet normal 0 1 0
    outer loop
      vertex -1.5166019611491195 16.9 2.3123355547812947
      vertex -1.5166019611491195 16.9 2.8376644452187056
      vertex -1.475 16.9 2.575
    endloop
  endfacet
  facet normal 0 1 0
    outer loop
      vertex -1.5166019611491195 16.9 2.3123355547812947
      vertex -1.6373355547812949 16.9 2.075382535551398
      vertex -1.6373355547812949 16.9 3.074617464448602
    endloop
  endfacet
  facet normal -0.9876883405951377 0 0.15643446504023054
    outer loop
      vertex -1.5166019611491195 16.9 2.3123355547812947
      vertex -1.475 16.9 2.575
      vertex -1.475 18.934628224322584 2.575
    endloop
  endfacet
  facet normal 0 1 0
    outer loop
      vertex -1.825382535551398 16.9 1.8873355547812949
      vertex -1.825382535551398 16.9 3.2626644452187055
      vertex -1.6373355547812949 16.9 2.075382535551398
    endloop
  endfacet
  facet normal -0.9876883405951377 0 0.15643446504023054
    outer loop
      vertex -1.5166019611491195 16.9 2.3123355547812947
      vertex -1.475 18.934628224322584 2.575
      vertex -1.5166019611491195 18.934628224322584 2.3123355547812947
    endloop
  endfacet
  facet normal 0 1 0
    outer loop
      vertex -1.5166019611491195 16.9 2.3123355547812947
      vertex -1.6373355547812949 16.9 3.074617464448602
      vertex -1.5166019611491195 16.9 2.8376644452187056
    endloop
  endfacet
  facet normal -0.9876883405951377 0 -0.15643446504023054
    outer loop
      vertex -1.475 16.9 2.575
      vertex -1.5166019611491195 16.9 2.8376644452187056
      vertex -1.5166019611491195 18.934628224322584 2.8376644452187056
    endloop
  endfacet
  facet normal -0.8910065241883673 0 -0.45399049973954775
    outer loop
      vertex -1.5166019611491195 16.9 2.8376644452187056
      vertex -1.6373355547812949 16.9 3.074617464448602
      vertex -1.6373355547812949 18.934628224322584 3.074617464448602
    endloop
  endfacet
  facet normal 0 1 0
    outer loop
      vertex -1.6373355547812949 16.9 2.075382535551398
      vertex -1.825382535551398 16.9 3.2626644452187055
      vertex -1.6373355547812949 16.9 3.074617464448602
    endloop
  endfacet
  facet normal -0.9876883405951377 0 -0.15643446504023054
    outer loop
      vertex -1.475 16.9 2.575
      vertex -1.5166019611491195 18.934628224322584 2.8376644452187056
      vertex -1.475 18.934628224322584 2.575
    endloop
  endfacet
  facet normal -0.8910065241883673 0 -0.45399049973954775
    outer loop
      vertex -1.5166019611491195 16.9 2.8376644452187056
      vertex -1.6373355547812949 18.934628224322584 3.074617464448602
      vertex -1.5166019611491195 18.934628224322584 2.8376644452187056
    endloop
  endfacet
  facet normal -0.707106781186548 0 -0.707106781186547
    outer loop
      vertex -1.6373355547812949 16.9 3.074617464448602
      vertex -1.825382535551398 16.9 3.2626644452187055
      vertex -1.825382535551398 18.934628224322584 3.2626644452187055
    endloop
  endfacet
  facet normal -0.707106781186548 0 -0.707106781186547
    outer loop
      vertex -1.6373355547812949 16.9 3.074617464448602
      vertex -1.825382535551398 18.934628224322584 3.2626644452187055
      vertex -1.6373355547812949 18.934628224322584 3.074617464448602
    endloop
  endfacet
  facet normal -0.15643446504023054 0 0.9876883405951377
    outer loop
      vertex -2.325 16.9 1.725
      vertex -2.0623355547812947 16.9 1.7666019611491195
      vertex -2.0623355547812947 18.934628224322584 1.7666019611491195
    endloop
  endfacet
  facet normal -0.15643446504023054 0 0.9876883405951377
    outer loop
      vertex -2.325 16.9 1.725
      vertex -2.0623355547812947 18.934628224322584 1.7666019611491195
      vertex -2.325 18.934628224322584 1.725
    endloop
  endfacet
  facet normal 0.15643446504023054 0 0.9876883405951377
    outer loop
      vertex -2.325 16.9 1.725
      vertex -2.325 18.934628224322584 1.725
      vertex -2.5876644452187056 16.9 1.7666019611491195
    endloop
  endfacet
  facet normal 0.15643446504023054 0 0.9876883405951377
    outer loop
      vertex -2.5876644452187056 16.9 1.7666019611491195
      vertex -2.325 18.934628224322584 1.725
      vertex -2.5876644452187056 18.934628224322584 1.7666019611491195
    endloop
  endfacet
  facet normal -0.45399049973954747 0 0.8910065241883676
    outer loop
      vertex -1.825382535551398 16.9 1.8873355547812949
      vertex -1.825382535551398 18.934628224322584 1.8873355547812949
      vertex -2.0623355547812947 16.9 1.7666019611491195
    endloop
  endfacet
  facet normal -0.45399049973954747 0 0.8910065241883676
    outer loop
      vertex -2.0623355547812947 16.9 1.7666019611491195
      vertex -1.825382535551398 18.934628224322584 1.8873355547812949
      vertex -2.0623355547812947 18.934628224322584 1.7666019611491195
    endloop
  endfacet
  facet normal 0 1 0
    outer loop
      vertex -1.825382535551398 16.9 1.8873355547812949
      vertex -2.0623355547812947 16.9 1.7666019611491195
      vertex -2.0623355547812947 16.9 3.383398038850881
    endloop
  endfacet
  facet normal 0 1 0
    outer loop
      vertex -2.325 16.9 1.725
      vertex -2.325 16.9 3.4250000000000003
      vertex -2.0623355547812947 16.9 1.7666019611491195
    endloop
  endfacet
  facet normal 0.45399049973954775 0 0.8910065241883673
    outer loop
      vertex -2.5876644452187056 16.9 1.7666019611491195
      vertex -2.5876644452187056 18.934628224322584 1.7666019611491195
      vertex -2.824617464448602 16.9 1.8873355547812949
    endloop
  endfacet
  facet normal 0.45399049973954775 0 0.8910065241883673
    outer loop
      vertex -2.824617464448602 16.9 1.8873355547812949
      vertex -2.5876644452187056 18.934628224322584 1.7666019611491195
      vertex -2.824617464448602 18.934628224322584 1.8873355547812949
    endloop
  endfacet
  facet normal 0 1 0
    outer loop
      vertex -2.325 16.9 1.725
      vertex -2.5876644452187056 16.9 1.7666019611491195
      vertex -2.5876644452187056 16.9 3.383398038850881
    endloop
  endfacet
  facet normal 0 1 0
    outer loop
      vertex -2.5876644452187056 16.9 1.7666019611491195
      vertex -2.824617464448602 16.9 1.8873355547812949
      vertex -2.824617464448602 16.9 3.2626644452187055
    endloop
  endfacet
  facet normal 0 1 0
    outer loop
      vertex -1.825382535551398 16.9 1.8873355547812949
      vertex -2.0623355547812947 16.9 3.383398038850881
      vertex -1.825382535551398 16.9 3.2626644452187055
    endloop
  endfacet
  facet normal 0 1 0
    outer loop
      vertex -2.0623355547812947 16.9 1.7666019611491195
      vertex -2.325 16.9 3.4250000000000003
      vertex -2.0623355547812947 16.9 3.383398038850881
    endloop
  endfacet
  facet normal -0.45399049973954747 0 -0.8910065241883676
    outer loop
      vertex -1.825382535551398 16.9 3.2626644452187055
      vertex -2.0623355547812947 16.9 3.383398038850881
      vertex -2.0623355547812947 18.934628224322584 3.383398038850881
    endloop
  endfacet
  facet normal -0.15643446504023054 0 -0.9876883405951377
    outer loop
      vertex -2.0623355547812947 16.9 3.383398038850881
      vertex -2.325 16.9 3.4250000000000003
      vertex -2.325 18.934628224322584 3.4250000000000003
    endloop
  endfacet
  facet normal -0.45399049973954747 0 -0.8910065241883676
    outer loop
      vertex -1.825382535551398 16.9 3.2626644452187055
      vertex -2.0623355547812947 18.934628224322584 3.383398038850881
      vertex -1.825382535551398 18.934628224322584 3.2626644452187055
    endloop
  endfacet
  facet normal -0.15643446504023054 0 -0.9876883405951377
    outer loop
      vertex -2.0623355547812947 16.9 3.383398038850881
      vertex -2.325 18.934628224322584 3.4250000000000003
      vertex -2.0623355547812947 18.934628224322584 3.383398038850881
    endloop
  endfacet
  facet normal 0 1 0
    outer loop
      vertex -2.325 16.9 1.725
      vertex -2.5876644452187056 16.9 3.383398038850881
      vertex -2.325 16.9 3.4250000000000003
    endloop
  endfacet
  facet normal 0 1 0
    outer loop
      vertex -2.5876644452187056 16.9 1.7666019611491195
      vertex -2.824617464448602 16.9 3.2626644452187055
      vertex -2.5876644452187056 16.9 3.383398038850881
    endloop
  endfacet
  facet normal 0.15643446504023054 0 -0.9876883405951377
    outer loop
      vertex -2.325 16.9 3.4250000000000003
      vertex -2.5876644452187056 16.9 3.383398038850881
      vertex -2.5876644452187056 18.934628224322584 3.383398038850881
    endloop
  endfacet
  facet normal 0.45399049973954775 0 -0.8910065241883673
    outer loop
      vertex -2.5876644452187056 16.9 3.383398038850881
      vertex -2.824617464448602 16.9 3.2626644452187055
      vertex -2.824617464448602 18.934628224322584 3.2626644452187055
    endloop
  endfacet
  facet normal 0.15643446504023054 0 -0.9876883405951377
    outer loop
      vertex -2.325 16.9 3.4250000000000003
      vertex -2.5876644452187056 18.934628224322584 3.383398038850881
      vertex -2.325 18.934628224322584 3.4250000000000003
    endloop
  endfacet
  facet normal 0.45399049973954775 0 -0.8910065241883673
    outer loop
      vertex -2.5876644452187056 16.9 3.383398038850881
      vertex -2.824617464448602 18.934628224322584 3.2626644452187055
      vertex -2.5876644452187056 18.934628224322584 3.383398038850881
    endloop
  endfacet
  facet normal 0.7071067811865476 0 0.7071067811865476
    outer loop
      vertex -2.824617464448602 16.9 1.8873355547812949
      vertex -2.824617464448602 18.934628224322584 1.8873355547812949
      vertex -3.0126644452187055 16.9 2.075382535551398
    endloop
  endfacet
  facet normal 0.8910065241883673 0 0.45399049973954775
    outer loop
      vertex -3.0126644452187055 16.9 2.075382535551398
      vertex -3.0126644452187055 18.934628224322584 2.075382535551398
      vertex -3.133398038850881 16.9 2.3123355547812947
    endloop
  endfacet
  facet normal 0.7071067811865476 0 0.7071067811865476
    outer loop
      vertex -3.0126644452187055 16.9 2.075382535551398
      vertex -2.824617464448602 18.934628224322584 1.8873355547812949
      vertex -3.0126644452187055 18.934628224322584 2.075382535551398
    endloop
  endfacet
  facet normal 0 1 0
    outer loop
      vertex -2.824617464448602 16.9 1.8873355547812949
      vertex -3.0126644452187055 16.9 2.075382535551398
      vertex -3.0126644452187055 16.9 3.074617464448602
    endloop
  endfacet
  facet normal 0.9876883405951377 0 0.15643446504023054
    outer loop
      vertex -3.133398038850881 16.9 2.3123355547812947
      vertex -3.133398038850881 18.934628224322584 2.3123355547812947
      vertex -3.1750000000000003 16.9 2.575
    endloop
  endfacet
  facet normal 0 1 0
    outer loop
      vertex -3.0126644452187055 16.9 2.075382535551398
      vertex -3.133398038850881 16.9 2.3123355547812947
      vertex -3.133398038850881 16.9 2.8376644452187056
    endloop
  endfacet
  facet normal 0 1 0
    outer loop
      vertex -3.133398038850881 16.9 2.3123355547812947
      vertex -3.1750000000000003 16.9 2.575
      vertex -3.133398038850881 16.9 2.8376644452187056
    endloop
  endfacet
  facet normal 0.8910065241883673 0 0.45399049973954775
    outer loop
      vertex -3.133398038850881 16.9 2.3123355547812947
      vertex -3.0126644452187055 18.934628224322584 2.075382535551398
      vertex -3.133398038850881 18.934628224322584 2.3123355547812947
    endloop
  endfacet
  facet normal 0.9876883405951377 0 0.15643446504023054
    outer loop
      vertex -3.1750000000000003 16.9 2.575
      vertex -3.133398038850881 18.934628224322584 2.3123355547812947
      vertex -3.1750000000000003 18.934628224322584 2.575
    endloop
  endfacet
  facet normal 0 1 0
    outer loop
      vertex -2.824617464448602 16.9 1.8873355547812949
      vertex -3.0126644452187055 16.9 3.074617464448602
      vertex -2.824617464448602 16.9 3.2626644452187055
    endloop
  endfacet
  facet normal 0 1 0
    outer loop
      vertex -3.0126644452187055 16.9 2.075382535551398
      vertex -3.133398038850881 16.9 2.8376644452187056
      vertex -3.0126644452187055 16.9 3.074617464448602
    endloop
  endfacet
  facet normal 0.9876883405951377 0 -0.15643446504023054
    outer loop
      vertex -3.1750000000000003 16.9 2.575
      vertex -3.1750000000000003 18.934628224322584 2.575
      vertex -3.133398038850881 16.9 2.8376644452187056
    endloop
  endfacet
  facet normal 0.8910065241883673 0 -0.45399049973954775
    outer loop
      vertex -3.0126644452187055 16.9 3.074617464448602
      vertex -3.133398038850881 16.9 2.8376644452187056
      vertex -3.133398038850881 18.934628224322584 2.8376644452187056
    endloop
  endfacet
  facet normal 0.9876883405951377 0 -0.15643446504023054
    outer loop
      vertex -3.133398038850881 16.9 2.8376644452187056
      vertex -3.1750000000000003 18.934628224322584 2.575
      vertex -3.133398038850881 18.934628224322584 2.8376644452187056
    endloop
  endfacet
  facet normal 0.8910065241883673 0 -0.45399049973954775
    outer loop
      vertex -3.0126644452187055 16.9 3.074617464448602
      vertex -3.133398038850881 18.934628224322584 2.8376644452187056
      vertex -3.0126644452187055 18.934628224322584 3.074617464448602
    endloop
  endfacet
  facet normal 0.7071067811865476 0 -0.7071067811865476
    outer loop
      vertex -3.0126644452187055 16.9 3.074617464448602
      vertex -3.0126644452187055 18.934628224322584 3.074617464448602
      vertex -2.824617464448602 16.9 3.2626644452187055
    endloop
  endfacet
  facet normal 0.7071067811865476 0 -0.7071067811865476
    outer loop
      vertex -2.824617464448602 16.9 3.2626644452187055
      vertex -3.0126644452187055 18.934628224322584 3.074617464448602
      vertex -2.824617464448602 18.934628224322584 3.2626644452187055
    endloop
  endfacet
  facet normal 0 1 0
    outer loop
      vertex -0.3555438135843183 -16.15 0.1348243101579638
      vertex -0.6439277423870975 -16.15 0.015371775677415656
      vertex -0.1348243101579638 -16.15 0.3555438135843183
    endloop
  endfacet
  facet normal 0 1 0
    outer loop
      vertex -0.015371775677415656 -16.15 0.6439277423870975
      vertex -0.1348243101579638 -16.15 0.3555438135843183
      vertex -0.6439277423870975 -16.15 0.015371775677415656
    endloop
  endfacet
  facet normal 0 1 0
    outer loop
      vertex -0.015371775677415656 -16.15 0.6439277423870975
      vertex -0.6439277423870975 -16.15 0.015371775677415656
      vertex -0.015371775677415656 -16.15 5.15
    endloop
  endfacet
  facet normal 0 1 0
    outer loop
      vertex -4.65 -16.15 5.15
      vertex -0.015371775677415656 -16.15 5.15
      vertex -0.6439277423870975 -16.15 0.015371775677415656
    endloop
  endfacet
  facet normal 0 1 0
    outer loop
      vertex -4.65 -16.15 5.15
      vertex -0.6439277423870975 -16.15 0.015371775677415656
      vertex -4.65 -16.15 0.015371775677415656
    endloop
  endfacet
  facet normal 0 0 -1
    outer loop
      vertex -4.65 -16.15 5.15
      vertex -0.015371775677415656 -8.645789821368261 5.15
      vertex -0.015371775677415656 -16.15 5.15
    endloop
  endfacet
  facet normal 0 0 -1
    outer loop
      vertex -4.65 -16.15 5.15
      vertex -0.015371775677415656 16.15 5.15
      vertex -0.015371775677415656 -8.645789821368261 5.15
    endloop
  endfacet
  facet normal 1 0 0
    outer loop
      vertex -4.65 -16.15 5.15
      vertex -4.65 -16.15 0.015371775677415656
      vertex -4.65 16.15 5.15
    endloop
  endfacet
  facet normal 0 -1 0
    outer loop
      vertex -4.65 16.15 5.15
      vertex -0.1348243101579638 16.15 0.3555438135843183
      vertex -0.015371775677415656 16.15 0.6439277423870975
    endloop
  endfacet
  facet normal 0 -1 0
    outer loop
      vertex -4.65 16.15 5.15
      vertex -0.3555438135843183 16.15 0.1348243101579638
      vertex -0.1348243101579638 16.15 0.3555438135843183
    endloop
  endfacet
  facet normal 0 -1 0
    outer loop
      vertex -4.65 16.15 5.15
      vertex -4.65 16.15 0.015371775677415656
      vertex -0.6439277423870975 16.15 0.015371775677415656
    endloop
  endfacet
  facet normal 0 -1 0
    outer loop
      vertex -4.65 16.15 5.15
      vertex -0.6439277423870975 16.15 0.015371775677415656
      vertex -0.3555438135843183 16.15 0.1348243101579638
    endloop
  endfacet
  facet normal 0 0 -1
    outer loop
      vertex -4.65 -16.15 5.15
      vertex -4.65 16.15 5.15
      vertex -0.015371775677415656 16.15 5.15
    endloop
  endfacet
  facet normal 0 -1 0
    outer loop
      vertex -4.65 16.15 5.15
      vertex -0.015371775677415656 16.15 0.6439277423870975
      vertex -0.015371775677415656 16.15 5.15
    endloop
  endfacet
  facet normal 1 0 0
    outer loop
      vertex -4.65 16.15 5.15
      vertex -4.65 -16.15 0.015371775677415656
      vertex -4.65 16.15 0.015371775677415656
    endloop
  endfacet
  facet normal -0.9238795325112873 0 0.3826834323650884
    outer loop
      vertex -1.4589745962155616 -9.584628224322586 9.850000000000001
      vertex -1.359074173710932 -9.584628224322586 10.091180954897482
      vertex -1.359074173710932 9.584628224322586 10.091180954897482
    endloop
  endfacet
  facet normal -0.9914448613738103 0 0.13052619222005238
    outer loop
      vertex -1.359074173710932 -9.584628224322586 10.091180954897482
      vertex -1.3250000000000002 -9.584628224322586 10.350000000000001
      vertex -1.3250000000000002 9.584628224322586 10.350000000000001
    endloop
  endfacet
  facet normal -0.7933533402912357 0 0.6087614290087199
    outer loop
      vertex -1.6178932188134527 -9.584628224322586 9.642893218813454
      vertex -1.4589745962155616 -9.584628224322586 9.850000000000001
      vertex -1.4589745962155616 9.584628224322586 9.850000000000001
    endloop
  endfacet
  facet normal -0.6087614290087212 0 0.7933533402912345
    outer loop
      vertex -1.8250000000000002 -9.584628224322586 9.483974596215562
      vertex -1.6178932188134527 -9.584628224322586 9.642893218813454
      vertex -1.6178932188134527 9.584628224322586 9.642893218813454
    endloop
  endfacet
  facet normal -0.38268343236508595 0 0.9238795325112883
    outer loop
      vertex -2.0661809548974794 -9.584628224322586 9.384074173710934
      vertex -1.8250000000000002 -9.584628224322586 9.483974596215562
      vertex -1.8250000000000002 9.584628224322586 9.483974596215562
    endloop
  endfacet
  facet normal -0.1305261922200536 0 0.9914448613738102
    outer loop
      vertex -2.0661809548974794 -9.584628224322586 9.384074173710934
      vertex -2.0661809548974794 9.584628224322586 9.384074173710934
      vertex -2.325 -9.584628224322586 9.350000000000001
    endloop
  endfacet
  facet normal 0.1305261922200536 0 0.9914448613738102
    outer loop
      vertex -2.325 -9.584628224322586 9.350000000000001
      vertex -2.325 9.584628224322586 9.350000000000001
      vertex -2.583819045102521 -9.584628224322586 9.384074173710934
    endloop
  endfacet
  facet normal 0.38268343236508595 0 0.9238795325112883
    outer loop
      vertex -2.583819045102521 -9.584628224322586 9.384074173710934
      vertex -2.583819045102521 9.584628224322586 9.384074173710934
      vertex -2.825 -9.584628224322586 9.483974596215562
    endloop
  endfacet
  facet normal 0.6087614290087212 0 0.7933533402912345
    outer loop
      vertex -2.825 -9.584628224322586 9.483974596215562
      vertex -2.825 9.584628224322586 9.483974596215562
      vertex -3.0321067811865476 -9.584628224322586 9.642893218813454
    endloop
  endfacet
  facet normal 0.793353340291236 0 0.6087614290087194
    outer loop
      vertex -3.0321067811865476 -9.584628224322586 9.642893218813454
      vertex -3.0321067811865476 9.584628224322586 9.642893218813454
      vertex -3.1910254037844386 -9.584628224322586 9.850000000000001
    endloop
  endfacet
  facet normal 0.923879532511287 0 0.38268343236508917
    outer loop
      vertex -3.2909258262890684 -9.584628224322586 10.091180954897482
      vertex -3.1910254037844386 -9.584628224322586 9.850000000000001
      vertex -3.1910254037844386 9.584628224322586 9.850000000000001
    endloop
  endfacet
  facet normal 0.9914448613738103 0 0.13052619222005238
    outer loop
      vertex -3.325 -9.584628224322586 10.350000000000001
      vertex -3.2909258262890684 -9.584628224322586 10.091180954897482
      vertex -3.2909258262890684 9.584628224322586 10.091180954897482
    endloop
  endfacet
  facet normal 0.9914448613738103 0 -0.13052619222005238
    outer loop
      vertex -3.2909258262890684 -9.584628224322586 10.608819045102521
      vertex -3.325 -9.584628224322586 10.350000000000001
      vertex -3.325 9.584628224322586 10.350000000000001
    endloop
  endfacet
  facet normal -0.9914448613738103 0 -0.13052619222005238
    outer loop
      vertex -1.3250000000000002 -9.584628224322586 10.350000000000001
      vertex -1.359074173710932 -9.584628224322586 10.608819045102521
      vertex -1.359074173710932 9.584628224322586 10.608819045102521
    endloop
  endfacet
  facet normal -0.9238795325112873 0 -0.3826834323650884
    outer loop
      vertex -1.359074173710932 -9.584628224322586 10.608819045102521
      vertex -1.4589745962155616 -9.584628224322586 10.850000000000001
      vertex -1.4589745962155616 9.584628224322586 10.850000000000001
    endloop
  endfacet
  facet normal -0.7933533402912357 0 -0.6087614290087199
    outer loop
      vertex -1.4589745962155616 -9.584628224322586 10.850000000000001
      vertex -1.6178932188134527 -9.584628224322586 11.05710678118655
      vertex -1.6178932188134527 9.584628224322586 11.05710678118655
    endloop
  endfacet
  facet normal -0.6087614290087212 0 -0.7933533402912345
    outer loop
      vertex -1.8250000000000002 -9.584628224322586 11.21602540378444
      vertex -1.8250000000000002 9.584628224322586 11.21602540378444
      vertex -1.6178932188134527 -9.584628224322586 11.05710678118655
    endloop
  endfacet
  facet normal -0.38268343236508595 0 -0.9238795325112883
    outer loop
      vertex -2.0661809548974794 9.584628224322586 11.31592582628907
      vertex -1.8250000000000002 -9.584628224322586 11.21602540378444
      vertex -2.0661809548974794 -9.584628224322586 11.31592582628907
    endloop
  endfacet
  facet normal 0.38268343236508595 0 -0.9238795325112883
    outer loop
      vertex -2.825 -9.584628224322586 11.21602540378444
      vertex -2.825 9.584628224322586 11.21602540378444
      vertex -2.583819045102521 -9.584628224322586 11.31592582628907
    endloop
  endfacet
  facet normal -0.1305261922200536 0 -0.9914448613738102
    outer loop
      vertex -2.325 -9.584628224322586 11.350000000000001
      vertex -2.325 9.584628224322586 11.350000000000001
      vertex -2.0661809548974794 -9.584628224322586 11.31592582628907
    endloop
  endfacet
  facet normal 0.1305261922200536 0 -0.9914448613738102
    outer loop
      vertex -2.583819045102521 -9.584628224322586 11.31592582628907
      vertex -2.583819045102521 9.584628224322586 11.31592582628907
      vertex -2.325 -9.584628224322586 11.350000000000001
    endloop
  endfacet
  facet normal 0.923879532511287 0 -0.38268343236508917
    outer loop
      vertex -3.1910254037844386 -9.584628224322586 10.850000000000001
      vertex -3.2909258262890684 -9.584628224322586 10.608819045102521
      vertex -3.2909258262890684 9.584628224322586 10.608819045102521
    endloop
  endfacet
  facet normal 0.6087614290087212 0 -0.7933533402912345
    outer loop
      vertex -3.0321067811865476 -9.584628224322586 11.05710678118655
      vertex -3.0321067811865476 9.584628224322586 11.05710678118655
      vertex -2.825 -9.584628224322586 11.21602540378444
    endloop
  endfacet
  facet normal 0.793353340291236 0 -0.6087614290087194
    outer loop
      vertex -3.0321067811865476 -9.584628224322586 11.05710678118655
      vertex -3.1910254037844386 -9.584628224322586 10.850000000000001
      vertex -3.1910254037844386 9.584628224322586 10.850000000000001
    endloop
  endfacet
  facet normal -0.6087614290087212 0 0.7933533402912345
    outer loop
      vertex -1.8250000000000002 -9.584628224322586 9.483974596215562
      vertex -1.6178932188134527 9.584628224322586 9.642893218813454
      vertex -1.8250000000000002 9.584628224322586 9.483974596215562
    endloop
  endfacet
  facet normal -0.9914448613738103 0 0.13052619222005238
    outer loop
      vertex -1.359074173710932 -9.584628224322586 10.091180954897482
      vertex -1.3250000000000002 9.584628224322586 10.350000000000001
      vertex -1.359074173710932 9.584628224322586 10.091180954897482
    endloop
  endfacet
  facet normal -0.9914448613738103 0 -0.13052619222005238
    outer loop
      vertex -1.3250000000000002 -9.584628224322586 10.350000000000001
      vertex -1.359074173710932 9.584628224322586 10.608819045102521
      vertex -1.3250000000000002 9.584628224322586 10.350000000000001
    endloop
  endfacet
  facet normal -0.7933533402912357 0 0.6087614290087199
    outer loop
      vertex -1.6178932188134527 -9.584628224322586 9.642893218813454
      vertex -1.4589745962155616 9.584628224322586 9.850000000000001
      vertex -1.6178932188134527 9.584628224322586 9.642893218813454
    endloop
  endfacet
  facet normal -0.9238795325112873 0 0.3826834323650884
    outer loop
      vertex -1.4589745962155616 -9.584628224322586 9.850000000000001
      vertex -1.359074173710932 9.584628224322586 10.091180954897482
      vertex -1.4589745962155616 9.584628224322586 9.850000000000001
    endloop
  endfacet
  facet normal -0.38268343236508595 0 0.9238795325112883
    outer loop
      vertex -2.0661809548974794 -9.584628224322586 9.384074173710934
      vertex -1.8250000000000002 9.584628224322586 9.483974596215562
      vertex -2.0661809548974794 9.584628224322586 9.384074173710934
    endloop
  endfacet
  facet normal -0.1305261922200536 0 0.9914448613738102
    outer loop
      vertex -2.325 -9.584628224322586 9.350000000000001
      vertex -2.0661809548974794 9.584628224322586 9.384074173710934
      vertex -2.325 9.584628224322586 9.350000000000001
    endloop
  endfacet
  facet normal 0.1305261922200536 0 0.9914448613738102
    outer loop
      vertex -2.583819045102521 -9.584628224322586 9.384074173710934
      vertex -2.325 9.584628224322586 9.350000000000001
      vertex -2.583819045102521 9.584628224322586 9.384074173710934
    endloop
  endfacet
  facet normal 0.38268343236508595 0 0.9238795325112883
    outer loop
      vertex -2.825 -9.584628224322586 9.483974596215562
      vertex -2.583819045102521 9.584628224322586 9.384074173710934
      vertex -2.825 9.584628224322586 9.483974596215562
    endloop
  endfacet
  facet normal 0.6087614290087212 0 0.7933533402912345
    outer loop
      vertex -3.0321067811865476 -9.584628224322586 9.642893218813454
      vertex -2.825 9.584628224322586 9.483974596215562
      vertex -3.0321067811865476 9.584628224322586 9.642893218813454
    endloop
  endfacet
  facet normal 0.793353340291236 0 0.6087614290087194
    outer loop
      vertex -3.0321067811865476 9.584628224322586 9.642893218813454
      vertex -3.1910254037844386 9.584628224322586 9.850000000000001
      vertex -3.1910254037844386 -9.584628224322586 9.850000000000001
    endloop
  endfacet
  facet normal 0.923879532511287 0 0.38268343236508917
    outer loop
      vertex -3.1910254037844386 9.584628224322586 9.850000000000001
      vertex -3.2909258262890684 9.584628224322586 10.091180954897482
      vertex -3.2909258262890684 -9.584628224322586 10.091180954897482
    endloop
  endfacet
  facet normal 0.9914448613738103 0 0.13052619222005238
    outer loop
      vertex -3.325 -9.584628224322586 10.350000000000001
      vertex -3.2909258262890684 9.584628224322586 10.091180954897482
      vertex -3.325 9.584628224322586 10.350000000000001
    endloop
  endfacet
  facet normal -0.9238795325112873 0 -0.3826834323650884
    outer loop
      vertex -1.359074173710932 -9.584628224322586 10.608819045102521
      vertex -1.4589745962155616 9.584628224322586 10.850000000000001
      vertex -1.359074173710932 9.584628224322586 10.608819045102521
    endloop
  endfacet
  facet normal -0.7933533402912357 0 -0.6087614290087199
    outer loop
      vertex -1.4589745962155616 -9.584628224322586 10.850000000000001
      vertex -1.6178932188134527 9.584628224322586 11.05710678118655
      vertex -1.4589745962155616 9.584628224322586 10.850000000000001
    endloop
  endfacet
  facet normal -0.6087614290087212 0 -0.7933533402912345
    outer loop
      vertex -1.6178932188134527 -9.584628224322586 11.05710678118655
      vertex -1.8250000000000002 9.584628224322586 11.21602540378444
      vertex -1.6178932188134527 9.584628224322586 11.05710678118655
    endloop
  endfacet
  facet normal -0.38268343236508595 0 -0.9238795325112883
    outer loop
      vertex -1.8250000000000002 -9.584628224322586 11.21602540378444
      vertex -2.0661809548974794 9.584628224322586 11.31592582628907
      vertex -1.8250000000000002 9.584628224322586 11.21602540378444
    endloop
  endfacet
  facet normal 0.38268343236508595 0 -0.9238795325112883
    outer loop
      vertex -2.583819045102521 -9.584628224322586 11.31592582628907
      vertex -2.825 9.584628224322586 11.21602540378444
      vertex -2.583819045102521 9.584628224322586 11.31592582628907
    endloop
  endfacet
  facet normal -0.1305261922200536 0 -0.9914448613738102
    outer loop
      vertex -2.325 9.584628224322586 11.350000000000001
      vertex -2.0661809548974794 9.584628224322586 11.31592582628907
      vertex -2.0661809548974794 -9.584628224322586 11.31592582628907
    endloop
  endfacet
  facet normal 0.1305261922200536 0 -0.9914448613738102
    outer loop
      vertex -2.325 -9.584628224322586 11.350000000000001
      vertex -2.583819045102521 9.584628224322586 11.31592582628907
      vertex -2.325 9.584628224322586 11.350000000000001
    endloop
  endfacet
  facet normal 0.923879532511287 0 -0.38268343236508917
    outer loop
      vertex -3.1910254037844386 -9.584628224322586 10.850000000000001
      vertex -3.2909258262890684 9.584628224322586 10.608819045102521
      vertex -3.1910254037844386 9.584628224322586 10.850000000000001
    endloop
  endfacet
  facet normal 0.6087614290087212 0 -0.7933533402912345
    outer loop
      vertex -2.825 -9.584628224322586 11.21602540378444
      vertex -3.0321067811865476 9.584628224322586 11.05710678118655
      vertex -2.825 9.584628224322586 11.21602540378444
    endloop
  endfacet
  facet normal 0.793353340291236 0 -0.6087614290087194
    outer loop
      vertex -3.0321067811865476 -9.584628224322586 11.05710678118655
      vertex -3.1910254037844386 9.584628224322586 10.850000000000001
      vertex -3.0321067811865476 9.584628224322586 11.05710678118655
    endloop
  endfacet
  facet normal 0.9914448613738103 0 -0.13052619222005238
    outer loop
      vertex -3.2909258262890684 -9.584628224322586 10.608819045102521
      vertex -3.325 9.584628224322586 10.350000000000001
      vertex -3.2909258262890684 9.584628224322586 10.608819045102521
    endloop
  endfacet
endsolid OpenSCAD_Model
