solid OpenSCAD_Model
  facet normal -0.7518398024852506 -0.6593458207943229 0
    outer loop
      vertex -23.380060024559498 -10.826284289360046 0
      vertex -23.121320344507694 -11.121320344507694 0
      vertex -23.380060024559498 -10.826284289360046 14.08
    endloop
  endfacet
  facet normal -0.8314696207458843 -0.5555702203832521 0
    outer loop
      vertex -23.380060024559498 -10.826284289360046 0
      vertex -23.598076209425926 -10.5 14.08
      vertex -23.598076209425926 -10.5 0
    endloop
  endfacet
  facet normal -0.5555702203832521 -0.8314696207458843 0
    outer loop
      vertex -22.826284289360046 -11.380060024559498 0
      vertex -22.5 -11.598076209425926 0
      vertex -22.826284289360046 -11.380060024559498 14.08
    endloop
  endfacet
  facet normal -0.4422886918115197 -0.896872740747345 0
    outer loop
      vertex -22.5 -11.598076209425926 0
      vertex -22.14805030077696 -11.771638594567776 0
      vertex -22.5 -11.598076209425926 14.08
    endloop
  endfacet
  facet normal -0.32143946370773846 -0.9469301300366788 0
    outer loop
      vertex -22.14805030077696 -11.771638594567776 0
      vertex -21.776457138359547 -11.89777747541666 0
      vertex -22.14805030077696 -11.771638594567776 14.08
    endloop
  endfacet
  facet normal -0.6593458207943229 -0.7518398024852506 0
    outer loop
      vertex -22.826284289360046 -11.380060024559498 0
      vertex -23.121320344507694 -11.121320344507694 14.08
      vertex -23.121320344507694 -11.121320344507694 0
    endloop
  endfacet
  facet normal -0.896872740747345 -0.4422886918115197 0
    outer loop
      vertex -23.598076209425926 -10.5 0
      vertex -23.771638594567776 -10.148050300776958 14.08
      vertex -23.771638594567776 -10.148050300776958 0
    endloop
  endfacet
  facet normal -0.9469301300366788 -0.32143946370773846 0
    outer loop
      vertex -23.771638594567776 -10.148050300776958 0
      vertex -23.89777747541666 -9.776457138359547 14.08
      vertex -23.89777747541666 -9.776457138359547 0
    endloop
  endfacet
  facet normal -0.980785279639006 -0.19509032585814406 0
    outer loop
      vertex -23.89777747541666 -9.776457138359547 0
      vertex -23.974334582686424 -9.391578577458858 14.08
      vertex -23.974334582686424 -9.391578577458858 0
    endloop
  endfacet
  facet normal -0.997858923008654 -0.06540313273849395 0
    outer loop
      vertex -23.974334582686424 -9.391578577458858 0
      vertex -24 -9 14.08
      vertex -24 -9 0
    endloop
  endfacet
  facet normal -0.19509032585814406 -0.980785279639006 0
    outer loop
      vertex -21.776457138359547 -11.89777747541666 0
      vertex -21.39157857745886 -11.974334582686424 0
      vertex -21.776457138359547 -11.89777747541666 14.08
    endloop
  endfacet
  facet normal -0.06540313273849395 -0.997858923008654 0
    outer loop
      vertex -21.39157857745886 -11.974334582686424 0
      vertex -21 -12 0
      vertex -21.39157857745886 -11.974334582686424 14.08
    endloop
  endfacet
  facet normal -1 0 0
    outer loop
      vertex -24 -9 0
      vertex -24 -6.8477590680122375 7.464633132815361
      vertex -24 -6.732050806283951 7.2299999999999995
    endloop
  endfacet
  facet normal -1 0 0
    outer loop
      vertex -24 -9 0
      vertex -24 -6.931851655244827 7.7123619127273555
      vertex -24 -6.8477590680122375 7.464633132815361
    endloop
  endfacet
  facet normal -1 0 0
    outer loop
      vertex -24 -9 0
      vertex -24 -5.765366867184639 6.382240931987762
      vertex -24 -5.517638087272644 6.298148344755172
    endloop
  endfacet
  facet normal -1 0 0
    outer loop
      vertex -24 -9 0
      vertex -24 -6 6.497949193716049
      vertex -24 -5.765366867184639 6.382240931987762
    endloop
  endfacet
  facet normal -1 0 0
    outer loop
      vertex -24 -9 0
      vertex -24 -6.414213560521603 6.815786439478397
      vertex -24 -6.217522859573364 6.643293316960334
    endloop
  endfacet
  facet normal -1 0 0
    outer loop
      vertex -24 -9 0
      vertex -24 -6.586706683039665 7.012477140426635
      vertex -24 -6.414213560521603 6.815786439478397
    endloop
  endfacet
  facet normal -1 0 0
    outer loop
      vertex -24 -9 0
      vertex -24 -6.732050806283951 7.2299999999999995
      vertex -24 -6.586706683039665 7.012477140426635
    endloop
  endfacet
  facet normal -1 0 0
    outer loop
      vertex -24 -9 0
      vertex -24 -6.217522859573364 6.643293316960334
      vertex -24 -6 6.497949193716049
    endloop
  endfacet
  facet normal -1 0 0
    outer loop
      vertex -24 -9 0
      vertex -24 -5.517638087272644 6.298148344755172
      vertex -24 -5.261052384972572 6.247110280692577
    endloop
  endfacet
  facet normal -1 0 0
    outer loop
      vertex -24 -9 0
      vertex -24 -5.261052384972572 6.247110280692577
      vertex -24 -5 6.2299999999999995
    endloop
  endfacet
  facet normal -1 0 0
    outer loop
      vertex -24 -9 0
      vertex -24 -9 14.08
      vertex -24 -6.931851655244827 7.7123619127273555
    endloop
  endfacet
  facet normal -1 0 0
    outer loop
      vertex -24 -9 0
      vertex -24 -5 6.2299999999999995
      vertex -24 5 6.2299999999999995
    endloop
  endfacet
  facet normal 0 0 -1
    outer loop
      vertex -22.826284289360046 -11.380060024559498 0
      vertex 23.380060024559498 -10.826284289360046 0
      vertex -22.5 -11.598076209425926 0
    endloop
  endfacet
  facet normal 0 0 -1
    outer loop
      vertex -21.776457138359547 -11.89777747541666 0
      vertex 22.5 -11.598076209425926 0
      vertex -21.39157857745886 -11.974334582686424 0
    endloop
  endfacet
  facet normal 0 0 -1
    outer loop
      vertex -22.14805030077696 -11.771638594567776 0
      vertex 22.826284289360046 -11.380060024559498 0
      vertex -21.776457138359547 -11.89777747541666 0
    endloop
  endfacet
  facet normal 0 0 -1
    outer loop
      vertex -21.39157857745886 -11.974334582686424 0
      vertex 22.14805030077696 -11.771638594567776 0
      vertex -21 -12 0
    endloop
  endfacet
  facet normal 0 0 -1
    outer loop
      vertex -22.5 -11.598076209425926 0
      vertex 23.121320344507694 -11.121320344507694 0
      vertex -22.14805030077696 -11.771638594567776 0
    endloop
  endfacet
  facet normal 0 0 -1
    outer loop
      vertex -22.826284289360046 -11.380060024559498 0
      vertex -23.121320344507694 -11.121320344507694 0
      vertex 23.598076209425926 -10.5 0
    endloop
  endfacet
  facet normal 0 0 -1
    outer loop
      vertex -23.380060024559498 -10.826284289360046 0
      vertex 23.771638594567776 -10.148050300776958 0
      vertex -23.121320344507694 -11.121320344507694 0
    endloop
  endfacet
  facet normal 0 0 -1
    outer loop
      vertex -23.380060024559498 -10.826284289360046 0
      vertex -23.598076209425926 -10.5 0
      vertex 23.89777747541666 -9.776457138359547 0
    endloop
  endfacet
  facet normal 0 0 -1
    outer loop
      vertex -23.598076209425926 -10.5 0
      vertex -23.771638594567776 -10.148050300776958 0
      vertex 23.974334582686424 -9.391578577458858 0
    endloop
  endfacet
  facet normal 0 0 -1
    outer loop
      vertex -23.771638594567776 -10.148050300776958 0
      vertex -23.89777747541666 -9.776457138359547 0
      vertex 24 -9 0
    endloop
  endfacet
  facet normal 0 -1 0
    outer loop
      vertex -21 -12 0
      vertex 21 -12 0
      vertex -21 -12 14.08
    endloop
  endfacet
  facet normal 0 0 -1
    outer loop
      vertex -23.89777747541666 -9.776457138359547 0
      vertex -23.974334582686424 -9.391578577458858 0
      vertex 24 9 0
    endloop
  endfacet
  facet normal 0 0 -1
    outer loop
      vertex -23.974334582686424 -9.391578577458858 0
      vertex -24 -9 0
      vertex 23.974334582686424 9.391578577458858 0
    endloop
  endfacet
  facet normal -0.7518398024852506 -0.6593458207943229 0
    outer loop
      vertex -23.121320344507694 -11.121320344507694 0
      vertex -23.121320344507694 -11.121320344507694 14.08
      vertex -23.380060024559498 -10.826284289360046 14.08
    endloop
  endfacet
  facet normal -0.8314696207458843 -0.5555702203832521 0
    outer loop
      vertex -23.380060024559498 -10.826284289360046 0
      vertex -23.380060024559498 -10.826284289360046 14.08
      vertex -23.598076209425926 -10.5 14.08
    endloop
  endfacet
  facet normal -0.6593458207943229 -0.7518398024852506 0
    outer loop
      vertex -22.826284289360046 -11.380060024559498 0
      vertex -22.826284289360046 -11.380060024559498 14.08
      vertex -23.121320344507694 -11.121320344507694 14.08
    endloop
  endfacet
  facet normal -0.5555702203832521 -0.8314696207458843 0
    outer loop
      vertex -22.5 -11.598076209425926 0
      vertex -22.5 -11.598076209425926 14.08
      vertex -22.826284289360046 -11.380060024559498 14.08
    endloop
  endfacet
  facet normal -0.4422886918115197 -0.896872740747345 0
    outer loop
      vertex -22.14805030077696 -11.771638594567776 0
      vertex -22.14805030077696 -11.771638594567776 14.08
      vertex -22.5 -11.598076209425926 14.08
    endloop
  endfacet
  facet normal -0.32143946370773846 -0.9469301300366788 0
    outer loop
      vertex -21.776457138359547 -11.89777747541666 0
      vertex -21.776457138359547 -11.89777747541666 14.08
      vertex -22.14805030077696 -11.771638594567776 14.08
    endloop
  endfacet
  facet normal -0.896872740747345 -0.4422886918115197 0
    outer loop
      vertex -23.598076209425926 -10.5 0
      vertex -23.598076209425926 -10.5 14.08
      vertex -23.771638594567776 -10.148050300776958 14.08
    endloop
  endfacet
  facet normal -0.9469301300366788 -0.32143946370773846 0
    outer loop
      vertex -23.771638594567776 -10.148050300776958 0
      vertex -23.771638594567776 -10.148050300776958 14.08
      vertex -23.89777747541666 -9.776457138359547 14.08
    endloop
  endfacet
  facet normal -0.997858923008654 -0.06540313273849395 0
    outer loop
      vertex -23.974334582686424 -9.391578577458858 0
      vertex -23.974334582686424 -9.391578577458858 14.08
      vertex -24 -9 14.08
    endloop
  endfacet
  facet normal -0.980785279639006 -0.19509032585814406 0
    outer loop
      vertex -23.89777747541666 -9.776457138359547 0
      vertex -23.89777747541666 -9.776457138359547 14.08
      vertex -23.974334582686424 -9.391578577458858 14.08
    endloop
  endfacet
  facet normal -0.19509032585814406 -0.980785279639006 0
    outer loop
      vertex -21.39157857745886 -11.974334582686424 0
      vertex -21.39157857745886 -11.974334582686424 14.08
      vertex -21.776457138359547 -11.89777747541666 14.08
    endloop
  endfacet
  facet normal -0.06540313273849395 -0.997858923008654 0
    outer loop
      vertex -21 -12 0
      vertex -21 -12 14.08
      vertex -21.39157857745886 -11.974334582686424 14.08
    endloop
  endfacet
  facet normal -1 0 0
    outer loop
      vertex -24 -6.931851655244827 7.7123619127273555
      vertex -24 -9 14.08
      vertex -24 -6.982889719307423 7.968947615027427
    endloop
  endfacet
  facet normal -1 0 0
    outer loop
      vertex -24 -6.982889719307423 7.968947615027427
      vertex -24 -9 14.08
      vertex -24 -7 8.23
    endloop
  endfacet
  facet normal -1 0 0
    outer loop
      vertex -24 -7 8.23
      vertex -24 -9 14.08
      vertex -24 -7 11.73
    endloop
  endfacet
  facet normal -1 0 0
    outer loop
      vertex -24 -7 11.73
      vertex -24 -9 14.08
      vertex -24 -6.982889719307423 11.991052384972573
    endloop
  endfacet
  facet normal -1 0 0
    outer loop
      vertex -24 -6.982889719307423 11.991052384972573
      vertex -24 -9 14.08
      vertex -24 -6.931851655244827 12.247638087272644
    endloop
  endfacet
  facet normal -1 0 0
    outer loop
      vertex -24 -6.931851655244827 12.247638087272644
      vertex -24 -9 14.08
      vertex -24 -6.8477590680122375 12.49536686718464
    endloop
  endfacet
  facet normal -1 0 0
    outer loop
      vertex -24 -6.8477590680122375 12.49536686718464
      vertex -24 -9 14.08
      vertex -24 -6.732050806283951 12.73
    endloop
  endfacet
  facet normal -1 0 0
    outer loop
      vertex -24 -6.732050806283951 12.73
      vertex -24 -9 14.08
      vertex -24 -6.586706683039665 12.947522859573365
    endloop
  endfacet
  facet normal -1 0 0
    outer loop
      vertex -24 -6.586706683039665 12.947522859573365
      vertex -24 -9 14.08
      vertex -24 -6.414213560521603 13.144213560521603
    endloop
  endfacet
  facet normal -1 0 0
    outer loop
      vertex -24 -6.414213560521603 13.144213560521603
      vertex -24 -9 14.08
      vertex -24 -6.217522859573364 13.316706683039666
    endloop
  endfacet
  facet normal -1 0 0
    outer loop
      vertex -24 -6.217522859573364 13.316706683039666
      vertex -24 -9 14.08
      vertex -24 -6 13.462050806283951
    endloop
  endfacet
  facet normal -1 0 0
    outer loop
      vertex -24 -9 14.08
      vertex -24 -5.765366867184639 13.577759068012238
      vertex -24 -6 13.462050806283951
    endloop
  endfacet
  facet normal -1 0 0
    outer loop
      vertex -24 -9 14.08
      vertex -24 -5.517638087272644 13.661851655244828
      vertex -24 -5.765366867184639 13.577759068012238
    endloop
  endfacet
  facet normal -1 0 0
    outer loop
      vertex -24 -9 14.08
      vertex -24 -5.261052384972572 13.712889719307423
      vertex -24 -5.517638087272644 13.661851655244828
    endloop
  endfacet
  facet normal -1 0 0
    outer loop
      vertex -24 -9 14.08
      vertex -24 -5 13.73
      vertex -24 -5.261052384972572 13.712889719307423
    endloop
  endfacet
  facet normal 0 0 1
    outer loop
      vertex -23.974334582686424 -9.391578577458858 14.08
      vertex -14.5 -5.800000000000001 14.08
      vertex -24 -9 14.08
    endloop
  endfacet
  facet normal 0 0 1
    outer loop
      vertex -23.89777747541666 -9.776457138359547 14.08
      vertex -12.5 -5.800000000000001 14.08
      vertex -23.974334582686424 -9.391578577458858 14.08
    endloop
  endfacet
  facet normal 0 0 1
    outer loop
      vertex -23.974334582686424 -9.391578577458858 14.08
      vertex -12.5 -5.800000000000001 14.08
      vertex -14.5 -5.800000000000001 14.08
    endloop
  endfacet
  facet normal 0 0 1
    outer loop
      vertex -23.89777747541666 -9.776457138359547 14.08
      vertex -5.435045716166496 -8.073413357138634 14.08
      vertex -12.5 -5.800000000000001 14.08
    endloop
  endfacet
  facet normal -1 0 0
    outer loop
      vertex -24 -9 14.08
      vertex -24 5 13.73
      vertex -24 -5 13.73
    endloop
  endfacet
  facet normal 0 0 1
    outer loop
      vertex -24 -9 14.08
      vertex -14.5 -5.800000000000001 14.08
      vertex -14.5 5.800000000000001 14.08
    endloop
  endfacet
  facet normal 0 0 1
    outer loop
      vertex -23.89777747541666 -9.776457138359547 14.08
      vertex -4.035276179015636 -8.763703301548958 14.08
      vertex -4.530733723938464 -8.595518127083778 14.08
    endloop
  endfacet
  facet normal 0 0 1
    outer loop
      vertex -23.89777747541666 -9.776457138359547 14.08
      vertex -3.5221047669649117 -8.86577944457531 14.08
      vertex -4.035276179015636 -8.763703301548958 14.08
    endloop
  endfacet
  facet normal 0 0 1
    outer loop
      vertex -23.89777747541666 -9.776457138359547 14.08
      vertex -2.999999997019767 -8.899999998509884 14.08
      vertex -3.5221047669649117 -8.86577944457531 14.08
    endloop
  endfacet
  facet normal 0 0 1
    outer loop
      vertex -22.826284289360046 -11.380060024559498 14.08
      vertex -22.5 -11.598076209425926 14.08
      vertex 23.380060024559498 -10.826284289360046 14.08
    endloop
  endfacet
  facet normal 0 0 1
    outer loop
      vertex -21.776457138359547 -11.89777747541666 14.08
      vertex -21.39157857745886 -11.974334582686424 14.08
      vertex 22.5 -11.598076209425926 14.08
    endloop
  endfacet
  facet normal 0 0 1
    outer loop
      vertex -22.14805030077696 -11.771638594567776 14.08
      vertex -21.776457138359547 -11.89777747541666 14.08
      vertex 22.826284289360046 -11.380060024559498 14.08
    endloop
  endfacet
  facet normal 0 0 1
    outer loop
      vertex -21.39157857745886 -11.974334582686424 14.08
      vertex -21 -12 14.08
      vertex 22.14805030077696 -11.771638594567776 14.08
    endloop
  endfacet
  facet normal 0 0 1
    outer loop
      vertex -22.5 -11.598076209425926 14.08
      vertex -22.14805030077696 -11.771638594567776 14.08
      vertex 23.121320344507694 -11.121320344507694 14.08
    endloop
  endfacet
  facet normal 0 0 1
    outer loop
      vertex -22.826284289360046 -11.380060024559498 14.08
      vertex 23.598076209425926 -10.5 14.08
      vertex -23.121320344507694 -11.121320344507694 14.08
    endloop
  endfacet
  facet normal 0 0 1
    outer loop
      vertex -23.380060024559498 -10.826284289360046 14.08
      vertex -23.121320344507694 -11.121320344507694 14.08
      vertex 23.771638594567776 -10.148050300776958 14.08
    endloop
  endfacet
  facet normal 0 0 1
    outer loop
      vertex -23.380060024559498 -10.826284289360046 14.08
      vertex 23.89777747541666 -9.776457138359547 14.08
      vertex -23.598076209425926 -10.5 14.08
    endloop
  endfacet
  facet normal 0 0 1
    outer loop
      vertex -23.598076209425926 -10.5 14.08
      vertex 23.974334582686424 -9.391578577458858 14.08
      vertex -23.771638594567776 -10.148050300776958 14.08
    endloop
  endfacet
  facet normal 0 0 1
    outer loop
      vertex -23.771638594567776 -10.148050300776958 14.08
      vertex 24 -9 14.08
      vertex -23.89777747541666 -9.776457138359547 14.08
    endloop
  endfacet
  facet normal 0 0 1
    outer loop
      vertex -23.89777747541666 -9.776457138359547 14.08
      vertex -4.999999997019767 -8.364101611077785 14.08
      vertex -5.435045716166496 -8.073413357138634 14.08
    endloop
  endfacet
  facet normal 0 0 1
    outer loop
      vertex -23.89777747541666 -9.776457138359547 14.08
      vertex -4.530733723938464 -8.595518127083778 14.08
      vertex -4.999999997019767 -8.364101611077785 14.08
    endloop
  endfacet
  facet normal 0 0 1
    outer loop
      vertex -5.828427118062972 -7.728427119553089 14.08
      vertex -6.173413355648517 -7.335045717656612 14.08
      vertex -12.5 -5.800000000000001 14.08
    endloop
  endfacet
  facet normal 0 0 1
    outer loop
      vertex -6.464101609587669 -6.899999998509884 14.08
      vertex -12.5 -5.800000000000001 14.08
      vertex -6.173413355648517 -7.335045717656612 14.08
    endloop
  endfacet
  facet normal 0 0 1
    outer loop
      vertex -6.464101609587669 -6.899999998509884 14.08
      vertex -6.6955181255936616 -6.430733725428581 14.08
      vertex -12.5 -5.800000000000001 14.08
    endloop
  endfacet
  facet normal 0 0 1
    outer loop
      vertex -6.6955181255936616 -6.430733725428581 14.08
      vertex -6.863703300058841 -5.935276180505753 14.08
      vertex -12.5 -5.800000000000001 14.08
    endloop
  endfacet
  facet normal 0 0 1
    outer loop
      vertex -5.828427118062972 -7.728427119553089 14.08
      vertex -12.5 -5.800000000000001 14.08
      vertex -5.435045716166496 -8.073413357138634 14.08
    endloop
  endfacet
  facet normal 0 0 1
    outer loop
      vertex -23.89777747541666 -9.776457138359547 14.08
      vertex 24 -9 14.08
      vertex -2.999999997019767 -8.899999998509884 14.08
    endloop
  endfacet
  facet normal 0 0 1
    outer loop
      vertex -12.5 -5.800000000000001 14.08
      vertex -6.863703300058841 -5.935276180505753 14.08
      vertex -6.965779443085193 -5.4221047684550285 14.08
    endloop
  endfacet
  facet normal 0 0 1
    outer loop
      vertex -12.5 -5.800000000000001 14.08
      vertex -6.965779443085193 -5.4221047684550285 14.08
      vertex -12.5 5.800000000000001 14.08
    endloop
  endfacet
  facet normal 0 0 1
    outer loop
      vertex -6.965779443085193 -5.4221047684550285 14.08
      vertex -6.999999997019767 -4.899999998509884 14.08
      vertex -12.5 5.800000000000001 14.08
    endloop
  endfacet
  facet normal -1 0 0
    outer loop
      vertex -24 -9 0
      vertex -24 5 6.2299999999999995
      vertex -24 9 0
    endloop
  endfacet
  facet normal 0 0 -1
    outer loop
      vertex -21.776457138359547 11.89777747541666 0
      vertex -21.39157857745886 11.974334582686424 0
      vertex -21 12 0
    endloop
  endfacet
  facet normal -1 0 0
    outer loop
      vertex -24 5 6.2299999999999995
      vertex -24 5.261052384972572 6.247110280692577
      vertex -24 9 0
    endloop
  endfacet
  facet normal -1 0 0
    outer loop
      vertex -24 5.261052384972572 6.247110280692577
      vertex -24 5.517638087272644 6.298148344755172
      vertex -24 9 0
    endloop
  endfacet
  facet normal -1 0 0
    outer loop
      vertex -24 5.517638087272644 6.298148344755172
      vertex -24 5.765366867184639 6.382240931987762
      vertex -24 9 0
    endloop
  endfacet
  facet normal -1 0 0
    outer loop
      vertex -24 5.765366867184639 6.382240931987762
      vertex -24 6 6.497949193716049
      vertex -24 9 0
    endloop
  endfacet
  facet normal -1 0 0
    outer loop
      vertex -24 9 0
      vertex -24 6 6.497949193716049
      vertex -24 6.217522859573364 6.643293316960334
    endloop
  endfacet
  facet normal -1 0 0
    outer loop
      vertex -24 9 0
      vertex -24 6.217522859573364 6.643293316960334
      vertex -24 6.414213560521603 6.815786439478397
    endloop
  endfacet
  facet normal -1 0 0
    outer loop
      vertex -24 9 0
      vertex -24 6.414213560521603 6.815786439478397
      vertex -24 6.586706683039665 7.012477140426635
    endloop
  endfacet
  facet normal -1 0 0
    outer loop
      vertex -24 9 0
      vertex -24 6.586706683039665 7.012477140426635
      vertex -24 6.732050806283951 7.2299999999999995
    endloop
  endfacet
  facet normal -1 0 0
    outer loop
      vertex -24 9 0
      vertex -24 6.732050806283951 7.2299999999999995
      vertex -24 6.8477590680122375 7.464633132815361
    endloop
  endfacet
  facet normal -1 0 0
    outer loop
      vertex -24 9 0
      vertex -24 6.8477590680122375 7.464633132815361
      vertex -24 6.931851655244827 7.7123619127273555
    endloop
  endfacet
  facet normal -1 0 0
    outer loop
      vertex -24 9 0
      vertex -24 6.931851655244827 7.7123619127273555
      vertex -24 6.982889719307423 7.968947615027427
    endloop
  endfacet
  facet normal -1 0 0
    outer loop
      vertex -24 9 0
      vertex -24 6.982889719307423 7.968947615027427
      vertex -24 7 8.23
    endloop
  endfacet
  facet normal -1 0 0
    outer loop
      vertex -24 9 0
      vertex -24 7 8.23
      vertex -24 9 14.08
    endloop
  endfacet
  facet normal -0.997858923008654 0.06540313273849395 0
    outer loop
      vertex -24 9 0
      vertex -23.974334582686424 9.391578577458858 14.08
      vertex -23.974334582686424 9.391578577458858 0
    endloop
  endfacet
  facet normal -0.980785279639006 0.19509032585814406 0
    outer loop
      vertex -23.974334582686424 9.391578577458858 0
      vertex -23.89777747541666 9.776457138359547 14.08
      vertex -23.89777747541666 9.776457138359547 0
    endloop
  endfacet
  facet normal -0.9469301300366788 0.32143946370773846 0
    outer loop
      vertex -23.89777747541666 9.776457138359547 0
      vertex -23.771638594567776 10.148050300776958 14.08
      vertex -23.771638594567776 10.148050300776958 0
    endloop
  endfacet
  facet normal -0.896872740747345 0.4422886918115197 0
    outer loop
      vertex -23.771638594567776 10.148050300776958 0
      vertex -23.598076209425926 10.5 14.08
      vertex -23.598076209425926 10.5 0
    endloop
  endfacet
  facet normal -0.8314696207458843 0.5555702203832521 0
    outer loop
      vertex -23.598076209425926 10.5 0
      vertex -23.380060024559498 10.826284289360046 14.08
      vertex -23.380060024559498 10.826284289360046 0
    endloop
  endfacet
  facet normal -0.7518398024852506 0.6593458207943229 0
    outer loop
      vertex -23.380060024559498 10.826284289360046 0
      vertex -23.121320344507694 11.121320344507694 14.08
      vertex -23.121320344507694 11.121320344507694 0
    endloop
  endfacet
  facet normal -0.6593458207943229 0.7518398024852506 0
    outer loop
      vertex -23.121320344507694 11.121320344507694 0
      vertex -22.826284289360046 11.380060024559498 14.08
      vertex -22.826284289360046 11.380060024559498 0
    endloop
  endfacet
  facet normal -0.5555702203832521 0.8314696207458843 0
    outer loop
      vertex -22.826284289360046 11.380060024559498 0
      vertex -22.5 11.598076209425926 14.08
      vertex -22.5 11.598076209425926 0
    endloop
  endfacet
  facet normal -0.4422886918115197 0.896872740747345 0
    outer loop
      vertex -22.5 11.598076209425926 0
      vertex -22.14805030077696 11.771638594567776 14.08
      vertex -22.14805030077696 11.771638594567776 0
    endloop
  endfacet
  facet normal -0.32143946370773846 0.9469301300366788 0
    outer loop
      vertex -22.14805030077696 11.771638594567776 0
      vertex -21.776457138359547 11.89777747541666 14.08
      vertex -21.776457138359547 11.89777747541666 0
    endloop
  endfacet
  facet normal -0.19509032585814406 0.980785279639006 0
    outer loop
      vertex -21.776457138359547 11.89777747541666 0
      vertex -21.39157857745886 11.974334582686424 14.08
      vertex -21.39157857745886 11.974334582686424 0
    endloop
  endfacet
  facet normal -0.06540313273849395 0.997858923008654 0
    outer loop
      vertex -21.39157857745886 11.974334582686424 0
      vertex -21 12 14.08
      vertex -21 12 0
    endloop
  endfacet
  facet normal 0 0 -1
    outer loop
      vertex -24 -9 0
      vertex -24 9 0
      vertex 23.89777747541666 9.776457138359547 0
    endloop
  endfacet
  facet normal 0 0 -1
    outer loop
      vertex -24 9 0
      vertex -23.974334582686424 9.391578577458858 0
      vertex 23.771638594567776 10.148050300776958 0
    endloop
  endfacet
  facet normal 0 0 -1
    outer loop
      vertex -23.974334582686424 9.391578577458858 0
      vertex -23.89777747541666 9.776457138359547 0
      vertex 23.598076209425926 10.5 0
    endloop
  endfacet
  facet normal 0 0 -1
    outer loop
      vertex -23.89777747541666 9.776457138359547 0
      vertex -23.771638594567776 10.148050300776958 0
      vertex 23.380060024559498 10.826284289360046 0
    endloop
  endfacet
  facet normal 0 0 -1
    outer loop
      vertex -23.771638594567776 10.148050300776958 0
      vertex -23.598076209425926 10.5 0
      vertex 23.121320344507694 11.121320344507694 0
    endloop
  endfacet
  facet normal 0 0 -1
    outer loop
      vertex -23.598076209425926 10.5 0
      vertex -23.380060024559498 10.826284289360046 0
      vertex 22.826284289360046 11.380060024559498 0
    endloop
  endfacet
  facet normal 0 0 -1
    outer loop
      vertex -23.380060024559498 10.826284289360046 0
      vertex -23.121320344507694 11.121320344507694 0
      vertex 22.5 11.598076209425926 0
    endloop
  endfacet
  facet normal 0 0 -1
    outer loop
      vertex -23.121320344507694 11.121320344507694 0
      vertex -22.826284289360046 11.380060024559498 0
      vertex 22.14805030077696 11.771638594567776 0
    endloop
  endfacet
  facet normal 0 0 -1
    outer loop
      vertex -22.826284289360046 11.380060024559498 0
      vertex -22.5 11.598076209425926 0
      vertex 21.776457138359547 11.89777747541666 0
    endloop
  endfacet
  facet normal 0 0 -1
    outer loop
      vertex -22.5 11.598076209425926 0
      vertex -22.14805030077696 11.771638594567776 0
      vertex 21.39157857745886 11.974334582686424 0
    endloop
  endfacet
  facet normal 0 0 -1
    outer loop
      vertex -22.14805030077696 11.771638594567776 0
      vertex -21.776457138359547 11.89777747541666 0
      vertex 21 12 0
    endloop
  endfacet
  facet normal 0 0 -1
    outer loop
      vertex -21.776457138359547 11.89777747541666 0
      vertex -21 12 0
      vertex 21 12 0
    endloop
  endfacet
  facet normal -1 0 0
    outer loop
      vertex -24 -9 14.08
      vertex -24 9 14.08
      vertex -24 5 13.73
    endloop
  endfacet
  facet normal 0 0 1
    outer loop
      vertex -24 -9 14.08
      vertex -14.5 5.800000000000001 14.08
      vertex -24 9 14.08
    endloop
  endfacet
  facet normal -1 0 0
    outer loop
      vertex -24 7 8.23
      vertex -24 7 11.73
      vertex -24 9 14.08
    endloop
  endfacet
  facet normal -0.997858923008654 0.06540313273849395 0
    outer loop
      vertex -24 9 0
      vertex -24 9 14.08
      vertex -23.974334582686424 9.391578577458858 14.08
    endloop
  endfacet
  facet normal -0.980785279639006 0.19509032585814406 0
    outer loop
      vertex -23.974334582686424 9.391578577458858 0
      vertex -23.974334582686424 9.391578577458858 14.08
      vertex -23.89777747541666 9.776457138359547 14.08
    endloop
  endfacet
  facet normal -0.9469301300366788 0.32143946370773846 0
    outer loop
      vertex -23.89777747541666 9.776457138359547 0
      vertex -23.89777747541666 9.776457138359547 14.08
      vertex -23.771638594567776 10.148050300776958 14.08
    endloop
  endfacet
  facet normal -0.896872740747345 0.4422886918115197 0
    outer loop
      vertex -23.771638594567776 10.148050300776958 0
      vertex -23.771638594567776 10.148050300776958 14.08
      vertex -23.598076209425926 10.5 14.08
    endloop
  endfacet
  facet normal -0.8314696207458843 0.5555702203832521 0
    outer loop
      vertex -23.598076209425926 10.5 0
      vertex -23.598076209425926 10.5 14.08
      vertex -23.380060024559498 10.826284289360046 14.08
    endloop
  endfacet
  facet normal -0.7518398024852506 0.6593458207943229 0
    outer loop
      vertex -23.380060024559498 10.826284289360046 0
      vertex -23.380060024559498 10.826284289360046 14.08
      vertex -23.121320344507694 11.121320344507694 14.08
    endloop
  endfacet
  facet normal -0.6593458207943229 0.7518398024852506 0
    outer loop
      vertex -23.121320344507694 11.121320344507694 0
      vertex -23.121320344507694 11.121320344507694 14.08
      vertex -22.826284289360046 11.380060024559498 14.08
    endloop
  endfacet
  facet normal -0.5555702203832521 0.8314696207458843 0
    outer loop
      vertex -22.826284289360046 11.380060024559498 0
      vertex -22.826284289360046 11.380060024559498 14.08
      vertex -22.5 11.598076209425926 14.08
    endloop
  endfacet
  facet normal -0.4422886918115197 0.896872740747345 0
    outer loop
      vertex -22.5 11.598076209425926 0
      vertex -22.5 11.598076209425926 14.08
      vertex -22.14805030077696 11.771638594567776 14.08
    endloop
  endfacet
  facet normal -0.32143946370773846 0.9469301300366788 0
    outer loop
      vertex -22.14805030077696 11.771638594567776 0
      vertex -22.14805030077696 11.771638594567776 14.08
      vertex -21.776457138359547 11.89777747541666 14.08
    endloop
  endfacet
  facet normal -0.19509032585814406 0.980785279639006 0
    outer loop
      vertex -21.776457138359547 11.89777747541666 0
      vertex -21.776457138359547 11.89777747541666 14.08
      vertex -21.39157857745886 11.974334582686424 14.08
    endloop
  endfacet
  facet normal -0.06540313273849395 0.997858923008654 0
    outer loop
      vertex -21.39157857745886 11.974334582686424 0
      vertex -21.39157857745886 11.974334582686424 14.08
      vertex -21 12 14.08
    endloop
  endfacet
  facet normal -1 0 0
    outer loop
      vertex -24 6.732050806283951 12.73
      vertex -24 6.586706683039665 12.947522859573365
      vertex -24 9 14.08
    endloop
  endfacet
  facet normal -1 0 0
    outer loop
      vertex -24 6.217522859573364 13.316706683039666
      vertex -24 9 14.08
      vertex -24 6.414213560521603 13.144213560521603
    endloop
  endfacet
  facet normal -1 0 0
    outer loop
      vertex -24 6.586706683039665 12.947522859573365
      vertex -24 6.414213560521603 13.144213560521603
      vertex -24 9 14.08
    endloop
  endfacet
  facet normal -1 0 0
    outer loop
      vertex -24 7 11.73
      vertex -24 6.982889719307423 11.991052384972573
      vertex -24 9 14.08
    endloop
  endfacet
  facet normal -1 0 0
    outer loop
      vertex -24 6.982889719307423 11.991052384972573
      vertex -24 6.931851655244827 12.247638087272644
      vertex -24 9 14.08
    endloop
  endfacet
  facet normal -1 0 0
    outer loop
      vertex -24 6.931851655244827 12.247638087272644
      vertex -24 6.8477590680122375 12.49536686718464
      vertex -24 9 14.08
    endloop
  endfacet
  facet normal -1 0 0
    outer loop
      vertex -24 6.8477590680122375 12.49536686718464
      vertex -24 6.732050806283951 12.73
      vertex -24 9 14.08
    endloop
  endfacet
  facet normal -1 0 0
    outer loop
      vertex -24 5 13.73
      vertex -24 9 14.08
      vertex -24 5.261052384972572 13.712889719307423
    endloop
  endfacet
  facet normal -1 0 0
    outer loop
      vertex -24 5.261052384972572 13.712889719307423
      vertex -24 9 14.08
      vertex -24 5.517638087272644 13.661851655244828
    endloop
  endfacet
  facet normal -1 0 0
    outer loop
      vertex -24 5.517638087272644 13.661851655244828
      vertex -24 9 14.08
      vertex -24 5.765366867184639 13.577759068012238
    endloop
  endfacet
  facet normal -1 0 0
    outer loop
      vertex -24 5.765366867184639 13.577759068012238
      vertex -24 9 14.08
      vertex -24 6 13.462050806283951
    endloop
  endfacet
  facet normal -1 0 0
    outer loop
      vertex -24 6 13.462050806283951
      vertex -24 9 14.08
      vertex -24 6.217522859573364 13.316706683039666
    endloop
  endfacet
  facet normal 0 0 1
    outer loop
      vertex -21.776457138359547 11.89777747541666 14.08
      vertex -21 12 14.08
      vertex -21.39157857745886 11.974334582686424 14.08
    endloop
  endfacet
  facet normal 0 0 1
    outer loop
      vertex -14.5 5.800000000000001 14.08
      vertex -5.435045716166496 8.073413357138634 14.08
      vertex -24 9 14.08
    endloop
  endfacet
  facet normal 0 0 1
    outer loop
      vertex -6.999999997019767 -4.899999998509884 14.08
      vertex -6.999999997019767 4.899999998509884 14.08
      vertex -12.5 5.800000000000001 14.08
    endloop
  endfacet
  facet normal 0 0 1
    outer loop
      vertex -12.5 5.800000000000001 14.08
      vertex -6.999999997019767 4.899999998509884 14.08
      vertex -6.965779443085193 5.4221047684550285 14.08
    endloop
  endfacet
  facet normal 0 0 1
    outer loop
      vertex -12.5 5.800000000000001 14.08
      vertex -6.965779443085193 5.4221047684550285 14.08
      vertex -6.863703300058841 5.935276180505753 14.08
    endloop
  endfacet
  facet normal 0 1 0
    outer loop
      vertex -21 12 0
      vertex -21 12 14.08
      vertex 21 12 14.08
    endloop
  endfacet
  facet normal 0 0 1
    outer loop
      vertex -14.5 5.800000000000001 14.08
      vertex -12.5 5.800000000000001 14.08
      vertex -5.435045716166496 8.073413357138634 14.08
    endloop
  endfacet
  facet normal 0 0 1
    outer loop
      vertex -24 9 14.08
      vertex -5.435045716166496 8.073413357138634 14.08
      vertex -4.999999997019767 8.364101611077785 14.08
    endloop
  endfacet
  facet normal 0 0 1
    outer loop
      vertex -24 9 14.08
      vertex -4.999999997019767 8.364101611077785 14.08
      vertex -4.530733723938464 8.595518127083778 14.08
    endloop
  endfacet
  facet normal 0 0 1
    outer loop
      vertex -24 9 14.08
      vertex -4.530733723938464 8.595518127083778 14.08
      vertex -4.035276179015636 8.763703301548958 14.08
    endloop
  endfacet
  facet normal 0 0 1
    outer loop
      vertex -24 9 14.08
      vertex -4.035276179015636 8.763703301548958 14.08
      vertex -3.5221047669649117 8.86577944457531 14.08
    endloop
  endfacet
  facet normal 0 0 1
    outer loop
      vertex -24 9 14.08
      vertex -3.5221047669649117 8.86577944457531 14.08
      vertex -2.999999997019767 8.899999998509884 14.08
    endloop
  endfacet
  facet normal 0 0 1
    outer loop
      vertex -12.5 5.800000000000001 14.08
      vertex -6.863703300058841 5.935276180505753 14.08
      vertex -6.6955181255936616 6.430733725428581 14.08
    endloop
  endfacet
  facet normal 0 0 1
    outer loop
      vertex -12.5 5.800000000000001 14.08
      vertex -6.6955181255936616 6.430733725428581 14.08
      vertex -6.464101609587669 6.899999998509884 14.08
    endloop
  endfacet
  facet normal 0 0 1
    outer loop
      vertex -12.5 5.800000000000001 14.08
      vertex -6.464101609587669 6.899999998509884 14.08
      vertex -6.173413355648517 7.335045717656612 14.08
    endloop
  endfacet
  facet normal 0 0 1
    outer loop
      vertex -12.5 5.800000000000001 14.08
      vertex -6.173413355648517 7.335045717656612 14.08
      vertex -5.828427118062972 7.728427119553089 14.08
    endloop
  endfacet
  facet normal 0 0 1
    outer loop
      vertex -12.5 5.800000000000001 14.08
      vertex -5.828427118062972 7.728427119553089 14.08
      vertex -5.435045716166496 8.073413357138634 14.08
    endloop
  endfacet
  facet normal 0 0 1
    outer loop
      vertex -24 9 14.08
      vertex 23.771638594567776 10.148050300776958 14.08
      vertex -23.974334582686424 9.391578577458858 14.08
    endloop
  endfacet
  facet normal 0 0 1
    outer loop
      vertex -23.974334582686424 9.391578577458858 14.08
      vertex 23.598076209425926 10.5 14.08
      vertex -23.89777747541666 9.776457138359547 14.08
    endloop
  endfacet
  facet normal 0 0 1
    outer loop
      vertex -23.89777747541666 9.776457138359547 14.08
      vertex 23.380060024559498 10.826284289360046 14.08
      vertex -23.771638594567776 10.148050300776958 14.08
    endloop
  endfacet
  facet normal 0 0 1
    outer loop
      vertex -23.771638594567776 10.148050300776958 14.08
      vertex 23.121320344507694 11.121320344507694 14.08
      vertex -23.598076209425926 10.5 14.08
    endloop
  endfacet
  facet normal 0 0 1
    outer loop
      vertex -23.598076209425926 10.5 14.08
      vertex 22.826284289360046 11.380060024559498 14.08
      vertex -23.380060024559498 10.826284289360046 14.08
    endloop
  endfacet
  facet normal 0 0 1
    outer loop
      vertex -23.380060024559498 10.826284289360046 14.08
      vertex 22.5 11.598076209425926 14.08
      vertex -23.121320344507694 11.121320344507694 14.08
    endloop
  endfacet
  facet normal 0 0 1
    outer loop
      vertex -23.121320344507694 11.121320344507694 14.08
      vertex 22.14805030077696 11.771638594567776 14.08
      vertex -22.826284289360046 11.380060024559498 14.08
    endloop
  endfacet
  facet normal 0 0 1
    outer loop
      vertex -22.826284289360046 11.380060024559498 14.08
      vertex 21.776457138359547 11.89777747541666 14.08
      vertex -22.5 11.598076209425926 14.08
    endloop
  endfacet
  facet normal 0 0 1
    outer loop
      vertex -22.5 11.598076209425926 14.08
      vertex 21.39157857745886 11.974334582686424 14.08
      vertex -22.14805030077696 11.771638594567776 14.08
    endloop
  endfacet
  facet normal 0 0 1
    outer loop
      vertex -22.14805030077696 11.771638594567776 14.08
      vertex 21 12 14.08
      vertex -21.776457138359547 11.89777747541666 14.08
    endloop
  endfacet
  facet normal 0 0 1
    outer loop
      vertex -21.776457138359547 11.89777747541666 14.08
      vertex 21 12 14.08
      vertex -21 12 14.08
    endloop
  endfacet
  facet normal 0 0 1
    outer loop
      vertex -24 9 14.08
      vertex -2.999999997019767 8.899999998509884 14.08
      vertex 12.599999997019768 8.899999998509884 14.08
    endloop
  endfacet
  facet normal 0 0 -1
    outer loop
      vertex -21 -12 0
      vertex 21.776457138359547 -11.89777747541666 0
      vertex 21 -12 0
    endloop
  endfacet
  facet normal 0 0 -1
    outer loop
      vertex -21 -12 0
      vertex 22.14805030077696 -11.771638594567776 0
      vertex 21.776457138359547 -11.89777747541666 0
    endloop
  endfacet
  facet normal 0 0 -1
    outer loop
      vertex -21.39157857745886 -11.974334582686424 0
      vertex 22.5 -11.598076209425926 0
      vertex 22.14805030077696 -11.771638594567776 0
    endloop
  endfacet
  facet normal 0 0 -1
    outer loop
      vertex -21.776457138359547 -11.89777747541666 0
      vertex 22.826284289360046 -11.380060024559498 0
      vertex 22.5 -11.598076209425926 0
    endloop
  endfacet
  facet normal 0 0 -1
    outer loop
      vertex -22.14805030077696 -11.771638594567776 0
      vertex 23.121320344507694 -11.121320344507694 0
      vertex 22.826284289360046 -11.380060024559498 0
    endloop
  endfacet
  facet normal 0 0 -1
    outer loop
      vertex -22.5 -11.598076209425926 0
      vertex 23.380060024559498 -10.826284289360046 0
      vertex 23.121320344507694 -11.121320344507694 0
    endloop
  endfacet
  facet normal 0 0 -1
    outer loop
      vertex -22.826284289360046 -11.380060024559498 0
      vertex 23.598076209425926 -10.5 0
      vertex 23.380060024559498 -10.826284289360046 0
    endloop
  endfacet
  facet normal 0 0 -1
    outer loop
      vertex -23.121320344507694 -11.121320344507694 0
      vertex 23.771638594567776 -10.148050300776958 0
      vertex 23.598076209425926 -10.5 0
    endloop
  endfacet
  facet normal 0 0 -1
    outer loop
      vertex -23.380060024559498 -10.826284289360046 0
      vertex 23.89777747541666 -9.776457138359547 0
      vertex 23.771638594567776 -10.148050300776958 0
    endloop
  endfacet
  facet normal 0 0 -1
    outer loop
      vertex -23.598076209425926 -10.5 0
      vertex 23.974334582686424 -9.391578577458858 0
      vertex 23.89777747541666 -9.776457138359547 0
    endloop
  endfacet
  facet normal 0 0 -1
    outer loop
      vertex -23.771638594567776 -10.148050300776958 0
      vertex 24 -9 0
      vertex 23.974334582686424 -9.391578577458858 0
    endloop
  endfacet
  facet normal 0 0 -1
    outer loop
      vertex -23.89777747541666 -9.776457138359547 0
      vertex 24 9 0
      vertex 24 -9 0
    endloop
  endfacet
  facet normal 0 0 -1
    outer loop
      vertex 21 -12 0
      vertex 21.776457138359547 -11.89777747541666 0
      vertex 21.39157857745886 -11.974334582686424 0
    endloop
  endfacet
  facet normal 0.06540313273849395 -0.997858923008654 0
    outer loop
      vertex 21 -12 0
      vertex 21.39157857745886 -11.974334582686424 0
      vertex 21 -12 14.08
    endloop
  endfacet
  facet normal 0.19509032585814406 -0.980785279639006 0
    outer loop
      vertex 21.39157857745886 -11.974334582686424 0
      vertex 21.776457138359547 -11.89777747541666 0
      vertex 21.39157857745886 -11.974334582686424 14.08
    endloop
  endfacet
  facet normal 0.32143946370773846 -0.9469301300366788 0
    outer loop
      vertex 21.776457138359547 -11.89777747541666 0
      vertex 22.14805030077696 -11.771638594567776 0
      vertex 21.776457138359547 -11.89777747541666 14.08
    endloop
  endfacet
  facet normal 0.4422886918115197 -0.896872740747345 0
    outer loop
      vertex 22.14805030077696 -11.771638594567776 0
      vertex 22.5 -11.598076209425926 0
      vertex 22.14805030077696 -11.771638594567776 14.08
    endloop
  endfacet
  facet normal 0.5555702203832521 -0.8314696207458843 0
    outer loop
      vertex 22.5 -11.598076209425926 0
      vertex 22.826284289360046 -11.380060024559498 0
      vertex 22.5 -11.598076209425926 14.08
    endloop
  endfacet
  facet normal 0.6593458207943229 -0.7518398024852506 0
    outer loop
      vertex 22.826284289360046 -11.380060024559498 0
      vertex 23.121320344507694 -11.121320344507694 0
      vertex 22.826284289360046 -11.380060024559498 14.08
    endloop
  endfacet
  facet normal 0.7518398024852506 -0.6593458207943229 0
    outer loop
      vertex 23.121320344507694 -11.121320344507694 0
      vertex 23.380060024559498 -10.826284289360046 0
      vertex 23.121320344507694 -11.121320344507694 14.08
    endloop
  endfacet
  facet normal 0.8314696207458843 -0.5555702203832521 0
    outer loop
      vertex 23.380060024559498 -10.826284289360046 0
      vertex 23.598076209425926 -10.5 0
      vertex 23.380060024559498 -10.826284289360046 14.08
    endloop
  endfacet
  facet normal 0.896872740747345 -0.4422886918115197 0
    outer loop
      vertex 23.598076209425926 -10.5 0
      vertex 23.771638594567776 -10.148050300776958 0
      vertex 23.598076209425926 -10.5 14.08
    endloop
  endfacet
  facet normal 0.9469301300366788 -0.32143946370773846 0
    outer loop
      vertex 23.771638594567776 -10.148050300776958 0
      vertex 23.89777747541666 -9.776457138359547 0
      vertex 23.771638594567776 -10.148050300776958 14.08
    endloop
  endfacet
  facet normal 0.980785279639006 -0.19509032585814406 0
    outer loop
      vertex 23.89777747541666 -9.776457138359547 0
      vertex 23.974334582686424 -9.391578577458858 0
      vertex 23.89777747541666 -9.776457138359547 14.08
    endloop
  endfacet
  facet normal 0.997858923008654 -0.06540313273849395 0
    outer loop
      vertex 23.974334582686424 -9.391578577458858 0
      vertex 24 -9 0
      vertex 23.974334582686424 -9.391578577458858 14.08
    endloop
  endfacet
  facet normal 1 0 0
    outer loop
      vertex 24 -9 0
      vertex 24 9 0
      vertex 24 -9 14.08
    endloop
  endfacet
  facet normal 0 -1 0
    outer loop
      vertex -21 -12 14.08
      vertex 21 -12 0
      vertex 21 -12 14.08
    endloop
  endfacet
  facet normal 0 0 1
    outer loop
      vertex -21 -12 14.08
      vertex 21 -12 14.08
      vertex 21.776457138359547 -11.89777747541666 14.08
    endloop
  endfacet
  facet normal 0 0 1
    outer loop
      vertex -21 -12 14.08
      vertex 21.776457138359547 -11.89777747541666 14.08
      vertex 22.14805030077696 -11.771638594567776 14.08
    endloop
  endfacet
  facet normal 0 0 1
    outer loop
      vertex -21.39157857745886 -11.974334582686424 14.08
      vertex 22.14805030077696 -11.771638594567776 14.08
      vertex 22.5 -11.598076209425926 14.08
    endloop
  endfacet
  facet normal 0 0 1
    outer loop
      vertex -21.776457138359547 -11.89777747541666 14.08
      vertex 22.5 -11.598076209425926 14.08
      vertex 22.826284289360046 -11.380060024559498 14.08
    endloop
  endfacet
  facet normal 0 0 1
    outer loop
      vertex -22.14805030077696 -11.771638594567776 14.08
      vertex 22.826284289360046 -11.380060024559498 14.08
      vertex 23.121320344507694 -11.121320344507694 14.08
    endloop
  endfacet
  facet normal 0 0 1
    outer loop
      vertex -22.5 -11.598076209425926 14.08
      vertex 23.121320344507694 -11.121320344507694 14.08
      vertex 23.380060024559498 -10.826284289360046 14.08
    endloop
  endfacet
  facet normal 0 0 1
    outer loop
      vertex -22.826284289360046 -11.380060024559498 14.08
      vertex 23.380060024559498 -10.826284289360046 14.08
      vertex 23.598076209425926 -10.5 14.08
    endloop
  endfacet
  facet normal 0 0 1
    outer loop
      vertex -23.121320344507694 -11.121320344507694 14.08
      vertex 23.598076209425926 -10.5 14.08
      vertex 23.771638594567776 -10.148050300776958 14.08
    endloop
  endfacet
  facet normal 0 0 1
    outer loop
      vertex -23.380060024559498 -10.826284289360046 14.08
      vertex 23.771638594567776 -10.148050300776958 14.08
      vertex 23.89777747541666 -9.776457138359547 14.08
    endloop
  endfacet
  facet normal 0 0 1
    outer loop
      vertex -23.598076209425926 -10.5 14.08
      vertex 23.89777747541666 -9.776457138359547 14.08
      vertex 23.974334582686424 -9.391578577458858 14.08
    endloop
  endfacet
  facet normal 0 0 1
    outer loop
      vertex -23.771638594567776 -10.148050300776958 14.08
      vertex 23.974334582686424 -9.391578577458858 14.08
      vertex 24 -9 14.08
    endloop
  endfacet
  facet normal 0 0 1
    outer loop
      vertex -2.999999997019767 -8.899999998509884 14.08
      vertex 24 -9 14.08
      vertex 12.599999997019768 -8.899999998509884 14.08
    endloop
  endfacet
  facet normal 0.06540313273849395 -0.997858923008654 0
    outer loop
      vertex 21.39157857745886 -11.974334582686424 0
      vertex 21.39157857745886 -11.974334582686424 14.08
      vertex 21 -12 14.08
    endloop
  endfacet
  facet normal 0.19509032585814406 -0.980785279639006 0
    outer loop
      vertex 21.776457138359547 -11.89777747541666 0
      vertex 21.776457138359547 -11.89777747541666 14.08
      vertex 21.39157857745886 -11.974334582686424 14.08
    endloop
  endfacet
  facet normal 0.32143946370773846 -0.9469301300366788 0
    outer loop
      vertex 22.14805030077696 -11.771638594567776 0
      vertex 22.14805030077696 -11.771638594567776 14.08
      vertex 21.776457138359547 -11.89777747541666 14.08
    endloop
  endfacet
  facet normal 0.4422886918115197 -0.896872740747345 0
    outer loop
      vertex 22.5 -11.598076209425926 0
      vertex 22.5 -11.598076209425926 14.08
      vertex 22.14805030077696 -11.771638594567776 14.08
    endloop
  endfacet
  facet normal 0.5555702203832521 -0.8314696207458843 0
    outer loop
      vertex 22.826284289360046 -11.380060024559498 0
      vertex 22.826284289360046 -11.380060024559498 14.08
      vertex 22.5 -11.598076209425926 14.08
    endloop
  endfacet
  facet normal 0.6593458207943229 -0.7518398024852506 0
    outer loop
      vertex 23.121320344507694 -11.121320344507694 0
      vertex 23.121320344507694 -11.121320344507694 14.08
      vertex 22.826284289360046 -11.380060024559498 14.08
    endloop
  endfacet
  facet normal 0.7518398024852506 -0.6593458207943229 0
    outer loop
      vertex 23.380060024559498 -10.826284289360046 0
      vertex 23.380060024559498 -10.826284289360046 14.08
      vertex 23.121320344507694 -11.121320344507694 14.08
    endloop
  endfacet
  facet normal 0.8314696207458843 -0.5555702203832521 0
    outer loop
      vertex 23.598076209425926 -10.5 0
      vertex 23.598076209425926 -10.5 14.08
      vertex 23.380060024559498 -10.826284289360046 14.08
    endloop
  endfacet
  facet normal 0.896872740747345 -0.4422886918115197 0
    outer loop
      vertex 23.771638594567776 -10.148050300776958 0
      vertex 23.771638594567776 -10.148050300776958 14.08
      vertex 23.598076209425926 -10.5 14.08
    endloop
  endfacet
  facet normal 0.9469301300366788 -0.32143946370773846 0
    outer loop
      vertex 23.89777747541666 -9.776457138359547 0
      vertex 23.89777747541666 -9.776457138359547 14.08
      vertex 23.771638594567776 -10.148050300776958 14.08
    endloop
  endfacet
  facet normal 0.980785279639006 -0.19509032585814406 0
    outer loop
      vertex 23.974334582686424 -9.391578577458858 0
      vertex 23.974334582686424 -9.391578577458858 14.08
      vertex 23.89777747541666 -9.776457138359547 14.08
    endloop
  endfacet
  facet normal 0.997858923008654 -0.06540313273849395 0
    outer loop
      vertex 24 -9 0
      vertex 24 -9 14.08
      vertex 23.974334582686424 -9.391578577458858 14.08
    endloop
  endfacet
  facet normal 0 0 1
    outer loop
      vertex 12.599999997019768 -8.899999998509884 14.08
      vertex 24 -9 14.08
      vertex 13.122104766964913 -8.86577944457531 14.08
    endloop
  endfacet
  facet normal 0 0 1
    outer loop
      vertex 13.122104766964913 -8.86577944457531 14.08
      vertex 24 -9 14.08
      vertex 13.635276179015637 -8.763703301548958 14.08
    endloop
  endfacet
  facet normal 0 0 1
    outer loop
      vertex 13.635276179015637 -8.763703301548958 14.08
      vertex 24 -9 14.08
      vertex 14.130733723938466 -8.595518127083778 14.08
    endloop
  endfacet
  facet normal 0 0 1
    outer loop
      vertex 14.130733723938466 -8.595518127083778 14.08
      vertex 24 -9 14.08
      vertex 14.599999997019768 -8.364101611077785 14.08
    endloop
  endfacet
  facet normal 0 0 1
    outer loop
      vertex 14.599999997019768 -8.364101611077785 14.08
      vertex 24 -9 14.08
      vertex 15.035045716166497 -8.073413357138634 14.08
    endloop
  endfacet
  facet normal 0 0 1
    outer loop
      vertex 21 -12 14.08
      vertex 21.39157857745886 -11.974334582686424 14.08
      vertex 21.776457138359547 -11.89777747541666 14.08
    endloop
  endfacet
  facet normal 0 0 1
    outer loop
      vertex 15.035045716166497 -8.073413357138634 14.08
      vertex 24 -9 14.08
      vertex 15.428427118062974 -7.728427119553089 14.08
    endloop
  endfacet
  facet normal 0 0 1
    outer loop
      vertex 15.428427118062974 -7.728427119553089 14.08
      vertex 24 -9 14.08
      vertex 15.773413355648518 -7.335045717656612 14.08
    endloop
  endfacet
  facet normal 0 0 1
    outer loop
      vertex 15.773413355648518 -7.335045717656612 14.08
      vertex 24 -9 14.08
      vertex 16.06410160958767 -6.899999998509884 14.08
    endloop
  endfacet
  facet normal 0 0 1
    outer loop
      vertex 16.06410160958767 -6.899999998509884 14.08
      vertex 24 -9 14.08
      vertex 16.295518125593663 -6.430733725428581 14.08
    endloop
  endfacet
  facet normal 0 0 1
    outer loop
      vertex 16.295518125593663 -6.430733725428581 14.08
      vertex 24 -9 14.08
      vertex 16.463703300058842 -5.935276180505753 14.08
    endloop
  endfacet
  facet normal 0 0 1
    outer loop
      vertex 24 -9 14.08
      vertex 16.565779443085194 -5.4221047684550285 14.08
      vertex 16.463703300058842 -5.935276180505753 14.08
    endloop
  endfacet
  facet normal 0 0 1
    outer loop
      vertex 24 -9 14.08
      vertex 16.59999999701977 -4.899999998509884 14.08
      vertex 16.565779443085194 -5.4221047684550285 14.08
    endloop
  endfacet
  facet normal 0 0 1
    outer loop
      vertex 24 -9 14.08
      vertex 24 9 14.08
      vertex 16.59999999701977 -4.899999998509884 14.08
    endloop
  endfacet
  facet normal 0 0 -1
    outer loop
      vertex -23.974334582686424 -9.391578577458858 0
      vertex 23.974334582686424 9.391578577458858 0
      vertex 24 9 0
    endloop
  endfacet
  facet normal 0 0 -1
    outer loop
      vertex -24 -9 0
      vertex 23.89777747541666 9.776457138359547 0
      vertex 23.974334582686424 9.391578577458858 0
    endloop
  endfacet
  facet normal 0 0 -1
    outer loop
      vertex -24 9 0
      vertex 23.771638594567776 10.148050300776958 0
      vertex 23.89777747541666 9.776457138359547 0
    endloop
  endfacet
  facet normal 0 0 -1
    outer loop
      vertex -23.974334582686424 9.391578577458858 0
      vertex 23.598076209425926 10.5 0
      vertex 23.771638594567776 10.148050300776958 0
    endloop
  endfacet
  facet normal 0 0 -1
    outer loop
      vertex -23.89777747541666 9.776457138359547 0
      vertex 23.380060024559498 10.826284289360046 0
      vertex 23.598076209425926 10.5 0
    endloop
  endfacet
  facet normal 0 0 -1
    outer loop
      vertex -23.121320344507694 11.121320344507694 0
      vertex 22.14805030077696 11.771638594567776 0
      vertex 22.5 11.598076209425926 0
    endloop
  endfacet
  facet normal 0 0 -1
    outer loop
      vertex -22.14805030077696 11.771638594567776 0
      vertex 21 12 0
      vertex 21.39157857745886 11.974334582686424 0
    endloop
  endfacet
  facet normal 0 0 -1
    outer loop
      vertex -22.826284289360046 11.380060024559498 0
      vertex 21.776457138359547 11.89777747541666 0
      vertex 22.14805030077696 11.771638594567776 0
    endloop
  endfacet
  facet normal 0 0 -1
    outer loop
      vertex -22.5 11.598076209425926 0
      vertex 21.39157857745886 11.974334582686424 0
      vertex 21.776457138359547 11.89777747541666 0
    endloop
  endfacet
  facet normal 0 0 -1
    outer loop
      vertex -23.771638594567776 10.148050300776958 0
      vertex 23.121320344507694 11.121320344507694 0
      vertex 23.380060024559498 10.826284289360046 0
    endloop
  endfacet
  facet normal 0 0 -1
    outer loop
      vertex -23.598076209425926 10.5 0
      vertex 22.826284289360046 11.380060024559498 0
      vertex 23.121320344507694 11.121320344507694 0
    endloop
  endfacet
  facet normal 0 0 -1
    outer loop
      vertex -23.380060024559498 10.826284289360046 0
      vertex 22.5 11.598076209425926 0
      vertex 22.826284289360046 11.380060024559498 0
    endloop
  endfacet
  facet normal 0 1 0
    outer loop
      vertex -21 12 0
      vertex 21 12 14.08
      vertex 21 12 0
    endloop
  endfacet
  facet normal 0.997858923008654 0.06540313273849395 0
    outer loop
      vertex 24 9 0
      vertex 23.974334582686424 9.391578577458858 0
      vertex 24 9 14.08
    endloop
  endfacet
  facet normal 0.980785279639006 0.19509032585814406 0
    outer loop
      vertex 23.974334582686424 9.391578577458858 0
      vertex 23.89777747541666 9.776457138359547 0
      vertex 23.974334582686424 9.391578577458858 14.08
    endloop
  endfacet
  facet normal 0.9469301300366788 0.32143946370773846 0
    outer loop
      vertex 23.89777747541666 9.776457138359547 0
      vertex 23.771638594567776 10.148050300776958 0
      vertex 23.89777747541666 9.776457138359547 14.08
    endloop
  endfacet
  facet normal 0.896872740747345 0.4422886918115197 0
    outer loop
      vertex 23.771638594567776 10.148050300776958 0
      vertex 23.598076209425926 10.5 0
      vertex 23.771638594567776 10.148050300776958 14.08
    endloop
  endfacet
  facet normal 0.06540313273849395 0.997858923008654 0
    outer loop
      vertex 21 12 0
      vertex 21.39157857745886 11.974334582686424 14.08
      vertex 21.39157857745886 11.974334582686424 0
    endloop
  endfacet
  facet normal 0.19509032585814406 0.980785279639006 0
    outer loop
      vertex 21.39157857745886 11.974334582686424 0
      vertex 21.776457138359547 11.89777747541666 14.08
      vertex 21.776457138359547 11.89777747541666 0
    endloop
  endfacet
  facet normal 0.32143946370773846 0.9469301300366788 0
    outer loop
      vertex 21.776457138359547 11.89777747541666 0
      vertex 22.14805030077696 11.771638594567776 14.08
      vertex 22.14805030077696 11.771638594567776 0
    endloop
  endfacet
  facet normal 0.4422886918115197 0.896872740747345 0
    outer loop
      vertex 22.14805030077696 11.771638594567776 0
      vertex 22.5 11.598076209425926 14.08
      vertex 22.5 11.598076209425926 0
    endloop
  endfacet
  facet normal 0.6593458207943229 0.7518398024852506 0
    outer loop
      vertex 23.121320344507694 11.121320344507694 0
      vertex 22.826284289360046 11.380060024559498 0
      vertex 23.121320344507694 11.121320344507694 14.08
    endloop
  endfacet
  facet normal 0.8314696207458843 0.5555702203832521 0
    outer loop
      vertex 23.598076209425926 10.5 0
      vertex 23.380060024559498 10.826284289360046 0
      vertex 23.598076209425926 10.5 14.08
    endloop
  endfacet
  facet normal 0.7518398024852506 0.6593458207943229 0
    outer loop
      vertex 23.121320344507694 11.121320344507694 0
      vertex 23.380060024559498 10.826284289360046 14.08
      vertex 23.380060024559498 10.826284289360046 0
    endloop
  endfacet
  facet normal 0.5555702203832521 0.8314696207458843 0
    outer loop
      vertex 22.826284289360046 11.380060024559498 0
      vertex 22.5 11.598076209425926 0
      vertex 22.826284289360046 11.380060024559498 14.08
    endloop
  endfacet
  facet normal 0 0 1
    outer loop
      vertex -24 9 14.08
      vertex 12.599999997019768 8.899999998509884 14.08
      vertex 23.89777747541666 9.776457138359547 14.08
    endloop
  endfacet
  facet normal 0 0 1
    outer loop
      vertex -24 9 14.08
      vertex 23.89777747541666 9.776457138359547 14.08
      vertex 23.771638594567776 10.148050300776958 14.08
    endloop
  endfacet
  facet normal 0 0 1
    outer loop
      vertex -23.974334582686424 9.391578577458858 14.08
      vertex 23.771638594567776 10.148050300776958 14.08
      vertex 23.598076209425926 10.5 14.08
    endloop
  endfacet
  facet normal 0 0 1
    outer loop
      vertex -23.89777747541666 9.776457138359547 14.08
      vertex 23.598076209425926 10.5 14.08
      vertex 23.380060024559498 10.826284289360046 14.08
    endloop
  endfacet
  facet normal 0 0 1
    outer loop
      vertex -23.121320344507694 11.121320344507694 14.08
      vertex 22.5 11.598076209425926 14.08
      vertex 22.14805030077696 11.771638594567776 14.08
    endloop
  endfacet
  facet normal 0 0 1
    outer loop
      vertex -22.14805030077696 11.771638594567776 14.08
      vertex 21.39157857745886 11.974334582686424 14.08
      vertex 21 12 14.08
    endloop
  endfacet
  facet normal 0 0 1
    outer loop
      vertex -22.826284289360046 11.380060024559498 14.08
      vertex 22.14805030077696 11.771638594567776 14.08
      vertex 21.776457138359547 11.89777747541666 14.08
    endloop
  endfacet
  facet normal 0 0 1
    outer loop
      vertex -22.5 11.598076209425926 14.08
      vertex 21.776457138359547 11.89777747541666 14.08
      vertex 21.39157857745886 11.974334582686424 14.08
    endloop
  endfacet
  facet normal 0 0 1
    outer loop
      vertex -23.771638594567776 10.148050300776958 14.08
      vertex 23.380060024559498 10.826284289360046 14.08
      vertex 23.121320344507694 11.121320344507694 14.08
    endloop
  endfacet
  facet normal 0 0 1
    outer loop
      vertex -23.598076209425926 10.5 14.08
      vertex 23.121320344507694 11.121320344507694 14.08
      vertex 22.826284289360046 11.380060024559498 14.08
    endloop
  endfacet
  facet normal 0 0 1
    outer loop
      vertex -23.380060024559498 10.826284289360046 14.08
      vertex 22.826284289360046 11.380060024559498 14.08
      vertex 22.5 11.598076209425926 14.08
    endloop
  endfacet
  facet normal 1 0 0
    outer loop
      vertex 24 -9 14.08
      vertex 24 9 0
      vertex 24 9 14.08
    endloop
  endfacet
  facet normal 0 0 1
    outer loop
      vertex 16.59999999701977 -4.899999998509884 14.08
      vertex 24 9 14.08
      vertex 16.59999999701977 4.899999998509884 14.08
    endloop
  endfacet
  facet normal 0.997858923008654 0.06540313273849395 0
    outer loop
      vertex 23.974334582686424 9.391578577458858 0
      vertex 23.974334582686424 9.391578577458858 14.08
      vertex 24 9 14.08
    endloop
  endfacet
  facet normal 0.980785279639006 0.19509032585814406 0
    outer loop
      vertex 23.89777747541666 9.776457138359547 0
      vertex 23.89777747541666 9.776457138359547 14.08
      vertex 23.974334582686424 9.391578577458858 14.08
    endloop
  endfacet
  facet normal 0.9469301300366788 0.32143946370773846 0
    outer loop
      vertex 23.771638594567776 10.148050300776958 0
      vertex 23.771638594567776 10.148050300776958 14.08
      vertex 23.89777747541666 9.776457138359547 14.08
    endloop
  endfacet
  facet normal 0.896872740747345 0.4422886918115197 0
    outer loop
      vertex 23.598076209425926 10.5 0
      vertex 23.598076209425926 10.5 14.08
      vertex 23.771638594567776 10.148050300776958 14.08
    endloop
  endfacet
  facet normal 0.06540313273849395 0.997858923008654 0
    outer loop
      vertex 21 12 0
      vertex 21 12 14.08
      vertex 21.39157857745886 11.974334582686424 14.08
    endloop
  endfacet
  facet normal 0.19509032585814406 0.980785279639006 0
    outer loop
      vertex 21.39157857745886 11.974334582686424 0
      vertex 21.39157857745886 11.974334582686424 14.08
      vertex 21.776457138359547 11.89777747541666 14.08
    endloop
  endfacet
  facet normal 0.32143946370773846 0.9469301300366788 0
    outer loop
      vertex 21.776457138359547 11.89777747541666 0
      vertex 21.776457138359547 11.89777747541666 14.08
      vertex 22.14805030077696 11.771638594567776 14.08
    endloop
  endfacet
  facet normal 0.4422886918115197 0.896872740747345 0
    outer loop
      vertex 22.14805030077696 11.771638594567776 0
      vertex 22.14805030077696 11.771638594567776 14.08
      vertex 22.5 11.598076209425926 14.08
    endloop
  endfacet
  facet normal 0.7518398024852506 0.6593458207943229 0
    outer loop
      vertex 23.121320344507694 11.121320344507694 0
      vertex 23.121320344507694 11.121320344507694 14.08
      vertex 23.380060024559498 10.826284289360046 14.08
    endloop
  endfacet
  facet normal 0.8314696207458843 0.5555702203832521 0
    outer loop
      vertex 23.380060024559498 10.826284289360046 0
      vertex 23.380060024559498 10.826284289360046 14.08
      vertex 23.598076209425926 10.5 14.08
    endloop
  endfacet
  facet normal 0.5555702203832521 0.8314696207458843 0
    outer loop
      vertex 22.5 11.598076209425926 0
      vertex 22.5 11.598076209425926 14.08
      vertex 22.826284289360046 11.380060024559498 14.08
    endloop
  endfacet
  facet normal 0.6593458207943229 0.7518398024852506 0
    outer loop
      vertex 22.826284289360046 11.380060024559498 0
      vertex 22.826284289360046 11.380060024559498 14.08
      vertex 23.121320344507694 11.121320344507694 14.08
    endloop
  endfacet
  facet normal 0 0 1
    outer loop
      vertex 14.599999997019768 8.364101611077785 14.08
      vertex 15.035045716166497 8.073413357138634 14.08
      vertex 23.89777747541666 9.776457138359547 14.08
    endloop
  endfacet
  facet normal 0 0 1
    outer loop
      vertex 14.130733723938466 8.595518127083778 14.08
      vertex 14.599999997019768 8.364101611077785 14.08
      vertex 23.89777747541666 9.776457138359547 14.08
    endloop
  endfacet
  facet normal 0 0 1
    outer loop
      vertex 12.599999997019768 8.899999998509884 14.08
      vertex 13.122104766964913 8.86577944457531 14.08
      vertex 23.89777747541666 9.776457138359547 14.08
    endloop
  endfacet
  facet normal 0 0 1
    outer loop
      vertex 13.122104766964913 8.86577944457531 14.08
      vertex 13.635276179015637 8.763703301548958 14.08
      vertex 23.89777747541666 9.776457138359547 14.08
    endloop
  endfacet
  facet normal 0 0 1
    outer loop
      vertex 13.635276179015637 8.763703301548958 14.08
      vertex 14.130733723938466 8.595518127083778 14.08
      vertex 23.89777747541666 9.776457138359547 14.08
    endloop
  endfacet
  facet normal 0 0 1
    outer loop
      vertex 16.59999999701977 4.899999998509884 14.08
      vertex 24 9 14.08
      vertex 16.565779443085194 5.4221047684550285 14.08
    endloop
  endfacet
  facet normal 0 0 1
    outer loop
      vertex 16.565779443085194 5.4221047684550285 14.08
      vertex 24 9 14.08
      vertex 16.463703300058842 5.935276180505753 14.08
    endloop
  endfacet
  facet normal 0 0 1
    outer loop
      vertex 16.463703300058842 5.935276180505753 14.08
      vertex 24 9 14.08
      vertex 16.295518125593663 6.430733725428581 14.08
    endloop
  endfacet
  facet normal 0 0 1
    outer loop
      vertex 16.06410160958767 6.899999998509884 14.08
      vertex 23.89777747541666 9.776457138359547 14.08
      vertex 15.773413355648518 7.335045717656612 14.08
    endloop
  endfacet
  facet normal 0 0 1
    outer loop
      vertex 16.295518125593663 6.430733725428581 14.08
      vertex 23.974334582686424 9.391578577458858 14.08
      vertex 16.06410160958767 6.899999998509884 14.08
    endloop
  endfacet
  facet normal 0 0 1
    outer loop
      vertex 15.428427118062974 7.728427119553089 14.08
      vertex 23.89777747541666 9.776457138359547 14.08
      vertex 15.035045716166497 8.073413357138634 14.08
    endloop
  endfacet
  facet normal 0 0 1
    outer loop
      vertex 15.773413355648518 7.335045717656612 14.08
      vertex 23.89777747541666 9.776457138359547 14.08
      vertex 15.428427118062974 7.728427119553089 14.08
    endloop
  endfacet
  facet normal 0 0 1
    outer loop
      vertex 16.295518125593663 6.430733725428581 14.08
      vertex 24 9 14.08
      vertex 23.974334582686424 9.391578577458858 14.08
    endloop
  endfacet
  facet normal 0 0 1
    outer loop
      vertex 16.06410160958767 6.899999998509884 14.08
      vertex 23.974334582686424 9.391578577458858 14.08
      vertex 23.89777747541666 9.776457138359547 14.08
    endloop
  endfacet
  facet normal -0.8968727416500544 -0.4422886899810064 0
    outer loop
      vertex -6.464101609587669 -6.899999998509884 14.08
      vertex -6.6955181255936616 -6.430733725428581 15.48
      vertex -6.6955181255936616 -6.430733725428581 14.08
    endloop
  endfacet
  facet normal -0.946930129055815 -0.3214394665972703 0
    outer loop
      vertex -6.6955181255936616 -6.430733725428581 14.08
      vertex -6.863703300058841 -5.935276180505753 15.48
      vertex -6.863703300058841 -5.935276180505753 14.08
    endloop
  endfacet
  facet normal -0.8968727416500544 -0.4422886899810064 0
    outer loop
      vertex -6.464101609587669 -6.899999998509884 14.08
      vertex -6.464101609587669 -6.899999998509884 15.48
      vertex -6.6955181255936616 -6.430733725428581 15.48
    endloop
  endfacet
  facet normal -0.946930129055815 -0.3214394665972703 0
    outer loop
      vertex -6.6955181255936616 -6.430733725428581 14.08
      vertex -6.6955181255936616 -6.430733725428581 15.48
      vertex -6.863703300058841 -5.935276180505753 15.48
    endloop
  endfacet
  facet normal -0.5555702302277682 -0.831469614167989 0
    outer loop
      vertex -4.999999997019767 -8.364101611077785 14.08
      vertex -4.999999997019767 -8.364101611077785 15.48
      vertex -5.435045716166496 -8.073413357138634 15.48
    endloop
  endfacet
  facet normal -0.6593458228172266 -0.7518398007112117 0
    outer loop
      vertex -5.828427118062972 -7.728427119553089 14.08
      vertex -5.435045716166496 -8.073413357138634 14.08
      vertex -5.828427118062972 -7.728427119553089 15.48
    endloop
  endfacet
  facet normal -0.5555702302277682 -0.831469614167989 0
    outer loop
      vertex -4.999999997019767 -8.364101611077785 14.08
      vertex -5.435045716166496 -8.073413357138634 15.48
      vertex -5.435045716166496 -8.073413357138634 14.08
    endloop
  endfacet
  facet normal -0.7518398007112117 -0.6593458228172266 0
    outer loop
      vertex -5.828427118062972 -7.728427119553089 14.08
      vertex -5.828427118062972 -7.728427119553089 15.48
      vertex -6.173413355648517 -7.335045717656612 15.48
    endloop
  endfacet
  facet normal -0.6593458228172266 -0.7518398007112117 0
    outer loop
      vertex -5.435045716166496 -8.073413357138634 14.08
      vertex -5.435045716166496 -8.073413357138634 15.48
      vertex -5.828427118062972 -7.728427119553089 15.48
    endloop
  endfacet
  facet normal -0.3214394665972703 -0.946930129055815 0
    outer loop
      vertex -4.530733723938464 -8.595518127083778 14.08
      vertex -4.035276179015636 -8.763703301548958 14.08
      vertex -4.530733723938464 -8.595518127083778 15.48
    endloop
  endfacet
  facet normal -0.4422886899810064 -0.8968727416500544 0
    outer loop
      vertex -4.999999997019767 -8.364101611077785 14.08
      vertex -4.530733723938464 -8.595518127083778 14.08
      vertex -4.999999997019767 -8.364101611077785 15.48
    endloop
  endfacet
  facet normal -0.19509032676636193 -0.9807852794583501 0
    outer loop
      vertex -4.035276179015636 -8.763703301548958 14.08
      vertex -3.5221047669649117 -8.86577944457531 14.08
      vertex -4.035276179015636 -8.763703301548958 15.48
    endloop
  endfacet
  facet normal -0.3214394665972703 -0.946930129055815 0
    outer loop
      vertex -4.035276179015636 -8.763703301548958 14.08
      vertex -4.035276179015636 -8.763703301548958 15.48
      vertex -4.530733723938464 -8.595518127083778 15.48
    endloop
  endfacet
  facet normal -0.4422886899810064 -0.8968727416500544 0
    outer loop
      vertex -4.530733723938464 -8.595518127083778 14.08
      vertex -4.530733723938464 -8.595518127083778 15.48
      vertex -4.999999997019767 -8.364101611077785 15.48
    endloop
  endfacet
  facet normal -0.19509032676636193 -0.9807852794583501 0
    outer loop
      vertex -3.5221047669649117 -8.86577944457531 14.08
      vertex -3.5221047669649117 -8.86577944457531 15.48
      vertex -4.035276179015636 -8.763703301548958 15.48
    endloop
  endfacet
  facet normal -0.7518398007112117 -0.6593458228172266 0
    outer loop
      vertex -5.828427118062972 -7.728427119553089 14.08
      vertex -6.173413355648517 -7.335045717656612 15.48
      vertex -6.173413355648517 -7.335045717656612 14.08
    endloop
  endfacet
  facet normal -0.831469614167989 -0.5555702302277682 0
    outer loop
      vertex -6.464101609587669 -6.899999998509884 14.08
      vertex -6.173413355648517 -7.335045717656612 14.08
      vertex -6.464101609587669 -6.899999998509884 15.48
    endloop
  endfacet
  facet normal -0.831469614167989 -0.5555702302277682 0
    outer loop
      vertex -6.464101609587669 -6.899999998509884 15.48
      vertex -6.173413355648517 -7.335045717656612 14.08
      vertex -6.173413355648517 -7.335045717656612 15.48
    endloop
  endfacet
  facet normal -0.06540312801222276 -0.9978589233184301 0
    outer loop
      vertex -3.5221047669649117 -8.86577944457531 14.08
      vertex -2.999999997019767 -8.899999998509884 14.08
      vertex -3.5221047669649117 -8.86577944457531 15.48
    endloop
  endfacet
  facet normal -0.06540312801222276 -0.9978589233184301 0
    outer loop
      vertex -3.5221047669649117 -8.86577944457531 15.48
      vertex -2.999999997019767 -8.899999998509884 14.08
      vertex -2.999999997019767 -8.899999998509884 15.48
    endloop
  endfacet
  facet normal -0.9807852794583501 -0.19509032676636193 0
    outer loop
      vertex -6.863703300058841 -5.935276180505753 14.08
      vertex -6.965779443085193 -5.4221047684550285 15.48
      vertex -6.965779443085193 -5.4221047684550285 14.08
    endloop
  endfacet
  facet normal -0.9807852794583501 -0.19509032676636193 0
    outer loop
      vertex -6.863703300058841 -5.935276180505753 14.08
      vertex -6.863703300058841 -5.935276180505753 15.48
      vertex -6.965779443085193 -5.4221047684550285 15.48
    endloop
  endfacet
  facet normal -0.9978589233184301 -0.06540312801222276 0
    outer loop
      vertex -6.965779443085193 -5.4221047684550285 14.08
      vertex -6.999999997019767 -4.899999998509884 15.48
      vertex -6.999999997019767 -4.899999998509884 14.08
    endloop
  endfacet
  facet normal -0.9978589233184301 -0.06540312801222276 0
    outer loop
      vertex -6.965779443085193 -5.4221047684550285 14.08
      vertex -6.965779443085193 -5.4221047684550285 15.48
      vertex -6.999999997019767 -4.899999998509884 15.48
    endloop
  endfacet
  facet normal -1 0 0
    outer loop
      vertex -6.999999997019767 -4.899999998509884 14.08
      vertex -6.999999997019767 -4.899999998509884 15.48
      vertex -6.999999997019767 4.899999998509884 15.48
    endloop
  endfacet
  facet normal 0 0 1
    outer loop
      vertex -6.999999997019767 -4.899999998509884 15.48
      vertex -4.791389857711337 -1.0313593423786058 15.48
      vertex -4.919238815542512 -0.9192388155425119 15.48
    endloop
  endfacet
  facet normal 0 0 1
    outer loop
      vertex -6.999999997019767 -4.899999998509884 15.48
      vertex -4.65 -1.12583302491977 15.48
      vertex -4.791389857711337 -1.0313593423786058 15.48
    endloop
  endfacet
  facet normal 0 0 1
    outer loop
      vertex -6.999999997019767 -4.899999998509884 15.48
      vertex -4.4974884620746165 -1.2010433922646728 15.48
      vertex -4.65 -1.12583302491977 15.48
    endloop
  endfacet
  facet normal 0 0 1
    outer loop
      vertex -6.999999997019767 -4.899999998509884 15.48
      vertex -4.3364647586332765 -1.255703574175789 15.48
      vertex -4.4974884620746165 -1.2010433922646728 15.48
    endloop
  endfacet
  facet normal 0 0 1
    outer loop
      vertex -6.999999997019767 -4.899999998509884 15.48
      vertex -4.169684049886067 -1.2888783197859535 15.48
      vertex -4.3364647586332765 -1.255703574175789 15.48
    endloop
  endfacet
  facet normal 0 0 1
    outer loop
      vertex -6.999999997019767 -4.899999998509884 15.48
      vertex -4 -1.3 15.48
      vertex -4.169684049886067 -1.2888783197859535 15.48
    endloop
  endfacet
  facet normal 0 0 1
    outer loop
      vertex -6.999999997019767 -4.899999998509884 15.48
      vertex -3.830315950113933 -1.2888783197859535 15.48
      vertex -4 -1.3 15.48
    endloop
  endfacet
  facet normal 0 0 1
    outer loop
      vertex -6.999999997019767 -4.899999998509884 15.48
      vertex -5.031359342378606 -0.7913898577113369 15.48
      vertex -5.12583302491977 -0.65 15.48
    endloop
  endfacet
  facet normal 0 0 1
    outer loop
      vertex -6.999999997019767 -4.899999998509884 15.48
      vertex -5.12583302491977 -0.65 15.48
      vertex -5.201043392264673 -0.4974884620746167 15.48
    endloop
  endfacet
  facet normal 0 0 1
    outer loop
      vertex -6.999999997019767 -4.899999998509884 15.48
      vertex -5.201043392264673 -0.4974884620746167 15.48
      vertex -5.255703574175789 -0.33646475863327696 15.48
    endloop
  endfacet
  facet normal 0 0 1
    outer loop
      vertex -6.999999997019767 -4.899999998509884 15.48
      vertex -5.255703574175789 -0.33646475863327696 15.48
      vertex -5.288878319785954 -0.16968404988606706 15.48
    endloop
  endfacet
  facet normal 0 0 1
    outer loop
      vertex -6.999999997019767 -4.899999998509884 15.48
      vertex -5.288878319785954 -0.16968404988606706 15.48
      vertex -5.3 0 15.48
    endloop
  endfacet
  facet normal 0 0 1
    outer loop
      vertex -6.999999997019767 -4.899999998509884 15.48
      vertex -5.3 0 15.48
      vertex -5.288878319785954 0.16968404988606706 15.48
    endloop
  endfacet
  facet normal 0 0 1
    outer loop
      vertex -6.999999997019767 -4.899999998509884 15.48
      vertex -4.919238815542512 -0.9192388155425119 15.48
      vertex -5.031359342378606 -0.7913898577113369 15.48
    endloop
  endfacet
  facet normal 0 0 1
    outer loop
      vertex -6.999999997019767 -4.899999998509884 15.48
      vertex -3.663535241366723 -1.255703574175789 15.48
      vertex -3.830315950113933 -1.2888783197859535 15.48
    endloop
  endfacet
  facet normal 0 0 1
    outer loop
      vertex -6.999999997019767 -4.899999998509884 15.48
      vertex -3.5025115379253835 -1.2010433922646728 15.48
      vertex -3.663535241366723 -1.255703574175789 15.48
    endloop
  endfacet
  facet normal 0 0 1
    outer loop
      vertex -6.999999997019767 -4.899999998509884 15.48
      vertex -3.35 -1.12583302491977 15.48
      vertex -3.5025115379253835 -1.2010433922646728 15.48
    endloop
  endfacet
  facet normal 0 0 1
    outer loop
      vertex -6.999999997019767 -4.899999998509884 15.48
      vertex -3.2086101422886633 -1.0313593423786058 15.48
      vertex -3.35 -1.12583302491977 15.48
    endloop
  endfacet
  facet normal 0 0 1
    outer loop
      vertex -6.999999997019767 -4.899999998509884 15.48
      vertex -3.0807611844574883 -0.9192388155425119 15.48
      vertex -3.2086101422886633 -1.0313593423786058 15.48
    endloop
  endfacet
  facet normal 0 0 1
    outer loop
      vertex -6.999999997019767 -4.899999998509884 15.48
      vertex -5.288878319785954 0.16968404988606706 15.48
      vertex -5.255703574175789 0.33646475863327696 15.48
    endloop
  endfacet
  facet normal -1 0 0
    outer loop
      vertex -6.999999997019767 -4.899999998509884 14.08
      vertex -6.999999997019767 4.899999998509884 15.48
      vertex -6.999999997019767 4.899999998509884 14.08
    endloop
  endfacet
  facet normal -0.9978589233184301 0.06540312801222276 0
    outer loop
      vertex -6.999999997019767 4.899999998509884 14.08
      vertex -6.965779443085193 5.4221047684550285 15.48
      vertex -6.965779443085193 5.4221047684550285 14.08
    endloop
  endfacet
  facet normal -0.9978589233184301 0.06540312801222276 0
    outer loop
      vertex -6.999999997019767 4.899999998509884 14.08
      vertex -6.999999997019767 4.899999998509884 15.48
      vertex -6.965779443085193 5.4221047684550285 15.48
    endloop
  endfacet
  facet normal -0.9807852794583501 0.19509032676636193 0
    outer loop
      vertex -6.965779443085193 5.4221047684550285 14.08
      vertex -6.863703300058841 5.935276180505753 15.48
      vertex -6.863703300058841 5.935276180505753 14.08
    endloop
  endfacet
  facet normal -0.9807852794583501 0.19509032676636193 0
    outer loop
      vertex -6.965779443085193 5.4221047684550285 14.08
      vertex -6.965779443085193 5.4221047684550285 15.48
      vertex -6.863703300058841 5.935276180505753 15.48
    endloop
  endfacet
  facet normal 0 0 1
    outer loop
      vertex -6.999999997019767 -4.899999998509884 15.48
      vertex -5.255703574175789 0.33646475863327696 15.48
      vertex -6.999999997019767 4.899999998509884 15.48
    endloop
  endfacet
  facet normal 0 0 1
    outer loop
      vertex -6.999999997019767 4.899999998509884 15.48
      vertex -5.255703574175789 0.33646475863327696 15.48
      vertex -5.201043392264673 0.4974884620746167 15.48
    endloop
  endfacet
  facet normal 0 0 1
    outer loop
      vertex -6.999999997019767 4.899999998509884 15.48
      vertex -5.201043392264673 0.4974884620746167 15.48
      vertex -5.12583302491977 0.65 15.48
    endloop
  endfacet
  facet normal 0 0 1
    outer loop
      vertex -6.999999997019767 4.899999998509884 15.48
      vertex -5.12583302491977 0.65 15.48
      vertex -5.031359342378606 0.7913898577113369 15.48
    endloop
  endfacet
  facet normal 0 0 1
    outer loop
      vertex -6.999999997019767 4.899999998509884 15.48
      vertex -5.031359342378606 0.7913898577113369 15.48
      vertex -4.919238815542512 0.9192388155425119 15.48
    endloop
  endfacet
  facet normal 0 0 1
    outer loop
      vertex -6.999999997019767 4.899999998509884 15.48
      vertex -4.919238815542512 0.9192388155425119 15.48
      vertex -4.791389857711337 1.0313593423786058 15.48
    endloop
  endfacet
  facet normal 0 0 1
    outer loop
      vertex -6.999999997019767 4.899999998509884 15.48
      vertex -4.791389857711337 1.0313593423786058 15.48
      vertex -4.65 1.12583302491977 15.48
    endloop
  endfacet
  facet normal 0 0 1
    outer loop
      vertex -6.999999997019767 4.899999998509884 15.48
      vertex -4.65 1.12583302491977 15.48
      vertex -4.4974884620746165 1.2010433922646728 15.48
    endloop
  endfacet
  facet normal 0 0 1
    outer loop
      vertex -6.999999997019767 4.899999998509884 15.48
      vertex -4.4974884620746165 1.2010433922646728 15.48
      vertex -4.3364647586332765 1.255703574175789 15.48
    endloop
  endfacet
  facet normal 0 0 1
    outer loop
      vertex -6.999999997019767 4.899999998509884 15.48
      vertex -4.3364647586332765 1.255703574175789 15.48
      vertex -4.169684049886067 1.2888783197859535 15.48
    endloop
  endfacet
  facet normal 0 0 1
    outer loop
      vertex -6.999999997019767 4.899999998509884 15.48
      vertex -4.169684049886067 1.2888783197859535 15.48
      vertex -4 1.3 15.48
    endloop
  endfacet
  facet normal 0 0 1
    outer loop
      vertex -6.999999997019767 4.899999998509884 15.48
      vertex -4 1.3 15.48
      vertex -3.830315950113933 1.2888783197859535 15.48
    endloop
  endfacet
  facet normal 0 0 1
    outer loop
      vertex -6.999999997019767 4.899999998509884 15.48
      vertex -3.5025115379253835 1.2010433922646728 15.48
      vertex -3.35 1.12583302491977 15.48
    endloop
  endfacet
  facet normal 0 0 1
    outer loop
      vertex -6.999999997019767 4.899999998509884 15.48
      vertex -3.830315950113933 1.2888783197859535 15.48
      vertex -3.663535241366723 1.255703574175789 15.48
    endloop
  endfacet
  facet normal 0 0 1
    outer loop
      vertex -6.999999997019767 4.899999998509884 15.48
      vertex -3.663535241366723 1.255703574175789 15.48
      vertex -3.5025115379253835 1.2010433922646728 15.48
    endloop
  endfacet
  facet normal 0 0 1
    outer loop
      vertex -6.999999997019767 4.899999998509884 15.48
      vertex -3.2086101422886633 1.0313593423786058 15.48
      vertex -3.0807611844574883 0.9192388155425119 15.48
    endloop
  endfacet
  facet normal 0 0 1
    outer loop
      vertex -6.999999997019767 4.899999998509884 15.48
      vertex -3.35 1.12583302491977 15.48
      vertex -3.2086101422886633 1.0313593423786058 15.48
    endloop
  endfacet
  facet normal -0.946930129055815 0.3214394665972703 0
    outer loop
      vertex -6.863703300058841 5.935276180505753 14.08
      vertex -6.6955181255936616 6.430733725428581 15.48
      vertex -6.6955181255936616 6.430733725428581 14.08
    endloop
  endfacet
  facet normal -0.8968727416500544 0.4422886899810064 0
    outer loop
      vertex -6.6955181255936616 6.430733725428581 14.08
      vertex -6.464101609587669 6.899999998509884 15.48
      vertex -6.464101609587669 6.899999998509884 14.08
    endloop
  endfacet
  facet normal -0.946930129055815 0.3214394665972703 0
    outer loop
      vertex -6.863703300058841 5.935276180505753 14.08
      vertex -6.863703300058841 5.935276180505753 15.48
      vertex -6.6955181255936616 6.430733725428581 15.48
    endloop
  endfacet
  facet normal -0.8968727416500544 0.4422886899810064 0
    outer loop
      vertex -6.6955181255936616 6.430733725428581 14.08
      vertex -6.6955181255936616 6.430733725428581 15.48
      vertex -6.464101609587669 6.899999998509884 15.48
    endloop
  endfacet
  facet normal -0.831469614167989 0.5555702302277682 0
    outer loop
      vertex -6.464101609587669 6.899999998509884 14.08
      vertex -6.173413355648517 7.335045717656612 15.48
      vertex -6.173413355648517 7.335045717656612 14.08
    endloop
  endfacet
  facet normal -0.831469614167989 0.5555702302277682 0
    outer loop
      vertex -6.464101609587669 6.899999998509884 14.08
      vertex -6.464101609587669 6.899999998509884 15.48
      vertex -6.173413355648517 7.335045717656612 15.48
    endloop
  endfacet
  facet normal -0.7518398007112117 0.6593458228172266 0
    outer loop
      vertex -6.173413355648517 7.335045717656612 14.08
      vertex -6.173413355648517 7.335045717656612 15.48
      vertex -5.828427118062972 7.728427119553089 15.48
    endloop
  endfacet
  facet normal -0.7518398007112117 0.6593458228172266 0
    outer loop
      vertex -6.173413355648517 7.335045717656612 14.08
      vertex -5.828427118062972 7.728427119553089 15.48
      vertex -5.828427118062972 7.728427119553089 14.08
    endloop
  endfacet
  facet normal -0.6593458228172266 0.7518398007112117 0
    outer loop
      vertex -5.828427118062972 7.728427119553089 14.08
      vertex -5.435045716166496 8.073413357138634 15.48
      vertex -5.435045716166496 8.073413357138634 14.08
    endloop
  endfacet
  facet normal -0.6593458228172266 0.7518398007112117 0
    outer loop
      vertex -5.828427118062972 7.728427119553089 14.08
      vertex -5.828427118062972 7.728427119553089 15.48
      vertex -5.435045716166496 8.073413357138634 15.48
    endloop
  endfacet
  facet normal -0.5555702302277682 0.831469614167989 0
    outer loop
      vertex -5.435045716166496 8.073413357138634 14.08
      vertex -5.435045716166496 8.073413357138634 15.48
      vertex -4.999999997019767 8.364101611077785 15.48
    endloop
  endfacet
  facet normal -0.5555702302277682 0.831469614167989 0
    outer loop
      vertex -5.435045716166496 8.073413357138634 14.08
      vertex -4.999999997019767 8.364101611077785 15.48
      vertex -4.999999997019767 8.364101611077785 14.08
    endloop
  endfacet
  facet normal -0.4422886899810064 0.8968727416500544 0
    outer loop
      vertex -4.999999997019767 8.364101611077785 14.08
      vertex -4.530733723938464 8.595518127083778 15.48
      vertex -4.530733723938464 8.595518127083778 14.08
    endloop
  endfacet
  facet normal -0.3214394665972703 0.946930129055815 0
    outer loop
      vertex -4.530733723938464 8.595518127083778 14.08
      vertex -4.035276179015636 8.763703301548958 15.48
      vertex -4.035276179015636 8.763703301548958 14.08
    endloop
  endfacet
  facet normal -0.19509032676636193 0.9807852794583501 0
    outer loop
      vertex -4.035276179015636 8.763703301548958 14.08
      vertex -3.5221047669649117 8.86577944457531 15.48
      vertex -3.5221047669649117 8.86577944457531 14.08
    endloop
  endfacet
  facet normal -0.4422886899810064 0.8968727416500544 0
    outer loop
      vertex -4.999999997019767 8.364101611077785 14.08
      vertex -4.999999997019767 8.364101611077785 15.48
      vertex -4.530733723938464 8.595518127083778 15.48
    endloop
  endfacet
  facet normal -0.3214394665972703 0.946930129055815 0
    outer loop
      vertex -4.530733723938464 8.595518127083778 14.08
      vertex -4.530733723938464 8.595518127083778 15.48
      vertex -4.035276179015636 8.763703301548958 15.48
    endloop
  endfacet
  facet normal -0.19509032676636193 0.9807852794583501 0
    outer loop
      vertex -4.035276179015636 8.763703301548958 14.08
      vertex -4.035276179015636 8.763703301548958 15.48
      vertex -3.5221047669649117 8.86577944457531 15.48
    endloop
  endfacet
  facet normal 0 0 1
    outer loop
      vertex -4.035276179015636 8.763703301548958 15.48
      vertex -2.999999997019767 8.899999998509884 15.48
      vertex -3.5221047669649117 8.86577944457531 15.48
    endloop
  endfacet
  facet normal -0.06540312801222276 0.9978589233184301 0
    outer loop
      vertex -3.5221047669649117 8.86577944457531 14.08
      vertex -2.999999997019767 8.899999998509884 15.48
      vertex -2.999999997019767 8.899999998509884 14.08
    endloop
  endfacet
  facet normal -0.06540312801222276 0.9978589233184301 0
    outer loop
      vertex -3.5221047669649117 8.86577944457531 14.08
      vertex -3.5221047669649117 8.86577944457531 15.48
      vertex -2.999999997019767 8.899999998509884 15.48
    endloop
  endfacet
  facet normal 0 -1 0
    outer loop
      vertex -2.999999997019767 -8.899999998509884 14.08
      vertex 12.599999997019768 -8.899999998509884 14.08
      vertex -2.999999997019767 -8.899999998509884 15.48
    endloop
  endfacet
  facet normal 0 0 1
    outer loop
      vertex -4.035276179015636 -8.763703301548958 15.48
      vertex -3.5221047669649117 -8.86577944457531 15.48
      vertex 14.599999997019768 -8.364101611077785 15.48
    endloop
  endfacet
  facet normal 0 0 1
    outer loop
      vertex -3.5221047669649117 -8.86577944457531 15.48
      vertex -2.999999997019767 -8.899999998509884 15.48
      vertex 14.130733723938466 -8.595518127083778 15.48
    endloop
  endfacet
  facet normal 0 0 1
    outer loop
      vertex -4.530733723938464 -8.595518127083778 15.48
      vertex -4.035276179015636 -8.763703301548958 15.48
      vertex 15.035045716166497 -8.073413357138634 15.48
    endloop
  endfacet
  facet normal 0 0 1
    outer loop
      vertex -4.999999997019767 -8.364101611077785 15.48
      vertex 15.773413355648518 -7.335045717656612 15.48
      vertex -5.435045716166496 -8.073413357138634 15.48
    endloop
  endfacet
  facet normal 0 0 1
    outer loop
      vertex -5.828427118062972 -7.728427119553089 15.48
      vertex -5.435045716166496 -8.073413357138634 15.48
      vertex 16.06410160958767 -6.899999998509884 15.48
    endloop
  endfacet
  facet normal 0 0 1
    outer loop
      vertex -4.999999997019767 -8.364101611077785 15.48
      vertex -4.530733723938464 -8.595518127083778 15.48
      vertex 15.428427118062974 -7.728427119553089 15.48
    endloop
  endfacet
  facet normal 0 0 1
    outer loop
      vertex -6.464101609587669 -6.899999998509884 15.48
      vertex 16.565779443085194 -5.4221047684550285 15.48
      vertex -6.6955181255936616 -6.430733725428581 15.48
    endloop
  endfacet
  facet normal 0 0 1
    outer loop
      vertex -5.828427118062972 -7.728427119553089 15.48
      vertex 16.295518125593663 -6.430733725428581 15.48
      vertex -6.173413355648517 -7.335045717656612 15.48
    endloop
  endfacet
  facet normal 0 0 1
    outer loop
      vertex -6.464101609587669 -6.899999998509884 15.48
      vertex -6.173413355648517 -7.335045717656612 15.48
      vertex 16.463703300058842 -5.935276180505753 15.48
    endloop
  endfacet
  facet normal 0 -1 0
    outer loop
      vertex -2.999999997019767 -8.899999998509884 15.48
      vertex 12.599999997019768 -8.899999998509884 14.08
      vertex 12.599999997019768 -8.899999998509884 15.48
    endloop
  endfacet
  facet normal 0 0 1
    outer loop
      vertex -2.999999997019767 -8.899999998509884 15.48
      vertex 12.599999997019768 -8.899999998509884 15.48
      vertex 13.635276179015637 -8.763703301548958 15.48
    endloop
  endfacet
  facet normal 0 0 1
    outer loop
      vertex -2.999999997019767 -8.899999998509884 15.48
      vertex 13.635276179015637 -8.763703301548958 15.48
      vertex 14.130733723938466 -8.595518127083778 15.48
    endloop
  endfacet
  facet normal 0 0 1
    outer loop
      vertex -3.5221047669649117 -8.86577944457531 15.48
      vertex 14.130733723938466 -8.595518127083778 15.48
      vertex 14.599999997019768 -8.364101611077785 15.48
    endloop
  endfacet
  facet normal 0 0 1
    outer loop
      vertex -4.035276179015636 -8.763703301548958 15.48
      vertex 14.599999997019768 -8.364101611077785 15.48
      vertex 15.035045716166497 -8.073413357138634 15.48
    endloop
  endfacet
  facet normal 0 0 1
    outer loop
      vertex -4.530733723938464 -8.595518127083778 15.48
      vertex 15.035045716166497 -8.073413357138634 15.48
      vertex 15.428427118062974 -7.728427119553089 15.48
    endloop
  endfacet
  facet normal 0 0 1
    outer loop
      vertex -4.999999997019767 -8.364101611077785 15.48
      vertex 15.428427118062974 -7.728427119553089 15.48
      vertex 15.773413355648518 -7.335045717656612 15.48
    endloop
  endfacet
  facet normal 0 0 1
    outer loop
      vertex -5.435045716166496 -8.073413357138634 15.48
      vertex 15.773413355648518 -7.335045717656612 15.48
      vertex 16.06410160958767 -6.899999998509884 15.48
    endloop
  endfacet
  facet normal 0 0 1
    outer loop
      vertex -5.828427118062972 -7.728427119553089 15.48
      vertex 16.06410160958767 -6.899999998509884 15.48
      vertex 16.295518125593663 -6.430733725428581 15.48
    endloop
  endfacet
  facet normal 0 0 1
    outer loop
      vertex -6.173413355648517 -7.335045717656612 15.48
      vertex 16.295518125593663 -6.430733725428581 15.48
      vertex 16.463703300058842 -5.935276180505753 15.48
    endloop
  endfacet
  facet normal 0 0 1
    outer loop
      vertex -6.464101609587669 -6.899999998509884 15.48
      vertex 16.463703300058842 -5.935276180505753 15.48
      vertex 16.565779443085194 -5.4221047684550285 15.48
    endloop
  endfacet
  facet normal 0 0 1
    outer loop
      vertex -6.6955181255936616 -6.430733725428581 15.48
      vertex 16.59999999701977 -4.899999998509884 15.48
      vertex -6.863703300058841 -5.935276180505753 15.48
    endloop
  endfacet
  facet normal 0 0 1
    outer loop
      vertex -6.863703300058841 -5.935276180505753 15.48
      vertex 16.59999999701977 4.899999998509884 15.48
      vertex -6.965779443085193 -5.4221047684550285 15.48
    endloop
  endfacet
  facet normal 0 0 1
    outer loop
      vertex -6.965779443085193 -5.4221047684550285 15.48
      vertex 16.565779443085194 5.4221047684550285 15.48
      vertex -6.999999997019767 -4.899999998509884 15.48
    endloop
  endfacet
  facet normal 0 0 1
    outer loop
      vertex -6.863703300058841 -5.935276180505753 15.48
      vertex 11.708610142288663 -1.0313593423786058 15.48
      vertex 11.580761184457488 -0.9192388155425119 15.48
    endloop
  endfacet
  facet normal 0 0 1
    outer loop
      vertex -6.863703300058841 -5.935276180505753 15.48
      vertex 12.002511537925383 -1.2010433922646728 15.48
      vertex 11.85 -1.12583302491977 15.48
    endloop
  endfacet
  facet normal 0 0 1
    outer loop
      vertex -6.863703300058841 -5.935276180505753 15.48
      vertex 11.85 -1.12583302491977 15.48
      vertex 11.708610142288663 -1.0313593423786058 15.48
    endloop
  endfacet
  facet normal 0 0 1
    outer loop
      vertex -6.863703300058841 -5.935276180505753 15.48
      vertex 11.468640657621394 -0.7913898577113369 15.48
      vertex 11.37416697508023 -0.65 15.48
    endloop
  endfacet
  facet normal 0 0 1
    outer loop
      vertex -6.863703300058841 -5.935276180505753 15.48
      vertex 11.37416697508023 -0.65 15.48
      vertex 11.298956607735327 -0.4974884620746167 15.48
    endloop
  endfacet
  facet normal 0 0 1
    outer loop
      vertex -6.863703300058841 -5.935276180505753 15.48
      vertex 11.298956607735327 -0.4974884620746167 15.48
      vertex 11.244296425824212 -0.33646475863327696 15.48
    endloop
  endfacet
  facet normal 0 0 1
    outer loop
      vertex -6.863703300058841 -5.935276180505753 15.48
      vertex 11.580761184457488 -0.9192388155425119 15.48
      vertex 11.468640657621394 -0.7913898577113369 15.48
    endloop
  endfacet
  facet normal 0 0 1
    outer loop
      vertex -6.863703300058841 -5.935276180505753 15.48
      vertex 11.244296425824212 -0.33646475863327696 15.48
      vertex 11.211121680214047 -0.16968404988606706 15.48
    endloop
  endfacet
  facet normal 0 0 1
    outer loop
      vertex -6.863703300058841 -5.935276180505753 15.48
      vertex 11.211121680214047 -0.16968404988606706 15.48
      vertex 11.2 0 15.48
    endloop
  endfacet
  facet normal 0 0 1
    outer loop
      vertex -6.863703300058841 -5.935276180505753 15.48
      vertex 11.2 0 15.48
      vertex 11.211121680214047 0.16968404988606706 15.48
    endloop
  endfacet
  facet normal 0 0 1
    outer loop
      vertex -6.863703300058841 -5.935276180505753 15.48
      vertex 11.211121680214047 0.16968404988606706 15.48
      vertex 11.244296425824212 0.33646475863327696 15.48
    endloop
  endfacet
  facet normal 0 0 1
    outer loop
      vertex -6.863703300058841 -5.935276180505753 15.48
      vertex 11.244296425824212 0.33646475863327696 15.48
      vertex 11.298956607735327 0.4974884620746167 15.48
    endloop
  endfacet
  facet normal 0 0 1
    outer loop
      vertex -6.863703300058841 -5.935276180505753 15.48
      vertex 11.298956607735327 0.4974884620746167 15.48
      vertex 11.37416697508023 0.65 15.48
    endloop
  endfacet
  facet normal 0 0 1
    outer loop
      vertex -6.863703300058841 -5.935276180505753 15.48
      vertex 11.37416697508023 0.65 15.48
      vertex 11.468640657621394 0.7913898577113369 15.48
    endloop
  endfacet
  facet normal 0 0 1
    outer loop
      vertex -6.863703300058841 -5.935276180505753 15.48
      vertex 11.468640657621394 0.7913898577113369 15.48
      vertex 11.580761184457488 0.9192388155425119 15.48
    endloop
  endfacet
  facet normal 0 0 1
    outer loop
      vertex -6.863703300058841 -5.935276180505753 15.48
      vertex 11.580761184457488 0.9192388155425119 15.48
      vertex 11.708610142288663 1.0313593423786058 15.48
    endloop
  endfacet
  facet normal 0 0 1
    outer loop
      vertex -6.863703300058841 -5.935276180505753 15.48
      vertex 16.59999999701977 -4.899999998509884 15.48
      vertex 12.836464758633277 -1.255703574175789 15.48
    endloop
  endfacet
  facet normal 0 0 1
    outer loop
      vertex -6.6955181255936616 -6.430733725428581 15.48
      vertex 16.565779443085194 -5.4221047684550285 15.48
      vertex 16.59999999701977 -4.899999998509884 15.48
    endloop
  endfacet
  facet normal 0 0 1
    outer loop
      vertex -6.863703300058841 -5.935276180505753 15.48
      vertex 12.330315950113933 -1.2888783197859535 15.48
      vertex 12.163535241366723 -1.255703574175789 15.48
    endloop
  endfacet
  facet normal 0 0 1
    outer loop
      vertex -6.863703300058841 -5.935276180505753 15.48
      vertex 12.5 -1.3 15.48
      vertex 12.330315950113933 -1.2888783197859535 15.48
    endloop
  endfacet
  facet normal 0 0 1
    outer loop
      vertex -6.863703300058841 -5.935276180505753 15.48
      vertex 12.669684049886067 -1.2888783197859535 15.48
      vertex 12.5 -1.3 15.48
    endloop
  endfacet
  facet normal 0 0 1
    outer loop
      vertex -6.863703300058841 -5.935276180505753 15.48
      vertex 12.163535241366723 -1.255703574175789 15.48
      vertex 12.002511537925383 -1.2010433922646728 15.48
    endloop
  endfacet
  facet normal 0 0 1
    outer loop
      vertex -6.863703300058841 -5.935276180505753 15.48
      vertex 12.836464758633277 -1.255703574175789 15.48
      vertex 12.669684049886067 -1.2888783197859535 15.48
    endloop
  endfacet
  facet normal 0 0 1
    outer loop
      vertex -6.863703300058841 -5.935276180505753 15.48
      vertex 11.708610142288663 1.0313593423786058 15.48
      vertex 16.59999999701977 4.899999998509884 15.48
    endloop
  endfacet
  facet normal 0.06540312801222276 -0.9978589233184301 0
    outer loop
      vertex 12.599999997019768 -8.899999998509884 14.08
      vertex 13.122104766964913 -8.86577944457531 14.08
      vertex 12.599999997019768 -8.899999998509884 15.48
    endloop
  endfacet
  facet normal 0.19509032676636193 -0.9807852794583501 0
    outer loop
      vertex 13.122104766964913 -8.86577944457531 14.08
      vertex 13.635276179015637 -8.763703301548958 14.08
      vertex 13.122104766964913 -8.86577944457531 15.48
    endloop
  endfacet
  facet normal 0.06540312801222276 -0.9978589233184301 0
    outer loop
      vertex 13.122104766964913 -8.86577944457531 14.08
      vertex 13.122104766964913 -8.86577944457531 15.48
      vertex 12.599999997019768 -8.899999998509884 15.48
    endloop
  endfacet
  facet normal 0 0 1
    outer loop
      vertex 12.599999997019768 -8.899999998509884 15.48
      vertex 13.122104766964913 -8.86577944457531 15.48
      vertex 13.635276179015637 -8.763703301548958 15.48
    endloop
  endfacet
  facet normal 0.3214394665972703 -0.946930129055815 0
    outer loop
      vertex 13.635276179015637 -8.763703301548958 14.08
      vertex 14.130733723938466 -8.595518127083778 14.08
      vertex 13.635276179015637 -8.763703301548958 15.48
    endloop
  endfacet
  facet normal 0.4422886899810064 -0.8968727416500544 0
    outer loop
      vertex 14.130733723938466 -8.595518127083778 14.08
      vertex 14.599999997019768 -8.364101611077785 14.08
      vertex 14.130733723938466 -8.595518127083778 15.48
    endloop
  endfacet
  facet normal 0.5555702302277682 -0.831469614167989 0
    outer loop
      vertex 14.599999997019768 -8.364101611077785 14.08
      vertex 15.035045716166497 -8.073413357138634 14.08
      vertex 14.599999997019768 -8.364101611077785 15.48
    endloop
  endfacet
  facet normal 0.19509032676636193 -0.9807852794583501 0
    outer loop
      vertex 13.635276179015637 -8.763703301548958 14.08
      vertex 13.635276179015637 -8.763703301548958 15.48
      vertex 13.122104766964913 -8.86577944457531 15.48
    endloop
  endfacet
  facet normal 0.3214394665972703 -0.946930129055815 0
    outer loop
      vertex 14.130733723938466 -8.595518127083778 14.08
      vertex 14.130733723938466 -8.595518127083778 15.48
      vertex 13.635276179015637 -8.763703301548958 15.48
    endloop
  endfacet
  facet normal 0.4422886899810064 -0.8968727416500544 0
    outer loop
      vertex 14.599999997019768 -8.364101611077785 14.08
      vertex 14.599999997019768 -8.364101611077785 15.48
      vertex 14.130733723938466 -8.595518127083778 15.48
    endloop
  endfacet
  facet normal 0.6593458228172266 -0.7518398007112117 0
    outer loop
      vertex 15.035045716166497 -8.073413357138634 14.08
      vertex 15.428427118062974 -7.728427119553089 14.08
      vertex 15.035045716166497 -8.073413357138634 15.48
    endloop
  endfacet
  facet normal 0.7518398007112117 -0.6593458228172266 0
    outer loop
      vertex 15.428427118062974 -7.728427119553089 14.08
      vertex 15.773413355648518 -7.335045717656612 14.08
      vertex 15.428427118062974 -7.728427119553089 15.48
    endloop
  endfacet
  facet normal 0.5555702302277682 -0.831469614167989 0
    outer loop
      vertex 14.599999997019768 -8.364101611077785 15.48
      vertex 15.035045716166497 -8.073413357138634 14.08
      vertex 15.035045716166497 -8.073413357138634 15.48
    endloop
  endfacet
  facet normal 0.6593458228172266 -0.7518398007112117 0
    outer loop
      vertex 15.428427118062974 -7.728427119553089 14.08
      vertex 15.428427118062974 -7.728427119553089 15.48
      vertex 15.035045716166497 -8.073413357138634 15.48
    endloop
  endfacet
  facet normal 0.831469614167989 -0.5555702302277682 0
    outer loop
      vertex 15.773413355648518 -7.335045717656612 14.08
      vertex 16.06410160958767 -6.899999998509884 14.08
      vertex 15.773413355648518 -7.335045717656612 15.48
    endloop
  endfacet
  facet normal 0.7518398007112117 -0.6593458228172266 0
    outer loop
      vertex 15.428427118062974 -7.728427119553089 15.48
      vertex 15.773413355648518 -7.335045717656612 14.08
      vertex 15.773413355648518 -7.335045717656612 15.48
    endloop
  endfacet
  facet normal 0.831469614167989 -0.5555702302277682 0
    outer loop
      vertex 16.06410160958767 -6.899999998509884 14.08
      vertex 16.06410160958767 -6.899999998509884 15.48
      vertex 15.773413355648518 -7.335045717656612 15.48
    endloop
  endfacet
  facet normal 0.8968727416500544 -0.4422886899810064 0
    outer loop
      vertex 16.06410160958767 -6.899999998509884 14.08
      vertex 16.295518125593663 -6.430733725428581 14.08
      vertex 16.06410160958767 -6.899999998509884 15.48
    endloop
  endfacet
  facet normal 0.946930129055815 -0.3214394665972703 0
    outer loop
      vertex 16.295518125593663 -6.430733725428581 14.08
      vertex 16.463703300058842 -5.935276180505753 14.08
      vertex 16.295518125593663 -6.430733725428581 15.48
    endloop
  endfacet
  facet normal 0.8968727416500544 -0.4422886899810064 0
    outer loop
      vertex 16.295518125593663 -6.430733725428581 14.08
      vertex 16.295518125593663 -6.430733725428581 15.48
      vertex 16.06410160958767 -6.899999998509884 15.48
    endloop
  endfacet
  facet normal 0.946930129055815 -0.3214394665972703 0
    outer loop
      vertex 16.295518125593663 -6.430733725428581 15.48
      vertex 16.463703300058842 -5.935276180505753 14.08
      vertex 16.463703300058842 -5.935276180505753 15.48
    endloop
  endfacet
  facet normal 0.9807852794583501 -0.19509032676636193 0
    outer loop
      vertex 16.463703300058842 -5.935276180505753 14.08
      vertex 16.565779443085194 -5.4221047684550285 14.08
      vertex 16.463703300058842 -5.935276180505753 15.48
    endloop
  endfacet
  facet normal 0.9807852794583501 -0.19509032676636193 0
    outer loop
      vertex 16.565779443085194 -5.4221047684550285 14.08
      vertex 16.565779443085194 -5.4221047684550285 15.48
      vertex 16.463703300058842 -5.935276180505753 15.48
    endloop
  endfacet
  facet normal 0.9978589233184301 -0.06540312801222276 0
    outer loop
      vertex 16.565779443085194 -5.4221047684550285 14.08
      vertex 16.59999999701977 -4.899999998509884 14.08
      vertex 16.565779443085194 -5.4221047684550285 15.48
    endloop
  endfacet
  facet normal 0.9978589233184301 -0.06540312801222276 0
    outer loop
      vertex 16.59999999701977 -4.899999998509884 14.08
      vertex 16.59999999701977 -4.899999998509884 15.48
      vertex 16.565779443085194 -5.4221047684550285 15.48
    endloop
  endfacet
  facet normal 0 0 1
    outer loop
      vertex 16.59999999701977 -4.899999998509884 15.48
      vertex 12.997488462074617 -1.2010433922646728 15.48
      vertex 12.836464758633277 -1.255703574175789 15.48
    endloop
  endfacet
  facet normal 0 0 1
    outer loop
      vertex 16.59999999701977 -4.899999998509884 15.48
      vertex 13.15 -1.12583302491977 15.48
      vertex 12.997488462074617 -1.2010433922646728 15.48
    endloop
  endfacet
  facet normal 0 0 1
    outer loop
      vertex 16.59999999701977 -4.899999998509884 15.48
      vertex 13.291389857711337 -1.0313593423786058 15.48
      vertex 13.15 -1.12583302491977 15.48
    endloop
  endfacet
  facet normal 0 0 1
    outer loop
      vertex 16.59999999701977 -4.899999998509884 15.48
      vertex 13.419238815542512 -0.9192388155425119 15.48
      vertex 13.291389857711337 -1.0313593423786058 15.48
    endloop
  endfacet
  facet normal 0 0 1
    outer loop
      vertex 16.59999999701977 -4.899999998509884 15.48
      vertex 13.531359342378606 -0.7913898577113369 15.48
      vertex 13.419238815542512 -0.9192388155425119 15.48
    endloop
  endfacet
  facet normal 0 0 1
    outer loop
      vertex 16.59999999701977 -4.899999998509884 15.48
      vertex 13.62583302491977 -0.65 15.48
      vertex 13.531359342378606 -0.7913898577113369 15.48
    endloop
  endfacet
  facet normal 0 0 1
    outer loop
      vertex 16.59999999701977 -4.899999998509884 15.48
      vertex 13.701043392264673 -0.4974884620746167 15.48
      vertex 13.62583302491977 -0.65 15.48
    endloop
  endfacet
  facet normal 0 0 1
    outer loop
      vertex 16.59999999701977 -4.899999998509884 15.48
      vertex 13.755703574175788 -0.33646475863327696 15.48
      vertex 13.701043392264673 -0.4974884620746167 15.48
    endloop
  endfacet
  facet normal 0 0 1
    outer loop
      vertex 16.59999999701977 -4.899999998509884 15.48
      vertex 13.788878319785953 -0.16968404988606706 15.48
      vertex 13.755703574175788 -0.33646475863327696 15.48
    endloop
  endfacet
  facet normal 0 0 1
    outer loop
      vertex 16.59999999701977 -4.899999998509884 15.48
      vertex 13.8 0 15.48
      vertex 13.788878319785953 -0.16968404988606706 15.48
    endloop
  endfacet
  facet normal 1 0 0
    outer loop
      vertex 16.59999999701977 -4.899999998509884 14.08
      vertex 16.59999999701977 4.899999998509884 14.08
      vertex 16.59999999701977 -4.899999998509884 15.48
    endloop
  endfacet
  facet normal 0 0 1
    outer loop
      vertex -6.999999997019767 -4.899999998509884 15.48
      vertex 16.463703300058842 5.935276180505753 15.48
      vertex -3.0807611844574883 -0.9192388155425119 15.48
    endloop
  endfacet
  facet normal 0 0 1
    outer loop
      vertex 16.463703300058842 5.935276180505753 15.48
      vertex -2.9686406576213944 -0.7913898577113369 15.48
      vertex -3.0807611844574883 -0.9192388155425119 15.48
    endloop
  endfacet
  facet normal 0 0 1
    outer loop
      vertex 16.463703300058842 5.935276180505753 15.48
      vertex -2.8741669750802297 -0.65 15.48
      vertex -2.9686406576213944 -0.7913898577113369 15.48
    endloop
  endfacet
  facet normal 0 0 1
    outer loop
      vertex 16.463703300058842 5.935276180505753 15.48
      vertex -2.7989566077353274 -0.4974884620746167 15.48
      vertex -2.8741669750802297 -0.65 15.48
    endloop
  endfacet
  facet normal 0 0 1
    outer loop
      vertex 16.463703300058842 5.935276180505753 15.48
      vertex -2.744296425824211 -0.33646475863327696 15.48
      vertex -2.7989566077353274 -0.4974884620746167 15.48
    endloop
  endfacet
  facet normal 0 0 1
    outer loop
      vertex 16.463703300058842 5.935276180505753 15.48
      vertex -2.7111216802140463 -0.16968404988606706 15.48
      vertex -2.744296425824211 -0.33646475863327696 15.48
    endloop
  endfacet
  facet normal 0 0 1
    outer loop
      vertex 16.463703300058842 5.935276180505753 15.48
      vertex -2.7 0 15.48
      vertex -2.7111216802140463 -0.16968404988606706 15.48
    endloop
  endfacet
  facet normal 0 0 1
    outer loop
      vertex 16.463703300058842 5.935276180505753 15.48
      vertex -2.7111216802140463 0.16968404988606706 15.48
      vertex -2.7 0 15.48
    endloop
  endfacet
  facet normal 0 0 1
    outer loop
      vertex 16.463703300058842 5.935276180505753 15.48
      vertex -2.744296425824211 0.33646475863327696 15.48
      vertex -2.7111216802140463 0.16968404988606706 15.48
    endloop
  endfacet
  facet normal 0 0 1
    outer loop
      vertex 16.463703300058842 5.935276180505753 15.48
      vertex -2.7989566077353274 0.4974884620746167 15.48
      vertex -2.744296425824211 0.33646475863327696 15.48
    endloop
  endfacet
  facet normal 0 0 1
    outer loop
      vertex 16.463703300058842 5.935276180505753 15.48
      vertex -2.8741669750802297 0.65 15.48
      vertex -2.7989566077353274 0.4974884620746167 15.48
    endloop
  endfacet
  facet normal 0 0 1
    outer loop
      vertex 16.463703300058842 5.935276180505753 15.48
      vertex -2.9686406576213944 0.7913898577113369 15.48
      vertex -2.8741669750802297 0.65 15.48
    endloop
  endfacet
  facet normal 0 0 1
    outer loop
      vertex 16.463703300058842 5.935276180505753 15.48
      vertex -3.0807611844574883 0.9192388155425119 15.48
      vertex -2.9686406576213944 0.7913898577113369 15.48
    endloop
  endfacet
  facet normal 0 0 1
    outer loop
      vertex -6.999999997019767 4.899999998509884 15.48
      vertex -3.0807611844574883 0.9192388155425119 15.48
      vertex 16.463703300058842 5.935276180505753 15.48
    endloop
  endfacet
  facet normal 0 0 1
    outer loop
      vertex -6.999999997019767 4.899999998509884 15.48
      vertex 16.295518125593663 6.430733725428581 15.48
      vertex -6.965779443085193 5.4221047684550285 15.48
    endloop
  endfacet
  facet normal 0 0 1
    outer loop
      vertex -6.965779443085193 -5.4221047684550285 15.48
      vertex 16.59999999701977 4.899999998509884 15.48
      vertex 16.565779443085194 5.4221047684550285 15.48
    endloop
  endfacet
  facet normal 0 0 1
    outer loop
      vertex -6.999999997019767 -4.899999998509884 15.48
      vertex 16.565779443085194 5.4221047684550285 15.48
      vertex 16.463703300058842 5.935276180505753 15.48
    endloop
  endfacet
  facet normal 0 0 1
    outer loop
      vertex -6.999999997019767 4.899999998509884 15.48
      vertex 16.463703300058842 5.935276180505753 15.48
      vertex 16.295518125593663 6.430733725428581 15.48
    endloop
  endfacet
  facet normal 0 0 1
    outer loop
      vertex -6.965779443085193 5.4221047684550285 15.48
      vertex 16.06410160958767 6.899999998509884 15.48
      vertex -6.863703300058841 5.935276180505753 15.48
    endloop
  endfacet
  facet normal 0 0 1
    outer loop
      vertex -6.863703300058841 5.935276180505753 15.48
      vertex 15.773413355648518 7.335045717656612 15.48
      vertex -6.6955181255936616 6.430733725428581 15.48
    endloop
  endfacet
  facet normal 0 0 1
    outer loop
      vertex -6.6955181255936616 6.430733725428581 15.48
      vertex 15.428427118062974 7.728427119553089 15.48
      vertex -6.464101609587669 6.899999998509884 15.48
    endloop
  endfacet
  facet normal 0 0 1
    outer loop
      vertex -6.464101609587669 6.899999998509884 15.48
      vertex 15.035045716166497 8.073413357138634 15.48
      vertex -6.173413355648517 7.335045717656612 15.48
    endloop
  endfacet
  facet normal 0 0 1
    outer loop
      vertex -6.173413355648517 7.335045717656612 15.48
      vertex 14.599999997019768 8.364101611077785 15.48
      vertex -5.828427118062972 7.728427119553089 15.48
    endloop
  endfacet
  facet normal 0 0 1
    outer loop
      vertex -5.828427118062972 7.728427119553089 15.48
      vertex 14.130733723938466 8.595518127083778 15.48
      vertex -5.435045716166496 8.073413357138634 15.48
    endloop
  endfacet
  facet normal 0 0 1
    outer loop
      vertex -5.435045716166496 8.073413357138634 15.48
      vertex 13.635276179015637 8.763703301548958 15.48
      vertex -4.999999997019767 8.364101611077785 15.48
    endloop
  endfacet
  facet normal 0 0 1
    outer loop
      vertex -4.999999997019767 8.364101611077785 15.48
      vertex 13.122104766964913 8.86577944457531 15.48
      vertex -4.530733723938464 8.595518127083778 15.48
    endloop
  endfacet
  facet normal 0 0 1
    outer loop
      vertex -4.530733723938464 8.595518127083778 15.48
      vertex 12.599999997019768 8.899999998509884 15.48
      vertex -4.035276179015636 8.763703301548958 15.48
    endloop
  endfacet
  facet normal 0 0 1
    outer loop
      vertex -4.035276179015636 8.763703301548958 15.48
      vertex 12.599999997019768 8.899999998509884 15.48
      vertex -2.999999997019767 8.899999998509884 15.48
    endloop
  endfacet
  facet normal 0 1 0
    outer loop
      vertex -2.999999997019767 8.899999998509884 14.08
      vertex -2.999999997019767 8.899999998509884 15.48
      vertex 12.599999997019768 8.899999998509884 15.48
    endloop
  endfacet
  facet normal 0 0 1
    outer loop
      vertex -6.965779443085193 5.4221047684550285 15.48
      vertex 16.295518125593663 6.430733725428581 15.48
      vertex 16.06410160958767 6.899999998509884 15.48
    endloop
  endfacet
  facet normal 0 0 1
    outer loop
      vertex -6.863703300058841 5.935276180505753 15.48
      vertex 16.06410160958767 6.899999998509884 15.48
      vertex 15.773413355648518 7.335045717656612 15.48
    endloop
  endfacet
  facet normal 0 0 1
    outer loop
      vertex -6.6955181255936616 6.430733725428581 15.48
      vertex 15.773413355648518 7.335045717656612 15.48
      vertex 15.428427118062974 7.728427119553089 15.48
    endloop
  endfacet
  facet normal 0 0 1
    outer loop
      vertex -4.530733723938464 8.595518127083778 15.48
      vertex 13.122104766964913 8.86577944457531 15.48
      vertex 12.599999997019768 8.899999998509884 15.48
    endloop
  endfacet
  facet normal 0 0 1
    outer loop
      vertex -4.999999997019767 8.364101611077785 15.48
      vertex 13.635276179015637 8.763703301548958 15.48
      vertex 13.122104766964913 8.86577944457531 15.48
    endloop
  endfacet
  facet normal 0 0 1
    outer loop
      vertex -6.464101609587669 6.899999998509884 15.48
      vertex 15.428427118062974 7.728427119553089 15.48
      vertex 15.035045716166497 8.073413357138634 15.48
    endloop
  endfacet
  facet normal 0 0 1
    outer loop
      vertex -5.828427118062972 7.728427119553089 15.48
      vertex 14.599999997019768 8.364101611077785 15.48
      vertex 14.130733723938466 8.595518127083778 15.48
    endloop
  endfacet
  facet normal 0 0 1
    outer loop
      vertex -6.173413355648517 7.335045717656612 15.48
      vertex 15.035045716166497 8.073413357138634 15.48
      vertex 14.599999997019768 8.364101611077785 15.48
    endloop
  endfacet
  facet normal 0 1 0
    outer loop
      vertex -2.999999997019767 8.899999998509884 14.08
      vertex 12.599999997019768 8.899999998509884 15.48
      vertex 12.599999997019768 8.899999998509884 14.08
    endloop
  endfacet
  facet normal 0 0 1
    outer loop
      vertex -5.435045716166496 8.073413357138634 15.48
      vertex 14.130733723938466 8.595518127083778 15.48
      vertex 13.635276179015637 8.763703301548958 15.48
    endloop
  endfacet
  facet normal 0 0 1
    outer loop
      vertex 16.59999999701977 4.899999998509884 15.48
      vertex 13.788878319785953 0.16968404988606706 15.48
      vertex 13.8 0 15.48
    endloop
  endfacet
  facet normal 0 0 1
    outer loop
      vertex 16.59999999701977 4.899999998509884 15.48
      vertex 13.755703574175788 0.33646475863327696 15.48
      vertex 13.788878319785953 0.16968404988606706 15.48
    endloop
  endfacet
  facet normal 0 0 1
    outer loop
      vertex 16.59999999701977 4.899999998509884 15.48
      vertex 13.62583302491977 0.65 15.48
      vertex 13.701043392264673 0.4974884620746167 15.48
    endloop
  endfacet
  facet normal 0 0 1
    outer loop
      vertex 16.59999999701977 4.899999998509884 15.48
      vertex 13.701043392264673 0.4974884620746167 15.48
      vertex 13.755703574175788 0.33646475863327696 15.48
    endloop
  endfacet
  facet normal 0 0 1
    outer loop
      vertex 16.59999999701977 4.899999998509884 15.48
      vertex 13.531359342378606 0.7913898577113369 15.48
      vertex 13.62583302491977 0.65 15.48
    endloop
  endfacet
  facet normal 0 0 1
    outer loop
      vertex 16.59999999701977 4.899999998509884 15.48
      vertex 13.419238815542512 0.9192388155425119 15.48
      vertex 13.531359342378606 0.7913898577113369 15.48
    endloop
  endfacet
  facet normal 0 0 1
    outer loop
      vertex 16.59999999701977 4.899999998509884 15.48
      vertex 11.708610142288663 1.0313593423786058 15.48
      vertex 11.85 1.12583302491977 15.48
    endloop
  endfacet
  facet normal 0 0 1
    outer loop
      vertex 16.59999999701977 4.899999998509884 15.48
      vertex 11.85 1.12583302491977 15.48
      vertex 12.002511537925383 1.2010433922646728 15.48
    endloop
  endfacet
  facet normal 0 0 1
    outer loop
      vertex 16.59999999701977 4.899999998509884 15.48
      vertex 12.002511537925383 1.2010433922646728 15.48
      vertex 12.163535241366723 1.255703574175789 15.48
    endloop
  endfacet
  facet normal 0 0 1
    outer loop
      vertex 16.59999999701977 4.899999998509884 15.48
      vertex 12.163535241366723 1.255703574175789 15.48
      vertex 12.330315950113933 1.2888783197859535 15.48
    endloop
  endfacet
  facet normal 0 0 1
    outer loop
      vertex 16.59999999701977 4.899999998509884 15.48
      vertex 12.330315950113933 1.2888783197859535 15.48
      vertex 12.5 1.3 15.48
    endloop
  endfacet
  facet normal 0 0 1
    outer loop
      vertex 16.59999999701977 4.899999998509884 15.48
      vertex 12.5 1.3 15.48
      vertex 12.669684049886067 1.2888783197859535 15.48
    endloop
  endfacet
  facet normal 0 0 1
    outer loop
      vertex 16.59999999701977 4.899999998509884 15.48
      vertex 12.669684049886067 1.2888783197859535 15.48
      vertex 12.836464758633277 1.255703574175789 15.48
    endloop
  endfacet
  facet normal 0 0 1
    outer loop
      vertex 16.59999999701977 4.899999998509884 15.48
      vertex 12.997488462074617 1.2010433922646728 15.48
      vertex 13.15 1.12583302491977 15.48
    endloop
  endfacet
  facet normal 0 0 1
    outer loop
      vertex 16.59999999701977 4.899999998509884 15.48
      vertex 13.291389857711337 1.0313593423786058 15.48
      vertex 13.419238815542512 0.9192388155425119 15.48
    endloop
  endfacet
  facet normal 0 0 1
    outer loop
      vertex 16.59999999701977 4.899999998509884 15.48
      vertex 13.15 1.12583302491977 15.48
      vertex 13.291389857711337 1.0313593423786058 15.48
    endloop
  endfacet
  facet normal 0 0 1
    outer loop
      vertex 16.59999999701977 4.899999998509884 15.48
      vertex 12.836464758633277 1.255703574175789 15.48
      vertex 12.997488462074617 1.2010433922646728 15.48
    endloop
  endfacet
  facet normal 0 0 1
    outer loop
      vertex 16.59999999701977 -4.899999998509884 15.48
      vertex 16.59999999701977 4.899999998509884 15.48
      vertex 13.8 0 15.48
    endloop
  endfacet
  facet normal 1 0 0
    outer loop
      vertex 16.59999999701977 -4.899999998509884 15.48
      vertex 16.59999999701977 4.899999998509884 14.08
      vertex 16.59999999701977 4.899999998509884 15.48
    endloop
  endfacet
  facet normal 0.9978589233184301 0.06540312801222276 0
    outer loop
      vertex 16.59999999701977 4.899999998509884 14.08
      vertex 16.565779443085194 5.4221047684550285 14.08
      vertex 16.59999999701977 4.899999998509884 15.48
    endloop
  endfacet
  facet normal 0.9978589233184301 0.06540312801222276 0
    outer loop
      vertex 16.565779443085194 5.4221047684550285 14.08
      vertex 16.565779443085194 5.4221047684550285 15.48
      vertex 16.59999999701977 4.899999998509884 15.48
    endloop
  endfacet
  facet normal 0.9807852794583501 0.19509032676636193 0
    outer loop
      vertex 16.565779443085194 5.4221047684550285 14.08
      vertex 16.463703300058842 5.935276180505753 14.08
      vertex 16.565779443085194 5.4221047684550285 15.48
    endloop
  endfacet
  facet normal 0.9807852794583501 0.19509032676636193 0
    outer loop
      vertex 16.463703300058842 5.935276180505753 14.08
      vertex 16.463703300058842 5.935276180505753 15.48
      vertex 16.565779443085194 5.4221047684550285 15.48
    endloop
  endfacet
  facet normal 0.06540312801222276 0.9978589233184301 0
    outer loop
      vertex 12.599999997019768 8.899999998509884 14.08
      vertex 13.122104766964913 8.86577944457531 15.48
      vertex 13.122104766964913 8.86577944457531 14.08
    endloop
  endfacet
  facet normal 0.06540312801222276 0.9978589233184301 0
    outer loop
      vertex 12.599999997019768 8.899999998509884 14.08
      vertex 12.599999997019768 8.899999998509884 15.48
      vertex 13.122104766964913 8.86577944457531 15.48
    endloop
  endfacet
  facet normal 0.19509032676636193 0.9807852794583501 0
    outer loop
      vertex 13.122104766964913 8.86577944457531 14.08
      vertex 13.122104766964913 8.86577944457531 15.48
      vertex 13.635276179015637 8.763703301548958 15.48
    endloop
  endfacet
  facet normal 0.19509032676636193 0.9807852794583501 0
    outer loop
      vertex 13.122104766964913 8.86577944457531 14.08
      vertex 13.635276179015637 8.763703301548958 15.48
      vertex 13.635276179015637 8.763703301548958 14.08
    endloop
  endfacet
  facet normal 0.3214394665972703 0.946930129055815 0
    outer loop
      vertex 13.635276179015637 8.763703301548958 14.08
      vertex 14.130733723938466 8.595518127083778 15.48
      vertex 14.130733723938466 8.595518127083778 14.08
    endloop
  endfacet
  facet normal 0.4422886899810064 0.8968727416500544 0
    outer loop
      vertex 14.130733723938466 8.595518127083778 14.08
      vertex 14.599999997019768 8.364101611077785 15.48
      vertex 14.599999997019768 8.364101611077785 14.08
    endloop
  endfacet
  facet normal 0.3214394665972703 0.946930129055815 0
    outer loop
      vertex 13.635276179015637 8.763703301548958 14.08
      vertex 13.635276179015637 8.763703301548958 15.48
      vertex 14.130733723938466 8.595518127083778 15.48
    endloop
  endfacet
  facet normal 0.4422886899810064 0.8968727416500544 0
    outer loop
      vertex 14.130733723938466 8.595518127083778 14.08
      vertex 14.130733723938466 8.595518127083778 15.48
      vertex 14.599999997019768 8.364101611077785 15.48
    endloop
  endfacet
  facet normal 0.5555702302277682 0.831469614167989 0
    outer loop
      vertex 14.599999997019768 8.364101611077785 14.08
      vertex 14.599999997019768 8.364101611077785 15.48
      vertex 15.035045716166497 8.073413357138634 15.48
    endloop
  endfacet
  facet normal 0.8968727416500544 0.4422886899810064 0
    outer loop
      vertex 16.295518125593663 6.430733725428581 14.08
      vertex 16.06410160958767 6.899999998509884 14.08
      vertex 16.295518125593663 6.430733725428581 15.48
    endloop
  endfacet
  facet normal 0.946930129055815 0.3214394665972703 0
    outer loop
      vertex 16.463703300058842 5.935276180505753 15.48
      vertex 16.295518125593663 6.430733725428581 14.08
      vertex 16.295518125593663 6.430733725428581 15.48
    endloop
  endfacet
  facet normal 0.8968727416500544 0.4422886899810064 0
    outer loop
      vertex 16.06410160958767 6.899999998509884 14.08
      vertex 16.06410160958767 6.899999998509884 15.48
      vertex 16.295518125593663 6.430733725428581 15.48
    endloop
  endfacet
  facet normal 0.831469614167989 0.5555702302277682 0
    outer loop
      vertex 16.06410160958767 6.899999998509884 14.08
      vertex 15.773413355648518 7.335045717656612 14.08
      vertex 16.06410160958767 6.899999998509884 15.48
    endloop
  endfacet
  facet normal 0.7518398007112117 0.6593458228172266 0
    outer loop
      vertex 15.773413355648518 7.335045717656612 14.08
      vertex 15.428427118062974 7.728427119553089 14.08
      vertex 15.773413355648518 7.335045717656612 15.48
    endloop
  endfacet
  facet normal 0.831469614167989 0.5555702302277682 0
    outer loop
      vertex 15.773413355648518 7.335045717656612 14.08
      vertex 15.773413355648518 7.335045717656612 15.48
      vertex 16.06410160958767 6.899999998509884 15.48
    endloop
  endfacet
  facet normal 0.946930129055815 0.3214394665972703 0
    outer loop
      vertex 16.463703300058842 5.935276180505753 14.08
      vertex 16.295518125593663 6.430733725428581 14.08
      vertex 16.463703300058842 5.935276180505753 15.48
    endloop
  endfacet
  facet normal 0.6593458228172266 0.7518398007112117 0
    outer loop
      vertex 15.428427118062974 7.728427119553089 14.08
      vertex 15.035045716166497 8.073413357138634 14.08
      vertex 15.428427118062974 7.728427119553089 15.48
    endloop
  endfacet
  facet normal 0.5555702302277682 0.831469614167989 0
    outer loop
      vertex 14.599999997019768 8.364101611077785 14.08
      vertex 15.035045716166497 8.073413357138634 15.48
      vertex 15.035045716166497 8.073413357138634 14.08
    endloop
  endfacet
  facet normal 0.7518398007112117 0.6593458228172266 0
    outer loop
      vertex 15.773413355648518 7.335045717656612 15.48
      vertex 15.428427118062974 7.728427119553089 14.08
      vertex 15.428427118062974 7.728427119553089 15.48
    endloop
  endfacet
  facet normal 0.6593458228172266 0.7518398007112117 0
    outer loop
      vertex 15.035045716166497 8.073413357138634 14.08
      vertex 15.035045716166497 8.073413357138634 15.48
      vertex 15.428427118062974 7.728427119553089 15.48
    endloop
  endfacet
  facet normal 0 -1 0
    outer loop
      vertex -14.5 -5.800000000000001 14.08
      vertex -12.5 -5.800000000000001 14.08
      vertex -14.5 -5.800000000000001 14.98
    endloop
  endfacet
  facet normal 0 -1 0
    outer loop
      vertex -14.5 -5.800000000000001 14.98
      vertex -12.5 -5.800000000000001 14.08
      vertex -12.5 -5.800000000000001 14.98
    endloop
  endfacet
  facet normal -1 0 0
    outer loop
      vertex -14.5 -5.800000000000001 14.08
      vertex -14.5 -5.800000000000001 14.98
      vertex -14.5 5.800000000000001 14.98
    endloop
  endfacet
  facet normal 0 0 1
    outer loop
      vertex -14.5 -5.800000000000001 14.98
      vertex -12.5 -5.800000000000001 14.98
      vertex -14.5 5.800000000000001 14.98
    endloop
  endfacet
  facet normal 1 0 0
    outer loop
      vertex -12.5 -5.800000000000001 14.08
      vertex -12.5 5.800000000000001 14.08
      vertex -12.5 -5.800000000000001 14.98
    endloop
  endfacet
  facet normal -1 0 0
    outer loop
      vertex -14.5 -5.800000000000001 14.08
      vertex -14.5 5.800000000000001 14.98
      vertex -14.5 5.800000000000001 14.08
    endloop
  endfacet
  facet normal 0 0 1
    outer loop
      vertex -12.5 -5.800000000000001 14.98
      vertex -12.5 5.800000000000001 14.98
      vertex -14.5 5.800000000000001 14.98
    endloop
  endfacet
  facet normal 0 1 0
    outer loop
      vertex -14.5 5.800000000000001 14.08
      vertex -12.5 5.800000000000001 14.98
      vertex -12.5 5.800000000000001 14.08
    endloop
  endfacet
  facet normal 0 1 0
    outer loop
      vertex -14.5 5.800000000000001 14.08
      vertex -14.5 5.800000000000001 14.98
      vertex -12.5 5.800000000000001 14.98
    endloop
  endfacet
  facet normal 1 0 0
    outer loop
      vertex -12.5 -5.800000000000001 14.98
      vertex -12.5 5.800000000000001 14.08
      vertex -12.5 5.800000000000001 14.98
    endloop
  endfacet
  facet normal -0.9427104261954777 -0.21996576611227792 -0.2508228739189859
    outer loop
      vertex -24 -6.217522859573364 6.643293316960334
      vertex -24 -6.414213560521603 6.815786439478397
      vertex -24.7 -3.4142135605216026 6.815786439478397
    endloop
  endfacet
  facet normal -0.8844646612055279 -0.20637508761462298 -0.4184872594125745
    outer loop
      vertex -24 -6 6.497949193716049
      vertex -24.7 -3 6.497949193716049
      vertex -24 -5.765366867184639 6.382240931987762
    endloop
  endfacet
  facet normal -0.9219857548346142 -0.21513000946140978 -0.32196482247472363
    outer loop
      vertex -24 -6.217522859573364 6.643293316960334
      vertex -24.7 -3.2175228595733643 6.643293316960334
      vertex -24 -6 6.497949193716049
    endloop
  endfacet
  facet normal -0.8092636699113017 -0.1888281896459702 -0.5562699231099207
    outer loop
      vertex -24 -5.765366867184639 6.382240931987762
      vertex -24.7 -2.765366867184639 6.382240931987762
      vertex -24 -5.517638087272644 6.298148344755172
    endloop
  endfacet
  facet normal -0.9628069621009634 -0.22465495782355788 -0.1501096387818233
    outer loop
      vertex -24 -6.586706683039665 7.012477140426635
      vertex -24 -6.732050806283951 7.2299999999999995
      vertex -24.7 -3.5867066830396652 7.012477140426635
    endloop
  endfacet
  facet normal -0.9550627911171021 -0.2228479845939903 -0.19543244558160577
    outer loop
      vertex -24 -6.586706683039665 7.012477140426635
      vertex -24.7 -3.5867066830396652 7.012477140426635
      vertex -24 -6.414213560521603 6.815786439478397
    endloop
  endfacet
  facet normal -0.9677840167357706 -0.22581627057167958 -0.1113602662347562
    outer loop
      vertex -24 -6.8477590680122375 7.464633132815361
      vertex -24.7 -3.8477590680122375 7.464633132815361
      vertex -24 -6.732050806283951 7.2299999999999995
    endloop
  endfacet
  facet normal -0.9709570596519935 -0.22655664725213157 -0.07690561681586217
    outer loop
      vertex -24 -6.8477590680122375 7.464633132815361
      vertex -24 -6.931851655244827 7.7123619127273555
      vertex -24.7 -3.9318516552448273 7.7123619127273555
    endloop
  endfacet
  facet normal -0.9628069621009635 -0.2246549578235579 -0.15010963878182307
    outer loop
      vertex -24 -6.732050806283951 7.2299999999999995
      vertex -24.7 -3.732050806283951 7.2299999999999995
      vertex -24.7 -3.5867066830396652 7.012477140426635
    endloop
  endfacet
  facet normal -0.9709570596519935 -0.22655664725213157 -0.07690561681586212
    outer loop
      vertex -24 -6.8477590680122375 7.464633132815361
      vertex -24.7 -3.9318516552448273 7.7123619127273555
      vertex -24.7 -3.8477590680122375 7.464633132815361
    endloop
  endfacet
  facet normal -0.9677840167357706 -0.22581627057167958 -0.11136026623475632
    outer loop
      vertex -24 -6.732050806283951 7.2299999999999995
      vertex -24.7 -3.8477590680122375 7.464633132815361
      vertex -24.7 -3.732050806283951 7.2299999999999995
    endloop
  endfacet
  facet normal -0.6414367687690351 -0.14966857937944136 -0.7524348397154927
    outer loop
      vertex -24 -5.261052384972572 6.247110280692577
      vertex -24 -5.517638087272644 6.298148344755172
      vertex -24.7 -2.517638087272644 6.298148344755172
    endloop
  endfacet
  facet normal -0.26989704976566264 -0.06297597827865456 -0.960827564492005
    outer loop
      vertex -24 -5.261052384972572 6.247110280692577
      vertex -24.7 -2.2610523849725723 6.247110280692577
      vertex -24 -5 6.2299999999999995
    endloop
  endfacet
  facet normal -0.9427104261954777 -0.21996576611227792 -0.2508228739189859
    outer loop
      vertex -24 -6.217522859573364 6.643293316960334
      vertex -24.7 -3.4142135605216026 6.815786439478397
      vertex -24.7 -3.2175228595733643 6.643293316960334
    endloop
  endfacet
  facet normal -0.8844646612055278 -0.20637508761462295 -0.41848725941257464
    outer loop
      vertex -24 -5.765366867184639 6.382240931987762
      vertex -24.7 -3 6.497949193716049
      vertex -24.7 -2.765366867184639 6.382240931987762
    endloop
  endfacet
  facet normal -0.9219857548346142 -0.21513000946140978 -0.3219648224747237
    outer loop
      vertex -24 -6 6.497949193716049
      vertex -24.7 -3.2175228595733643 6.643293316960334
      vertex -24.7 -3 6.497949193716049
    endloop
  endfacet
  facet normal -0.6414367687690352 -0.1496685793794414 -0.7524348397154927
    outer loop
      vertex -24 -5.261052384972572 6.247110280692577
      vertex -24.7 -2.517638087272644 6.298148344755172
      vertex -24.7 -2.2610523849725723 6.247110280692577
    endloop
  endfacet
  facet normal -0.26989704976566276 -0.06297597827865459 -0.9608275644920048
    outer loop
      vertex -24 -5 6.2299999999999995
      vertex -24.7 -2.2610523849725723 6.247110280692577
      vertex -24.7 -2 6.2299999999999995
    endloop
  endfacet
  facet normal -0.8092636699113017 -0.1888281896459702 -0.556269923109921
    outer loop
      vertex -24 -5.517638087272644 6.298148344755172
      vertex -24.7 -2.765366867184639 6.382240931987762
      vertex -24.7 -2.517638087272644 6.298148344755172
    endloop
  endfacet
  facet normal -0.9550627911171021 -0.2228479845939903 -0.1954324455816056
    outer loop
      vertex -24 -6.414213560521603 6.815786439478397
      vertex -24.7 -3.5867066830396652 7.012477140426635
      vertex -24.7 -3.4142135605216026 6.815786439478397
    endloop
  endfacet
  facet normal -1 0 0
    outer loop
      vertex -24.7 -3.8477590680122375 7.464633132815361
      vertex -24.7 -3.9318516552448273 7.7123619127273555
      vertex -24.7 -3.5867066830396652 7.012477140426635
    endloop
  endfacet
  facet normal -1 0 0
    outer loop
      vertex -24.7 -3.2175228595733643 6.643293316960334
      vertex -24.7 -3.4142135605216026 6.815786439478397
      vertex -24.7 -3.5867066830396652 7.012477140426635
    endloop
  endfacet
  facet normal -1 0 0
    outer loop
      vertex -24.7 -3.2175228595733643 6.643293316960334
      vertex -24.7 -3.5867066830396652 7.012477140426635
      vertex -24.7 -3.9318516552448273 7.7123619127273555
    endloop
  endfacet
  facet normal -1 0 0
    outer loop
      vertex -24.7 -3.8477590680122375 7.464633132815361
      vertex -24.7 -3.5867066830396652 7.012477140426635
      vertex -24.7 -3.732050806283951 7.2299999999999995
    endloop
  endfacet
  facet normal -1 0 0
    outer loop
      vertex -24.7 -3.2175228595733643 6.643293316960334
      vertex -24.7 -3.9318516552448273 7.7123619127273555
      vertex -24.7 -2 6.2299999999999995
    endloop
  endfacet
  facet normal -1 0 0
    outer loop
      vertex -24.7 -2.2610523849725723 6.247110280692577
      vertex -24.7 -2.517638087272644 6.298148344755172
      vertex -24.7 -2 6.2299999999999995
    endloop
  endfacet
  facet normal -1 0 0
    outer loop
      vertex -24.7 -3.2175228595733643 6.643293316960334
      vertex -24.7 -2.765366867184639 6.382240931987762
      vertex -24.7 -3 6.497949193716049
    endloop
  endfacet
  facet normal -1 0 0
    outer loop
      vertex -24.7 -3.2175228595733643 6.643293316960334
      vertex -24.7 -2 6.2299999999999995
      vertex -24.7 -2.765366867184639 6.382240931987762
    endloop
  endfacet
  facet normal -1 0 0
    outer loop
      vertex -24.7 -2.765366867184639 6.382240931987762
      vertex -24.7 -2 6.2299999999999995
      vertex -24.7 -2.517638087272644 6.298148344755172
    endloop
  endfacet
  facet normal 0 0 -1
    outer loop
      vertex -24 -5 6.2299999999999995
      vertex -24.7 -2 6.2299999999999995
      vertex -24 5 6.2299999999999995
    endloop
  endfacet
  facet normal -0.97284798690114 -0.22699786361026578 -0.04515267764789165
    outer loop
      vertex -24 -6.931851655244827 7.7123619127273555
      vertex -24 -6.982889719307423 7.968947615027427
      vertex -24.7 -3.9318516552448273 7.7123619127273555
    endloop
  endfacet
  facet normal -0.9737332219361713 -0.22720441845177305 -0.014891767316020016
    outer loop
      vertex -24 -6.982889719307423 7.968947615027427
      vertex -24 -7 8.23
      vertex -24.7 -4 8.23
    endloop
  endfacet
  facet normal -0.97284798690114 -0.22699786361026578 -0.04515267764789165
    outer loop
      vertex -24.7 -3.9318516552448273 7.7123619127273555
      vertex -24 -6.982889719307423 7.968947615027427
      vertex -24.7 -3.9828897193074226 7.968947615027427
    endloop
  endfacet
  facet normal -0.9737332219361713 -0.22720441845177305 -0.014891767316020252
    outer loop
      vertex -24 -6.982889719307423 7.968947615027427
      vertex -24.7 -4 8.23
      vertex -24.7 -3.9828897193074226 7.968947615027427
    endloop
  endfacet
  facet normal -0.9738412097417933 -0.22722961560641822 0
    outer loop
      vertex -24 -7 8.23
      vertex -24.7 -4 11.73
      vertex -24.7 -4 8.23
    endloop
  endfacet
  facet normal -1 0 0
    outer loop
      vertex -24.7 -3.9318516552448273 7.7123619127273555
      vertex -24.7 -3.9828897193074226 7.968947615027427
      vertex -24.7 -4 8.23
    endloop
  endfacet
  facet normal -1 0 0
    outer loop
      vertex -24.7 -3.9318516552448273 7.7123619127273555
      vertex -24.7 -4 8.23
      vertex -24.7 -4 11.73
    endloop
  endfacet
  facet normal -1 0 0
    outer loop
      vertex -24.7 -3.9318516552448273 7.7123619127273555
      vertex -24.7 -3.732050806283951 12.73
      vertex -24.7 -2 6.2299999999999995
    endloop
  endfacet
  facet normal -0.9738412097417933 -0.22722961560641822 0
    outer loop
      vertex -24 -7 8.23
      vertex -24 -7 11.73
      vertex -24.7 -4 11.73
    endloop
  endfacet
  facet normal -1 0 0
    outer loop
      vertex -24.7 -3.9318516552448273 7.7123619127273555
      vertex -24.7 -4 11.73
      vertex -24.7 -3.732050806283951 12.73
    endloop
  endfacet
  facet normal -1 0 0
    outer loop
      vertex -24.7 -2 6.2299999999999995
      vertex -24.7 -3.732050806283951 12.73
      vertex -24.7 2 13.73
    endloop
  endfacet
  facet normal -0.9737332219361713 -0.22720441845177308 0.014891767316020068
    outer loop
      vertex -24 -7 11.73
      vertex -24 -6.982889719307423 11.991052384972573
      vertex -24.7 -4 11.73
    endloop
  endfacet
  facet normal -0.97284798690114 -0.22699786361026578 0.04515267764789165
    outer loop
      vertex -24 -6.982889719307423 11.991052384972573
      vertex -24 -6.931851655244827 12.247638087272644
      vertex -24.7 -3.9318516552448273 12.247638087272644
    endloop
  endfacet
  facet normal -0.9709570596519935 -0.22655664725213157 0.07690561681586217
    outer loop
      vertex -24 -6.931851655244827 12.247638087272644
      vertex -24 -6.8477590680122375 12.49536686718464
      vertex -24.7 -3.8477590680122375 12.49536686718464
    endloop
  endfacet
  facet normal -0.9737332219361713 -0.22720441845177308 0.014891767316020302
    outer loop
      vertex -24 -6.982889719307423 11.991052384972573
      vertex -24.7 -3.9828897193074226 11.991052384972573
      vertex -24.7 -4 11.73
    endloop
  endfacet
  facet normal -0.97284798690114 -0.22699786361026578 0.04515267764789192
    outer loop
      vertex -24 -6.982889719307423 11.991052384972573
      vertex -24.7 -3.9318516552448273 12.247638087272644
      vertex -24.7 -3.9828897193074226 11.991052384972573
    endloop
  endfacet
  facet normal -0.9709570596519935 -0.22655664725213157 0.07690561681586212
    outer loop
      vertex -24 -6.931851655244827 12.247638087272644
      vertex -24.7 -3.8477590680122375 12.49536686718464
      vertex -24.7 -3.9318516552448273 12.247638087272644
    endloop
  endfacet
  facet normal -0.9677840167357706 -0.22581627057167958 0.11136026623475632
    outer loop
      vertex -24 -6.8477590680122375 12.49536686718464
      vertex -24.7 -3.732050806283951 12.73
      vertex -24.7 -3.8477590680122375 12.49536686718464
    endloop
  endfacet
  facet normal -0.9677840167357706 -0.22581627057167958 0.1113602662347562
    outer loop
      vertex -24 -6.8477590680122375 12.49536686718464
      vertex -24 -6.732050806283951 12.73
      vertex -24.7 -3.732050806283951 12.73
    endloop
  endfacet
  facet normal -0.9628069621009634 -0.22465495782355788 0.1501096387818233
    outer loop
      vertex -24 -6.732050806283951 12.73
      vertex -24 -6.586706683039665 12.947522859573365
      vertex -24.7 -3.5867066830396652 12.947522859573365
    endloop
  endfacet
  facet normal -0.9550627911171021 -0.2228479845939903 0.19543244558160577
    outer loop
      vertex -24 -6.586706683039665 12.947522859573365
      vertex -24 -6.414213560521603 13.144213560521603
      vertex -24.7 -3.4142135605216026 13.144213560521603
    endloop
  endfacet
  facet normal -0.9427104261954777 -0.21996576611227792 0.2508228739189859
    outer loop
      vertex -24 -6.414213560521603 13.144213560521603
      vertex -24 -6.217522859573364 13.316706683039666
      vertex -24.7 -3.4142135605216026 13.144213560521603
    endloop
  endfacet
  facet normal -0.9628069621009635 -0.2246549578235579 0.15010963878182307
    outer loop
      vertex -24 -6.732050806283951 12.73
      vertex -24.7 -3.5867066830396652 12.947522859573365
      vertex -24.7 -3.732050806283951 12.73
    endloop
  endfacet
  facet normal -0.9550627911171021 -0.2228479845939903 0.19543244558160597
    outer loop
      vertex -24 -6.586706683039665 12.947522859573365
      vertex -24.7 -3.4142135605216026 13.144213560521603
      vertex -24.7 -3.5867066830396652 12.947522859573365
    endloop
  endfacet
  facet normal -0.9219857548346142 -0.21513000946140978 0.32196482247472363
    outer loop
      vertex -24 -6.217522859573364 13.316706683039666
      vertex -24 -6 13.462050806283951
      vertex -24.7 -3 13.462050806283951
    endloop
  endfacet
  facet normal -0.8844646612055279 -0.20637508761462298 0.4184872594125745
    outer loop
      vertex -24 -6 13.462050806283951
      vertex -24 -5.765366867184639 13.577759068012238
      vertex -24.7 -2.765366867184639 13.577759068012238
    endloop
  endfacet
  facet normal -1 0 0
    outer loop
      vertex -24.7 -4 11.73
      vertex -24.7 -3.9828897193074226 11.991052384972573
      vertex -24.7 -3.9318516552448273 12.247638087272644
    endloop
  endfacet
  facet normal -1 0 0
    outer loop
      vertex -24.7 -4 11.73
      vertex -24.7 -3.9318516552448273 12.247638087272644
      vertex -24.7 -3.732050806283951 12.73
    endloop
  endfacet
  facet normal -1 0 0
    outer loop
      vertex -24.7 -3.9318516552448273 12.247638087272644
      vertex -24.7 -3.8477590680122375 12.49536686718464
      vertex -24.7 -3.732050806283951 12.73
    endloop
  endfacet
  facet normal -0.9427104261954777 -0.21996576611227792 0.2508228739189859
    outer loop
      vertex -24 -6.217522859573364 13.316706683039666
      vertex -24.7 -3.2175228595733643 13.316706683039666
      vertex -24.7 -3.4142135605216026 13.144213560521603
    endloop
  endfacet
  facet normal -0.9219857548346143 -0.21513000946140978 0.32196482247472324
    outer loop
      vertex -24 -6.217522859573364 13.316706683039666
      vertex -24.7 -3 13.462050806283951
      vertex -24.7 -3.2175228595733643 13.316706683039666
    endloop
  endfacet
  facet normal -0.8844646612055278 -0.20637508761462295 0.41848725941257464
    outer loop
      vertex -24 -6 13.462050806283951
      vertex -24.7 -2.765366867184639 13.577759068012238
      vertex -24.7 -3 13.462050806283951
    endloop
  endfacet
  facet normal -1 0 0
    outer loop
      vertex -24.7 -3.732050806283951 12.73
      vertex -24.7 -3.5867066830396652 12.947522859573365
      vertex -24.7 -3.2175228595733643 13.316706683039666
    endloop
  endfacet
  facet normal -1 0 0
    outer loop
      vertex -24.7 -3.5867066830396652 12.947522859573365
      vertex -24.7 -3.4142135605216026 13.144213560521603
      vertex -24.7 -3.2175228595733643 13.316706683039666
    endloop
  endfacet
  facet normal -1 0 0
    outer loop
      vertex -24.7 -3.732050806283951 12.73
      vertex -24.7 -3.2175228595733643 13.316706683039666
      vertex -24.7 -2.2610523849725723 13.712889719307423
    endloop
  endfacet
  facet normal -0.8092636699113017 -0.1888281896459702 0.5562699231099207
    outer loop
      vertex -24 -5.765366867184639 13.577759068012238
      vertex -24 -5.517638087272644 13.661851655244828
      vertex -24.7 -2.765366867184639 13.577759068012238
    endloop
  endfacet
  facet normal -0.6414367687690351 -0.14966857937944136 0.7524348397154927
    outer loop
      vertex -24 -5.517638087272644 13.661851655244828
      vertex -24 -5.261052384972572 13.712889719307423
      vertex -24.7 -2.2610523849725723 13.712889719307423
    endloop
  endfacet
  facet normal -0.26989704976566264 -0.06297597827865456 0.960827564492005
    outer loop
      vertex -24 -5.261052384972572 13.712889719307423
      vertex -24 -5 13.73
      vertex -24.7 -2.2610523849725723 13.712889719307423
    endloop
  endfacet
  facet normal -0.8092636699113017 -0.1888281896459702 0.556269923109921
    outer loop
      vertex -24 -5.517638087272644 13.661851655244828
      vertex -24.7 -2.517638087272644 13.661851655244828
      vertex -24.7 -2.765366867184639 13.577759068012238
    endloop
  endfacet
  facet normal -0.6414367687690348 -0.14966857937944128 0.7524348397154931
    outer loop
      vertex -24 -5.517638087272644 13.661851655244828
      vertex -24.7 -2.2610523849725723 13.712889719307423
      vertex -24.7 -2.517638087272644 13.661851655244828
    endloop
  endfacet
  facet normal -0.26989704976566276 -0.06297597827865459 0.9608275644920048
    outer loop
      vertex -24 -5 13.73
      vertex -24.7 -2 13.73
      vertex -24.7 -2.2610523849725723 13.712889719307423
    endloop
  endfacet
  facet normal -1 0 0
    outer loop
      vertex -24.7 -3.2175228595733643 13.316706683039666
      vertex -24.7 -3 13.462050806283951
      vertex -24.7 -2.765366867184639 13.577759068012238
    endloop
  endfacet
  facet normal -1 0 0
    outer loop
      vertex -24.7 -3.2175228595733643 13.316706683039666
      vertex -24.7 -2.765366867184639 13.577759068012238
      vertex -24.7 -2.2610523849725723 13.712889719307423
    endloop
  endfacet
  facet normal -1 0 0
    outer loop
      vertex -24.7 -3.732050806283951 12.73
      vertex -24.7 -2.2610523849725723 13.712889719307423
      vertex -24.7 2 13.73
    endloop
  endfacet
  facet normal -1 0 0
    outer loop
      vertex -24.7 -2.765366867184639 13.577759068012238
      vertex -24.7 -2.517638087272644 13.661851655244828
      vertex -24.7 -2.2610523849725723 13.712889719307423
    endloop
  endfacet
  facet normal 0 0 1
    outer loop
      vertex -24 -5 13.73
      vertex -24.7 2 13.73
      vertex -24.7 -2 13.73
    endloop
  endfacet
  facet normal -1 0 0
    outer loop
      vertex -24.7 -2.2610523849725723 13.712889719307423
      vertex -24.7 -2 13.73
      vertex -24.7 2 13.73
    endloop
  endfacet
  facet normal -1 0 0
    outer loop
      vertex -24.7 -2 6.2299999999999995
      vertex -24.7 2.2610523849725723 6.247110280692577
      vertex -24.7 2 6.2299999999999995
    endloop
  endfacet
  facet normal -1 0 0
    outer loop
      vertex -24.7 -2 6.2299999999999995
      vertex -24.7 3.732050806283951 7.2299999999999995
      vertex -24.7 2.2610523849725723 6.247110280692577
    endloop
  endfacet
  facet normal 0 0 -1
    outer loop
      vertex -24.7 -2 6.2299999999999995
      vertex -24.7 2 6.2299999999999995
      vertex -24 5 6.2299999999999995
    endloop
  endfacet
  facet normal -1 0 0
    outer loop
      vertex -24.7 2.2610523849725723 6.247110280692577
      vertex -24.7 2.765366867184639 6.382240931987762
      vertex -24.7 2.517638087272644 6.298148344755172
    endloop
  endfacet
  facet normal -1 0 0
    outer loop
      vertex -24.7 2.2610523849725723 6.247110280692577
      vertex -24.7 3.2175228595733643 6.643293316960334
      vertex -24.7 2.765366867184639 6.382240931987762
    endloop
  endfacet
  facet normal -1 0 0
    outer loop
      vertex -24.7 2.765366867184639 6.382240931987762
      vertex -24.7 3.2175228595733643 6.643293316960334
      vertex -24.7 3 6.497949193716049
    endloop
  endfacet
  facet normal -0.26989704976566264 0.06297597827865456 -0.960827564492005
    outer loop
      vertex -24.7 2 6.2299999999999995
      vertex -24.7 2.2610523849725723 6.247110280692577
      vertex -24 5.261052384972572 6.247110280692577
    endloop
  endfacet
  facet normal -0.6414367687690351 0.14966857937944136 -0.7524348397154927
    outer loop
      vertex -24.7 2.2610523849725723 6.247110280692577
      vertex -24.7 2.517638087272644 6.298148344755172
      vertex -24 5.517638087272644 6.298148344755172
    endloop
  endfacet
  facet normal -1 0 0
    outer loop
      vertex -24.7 2.2610523849725723 6.247110280692577
      vertex -24.7 3.732050806283951 7.2299999999999995
      vertex -24.7 3.2175228595733643 6.643293316960334
    endloop
  endfacet
  facet normal -0.8092636699113017 0.1888281896459702 -0.5562699231099207
    outer loop
      vertex -24.7 2.517638087272644 6.298148344755172
      vertex -24.7 2.765366867184639 6.382240931987762
      vertex -24 5.765366867184639 6.382240931987762
    endloop
  endfacet
  facet normal -0.26989704976566276 0.06297597827865459 -0.9608275644920048
    outer loop
      vertex -24.7 2 6.2299999999999995
      vertex -24 5.261052384972572 6.247110280692577
      vertex -24 5 6.2299999999999995
    endloop
  endfacet
  facet normal -0.6414367687690348 0.14966857937944128 -0.7524348397154931
    outer loop
      vertex -24.7 2.2610523849725723 6.247110280692577
      vertex -24 5.517638087272644 6.298148344755172
      vertex -24 5.261052384972572 6.247110280692577
    endloop
  endfacet
  facet normal -0.8844646612055279 0.20637508761462298 -0.4184872594125745
    outer loop
      vertex -24.7 2.765366867184639 6.382240931987762
      vertex -24.7 3 6.497949193716049
      vertex -24 5.765366867184639 6.382240931987762
    endloop
  endfacet
  facet normal -0.9219857548346142 0.21513000946140978 -0.32196482247472363
    outer loop
      vertex -24.7 3 6.497949193716049
      vertex -24.7 3.2175228595733643 6.643293316960334
      vertex -24 6 6.497949193716049
    endloop
  endfacet
  facet normal -0.9427104261954777 0.21996576611227792 -0.2508228739189859
    outer loop
      vertex -24.7 3.2175228595733643 6.643293316960334
      vertex -24.7 3.4142135605216026 6.815786439478397
      vertex -24 6.414213560521603 6.815786439478397
    endloop
  endfacet
  facet normal -1 0 0
    outer loop
      vertex -24.7 3.2175228595733643 6.643293316960334
      vertex -24.7 3.732050806283951 7.2299999999999995
      vertex -24.7 3.4142135605216026 6.815786439478397
    endloop
  endfacet
  facet normal -1 0 0
    outer loop
      vertex -24.7 3.4142135605216026 6.815786439478397
      vertex -24.7 3.732050806283951 7.2299999999999995
      vertex -24.7 3.5867066830396652 7.012477140426635
    endloop
  endfacet
  facet normal -1 0 0
    outer loop
      vertex -24.7 3.732050806283951 7.2299999999999995
      vertex -24.7 3.9318516552448273 7.7123619127273555
      vertex -24.7 3.8477590680122375 7.464633132815361
    endloop
  endfacet
  facet normal -1 0 0
    outer loop
      vertex -24.7 3.732050806283951 7.2299999999999995
      vertex -24.7 4 8.23
      vertex -24.7 3.9318516552448273 7.7123619127273555
    endloop
  endfacet
  facet normal -0.8092636699113019 0.18882818964597026 -0.5562699231099204
    outer loop
      vertex -24.7 2.517638087272644 6.298148344755172
      vertex -24 5.765366867184639 6.382240931987762
      vertex -24 5.517638087272644 6.298148344755172
    endloop
  endfacet
  facet normal -0.8844646612055278 0.20637508761462295 -0.41848725941257464
    outer loop
      vertex -24.7 3 6.497949193716049
      vertex -24 6 6.497949193716049
      vertex -24 5.765366867184639 6.382240931987762
    endloop
  endfacet
  facet normal -0.9219857548346142 0.21513000946140978 -0.3219648224747237
    outer loop
      vertex -24.7 3.2175228595733643 6.643293316960334
      vertex -24 6.217522859573364 6.643293316960334
      vertex -24 6 6.497949193716049
    endloop
  endfacet
  facet normal -0.9427104261954777 0.21996576611227792 -0.2508228739189855
    outer loop
      vertex -24.7 3.2175228595733643 6.643293316960334
      vertex -24 6.414213560521603 6.815786439478397
      vertex -24 6.217522859573364 6.643293316960334
    endloop
  endfacet
  facet normal -0.9550627911171021 0.2228479845939903 -0.19543244558160577
    outer loop
      vertex -24.7 3.4142135605216026 6.815786439478397
      vertex -24.7 3.5867066830396652 7.012477140426635
      vertex -24 6.586706683039665 7.012477140426635
    endloop
  endfacet
  facet normal -0.9628069621009634 0.22465495782355788 -0.1501096387818233
    outer loop
      vertex -24.7 3.5867066830396652 7.012477140426635
      vertex -24.7 3.732050806283951 7.2299999999999995
      vertex -24 6.586706683039665 7.012477140426635
    endloop
  endfacet
  facet normal -0.9677840167357706 0.22581627057167958 -0.1113602662347562
    outer loop
      vertex -24.7 3.732050806283951 7.2299999999999995
      vertex -24.7 3.8477590680122375 7.464633132815361
      vertex -24 6.732050806283951 7.2299999999999995
    endloop
  endfacet
  facet normal -0.9709570596519935 0.22655664725213157 -0.07690561681586217
    outer loop
      vertex -24.7 3.8477590680122375 7.464633132815361
      vertex -24.7 3.9318516552448273 7.7123619127273555
      vertex -24 6.8477590680122375 7.464633132815361
    endloop
  endfacet
  facet normal -0.9550627911171021 0.2228479845939903 -0.19543244558160597
    outer loop
      vertex -24.7 3.4142135605216026 6.815786439478397
      vertex -24 6.586706683039665 7.012477140426635
      vertex -24 6.414213560521603 6.815786439478397
    endloop
  endfacet
  facet normal -0.9628069621009634 0.22465495782355788 -0.15010963878182337
    outer loop
      vertex -24.7 3.732050806283951 7.2299999999999995
      vertex -24 6.732050806283951 7.2299999999999995
      vertex -24 6.586706683039665 7.012477140426635
    endloop
  endfacet
  facet normal -0.9677840167357706 0.22581627057167958 -0.11136026623475632
    outer loop
      vertex -24.7 3.8477590680122375 7.464633132815361
      vertex -24 6.8477590680122375 7.464633132815361
      vertex -24 6.732050806283951 7.2299999999999995
    endloop
  endfacet
  facet normal -0.9709570596519935 0.22655664725213157 -0.07690561681586212
    outer loop
      vertex -24.7 3.9318516552448273 7.7123619127273555
      vertex -24 6.931851655244827 7.7123619127273555
      vertex -24 6.8477590680122375 7.464633132815361
    endloop
  endfacet
  facet normal -1 0 0
    outer loop
      vertex -24.7 -2 6.2299999999999995
      vertex -24.7 2 13.73
      vertex -24.7 3.732050806283951 7.2299999999999995
    endloop
  endfacet
  facet normal -1 0 0
    outer loop
      vertex -24.7 3.9318516552448273 7.7123619127273555
      vertex -24.7 4 8.23
      vertex -24.7 3.9828897193074226 7.968947615027427
    endloop
  endfacet
  facet normal -1 0 0
    outer loop
      vertex -24.7 3.732050806283951 7.2299999999999995
      vertex -24.7 3.732050806283951 12.73
      vertex -24.7 4 8.23
    endloop
  endfacet
  facet normal -0.97284798690114 0.22699786361026578 -0.04515267764789165
    outer loop
      vertex -24.7 3.9318516552448273 7.7123619127273555
      vertex -24.7 3.9828897193074226 7.968947615027427
      vertex -24 6.982889719307423 7.968947615027427
    endloop
  endfacet
  facet normal -0.9737332219361713 0.22720441845177305 -0.014891767316020016
    outer loop
      vertex -24.7 3.9828897193074226 7.968947615027427
      vertex -24.7 4 8.23
      vertex -24 6.982889719307423 7.968947615027427
    endloop
  endfacet
  facet normal -0.97284798690114 0.22699786361026578 -0.04515267764789192
    outer loop
      vertex -24.7 3.9318516552448273 7.7123619127273555
      vertex -24 6.982889719307423 7.968947615027427
      vertex -24 6.931851655244827 7.7123619127273555
    endloop
  endfacet
  facet normal -0.9737332219361713 0.22720441845177305 -0.014891767316020252
    outer loop
      vertex -24.7 4 8.23
      vertex -24 7 8.23
      vertex -24 6.982889719307423 7.968947615027427
    endloop
  endfacet
  facet normal -1 0 0
    outer loop
      vertex -24.7 3.732050806283951 7.2299999999999995
      vertex -24.7 2 13.73
      vertex -24.7 3.732050806283951 12.73
    endloop
  endfacet
  facet normal -1 0 0
    outer loop
      vertex -24.7 4 8.23
      vertex -24.7 3.732050806283951 12.73
      vertex -24.7 4 11.73
    endloop
  endfacet
  facet normal -0.9738412097417933 0.22722961560641822 0
    outer loop
      vertex -24.7 4 8.23
      vertex -24.7 4 11.73
      vertex -24 7 11.73
    endloop
  endfacet
  facet normal -1 0 0
    outer loop
      vertex -24.7 2 13.73
      vertex -24.7 3 13.462050806283951
      vertex -24.7 3.732050806283951 12.73
    endloop
  endfacet
  facet normal 0 0 1
    outer loop
      vertex -24 -5 13.73
      vertex -24 5 13.73
      vertex -24.7 2 13.73
    endloop
  endfacet
  facet normal -1 0 0
    outer loop
      vertex -24.7 2 13.73
      vertex -24.7 2.2610523849725723 13.712889719307423
      vertex -24.7 2.517638087272644 13.661851655244828
    endloop
  endfacet
  facet normal -1 0 0
    outer loop
      vertex -24.7 2 13.73
      vertex -24.7 2.517638087272644 13.661851655244828
      vertex -24.7 3 13.462050806283951
    endloop
  endfacet
  facet normal -1 0 0
    outer loop
      vertex -24.7 2.517638087272644 13.661851655244828
      vertex -24.7 2.765366867184639 13.577759068012238
      vertex -24.7 3 13.462050806283951
    endloop
  endfacet
  facet normal -1 0 0
    outer loop
      vertex -24.7 4 11.73
      vertex -24.7 3.9318516552448273 12.247638087272644
      vertex -24.7 3.9828897193074226 11.991052384972573
    endloop
  endfacet
  facet normal -1 0 0
    outer loop
      vertex -24.7 4 11.73
      vertex -24.7 3.732050806283951 12.73
      vertex -24.7 3.9318516552448273 12.247638087272644
    endloop
  endfacet
  facet normal -1 0 0
    outer loop
      vertex -24.7 3.9318516552448273 12.247638087272644
      vertex -24.7 3.732050806283951 12.73
      vertex -24.7 3.8477590680122375 12.49536686718464
    endloop
  endfacet
  facet normal -1 0 0
    outer loop
      vertex -24.7 3.732050806283951 12.73
      vertex -24.7 3.4142135605216026 13.144213560521603
      vertex -24.7 3.5867066830396652 12.947522859573365
    endloop
  endfacet
  facet normal -1 0 0
    outer loop
      vertex -24.7 3 13.462050806283951
      vertex -24.7 3.2175228595733643 13.316706683039666
      vertex -24.7 3.4142135605216026 13.144213560521603
    endloop
  endfacet
  facet normal -1 0 0
    outer loop
      vertex -24.7 3.732050806283951 12.73
      vertex -24.7 3 13.462050806283951
      vertex -24.7 3.4142135605216026 13.144213560521603
    endloop
  endfacet
  facet normal -0.8844646612055279 0.20637508761462298 0.4184872594125745
    outer loop
      vertex -24.7 2.765366867184639 13.577759068012238
      vertex -24 5.765366867184639 13.577759068012238
      vertex -24.7 3 13.462050806283951
    endloop
  endfacet
  facet normal -0.9219857548346142 0.21513000946140978 0.32196482247472363
    outer loop
      vertex -24.7 3 13.462050806283951
      vertex -24 6 13.462050806283951
      vertex -24.7 3.2175228595733643 13.316706683039666
    endloop
  endfacet
  facet normal -0.9427104261954777 0.21996576611227792 0.2508228739189859
    outer loop
      vertex -24.7 3.2175228595733643 13.316706683039666
      vertex -24 6.217522859573364 13.316706683039666
      vertex -24.7 3.4142135605216026 13.144213560521603
    endloop
  endfacet
  facet normal -0.9737332219361713 0.22720441845177308 0.014891767316020068
    outer loop
      vertex -24.7 4 11.73
      vertex -24.7 3.9828897193074226 11.991052384972573
      vertex -24 6.982889719307423 11.991052384972573
    endloop
  endfacet
  facet normal -0.97284798690114 0.22699786361026578 0.04515267764789165
    outer loop
      vertex -24.7 3.9828897193074226 11.991052384972573
      vertex -24.7 3.9318516552448273 12.247638087272644
      vertex -24 6.982889719307423 11.991052384972573
    endloop
  endfacet
  facet normal -0.9677840167357706 0.22581627057167958 0.1113602662347562
    outer loop
      vertex -24.7 3.8477590680122375 12.49536686718464
      vertex -24.7 3.732050806283951 12.73
      vertex -24 6.8477590680122375 12.49536686718464
    endloop
  endfacet
  facet normal -0.9709570596519935 0.22655664725213157 0.07690561681586217
    outer loop
      vertex -24.7 3.9318516552448273 12.247638087272644
      vertex -24.7 3.8477590680122375 12.49536686718464
      vertex -24 6.931851655244827 12.247638087272644
    endloop
  endfacet
  facet normal -0.9737332219361713 0.22720441845177308 0.014891767316020302
    outer loop
      vertex -24.7 4 11.73
      vertex -24 6.982889719307423 11.991052384972573
      vertex -24 7 11.73
    endloop
  endfacet
  facet normal -0.97284798690114 0.22699786361026578 0.04515267764789192
    outer loop
      vertex -24.7 3.9318516552448273 12.247638087272644
      vertex -24 6.931851655244827 12.247638087272644
      vertex -24 6.982889719307423 11.991052384972573
    endloop
  endfacet
  facet normal -0.9709570596519935 0.22655664725213157 0.07690561681586212
    outer loop
      vertex -24.7 3.8477590680122375 12.49536686718464
      vertex -24 6.8477590680122375 12.49536686718464
      vertex -24 6.931851655244827 12.247638087272644
    endloop
  endfacet
  facet normal -0.9628069621009634 0.22465495782355788 0.1501096387818233
    outer loop
      vertex -24.7 3.732050806283951 12.73
      vertex -24.7 3.5867066830396652 12.947522859573365
      vertex -24 6.586706683039665 12.947522859573365
    endloop
  endfacet
  facet normal -0.9550627911171021 0.2228479845939903 0.19543244558160577
    outer loop
      vertex -24.7 3.5867066830396652 12.947522859573365
      vertex -24.7 3.4142135605216026 13.144213560521603
      vertex -24 6.586706683039665 12.947522859573365
    endloop
  endfacet
  facet normal -0.8844646612055278 0.20637508761462295 0.41848725941257464
    outer loop
      vertex -24.7 3 13.462050806283951
      vertex -24 5.765366867184639 13.577759068012238
      vertex -24 6 13.462050806283951
    endloop
  endfacet
  facet normal -0.9219857548346142 0.21513000946140978 0.3219648224747237
    outer loop
      vertex -24.7 3.2175228595733643 13.316706683039666
      vertex -24 6 13.462050806283951
      vertex -24 6.217522859573364 13.316706683039666
    endloop
  endfacet
  facet normal -0.9677840167357706 0.22581627057167958 0.11136026623475632
    outer loop
      vertex -24.7 3.732050806283951 12.73
      vertex -24 6.732050806283951 12.73
      vertex -24 6.8477590680122375 12.49536686718464
    endloop
  endfacet
  facet normal -0.9628069621009634 0.22465495782355788 0.15010963878182337
    outer loop
      vertex -24.7 3.732050806283951 12.73
      vertex -24 6.586706683039665 12.947522859573365
      vertex -24 6.732050806283951 12.73
    endloop
  endfacet
  facet normal -0.9427104261954777 0.21996576611227792 0.2508228739189859
    outer loop
      vertex -24.7 3.4142135605216026 13.144213560521603
      vertex -24 6.217522859573364 13.316706683039666
      vertex -24 6.414213560521603 13.144213560521603
    endloop
  endfacet
  facet normal -0.9550627911171021 0.2228479845939903 0.19543244558160597
    outer loop
      vertex -24.7 3.4142135605216026 13.144213560521603
      vertex -24 6.414213560521603 13.144213560521603
      vertex -24 6.586706683039665 12.947522859573365
    endloop
  endfacet
  facet normal -0.26989704976566264 0.06297597827865456 0.960827564492005
    outer loop
      vertex -24.7 2 13.73
      vertex -24 5.261052384972572 13.712889719307423
      vertex -24.7 2.2610523849725723 13.712889719307423
    endloop
  endfacet
  facet normal -0.6414367687690351 0.14966857937944136 0.7524348397154927
    outer loop
      vertex -24.7 2.2610523849725723 13.712889719307423
      vertex -24 5.261052384972572 13.712889719307423
      vertex -24.7 2.517638087272644 13.661851655244828
    endloop
  endfacet
  facet normal -0.8092636699113017 0.1888281896459702 0.5562699231099207
    outer loop
      vertex -24.7 2.517638087272644 13.661851655244828
      vertex -24 5.765366867184639 13.577759068012238
      vertex -24.7 2.765366867184639 13.577759068012238
    endloop
  endfacet
  facet normal -0.26989704976566276 0.06297597827865459 0.9608275644920048
    outer loop
      vertex -24.7 2 13.73
      vertex -24 5 13.73
      vertex -24 5.261052384972572 13.712889719307423
    endloop
  endfacet
  facet normal -0.6414367687690352 0.1496685793794414 0.7524348397154927
    outer loop
      vertex -24.7 2.517638087272644 13.661851655244828
      vertex -24 5.261052384972572 13.712889719307423
      vertex -24 5.517638087272644 13.661851655244828
    endloop
  endfacet
  facet normal -0.8092636699113019 0.18882818964597026 0.5562699231099204
    outer loop
      vertex -24.7 2.517638087272644 13.661851655244828
      vertex -24 5.517638087272644 13.661851655244828
      vertex -24 5.765366867184639 13.577759068012238
    endloop
  endfacet
  facet normal -0.9738412097417933 0.22722961560641822 0
    outer loop
      vertex -24.7 4 8.23
      vertex -24 7 11.73
      vertex -24 7 8.23
    endloop
  endfacet
  facet normal 0 0 1
    outer loop
      vertex -5.031359342378606 -0.7913898577113369 7.4799999999999995
      vertex -5.031359342378606 0.7913898577113369 7.4799999999999995
      vertex -5.12583302491977 -0.65 7.4799999999999995
    endloop
  endfacet
  facet normal 0 0 1
    outer loop
      vertex -4.919238815542512 -0.9192388155425119 7.4799999999999995
      vertex -4.919238815542512 0.9192388155425119 7.4799999999999995
      vertex -5.031359342378606 -0.7913898577113369 7.4799999999999995
    endloop
  endfacet
  facet normal 0 0 1
    outer loop
      vertex -5.201043392264673 -0.4974884620746167 7.4799999999999995
      vertex -5.201043392264673 0.4974884620746167 7.4799999999999995
      vertex -5.255703574175789 -0.33646475863327696 7.4799999999999995
    endloop
  endfacet
  facet normal 0 0 1
    outer loop
      vertex -5.12583302491977 -0.65 7.4799999999999995
      vertex -5.12583302491977 0.65 7.4799999999999995
      vertex -5.201043392264673 -0.4974884620746167 7.4799999999999995
    endloop
  endfacet
  facet normal 0 0 1
    outer loop
      vertex -5.255703574175789 -0.33646475863327696 7.4799999999999995
      vertex -5.255703574175789 0.33646475863327696 7.4799999999999995
      vertex -5.288878319785954 -0.16968404988606706 7.4799999999999995
    endloop
  endfacet
  facet normal 0 0 1
    outer loop
      vertex -4.4974884620746165 -1.2010433922646728 7.4799999999999995
      vertex -4.4974884620746165 1.2010433922646728 7.4799999999999995
      vertex -4.65 -1.12583302491977 7.4799999999999995
    endloop
  endfacet
  facet normal 0 0 1
    outer loop
      vertex -4.3364647586332765 -1.255703574175789 7.4799999999999995
      vertex -4.3364647586332765 1.255703574175789 7.4799999999999995
      vertex -4.4974884620746165 -1.2010433922646728 7.4799999999999995
    endloop
  endfacet
  facet normal 0 0 1
    outer loop
      vertex -4.169684049886067 -1.2888783197859535 7.4799999999999995
      vertex -4.169684049886067 1.2888783197859535 7.4799999999999995
      vertex -4.3364647586332765 -1.255703574175789 7.4799999999999995
    endloop
  endfacet
  facet normal 0 0 1
    outer loop
      vertex -4.791389857711337 -1.0313593423786058 7.4799999999999995
      vertex -4.791389857711337 1.0313593423786058 7.4799999999999995
      vertex -4.919238815542512 -0.9192388155425119 7.4799999999999995
    endloop
  endfacet
  facet normal 0 0 1
    outer loop
      vertex -4.791389857711337 -1.0313593423786058 7.4799999999999995
      vertex -4.65 -1.12583302491977 7.4799999999999995
      vertex -4.65 1.12583302491977 7.4799999999999995
    endloop
  endfacet
  facet normal 0 0 1
    outer loop
      vertex -4.169684049886067 -1.2888783197859535 7.4799999999999995
      vertex -4 -1.3 7.4799999999999995
      vertex -4 1.3 7.4799999999999995
    endloop
  endfacet
  facet normal 0 0 1
    outer loop
      vertex -4 -1.3 7.4799999999999995
      vertex -3.830315950113933 -1.2888783197859535 7.4799999999999995
      vertex -3.830315950113933 1.2888783197859535 7.4799999999999995
    endloop
  endfacet
  facet normal 0 0 1
    outer loop
      vertex -3.830315950113933 -1.2888783197859535 7.4799999999999995
      vertex -3.663535241366723 -1.255703574175789 7.4799999999999995
      vertex -3.663535241366723 1.255703574175789 7.4799999999999995
    endloop
  endfacet
  facet normal 0 0 1
    outer loop
      vertex -3.663535241366723 -1.255703574175789 7.4799999999999995
      vertex -3.5025115379253835 -1.2010433922646728 7.4799999999999995
      vertex -3.5025115379253835 1.2010433922646728 7.4799999999999995
    endloop
  endfacet
  facet normal 0 0 1
    outer loop
      vertex -3.5025115379253835 -1.2010433922646728 7.4799999999999995
      vertex -3.35 -1.12583302491977 7.4799999999999995
      vertex -3.35 1.12583302491977 7.4799999999999995
    endloop
  endfacet
  facet normal 0 0 1
    outer loop
      vertex -3.35 -1.12583302491977 7.4799999999999995
      vertex -3.2086101422886633 -1.0313593423786058 7.4799999999999995
      vertex -3.2086101422886633 1.0313593423786058 7.4799999999999995
    endloop
  endfacet
  facet normal 0 0 1
    outer loop
      vertex -3.2086101422886633 -1.0313593423786058 7.4799999999999995
      vertex -3.0807611844574883 -0.9192388155425119 7.4799999999999995
      vertex -3.0807611844574883 0.9192388155425119 7.4799999999999995
    endloop
  endfacet
  facet normal 0 0 1
    outer loop
      vertex -3.0807611844574883 -0.9192388155425119 7.4799999999999995
      vertex -2.9686406576213944 -0.7913898577113369 7.4799999999999995
      vertex -2.9686406576213944 0.7913898577113369 7.4799999999999995
    endloop
  endfacet
  facet normal 0 0 1
    outer loop
      vertex -2.9686406576213944 -0.7913898577113369 7.4799999999999995
      vertex -2.8741669750802297 -0.65 7.4799999999999995
      vertex -2.8741669750802297 0.65 7.4799999999999995
    endloop
  endfacet
  facet normal 0 0 1
    outer loop
      vertex -2.8741669750802297 -0.65 7.4799999999999995
      vertex -2.7989566077353274 -0.4974884620746167 7.4799999999999995
      vertex -2.7989566077353274 0.4974884620746167 7.4799999999999995
    endloop
  endfacet
  facet normal 0 0 1
    outer loop
      vertex -2.7989566077353274 -0.4974884620746167 7.4799999999999995
      vertex -2.744296425824211 -0.33646475863327696 7.4799999999999995
      vertex -2.744296425824211 0.33646475863327696 7.4799999999999995
    endloop
  endfacet
  facet normal 0 0 1
    outer loop
      vertex -2.744296425824211 -0.33646475863327696 7.4799999999999995
      vertex -2.7111216802140463 -0.16968404988606706 7.4799999999999995
      vertex -2.7111216802140463 0.16968404988606706 7.4799999999999995
    endloop
  endfacet
  facet normal 0.7518398074789778 0.6593458151000685 0
    outer loop
      vertex -4.919238815542512 -0.9192388155425119 7.4799999999999995
      vertex -5.031359342378606 -0.7913898577113369 7.4799999999999995
      vertex -5.031359342378606 -0.7913898577113369 15.48
    endloop
  endfacet
  facet normal 0.8314696123025447 0.555570233019603 0
    outer loop
      vertex -5.031359342378606 -0.7913898577113369 7.4799999999999995
      vertex -5.12583302491977 -0.65 7.4799999999999995
      vertex -5.12583302491977 -0.65 15.48
    endloop
  endfacet
  facet normal 0.896872741532689 0.442288690219 0
    outer loop
      vertex -5.12583302491977 -0.65 7.4799999999999995
      vertex -5.201043392264673 -0.4974884620746167 7.4799999999999995
      vertex -5.201043392264673 -0.4974884620746167 15.48
    endloop
  endfacet
  facet normal 0.9469301294951047 0.3214394653031644 0
    outer loop
      vertex -5.201043392264673 -0.4974884620746167 7.4799999999999995
      vertex -5.255703574175789 -0.33646475863327696 7.4799999999999995
      vertex -5.255703574175789 -0.33646475863327696 15.48
    endloop
  endfacet
  facet normal 0.9978589232386037 0.06540312923014115 0
    outer loop
      vertex -5.288878319785954 -0.16968404988606706 7.4799999999999995
      vertex -5.3 0 7.4799999999999995
      vertex -5.3 0 15.48
    endloop
  endfacet
  facet normal 0.9807852804032307 0.195090322016127 0
    outer loop
      vertex -5.255703574175789 -0.33646475863327696 7.4799999999999995
      vertex -5.288878319785954 -0.16968404988606706 7.4799999999999995
      vertex -5.288878319785954 -0.16968404988606706 15.48
    endloop
  endfacet
  facet normal 0.44228869021900086 0.8968727415326886 0
    outer loop
      vertex -4.4974884620746165 -1.2010433922646728 7.4799999999999995
      vertex -4.65 -1.12583302491977 7.4799999999999995
      vertex -4.65 -1.12583302491977 15.48
    endloop
  endfacet
  facet normal 0.3214394653031617 0.9469301294951057 0
    outer loop
      vertex -4.3364647586332765 -1.255703574175789 7.4799999999999995
      vertex -4.4974884620746165 -1.2010433922646728 7.4799999999999995
      vertex -4.4974884620746165 -1.2010433922646728 15.48
    endloop
  endfacet
  facet normal 0.19509032201612744 0.9807852804032305 0
    outer loop
      vertex -4.169684049886067 -1.2888783197859535 7.4799999999999995
      vertex -4.3364647586332765 -1.255703574175789 7.4799999999999995
      vertex -4.3364647586332765 -1.255703574175789 15.48
    endloop
  endfacet
  facet normal 0.5555702330196012 0.8314696123025459 0
    outer loop
      vertex -4.791389857711337 -1.0313593423786058 7.4799999999999995
      vertex -4.791389857711337 -1.0313593423786058 15.48
      vertex -4.65 -1.12583302491977 7.4799999999999995
    endloop
  endfacet
  facet normal 0.6593458151000702 0.7518398074789763 0
    outer loop
      vertex -4.791389857711337 -1.0313593423786058 7.4799999999999995
      vertex -4.919238815542512 -0.9192388155425119 7.4799999999999995
      vertex -4.919238815542512 -0.9192388155425119 15.48
    endloop
  endfacet
  facet normal 0.06540312923014377 0.9978589232386035 0
    outer loop
      vertex -4.169684049886067 -1.2888783197859535 7.4799999999999995
      vertex -4.169684049886067 -1.2888783197859535 15.48
      vertex -4 -1.3 7.4799999999999995
    endloop
  endfacet
  facet normal -0.06540312923014377 0.9978589232386035 0
    outer loop
      vertex -4 -1.3 7.4799999999999995
      vertex -4 -1.3 15.48
      vertex -3.830315950113933 -1.2888783197859535 7.4799999999999995
    endloop
  endfacet
  facet normal -0.19509032201612692 0.9807852804032307 0
    outer loop
      vertex -3.830315950113933 -1.2888783197859535 7.4799999999999995
      vertex -3.830315950113933 -1.2888783197859535 15.48
      vertex -3.663535241366723 -1.255703574175789 7.4799999999999995
    endloop
  endfacet
  facet normal -0.3214394653031625 0.9469301294951054 0
    outer loop
      vertex -3.663535241366723 -1.255703574175789 7.4799999999999995
      vertex -3.663535241366723 -1.255703574175789 15.48
      vertex -3.5025115379253835 -1.2010433922646728 7.4799999999999995
    endloop
  endfacet
  facet normal -0.44228869021900186 0.896872741532688 0
    outer loop
      vertex -3.5025115379253835 -1.2010433922646728 7.4799999999999995
      vertex -3.5025115379253835 -1.2010433922646728 15.48
      vertex -3.35 -1.12583302491977 7.4799999999999995
    endloop
  endfacet
  facet normal -0.5555702330196012 0.8314696123025459 0
    outer loop
      vertex -3.35 -1.12583302491977 7.4799999999999995
      vertex -3.35 -1.12583302491977 15.48
      vertex -3.2086101422886633 -1.0313593423786058 7.4799999999999995
    endloop
  endfacet
  facet normal -0.6593458151000688 0.7518398074789774 0
    outer loop
      vertex -3.2086101422886633 -1.0313593423786058 7.4799999999999995
      vertex -3.2086101422886633 -1.0313593423786058 15.48
      vertex -3.0807611844574883 -0.9192388155425119 7.4799999999999995
    endloop
  endfacet
  facet normal -0.7518398074789778 0.6593458151000685 0
    outer loop
      vertex -3.0807611844574883 -0.9192388155425119 7.4799999999999995
      vertex -3.0807611844574883 -0.9192388155425119 15.48
      vertex -2.9686406576213944 -0.7913898577113369 7.4799999999999995
    endloop
  endfacet
  facet normal -0.8314696123025447 0.555570233019603 0
    outer loop
      vertex -2.9686406576213944 -0.7913898577113369 7.4799999999999995
      vertex -2.9686406576213944 -0.7913898577113369 15.48
      vertex -2.8741669750802297 -0.65 7.4799999999999995
    endloop
  endfacet
  facet normal -0.896872741532689 0.442288690219 0
    outer loop
      vertex -2.8741669750802297 -0.65 7.4799999999999995
      vertex -2.8741669750802297 -0.65 15.48
      vertex -2.7989566077353274 -0.4974884620746167 7.4799999999999995
    endloop
  endfacet
  facet normal -0.9469301294951047 0.3214394653031644 0
    outer loop
      vertex -2.7989566077353274 -0.4974884620746167 7.4799999999999995
      vertex -2.7989566077353274 -0.4974884620746167 15.48
      vertex -2.744296425824211 -0.33646475863327696 7.4799999999999995
    endloop
  endfacet
  facet normal -0.9807852804032307 0.195090322016127 0
    outer loop
      vertex -2.744296425824211 -0.33646475863327696 7.4799999999999995
      vertex -2.744296425824211 -0.33646475863327696 15.48
      vertex -2.7111216802140463 -0.16968404988606706 7.4799999999999995
    endloop
  endfacet
  facet normal -0.9978589232386037 0.06540312923014115 0
    outer loop
      vertex -2.7111216802140463 -0.16968404988606706 7.4799999999999995
      vertex -2.7111216802140463 -0.16968404988606706 15.48
      vertex -2.7 0 7.4799999999999995
    endloop
  endfacet
  facet normal 0.7518398074789778 0.6593458151000685 0
    outer loop
      vertex -4.919238815542512 -0.9192388155425119 7.4799999999999995
      vertex -5.031359342378606 -0.7913898577113369 15.48
      vertex -4.919238815542512 -0.9192388155425119 15.48
    endloop
  endfacet
  facet normal 0.896872741532689 0.442288690219 0
    outer loop
      vertex -5.12583302491977 -0.65 7.4799999999999995
      vertex -5.201043392264673 -0.4974884620746167 15.48
      vertex -5.12583302491977 -0.65 15.48
    endloop
  endfacet
  facet normal 0.8314696123025447 0.555570233019603 0
    outer loop
      vertex -5.031359342378606 -0.7913898577113369 7.4799999999999995
      vertex -5.12583302491977 -0.65 15.48
      vertex -5.031359342378606 -0.7913898577113369 15.48
    endloop
  endfacet
  facet normal 0.9469301294951047 0.3214394653031644 0
    outer loop
      vertex -5.201043392264673 -0.4974884620746167 7.4799999999999995
      vertex -5.255703574175789 -0.33646475863327696 15.48
      vertex -5.201043392264673 -0.4974884620746167 15.48
    endloop
  endfacet
  facet normal 0.9807852804032307 0.195090322016127 0
    outer loop
      vertex -5.255703574175789 -0.33646475863327696 7.4799999999999995
      vertex -5.288878319785954 -0.16968404988606706 15.48
      vertex -5.255703574175789 -0.33646475863327696 15.48
    endloop
  endfacet
  facet normal 0.9978589232386037 0.06540312923014115 0
    outer loop
      vertex -5.288878319785954 -0.16968404988606706 7.4799999999999995
      vertex -5.3 0 15.48
      vertex -5.288878319785954 -0.16968404988606706 15.48
    endloop
  endfacet
  facet normal 0.44228869021900086 0.8968727415326886 0
    outer loop
      vertex -4.4974884620746165 -1.2010433922646728 7.4799999999999995
      vertex -4.65 -1.12583302491977 15.48
      vertex -4.4974884620746165 -1.2010433922646728 15.48
    endloop
  endfacet
  facet normal 0.3214394653031617 0.9469301294951057 0
    outer loop
      vertex -4.3364647586332765 -1.255703574175789 7.4799999999999995
      vertex -4.4974884620746165 -1.2010433922646728 15.48
      vertex -4.3364647586332765 -1.255703574175789 15.48
    endloop
  endfacet
  facet normal 0.19509032201612744 0.9807852804032305 0
    outer loop
      vertex -4.169684049886067 -1.2888783197859535 7.4799999999999995
      vertex -4.3364647586332765 -1.255703574175789 15.48
      vertex -4.169684049886067 -1.2888783197859535 15.48
    endloop
  endfacet
  facet normal 0.6593458151000702 0.7518398074789763 0
    outer loop
      vertex -4.791389857711337 -1.0313593423786058 7.4799999999999995
      vertex -4.919238815542512 -0.9192388155425119 15.48
      vertex -4.791389857711337 -1.0313593423786058 15.48
    endloop
  endfacet
  facet normal 0.5555702330196012 0.8314696123025459 0
    outer loop
      vertex -4.65 -1.12583302491977 7.4799999999999995
      vertex -4.791389857711337 -1.0313593423786058 15.48
      vertex -4.65 -1.12583302491977 15.48
    endloop
  endfacet
  facet normal 0.06540312923014377 0.9978589232386035 0
    outer loop
      vertex -4 -1.3 7.4799999999999995
      vertex -4.169684049886067 -1.2888783197859535 15.48
      vertex -4 -1.3 15.48
    endloop
  endfacet
  facet normal -0.06540312923014377 0.9978589232386035 0
    outer loop
      vertex -3.830315950113933 -1.2888783197859535 7.4799999999999995
      vertex -4 -1.3 15.48
      vertex -3.830315950113933 -1.2888783197859535 15.48
    endloop
  endfacet
  facet normal -0.19509032201612692 0.9807852804032307 0
    outer loop
      vertex -3.663535241366723 -1.255703574175789 7.4799999999999995
      vertex -3.830315950113933 -1.2888783197859535 15.48
      vertex -3.663535241366723 -1.255703574175789 15.48
    endloop
  endfacet
  facet normal -0.3214394653031625 0.9469301294951054 0
    outer loop
      vertex -3.5025115379253835 -1.2010433922646728 7.4799999999999995
      vertex -3.663535241366723 -1.255703574175789 15.48
      vertex -3.5025115379253835 -1.2010433922646728 15.48
    endloop
  endfacet
  facet normal -0.44228869021900186 0.896872741532688 0
    outer loop
      vertex -3.35 -1.12583302491977 7.4799999999999995
      vertex -3.5025115379253835 -1.2010433922646728 15.48
      vertex -3.35 -1.12583302491977 15.48
    endloop
  endfacet
  facet normal -0.5555702330196012 0.8314696123025459 0
    outer loop
      vertex -3.2086101422886633 -1.0313593423786058 7.4799999999999995
      vertex -3.35 -1.12583302491977 15.48
      vertex -3.2086101422886633 -1.0313593423786058 15.48
    endloop
  endfacet
  facet normal -0.6593458151000688 0.7518398074789774 0
    outer loop
      vertex -3.0807611844574883 -0.9192388155425119 7.4799999999999995
      vertex -3.2086101422886633 -1.0313593423786058 15.48
      vertex -3.0807611844574883 -0.9192388155425119 15.48
    endloop
  endfacet
  facet normal -0.7518398074789778 0.6593458151000685 0
    outer loop
      vertex -2.9686406576213944 -0.7913898577113369 7.4799999999999995
      vertex -3.0807611844574883 -0.9192388155425119 15.48
      vertex -2.9686406576213944 -0.7913898577113369 15.48
    endloop
  endfacet
  facet normal -0.8314696123025447 0.555570233019603 0
    outer loop
      vertex -2.8741669750802297 -0.65 7.4799999999999995
      vertex -2.9686406576213944 -0.7913898577113369 15.48
      vertex -2.8741669750802297 -0.65 15.48
    endloop
  endfacet
  facet normal -0.896872741532689 0.442288690219 0
    outer loop
      vertex -2.7989566077353274 -0.4974884620746167 7.4799999999999995
      vertex -2.8741669750802297 -0.65 15.48
      vertex -2.7989566077353274 -0.4974884620746167 15.48
    endloop
  endfacet
  facet normal -0.9469301294951047 0.3214394653031644 0
    outer loop
      vertex -2.744296425824211 -0.33646475863327696 7.4799999999999995
      vertex -2.7989566077353274 -0.4974884620746167 15.48
      vertex -2.744296425824211 -0.33646475863327696 15.48
    endloop
  endfacet
  facet normal -0.9807852804032307 0.195090322016127 0
    outer loop
      vertex -2.7111216802140463 -0.16968404988606706 7.4799999999999995
      vertex -2.744296425824211 -0.33646475863327696 15.48
      vertex -2.7111216802140463 -0.16968404988606706 15.48
    endloop
  endfacet
  facet normal -0.9978589232386037 0.06540312923014115 0
    outer loop
      vertex -2.7 0 7.4799999999999995
      vertex -2.7111216802140463 -0.16968404988606706 15.48
      vertex -2.7 0 15.48
    endloop
  endfacet
  facet normal 0 0 1
    outer loop
      vertex -5.288878319785954 -0.16968404988606706 7.4799999999999995
      vertex -5.288878319785954 0.16968404988606706 7.4799999999999995
      vertex -5.3 0 7.4799999999999995
    endloop
  endfacet
  facet normal 0 0 1
    outer loop
      vertex -5.288878319785954 -0.16968404988606706 7.4799999999999995
      vertex -5.255703574175789 0.33646475863327696 7.4799999999999995
      vertex -5.288878319785954 0.16968404988606706 7.4799999999999995
    endloop
  endfacet
  facet normal 0 0 1
    outer loop
      vertex -5.255703574175789 -0.33646475863327696 7.4799999999999995
      vertex -5.201043392264673 0.4974884620746167 7.4799999999999995
      vertex -5.255703574175789 0.33646475863327696 7.4799999999999995
    endloop
  endfacet
  facet normal 0 0 1
    outer loop
      vertex -5.201043392264673 -0.4974884620746167 7.4799999999999995
      vertex -5.12583302491977 0.65 7.4799999999999995
      vertex -5.201043392264673 0.4974884620746167 7.4799999999999995
    endloop
  endfacet
  facet normal 0 0 1
    outer loop
      vertex -5.12583302491977 -0.65 7.4799999999999995
      vertex -5.031359342378606 0.7913898577113369 7.4799999999999995
      vertex -5.12583302491977 0.65 7.4799999999999995
    endloop
  endfacet
  facet normal 0 0 1
    outer loop
      vertex -5.031359342378606 -0.7913898577113369 7.4799999999999995
      vertex -4.919238815542512 0.9192388155425119 7.4799999999999995
      vertex -5.031359342378606 0.7913898577113369 7.4799999999999995
    endloop
  endfacet
  facet normal 0 0 1
    outer loop
      vertex -4.919238815542512 -0.9192388155425119 7.4799999999999995
      vertex -4.791389857711337 1.0313593423786058 7.4799999999999995
      vertex -4.919238815542512 0.9192388155425119 7.4799999999999995
    endloop
  endfacet
  facet normal 0 0 1
    outer loop
      vertex -4.791389857711337 -1.0313593423786058 7.4799999999999995
      vertex -4.65 1.12583302491977 7.4799999999999995
      vertex -4.791389857711337 1.0313593423786058 7.4799999999999995
    endloop
  endfacet
  facet normal 0 0 1
    outer loop
      vertex -4.65 -1.12583302491977 7.4799999999999995
      vertex -4.4974884620746165 1.2010433922646728 7.4799999999999995
      vertex -4.65 1.12583302491977 7.4799999999999995
    endloop
  endfacet
  facet normal 0 0 1
    outer loop
      vertex -4.4974884620746165 -1.2010433922646728 7.4799999999999995
      vertex -4.3364647586332765 1.255703574175789 7.4799999999999995
      vertex -4.4974884620746165 1.2010433922646728 7.4799999999999995
    endloop
  endfacet
  facet normal 0 0 1
    outer loop
      vertex -4.3364647586332765 -1.255703574175789 7.4799999999999995
      vertex -4.169684049886067 1.2888783197859535 7.4799999999999995
      vertex -4.3364647586332765 1.255703574175789 7.4799999999999995
    endloop
  endfacet
  facet normal 0 0 1
    outer loop
      vertex -4.169684049886067 -1.2888783197859535 7.4799999999999995
      vertex -4 1.3 7.4799999999999995
      vertex -4.169684049886067 1.2888783197859535 7.4799999999999995
    endloop
  endfacet
  facet normal 0 0 1
    outer loop
      vertex -4 -1.3 7.4799999999999995
      vertex -3.830315950113933 1.2888783197859535 7.4799999999999995
      vertex -4 1.3 7.4799999999999995
    endloop
  endfacet
  facet normal 0 0 1
    outer loop
      vertex -3.830315950113933 -1.2888783197859535 7.4799999999999995
      vertex -3.663535241366723 1.255703574175789 7.4799999999999995
      vertex -3.830315950113933 1.2888783197859535 7.4799999999999995
    endloop
  endfacet
  facet normal 0 0 1
    outer loop
      vertex -3.663535241366723 -1.255703574175789 7.4799999999999995
      vertex -3.5025115379253835 1.2010433922646728 7.4799999999999995
      vertex -3.663535241366723 1.255703574175789 7.4799999999999995
    endloop
  endfacet
  facet normal 0 0 1
    outer loop
      vertex -3.5025115379253835 -1.2010433922646728 7.4799999999999995
      vertex -3.35 1.12583302491977 7.4799999999999995
      vertex -3.5025115379253835 1.2010433922646728 7.4799999999999995
    endloop
  endfacet
  facet normal 0 0 1
    outer loop
      vertex -3.35 -1.12583302491977 7.4799999999999995
      vertex -3.2086101422886633 1.0313593423786058 7.4799999999999995
      vertex -3.35 1.12583302491977 7.4799999999999995
    endloop
  endfacet
  facet normal 0 0 1
    outer loop
      vertex -3.0807611844574883 -0.9192388155425119 7.4799999999999995
      vertex -2.9686406576213944 0.7913898577113369 7.4799999999999995
      vertex -3.0807611844574883 0.9192388155425119 7.4799999999999995
    endloop
  endfacet
  facet normal 0 0 1
    outer loop
      vertex -3.2086101422886633 -1.0313593423786058 7.4799999999999995
      vertex -3.0807611844574883 0.9192388155425119 7.4799999999999995
      vertex -3.2086101422886633 1.0313593423786058 7.4799999999999995
    endloop
  endfacet
  facet normal 0 0 1
    outer loop
      vertex -2.8741669750802297 -0.65 7.4799999999999995
      vertex -2.7989566077353274 0.4974884620746167 7.4799999999999995
      vertex -2.8741669750802297 0.65 7.4799999999999995
    endloop
  endfacet
  facet normal 0 0 1
    outer loop
      vertex -2.744296425824211 -0.33646475863327696 7.4799999999999995
      vertex -2.7111216802140463 0.16968404988606706 7.4799999999999995
      vertex -2.744296425824211 0.33646475863327696 7.4799999999999995
    endloop
  endfacet
  facet normal 0 0 1
    outer loop
      vertex -2.7111216802140463 -0.16968404988606706 7.4799999999999995
      vertex -2.7 0 7.4799999999999995
      vertex -2.7111216802140463 0.16968404988606706 7.4799999999999995
    endloop
  endfacet
  facet normal 0 0 1
    outer loop
      vertex -2.7989566077353274 -0.4974884620746167 7.4799999999999995
      vertex -2.744296425824211 0.33646475863327696 7.4799999999999995
      vertex -2.7989566077353274 0.4974884620746167 7.4799999999999995
    endloop
  endfacet
  facet normal 0 0 1
    outer loop
      vertex -2.9686406576213944 -0.7913898577113369 7.4799999999999995
      vertex -2.8741669750802297 0.65 7.4799999999999995
      vertex -2.9686406576213944 0.7913898577113369 7.4799999999999995
    endloop
  endfacet
  facet normal 0.9978589232386037 -0.06540312923014115 0
    outer loop
      vertex -5.3 0 7.4799999999999995
      vertex -5.288878319785954 0.16968404988606706 7.4799999999999995
      vertex -5.288878319785954 0.16968404988606706 15.48
    endloop
  endfacet
  facet normal 0.9807852804032307 -0.195090322016127 0
    outer loop
      vertex -5.288878319785954 0.16968404988606706 7.4799999999999995
      vertex -5.255703574175789 0.33646475863327696 7.4799999999999995
      vertex -5.255703574175789 0.33646475863327696 15.48
    endloop
  endfacet
  facet normal 0.9469301294951047 -0.3214394653031644 0
    outer loop
      vertex -5.255703574175789 0.33646475863327696 7.4799999999999995
      vertex -5.201043392264673 0.4974884620746167 7.4799999999999995
      vertex -5.201043392264673 0.4974884620746167 15.48
    endloop
  endfacet
  facet normal 0.896872741532689 -0.442288690219 0
    outer loop
      vertex -5.201043392264673 0.4974884620746167 7.4799999999999995
      vertex -5.12583302491977 0.65 7.4799999999999995
      vertex -5.12583302491977 0.65 15.48
    endloop
  endfacet
  facet normal 0.8314696123025447 -0.555570233019603 0
    outer loop
      vertex -5.12583302491977 0.65 7.4799999999999995
      vertex -5.031359342378606 0.7913898577113369 7.4799999999999995
      vertex -5.031359342378606 0.7913898577113369 15.48
    endloop
  endfacet
  facet normal 0.7518398074789778 -0.6593458151000685 0
    outer loop
      vertex -5.031359342378606 0.7913898577113369 7.4799999999999995
      vertex -4.919238815542512 0.9192388155425119 7.4799999999999995
      vertex -4.919238815542512 0.9192388155425119 15.48
    endloop
  endfacet
  facet normal 0.6593458151000702 -0.7518398074789763 0
    outer loop
      vertex -4.919238815542512 0.9192388155425119 7.4799999999999995
      vertex -4.791389857711337 1.0313593423786058 7.4799999999999995
      vertex -4.791389857711337 1.0313593423786058 15.48
    endloop
  endfacet
  facet normal 0.5555702330196012 -0.8314696123025459 0
    outer loop
      vertex -4.791389857711337 1.0313593423786058 7.4799999999999995
      vertex -4.65 1.12583302491977 7.4799999999999995
      vertex -4.65 1.12583302491977 15.48
    endloop
  endfacet
  facet normal 0.44228869021900086 -0.8968727415326886 0
    outer loop
      vertex -4.65 1.12583302491977 7.4799999999999995
      vertex -4.4974884620746165 1.2010433922646728 7.4799999999999995
      vertex -4.4974884620746165 1.2010433922646728 15.48
    endloop
  endfacet
  facet normal 0.3214394653031617 -0.9469301294951057 0
    outer loop
      vertex -4.4974884620746165 1.2010433922646728 7.4799999999999995
      vertex -4.3364647586332765 1.255703574175789 7.4799999999999995
      vertex -4.3364647586332765 1.255703574175789 15.48
    endloop
  endfacet
  facet normal 0.19509032201612744 -0.9807852804032305 0
    outer loop
      vertex -4.3364647586332765 1.255703574175789 7.4799999999999995
      vertex -4.169684049886067 1.2888783197859535 7.4799999999999995
      vertex -4.169684049886067 1.2888783197859535 15.48
    endloop
  endfacet
  facet normal 0.06540312923014377 -0.9978589232386035 0
    outer loop
      vertex -4.169684049886067 1.2888783197859535 7.4799999999999995
      vertex -4 1.3 7.4799999999999995
      vertex -4 1.3 15.48
    endloop
  endfacet
  facet normal -0.06540312923014377 -0.9978589232386035 0
    outer loop
      vertex -4 1.3 7.4799999999999995
      vertex -3.830315950113933 1.2888783197859535 7.4799999999999995
      vertex -3.830315950113933 1.2888783197859535 15.48
    endloop
  endfacet
  facet normal -0.19509032201612692 -0.9807852804032307 0
    outer loop
      vertex -3.830315950113933 1.2888783197859535 7.4799999999999995
      vertex -3.663535241366723 1.255703574175789 7.4799999999999995
      vertex -3.663535241366723 1.255703574175789 15.48
    endloop
  endfacet
  facet normal -0.44228869021900186 -0.896872741532688 0
    outer loop
      vertex -3.35 1.12583302491977 7.4799999999999995
      vertex -3.35 1.12583302491977 15.48
      vertex -3.5025115379253835 1.2010433922646728 7.4799999999999995
    endloop
  endfacet
  facet normal -0.3214394653031625 -0.9469301294951054 0
    outer loop
      vertex -3.663535241366723 1.255703574175789 7.4799999999999995
      vertex -3.5025115379253835 1.2010433922646728 7.4799999999999995
      vertex -3.5025115379253835 1.2010433922646728 15.48
    endloop
  endfacet
  facet normal -0.9978589232386037 -0.06540312923014115 0
    outer loop
      vertex -2.7 0 7.4799999999999995
      vertex -2.7 0 15.48
      vertex -2.7111216802140463 0.16968404988606706 7.4799999999999995
    endloop
  endfacet
  facet normal -0.9807852804032307 -0.195090322016127 0
    outer loop
      vertex -2.7111216802140463 0.16968404988606706 7.4799999999999995
      vertex -2.7111216802140463 0.16968404988606706 15.48
      vertex -2.744296425824211 0.33646475863327696 7.4799999999999995
    endloop
  endfacet
  facet normal -0.896872741532689 -0.442288690219 0
    outer loop
      vertex -2.7989566077353274 0.4974884620746167 7.4799999999999995
      vertex -2.7989566077353274 0.4974884620746167 15.48
      vertex -2.8741669750802297 0.65 7.4799999999999995
    endloop
  endfacet
  facet normal -0.9469301294951047 -0.3214394653031644 0
    outer loop
      vertex -2.744296425824211 0.33646475863327696 7.4799999999999995
      vertex -2.744296425824211 0.33646475863327696 15.48
      vertex -2.7989566077353274 0.4974884620746167 7.4799999999999995
    endloop
  endfacet
  facet normal -0.8314696123025447 -0.555570233019603 0
    outer loop
      vertex -2.9686406576213944 0.7913898577113369 7.4799999999999995
      vertex -2.8741669750802297 0.65 7.4799999999999995
      vertex -2.8741669750802297 0.65 15.48
    endloop
  endfacet
  facet normal -0.5555702330196012 -0.8314696123025459 0
    outer loop
      vertex -3.2086101422886633 1.0313593423786058 7.4799999999999995
      vertex -3.2086101422886633 1.0313593423786058 15.48
      vertex -3.35 1.12583302491977 7.4799999999999995
    endloop
  endfacet
  facet normal -0.6593458151000688 -0.7518398074789774 0
    outer loop
      vertex -3.0807611844574883 0.9192388155425119 7.4799999999999995
      vertex -3.0807611844574883 0.9192388155425119 15.48
      vertex -3.2086101422886633 1.0313593423786058 7.4799999999999995
    endloop
  endfacet
  facet normal -0.7518398074789778 -0.6593458151000685 0
    outer loop
      vertex -2.9686406576213944 0.7913898577113369 7.4799999999999995
      vertex -2.9686406576213944 0.7913898577113369 15.48
      vertex -3.0807611844574883 0.9192388155425119 7.4799999999999995
    endloop
  endfacet
  facet normal 0.9978589232386037 -0.06540312923014115 0
    outer loop
      vertex -5.3 0 7.4799999999999995
      vertex -5.288878319785954 0.16968404988606706 15.48
      vertex -5.3 0 15.48
    endloop
  endfacet
  facet normal 0.9807852804032307 -0.195090322016127 0
    outer loop
      vertex -5.288878319785954 0.16968404988606706 7.4799999999999995
      vertex -5.255703574175789 0.33646475863327696 15.48
      vertex -5.288878319785954 0.16968404988606706 15.48
    endloop
  endfacet
  facet normal 0.9469301294951047 -0.3214394653031644 0
    outer loop
      vertex -5.255703574175789 0.33646475863327696 7.4799999999999995
      vertex -5.201043392264673 0.4974884620746167 15.48
      vertex -5.255703574175789 0.33646475863327696 15.48
    endloop
  endfacet
  facet normal 0.896872741532689 -0.442288690219 0
    outer loop
      vertex -5.201043392264673 0.4974884620746167 7.4799999999999995
      vertex -5.12583302491977 0.65 15.48
      vertex -5.201043392264673 0.4974884620746167 15.48
    endloop
  endfacet
  facet normal 0.8314696123025447 -0.555570233019603 0
    outer loop
      vertex -5.12583302491977 0.65 7.4799999999999995
      vertex -5.031359342378606 0.7913898577113369 15.48
      vertex -5.12583302491977 0.65 15.48
    endloop
  endfacet
  facet normal 0.7518398074789778 -0.6593458151000685 0
    outer loop
      vertex -5.031359342378606 0.7913898577113369 7.4799999999999995
      vertex -4.919238815542512 0.9192388155425119 15.48
      vertex -5.031359342378606 0.7913898577113369 15.48
    endloop
  endfacet
  facet normal 0.6593458151000702 -0.7518398074789763 0
    outer loop
      vertex -4.919238815542512 0.9192388155425119 7.4799999999999995
      vertex -4.791389857711337 1.0313593423786058 15.48
      vertex -4.919238815542512 0.9192388155425119 15.48
    endloop
  endfacet
  facet normal 0.5555702330196012 -0.8314696123025459 0
    outer loop
      vertex -4.791389857711337 1.0313593423786058 7.4799999999999995
      vertex -4.65 1.12583302491977 15.48
      vertex -4.791389857711337 1.0313593423786058 15.48
    endloop
  endfacet
  facet normal 0.44228869021900086 -0.8968727415326886 0
    outer loop
      vertex -4.65 1.12583302491977 7.4799999999999995
      vertex -4.4974884620746165 1.2010433922646728 15.48
      vertex -4.65 1.12583302491977 15.48
    endloop
  endfacet
  facet normal 0.3214394653031617 -0.9469301294951057 0
    outer loop
      vertex -4.4974884620746165 1.2010433922646728 7.4799999999999995
      vertex -4.3364647586332765 1.255703574175789 15.48
      vertex -4.4974884620746165 1.2010433922646728 15.48
    endloop
  endfacet
  facet normal 0.19509032201612744 -0.9807852804032305 0
    outer loop
      vertex -4.3364647586332765 1.255703574175789 7.4799999999999995
      vertex -4.169684049886067 1.2888783197859535 15.48
      vertex -4.3364647586332765 1.255703574175789 15.48
    endloop
  endfacet
  facet normal 0.06540312923014377 -0.9978589232386035 0
    outer loop
      vertex -4.169684049886067 1.2888783197859535 7.4799999999999995
      vertex -4 1.3 15.48
      vertex -4.169684049886067 1.2888783197859535 15.48
    endloop
  endfacet
  facet normal -0.06540312923014377 -0.9978589232386035 0
    outer loop
      vertex -4 1.3 7.4799999999999995
      vertex -3.830315950113933 1.2888783197859535 15.48
      vertex -4 1.3 15.48
    endloop
  endfacet
  facet normal -0.19509032201612692 -0.9807852804032307 0
    outer loop
      vertex -3.830315950113933 1.2888783197859535 7.4799999999999995
      vertex -3.663535241366723 1.255703574175789 15.48
      vertex -3.830315950113933 1.2888783197859535 15.48
    endloop
  endfacet
  facet normal -0.3214394653031625 -0.9469301294951054 0
    outer loop
      vertex -3.663535241366723 1.255703574175789 7.4799999999999995
      vertex -3.5025115379253835 1.2010433922646728 15.48
      vertex -3.663535241366723 1.255703574175789 15.48
    endloop
  endfacet
  facet normal -0.44228869021900186 -0.896872741532688 0
    outer loop
      vertex -3.5025115379253835 1.2010433922646728 7.4799999999999995
      vertex -3.35 1.12583302491977 15.48
      vertex -3.5025115379253835 1.2010433922646728 15.48
    endloop
  endfacet
  facet normal -0.9978589232386037 -0.06540312923014115 0
    outer loop
      vertex -2.7111216802140463 0.16968404988606706 7.4799999999999995
      vertex -2.7 0 15.48
      vertex -2.7111216802140463 0.16968404988606706 15.48
    endloop
  endfacet
  facet normal -0.9807852804032307 -0.195090322016127 0
    outer loop
      vertex -2.744296425824211 0.33646475863327696 7.4799999999999995
      vertex -2.7111216802140463 0.16968404988606706 15.48
      vertex -2.744296425824211 0.33646475863327696 15.48
    endloop
  endfacet
  facet normal -0.9469301294951047 -0.3214394653031644 0
    outer loop
      vertex -2.7989566077353274 0.4974884620746167 7.4799999999999995
      vertex -2.744296425824211 0.33646475863327696 15.48
      vertex -2.7989566077353274 0.4974884620746167 15.48
    endloop
  endfacet
  facet normal -0.896872741532689 -0.442288690219 0
    outer loop
      vertex -2.8741669750802297 0.65 7.4799999999999995
      vertex -2.7989566077353274 0.4974884620746167 15.48
      vertex -2.8741669750802297 0.65 15.48
    endloop
  endfacet
  facet normal -0.8314696123025447 -0.555570233019603 0
    outer loop
      vertex -2.9686406576213944 0.7913898577113369 7.4799999999999995
      vertex -2.8741669750802297 0.65 15.48
      vertex -2.9686406576213944 0.7913898577113369 15.48
    endloop
  endfacet
  facet normal -0.7518398074789778 -0.6593458151000685 0
    outer loop
      vertex -3.0807611844574883 0.9192388155425119 7.4799999999999995
      vertex -2.9686406576213944 0.7913898577113369 15.48
      vertex -3.0807611844574883 0.9192388155425119 15.48
    endloop
  endfacet
  facet normal -0.5555702330196012 -0.8314696123025459 0
    outer loop
      vertex -3.35 1.12583302491977 7.4799999999999995
      vertex -3.2086101422886633 1.0313593423786058 15.48
      vertex -3.35 1.12583302491977 15.48
    endloop
  endfacet
  facet normal -0.6593458151000688 -0.7518398074789774 0
    outer loop
      vertex -3.2086101422886633 1.0313593423786058 7.4799999999999995
      vertex -3.0807611844574883 0.9192388155425119 15.48
      vertex -3.2086101422886633 1.0313593423786058 15.48
    endloop
  endfacet
  facet normal 0 0 1
    outer loop
      vertex 11.468640657621394 -0.7913898577113369 7.4799999999999995
      vertex 11.468640657621394 0.7913898577113369 7.4799999999999995
      vertex 11.37416697508023 -0.65 7.4799999999999995
    endloop
  endfacet
  facet normal 0 0 1
    outer loop
      vertex 11.244296425824212 -0.33646475863327696 7.4799999999999995
      vertex 11.244296425824212 0.33646475863327696 7.4799999999999995
      vertex 11.211121680214047 -0.16968404988606706 7.4799999999999995
    endloop
  endfacet
  facet normal 0 0 1
    outer loop
      vertex 11.37416697508023 -0.65 7.4799999999999995
      vertex 11.37416697508023 0.65 7.4799999999999995
      vertex 11.298956607735327 -0.4974884620746167 7.4799999999999995
    endloop
  endfacet
  facet normal 0 0 1
    outer loop
      vertex 11.298956607735327 -0.4974884620746167 7.4799999999999995
      vertex 11.298956607735327 0.4974884620746167 7.4799999999999995
      vertex 11.244296425824212 -0.33646475863327696 7.4799999999999995
    endloop
  endfacet
  facet normal 0 0 1
    outer loop
      vertex 11.580761184457488 -0.9192388155425119 7.4799999999999995
      vertex 11.580761184457488 0.9192388155425119 7.4799999999999995
      vertex 11.468640657621394 -0.7913898577113369 7.4799999999999995
    endloop
  endfacet
  facet normal 0 0 1
    outer loop
      vertex 11.708610142288663 -1.0313593423786058 7.4799999999999995
      vertex 11.708610142288663 1.0313593423786058 7.4799999999999995
      vertex 11.580761184457488 -0.9192388155425119 7.4799999999999995
    endloop
  endfacet
  facet normal 0 0 1
    outer loop
      vertex 11.85 -1.12583302491977 7.4799999999999995
      vertex 11.85 1.12583302491977 7.4799999999999995
      vertex 11.708610142288663 -1.0313593423786058 7.4799999999999995
    endloop
  endfacet
  facet normal 0 0 1
    outer loop
      vertex 12.002511537925383 -1.2010433922646728 7.4799999999999995
      vertex 12.002511537925383 1.2010433922646728 7.4799999999999995
      vertex 11.85 -1.12583302491977 7.4799999999999995
    endloop
  endfacet
  facet normal 0 0 1
    outer loop
      vertex 12.002511537925383 -1.2010433922646728 7.4799999999999995
      vertex 12.163535241366723 -1.255703574175789 7.4799999999999995
      vertex 12.163535241366723 1.255703574175789 7.4799999999999995
    endloop
  endfacet
  facet normal 0 0 1
    outer loop
      vertex 12.163535241366723 -1.255703574175789 7.4799999999999995
      vertex 12.330315950113933 -1.2888783197859535 7.4799999999999995
      vertex 12.330315950113933 1.2888783197859535 7.4799999999999995
    endloop
  endfacet
  facet normal 0 0 1
    outer loop
      vertex 12.330315950113933 -1.2888783197859535 7.4799999999999995
      vertex 12.5 -1.3 7.4799999999999995
      vertex 12.5 1.3 7.4799999999999995
    endloop
  endfacet
  facet normal 0 0 1
    outer loop
      vertex 12.5 -1.3 7.4799999999999995
      vertex 12.669684049886067 -1.2888783197859535 7.4799999999999995
      vertex 12.669684049886067 1.2888783197859535 7.4799999999999995
    endloop
  endfacet
  facet normal 0 0 1
    outer loop
      vertex 12.669684049886067 -1.2888783197859535 7.4799999999999995
      vertex 12.836464758633277 -1.255703574175789 7.4799999999999995
      vertex 12.836464758633277 1.255703574175789 7.4799999999999995
    endloop
  endfacet
  facet normal 0 0 1
    outer loop
      vertex 12.836464758633277 -1.255703574175789 7.4799999999999995
      vertex 12.997488462074617 -1.2010433922646728 7.4799999999999995
      vertex 12.997488462074617 1.2010433922646728 7.4799999999999995
    endloop
  endfacet
  facet normal 0 0 1
    outer loop
      vertex 12.997488462074617 -1.2010433922646728 7.4799999999999995
      vertex 13.15 -1.12583302491977 7.4799999999999995
      vertex 13.15 1.12583302491977 7.4799999999999995
    endloop
  endfacet
  facet normal 0 0 1
    outer loop
      vertex 13.15 -1.12583302491977 7.4799999999999995
      vertex 13.291389857711337 -1.0313593423786058 7.4799999999999995
      vertex 13.291389857711337 1.0313593423786058 7.4799999999999995
    endloop
  endfacet
  facet normal 0 0 1
    outer loop
      vertex 13.291389857711337 -1.0313593423786058 7.4799999999999995
      vertex 13.419238815542512 -0.9192388155425119 7.4799999999999995
      vertex 13.419238815542512 0.9192388155425119 7.4799999999999995
    endloop
  endfacet
  facet normal 0 0 1
    outer loop
      vertex 13.419238815542512 -0.9192388155425119 7.4799999999999995
      vertex 13.531359342378606 -0.7913898577113369 7.4799999999999995
      vertex 13.531359342378606 0.7913898577113369 7.4799999999999995
    endloop
  endfacet
  facet normal 0 0 1
    outer loop
      vertex 13.531359342378606 -0.7913898577113369 7.4799999999999995
      vertex 13.62583302491977 -0.65 7.4799999999999995
      vertex 13.62583302491977 0.65 7.4799999999999995
    endloop
  endfacet
  facet normal 0 0 1
    outer loop
      vertex 13.62583302491977 -0.65 7.4799999999999995
      vertex 13.701043392264673 -0.4974884620746167 7.4799999999999995
      vertex 13.701043392264673 0.4974884620746167 7.4799999999999995
    endloop
  endfacet
  facet normal 0 0 1
    outer loop
      vertex 13.701043392264673 -0.4974884620746167 7.4799999999999995
      vertex 13.755703574175788 -0.33646475863327696 7.4799999999999995
      vertex 13.755703574175788 0.33646475863327696 7.4799999999999995
    endloop
  endfacet
  facet normal 0 0 1
    outer loop
      vertex 13.755703574175788 -0.33646475863327696 7.4799999999999995
      vertex 13.788878319785953 -0.16968404988606706 7.4799999999999995
      vertex 13.788878319785953 0.16968404988606706 7.4799999999999995
    endloop
  endfacet
  facet normal 0.6593458151000702 0.7518398074789763 0
    outer loop
      vertex 11.708610142288663 -1.0313593423786058 7.4799999999999995
      vertex 11.580761184457488 -0.9192388155425119 7.4799999999999995
      vertex 11.580761184457488 -0.9192388155425119 15.48
    endloop
  endfacet
  facet normal 0.5555702330196012 0.8314696123025459 0
    outer loop
      vertex 11.85 -1.12583302491977 7.4799999999999995
      vertex 11.708610142288663 -1.0313593423786058 7.4799999999999995
      vertex 11.708610142288663 -1.0313593423786058 15.48
    endloop
  endfacet
  facet normal 0.7518398074789778 0.6593458151000685 0
    outer loop
      vertex 11.580761184457488 -0.9192388155425119 7.4799999999999995
      vertex 11.468640657621394 -0.7913898577113369 7.4799999999999995
      vertex 11.468640657621394 -0.7913898577113369 15.48
    endloop
  endfacet
  facet normal 0.8314696123025471 0.5555702330195994 0
    outer loop
      vertex 11.468640657621394 -0.7913898577113369 7.4799999999999995
      vertex 11.37416697508023 -0.65 7.4799999999999995
      vertex 11.37416697508023 -0.65 15.48
    endloop
  endfacet
  facet normal 0.8968727415326868 0.4422886902190042 0
    outer loop
      vertex 11.37416697508023 -0.65 7.4799999999999995
      vertex 11.298956607735327 -0.4974884620746167 7.4799999999999995
      vertex 11.298956607735327 -0.4974884620746167 15.48
    endloop
  endfacet
  facet normal 0.9469301294951064 0.32143946530315975 0
    outer loop
      vertex 11.298956607735327 -0.4974884620746167 7.4799999999999995
      vertex 11.244296425824212 -0.33646475863327696 7.4799999999999995
      vertex 11.244296425824212 -0.33646475863327696 15.48
    endloop
  endfacet
  facet normal 0.9807852804032307 0.195090322016127 0
    outer loop
      vertex 11.244296425824212 -0.33646475863327696 7.4799999999999995
      vertex 11.211121680214047 -0.16968404988606706 7.4799999999999995
      vertex 11.211121680214047 -0.16968404988606706 15.48
    endloop
  endfacet
  facet normal 0.997858923238603 0.06540312923015155 0
    outer loop
      vertex 11.211121680214047 -0.16968404988606706 7.4799999999999995
      vertex 11.2 0 7.4799999999999995
      vertex 11.2 0 15.48
    endloop
  endfacet
  facet normal 0.5555702330196012 0.8314696123025459 0
    outer loop
      vertex 11.85 -1.12583302491977 7.4799999999999995
      vertex 11.708610142288663 -1.0313593423786058 15.48
      vertex 11.85 -1.12583302491977 15.48
    endloop
  endfacet
  facet normal 0.6593458151000702 0.7518398074789763 0
    outer loop
      vertex 11.708610142288663 -1.0313593423786058 7.4799999999999995
      vertex 11.580761184457488 -0.9192388155425119 15.48
      vertex 11.708610142288663 -1.0313593423786058 15.48
    endloop
  endfacet
  facet normal 0.7518398074789778 0.6593458151000685 0
    outer loop
      vertex 11.580761184457488 -0.9192388155425119 7.4799999999999995
      vertex 11.468640657621394 -0.7913898577113369 15.48
      vertex 11.580761184457488 -0.9192388155425119 15.48
    endloop
  endfacet
  facet normal 0.8314696123025471 0.5555702330195994 0
    outer loop
      vertex 11.468640657621394 -0.7913898577113369 7.4799999999999995
      vertex 11.37416697508023 -0.65 15.48
      vertex 11.468640657621394 -0.7913898577113369 15.48
    endloop
  endfacet
  facet normal 0.8968727415326868 0.4422886902190042 0
    outer loop
      vertex 11.37416697508023 -0.65 7.4799999999999995
      vertex 11.298956607735327 -0.4974884620746167 15.48
      vertex 11.37416697508023 -0.65 15.48
    endloop
  endfacet
  facet normal 0.9469301294951064 0.32143946530315975 0
    outer loop
      vertex 11.298956607735327 -0.4974884620746167 7.4799999999999995
      vertex 11.244296425824212 -0.33646475863327696 15.48
      vertex 11.298956607735327 -0.4974884620746167 15.48
    endloop
  endfacet
  facet normal 0.9807852804032307 0.195090322016127 0
    outer loop
      vertex 11.244296425824212 -0.33646475863327696 7.4799999999999995
      vertex 11.211121680214047 -0.16968404988606706 15.48
      vertex 11.244296425824212 -0.33646475863327696 15.48
    endloop
  endfacet
  facet normal 0.997858923238603 0.06540312923015155 0
    outer loop
      vertex 11.211121680214047 -0.16968404988606706 7.4799999999999995
      vertex 11.2 0 15.48
      vertex 11.211121680214047 -0.16968404988606706 15.48
    endloop
  endfacet
  facet normal 0.44228869021900286 0.8968727415326875 0
    outer loop
      vertex 12.002511537925383 -1.2010433922646728 7.4799999999999995
      vertex 11.85 -1.12583302491977 7.4799999999999995
      vertex 11.85 -1.12583302491977 15.48
    endloop
  endfacet
  facet normal 0.32143946530316014 0.9469301294951062 0
    outer loop
      vertex 12.002511537925383 -1.2010433922646728 7.4799999999999995
      vertex 12.002511537925383 -1.2010433922646728 15.48
      vertex 12.163535241366723 -1.255703574175789 7.4799999999999995
    endloop
  endfacet
  facet normal 0.19509032201612744 0.9807852804032305 0
    outer loop
      vertex 12.163535241366723 -1.255703574175789 7.4799999999999995
      vertex 12.163535241366723 -1.255703574175789 15.48
      vertex 12.330315950113933 -1.2888783197859535 7.4799999999999995
    endloop
  endfacet
  facet normal 0.06540312923014377 0.9978589232386035 0
    outer loop
      vertex 12.330315950113933 -1.2888783197859535 7.4799999999999995
      vertex 12.330315950113933 -1.2888783197859535 15.48
      vertex 12.5 -1.3 7.4799999999999995
    endloop
  endfacet
  facet normal -0.06540312923014377 0.9978589232386035 0
    outer loop
      vertex 12.5 -1.3 7.4799999999999995
      vertex 12.5 -1.3 15.48
      vertex 12.669684049886067 -1.2888783197859535 7.4799999999999995
    endloop
  endfacet
  facet normal -0.19509032201612744 0.9807852804032305 0
    outer loop
      vertex 12.669684049886067 -1.2888783197859535 7.4799999999999995
      vertex 12.669684049886067 -1.2888783197859535 15.48
      vertex 12.836464758633277 -1.255703574175789 7.4799999999999995
    endloop
  endfacet
  facet normal -0.32143946530316014 0.9469301294951062 0
    outer loop
      vertex 12.836464758633277 -1.255703574175789 7.4799999999999995
      vertex 12.836464758633277 -1.255703574175789 15.48
      vertex 12.997488462074617 -1.2010433922646728 7.4799999999999995
    endloop
  endfacet
  facet normal -0.44228869021900286 0.8968727415326875 0
    outer loop
      vertex 12.997488462074617 -1.2010433922646728 7.4799999999999995
      vertex 12.997488462074617 -1.2010433922646728 15.48
      vertex 13.15 -1.12583302491977 7.4799999999999995
    endloop
  endfacet
  facet normal -0.5555702330196012 0.8314696123025459 0
    outer loop
      vertex 13.15 -1.12583302491977 7.4799999999999995
      vertex 13.15 -1.12583302491977 15.48
      vertex 13.291389857711337 -1.0313593423786058 7.4799999999999995
    endloop
  endfacet
  facet normal -0.6593458151000702 0.7518398074789763 0
    outer loop
      vertex 13.291389857711337 -1.0313593423786058 7.4799999999999995
      vertex 13.291389857711337 -1.0313593423786058 15.48
      vertex 13.419238815542512 -0.9192388155425119 7.4799999999999995
    endloop
  endfacet
  facet normal -0.7518398074789778 0.6593458151000685 0
    outer loop
      vertex 13.419238815542512 -0.9192388155425119 7.4799999999999995
      vertex 13.419238815542512 -0.9192388155425119 15.48
      vertex 13.531359342378606 -0.7913898577113369 7.4799999999999995
    endloop
  endfacet
  facet normal -0.8314696123025471 0.5555702330195994 0
    outer loop
      vertex 13.531359342378606 -0.7913898577113369 7.4799999999999995
      vertex 13.531359342378606 -0.7913898577113369 15.48
      vertex 13.62583302491977 -0.65 7.4799999999999995
    endloop
  endfacet
  facet normal -0.8968727415326868 0.4422886902190042 0
    outer loop
      vertex 13.62583302491977 -0.65 7.4799999999999995
      vertex 13.62583302491977 -0.65 15.48
      vertex 13.701043392264673 -0.4974884620746167 7.4799999999999995
    endloop
  endfacet
  facet normal -0.9469301294951064 0.32143946530315975 0
    outer loop
      vertex 13.701043392264673 -0.4974884620746167 7.4799999999999995
      vertex 13.701043392264673 -0.4974884620746167 15.48
      vertex 13.755703574175788 -0.33646475863327696 7.4799999999999995
    endloop
  endfacet
  facet normal -0.9807852804032307 0.195090322016127 0
    outer loop
      vertex 13.755703574175788 -0.33646475863327696 7.4799999999999995
      vertex 13.755703574175788 -0.33646475863327696 15.48
      vertex 13.788878319785953 -0.16968404988606706 7.4799999999999995
    endloop
  endfacet
  facet normal -0.997858923238603 0.06540312923015155 0
    outer loop
      vertex 13.788878319785953 -0.16968404988606706 7.4799999999999995
      vertex 13.788878319785953 -0.16968404988606706 15.48
      vertex 13.8 0 7.4799999999999995
    endloop
  endfacet
  facet normal 0.44228869021900286 0.8968727415326875 0
    outer loop
      vertex 12.002511537925383 -1.2010433922646728 7.4799999999999995
      vertex 11.85 -1.12583302491977 15.48
      vertex 12.002511537925383 -1.2010433922646728 15.48
    endloop
  endfacet
  facet normal 0.32143946530316014 0.9469301294951062 0
    outer loop
      vertex 12.163535241366723 -1.255703574175789 7.4799999999999995
      vertex 12.002511537925383 -1.2010433922646728 15.48
      vertex 12.163535241366723 -1.255703574175789 15.48
    endloop
  endfacet
  facet normal 0.19509032201612744 0.9807852804032305 0
    outer loop
      vertex 12.330315950113933 -1.2888783197859535 7.4799999999999995
      vertex 12.163535241366723 -1.255703574175789 15.48
      vertex 12.330315950113933 -1.2888783197859535 15.48
    endloop
  endfacet
  facet normal 0.06540312923014377 0.9978589232386035 0
    outer loop
      vertex 12.5 -1.3 7.4799999999999995
      vertex 12.330315950113933 -1.2888783197859535 15.48
      vertex 12.5 -1.3 15.48
    endloop
  endfacet
  facet normal -0.06540312923014377 0.9978589232386035 0
    outer loop
      vertex 12.669684049886067 -1.2888783197859535 7.4799999999999995
      vertex 12.5 -1.3 15.48
      vertex 12.669684049886067 -1.2888783197859535 15.48
    endloop
  endfacet
  facet normal -0.19509032201612744 0.9807852804032305 0
    outer loop
      vertex 12.836464758633277 -1.255703574175789 7.4799999999999995
      vertex 12.669684049886067 -1.2888783197859535 15.48
      vertex 12.836464758633277 -1.255703574175789 15.48
    endloop
  endfacet
  facet normal -0.32143946530316014 0.9469301294951062 0
    outer loop
      vertex 12.997488462074617 -1.2010433922646728 7.4799999999999995
      vertex 12.836464758633277 -1.255703574175789 15.48
      vertex 12.997488462074617 -1.2010433922646728 15.48
    endloop
  endfacet
  facet normal -0.44228869021900286 0.8968727415326875 0
    outer loop
      vertex 13.15 -1.12583302491977 7.4799999999999995
      vertex 12.997488462074617 -1.2010433922646728 15.48
      vertex 13.15 -1.12583302491977 15.48
    endloop
  endfacet
  facet normal -0.5555702330196012 0.8314696123025459 0
    outer loop
      vertex 13.291389857711337 -1.0313593423786058 7.4799999999999995
      vertex 13.15 -1.12583302491977 15.48
      vertex 13.291389857711337 -1.0313593423786058 15.48
    endloop
  endfacet
  facet normal -0.6593458151000702 0.7518398074789763 0
    outer loop
      vertex 13.419238815542512 -0.9192388155425119 7.4799999999999995
      vertex 13.291389857711337 -1.0313593423786058 15.48
      vertex 13.419238815542512 -0.9192388155425119 15.48
    endloop
  endfacet
  facet normal -0.7518398074789778 0.6593458151000685 0
    outer loop
      vertex 13.531359342378606 -0.7913898577113369 7.4799999999999995
      vertex 13.419238815542512 -0.9192388155425119 15.48
      vertex 13.531359342378606 -0.7913898577113369 15.48
    endloop
  endfacet
  facet normal -0.8314696123025471 0.5555702330195994 0
    outer loop
      vertex 13.62583302491977 -0.65 7.4799999999999995
      vertex 13.531359342378606 -0.7913898577113369 15.48
      vertex 13.62583302491977 -0.65 15.48
    endloop
  endfacet
  facet normal -0.8968727415326868 0.4422886902190042 0
    outer loop
      vertex 13.701043392264673 -0.4974884620746167 7.4799999999999995
      vertex 13.62583302491977 -0.65 15.48
      vertex 13.701043392264673 -0.4974884620746167 15.48
    endloop
  endfacet
  facet normal -0.9469301294951064 0.32143946530315975 0
    outer loop
      vertex 13.755703574175788 -0.33646475863327696 7.4799999999999995
      vertex 13.701043392264673 -0.4974884620746167 15.48
      vertex 13.755703574175788 -0.33646475863327696 15.48
    endloop
  endfacet
  facet normal -0.9807852804032307 0.195090322016127 0
    outer loop
      vertex 13.788878319785953 -0.16968404988606706 7.4799999999999995
      vertex 13.755703574175788 -0.33646475863327696 15.48
      vertex 13.788878319785953 -0.16968404988606706 15.48
    endloop
  endfacet
  facet normal -0.997858923238603 0.06540312923015155 0
    outer loop
      vertex 13.8 0 7.4799999999999995
      vertex 13.788878319785953 -0.16968404988606706 15.48
      vertex 13.8 0 15.48
    endloop
  endfacet
  facet normal 0 0 1
    outer loop
      vertex 11.211121680214047 -0.16968404988606706 7.4799999999999995
      vertex 11.211121680214047 0.16968404988606706 7.4799999999999995
      vertex 11.2 0 7.4799999999999995
    endloop
  endfacet
  facet normal 0 0 1
    outer loop
      vertex 11.211121680214047 -0.16968404988606706 7.4799999999999995
      vertex 11.244296425824212 0.33646475863327696 7.4799999999999995
      vertex 11.211121680214047 0.16968404988606706 7.4799999999999995
    endloop
  endfacet
  facet normal 0 0 1
    outer loop
      vertex 11.244296425824212 -0.33646475863327696 7.4799999999999995
      vertex 11.298956607735327 0.4974884620746167 7.4799999999999995
      vertex 11.244296425824212 0.33646475863327696 7.4799999999999995
    endloop
  endfacet
  facet normal 0 0 1
    outer loop
      vertex 11.298956607735327 -0.4974884620746167 7.4799999999999995
      vertex 11.37416697508023 0.65 7.4799999999999995
      vertex 11.298956607735327 0.4974884620746167 7.4799999999999995
    endloop
  endfacet
  facet normal 0 0 1
    outer loop
      vertex 11.37416697508023 -0.65 7.4799999999999995
      vertex 11.468640657621394 0.7913898577113369 7.4799999999999995
      vertex 11.37416697508023 0.65 7.4799999999999995
    endloop
  endfacet
  facet normal 0 0 1
    outer loop
      vertex 11.468640657621394 -0.7913898577113369 7.4799999999999995
      vertex 11.580761184457488 0.9192388155425119 7.4799999999999995
      vertex 11.468640657621394 0.7913898577113369 7.4799999999999995
    endloop
  endfacet
  facet normal 0 0 1
    outer loop
      vertex 11.580761184457488 -0.9192388155425119 7.4799999999999995
      vertex 11.708610142288663 1.0313593423786058 7.4799999999999995
      vertex 11.580761184457488 0.9192388155425119 7.4799999999999995
    endloop
  endfacet
  facet normal 0 0 1
    outer loop
      vertex 11.708610142288663 -1.0313593423786058 7.4799999999999995
      vertex 11.85 1.12583302491977 7.4799999999999995
      vertex 11.708610142288663 1.0313593423786058 7.4799999999999995
    endloop
  endfacet
  facet normal 0 0 1
    outer loop
      vertex 11.85 -1.12583302491977 7.4799999999999995
      vertex 12.002511537925383 1.2010433922646728 7.4799999999999995
      vertex 11.85 1.12583302491977 7.4799999999999995
    endloop
  endfacet
  facet normal 0 0 1
    outer loop
      vertex 12.002511537925383 -1.2010433922646728 7.4799999999999995
      vertex 12.163535241366723 1.255703574175789 7.4799999999999995
      vertex 12.002511537925383 1.2010433922646728 7.4799999999999995
    endloop
  endfacet
  facet normal 0 0 1
    outer loop
      vertex 12.163535241366723 -1.255703574175789 7.4799999999999995
      vertex 12.330315950113933 1.2888783197859535 7.4799999999999995
      vertex 12.163535241366723 1.255703574175789 7.4799999999999995
    endloop
  endfacet
  facet normal 0 0 1
    outer loop
      vertex 12.330315950113933 -1.2888783197859535 7.4799999999999995
      vertex 12.5 1.3 7.4799999999999995
      vertex 12.330315950113933 1.2888783197859535 7.4799999999999995
    endloop
  endfacet
  facet normal 0 0 1
    outer loop
      vertex 12.5 -1.3 7.4799999999999995
      vertex 12.669684049886067 1.2888783197859535 7.4799999999999995
      vertex 12.5 1.3 7.4799999999999995
    endloop
  endfacet
  facet normal 0 0 1
    outer loop
      vertex 13.15 -1.12583302491977 7.4799999999999995
      vertex 13.291389857711337 1.0313593423786058 7.4799999999999995
      vertex 13.15 1.12583302491977 7.4799999999999995
    endloop
  endfacet
  facet normal 0 0 1
    outer loop
      vertex 13.291389857711337 -1.0313593423786058 7.4799999999999995
      vertex 13.419238815542512 0.9192388155425119 7.4799999999999995
      vertex 13.291389857711337 1.0313593423786058 7.4799999999999995
    endloop
  endfacet
  facet normal 0 0 1
    outer loop
      vertex 12.669684049886067 -1.2888783197859535 7.4799999999999995
      vertex 12.836464758633277 1.255703574175789 7.4799999999999995
      vertex 12.669684049886067 1.2888783197859535 7.4799999999999995
    endloop
  endfacet
  facet normal 0 0 1
    outer loop
      vertex 12.836464758633277 -1.255703574175789 7.4799999999999995
      vertex 12.997488462074617 1.2010433922646728 7.4799999999999995
      vertex 12.836464758633277 1.255703574175789 7.4799999999999995
    endloop
  endfacet
  facet normal 0 0 1
    outer loop
      vertex 12.997488462074617 -1.2010433922646728 7.4799999999999995
      vertex 13.15 1.12583302491977 7.4799999999999995
      vertex 12.997488462074617 1.2010433922646728 7.4799999999999995
    endloop
  endfacet
  facet normal 0 0 1
    outer loop
      vertex 13.701043392264673 -0.4974884620746167 7.4799999999999995
      vertex 13.755703574175788 0.33646475863327696 7.4799999999999995
      vertex 13.701043392264673 0.4974884620746167 7.4799999999999995
    endloop
  endfacet
  facet normal 0 0 1
    outer loop
      vertex 13.62583302491977 -0.65 7.4799999999999995
      vertex 13.701043392264673 0.4974884620746167 7.4799999999999995
      vertex 13.62583302491977 0.65 7.4799999999999995
    endloop
  endfacet
  facet normal 0 0 1
    outer loop
      vertex 13.419238815542512 -0.9192388155425119 7.4799999999999995
      vertex 13.531359342378606 0.7913898577113369 7.4799999999999995
      vertex 13.419238815542512 0.9192388155425119 7.4799999999999995
    endloop
  endfacet
  facet normal 0 0 1
    outer loop
      vertex 13.531359342378606 -0.7913898577113369 7.4799999999999995
      vertex 13.62583302491977 0.65 7.4799999999999995
      vertex 13.531359342378606 0.7913898577113369 7.4799999999999995
    endloop
  endfacet
  facet normal 0 0 1
    outer loop
      vertex 13.788878319785953 -0.16968404988606706 7.4799999999999995
      vertex 13.8 0 7.4799999999999995
      vertex 13.788878319785953 0.16968404988606706 7.4799999999999995
    endloop
  endfacet
  facet normal 0 0 1
    outer loop
      vertex 13.755703574175788 -0.33646475863327696 7.4799999999999995
      vertex 13.788878319785953 0.16968404988606706 7.4799999999999995
      vertex 13.755703574175788 0.33646475863327696 7.4799999999999995
    endloop
  endfacet
  facet normal 0.997858923238603 -0.06540312923015155 0
    outer loop
      vertex 11.2 0 7.4799999999999995
      vertex 11.211121680214047 0.16968404988606706 7.4799999999999995
      vertex 11.211121680214047 0.16968404988606706 15.48
    endloop
  endfacet
  facet normal 0.9807852804032307 -0.195090322016127 0
    outer loop
      vertex 11.211121680214047 0.16968404988606706 7.4799999999999995
      vertex 11.244296425824212 0.33646475863327696 7.4799999999999995
      vertex 11.244296425824212 0.33646475863327696 15.48
    endloop
  endfacet
  facet normal 0.9469301294951064 -0.32143946530315975 0
    outer loop
      vertex 11.244296425824212 0.33646475863327696 7.4799999999999995
      vertex 11.298956607735327 0.4974884620746167 7.4799999999999995
      vertex 11.298956607735327 0.4974884620746167 15.48
    endloop
  endfacet
  facet normal 0.8968727415326868 -0.4422886902190042 0
    outer loop
      vertex 11.298956607735327 0.4974884620746167 7.4799999999999995
      vertex 11.37416697508023 0.65 7.4799999999999995
      vertex 11.37416697508023 0.65 15.48
    endloop
  endfacet
  facet normal 0.8314696123025471 -0.5555702330195994 0
    outer loop
      vertex 11.37416697508023 0.65 7.4799999999999995
      vertex 11.468640657621394 0.7913898577113369 7.4799999999999995
      vertex 11.468640657621394 0.7913898577113369 15.48
    endloop
  endfacet
  facet normal 0.7518398074789778 -0.6593458151000685 0
    outer loop
      vertex 11.468640657621394 0.7913898577113369 7.4799999999999995
      vertex 11.580761184457488 0.9192388155425119 7.4799999999999995
      vertex 11.580761184457488 0.9192388155425119 15.48
    endloop
  endfacet
  facet normal 0.6593458151000702 -0.7518398074789763 0
    outer loop
      vertex 11.580761184457488 0.9192388155425119 7.4799999999999995
      vertex 11.708610142288663 1.0313593423786058 7.4799999999999995
      vertex 11.708610142288663 1.0313593423786058 15.48
    endloop
  endfacet
  facet normal 0.5555702330196012 -0.8314696123025459 0
    outer loop
      vertex 11.708610142288663 1.0313593423786058 7.4799999999999995
      vertex 11.85 1.12583302491977 7.4799999999999995
      vertex 11.85 1.12583302491977 15.48
    endloop
  endfacet
  facet normal 0.997858923238603 -0.06540312923015155 0
    outer loop
      vertex 11.2 0 7.4799999999999995
      vertex 11.211121680214047 0.16968404988606706 15.48
      vertex 11.2 0 15.48
    endloop
  endfacet
  facet normal 0.9807852804032307 -0.195090322016127 0
    outer loop
      vertex 11.211121680214047 0.16968404988606706 7.4799999999999995
      vertex 11.244296425824212 0.33646475863327696 15.48
      vertex 11.211121680214047 0.16968404988606706 15.48
    endloop
  endfacet
  facet normal 0.9469301294951064 -0.32143946530315975 0
    outer loop
      vertex 11.244296425824212 0.33646475863327696 7.4799999999999995
      vertex 11.298956607735327 0.4974884620746167 15.48
      vertex 11.244296425824212 0.33646475863327696 15.48
    endloop
  endfacet
  facet normal 0.8968727415326868 -0.4422886902190042 0
    outer loop
      vertex 11.298956607735327 0.4974884620746167 7.4799999999999995
      vertex 11.37416697508023 0.65 15.48
      vertex 11.298956607735327 0.4974884620746167 15.48
    endloop
  endfacet
  facet normal 0.8314696123025471 -0.5555702330195994 0
    outer loop
      vertex 11.37416697508023 0.65 7.4799999999999995
      vertex 11.468640657621394 0.7913898577113369 15.48
      vertex 11.37416697508023 0.65 15.48
    endloop
  endfacet
  facet normal 0.7518398074789778 -0.6593458151000685 0
    outer loop
      vertex 11.468640657621394 0.7913898577113369 7.4799999999999995
      vertex 11.580761184457488 0.9192388155425119 15.48
      vertex 11.468640657621394 0.7913898577113369 15.48
    endloop
  endfacet
  facet normal 0.6593458151000702 -0.7518398074789763 0
    outer loop
      vertex 11.580761184457488 0.9192388155425119 7.4799999999999995
      vertex 11.708610142288663 1.0313593423786058 15.48
      vertex 11.580761184457488 0.9192388155425119 15.48
    endloop
  endfacet
  facet normal 0.5555702330196012 -0.8314696123025459 0
    outer loop
      vertex 11.708610142288663 1.0313593423786058 7.4799999999999995
      vertex 11.85 1.12583302491977 15.48
      vertex 11.708610142288663 1.0313593423786058 15.48
    endloop
  endfacet
  facet normal 0.44228869021900286 -0.8968727415326875 0
    outer loop
      vertex 11.85 1.12583302491977 7.4799999999999995
      vertex 12.002511537925383 1.2010433922646728 7.4799999999999995
      vertex 12.002511537925383 1.2010433922646728 15.48
    endloop
  endfacet
  facet normal 0.32143946530316014 -0.9469301294951062 0
    outer loop
      vertex 12.002511537925383 1.2010433922646728 7.4799999999999995
      vertex 12.163535241366723 1.255703574175789 7.4799999999999995
      vertex 12.163535241366723 1.255703574175789 15.48
    endloop
  endfacet
  facet normal 0.19509032201612744 -0.9807852804032305 0
    outer loop
      vertex 12.163535241366723 1.255703574175789 7.4799999999999995
      vertex 12.330315950113933 1.2888783197859535 7.4799999999999995
      vertex 12.330315950113933 1.2888783197859535 15.48
    endloop
  endfacet
  facet normal 0.06540312923014377 -0.9978589232386035 0
    outer loop
      vertex 12.330315950113933 1.2888783197859535 7.4799999999999995
      vertex 12.5 1.3 7.4799999999999995
      vertex 12.5 1.3 15.48
    endloop
  endfacet
  facet normal -0.5555702330196012 -0.8314696123025459 0
    outer loop
      vertex 13.15 1.12583302491977 7.4799999999999995
      vertex 13.291389857711337 1.0313593423786058 7.4799999999999995
      vertex 13.291389857711337 1.0313593423786058 15.48
    endloop
  endfacet
  facet normal -0.06540312923014377 -0.9978589232386035 0
    outer loop
      vertex 12.5 1.3 7.4799999999999995
      vertex 12.669684049886067 1.2888783197859535 7.4799999999999995
      vertex 12.669684049886067 1.2888783197859535 15.48
    endloop
  endfacet
  facet normal -0.19509032201612744 -0.9807852804032305 0
    outer loop
      vertex 12.836464758633277 1.255703574175789 7.4799999999999995
      vertex 12.836464758633277 1.255703574175789 15.48
      vertex 12.669684049886067 1.2888783197859535 7.4799999999999995
    endloop
  endfacet
  facet normal -0.32143946530316014 -0.9469301294951062 0
    outer loop
      vertex 12.997488462074617 1.2010433922646728 7.4799999999999995
      vertex 12.997488462074617 1.2010433922646728 15.48
      vertex 12.836464758633277 1.255703574175789 7.4799999999999995
    endloop
  endfacet
  facet normal -0.44228869021900286 -0.8968727415326875 0
    outer loop
      vertex 13.15 1.12583302491977 7.4799999999999995
      vertex 13.15 1.12583302491977 15.48
      vertex 12.997488462074617 1.2010433922646728 7.4799999999999995
    endloop
  endfacet
  facet normal -0.997858923238603 -0.06540312923015155 0
    outer loop
      vertex 13.8 0 7.4799999999999995
      vertex 13.8 0 15.48
      vertex 13.788878319785953 0.16968404988606706 7.4799999999999995
    endloop
  endfacet
  facet normal -0.9807852804032307 -0.195090322016127 0
    outer loop
      vertex 13.788878319785953 0.16968404988606706 7.4799999999999995
      vertex 13.788878319785953 0.16968404988606706 15.48
      vertex 13.755703574175788 0.33646475863327696 7.4799999999999995
    endloop
  endfacet
  facet normal -0.8968727415326868 -0.4422886902190042 0
    outer loop
      vertex 13.701043392264673 0.4974884620746167 7.4799999999999995
      vertex 13.701043392264673 0.4974884620746167 15.48
      vertex 13.62583302491977 0.65 7.4799999999999995
    endloop
  endfacet
  facet normal -0.8314696123025471 -0.5555702330195994 0
    outer loop
      vertex 13.62583302491977 0.65 7.4799999999999995
      vertex 13.62583302491977 0.65 15.48
      vertex 13.531359342378606 0.7913898577113369 7.4799999999999995
    endloop
  endfacet
  facet normal -0.9469301294951064 -0.32143946530315975 0
    outer loop
      vertex 13.755703574175788 0.33646475863327696 7.4799999999999995
      vertex 13.755703574175788 0.33646475863327696 15.48
      vertex 13.701043392264673 0.4974884620746167 7.4799999999999995
    endloop
  endfacet
  facet normal -0.7518398074789778 -0.6593458151000685 0
    outer loop
      vertex 13.531359342378606 0.7913898577113369 7.4799999999999995
      vertex 13.531359342378606 0.7913898577113369 15.48
      vertex 13.419238815542512 0.9192388155425119 7.4799999999999995
    endloop
  endfacet
  facet normal -0.6593458151000702 -0.7518398074789763 0
    outer loop
      vertex 13.419238815542512 0.9192388155425119 7.4799999999999995
      vertex 13.419238815542512 0.9192388155425119 15.48
      vertex 13.291389857711337 1.0313593423786058 7.4799999999999995
    endloop
  endfacet
  facet normal 0.44228869021900286 -0.8968727415326875 0
    outer loop
      vertex 11.85 1.12583302491977 7.4799999999999995
      vertex 12.002511537925383 1.2010433922646728 15.48
      vertex 11.85 1.12583302491977 15.48
    endloop
  endfacet
  facet normal 0.32143946530316014 -0.9469301294951062 0
    outer loop
      vertex 12.002511537925383 1.2010433922646728 7.4799999999999995
      vertex 12.163535241366723 1.255703574175789 15.48
      vertex 12.002511537925383 1.2010433922646728 15.48
    endloop
  endfacet
  facet normal 0.19509032201612744 -0.9807852804032305 0
    outer loop
      vertex 12.163535241366723 1.255703574175789 7.4799999999999995
      vertex 12.330315950113933 1.2888783197859535 15.48
      vertex 12.163535241366723 1.255703574175789 15.48
    endloop
  endfacet
  facet normal 0.06540312923014377 -0.9978589232386035 0
    outer loop
      vertex 12.330315950113933 1.2888783197859535 7.4799999999999995
      vertex 12.5 1.3 15.48
      vertex 12.330315950113933 1.2888783197859535 15.48
    endloop
  endfacet
  facet normal -0.06540312923014377 -0.9978589232386035 0
    outer loop
      vertex 12.5 1.3 7.4799999999999995
      vertex 12.669684049886067 1.2888783197859535 15.48
      vertex 12.5 1.3 15.48
    endloop
  endfacet
  facet normal -0.6593458151000702 -0.7518398074789763 0
    outer loop
      vertex 13.291389857711337 1.0313593423786058 7.4799999999999995
      vertex 13.419238815542512 0.9192388155425119 15.48
      vertex 13.291389857711337 1.0313593423786058 15.48
    endloop
  endfacet
  facet normal -0.5555702330196012 -0.8314696123025459 0
    outer loop
      vertex 13.15 1.12583302491977 7.4799999999999995
      vertex 13.291389857711337 1.0313593423786058 15.48
      vertex 13.15 1.12583302491977 15.48
    endloop
  endfacet
  facet normal -0.19509032201612744 -0.9807852804032305 0
    outer loop
      vertex 12.669684049886067 1.2888783197859535 7.4799999999999995
      vertex 12.836464758633277 1.255703574175789 15.48
      vertex 12.669684049886067 1.2888783197859535 15.48
    endloop
  endfacet
  facet normal -0.32143946530316014 -0.9469301294951062 0
    outer loop
      vertex 12.836464758633277 1.255703574175789 7.4799999999999995
      vertex 12.997488462074617 1.2010433922646728 15.48
      vertex 12.836464758633277 1.255703574175789 15.48
    endloop
  endfacet
  facet normal -0.44228869021900286 -0.8968727415326875 0
    outer loop
      vertex 12.997488462074617 1.2010433922646728 7.4799999999999995
      vertex 13.15 1.12583302491977 15.48
      vertex 12.997488462074617 1.2010433922646728 15.48
    endloop
  endfacet
  facet normal -0.997858923238603 -0.06540312923015155 0
    outer loop
      vertex 13.788878319785953 0.16968404988606706 7.4799999999999995
      vertex 13.8 0 15.48
      vertex 13.788878319785953 0.16968404988606706 15.48
    endloop
  endfacet
  facet normal -0.9807852804032307 -0.195090322016127 0
    outer loop
      vertex 13.755703574175788 0.33646475863327696 7.4799999999999995
      vertex 13.788878319785953 0.16968404988606706 15.48
      vertex 13.755703574175788 0.33646475863327696 15.48
    endloop
  endfacet
  facet normal -0.9469301294951064 -0.32143946530315975 0
    outer loop
      vertex 13.701043392264673 0.4974884620746167 7.4799999999999995
      vertex 13.755703574175788 0.33646475863327696 15.48
      vertex 13.701043392264673 0.4974884620746167 15.48
    endloop
  endfacet
  facet normal -0.8968727415326868 -0.4422886902190042 0
    outer loop
      vertex 13.62583302491977 0.65 7.4799999999999995
      vertex 13.701043392264673 0.4974884620746167 15.48
      vertex 13.62583302491977 0.65 15.48
    endloop
  endfacet
  facet normal -0.8314696123025471 -0.5555702330195994 0
    outer loop
      vertex 13.531359342378606 0.7913898577113369 7.4799999999999995
      vertex 13.62583302491977 0.65 15.48
      vertex 13.531359342378606 0.7913898577113369 15.48
    endloop
  endfacet
  facet normal -0.7518398074789778 -0.6593458151000685 0
    outer loop
      vertex 13.419238815542512 0.9192388155425119 7.4799999999999995
      vertex 13.531359342378606 0.7913898577113369 15.48
      vertex 13.419238815542512 0.9192388155425119 15.48
    endloop
  endfacet
endsolid OpenSCAD_Model
