solid OpenSCAD_Model
  facet normal -0.5599094487268981 0.7084605413765819 -0.42963364688853417
    outer loop
      vertex 0.5358904555439921 -1.1 3.258988051116466
      vertex 1.172557744383809 -0.3 3.7484571695327755
      vertex 0.615520264208314 -1.1 3.155212467908859
    endloop
  endfacet
  facet normal -0.5311656134415734 0.707725227345661 -0.46581980816166385
    outer loop
      vertex 0.615520264208314 -1.1 3.155212467908859
      vertex 1.252187553048131 -0.3 3.6446815863251683
      vertex 0.6842954784631701 -1.1 3.0767893776297566
    endloop
  endfacet
  facet normal -0.4990257143697636 0.7084819495198832 -0.4990257143697636
    outer loop
      vertex 0.6842954784631701 -1.1 3.0767893776297566
      vertex 1.3446815416216822 -0.3 3.5521875903010365
      vertex 0.7767893627285929 -1.1 2.9842954933643338
    endloop
  endfacet
  facet normal -0.46581981283627444 0.7077252262642121 -0.5311656107829724
    outer loop
      vertex 0.855212400853631 -1.1 2.9155203238129612
      vertex 0.7767893627285929 -1.1 2.9842954933643338
      vertex 1.3446815416216822 -0.3 3.5521875903010365
    endloop
  endfacet
  facet normal -0.4296336638980698 0.7084605395729066 -0.5599094379572349
    outer loop
      vertex 0.855212400853631 -1.1 2.9155203238129612
      vertex 1.3446815416216822 -0.3 3.5521875903010365
      vertex 0.9589880362153025 -1.1 2.8358904704451557
    endloop
  endfacet
  facet normal -0.39252744778883053 0.7076823597155787 -0.5874588330085583
    outer loop
      vertex 0.9589880362153025 -1.1 2.8358904704451557
      vertex 1.4484571248292895 -0.3 3.4725577816367146
      vertex 1.0457171827554674 -1.1 2.7779399067163464
    endloop
  endfacet
  facet normal -0.7002062035397993 0.7079642633889296 -0.09218391556313753
    outer loop
      vertex 0.22861159145831778 -1.1 4.000824874639511
      vertex 1.006168442964551 -0.3 4.238624273240566
      vertex 1.0232420891523333 -0.3 4.108937083184719
    endloop
  endfacet
  facet normal -0.7055928116210713 0.707106781680308 -0.046246983581509526
    outer loop
      vertex 0.21153795272111608 -1.1 4.130512064695358
      vertex 1.0021410763263674 -0.3 4.300070030987262
      vertex 1.006168442964551 -0.3 4.238624273240566
    endloop
  endfacet
  facet normal -0.706538917342356 0.707296102892987 -0.023129658732556225
    outer loop
      vertex 0.20000000596046164 -1.1 4.339283800125122
      vertex 1.0000000029802294 -0.3 4.365473142266273
      vertex 1.0021410763263674 -0.3 4.300070030987262
    endloop
  endfacet
  facet normal 0 1 0
    outer loop
      vertex 1.172557744383809 -0.3 3.7484571695327755
      vertex 1.1071546182036371 -0.3 3.861738710105419
      vertex 1.252187553048131 -0.3 3.6446815863251683
    endloop
  endfacet
  facet normal 0 1 0
    outer loop
      vertex 1.0570972368121119 -0.3 3.9825879395008084
      vertex 1.0232420891523333 -0.3 4.108937083184719
      vertex 1.1071546182036371 -0.3 3.861738710105419
    endloop
  endfacet
  facet normal -0.6112533241018132 0.7083966674231238 -0.3529072616967466
    outer loop
      vertex 1.172557744383809 -0.3 3.7484571695327755
      vertex 0.41253675818443014 -1.1 3.458998745679855
      vertex 1.1071546182036371 -0.3 3.861738710105419
    endloop
  endfacet
  facet normal -0.682006984072537 0.7081464506822585 -0.18274320250669226
    outer loop
      vertex 0.2828162565827341 -1.1 3.7721717715263363
      vertex 1.0232420891523333 -0.3 4.108937083184719
      vertex 1.0570972368121119 -0.3 3.9825879395008084
    endloop
  endfacet
  facet normal -0.6521852263116971 0.7082913897742732 -0.2701439204431392
    outer loop
      vertex 0.31634503901004507 -1.1 3.673399148881435
      vertex 1.0570972368121119 -0.3 3.9825879395008084
      vertex 1.1071546182036371 -0.3 3.861738710105419
    endloop
  endfacet
  facet normal -0.5599094487268979 0.7084605413765818 -0.42963364688853456
    outer loop
      vertex 0.615520264208314 -1.1 3.155212467908859
      vertex 1.172557744383809 -0.3 3.7484571695327755
      vertex 1.252187553048131 -0.3 3.6446815863251683
    endloop
  endfacet
  facet normal -0.4990257328253954 0.7084819518346036 -0.4990256926278523
    outer loop
      vertex 0.6842954784631701 -1.1 3.0767893776297566
      vertex 1.252187553048131 -0.3 3.6446815863251683
      vertex 1.3446815416216822 -0.3 3.5521875903010365
    endloop
  endfacet
  facet normal 0 1 0
    outer loop
      vertex 1.006168442964551 -0.3 4.238624273240566
      vertex 1.0021410763263674 -0.3 4.300070030987262
      vertex 1.0000000029802294 -0.3 4.365473142266273
    endloop
  endfacet
  facet normal -0.6692351227893356 0.707471565316985 -0.22717467881143333
    outer loop
      vertex 0.2828162565827341 -1.1 3.7721717715263363
      vertex 1.0570972368121119 -0.3 3.9825879395008084
      vertex 0.31634503901004507 -1.1 3.673399148881435
    endloop
  endfacet
  facet normal -0.6933233656897628 0.7073071351834693 -0.1379105764877117
    outer loop
      vertex 0.24896111637353613 -1.1 3.898520892858505
      vertex 0.22861159145831778 -1.1 4.000824874639511
      vertex 1.0232420891523333 -0.3 4.108937083184719
    endloop
  endfacet
  facet normal -0.6820069866595102 0.7081464500476198 -0.1827431953112582
    outer loop
      vertex 0.2828162565827341 -1.1 3.7721717715263363
      vertex 0.24896111637353613 -1.1 3.898520892858505
      vertex 1.0232420891523333 -0.3 4.108937083184719
    endloop
  endfacet
  facet normal -0.700206212063944 0.7079642600500362 -0.09218387645823775
    outer loop
      vertex 0.22861159145831778 -1.1 4.000824874639511
      vertex 0.21153795272111608 -1.1 4.130512064695358
      vertex 1.006168442964551 -0.3 4.238624273240566
    endloop
  endfacet
  facet normal -0.7055928116926958 0.7071067816423824 -0.04624698306860455
    outer loop
      vertex 0.21153795272111608 -1.1 4.130512064695358
      vertex 0.20214107930659964 -1.1 4.273880688846111
      vertex 1.0021410763263674 -0.3 4.300070030987262
    endloop
  endfacet
  facet normal -0.6521852156691075 0.7082913870094414 -0.27014395338574837
    outer loop
      vertex 0.31634503901004507 -1.1 3.673399148881435
      vertex 1.1071546182036371 -0.3 3.861738710105419
      vertex 0.36640244275331213 -1.1 3.5525498822331425
    endloop
  endfacet
  facet normal -0.6337445256390043 0.7075973361881426 -0.31252821639339734
    outer loop
      vertex 1.1071546182036371 -0.3 3.861738710105419
      vertex 0.41253675818443014 -1.1 3.458998745679855
      vertex 0.36640244275331213 -1.1 3.5525498822331425
    endloop
  endfacet
  facet normal -0.6112533177743557 0.7083966662380071 -0.352907275035129
    outer loop
      vertex 0.4779398918151827 -1.1 3.345717197656631
      vertex 0.41253675818443014 -1.1 3.458998745679855
      vertex 1.172557744383809 -0.3 3.7484571695327755
    endloop
  endfacet
  facet normal -0.5874588337529817 0.7076823588217253 -0.39252744828623837
    outer loop
      vertex 0.4779398918151827 -1.1 3.345717197656631
      vertex 1.172557744383809 -0.3 3.7484571695327755
      vertex 0.5358904555439921 -1.1 3.258988051116466
    endloop
  endfacet
  facet normal -0.706538917342356 0.707296102892987 -0.023129658732556225
    outer loop
      vertex 0.20000000596046164 -1.1 4.339283800125122
      vertex 1.0021410763263674 -0.3 4.300070030987262
      vertex 0.20214107930659964 -1.1 4.273880688846111
    endloop
  endfacet
  facet normal -0.42963364699854045 0.7084605411965688 -0.5599094488702603
    outer loop
      vertex 0.9589880362153025 -1.1 2.8358904704451557
      vertex 1.3446815416216822 -0.3 3.5521875903010365
      vertex 1.4484571248292895 -0.3 3.4725577816367146
    endloop
  endfacet
  facet normal -0.35290729145118443 0.7083966682149804 -0.6112533060053778
    outer loop
      vertex 1.0457171827554674 -1.1 2.7779399067163464
      vertex 1.4484571248292895 -0.3 3.4725577816367146
      vertex 1.5617386654019327 -0.3 3.407154648005962
    endloop
  endfacet
  facet normal -0.2701439696324269 0.708291388072547 -0.6521852077849507
    outer loop
      vertex 1.6825878873467417 -0.3 3.357097259163856
      vertex 1.2525498673319788 -1.1 2.666402457654476
      vertex 1.5617386654019327 -0.3 3.407154648005962
    endloop
  endfacet
  facet normal 0 1 0
    outer loop
      vertex 1.6825878873467417 -0.3 3.357097259163856
      vertex 1.4484571248292895 -0.3 3.4725577816367146
      vertex 2.0654732018709154 -0.3 3.300000002980232
    endloop
  endfacet
  facet normal 0 1 0
    outer loop
      vertex 1.6825878873467417 -0.3 3.357097259163856
      vertex 2.0654732018709154 -0.3 3.300000002980232
      vertex 1.808937031030652 -0.3 3.323242104053497
    endloop
  endfacet
  facet normal 0 1 0
    outer loop
      vertex 1.808937031030652 -0.3 3.323242104053497
      vertex 2.0654732018709154 -0.3 3.300000002980232
      vertex 1.938624094426629 -0.3 3.306168472766876
    endloop
  endfacet
  facet normal 0 1 0
    outer loop
      vertex 1.938624094426629 -0.3 3.306168472766876
      vertex 2.0654732018709154 -0.3 3.300000002980232
      vertex 2.0000699266791315 -0.3 3.302141091227531
    endloop
  endfacet
  facet normal -0.18274324029076636 0.7081464496753903 -0.6820069749937834
    outer loop
      vertex 1.6825878873467417 -0.3 3.357097259163856
      vertex 1.808937031030652 -0.3 3.323242104053497
      vertex 1.4721717566251726 -1.1 2.582816271483898
    endloop
  endfacet
  facet normal -0.09218392525522857 0.7079642612683414 -0.7002062044078946
    outer loop
      vertex 1.808937031030652 -0.3 3.323242104053497
      vertex 1.938624094426629 -0.3 3.306168472766876
      vertex 1.700824859738347 -1.1 2.5286116063594815
    endloop
  endfacet
  facet normal -0.04624709780314298 0.7071067866082145 -0.7055927991961026
    outer loop
      vertex 1.938624094426629 -0.3 3.306168472766876
      vertex 2.0000699266791315 -0.3 3.302141091227531
      vertex 1.8305119678378077 -1.1 2.5115379750728604
    endloop
  endfacet
  facet normal -0.02312976154995835 0.7072961053201159 -0.7065389115467298
    outer loop
      vertex 2.0000699266791315 -0.3 3.302141091227531
      vertex 2.0654732018709154 -0.3 3.300000002980232
      vertex 1.9738806441426249 -1.1 2.5021410867571827
    endloop
  endfacet
  facet normal -0.3529072748739563 0.7083966665591773 -0.6112533174951964
    outer loop
      vertex 1.0457171827554674 -1.1 2.7779399067163464
      vertex 1.5617386654019327 -0.3 3.407154648005962
      vertex 1.1589987307786913 -1.1 2.712536773085594
    endloop
  endfacet
  facet normal -0.3125282163576097 0.7075973362689445 -0.6337445255664346
    outer loop
      vertex 1.1589987307786913 -1.1 2.712536773085594
      vertex 1.5617386654019327 -0.3 3.407154648005962
      vertex 1.2525498673319788 -1.1 2.666402457654476
    endloop
  endfacet
  facet normal -0.27014395355093707 0.7082913865792271 -0.6521852160679088
    outer loop
      vertex 1.6825878873467417 -0.3 3.357097259163856
      vertex 1.3733991339802714 -1.1 2.6163450539112088
      vertex 1.2525498673319788 -1.1 2.666402457654476
    endloop
  endfacet
  facet normal -0.22717467950990564 0.7074715631462739 -0.6692351248469701
    outer loop
      vertex 1.6825878873467417 -0.3 3.357097259163856
      vertex 1.4721717566251726 -1.1 2.582816271483898
      vertex 1.3733991339802714 -1.1 2.6163450539112088
    endloop
  endfacet
  facet normal -0.18274319641248218 0.7081464458053193 -0.6820069907693344
    outer loop
      vertex 1.808937031030652 -0.3 3.323242104053497
      vertex 1.5985208779573412 -1.1 2.5489611312747
      vertex 1.4721717566251726 -1.1 2.582816271483898
    endloop
  endfacet
  facet normal -0.13791057711414242 0.7073071319743083 -0.6933233688390451
    outer loop
      vertex 1.808937031030652 -0.3 3.323242104053497
      vertex 1.700824859738347 -1.1 2.5286116063594815
      vertex 1.5985208779573412 -1.1 2.5489611312747
    endloop
  endfacet
  facet normal -0.0921838943656518 0.7079642586309006 -0.7002062111412477
    outer loop
      vertex 1.938624094426629 -0.3 3.306168472766876
      vertex 1.8305119678378077 -1.1 2.5115379750728604
      vertex 1.700824859738347 -1.1 2.5286116063594815
    endloop
  endfacet
  facet normal -0.04624703929795257 0.7071067822821795 -0.7055928073660586
    outer loop
      vertex 2.0000699266791315 -0.3 3.302141091227531
      vertex 1.9738806441426249 -1.1 2.5021410867571827
      vertex 1.8305119678378077 -1.1 2.5115379750728604
    endloop
  endfacet
  facet normal -0.023129710170477845 0.7072961032159342 -0.7065389153351598
    outer loop
      vertex 1.9738806441426249 -1.1 2.5021410867571827
      vertex 2.0654732018709154 -0.3 3.300000002980232
      vertex 2.039283837378022 -1.1 2.500000005960464
    endloop
  endfacet
  facet normal 0 1 0
    outer loop
      vertex 1.1071546182036371 -0.3 3.861738710105419
      vertex 1.4484571248292895 -0.3 3.4725577816367146
      vertex 1.252187553048131 -0.3 3.6446815863251683
    endloop
  endfacet
  facet normal 0 1 0
    outer loop
      vertex 1.252187553048131 -0.3 3.6446815863251683
      vertex 1.4484571248292895 -0.3 3.4725577816367146
      vertex 1.3446815416216822 -0.3 3.5521875903010365
    endloop
  endfacet
  facet normal 0 1 0
    outer loop
      vertex 1.0232420891523333 -0.3 4.108937083184719
      vertex 2.0654732018709154 -0.3 3.300000002980232
      vertex 1.1071546182036371 -0.3 3.861738710105419
    endloop
  endfacet
  facet normal 0 1 0
    outer loop
      vertex 1.1071546182036371 -0.3 3.861738710105419
      vertex 2.0654732018709154 -0.3 3.300000002980232
      vertex 1.4484571248292895 -0.3 3.4725577816367146
    endloop
  endfacet
  facet normal 0 1 0
    outer loop
      vertex 1.6825878873467417 -0.3 3.357097259163856
      vertex 1.5617386654019327 -0.3 3.407154648005962
      vertex 1.4484571248292895 -0.3 3.4725577816367146
    endloop
  endfacet
  facet normal 0 1 0
    outer loop
      vertex 1.0232420891523333 -0.3 4.108937083184719
      vertex 4.765925827622411 -0.3 4.04118095934391
      vertex 2.0654732018709154 -0.3 3.300000002980232
    endloop
  endfacet
  facet normal -0.8314696090887147 0 -0.5555702378294397
    outer loop
      vertex 0.4779398918151827 -1.1 3.345717197656631
      vertex 0.5358904555439921 -1.1 3.258988051116466
      vertex 0.4779398918151827 -4.55 3.345717197656631
    endloop
  endfacet
  facet normal -0.7933533293037321 0 -0.6087614433279133
    outer loop
      vertex 0.5358904555439921 -1.1 3.258988051116466
      vertex 0.615520264208314 -1.1 3.155212467908859
      vertex 0.5358904555439921 -4.55 3.258988051116466
    endloop
  endfacet
  facet normal -0.7518397603109993 0 -0.6593458688848358
    outer loop
      vertex 0.615520264208314 -1.1 3.155212467908859
      vertex 0.6842954784631701 -1.1 3.0767893776297566
      vertex 0.615520264208314 -4.55 3.155212467908859
    endloop
  endfacet
  facet normal -0.7071067811865476 0 -0.7071067811865476
    outer loop
      vertex 0.6842954784631701 -1.1 3.0767893776297566
      vertex 0.7767893627285929 -1.1 2.9842954933643338
      vertex 0.6842954784631701 -4.55 3.0767893776297566
    endloop
  endfacet
  facet normal -0.6593458744904707 0 -0.7518397553949887
    outer loop
      vertex 0.855212400853631 -1.1 2.9155203238129612
      vertex 0.7767893627285929 -4.55 2.9842954933643338
      vertex 0.7767893627285929 -1.1 2.9842954933643338
    endloop
  endfacet
  facet normal -0.608761465867483 0 -0.7933533120085106
    outer loop
      vertex 0.855212400853631 -1.1 2.9155203238129612
      vertex 0.9589880362153025 -1.1 2.8358904704451557
      vertex 0.855212400853631 -4.55 2.9155203238129612
    endloop
  endfacet
  facet normal -0.5000000079430068 0 -0.8660253991985415
    outer loop
      vertex 1.0457171827554674 -1.1 2.7779399067163464
      vertex 1.1589987307786913 -1.1 2.712536773085594
      vertex 1.0457171827554674 -4.55 2.7779399067163464
    endloop
  endfacet
  facet normal -0.5555702378294397 0 -0.8314696090887147
    outer loop
      vertex 0.9589880362153025 -1.1 2.8358904704451557
      vertex 1.0457171827554674 -1.1 2.7779399067163464
      vertex 0.9589880362153025 -4.55 2.8358904704451557
    endloop
  endfacet
  facet normal -0.8660253991985415 0 -0.5000000079430068
    outer loop
      vertex 0.4779398918151827 -1.1 3.345717197656631
      vertex 0.4779398918151827 -4.55 3.345717197656631
      vertex 0.41253675818443014 -4.55 3.458998745679855
    endloop
  endfacet
  facet normal -0.8314696090887147 0 -0.5555702378294397
    outer loop
      vertex 0.5358904555439921 -1.1 3.258988051116466
      vertex 0.5358904555439921 -4.55 3.258988051116466
      vertex 0.4779398918151827 -4.55 3.345717197656631
    endloop
  endfacet
  facet normal -0.7518397603109993 0 -0.6593458688848358
    outer loop
      vertex 0.6842954784631701 -1.1 3.0767893776297566
      vertex 0.6842954784631701 -4.55 3.0767893776297566
      vertex 0.615520264208314 -4.55 3.155212467908859
    endloop
  endfacet
  facet normal -0.7933533293037321 0 -0.6087614433279133
    outer loop
      vertex 0.615520264208314 -1.1 3.155212467908859
      vertex 0.615520264208314 -4.55 3.155212467908859
      vertex 0.5358904555439921 -4.55 3.258988051116466
    endloop
  endfacet
  facet normal -0.7071067811865476 0 -0.7071067811865476
    outer loop
      vertex 0.7767893627285929 -1.1 2.9842954933643338
      vertex 0.7767893627285929 -4.55 2.9842954933643338
      vertex 0.6842954784631701 -4.55 3.0767893776297566
    endloop
  endfacet
  facet normal -0.6593458744904707 0 -0.7518397553949887
    outer loop
      vertex 0.855212400853631 -1.1 2.9155203238129612
      vertex 0.855212400853631 -4.55 2.9155203238129612
      vertex 0.7767893627285929 -4.55 2.9842954933643338
    endloop
  endfacet
  facet normal -0.608761465867483 0 -0.7933533120085106
    outer loop
      vertex 0.9589880362153025 -1.1 2.8358904704451557
      vertex 0.9589880362153025 -4.55 2.8358904704451557
      vertex 0.855212400853631 -4.55 2.9155203238129612
    endloop
  endfacet
  facet normal -0.5555702378294397 0 -0.8314696090887147
    outer loop
      vertex 1.0457171827554674 -1.1 2.7779399067163464
      vertex 1.0457171827554674 -4.55 2.7779399067163464
      vertex 0.9589880362153025 -4.55 2.8358904704451557
    endloop
  endfacet
  facet normal -0.5000000079430068 0 -0.8660253991985415
    outer loop
      vertex 1.1589987307786913 -1.1 2.712536773085594
      vertex 1.1589987307786913 -4.55 2.712536773085594
      vertex 1.0457171827554674 -4.55 2.7779399067163464
    endloop
  endfacet
  facet normal -0.9469301440522992 0 -0.32143942241904905
    outer loop
      vertex 0.2828162565827341 -1.1 3.7721717715263363
      vertex 0.31634503901004507 -1.1 3.673399148881435
      vertex 0.2828162565827341 -4.55 3.7721717715263363
    endloop
  endfacet
  facet normal -0.9238795365799233 0 -0.3826834225425323
    outer loop
      vertex 0.31634503901004507 -1.1 3.673399148881435
      vertex 0.36640244275331213 -1.1 3.5525498822331425
      vertex 0.31634503901004507 -4.55 3.673399148881435
    endloop
  endfacet
  facet normal -0.9807852846098601 0 -0.19509030086797116
    outer loop
      vertex 0.24896111637353613 -1.1 3.898520892858505
      vertex 0.22861159145831778 -4.55 4.000824874639511
      vertex 0.22861159145831778 -1.1 4.000824874639511
    endloop
  endfacet
  facet normal -0.9914448650726301 0 -0.13052616412472384
    outer loop
      vertex 0.22861159145831778 -1.1 4.000824874639511
      vertex 0.21153795272111608 -4.55 4.130512064695358
      vertex 0.21153795272111608 -1.1 4.130512064695358
    endloop
  endfacet
  facet normal -0.9978589244520436 0 -0.06540311071662144
    outer loop
      vertex 0.21153795272111608 -1.1 4.130512064695358
      vertex 0.20214107930659964 -4.55 4.273880688846111
      vertex 0.20214107930659964 -1.1 4.273880688846111
    endloop
  endfacet
  facet normal -0.9659258354937866 0 -0.2588190107500417
    outer loop
      vertex 0.2828162565827341 -1.1 3.7721717715263363
      vertex 0.24896111637353613 -4.55 3.898520892858505
      vertex 0.24896111637353613 -1.1 3.898520892858505
    endloop
  endfacet
  facet normal -0.9994645888894078 0 -0.03271903965777592
    outer loop
      vertex 0.20000000596046164 -1.1 4.339283800125122
      vertex 0.20214107930659964 -1.1 4.273880688846111
      vertex 0.20000000596046164 -4.55 4.339283800125122
    endloop
  endfacet
  facet normal -0.8968727402403219 0 -0.4422886928396612
    outer loop
      vertex 0.36640244275331213 -1.1 3.5525498822331425
      vertex 0.41253675818443014 -1.1 3.458998745679855
      vertex 0.36640244275331213 -4.55 3.5525498822331425
    endloop
  endfacet
  facet normal -0.8660253991985415 0 -0.5000000079430068
    outer loop
      vertex 0.4779398918151827 -1.1 3.345717197656631
      vertex 0.41253675818443014 -4.55 3.458998745679855
      vertex 0.41253675818443014 -1.1 3.458998745679855
    endloop
  endfacet
  facet normal -0.9238795365799233 0 -0.3826834225425323
    outer loop
      vertex 0.36640244275331213 -1.1 3.5525498822331425
      vertex 0.36640244275331213 -4.55 3.5525498822331425
      vertex 0.31634503901004507 -4.55 3.673399148881435
    endloop
  endfacet
  facet normal -0.9659258354937866 0 -0.2588190107500417
    outer loop
      vertex 0.2828162565827341 -1.1 3.7721717715263363
      vertex 0.2828162565827341 -4.55 3.7721717715263363
      vertex 0.24896111637353613 -4.55 3.898520892858505
    endloop
  endfacet
  facet normal -0.9469301440522992 0 -0.32143942241904905
    outer loop
      vertex 0.31634503901004507 -1.1 3.673399148881435
      vertex 0.31634503901004507 -4.55 3.673399148881435
      vertex 0.2828162565827341 -4.55 3.7721717715263363
    endloop
  endfacet
  facet normal -0.9807852846098601 0 -0.19509030086797116
    outer loop
      vertex 0.24896111637353613 -1.1 3.898520892858505
      vertex 0.24896111637353613 -4.55 3.898520892858505
      vertex 0.22861159145831778 -4.55 4.000824874639511
    endloop
  endfacet
  facet normal -0.9914448650726301 0 -0.13052616412472384
    outer loop
      vertex 0.22861159145831778 -1.1 4.000824874639511
      vertex 0.22861159145831778 -4.55 4.000824874639511
      vertex 0.21153795272111608 -4.55 4.130512064695358
    endloop
  endfacet
  facet normal -0.9978589244520436 0 -0.06540311071662144
    outer loop
      vertex 0.21153795272111608 -1.1 4.130512064695358
      vertex 0.21153795272111608 -4.55 4.130512064695358
      vertex 0.20214107930659964 -4.55 4.273880688846111
    endloop
  endfacet
  facet normal -0.9994645888894078 0 -0.03271903965777592
    outer loop
      vertex 0.20214107930659964 -1.1 4.273880688846111
      vertex 0.20214107930659964 -4.55 4.273880688846111
      vertex 0.20000000596046164 -4.55 4.339283800125122
    endloop
  endfacet
  facet normal -0.8968727402403219 0 -0.4422886928396612
    outer loop
      vertex 0.41253675818443014 -1.1 3.458998745679855
      vertex 0.41253675818443014 -4.55 3.458998745679855
      vertex 0.36640244275331213 -4.55 3.5525498822331425
    endloop
  endfacet
  facet normal -0.4422886928396612 0 -0.8968727402403219
    outer loop
      vertex 1.1589987307786913 -1.1 2.712536773085594
      vertex 1.2525498673319788 -1.1 2.666402457654476
      vertex 1.1589987307786913 -4.55 2.712536773085594
    endloop
  endfacet
  facet normal -0.3826834225425323 0 -0.9238795365799233
    outer loop
      vertex 1.2525498673319788 -1.1 2.666402457654476
      vertex 1.3733991339802714 -1.1 2.6163450539112088
      vertex 1.2525498673319788 -4.55 2.666402457654476
    endloop
  endfacet
  facet normal -0.32143942241904905 0 -0.9469301440522992
    outer loop
      vertex 1.3733991339802714 -1.1 2.6163450539112088
      vertex 1.4721717566251726 -1.1 2.582816271483898
      vertex 1.3733991339802714 -4.55 2.6163450539112088
    endloop
  endfacet
  facet normal -0.2588190107500417 0 -0.9659258354937866
    outer loop
      vertex 1.5985208779573412 -1.1 2.5489611312747
      vertex 1.4721717566251726 -4.55 2.582816271483898
      vertex 1.4721717566251726 -1.1 2.582816271483898
    endloop
  endfacet
  facet normal -0.19509030086797116 0 -0.9807852846098601
    outer loop
      vertex 1.5985208779573412 -1.1 2.5489611312747
      vertex 1.700824859738347 -1.1 2.5286116063594815
      vertex 1.5985208779573412 -4.55 2.5489611312747
    endloop
  endfacet
  facet normal -0.13052618921750095 0 -0.9914448617691037
    outer loop
      vertex 1.700824859738347 -1.1 2.5286116063594815
      vertex 1.8305119678378077 -1.1 2.5115379750728604
      vertex 1.700824859738347 -4.55 2.5286116063594815
    endloop
  endfacet
  facet normal -0.0654031902961053 0 -0.997858919236127
    outer loop
      vertex 1.8305119678378077 -1.1 2.5115379750728604
      vertex 1.9738806441426249 -1.1 2.5021410867571827
      vertex 1.8305119678378077 -4.55 2.5115379750728604
    endloop
  endfacet
  facet normal -0.032719112436424724 0 -0.9994645865068821
    outer loop
      vertex 1.9738806441426249 -1.1 2.5021410867571827
      vertex 2.039283837378022 -1.1 2.500000005960464
      vertex 1.9738806441426249 -4.55 2.5021410867571827
    endloop
  endfacet
  facet normal 0 0 -1
    outer loop
      vertex 2.039283837378022 -1.1 2.500000005960464
      vertex 3.420444504226552 -2.4447085729384876 2.500000005960464
      vertex 2.039283837378022 -4.55 2.500000005960464
    endloop
  endfacet
  facet normal -0.4422886928396612 0 -0.8968727402403219
    outer loop
      vertex 1.2525498673319788 -1.1 2.666402457654476
      vertex 1.2525498673319788 -4.55 2.666402457654476
      vertex 1.1589987307786913 -4.55 2.712536773085594
    endloop
  endfacet
  facet normal -0.3826834225425323 0 -0.9238795365799233
    outer loop
      vertex 1.3733991339802714 -1.1 2.6163450539112088
      vertex 1.3733991339802714 -4.55 2.6163450539112088
      vertex 1.2525498673319788 -4.55 2.666402457654476
    endloop
  endfacet
  facet normal -0.32143942241904905 0 -0.9469301440522992
    outer loop
      vertex 1.4721717566251726 -1.1 2.582816271483898
      vertex 1.4721717566251726 -4.55 2.582816271483898
      vertex 1.3733991339802714 -4.55 2.6163450539112088
    endloop
  endfacet
  facet normal -0.2588190107500417 0 -0.9659258354937866
    outer loop
      vertex 1.5985208779573412 -1.1 2.5489611312747
      vertex 1.5985208779573412 -4.55 2.5489611312747
      vertex 1.4721717566251726 -4.55 2.582816271483898
    endloop
  endfacet
  facet normal -0.19509030086797116 0 -0.9807852846098601
    outer loop
      vertex 1.700824859738347 -1.1 2.5286116063594815
      vertex 1.700824859738347 -4.55 2.5286116063594815
      vertex 1.5985208779573412 -4.55 2.5489611312747
    endloop
  endfacet
  facet normal -0.13052618921750095 0 -0.9914448617691037
    outer loop
      vertex 1.8305119678378077 -1.1 2.5115379750728604
      vertex 1.8305119678378077 -4.55 2.5115379750728604
      vertex 1.700824859738347 -4.55 2.5286116063594815
    endloop
  endfacet
  facet normal -0.0654031902961053 0 -0.997858919236127
    outer loop
      vertex 1.9738806441426249 -1.1 2.5021410867571827
      vertex 1.9738806441426249 -4.55 2.5021410867571827
      vertex 1.8305119678378077 -4.55 2.5115379750728604
    endloop
  endfacet
  facet normal -0.032719112436424724 0 -0.9994645865068821
    outer loop
      vertex 2.039283837378022 -1.1 2.500000005960464
      vertex 2.039283837378022 -4.55 2.500000005960464
      vertex 1.9738806441426249 -4.55 2.5021410867571827
    endloop
  endfacet
  facet normal -0.7071067825036365 0.7071067798694585 0
    outer loop
      vertex 0.20000000596046164 -1.1 4.339283800125122
      vertex 1.0000000029802294 -0.3 22.834526857733728
      vertex 1.0000000029802294 -0.3 4.365473142266273
    endloop
  endfacet
  facet normal 0 1 0
    outer loop
      vertex 1.0232420891523333 -0.3 4.108937083184719
      vertex 1.006168442964551 -0.3 4.238624273240566
      vertex 1.023242059350011 -0.3 23.091062797605993
    endloop
  endfacet
  facet normal 0 1 0
    outer loop
      vertex 1.006168442964551 -0.3 4.238624273240566
      vertex 1.0000000029802294 -0.3 4.365473142266273
      vertex 1.023242059350011 -0.3 23.091062797605993
    endloop
  endfacet
  facet normal 0 1 0
    outer loop
      vertex 1.0232420891523333 -0.3 4.108937083184719
      vertex 1.023242059350011 -0.3 23.091062797605993
      vertex 4.765925827622411 -0.3 4.04118095934391
    endloop
  endfacet
  facet normal -1 0 0
    outer loop
      vertex 0.20000000596046164 -1.1 4.339283800125122
      vertex 0.20000000596046164 -4.55 4.339283800125122
      vertex 0.20000000596046164 -4.55 22.86071619987488
    endloop
  endfacet
  facet normal 0 1 0
    outer loop
      vertex 1.0000000029802294 -0.3 4.365473142266273
      vertex 1.0000000029802294 -0.3 22.834526857733728
      vertex 1.023242059350011 -0.3 23.091062797605993
    endloop
  endfacet
  facet normal -0.7071067825036366 0.7071067798694585 0
    outer loop
      vertex 0.20000000596046164 -1.1 4.339283800125122
      vertex 0.20000000596046164 -1.1 22.86071619987488
      vertex 1.0000000029802294 -0.3 22.834526857733728
    endloop
  endfacet
  facet normal -1 0 0
    outer loop
      vertex 0.20000000596046164 -1.1 4.339283800125122
      vertex 0.20000000596046164 -4.55 22.86071619987488
      vertex 0.20000000596046164 -1.1 22.86071619987488
    endloop
  endfacet
  facet normal -0.706538917342356 0.707296102892987 0.023129658732556225
    outer loop
      vertex 0.20214107930659964 -1.1 22.92611931115389
      vertex 1.0021410763263674 -0.3 22.89992996901274
      vertex 1.0000000029802294 -0.3 22.834526857733728
    endloop
  endfacet
  facet normal -0.7055928116210713 0.707106781680308 0.046246983581509526
    outer loop
      vertex 0.21153795272111608 -1.1 23.069487935304643
      vertex 1.006168442964551 -0.3 22.961375726759435
      vertex 1.0021410763263674 -0.3 22.89992996901274
    endloop
  endfacet
  facet normal -0.7002062167921869 0.7079642599729954 0.09218384113531977
    outer loop
      vertex 0.21153795272111608 -1.1 23.069487935304643
      vertex 1.023242059350011 -0.3 23.091062797605993
      vertex 1.006168442964551 -0.3 22.961375726759435
    endloop
  endfacet
  facet normal 0 1 0
    outer loop
      vertex 1.0000000029802294 -0.3 22.834526857733728
      vertex 1.0021410763263674 -0.3 22.89992996901274
      vertex 1.006168442964551 -0.3 22.961375726759435
    endloop
  endfacet
  facet normal 0 1 0
    outer loop
      vertex 1.0000000029802294 -0.3 22.834526857733728
      vertex 1.006168442964551 -0.3 22.961375726759435
      vertex 1.023242059350011 -0.3 23.091062797605993
    endloop
  endfacet
  facet normal 0 1 0
    outer loop
      vertex 1.023242059350011 -0.3 23.091062797605993
      vertex 1.0570971921086283 -0.3 23.217411941289903
      vertex 1.107154566049573 -0.3 23.338261178135873
    endloop
  endfacet
  facet normal 0 1 0
    outer loop
      vertex 1.023242059350011 -0.3 23.091062797605993
      vertex 1.107154566049573 -0.3 23.338261178135873
      vertex 1.2521874636411638 -0.3 23.555318324267866
    endloop
  endfacet
  facet normal 0 1 0
    outer loop
      vertex 1.107154566049573 -0.3 23.338261178135873
      vertex 1.1725576773285837 -0.3 23.451542726159097
      vertex 1.2521874636411638 -0.3 23.555318324267866
    endloop
  endfacet
  facet normal -0.6820070040352118 0.7081464508326336 0.1827431274222343
    outer loop
      vertex 0.24896111637353613 -1.1 23.301479107141496
      vertex 1.0570971921086283 -0.3 23.217411941289903
      vertex 1.023242059350011 -0.3 23.091062797605993
    endloop
  endfacet
  facet normal -0.6521852447216409 0.7082913916019966 0.2701438712054753
    outer loop
      vertex 0.31634503901004507 -1.1 23.526600851118566
      vertex 1.107154566049573 -0.3 23.338261178135873
      vertex 1.0570971921086283 -0.3 23.217411941289903
    endloop
  endfacet
  facet normal -0.6112533649477898 0.7083966720491819 0.35290718166346213
    outer loop
      vertex 1.107154566049573 -0.3 23.338261178135873
      vertex 0.41253675818443014 -1.1 23.741001254320146
      vertex 1.1725576773285837 -0.3 23.451542726159097
    endloop
  endfacet
  facet normal -0.5599095332138276 0.708460545835601 0.4296335294301363
    outer loop
      vertex 1.1725576773285837 -0.3 23.451542726159097
      vertex 0.5358904555439921 -1.1 23.941011948883535
      vertex 1.2521874636411638 -0.3 23.555318324267866
    endloop
  endfacet
  facet normal -0.4990257730229448 0.7084819518345912 0.49902565243031394
    outer loop
      vertex 0.6842954784631701 -1.1 24.123210622370244
      vertex 1.3446814447641344 -0.3 23.647812327742578
      vertex 1.2521874636411638 -0.3 23.555318324267866
    endloop
  endfacet
  facet normal -0.706538917342356 0.707296102892987 0.023129658732556225
    outer loop
      vertex 0.20000000596046164 -1.1 22.86071619987488
      vertex 0.20214107930659964 -1.1 22.92611931115389
      vertex 1.0000000029802294 -0.3 22.834526857733728
    endloop
  endfacet
  facet normal -0.7055928116926958 0.7071067816423824 0.04624698306860455
    outer loop
      vertex 0.20214107930659964 -1.1 22.92611931115389
      vertex 0.21153795272111608 -1.1 23.069487935304643
      vertex 1.0021410763263674 -0.3 22.89992996901274
    endloop
  endfacet
  facet normal -0.7002062149525435 0.707964257143573 0.09218387683852902
    outer loop
      vertex 0.21153795272111608 -1.1 23.069487935304643
      vertex 0.22861159145831778 -1.1 23.19917512536049
      vertex 1.023242059350011 -0.3 23.091062797605993
    endloop
  endfacet
  facet normal -0.6933233682780698 0.7073071325459496 0.13791057700255793
    outer loop
      vertex 0.22861159145831778 -1.1 23.19917512536049
      vertex 0.24896111637353613 -1.1 23.301479107141496
      vertex 1.023242059350011 -0.3 23.091062797605993
    endloop
  endfacet
  facet normal -0.6820069913120423 0.7081464452451177 0.18274319655790025
    outer loop
      vertex 0.24896111637353613 -1.1 23.301479107141496
      vertex 0.2828162565827341 -1.1 23.427828228473665
      vertex 1.0570971921086283 -0.3 23.217411941289903
    endloop
  endfacet
  facet normal -0.6692351244676555 0.7074715635464334 0.2271746793811461
    outer loop
      vertex 0.2828162565827341 -1.1 23.427828228473665
      vertex 0.31634503901004507 -1.1 23.526600851118566
      vertex 1.0570971921086283 -0.3 23.217411941289903
    endloop
  endfacet
  facet normal -0.6521852178766879 0.7082913846279728 0.27014395430015814
    outer loop
      vertex 0.31634503901004507 -1.1 23.526600851118566
      vertex 0.36640244275331213 -1.1 23.64745011776686
      vertex 1.107154566049573 -0.3 23.338261178135873
    endloop
  endfacet
  facet normal -0.6337445245877599 0.7075973373586391 0.312528215874981
    outer loop
      vertex 1.107154566049573 -0.3 23.338261178135873
      vertex 0.36640244275331213 -1.1 23.64745011776686
      vertex 0.41253675818443014 -1.1 23.741001254320146
    endloop
  endfacet
  facet normal -0.6112533200350087 0.7083966636371443 0.35290727634031827
    outer loop
      vertex 1.1725576773285837 -0.3 23.451542726159097
      vertex 0.41253675818443014 -1.1 23.741001254320146
      vertex 0.4779398918151827 -1.1 23.85428280234337
    endloop
  endfacet
  facet normal -0.5874588329466552 0.707682359789908 0.39252744774746784
    outer loop
      vertex 1.1725576773285837 -0.3 23.451542726159097
      vertex 0.4779398918151827 -1.1 23.85428280234337
      vertex 0.5358904555439921 -1.1 23.941011948883535
    endloop
  endfacet
  facet normal -0.5599094435892247 0.7084605325010945 0.42963366821964794
    outer loop
      vertex 0.5358904555439921 -1.1 23.941011948883535
      vertex 0.6155203089117975 -1.1 24.044787584245206
      vertex 1.2521874636411638 -0.3 23.555318324267866
    endloop
  endfacet
  facet normal -0.5311656125837828 0.7077252238731948 0.465819814415543
    outer loop
      vertex 0.6155203089117975 -1.1 24.044787584245206
      vertex 0.6842954784631701 -1.1 24.123210622370244
      vertex 1.2521874636411638 -0.3 23.555318324267866
    endloop
  endfacet
  facet normal -0.4990257176560452 0.7084819448904385 0.4990257176560452
    outer loop
      vertex 0.6842954784631701 -1.1 24.123210622370244
      vertex 0.7767893627285929 -1.1 24.215704506635667
      vertex 1.3446814447641344 -0.3 23.647812327742578
    endloop
  endfacet
  facet normal -0.465819809643453 0.7077252251022279 0.53116561513123
    outer loop
      vertex 0.7767893627285929 -1.1 24.215704506635667
      vertex 0.8552124530076952 -1.1 24.284479720890523
      vertex 1.3446814447641344 -0.3 23.647812327742578
    endloop
  endfacet
  facet normal -0.4296336493950628 0.7084605372749089 0.5599094519934696
    outer loop
      vertex 0.8552124530076952 -1.1 24.284479720890523
      vertex 0.9589880362153025 -1.1 24.364109529554845
      vertex 1.4484570130705805 -0.3 23.72744214385748
    endloop
  endfacet
  facet normal -0.3925274478232991 0.7076823596536379 0.5874588330601441
    outer loop
      vertex 0.9589880362153025 -1.1 24.364109529554845
      vertex 1.0457171827554674 -1.1 24.422060093283655
      vertex 1.4484570130705805 -0.3 23.72744214385748
    endloop
  endfacet
  facet normal 0 1 0
    outer loop
      vertex 1.023242059350011 -0.3 23.091062797605993
      vertex 1.2521874636411638 -0.3 23.555318324267866
      vertex 1.6825877681374521 -0.3 23.84290269613266
    endloop
  endfacet
  facet normal 0 1 0
    outer loop
      vertex 1.2521874636411638 -0.3 23.555318324267866
      vertex 1.3446814447641344 -0.3 23.647812327742578
      vertex 1.4484570130705805 -0.3 23.72744214385748
    endloop
  endfacet
  facet normal 0 1 0
    outer loop
      vertex 1.2521874636411638 -0.3 23.555318324267866
      vertex 1.4484570130705805 -0.3 23.72744214385748
      vertex 1.5617385461926432 -0.3 23.792845292389394
    endloop
  endfacet
  facet normal 0 1 0
    outer loop
      vertex 1.2521874636411638 -0.3 23.555318324267866
      vertex 1.5617385461926432 -0.3 23.792845292389394
      vertex 1.6825877681374521 -0.3 23.84290269613266
    endloop
  endfacet
  facet normal 0 1 0
    outer loop
      vertex 1.023242059350011 -0.3 23.091062797605993
      vertex 1.6825877681374521 -0.3 23.84290269613266
      vertex 3.799999999999997 -0.3 23.89999999701977
    endloop
  endfacet
  facet normal -0.42963370947971263 0.7084605438955436 0.5599093975117156
    outer loop
      vertex 0.8552124530076952 -1.1 24.284479720890523
      vertex 1.4484570130705805 -0.3 23.72744214385748
      vertex 1.3446814447641344 -0.3 23.647812327742578
    endloop
  endfacet
  facet normal -0.35290736721494437 0.7083966720968237 0.6112532577643753
    outer loop
      vertex 1.0457171827554674 -1.1 24.422060093283655
      vertex 1.5617385461926432 -0.3 23.792845292389394
      vertex 1.4484570130705805 -0.3 23.72744214385748
    endloop
  endfacet
  facet normal -0.27014403663858444 0.7082913923279279 0.6521851754086231
    outer loop
      vertex 1.5617385461926432 -0.3 23.792845292389394
      vertex 1.2525498673319788 -1.1 24.533597542345525
      vertex 1.6825877681374521 -0.3 23.84290269613266
    endloop
  endfacet
  facet normal 0 1 0
    outer loop
      vertex 1.6825877681374521 -0.3 23.84290269613266
      vertex 1.808936904370782 -0.3 23.87675786614418
      vertex 2.0654732018709154 -0.3 23.89999999701977
    endloop
  endfacet
  facet normal 0 1 0
    outer loop
      vertex 1.808936904370782 -0.3 23.87675786614418
      vertex 1.938624094426629 -0.3 23.893831527233125
      vertex 2.0000699266791315 -0.3 23.89785890877247
    endloop
  endfacet
  facet normal 0 1 0
    outer loop
      vertex 1.808936904370782 -0.3 23.87675786614418
      vertex 2.0000699266791315 -0.3 23.89785890877247
      vertex 2.0654732018709154 -0.3 23.89999999701977
    endloop
  endfacet
  facet normal -0.18274332394191117 0.7081464552553373 0.6820069467857072
    outer loop
      vertex 1.6825877681374521 -0.3 23.84290269613266
      vertex 1.4721717566251726 -1.1 24.617183728516103
      vertex 1.808936904370782 -0.3 23.87675786614418
    endloop
  endfacet
  facet normal -0.09218399415441657 0.7079642671511494 0.7002061893891502
    outer loop
      vertex 1.808936904370782 -0.3 23.87675786614418
      vertex 1.700824859738347 -1.1 24.67138839364052
      vertex 1.938624094426629 -0.3 23.893831527233125
    endloop
  endfacet
  facet normal -0.04624709780314298 0.7071067866082145 0.7055927991961026
    outer loop
      vertex 1.938624094426629 -0.3 23.893831527233125
      vertex 1.8305119678378077 -1.1 24.68846202492714
      vertex 2.0000699266791315 -0.3 23.89785890877247
    endloop
  endfacet
  facet normal -0.02312976154995835 0.7072961053201159 0.7065389115467298
    outer loop
      vertex 2.0000699266791315 -0.3 23.89785890877247
      vertex 1.9738806441426249 -1.1 24.69785891324282
      vertex 2.0654732018709154 -0.3 23.89999999701977
    endloop
  endfacet
  facet normal -0.3529072766352848 0.7083966630493606 0.6112533205459068
    outer loop
      vertex 1.0457171827554674 -1.1 24.422060093283655
      vertex 1.1589987307786913 -1.1 24.487463226914407
      vertex 1.5617385461926432 -0.3 23.792845292389394
    endloop
  endfacet
  facet normal -0.31252821621446014 0.7075973365921521 0.633744525276156
    outer loop
      vertex 1.1589987307786913 -1.1 24.487463226914407
      vertex 1.2525498673319788 -1.1 24.533597542345525
      vertex 1.5617385461926432 -0.3 23.792845292389394
    endloop
  endfacet
  facet normal -0.2701439542801166 0.7082913846801683 0.6521852178283039
    outer loop
      vertex 1.6825877681374521 -0.3 23.84290269613266
      vertex 1.2525498673319788 -1.1 24.533597542345525
      vertex 1.3733991339802714 -1.1 24.583654946088792
    endloop
  endfacet
  facet normal -0.2271746789401938 0.7074715649168254 0.6692351231686499
    outer loop
      vertex 1.6825877681374521 -0.3 23.84290269613266
      vertex 1.3733991339802714 -1.1 24.583654946088792
      vertex 1.4721717566251726 -1.1 24.617183728516103
    endloop
  endfacet
  facet normal -0.18274319686878418 0.7081464440474842 0.6820069924722768
    outer loop
      vertex 1.808936904370782 -0.3 23.87675786614418
      vertex 1.4721717566251726 -1.1 24.617183728516103
      vertex 1.5985208779573412 -1.1 24.6510388687253
    endloop
  endfacet
  facet normal -0.13791057672458246 0.7073071339699959 0.6933233668805945
    outer loop
      vertex 1.808936904370782 -0.3 23.87675786614418
      vertex 1.5985208779573412 -1.1 24.6510388687253
      vertex 1.700824859738347 -1.1 24.67138839364052
    endloop
  endfacet
  facet normal -0.0921838943656518 0.7079642586309006 0.7002062111412477
    outer loop
      vertex 1.938624094426629 -0.3 23.893831527233125
      vertex 1.700824859738347 -1.1 24.67138839364052
      vertex 1.8305119678378077 -1.1 24.68846202492714
    endloop
  endfacet
  facet normal -0.04624703929795257 0.7071067822821795 0.7055928073660586
    outer loop
      vertex 2.0000699266791315 -0.3 23.89785890877247
      vertex 1.8305119678378077 -1.1 24.68846202492714
      vertex 1.9738806441426249 -1.1 24.69785891324282
    endloop
  endfacet
  facet normal 0 1 0
    outer loop
      vertex 1.6825877681374521 -0.3 23.84290269613266
      vertex 2.0654732018709154 -0.3 23.89999999701977
      vertex 3.799999999999997 -0.3 23.89999999701977
    endloop
  endfacet
  facet normal -0.023129710170477845 0.7072961032159342 0.7065389153351598
    outer loop
      vertex 1.9738806441426249 -1.1 24.69785891324282
      vertex 2.039283837378022 -1.1 24.699999994039537
      vertex 2.0654732018709154 -0.3 23.89999999701977
    endloop
  endfacet
  facet normal -0.9994645888894078 0 0.03271903965777592
    outer loop
      vertex 0.20000000596046164 -1.1 22.86071619987488
      vertex 0.20214107930659964 -4.55 22.92611931115389
      vertex 0.20214107930659964 -1.1 22.92611931115389
    endloop
  endfacet
  facet normal -0.9978589244520436 0 0.06540311071662144
    outer loop
      vertex 0.20214107930659964 -1.1 22.92611931115389
      vertex 0.21153795272111608 -4.55 23.069487935304643
      vertex 0.21153795272111608 -1.1 23.069487935304643
    endloop
  endfacet
  facet normal -0.9914448650726301 0 0.13052616412472384
    outer loop
      vertex 0.21153795272111608 -1.1 23.069487935304643
      vertex 0.22861159145831778 -4.55 23.19917512536049
      vertex 0.22861159145831778 -1.1 23.19917512536049
    endloop
  endfacet
  facet normal -0.9807852846098601 0 0.19509030086797116
    outer loop
      vertex 0.22861159145831778 -1.1 23.19917512536049
      vertex 0.24896111637353613 -4.55 23.301479107141496
      vertex 0.24896111637353613 -1.1 23.301479107141496
    endloop
  endfacet
  facet normal -0.9659258354937866 0 0.2588190107500417
    outer loop
      vertex 0.24896111637353613 -1.1 23.301479107141496
      vertex 0.2828162565827341 -4.55 23.427828228473665
      vertex 0.2828162565827341 -1.1 23.427828228473665
    endloop
  endfacet
  facet normal -0.9469301440522992 0 0.32143942241904905
    outer loop
      vertex 0.2828162565827341 -1.1 23.427828228473665
      vertex 0.31634503901004507 -4.55 23.526600851118566
      vertex 0.31634503901004507 -1.1 23.526600851118566
    endloop
  endfacet
  facet normal -0.9238795365799233 0 0.3826834225425323
    outer loop
      vertex 0.31634503901004507 -1.1 23.526600851118566
      vertex 0.36640244275331213 -4.55 23.64745011776686
      vertex 0.36640244275331213 -1.1 23.64745011776686
    endloop
  endfacet
  facet normal -0.8968727402403219 0 0.4422886928396612
    outer loop
      vertex 0.36640244275331213 -1.1 23.64745011776686
      vertex 0.41253675818443014 -4.55 23.741001254320146
      vertex 0.41253675818443014 -1.1 23.741001254320146
    endloop
  endfacet
  facet normal -0.9994645888894078 0 0.03271903965777592
    outer loop
      vertex 0.20000000596046164 -1.1 22.86071619987488
      vertex 0.20000000596046164 -4.55 22.86071619987488
      vertex 0.20214107930659964 -4.55 22.92611931115389
    endloop
  endfacet
  facet normal -0.9978589244520436 0 0.06540311071662144
    outer loop
      vertex 0.20214107930659964 -1.1 22.92611931115389
      vertex 0.20214107930659964 -4.55 22.92611931115389
      vertex 0.21153795272111608 -4.55 23.069487935304643
    endloop
  endfacet
  facet normal -0.9914448650726301 0 0.13052616412472384
    outer loop
      vertex 0.21153795272111608 -1.1 23.069487935304643
      vertex 0.21153795272111608 -4.55 23.069487935304643
      vertex 0.22861159145831778 -4.55 23.19917512536049
    endloop
  endfacet
  facet normal -0.9807852846098601 0 0.19509030086797116
    outer loop
      vertex 0.22861159145831778 -1.1 23.19917512536049
      vertex 0.22861159145831778 -4.55 23.19917512536049
      vertex 0.24896111637353613 -4.55 23.301479107141496
    endloop
  endfacet
  facet normal -0.9659258354937866 0 0.2588190107500417
    outer loop
      vertex 0.24896111637353613 -1.1 23.301479107141496
      vertex 0.24896111637353613 -4.55 23.301479107141496
      vertex 0.2828162565827341 -4.55 23.427828228473665
    endloop
  endfacet
  facet normal -0.9469301440522992 0 0.32143942241904905
    outer loop
      vertex 0.2828162565827341 -1.1 23.427828228473665
      vertex 0.2828162565827341 -4.55 23.427828228473665
      vertex 0.31634503901004507 -4.55 23.526600851118566
    endloop
  endfacet
  facet normal -0.9238795365799233 0 0.3826834225425323
    outer loop
      vertex 0.31634503901004507 -1.1 23.526600851118566
      vertex 0.31634503901004507 -4.55 23.526600851118566
      vertex 0.36640244275331213 -4.55 23.64745011776686
    endloop
  endfacet
  facet normal -0.8968727402403219 0 0.4422886928396612
    outer loop
      vertex 0.36640244275331213 -1.1 23.64745011776686
      vertex 0.36640244275331213 -4.55 23.64745011776686
      vertex 0.41253675818443014 -4.55 23.741001254320146
    endloop
  endfacet
  facet normal -0.8660253991985415 0 0.5000000079430068
    outer loop
      vertex 0.41253675818443014 -1.1 23.741001254320146
      vertex 0.41253675818443014 -4.55 23.741001254320146
      vertex 0.4779398918151827 -4.55 23.85428280234337
    endloop
  endfacet
  facet normal -0.8660253991985415 0 0.5000000079430068
    outer loop
      vertex 0.41253675818443014 -1.1 23.741001254320146
      vertex 0.4779398918151827 -4.55 23.85428280234337
      vertex 0.4779398918151827 -1.1 23.85428280234337
    endloop
  endfacet
  facet normal -0.8314696090887147 0 0.5555702378294397
    outer loop
      vertex 0.4779398918151827 -1.1 23.85428280234337
      vertex 0.5358904555439921 -4.55 23.941011948883535
      vertex 0.5358904555439921 -1.1 23.941011948883535
    endloop
  endfacet
  facet normal -0.7933533120085106 0 0.608761465867483
    outer loop
      vertex 0.5358904555439921 -1.1 23.941011948883535
      vertex 0.6155203089117975 -4.55 24.044787584245206
      vertex 0.6155203089117975 -1.1 24.044787584245206
    endloop
  endfacet
  facet normal -0.7518397553949887 0 0.6593458744904707
    outer loop
      vertex 0.6155203089117975 -1.1 24.044787584245206
      vertex 0.6842954784631701 -4.55 24.123210622370244
      vertex 0.6842954784631701 -1.1 24.123210622370244
    endloop
  endfacet
  facet normal -0.7071067811865476 0 0.7071067811865476
    outer loop
      vertex 0.6842954784631701 -1.1 24.123210622370244
      vertex 0.7767893627285929 -4.55 24.215704506635667
      vertex 0.7767893627285929 -1.1 24.215704506635667
    endloop
  endfacet
  facet normal -0.6593458688848358 0 0.7518397603109993
    outer loop
      vertex 0.7767893627285929 -1.1 24.215704506635667
      vertex 0.8552124530076952 -4.55 24.284479720890523
      vertex 0.8552124530076952 -1.1 24.284479720890523
    endloop
  endfacet
  facet normal -0.6087614433279133 0 0.7933533293037321
    outer loop
      vertex 0.8552124530076952 -1.1 24.284479720890523
      vertex 0.9589880362153025 -4.55 24.364109529554845
      vertex 0.9589880362153025 -1.1 24.364109529554845
    endloop
  endfacet
  facet normal -0.5555702378294397 0 0.8314696090887147
    outer loop
      vertex 0.9589880362153025 -1.1 24.364109529554845
      vertex 1.0457171827554674 -4.55 24.422060093283655
      vertex 1.0457171827554674 -1.1 24.422060093283655
    endloop
  endfacet
  facet normal -0.5000000079430068 0 0.8660253991985415
    outer loop
      vertex 1.0457171827554674 -1.1 24.422060093283655
      vertex 1.1589987307786913 -4.55 24.487463226914407
      vertex 1.1589987307786913 -1.1 24.487463226914407
    endloop
  endfacet
  facet normal -0.8314696090887147 0 0.5555702378294397
    outer loop
      vertex 0.4779398918151827 -1.1 23.85428280234337
      vertex 0.4779398918151827 -4.55 23.85428280234337
      vertex 0.5358904555439921 -4.55 23.941011948883535
    endloop
  endfacet
  facet normal -0.7933533120085106 0 0.608761465867483
    outer loop
      vertex 0.5358904555439921 -1.1 23.941011948883535
      vertex 0.5358904555439921 -4.55 23.941011948883535
      vertex 0.6155203089117975 -4.55 24.044787584245206
    endloop
  endfacet
  facet normal -0.7518397553949887 0 0.6593458744904707
    outer loop
      vertex 0.6155203089117975 -1.1 24.044787584245206
      vertex 0.6155203089117975 -4.55 24.044787584245206
      vertex 0.6842954784631701 -4.55 24.123210622370244
    endloop
  endfacet
  facet normal -0.7071067811865476 0 0.7071067811865476
    outer loop
      vertex 0.6842954784631701 -1.1 24.123210622370244
      vertex 0.6842954784631701 -4.55 24.123210622370244
      vertex 0.7767893627285929 -4.55 24.215704506635667
    endloop
  endfacet
  facet normal -0.6593458688848358 0 0.7518397603109993
    outer loop
      vertex 0.7767893627285929 -1.1 24.215704506635667
      vertex 0.7767893627285929 -4.55 24.215704506635667
      vertex 0.8552124530076952 -4.55 24.284479720890523
    endloop
  endfacet
  facet normal -0.6087614433279133 0 0.7933533293037321
    outer loop
      vertex 0.8552124530076952 -1.1 24.284479720890523
      vertex 0.8552124530076952 -4.55 24.284479720890523
      vertex 0.9589880362153025 -4.55 24.364109529554845
    endloop
  endfacet
  facet normal -0.5555702378294397 0 0.8314696090887147
    outer loop
      vertex 0.9589880362153025 -1.1 24.364109529554845
      vertex 0.9589880362153025 -4.55 24.364109529554845
      vertex 1.0457171827554674 -4.55 24.422060093283655
    endloop
  endfacet
  facet normal -0.5000000079430068 0 0.8660253991985415
    outer loop
      vertex 1.0457171827554674 -1.1 24.422060093283655
      vertex 1.0457171827554674 -4.55 24.422060093283655
      vertex 1.1589987307786913 -4.55 24.487463226914407
    endloop
  endfacet
  facet normal -0.4422886928396612 0 0.8968727402403219
    outer loop
      vertex 1.1589987307786913 -1.1 24.487463226914407
      vertex 1.2525498673319788 -4.55 24.533597542345525
      vertex 1.2525498673319788 -1.1 24.533597542345525
    endloop
  endfacet
  facet normal -0.3826834225425323 0 0.9238795365799233
    outer loop
      vertex 1.2525498673319788 -1.1 24.533597542345525
      vertex 1.3733991339802714 -4.55 24.583654946088792
      vertex 1.3733991339802714 -1.1 24.583654946088792
    endloop
  endfacet
  facet normal -0.32143942241904905 0 0.9469301440522992
    outer loop
      vertex 1.3733991339802714 -1.1 24.583654946088792
      vertex 1.4721717566251726 -4.55 24.617183728516103
      vertex 1.4721717566251726 -1.1 24.617183728516103
    endloop
  endfacet
  facet normal -0.2588190107500417 0 0.9659258354937866
    outer loop
      vertex 1.4721717566251726 -1.1 24.617183728516103
      vertex 1.5985208779573412 -4.55 24.6510388687253
      vertex 1.5985208779573412 -1.1 24.6510388687253
    endloop
  endfacet
  facet normal -0.19509030086797116 0 0.9807852846098601
    outer loop
      vertex 1.5985208779573412 -1.1 24.6510388687253
      vertex 1.700824859738347 -4.55 24.67138839364052
      vertex 1.700824859738347 -1.1 24.67138839364052
    endloop
  endfacet
  facet normal -0.13052618921750095 0 0.9914448617691037
    outer loop
      vertex 1.700824859738347 -1.1 24.67138839364052
      vertex 1.8305119678378077 -4.55 24.68846202492714
      vertex 1.8305119678378077 -1.1 24.68846202492714
    endloop
  endfacet
  facet normal -0.0654031902961053 0 0.997858919236127
    outer loop
      vertex 1.8305119678378077 -1.1 24.68846202492714
      vertex 1.9738806441426249 -4.55 24.69785891324282
      vertex 1.9738806441426249 -1.1 24.69785891324282
    endloop
  endfacet
  facet normal -0.032719112436424724 0 0.9994645865068821
    outer loop
      vertex 1.9738806441426249 -1.1 24.69785891324282
      vertex 2.039283837378022 -4.55 24.699999994039537
      vertex 2.039283837378022 -1.1 24.699999994039537
    endloop
  endfacet
  facet normal -0.4422886928396612 0 0.8968727402403219
    outer loop
      vertex 1.1589987307786913 -1.1 24.487463226914407
      vertex 1.1589987307786913 -4.55 24.487463226914407
      vertex 1.2525498673319788 -4.55 24.533597542345525
    endloop
  endfacet
  facet normal -0.3826834225425323 0 0.9238795365799233
    outer loop
      vertex 1.2525498673319788 -1.1 24.533597542345525
      vertex 1.2525498673319788 -4.55 24.533597542345525
      vertex 1.3733991339802714 -4.55 24.583654946088792
    endloop
  endfacet
  facet normal -0.32143942241904905 0 0.9469301440522992
    outer loop
      vertex 1.3733991339802714 -1.1 24.583654946088792
      vertex 1.3733991339802714 -4.55 24.583654946088792
      vertex 1.4721717566251726 -4.55 24.617183728516103
    endloop
  endfacet
  facet normal -0.2588190107500417 0 0.9659258354937866
    outer loop
      vertex 1.4721717566251726 -1.1 24.617183728516103
      vertex 1.4721717566251726 -4.55 24.617183728516103
      vertex 1.5985208779573412 -4.55 24.6510388687253
    endloop
  endfacet
  facet normal -0.19509030086797116 0 0.9807852846098601
    outer loop
      vertex 1.5985208779573412 -1.1 24.6510388687253
      vertex 1.5985208779573412 -4.55 24.6510388687253
      vertex 1.700824859738347 -4.55 24.67138839364052
    endloop
  endfacet
  facet normal -0.13052618921750095 0 0.9914448617691037
    outer loop
      vertex 1.700824859738347 -1.1 24.67138839364052
      vertex 1.700824859738347 -4.55 24.67138839364052
      vertex 1.8305119678378077 -4.55 24.68846202492714
    endloop
  endfacet
  facet normal -0.0654031902961053 0 0.997858919236127
    outer loop
      vertex 1.8305119678378077 -1.1 24.68846202492714
      vertex 1.8305119678378077 -4.55 24.68846202492714
      vertex 1.9738806441426249 -4.55 24.69785891324282
    endloop
  endfacet
  facet normal -0.032719112436424724 0 0.9994645865068821
    outer loop
      vertex 1.9738806441426249 -1.1 24.69785891324282
      vertex 1.9738806441426249 -4.55 24.69785891324282
      vertex 2.039283837378022 -4.55 24.699999994039537
    endloop
  endfacet
  facet normal 0 1 0
    outer loop
      vertex 2.0654732018709154 -0.3 3.300000002980232
      vertex 3.9305261924862833 -0.3 3.3085551396012303
      vertex 3.799999999999997 -0.3 3.300000002980232
    endloop
  endfacet
  facet normal 0 1 0
    outer loop
      vertex 2.0654732018709154 -0.3 3.300000002980232
      vertex 4.058819043636319 -0.3 3.3340741753578182
      vertex 3.9305261924862833 -0.3 3.3085551396012303
    endloop
  endfacet
  facet normal 0 0.7071067798694585 -0.7071067825036366
    outer loop
      vertex 2.0654732018709154 -0.3 3.300000002980232
      vertex 3.799999999999997 -0.3 3.300000002980232
      vertex 4.599999997019765 -1.1 2.500000005960464
    endloop
  endfacet
  facet normal 0 0.7071067798694585 -0.7071067825036367
    outer loop
      vertex 2.0654732018709154 -0.3 3.300000002980232
      vertex 4.599999997019765 -1.1 2.500000005960464
      vertex 2.039283837378022 -1.1 2.500000005960464
    endloop
  endfacet
  facet normal 0.04480794129278648 0.7284451765562615 -0.6836372379771448
    outer loop
      vertex 3.799999999999997 -0.3 3.300000002980232
      vertex 3.9305261924862833 -0.3 3.3085551396012303
      vertex 4.599999997019765 -1.1 2.500000005960464
    endloop
  endfacet
  facet normal 0.12638704774705517 0.7617776160329462 -0.6353905711237339
    outer loop
      vertex 3.9305261924862833 -0.3 3.3085551396012303
      vertex 4.058819043636319 -0.3 3.3340741753578182
      vertex 4.730526189506051 -1.1 2.5085551425814625
    endloop
  endfacet
  facet normal 0.19901325670872913 0.7852874176927207 -0.5862741639094152
    outer loop
      vertex 4.058819043636319 -0.3 3.3340741753578182
      vertex 4.182683433592317 -0.3 3.376120468974113
      vertex 4.982683430612084 -1.1 2.5761204719543453
    endloop
  endfacet
  facet normal 0.04480794129278632 0.7284451765562614 -0.6836372379771448
    outer loop
      vertex 3.9305261924862833 -0.3 3.3085551396012303
      vertex 4.730526189506051 -1.1 2.5085551425814625
      vertex 4.599999997019765 -1.1 2.500000005960464
    endloop
  endfacet
  facet normal 0 0 -1
    outer loop
      vertex 2.039283837378022 -1.1 2.500000005960464
      vertex 4.599999997019765 -1.1 2.500000005960464
      vertex 3.8447085729384867 -2.020444504226559 2.500000005960464
    endloop
  endfacet
  facet normal 0 0 -1
    outer loop
      vertex 2.039283837378022 -1.1 2.500000005960464
      vertex 3.700000000000003 -2.080384757729337 2.500000005960464
      vertex 3.575735931288065 -2.1757359312880715 2.500000005960464
    endloop
  endfacet
  facet normal 0 0 -1
    outer loop
      vertex 2.039283837378022 -1.1 2.500000005960464
      vertex 3.8447085729384867 -2.020444504226559 2.500000005960464
      vertex 3.700000000000003 -2.080384757729337 2.500000005960464
    endloop
  endfacet
  facet normal 0 0 -1
    outer loop
      vertex 2.039283837378022 -1.1 2.500000005960464
      vertex 3.575735931288065 -2.1757359312880715 2.500000005960464
      vertex 3.4803847577293396 -2.3000000000000003 2.500000005960464
    endloop
  endfacet
  facet normal 0 0 -1
    outer loop
      vertex 2.039283837378022 -1.1 2.500000005960464
      vertex 3.4803847577293396 -2.3000000000000003 2.500000005960464
      vertex 3.420444504226552 -2.4447085729384876 2.500000005960464
    endloop
  endfacet
  facet normal 0 0 -1
    outer loop
      vertex 4.599999997019765 -1.1 2.500000005960464
      vertex 4 -2 2.500000005960464
      vertex 3.8447085729384867 -2.020444504226559 2.500000005960464
    endloop
  endfacet
  facet normal 0 0 -1
    outer loop
      vertex 4.599999997019765 -1.1 2.500000005960464
      vertex 4.155291427061513 -2.020444504226559 2.500000005960464
      vertex 4 -2 2.500000005960464
    endloop
  endfacet
  facet normal 0 0 -1
    outer loop
      vertex 4.599999997019765 -1.1 2.500000005960464
      vertex 4.299999999999997 -2.080384757729337 2.500000005960464
      vertex 4.155291427061513 -2.020444504226559 2.500000005960464
    endloop
  endfacet
  facet normal 0 0 -1
    outer loop
      vertex 4.599999997019765 -1.1 2.500000005960464
      vertex 4.424264068711935 -2.1757359312880715 2.500000005960464
      vertex 4.299999999999997 -2.080384757729337 2.500000005960464
    endloop
  endfacet
  facet normal 0 1 0
    outer loop
      vertex 2.0654732018709154 -0.3 3.300000002980232
      vertex 4.765925827622411 -0.3 4.04118095934391
      vertex 4.058819043636319 -0.3 3.3340741753578182
    endloop
  endfacet
  facet normal 0 1 0
    outer loop
      vertex 4.058819043636319 -0.3 3.3340741753578182
      vertex 4.507106783986089 -0.3 3.5928932189941403
      vertex 4.182683433592317 -0.3 3.376120468974113
    endloop
  endfacet
  facet normal 0 1 0
    outer loop
      vertex 4.182683433592317 -0.3 3.376120468974113
      vertex 4.408761429786679 -0.3 3.5066466614603993
      vertex 4.299999999999997 -0.3 3.4339745998382565
    endloop
  endfacet
  facet normal 0 1 0
    outer loop
      vertex 4.182683433592317 -0.3 3.376120468974113
      vertex 4.507106783986089 -0.3 3.5928932189941403
      vertex 4.408761429786679 -0.3 3.5066466614603993
    endloop
  endfacet
  facet normal 0 1 0
    outer loop
      vertex 4.058819043636319 -0.3 3.3340741753578182
      vertex 4.765925827622411 -0.3 4.04118095934391
      vertex 4.507106783986089 -0.3 3.5928932189941403
    endloop
  endfacet
  facet normal 0.26463233736820496 0.8012536044077421 -0.5366212700244394
    outer loop
      vertex 4.182683433592317 -0.3 3.376120468974113
      vertex 4.299999999999997 -0.3 3.4339745998382565
      vertex 5.099999997019765 -1.1 2.6339746028184887
    endloop
  endfacet
  facet normal 0.3249071158567842 0.8111649907549097 -0.4862578779199506
    outer loop
      vertex 4.299999999999997 -0.3 3.4339745998382565
      vertex 4.408761429786679 -0.3 3.5066466614603993
      vertex 5.099999997019765 -1.1 2.6339746028184887
    endloop
  endfacet
  facet normal 0.3812174261526814 0.8159126025388027 -0.43469517942563257
    outer loop
      vertex 4.408761429786679 -0.3 3.5066466614603993
      vertex 4.507106783986089 -0.3 3.5928932189941403
      vertex 5.208761426806447 -1.1 2.7066466644406315
    endloop
  endfacet
  facet normal 0.43469517942563246 0.8159126025388025 -0.38121742615268134
    outer loop
      vertex 4.507106783986089 -0.3 3.5928932189941403
      vertex 4.59335334151983 -0.3 3.6912385731935498
      vertex 5.3933533385395975 -1.1 2.891238576173782
    endloop
  endfacet
  facet normal 0.1263870477470549 0.7617776160329462 -0.6353905711237339
    outer loop
      vertex 4.058819043636319 -0.3 3.3340741753578182
      vertex 4.858819040656087 -1.1 2.5340741783380505
      vertex 4.730526189506051 -1.1 2.5085551425814625
    endloop
  endfacet
  facet normal 0.1990132567087294 0.7852874176927208 -0.586274163909415
    outer loop
      vertex 4.058819043636319 -0.3 3.3340741753578182
      vertex 4.982683430612084 -1.1 2.5761204719543453
      vertex 4.858819040656087 -1.1 2.5340741783380505
    endloop
  endfacet
  facet normal 0.264632337368205 0.8012536044077422 -0.536621270024439
    outer loop
      vertex 4.182683433592317 -0.3 3.376120468974113
      vertex 5.099999997019765 -1.1 2.6339746028184887
      vertex 4.982683430612084 -1.1 2.5761204719543453
    endloop
  endfacet
  facet normal 0.3249071158567842 0.8111649907549094 -0.4862578779199508
    outer loop
      vertex 4.408761429786679 -0.3 3.5066466614603993
      vertex 5.208761426806447 -1.1 2.7066466644406315
      vertex 5.099999997019765 -1.1 2.6339746028184887
    endloop
  endfacet
  facet normal 0.38121742615268117 0.8159126025388027 -0.43469517942563257
    outer loop
      vertex 4.507106783986089 -0.3 3.5928932189941403
      vertex 5.3071067810058565 -1.1 2.7928932219743725
      vertex 5.208761426806447 -1.1 2.7066466644406315
    endloop
  endfacet
  facet normal 0.43469517942563257 0.8159126025388027 -0.38121742615268117
    outer loop
      vertex 4.507106783986089 -0.3 3.5928932189941403
      vertex 5.3933533385395975 -1.1 2.891238576173782
      vertex 5.3071067810058565 -1.1 2.7928932219743725
    endloop
  endfacet
  facet normal 0.4862578779199506 0.8111649907549097 -0.3249071158567842
    outer loop
      vertex 5.3933533385395975 -1.1 2.891238576173782
      vertex 4.59335334151983 -0.3 3.6912385731935498
      vertex 5.46602540016174 -1.1 3.000000005960464
    endloop
  endfacet
  facet normal 0.5366212700244394 0.8012536044077421 -0.26463233736820496
    outer loop
      vertex 5.46602540016174 -1.1 3.000000005960464
      vertex 4.723879534006116 -0.3 3.9173165693879124
      vertex 5.523879531025884 -1.1 3.1173165723681446
    endloop
  endfacet
  facet normal 0.06540311383340916 0 -0.9978589242477586
    outer loop
      vertex 4.599999997019765 -1.1 2.500000005960464
      vertex 4.730526189506051 -1.1 2.5085551425814625
      vertex 4.599999997019765 -2.5999999773629106 2.500000005960464
    endloop
  endfacet
  facet normal 0 0 -1
    outer loop
      vertex 4.599999997019765 -1.1 2.500000005960464
      vertex 4.51961524227066 -2.3000000000000003 2.500000005960464
      vertex 4.424264068711935 -2.1757359312880715 2.500000005960464
    endloop
  endfacet
  facet normal 0 0 -1
    outer loop
      vertex 4.599999997019765 -1.1 2.500000005960464
      vertex 4.579555495773448 -2.4447085729384876 2.500000005960464
      vertex 4.51961524227066 -2.3000000000000003 2.500000005960464
    endloop
  endfacet
  facet normal 0 1 0
    outer loop
      vertex 4.507106783986089 -0.3 3.5928932189941403
      vertex 4.723879534006116 -0.3 3.9173165693879124
      vertex 4.59335334151983 -0.3 3.6912385731935498
    endloop
  endfacet
  facet normal 0 1 0
    outer loop
      vertex 4.59335334151983 -0.3 3.6912385731935498
      vertex 4.723879534006116 -0.3 3.9173165693879124
      vertex 4.666025403141973 -0.3 3.800000002980232
    endloop
  endfacet
  facet normal 0 1 0
    outer loop
      vertex 4.507106783986089 -0.3 3.5928932189941403
      vertex 4.765925827622411 -0.3 4.04118095934391
      vertex 4.723879534006116 -0.3 3.9173165693879124
    endloop
  endfacet
  facet normal 0 1 0
    outer loop
      vertex 4.765925827622411 -0.3 4.04118095934391
      vertex 4.799999999999997 -0.3 4.300000002980232
      vertex 4.791444863378999 -0.3 4.169473810493946
    endloop
  endfacet
  facet normal 0.4862578779199508 0.8111649907549094 -0.3249071158567842
    outer loop
      vertex 5.46602540016174 -1.1 3.000000005960464
      vertex 4.59335334151983 -0.3 3.6912385731935498
      vertex 4.666025403141973 -0.3 3.800000002980232
    endloop
  endfacet
  facet normal 0.536621270024439 0.8012536044077422 -0.264632337368205
    outer loop
      vertex 5.46602540016174 -1.1 3.000000005960464
      vertex 4.666025403141973 -0.3 3.800000002980232
      vertex 4.723879534006116 -0.3 3.9173165693879124
    endloop
  endfacet
  facet normal 0.5862741639094156 0.7852874176927206 -0.1990132567087287
    outer loop
      vertex 5.5659258246421786 -1.1 3.241180962324142
      vertex 4.723879534006116 -0.3 3.9173165693879124
      vertex 4.765925827622411 -0.3 4.04118095934391
    endloop
  endfacet
  facet normal 0.6353905711237339 0.7617776160329462 -0.1263870477470549
    outer loop
      vertex 5.5914448603987665 -1.1 3.369473813474178
      vertex 4.765925827622411 -0.3 4.04118095934391
      vertex 4.791444863378999 -0.3 4.169473810493946
    endloop
  endfacet
  facet normal 0.6836372379771448 0.7284451765562614 -0.04480794129278632
    outer loop
      vertex 5.5914448603987665 -1.1 3.369473813474178
      vertex 4.791444863378999 -0.3 4.169473810493946
      vertex 4.799999999999997 -0.3 4.300000002980232
    endloop
  endfacet
  facet normal 0.5862741639094152 0.7852874176927207 -0.19901325670872913
    outer loop
      vertex 5.523879531025884 -1.1 3.1173165723681446
      vertex 4.723879534006116 -0.3 3.9173165693879124
      vertex 5.5659258246421786 -1.1 3.241180962324142
    endloop
  endfacet
  facet normal 0.6353905711237339 0.7617776160329462 -0.12638704774705517
    outer loop
      vertex 5.5659258246421786 -1.1 3.241180962324142
      vertex 4.765925827622411 -0.3 4.04118095934391
      vertex 5.5914448603987665 -1.1 3.369473813474178
    endloop
  endfacet
  facet normal 0.6836372379771448 0.7284451765562615 -0.04480794129278648
    outer loop
      vertex 5.5914448603987665 -1.1 3.369473813474178
      vertex 4.799999999999997 -0.3 4.300000002980232
      vertex 5.599999997019765 -1.1 3.500000005960464
    endloop
  endfacet
  facet normal 0 0 -1
    outer loop
      vertex 2.039283837378022 -4.55 2.500000005960464
      vertex 3.420444504226552 -2.4447085729384876 2.500000005960464
      vertex 3.4000000000000057 -2.6 2.500000005960464
    endloop
  endfacet
  facet normal 0 0 -1
    outer loop
      vertex 2.039283837378022 -4.55 2.500000005960464
      vertex 3.4000000000000057 -2.6 2.500000005960464
      vertex 3.420444504226552 -2.7552914270615125 2.500000005960464
    endloop
  endfacet
  facet normal 0 0 -1
    outer loop
      vertex 2.039283837378022 -4.55 2.500000005960464
      vertex 3.420444504226552 -2.7552914270615125 2.500000005960464
      vertex 3.4803847577293396 -2.9 2.500000005960464
    endloop
  endfacet
  facet normal 0 0 -1
    outer loop
      vertex 2.039283837378022 -4.55 2.500000005960464
      vertex 3.4803847577293396 -2.9 2.500000005960464
      vertex 3.575735931288065 -3.0242640687119287 2.500000005960464
    endloop
  endfacet
  facet normal 0 0 -1
    outer loop
      vertex 2.039283837378022 -4.55 2.500000005960464
      vertex 3.575735931288065 -3.0242640687119287 2.500000005960464
      vertex 3.700000000000003 -3.119615242270663 2.500000005960464
    endloop
  endfacet
  facet normal 0 0 -1
    outer loop
      vertex 4.599999997019765 -4.55 2.500000005960464
      vertex 3.700000000000003 -3.119615242270663 2.500000005960464
      vertex 3.8447085729384867 -3.179555495773441 2.500000005960464
    endloop
  endfacet
  facet normal 0 0 -1
    outer loop
      vertex 4.599999997019765 -4.55 2.500000005960464
      vertex 3.8447085729384867 -3.179555495773441 2.500000005960464
      vertex 4 -3.2 2.500000005960464
    endloop
  endfacet
  facet normal 0 0 -1
    outer loop
      vertex 4.599999997019765 -4.55 2.500000005960464
      vertex 4 -3.2 2.500000005960464
      vertex 4.155291427061513 -3.179555495773441 2.500000005960464
    endloop
  endfacet
  facet normal 0 0 -1
    outer loop
      vertex 4.599999997019765 -4.55 2.500000005960464
      vertex 4.299999999999997 -3.119615242270663 2.500000005960464
      vertex 4.424264068711935 -3.0242640687119287 2.500000005960464
    endloop
  endfacet
  facet normal 0 0 -1
    outer loop
      vertex 4.599999997019765 -4.55 2.500000005960464
      vertex 4.155291427061513 -3.179555495773441 2.500000005960464
      vertex 4.299999999999997 -3.119615242270663 2.500000005960464
    endloop
  endfacet
  facet normal 0 0 -1
    outer loop
      vertex 4.599999997019765 -1.1 2.500000005960464
      vertex 4.599999997019765 -2.5999999773629106 2.500000005960464
      vertex 4.579555495773448 -2.4447085729384876 2.500000005960464
    endloop
  endfacet
  facet normal 0.06540327337380313 -1.3958667222250708e-8 -0.9978589137909183
    outer loop
      vertex 4.730526189506051 -1.1 2.5085551425814625
      vertex 4.599999999999994 -2.6 2.5000000061557994
      vertex 4.599999997019765 -2.5999999773629106 2.500000005960464
    endloop
  endfacet
  facet normal 0.19509032949101543 0 -0.9807852789163829
    outer loop
      vertex 4.730526189506051 -1.1 2.5085551425814625
      vertex 4.858819040656087 -1.1 2.5340741783380505
      vertex 4.730526189506051 -4.55 2.5085551425814625
    endloop
  endfacet
  facet normal 0.321439457928675 0 -0.9469301319984065
    outer loop
      vertex 4.858819040656087 -1.1 2.5340741783380505
      vertex 4.982683430612084 -1.1 2.5761204719543453
      vertex 4.858819040656087 -4.55 2.5340741783380505
    endloop
  endfacet
  facet normal 0.4422887070837332 0 -0.8968727332159228
    outer loop
      vertex 4.982683430612084 -1.1 2.5761204719543453
      vertex 5.099999997019765 -1.1 2.6339746028184887
      vertex 4.982683430612084 -4.55 2.5761204719543453
    endloop
  endfacet
  facet normal 0.5555702203832522 0 -0.8314696207458844
    outer loop
      vertex 5.099999997019765 -1.1 2.6339746028184887
      vertex 5.208761426806447 -1.1 2.7066466644406315
      vertex 5.099999997019765 -4.55 2.6339746028184887
    endloop
  endfacet
  facet normal 0.6593458006501333 0 -0.7518398201512305
    outer loop
      vertex 5.208761426806447 -1.1 2.7066466644406315
      vertex 5.3071067810058565 -1.1 2.7928932219743725
      vertex 5.208761426806447 -4.55 2.7066466644406315
    endloop
  endfacet
  facet normal 0.7518398201512305 0 -0.6593458006501333
    outer loop
      vertex 5.3071067810058565 -1.1 2.7928932219743725
      vertex 5.3933533385395975 -1.1 2.891238576173782
      vertex 5.3071067810058565 -4.55 2.7928932219743725
    endloop
  endfacet
  facet normal 0.06540311383339845 4.0720458985827966e-16 -0.9978589242477592
    outer loop
      vertex 4.730526189506051 -1.1 2.5085551425814625
      vertex 4.599999997019765 -4.55 2.500000005960464
      vertex 4.599999999999994 -2.6 2.5000000061557994
    endloop
  endfacet
  facet normal 0.8314696207458844 0 -0.5555702203832522
    outer loop
      vertex 5.3933533385395975 -1.1 2.891238576173782
      vertex 5.46602540016174 -1.1 3.000000005960464
      vertex 5.3933533385395975 -4.55 2.891238576173782
    endloop
  endfacet
  facet normal 0.8968727332159228 0 -0.4422887070837332
    outer loop
      vertex 5.46602540016174 -1.1 3.000000005960464
      vertex 5.523879531025884 -1.1 3.1173165723681446
      vertex 5.46602540016174 -4.55 3.000000005960464
    endloop
  endfacet
  facet normal 0.9469301319984065 0 -0.321439457928675
    outer loop
      vertex 5.523879531025884 -1.1 3.1173165723681446
      vertex 5.5659258246421786 -1.1 3.241180962324142
      vertex 5.523879531025884 -4.55 3.1173165723681446
    endloop
  endfacet
  facet normal 0.9807852789163829 0 -0.19509032949101543
    outer loop
      vertex 5.5659258246421786 -1.1 3.241180962324142
      vertex 5.5914448603987665 -1.1 3.369473813474178
      vertex 5.5659258246421786 -4.55 3.241180962324142
    endloop
  endfacet
  facet normal 0.06540337889253528 0 -0.9978589068748344
    outer loop
      vertex 4.599999997019765 -4.55 2.500000005960464
      vertex 4.599999997019765 -2.6000000226370896 2.500000005960464
      vertex 4.599999999999994 -2.6 2.5000000061557994
    endloop
  endfacet
  facet normal 0 0 -1
    outer loop
      vertex 4.599999997019765 -4.55 2.500000005960464
      vertex 4.579555495773448 -2.7552914270615125 2.500000005960464
      vertex 4.599999997019765 -2.6000000226370896 2.500000005960464
    endloop
  endfacet
  facet normal 0 0 -1
    outer loop
      vertex 4.599999997019765 -4.55 2.500000005960464
      vertex 4.51961524227066 -2.9 2.500000005960464
      vertex 4.579555495773448 -2.7552914270615125 2.500000005960464
    endloop
  endfacet
  facet normal 0.06540311383340917 0 -0.9978589242477587
    outer loop
      vertex 4.730526189506051 -1.1 2.5085551425814625
      vertex 4.730526189506051 -4.55 2.5085551425814625
      vertex 4.599999997019765 -4.55 2.500000005960464
    endloop
  endfacet
  facet normal 0.19509032949101543 0 -0.9807852789163829
    outer loop
      vertex 4.858819040656087 -1.1 2.5340741783380505
      vertex 4.858819040656087 -4.55 2.5340741783380505
      vertex 4.730526189506051 -4.55 2.5085551425814625
    endloop
  endfacet
  facet normal 0 0 -1
    outer loop
      vertex 4.599999997019765 -4.55 2.500000005960464
      vertex 4.424264068711935 -3.0242640687119287 2.500000005960464
      vertex 4.51961524227066 -2.9 2.500000005960464
    endloop
  endfacet
  facet normal 0.321439457928675 0 -0.9469301319984065
    outer loop
      vertex 4.982683430612084 -1.1 2.5761204719543453
      vertex 4.982683430612084 -4.55 2.5761204719543453
      vertex 4.858819040656087 -4.55 2.5340741783380505
    endloop
  endfacet
  facet normal 0.4422887070837332 0 -0.8968727332159228
    outer loop
      vertex 5.099999997019765 -1.1 2.6339746028184887
      vertex 5.099999997019765 -4.55 2.6339746028184887
      vertex 4.982683430612084 -4.55 2.5761204719543453
    endloop
  endfacet
  facet normal 0.5555702203832522 0 -0.8314696207458844
    outer loop
      vertex 5.208761426806447 -1.1 2.7066466644406315
      vertex 5.208761426806447 -4.55 2.7066466644406315
      vertex 5.099999997019765 -4.55 2.6339746028184887
    endloop
  endfacet
  facet normal 0.6593458006501333 0 -0.7518398201512305
    outer loop
      vertex 5.3071067810058565 -1.1 2.7928932219743725
      vertex 5.3071067810058565 -4.55 2.7928932219743725
      vertex 5.208761426806447 -4.55 2.7066466644406315
    endloop
  endfacet
  facet normal 0.7518398201512305 0 -0.6593458006501333
    outer loop
      vertex 5.3933533385395975 -1.1 2.891238576173782
      vertex 5.3933533385395975 -4.55 2.891238576173782
      vertex 5.3071067810058565 -4.55 2.7928932219743725
    endloop
  endfacet
  facet normal 0.8314696207458844 0 -0.5555702203832522
    outer loop
      vertex 5.46602540016174 -1.1 3.000000005960464
      vertex 5.46602540016174 -4.55 3.000000005960464
      vertex 5.3933533385395975 -4.55 2.891238576173782
    endloop
  endfacet
  facet normal 0.8968727332159228 0 -0.4422887070837332
    outer loop
      vertex 5.523879531025884 -1.1 3.1173165723681446
      vertex 5.523879531025884 -4.55 3.1173165723681446
      vertex 5.46602540016174 -4.55 3.000000005960464
    endloop
  endfacet
  facet normal 0.9469301319984065 0 -0.321439457928675
    outer loop
      vertex 5.5659258246421786 -1.1 3.241180962324142
      vertex 5.5659258246421786 -4.55 3.241180962324142
      vertex 5.523879531025884 -4.55 3.1173165723681446
    endloop
  endfacet
  facet normal 0.9807852789163829 0 -0.19509032949101543
    outer loop
      vertex 5.5914448603987665 -1.1 3.369473813474178
      vertex 5.5914448603987665 -4.55 3.369473813474178
      vertex 5.5659258246421786 -4.55 3.241180962324142
    endloop
  endfacet
  facet normal 0.9978589242477587 0 -0.06540311383340917
    outer loop
      vertex 5.5914448603987665 -1.1 3.369473813474178
      vertex 5.599999997019765 -1.1 3.500000005960464
      vertex 5.5914448603987665 -4.55 3.369473813474178
    endloop
  endfacet
  facet normal 1 0 0
    outer loop
      vertex 5.599999997019765 -1.1 3.500000005960464
      vertex 5.599999997019765 -2.247049592712744 11.35
      vertex 5.599999997019765 -4.55 3.500000005960464
    endloop
  endfacet
  facet normal 0.9978589242477587 0 -0.06540311383340917
    outer loop
      vertex 5.599999997019765 -1.1 3.500000005960464
      vertex 5.599999997019765 -4.55 3.500000005960464
      vertex 5.5914448603987665 -4.55 3.369473813474178
    endloop
  endfacet
  facet normal 0 1 0
    outer loop
      vertex 4.765925827622411 -0.3 4.04118095934391
      vertex 4.791444863378999 -0.3 23.030526189506055
      vertex 4.799999999999997 -0.3 4.300000002980232
    endloop
  endfacet
  facet normal 0.7071067825036366 0.7071067798694585 0
    outer loop
      vertex 4.799999999999997 -0.3 4.300000002980232
      vertex 4.799999999999997 -0.3 22.89999999701977
      vertex 5.599999997019765 -1.1 3.500000005960464
    endloop
  endfacet
  facet normal 1 0 0
    outer loop
      vertex 5.599999997019765 -1.1 3.500000005960464
      vertex 5.599999997019765 -1.1 23.699999994039537
      vertex 5.599999997019765 -2.247049592712744 11.35
    endloop
  endfacet
  facet normal 0 0 -1
    outer loop
      vertex 2.039283837378022 -4.55 2.500000005960464
      vertex 3.700000000000003 -3.119615242270663 2.500000005960464
      vertex 4.599999997019765 -4.55 2.500000005960464
    endloop
  endfacet
  facet normal 1 0 0
    outer loop
      vertex 5.599999997019765 -2.247049592712744 11.35
      vertex 5.599999997019765 -5.05 3.500000005960464
      vertex 5.599999997019765 -4.55 3.500000005960464
    endloop
  endfacet
  facet normal 1 0 0
    outer loop
      vertex 5.599999997019765 -2.247049592712744 11.35
      vertex 5.599999997019765 -5.05 11.35
      vertex 5.599999997019765 -5.05 3.500000005960464
    endloop
  endfacet
  facet normal 0 1 0
    outer loop
      vertex 1.023242059350011 -0.3 23.091062797605993
      vertex 4.791444863378999 -0.3 23.030526189506055
      vertex 4.765925827622411 -0.3 4.04118095934391
    endloop
  endfacet
  facet normal 0 1 0
    outer loop
      vertex 4.799999999999997 -0.3 4.300000002980232
      vertex 4.791444863378999 -0.3 23.030526189506055
      vertex 4.799999999999997 -0.3 22.89999999701977
    endloop
  endfacet
  facet normal 0.7071067825036366 0.7071067798694585 0
    outer loop
      vertex 5.599999997019765 -1.1 3.500000005960464
      vertex 4.799999999999997 -0.3 22.89999999701977
      vertex 5.599999997019765 -1.1 23.699999994039537
    endloop
  endfacet
  facet normal 1 0 0
    outer loop
      vertex 5.599999997019765 -2.247049592712744 11.35
      vertex 5.599999997019765 -1.1 23.699999994039537
      vertex 5.599999997019765 -2.247049592712744 15.85
    endloop
  endfacet
  facet normal 1 0 0
    outer loop
      vertex 5.599999997019765 -2.247049592712744 15.85
      vertex 5.599999997019765 -1.1 23.699999994039537
      vertex 5.599999997019765 -5.05 15.85
    endloop
  endfacet
  facet normal 0 1 0
    outer loop
      vertex 1.023242059350011 -0.3 23.091062797605993
      vertex 3.799999999999997 -0.3 23.89999999701977
      vertex 4.791444863378999 -0.3 23.030526189506055
    endloop
  endfacet
  facet normal 0 1 0
    outer loop
      vertex 3.799999999999997 -0.3 23.89999999701977
      vertex 4.182683433592317 -0.3 23.823879531025888
      vertex 4.59335334151983 -0.3 23.50876142680645
    endloop
  endfacet
  facet normal 0 1 0
    outer loop
      vertex 3.799999999999997 -0.3 23.89999999701977
      vertex 4.59335334151983 -0.3 23.50876142680645
      vertex 4.791444863378999 -0.3 23.030526189506055
    endloop
  endfacet
  facet normal 0 1 0
    outer loop
      vertex 4.299999999999997 -0.3 23.766025400161745
      vertex 4.408761429786679 -0.3 23.693353338539602
      vertex 4.507106783986089 -0.3 23.60710678100586
    endloop
  endfacet
  facet normal 0 1 0
    outer loop
      vertex 4.299999999999997 -0.3 23.766025400161745
      vertex 4.59335334151983 -0.3 23.50876142680645
      vertex 4.182683433592317 -0.3 23.823879531025888
    endloop
  endfacet
  facet normal 0 1 0
    outer loop
      vertex 4.299999999999997 -0.3 23.766025400161745
      vertex 4.507106783986089 -0.3 23.60710678100586
      vertex 4.59335334151983 -0.3 23.50876142680645
    endloop
  endfacet
  facet normal 0 0.7071067798694585 0.7071067825036366
    outer loop
      vertex 2.0654732018709154 -0.3 23.89999999701977
      vertex 4.599999997019765 -1.1 24.699999994039537
      vertex 3.799999999999997 -0.3 23.89999999701977
    endloop
  endfacet
  facet normal 0 0.7071067798694585 0.7071067825036367
    outer loop
      vertex 2.0654732018709154 -0.3 23.89999999701977
      vertex 2.039283837378022 -1.1 24.699999994039537
      vertex 4.599999997019765 -1.1 24.699999994039537
    endloop
  endfacet
  facet normal 0 1 0
    outer loop
      vertex 3.799999999999997 -0.3 23.89999999701977
      vertex 3.9305261924862833 -0.3 23.89144486039877
      vertex 4.182683433592317 -0.3 23.823879531025888
    endloop
  endfacet
  facet normal 0 1 0
    outer loop
      vertex 3.9305261924862833 -0.3 23.89144486039877
      vertex 4.058819043636319 -0.3 23.865925824642183
      vertex 4.182683433592317 -0.3 23.823879531025888
    endloop
  endfacet
  facet normal 0.04480794129278648 0.7284451765562615 0.6836372379771448
    outer loop
      vertex 3.799999999999997 -0.3 23.89999999701977
      vertex 4.599999997019765 -1.1 24.699999994039537
      vertex 3.9305261924862833 -0.3 23.89144486039877
    endloop
  endfacet
  facet normal 0.12638704774705517 0.7617776160329462 0.6353905711237339
    outer loop
      vertex 3.9305261924862833 -0.3 23.89144486039877
      vertex 4.858819040656087 -1.1 24.66592582166195
      vertex 4.058819043636319 -0.3 23.865925824642183
    endloop
  endfacet
  facet normal 0.19901325670872913 0.7852874176927207 0.5862741639094152
    outer loop
      vertex 4.058819043636319 -0.3 23.865925824642183
      vertex 4.858819040656087 -1.1 24.66592582166195
      vertex 4.182683433592317 -0.3 23.823879531025888
    endloop
  endfacet
  facet normal 0.04480794129278632 0.7284451765562614 0.6836372379771448
    outer loop
      vertex 3.9305261924862833 -0.3 23.89144486039877
      vertex 4.599999997019765 -1.1 24.699999994039537
      vertex 4.730526189506051 -1.1 24.69144485741854
    endloop
  endfacet
  facet normal 0.1263870477470556 0.7617776160329462 0.6353905711237339
    outer loop
      vertex 3.9305261924862833 -0.3 23.89144486039877
      vertex 4.730526189506051 -1.1 24.69144485741854
      vertex 4.858819040656087 -1.1 24.66592582166195
    endloop
  endfacet
  facet normal 0 0 1
    outer loop
      vertex 2.039283837378022 -1.1 24.699999994039537
      vertex 4 -2 24.699999994039537
      vertex 4.599999997019765 -1.1 24.699999994039537
    endloop
  endfacet
  facet normal 0 0 1
    outer loop
      vertex 2.039283837378022 -1.1 24.699999994039537
      vertex 3.575735931288065 -2.1757359312880715 24.699999994039537
      vertex 3.700000000000003 -2.080384757729337 24.699999994039537
    endloop
  endfacet
  facet normal 0 0 1
    outer loop
      vertex 2.039283837378022 -1.1 24.699999994039537
      vertex 3.700000000000003 -2.080384757729337 24.699999994039537
      vertex 3.8447085729384867 -2.020444504226559 24.699999994039537
    endloop
  endfacet
  facet normal 0 0 1
    outer loop
      vertex 2.039283837378022 -1.1 24.699999994039537
      vertex 3.4803847577293396 -2.3000000000000003 24.699999994039537
      vertex 3.575735931288065 -2.1757359312880715 24.699999994039537
    endloop
  endfacet
  facet normal 0 0 1
    outer loop
      vertex 2.039283837378022 -1.1 24.699999994039537
      vertex 3.420444504226552 -2.4447085729384876 24.699999994039537
      vertex 3.4803847577293396 -2.3000000000000003 24.699999994039537
    endloop
  endfacet
  facet normal 0 0 1
    outer loop
      vertex 2.039283837378022 -1.1 24.699999994039537
      vertex 3.8447085729384867 -2.020444504226559 24.699999994039537
      vertex 4 -2 24.699999994039537
    endloop
  endfacet
  facet normal 0 0 1
    outer loop
      vertex 4.599999997019765 -1.1 24.699999994039537
      vertex 4 -2 24.699999994039537
      vertex 4.155291427061513 -2.020444504226559 24.699999994039537
    endloop
  endfacet
  facet normal 0 0 1
    outer loop
      vertex 4.599999997019765 -1.1 24.699999994039537
      vertex 4.155291427061513 -2.020444504226559 24.699999994039537
      vertex 4.299999999999997 -2.080384757729337 24.699999994039537
    endloop
  endfacet
  facet normal 0 0 1
    outer loop
      vertex 4.599999997019765 -1.1 24.699999994039537
      vertex 4.299999999999997 -2.080384757729337 24.699999994039537
      vertex 4.424264068711935 -2.1757359312880715 24.699999994039537
    endloop
  endfacet
  facet normal 0 1 0
    outer loop
      vertex 4.59335334151983 -0.3 23.50876142680645
      vertex 4.723879534006116 -0.3 23.28268343061209
      vertex 4.791444863378999 -0.3 23.030526189506055
    endloop
  endfacet
  facet normal 0 1 0
    outer loop
      vertex 4.59335334151983 -0.3 23.50876142680645
      vertex 4.666025403141973 -0.3 23.39999999701977
      vertex 4.723879534006116 -0.3 23.28268343061209
    endloop
  endfacet
  facet normal 0 1 0
    outer loop
      vertex 4.765925827622411 -0.3 23.15881904065609
      vertex 4.791444863378999 -0.3 23.030526189506055
      vertex 4.723879534006116 -0.3 23.28268343061209
    endloop
  endfacet
  facet normal 0.4862578779199506 0.8111649907549097 0.3249071158567842
    outer loop
      vertex 4.59335334151983 -0.3 23.50876142680645
      vertex 5.3933533385395975 -1.1 24.30876142382622
      vertex 4.666025403141973 -0.3 23.39999999701977
    endloop
  endfacet
  facet normal 0.6836372379771448 0.7284451765562615 0.04480794129278648
    outer loop
      vertex 4.799999999999997 -0.3 22.89999999701977
      vertex 4.791444863378999 -0.3 23.030526189506055
      vertex 5.599999997019765 -1.1 23.699999994039537
    endloop
  endfacet
  facet normal 0.5862741639094152 0.7852874176927207 0.19901325670872913
    outer loop
      vertex 4.765925827622411 -0.3 23.15881904065609
      vertex 4.723879534006116 -0.3 23.28268343061209
      vertex 5.5659258246421786 -1.1 23.95881903767586
    endloop
  endfacet
  facet normal 0.5366212700244394 0.8012536044077421 0.26463233736820496
    outer loop
      vertex 4.666025403141973 -0.3 23.39999999701977
      vertex 5.46602540016174 -1.1 24.199999994039537
      vertex 4.723879534006116 -0.3 23.28268343061209
    endloop
  endfacet
  facet normal 0.6353905711237339 0.7617776160329462 0.12638704774705517
    outer loop
      vertex 4.765925827622411 -0.3 23.15881904065609
      vertex 5.5659258246421786 -1.1 23.95881903767586
      vertex 4.791444863378999 -0.3 23.030526189506055
    endloop
  endfacet
  facet normal 0.6836372379771448 0.7284451765562614 0.04480794129278632
    outer loop
      vertex 4.791444863378999 -0.3 23.030526189506055
      vertex 5.5914448603987665 -1.1 23.830526186525823
      vertex 5.599999997019765 -1.1 23.699999994039537
    endloop
  endfacet
  facet normal 0.5862741639094156 0.7852874176927206 0.1990132567087287
    outer loop
      vertex 4.723879534006116 -0.3 23.28268343061209
      vertex 5.523879531025884 -1.1 24.082683427631856
      vertex 5.5659258246421786 -1.1 23.95881903767586
    endloop
  endfacet
  facet normal 0.6353905711237338 0.7617776160329461 0.12638704774705556
    outer loop
      vertex 4.791444863378999 -0.3 23.030526189506055
      vertex 5.5659258246421786 -1.1 23.95881903767586
      vertex 5.5914448603987665 -1.1 23.830526186525823
    endloop
  endfacet
  facet normal 0.26463233736820496 0.8012536044077421 0.5366212700244394
    outer loop
      vertex 4.299999999999997 -0.3 23.766025400161745
      vertex 4.182683433592317 -0.3 23.823879531025888
      vertex 5.099999997019765 -1.1 24.566025397181512
    endloop
  endfacet
  facet normal 0.3249071158567842 0.8111649907549097 0.4862578779199506
    outer loop
      vertex 4.299999999999997 -0.3 23.766025400161745
      vertex 5.208761426806447 -1.1 24.49335333555937
      vertex 4.408761429786679 -0.3 23.693353338539602
    endloop
  endfacet
  facet normal 0.3812174261526814 0.8159126025388027 0.43469517942563257
    outer loop
      vertex 4.408761429786679 -0.3 23.693353338539602
      vertex 5.208761426806447 -1.1 24.49335333555937
      vertex 4.507106783986089 -0.3 23.60710678100586
    endloop
  endfacet
  facet normal 0.43469517942563246 0.8159126025388025 0.38121742615268134
    outer loop
      vertex 4.507106783986089 -0.3 23.60710678100586
      vertex 5.3071067810058565 -1.1 24.40710677802563
      vertex 4.59335334151983 -0.3 23.50876142680645
    endloop
  endfacet
  facet normal 0.1990132567087287 0.7852874176927206 0.5862741639094156
    outer loop
      vertex 4.182683433592317 -0.3 23.823879531025888
      vertex 4.858819040656087 -1.1 24.66592582166195
      vertex 4.982683430612084 -1.1 24.623879528045656
    endloop
  endfacet
  facet normal 0.264632337368205 0.8012536044077422 0.536621270024439
    outer loop
      vertex 4.182683433592317 -0.3 23.823879531025888
      vertex 4.982683430612084 -1.1 24.623879528045656
      vertex 5.099999997019765 -1.1 24.566025397181512
    endloop
  endfacet
  facet normal 0.32490711585678433 0.8111649907549097 0.4862578779199503
    outer loop
      vertex 4.299999999999997 -0.3 23.766025400161745
      vertex 5.099999997019765 -1.1 24.566025397181512
      vertex 5.208761426806447 -1.1 24.49335333555937
    endloop
  endfacet
  facet normal 0.38121742615268117 0.8159126025388027 0.43469517942563257
    outer loop
      vertex 4.507106783986089 -0.3 23.60710678100586
      vertex 5.208761426806447 -1.1 24.49335333555937
      vertex 5.3071067810058565 -1.1 24.40710677802563
    endloop
  endfacet
  facet normal 0.43469517942563246 0.8159126025388025 0.3812174261526817
    outer loop
      vertex 4.59335334151983 -0.3 23.50876142680645
      vertex 5.3071067810058565 -1.1 24.40710677802563
      vertex 5.3933533385395975 -1.1 24.30876142382622
    endloop
  endfacet
  facet normal 0.4862578779199503 0.8111649907549097 0.32490711585678433
    outer loop
      vertex 4.666025403141973 -0.3 23.39999999701977
      vertex 5.3933533385395975 -1.1 24.30876142382622
      vertex 5.46602540016174 -1.1 24.199999994039537
    endloop
  endfacet
  facet normal 0.536621270024439 0.8012536044077422 0.264632337368205
    outer loop
      vertex 4.723879534006116 -0.3 23.28268343061209
      vertex 5.46602540016174 -1.1 24.199999994039537
      vertex 5.523879531025884 -1.1 24.082683427631856
    endloop
  endfacet
  facet normal 0 0 1
    outer loop
      vertex 4.599999997019765 -1.1 24.699999994039537
      vertex 4.424264068711935 -2.1757359312880715 24.699999994039537
      vertex 4.51961524227066 -2.3000000000000003 24.699999994039537
    endloop
  endfacet
  facet normal 0 0 1
    outer loop
      vertex 4.599999997019765 -1.1 24.699999994039537
      vertex 4.51961524227066 -2.3000000000000003 24.699999994039537
      vertex 4.579555495773448 -2.4447085729384876 24.699999994039537
    endloop
  endfacet
  facet normal 0 0 1
    outer loop
      vertex 2.039283837378022 -1.1 24.699999994039537
      vertex 3.4000000000000057 -2.6 24.699999994039537
      vertex 3.420444504226552 -2.4447085729384876 24.699999994039537
    endloop
  endfacet
  facet normal 0 0 1
    outer loop
      vertex 2.039283837378022 -1.1 24.699999994039537
      vertex 3.420444504226552 -2.7552914270615125 24.699999994039537
      vertex 3.4000000000000057 -2.6 24.699999994039537
    endloop
  endfacet
  facet normal 0 0 1
    outer loop
      vertex 2.039283837378022 -1.1 24.699999994039537
      vertex 3.4803847577293396 -2.9 24.699999994039537
      vertex 3.420444504226552 -2.7552914270615125 24.699999994039537
    endloop
  endfacet
  facet normal 0 0 1
    outer loop
      vertex 2.039283837378022 -1.1 24.699999994039537
      vertex 3.575735931288065 -3.0242640687119287 24.699999994039537
      vertex 3.4803847577293396 -2.9 24.699999994039537
    endloop
  endfacet
  facet normal 0 0 1
    outer loop
      vertex 2.039283837378022 -1.1 24.699999994039537
      vertex 4.599999997019765 -4.55 24.699999994039537
      vertex 3.575735931288065 -3.0242640687119287 24.699999994039537
    endloop
  endfacet
  facet normal 0 0 1
    outer loop
      vertex 2.039283837378022 -1.1 24.699999994039537
      vertex 2.039283837378022 -4.55 24.699999994039537
      vertex 4.599999997019765 -4.55 24.699999994039537
    endloop
  endfacet
  facet normal 0 0 1
    outer loop
      vertex 4.599999997019765 -4.55 24.699999994039537
      vertex 3.700000000000003 -3.119615242270663 24.699999994039537
      vertex 3.575735931288065 -3.0242640687119287 24.699999994039537
    endloop
  endfacet
  facet normal 0 0 1
    outer loop
      vertex 4.599999997019765 -4.55 24.699999994039537
      vertex 3.8447085729384867 -3.179555495773441 24.699999994039537
      vertex 3.700000000000003 -3.119615242270663 24.699999994039537
    endloop
  endfacet
  facet normal 0 0 1
    outer loop
      vertex 4.599999997019765 -4.55 24.699999994039537
      vertex 4 -3.2 24.699999994039537
      vertex 3.8447085729384867 -3.179555495773441 24.699999994039537
    endloop
  endfacet
  facet normal 0 0 1
    outer loop
      vertex 4.599999997019765 -4.55 24.699999994039537
      vertex 4.155291427061513 -3.179555495773441 24.699999994039537
      vertex 4 -3.2 24.699999994039537
    endloop
  endfacet
  facet normal 0 0 1
    outer loop
      vertex 4.599999997019765 -4.55 24.699999994039537
      vertex 4.424264068711935 -3.0242640687119287 24.699999994039537
      vertex 4.299999999999997 -3.119615242270663 24.699999994039537
    endloop
  endfacet
  facet normal 0 0 1
    outer loop
      vertex 4.599999997019765 -4.55 24.699999994039537
      vertex 4.299999999999997 -3.119615242270663 24.699999994039537
      vertex 4.155291427061513 -3.179555495773441 24.699999994039537
    endloop
  endfacet
  facet normal 0.9978589242477587 0 0.06540311383340917
    outer loop
      vertex 5.599999997019765 -1.1 23.699999994039537
      vertex 5.5914448603987665 -1.1 23.830526186525823
      vertex 5.599999997019765 -4.55 23.699999994039537
    endloop
  endfacet
  facet normal 1 0 0
    outer loop
      vertex 5.599999997019765 -1.1 23.699999994039537
      vertex 5.599999997019765 -4.55 23.699999994039537
      vertex 5.599999997019765 -5.05 15.85
    endloop
  endfacet
  facet normal 0.9978589242477587 0 0.06540311383340917
    outer loop
      vertex 5.5914448603987665 -1.1 23.830526186525823
      vertex 5.5914448603987665 -4.55 23.830526186525823
      vertex 5.599999997019765 -4.55 23.699999994039537
    endloop
  endfacet
  facet normal 0 0 1
    outer loop
      vertex 4.599999997019765 -1.1 24.699999994039537
      vertex 4.579555495773448 -2.4447085729384876 24.699999994039537
      vertex 4.599999997019765 -2.5999999773629106 24.699999994039537
    endloop
  endfacet
  facet normal 0.06540337889253528 0 0.9978589068748344
    outer loop
      vertex 4.599999997019765 -1.1 24.699999994039537
      vertex 4.599999997019765 -2.5999999773629106 24.699999994039537
      vertex 4.599999999999994 -2.6 24.6999999938442
    endloop
  endfacet
  facet normal 0.06540311383340917 0 0.9978589242477587
    outer loop
      vertex 4.599999997019765 -1.1 24.699999994039537
      vertex 4.730526189506051 -4.55 24.69144485741854
      vertex 4.730526189506051 -1.1 24.69144485741854
    endloop
  endfacet
  facet normal 0.19509032949101543 0 0.9807852789163829
    outer loop
      vertex 4.730526189506051 -1.1 24.69144485741854
      vertex 4.858819040656087 -4.55 24.66592582166195
      vertex 4.858819040656087 -1.1 24.66592582166195
    endloop
  endfacet
  facet normal 0.321439457928675 0 0.9469301319984065
    outer loop
      vertex 4.858819040656087 -1.1 24.66592582166195
      vertex 4.982683430612084 -4.55 24.623879528045656
      vertex 4.982683430612084 -1.1 24.623879528045656
    endloop
  endfacet
  facet normal 0.4422887070837332 0 0.8968727332159228
    outer loop
      vertex 4.982683430612084 -1.1 24.623879528045656
      vertex 5.099999997019765 -4.55 24.566025397181512
      vertex 5.099999997019765 -1.1 24.566025397181512
    endloop
  endfacet
  facet normal 0.5555702203832522 0 0.8314696207458844
    outer loop
      vertex 5.099999997019765 -1.1 24.566025397181512
      vertex 5.208761426806447 -4.55 24.49335333555937
      vertex 5.208761426806447 -1.1 24.49335333555937
    endloop
  endfacet
  facet normal 0.6593458006501333 0 0.7518398201512305
    outer loop
      vertex 5.208761426806447 -1.1 24.49335333555937
      vertex 5.3071067810058565 -4.55 24.40710677802563
      vertex 5.3071067810058565 -1.1 24.40710677802563
    endloop
  endfacet
  facet normal 0.06540311383339525 -5.28887057703426e-16 0.9978589242477596
    outer loop
      vertex 4.599999997019765 -1.1 24.699999994039537
      vertex 4.599999999999994 -2.6 24.6999999938442
      vertex 4.730526189506051 -4.55 24.69144485741854
    endloop
  endfacet
  facet normal 0.8968727332159228 0 0.4422887070837332
    outer loop
      vertex 5.46602540016174 -1.1 24.199999994039537
      vertex 5.523879531025884 -4.55 24.082683427631856
      vertex 5.523879531025884 -1.1 24.082683427631856
    endloop
  endfacet
  facet normal 0.7518398201512305 0 0.6593458006501333
    outer loop
      vertex 5.3071067810058565 -1.1 24.40710677802563
      vertex 5.3933533385395975 -4.55 24.30876142382622
      vertex 5.3933533385395975 -1.1 24.30876142382622
    endloop
  endfacet
  facet normal 0.8314696207458844 0 0.5555702203832522
    outer loop
      vertex 5.46602540016174 -1.1 24.199999994039537
      vertex 5.3933533385395975 -1.1 24.30876142382622
      vertex 5.46602540016174 -4.55 24.199999994039537
    endloop
  endfacet
  facet normal 0.9807852789163829 0 0.19509032949101543
    outer loop
      vertex 5.5914448603987665 -1.1 23.830526186525823
      vertex 5.5659258246421786 -1.1 23.95881903767586
      vertex 5.5914448603987665 -4.55 23.830526186525823
    endloop
  endfacet
  facet normal 0.9469301319984065 0 0.321439457928675
    outer loop
      vertex 5.523879531025884 -1.1 24.082683427631856
      vertex 5.5659258246421786 -4.55 23.95881903767586
      vertex 5.5659258246421786 -1.1 23.95881903767586
    endloop
  endfacet
  facet normal 0.0654032892711776 1.1823185936906841e-8 0.997858912748947
    outer loop
      vertex 4.730526189506051 -4.55 24.69144485741854
      vertex 4.599999999999994 -2.6 24.6999999938442
      vertex 4.599999997019765 -2.6000000226370896 24.699999994039537
    endloop
  endfacet
  facet normal 0 0 1
    outer loop
      vertex 4.599999997019765 -4.55 24.699999994039537
      vertex 4.599999997019765 -2.6000000226370896 24.699999994039537
      vertex 4.579555495773448 -2.7552914270615125 24.699999994039537
    endloop
  endfacet
  facet normal 0 0 1
    outer loop
      vertex 4.599999997019765 -4.55 24.699999994039537
      vertex 4.579555495773448 -2.7552914270615125 24.699999994039537
      vertex 4.51961524227066 -2.9 24.699999994039537
    endloop
  endfacet
  facet normal 0.19509032949101543 0 0.9807852789163829
    outer loop
      vertex 4.730526189506051 -1.1 24.69144485741854
      vertex 4.730526189506051 -4.55 24.69144485741854
      vertex 4.858819040656087 -4.55 24.66592582166195
    endloop
  endfacet
  facet normal 0.321439457928675 0 0.9469301319984065
    outer loop
      vertex 4.858819040656087 -1.1 24.66592582166195
      vertex 4.858819040656087 -4.55 24.66592582166195
      vertex 4.982683430612084 -4.55 24.623879528045656
    endloop
  endfacet
  facet normal 0 0 1
    outer loop
      vertex 4.599999997019765 -4.55 24.699999994039537
      vertex 4.51961524227066 -2.9 24.699999994039537
      vertex 4.424264068711935 -3.0242640687119287 24.699999994039537
    endloop
  endfacet
  facet normal 0.4422887070837332 0 0.8968727332159228
    outer loop
      vertex 4.982683430612084 -1.1 24.623879528045656
      vertex 4.982683430612084 -4.55 24.623879528045656
      vertex 5.099999997019765 -4.55 24.566025397181512
    endloop
  endfacet
  facet normal 0.5555702203832522 0 0.8314696207458844
    outer loop
      vertex 5.099999997019765 -1.1 24.566025397181512
      vertex 5.099999997019765 -4.55 24.566025397181512
      vertex 5.208761426806447 -4.55 24.49335333555937
    endloop
  endfacet
  facet normal 0.7518398201512305 0 0.6593458006501333
    outer loop
      vertex 5.3071067810058565 -1.1 24.40710677802563
      vertex 5.3071067810058565 -4.55 24.40710677802563
      vertex 5.3933533385395975 -4.55 24.30876142382622
    endloop
  endfacet
  facet normal 0.6593458006501333 0 0.7518398201512305
    outer loop
      vertex 5.208761426806447 -1.1 24.49335333555937
      vertex 5.208761426806447 -4.55 24.49335333555937
      vertex 5.3071067810058565 -4.55 24.40710677802563
    endloop
  endfacet
  facet normal 0.8968727332159228 0 0.4422887070837332
    outer loop
      vertex 5.46602540016174 -1.1 24.199999994039537
      vertex 5.46602540016174 -4.55 24.199999994039537
      vertex 5.523879531025884 -4.55 24.082683427631856
    endloop
  endfacet
  facet normal 0.9469301319984065 0 0.321439457928675
    outer loop
      vertex 5.523879531025884 -1.1 24.082683427631856
      vertex 5.523879531025884 -4.55 24.082683427631856
      vertex 5.5659258246421786 -4.55 23.95881903767586
    endloop
  endfacet
  facet normal 0.8314696207458844 0 0.5555702203832522
    outer loop
      vertex 5.3933533385395975 -1.1 24.30876142382622
      vertex 5.3933533385395975 -4.55 24.30876142382622
      vertex 5.46602540016174 -4.55 24.199999994039537
    endloop
  endfacet
  facet normal 0.9807852789163829 0 0.19509032949101543
    outer loop
      vertex 5.5659258246421786 -1.1 23.95881903767586
      vertex 5.5659258246421786 -4.55 23.95881903767586
      vertex 5.5914448603987665 -4.55 23.830526186525823
    endloop
  endfacet
  facet normal 1 0 0
    outer loop
      vertex 5.599999997019765 -5.05 15.85
      vertex 5.599999997019765 -4.55 23.699999994039537
      vertex 5.599999997019765 -5.05 23.699999994039537
    endloop
  endfacet
  facet normal 0.06540311383340917 0 0.9978589242477587
    outer loop
      vertex 4.599999997019765 -4.55 24.699999994039537
      vertex 4.730526189506051 -4.55 24.69144485741854
      vertex 4.599999997019765 -2.6000000226370896 24.699999994039537
    endloop
  endfacet
  facet normal 0.38074980525429686 0.9246780984747152 0
    outer loop
      vertex 5.599999997019765 -2.247049592712744 11.35
      vertex 5.599999997019765 -2.247049592712744 15.85
      vertex 6.6974884620746025 -2.698956607735327 11.35
    endloop
  endfacet
  facet normal 0 0 -1
    outer loop
      vertex 5.599999997019765 -2.247049592712744 11.35
      vertex 6.6974884620746025 -2.698956607735327 11.35
      vertex 6.991389857711326 -2.868640657621394 11.35
    endloop
  endfacet
  facet normal 0 0 -1
    outer loop
      vertex 6.6974884620746025 -2.698956607735327 11.35
      vertex 6.849999999999994 -2.77416697508023 11.35
      vertex 6.991389857711326 -2.868640657621394 11.35
    endloop
  endfacet
  facet normal 0 0 -1
    outer loop
      vertex 5.599999997019765 -2.247049592712744 11.35
      vertex 6.991389857711326 -2.868640657621394 11.35
      vertex 7.499999999999986 -3.9 11.35
    endloop
  endfacet
  facet normal 0 0 -1
    outer loop
      vertex 6.991389857711326 -2.868640657621394 11.35
      vertex 7.119238815542502 -2.980761184457488 11.35
      vertex 7.32583302491976 -3.25 11.35
    endloop
  endfacet
  facet normal 0 0 -1
    outer loop
      vertex 7.119238815542502 -2.980761184457488 11.35
      vertex 7.231359342378596 -3.108610142288663 11.35
      vertex 7.32583302491976 -3.25 11.35
    endloop
  endfacet
  facet normal 0 0 -1
    outer loop
      vertex 6.991389857711326 -2.868640657621394 11.35
      vertex 7.32583302491976 -3.25 11.35
      vertex 7.499999999999986 -3.9 11.35
    endloop
  endfacet
  facet normal 0 0 -1
    outer loop
      vertex 7.32583302491976 -3.25 11.35
      vertex 7.401043392264668 -3.402511537925383 11.35
      vertex 7.455703574175772 -3.563535241366723 11.35
    endloop
  endfacet
  facet normal 0 0 -1
    outer loop
      vertex 7.32583302491976 -3.25 11.35
      vertex 7.455703574175772 -3.563535241366723 11.35
      vertex 7.499999999999986 -3.9 11.35
    endloop
  endfacet
  facet normal 0 0 -1
    outer loop
      vertex 5.599999997019765 -2.247049592712744 11.35
      vertex 5.702511537925375 -5.101043392264673 11.35
      vertex 5.599999997019765 -5.05 11.35
    endloop
  endfacet
  facet normal 0 0 -1
    outer loop
      vertex 5.599999997019765 -2.247049592712744 11.35
      vertex 5.863535241366705 -5.155703574175789 11.35
      vertex 5.702511537925375 -5.101043392264673 11.35
    endloop
  endfacet
  facet normal 0 0 -1
    outer loop
      vertex 5.599999997019765 -5.05 11.35
      vertex 5.702511537925375 -5.101043392264673 11.35
      vertex 5.599999997019765 -5.058832757774131 11.35
    endloop
  endfacet
  facet normal 0 0 -1
    outer loop
      vertex 5.863535241366705 -5.155703574175789 11.35
      vertex 6.199999999999989 -5.2 11.35
      vertex 6.030315950113916 -5.188878319785953 11.35
    endloop
  endfacet
  facet normal -0.3807498052542678 -0.9246780984747272 0
    outer loop
      vertex 5.599999997019765 -5.058832757774131 11.35
      vertex 5.702511537925375 -5.101043392264673 11.35
      vertex 5.702511537925375 -5.101043392264673 15.85
    endloop
  endfacet
  facet normal 0 0 -1
    outer loop
      vertex 5.599999997019765 -2.247049592712744 11.35
      vertex 7.499999999999986 -3.9 11.35
      vertex 5.863535241366705 -5.155703574175789 11.35
    endloop
  endfacet
  facet normal 0 0 -1
    outer loop
      vertex 7.455703574175772 -3.563535241366723 11.35
      vertex 7.48887831978594 -3.730315950113933 11.35
      vertex 7.499999999999986 -3.9 11.35
    endloop
  endfacet
  facet normal 0 0 -1
    outer loop
      vertex 7.499999999999986 -3.9 11.35
      vertex 7.48887831978594 -4.069684049886067 11.35
      vertex 7.455703574175772 -4.236464758633277 11.35
    endloop
  endfacet
  facet normal 0 0 -1
    outer loop
      vertex 7.499999999999986 -3.9 11.35
      vertex 7.401043392264668 -4.397488462074617 11.35
      vertex 6.991389857711326 -4.931359342378606 11.35
    endloop
  endfacet
  facet normal 0 0 -1
    outer loop
      vertex 7.401043392264668 -4.397488462074617 11.35
      vertex 7.32583302491976 -4.55 11.35
      vertex 7.231359342378596 -4.691389857711337 11.35
    endloop
  endfacet
  facet normal 0 0 -1
    outer loop
      vertex 7.499999999999986 -3.9 11.35
      vertex 7.455703574175772 -4.236464758633277 11.35
      vertex 7.401043392264668 -4.397488462074617 11.35
    endloop
  endfacet
  facet normal 0 0 -1
    outer loop
      vertex 5.863535241366705 -5.155703574175789 11.35
      vertex 7.499999999999986 -3.9 11.35
      vertex 6.991389857711326 -4.931359342378606 11.35
    endloop
  endfacet
  facet normal 0 0 -1
    outer loop
      vertex 5.863535241366705 -5.155703574175789 11.35
      vertex 6.536464758633272 -5.155703574175789 11.35
      vertex 6.199999999999989 -5.2 11.35
    endloop
  endfacet
  facet normal 0 0 -1
    outer loop
      vertex 6.536464758633272 -5.155703574175789 11.35
      vertex 6.369684049886061 -5.188878319785953 11.35
      vertex 6.199999999999989 -5.2 11.35
    endloop
  endfacet
  facet normal 0 0 -1
    outer loop
      vertex 5.863535241366705 -5.155703574175789 11.35
      vertex 6.991389857711326 -4.931359342378606 11.35
      vertex 6.536464758633272 -5.155703574175789 11.35
    endloop
  endfacet
  facet normal 0 0 -1
    outer loop
      vertex 6.991389857711326 -4.931359342378606 11.35
      vertex 6.6974884620746025 -5.101043392264673 11.35
      vertex 6.536464758633272 -5.155703574175789 11.35
    endloop
  endfacet
  facet normal 0 0 -1
    outer loop
      vertex 6.991389857711326 -4.931359342378606 11.35
      vertex 6.849999999999994 -5.02583302491977 11.35
      vertex 6.6974884620746025 -5.101043392264673 11.35
    endloop
  endfacet
  facet normal 0 0 -1
    outer loop
      vertex 7.401043392264668 -4.397488462074617 11.35
      vertex 7.231359342378596 -4.691389857711337 11.35
      vertex 6.991389857711326 -4.931359342378606 11.35
    endloop
  endfacet
  facet normal 0 0 -1
    outer loop
      vertex 6.991389857711326 -4.931359342378606 11.35
      vertex 7.231359342378596 -4.691389857711337 11.35
      vertex 7.119238815542502 -4.819238815542512 11.35
    endloop
  endfacet
  facet normal 0 0 1
    outer loop
      vertex 5.599999997019765 -2.247049592712744 15.85
      vertex 5.599999997019765 -5.05 15.85
      vertex 6.6974884620746025 -2.698956607735327 15.85
    endloop
  endfacet
  facet normal 0.38074980525429686 0.9246780984747152 0
    outer loop
      vertex 6.6974884620746025 -2.698956607735327 11.35
      vertex 5.599999997019765 -2.247049592712744 15.85
      vertex 6.6974884620746025 -2.698956607735327 15.85
    endloop
  endfacet
  facet normal 0 0 1
    outer loop
      vertex 6.6974884620746025 -2.698956607735327 15.85
      vertex 6.991389857711326 -2.868640657621394 15.85
      vertex 6.849999999999994 -2.77416697508023 15.85
    endloop
  endfacet
  facet normal 0 0 1
    outer loop
      vertex 6.6974884620746025 -2.698956607735327 15.85
      vertex 5.599999997019765 -5.05 15.85
      vertex 6.991389857711326 -2.868640657621394 15.85
    endloop
  endfacet
  facet normal 0 0 1
    outer loop
      vertex 6.991389857711326 -2.868640657621394 15.85
      vertex 5.599999997019765 -5.05 15.85
      vertex 7.046914345103744 -3.0322105229055447 15.85
    endloop
  endfacet
  facet normal 0 0 1
    outer loop
      vertex 6.991389857711326 -2.868640657621394 15.85
      vertex 7.32583302491976 -3.25 15.85
      vertex 7.119238815542502 -2.980761184457488 15.85
    endloop
  endfacet
  facet normal 0 0 1
    outer loop
      vertex 6.991389857711326 -2.868640657621394 15.85
      vertex 7.046914345103744 -3.0322105229055447 15.85
      vertex 7.401043392264668 -3.402511537925383 15.85
    endloop
  endfacet
  facet normal 0 0 1
    outer loop
      vertex 7.119238815542502 -2.980761184457488 15.85
      vertex 7.32583302491976 -3.25 15.85
      vertex 7.231359342378596 -3.108610142288663 15.85
    endloop
  endfacet
  facet normal 0 0 1
    outer loop
      vertex 6.991389857711326 -2.868640657621394 15.85
      vertex 7.401043392264668 -3.402511537925383 15.85
      vertex 7.32583302491976 -3.25 15.85
    endloop
  endfacet
  facet normal 0 0 1
    outer loop
      vertex 7.046914345103744 -3.0322105229055447 15.85
      vertex 7.410056364146897 -3.5400229157973677 15.85
      vertex 7.401043392264668 -3.402511537925383 15.85
    endloop
  endfacet
  facet normal 0 0 1
    outer loop
      vertex 7.401043392264668 -3.402511537925383 15.85
      vertex 7.410056364146897 -3.5400229157973677 15.85
      vertex 7.499999999999986 -3.9 15.85
    endloop
  endfacet
  facet normal 0 0 1
    outer loop
      vertex 7.401043392264668 -3.402511537925383 15.85
      vertex 7.499999999999986 -3.9 15.85
      vertex 7.455703574175772 -3.563535241366723 15.85
    endloop
  endfacet
  facet normal -0.3807498052543021 -0.924678098474713 9.125323691495415e-16
    outer loop
      vertex 5.599999997019765 -5.058832757774131 11.35
      vertex 5.702511537925375 -5.101043392264673 15.85
      vertex 5.599999997019765 -5.058832757774127 15.85
    endloop
  endfacet
  facet normal 0 0 1
    outer loop
      vertex 5.599999997019765 -5.05 15.85
      vertex 5.599999997019765 -5.058832757774127 15.85
      vertex 5.702511537925375 -5.101043392264673 15.85
    endloop
  endfacet
  facet normal 0 0 1
    outer loop
      vertex 5.599999997019765 -5.05 15.85
      vertex 5.702511537925375 -5.101043392264673 15.85
      vertex 5.863535241366705 -5.155703574175789 15.85
    endloop
  endfacet
  facet normal 0 0 1
    outer loop
      vertex 5.863535241366705 -5.155703574175789 15.85
      vertex 6.030315950113916 -5.188878319785953 15.85
      vertex 6.199999999999989 -5.2 15.85
    endloop
  endfacet
  facet normal 0 0 1
    outer loop
      vertex 5.863535241366705 -5.155703574175789 15.85
      vertex 6.199999999999989 -5.2 15.85
      vertex 6.369684049886061 -5.188878319785953 15.85
    endloop
  endfacet
  facet normal 0 0 1
    outer loop
      vertex 7.046914345103744 -3.0322105229055447 15.85
      vertex 5.599999997019765 -5.05 15.85
      vertex 7.331783637939282 -3.871408398311182 15.85
    endloop
  endfacet
  facet normal 0 0 1
    outer loop
      vertex 5.599999997019765 -5.05 15.85
      vertex 7.455703574175772 -4.236464758633277 15.85
      vertex 7.331783637939282 -3.871408398311182 15.85
    endloop
  endfacet
  facet normal 0 0 1
    outer loop
      vertex 7.331783637939282 -3.871408398311182 15.85
      vertex 7.455703574175772 -4.236464758633277 15.85
      vertex 7.444581893961725 -4.066780708747237 15.85
    endloop
  endfacet
  facet normal 0 0 1
    outer loop
      vertex 7.455703574175772 -3.563535241366723 15.85
      vertex 7.499999999999986 -3.9 15.85
      vertex 7.48887831978594 -3.730315950113933 15.85
    endloop
  endfacet
  facet normal 0 0 1
    outer loop
      vertex 7.410056364146897 -3.5400229157973677 15.85
      vertex 7.444581893961725 -4.066780708747237 15.85
      vertex 7.499999999999986 -3.9 15.85
    endloop
  endfacet
  facet normal 0 0 1
    outer loop
      vertex 7.499999999999986 -3.9 15.85
      vertex 7.444581893961725 -4.066780708747237 15.85
      vertex 7.455703574175772 -4.236464758633277 15.85
    endloop
  endfacet
  facet normal 0 0 1
    outer loop
      vertex 7.499999999999986 -3.9 15.85
      vertex 7.455703574175772 -4.236464758633277 15.85
      vertex 7.48887831978594 -4.069684049886067 15.85
    endloop
  endfacet
  facet normal 0 0 1
    outer loop
      vertex 7.401043392264668 -4.397488462074617 15.85
      vertex 7.455703574175772 -4.236464758633277 15.85
      vertex 7.231359342378596 -4.691389857711337 15.85
    endloop
  endfacet
  facet normal 0 0 1
    outer loop
      vertex 7.401043392264668 -4.397488462074617 15.85
      vertex 7.231359342378596 -4.691389857711337 15.85
      vertex 7.32583302491976 -4.55 15.85
    endloop
  endfacet
  facet normal 0 0 1
    outer loop
      vertex 5.599999997019765 -5.05 15.85
      vertex 5.863535241366705 -5.155703574175789 15.85
      vertex 7.455703574175772 -4.236464758633277 15.85
    endloop
  endfacet
  facet normal 0 0 1
    outer loop
      vertex 5.863535241366705 -5.155703574175789 15.85
      vertex 6.849999999999994 -5.02583302491977 15.85
      vertex 7.455703574175772 -4.236464758633277 15.85
    endloop
  endfacet
  facet normal 0 0 1
    outer loop
      vertex 6.991389857711326 -4.931359342378606 15.85
      vertex 7.119238815542502 -4.819238815542512 15.85
      vertex 6.849999999999994 -5.02583302491977 15.85
    endloop
  endfacet
  facet normal 0 0 1
    outer loop
      vertex 5.863535241366705 -5.155703574175789 15.85
      vertex 6.369684049886061 -5.188878319785953 15.85
      vertex 6.849999999999994 -5.02583302491977 15.85
    endloop
  endfacet
  facet normal 0 0 1
    outer loop
      vertex 6.536464758633272 -5.155703574175789 15.85
      vertex 6.849999999999994 -5.02583302491977 15.85
      vertex 6.369684049886061 -5.188878319785953 15.85
    endloop
  endfacet
  facet normal 0 0 1
    outer loop
      vertex 6.536464758633272 -5.155703574175789 15.85
      vertex 6.6974884620746025 -5.101043392264673 15.85
      vertex 6.849999999999994 -5.02583302491977 15.85
    endloop
  endfacet
  facet normal 0 0 1
    outer loop
      vertex 7.455703574175772 -4.236464758633277 15.85
      vertex 6.849999999999994 -5.02583302491977 15.85
      vertex 7.231359342378596 -4.691389857711337 15.85
    endloop
  endfacet
  facet normal 0 0 1
    outer loop
      vertex 6.849999999999994 -5.02583302491977 15.85
      vertex 7.119238815542502 -4.819238815542512 15.85
      vertex 7.231359342378596 -4.691389857711337 15.85
    endloop
  endfacet
  facet normal 0.3394310152783985 0.6882980097981648 -0.6411181135913735
    outer loop
      vertex 6.6974884620746025 -2.698956607735327 11.35
      vertex 7.697488462074617 -3.098956607735327 11.45
      vertex 6.849999999999994 -2.77416697508023 11.35
    endloop
  endfacet
  facet normal 0.22733950198749955 0.34023760875598386 -0.9124445848510943
    outer loop
      vertex 6.849999999999994 -2.77416697508023 11.35
      vertex 7.99138985771134 -3.268640657621394 11.45
      vertex 6.991389857711326 -2.868640657621394 11.35
    endloop
  endfacet
  facet normal 0.17710465914979398 0.20194915898359528 -0.9632499555635878
    outer loop
      vertex 6.991389857711326 -2.868640657621394 11.35
      vertex 8.119238815542516 -3.380761184457488 11.45
      vertex 7.119238815542502 -2.980761184457488 11.35
    endloop
  endfacet
  facet normal 0.33943101527840236 0.6882980097981805 -0.6411181135913544
    outer loop
      vertex 6.849999999999994 -2.77416697508023 11.35
      vertex 7.697488462074617 -3.098956607735327 11.45
      vertex 7.8500000000000085 -3.1741669750802295 11.45
    endloop
  endfacet
  facet normal 0.15089913900886776 0.13233499319664904 -0.9796514173021063
    outer loop
      vertex 7.119238815542502 -2.980761184457488 11.35
      vertex 8.119238815542516 -3.380761184457488 11.45
      vertex 7.231359342378596 -3.108610142288663 11.35
    endloop
  endfacet
  facet normal 0.22733950198749625 0.34023760875597614 -0.912444584851098
    outer loop
      vertex 6.849999999999994 -2.77416697508023 11.35
      vertex 7.8500000000000085 -3.1741669750802295 11.45
      vertex 7.99138985771134 -3.268640657621394 11.45
    endloop
  endfacet
  facet normal 0.17710465914979445 0.2019491589835967 -0.9632499555635874
    outer loop
      vertex 6.991389857711326 -2.868640657621394 11.35
      vertex 7.99138985771134 -3.268640657621394 11.45
      vertex 8.119238815542516 -3.380761184457488 11.45
    endloop
  endfacet
  facet normal 0.13467408916665885 0.08998634946239968 -0.9867954938170125
    outer loop
      vertex 7.231359342378596 -3.108610142288663 11.35
      vertex 8.23135934237861 -3.508610142288663 11.45
      vertex 7.32583302491976 -3.25 11.35
    endloop
  endfacet
  facet normal 0.12338850723650838 0.06084847796851951 -0.9904911604910267
    outer loop
      vertex 7.32583302491976 -3.25 11.35
      vertex 8.325833024919774 -3.65 11.45
      vertex 7.401043392264668 -3.402511537925383 11.35
    endloop
  endfacet
  facet normal 0.11485716070448666 0.038988752362083996 -0.9926165975965503
    outer loop
      vertex 7.401043392264668 -3.402511537925383 11.35
      vertex 8.401043392264683 -3.8025115379253833 11.45
      vertex 7.455703574175772 -3.563535241366723 11.35
    endloop
  endfacet
  facet normal 0.37139067635409956 0.928476690885261 0
    outer loop
      vertex 6.6974884620746025 -2.698956607735327 11.35
      vertex 7.697488462074617 -3.098956607735327 15.75
      vertex 7.697488462074617 -3.098956607735327 11.45
    endloop
  endfacet
  facet normal 0.15089913900886776 0.13233499319664893 -0.9796514173021063
    outer loop
      vertex 7.231359342378596 -3.108610142288663 11.35
      vertex 8.119238815542516 -3.380761184457488 11.45
      vertex 8.23135934237861 -3.508610142288663 11.45
    endloop
  endfacet
  facet normal 0.13467408916665885 0.08998634946239968 -0.9867954938170127
    outer loop
      vertex 7.32583302491976 -3.25 11.35
      vertex 8.23135934237861 -3.508610142288663 11.45
      vertex 8.325833024919774 -3.65 11.45
    endloop
  endfacet
  facet normal 0.12338850723650836 0.060848477968519214 -0.9904911604910267
    outer loop
      vertex 7.401043392264668 -3.402511537925383 11.35
      vertex 8.325833024919774 -3.65 11.45
      vertex 8.401043392264683 -3.8025115379253833 11.45
    endloop
  endfacet
  facet normal -0.3713906763541014 -0.9284766908852603 2.8293366237806827e-15
    outer loop
      vertex 5.702511537925375 -5.101043392264673 11.35
      vertex 6.191816629534216 -5.296765428908207 11.502540216501243
      vertex 6.16648391139384 -5.286632341652057 11.522564879465122
    endloop
  endfacet
  facet normal -0.37139067635407286 -0.9284766908852717 -1.0125953367180513e-13
    outer loop
      vertex 5.702511537925375 -5.101043392264673 11.35
      vertex 6.243885333806887 -5.317592910617272 11.48496460815193
      vertex 6.191816629534216 -5.296765428908207 11.502540216501243
    endloop
  endfacet
  facet normal -0.3713906763541216 -0.9284766908852522 1.2543727806598214e-13
    outer loop
      vertex 5.702511537925375 -5.101043392264673 11.35
      vertex 6.322643881464202 -5.349096329680202 11.470445263231477
      vertex 6.243885333806887 -5.317592910617272 11.48496460815193
    endloop
  endfacet
  facet normal -0.2788594157711523 -0.8214933484849085 -0.4973792362280763
    outer loop
      vertex 5.702511537925375 -5.101043392264673 11.35
      vertex 5.863535241366705 -5.155703574175789 11.35
      vertex 6.863535241366719 -5.555703574175789 11.45
    endloop
  endfacet
  facet normal -0.37139067635410256 -0.9284766908852599 1.199035325351741e-14
    outer loop
      vertex 5.702511537925375 -5.101043392264673 11.35
      vertex 6.426986572665527 -5.3908334061607315 11.459518932829063
      vertex 6.322643881464202 -5.349096329680202 11.470445263231477
    endloop
  endfacet
  facet normal -0.3713906763541001 -0.9284766908852609 0
    outer loop
      vertex 5.702511537925375 -5.101043392264673 11.35
      vertex 6.16648391139384 -5.286632341652057 11.522564879465122
      vertex 6.16648391139384 -5.286632341652057 15.677435120534877
    endloop
  endfacet
  facet normal 0.10798378310549299 0.02147930993612728 -0.9939205913104394
    outer loop
      vertex 7.455703574175772 -3.563535241366723 11.35
      vertex 8.488878319785954 -4.130315950113933 11.45
      vertex 7.48887831978594 -3.730315950113933 11.35
    endloop
  endfacet
  facet normal 0.1021527979605318 0.006695448114598465 -0.9947461871469423
    outer loop
      vertex 7.48887831978594 -3.730315950113933 11.35
      vertex 8.5 -4.3 11.45
      vertex 7.499999999999986 -3.9 11.35
    endloop
  endfacet
  facet normal 0.09698390081075463 -0.006356660696466247 -0.9952656508934284
    outer loop
      vertex 7.499999999999986 -3.9 11.35
      vertex 8.5 -4.3 11.45
      vertex 7.48887831978594 -4.069684049886067 11.35
    endloop
  endfacet
  facet normal 0.0922195301297392 -0.018343605056748008 -0.9955697215244005
    outer loop
      vertex 7.48887831978594 -4.069684049886067 11.35
      vertex 8.488878319785954 -4.469684049886067 11.45
      vertex 7.455703574175772 -4.236464758633277 11.35
    endloop
  endfacet
  facet normal 0.08766695485580349 -0.029758921187378797 -0.9957052333075658
    outer loop
      vertex 7.401043392264668 -4.397488462074617 11.35
      vertex 7.455703574175772 -4.236464758633277 11.35
      vertex 8.401043392264683 -4.797488462074616 11.45
    endloop
  endfacet
  facet normal -0.08822539800619807 -0.4435390276050873 -0.8919021303583604
    outer loop
      vertex 5.863535241366705 -5.155703574175789 11.35
      vertex 6.030315950113916 -5.188878319785953 11.35
      vertex 6.863535241366719 -5.555703574175789 11.45
    endloop
  endfacet
  facet normal -0.3713906763540948 -0.9284766908852629 -4.8849602243788177e-14
    outer loop
      vertex 5.702511537925375 -5.101043392264673 11.35
      vertex 6.554699767898981 -5.441918684254111 11.452610982166103
      vertex 6.426986572665527 -5.3908334061607315 11.459518932829063
    endloop
  endfacet
  facet normal -0.3713906763540933 -0.9284766908852635 -6.519592012998484e-14
    outer loop
      vertex 5.702511537925375 -5.101043392264673 11.35
      vertex 6.702511537925389 -5.501043392264672 11.45
      vertex 6.554699767898981 -5.441918684254111 11.452610982166103
    endloop
  endfacet
  facet normal -0.018772415769639235 -0.2864117177109914 -0.9579227131475749
    outer loop
      vertex 6.030315950113916 -5.188878319785953 11.35
      vertex 6.199999999999989 -5.2 11.35
      vertex 7.0303159501139305 -5.5888783197859535 11.45
    endloop
  endfacet
  facet normal -0.2788594157711637 -0.8214933484849284 -0.4973792362280367
    outer loop
      vertex 5.702511537925375 -5.101043392264673 11.35
      vertex 6.863535241366719 -5.555703574175789 11.45
      vertex 6.702511537925389 -5.501043392264672 11.45
    endloop
  endfacet
  facet normal 0.01376363234422683 -0.20999245009414808 -0.9776061238188669
    outer loop
      vertex 6.199999999999989 -5.2 11.35
      vertex 6.369684049886061 -5.188878319785953 11.35
      vertex 7.369684049886075 -5.5888783197859535 11.45
    endloop
  endfacet
  facet normal 0.045444947753659475 -0.13387649901882018 -0.9899554736118847
    outer loop
      vertex 6.536464758633272 -5.155703574175789 11.35
      vertex 6.6974884620746025 -5.101043392264673 11.35
      vertex 7.697488462074617 -5.501043392264672 11.45
    endloop
  endfacet
  facet normal 0.03274120473049261 -0.1646011515613856 -0.9858166535504772
    outer loop
      vertex 6.536464758633272 -5.155703574175789 11.35
      vertex 7.5364647586332865 -5.555703574175789 11.45
      vertex 6.369684049886061 -5.188878319785953 11.35
    endloop
  endfacet
  facet normal 0.0831643162116511 -0.041012102148800106 -0.9956915707117265
    outer loop
      vertex 7.401043392264668 -4.397488462074617 11.35
      vertex 8.401043392264683 -4.797488462074616 11.45
      vertex 7.32583302491976 -4.55 11.35
    endloop
  endfacet
  facet normal 0.07855671464779485 -0.05248991859277822 -0.9955268208490762
    outer loop
      vertex 7.32583302491976 -4.55 11.35
      vertex 8.23135934237861 -5.091389857711337 11.45
      vertex 7.231359342378596 -4.691389857711337 11.35
    endloop
  endfacet
  facet normal 0.07367442409887759 -0.0646107358592617 -0.9951871844258363
    outer loop
      vertex 7.231359342378596 -4.691389857711337 11.35
      vertex 8.119238815542516 -5.219238815542512 11.45
      vertex 7.119238815542502 -4.819238815542512 11.35
    endloop
  endfacet
  facet normal 0.054789178697147355 -0.1111014637975615 -0.9922976421617312
    outer loop
      vertex 6.6974884620746025 -5.101043392264673 11.35
      vertex 6.849999999999994 -5.02583302491977 11.35
      vertex 7.8500000000000085 -5.42583302491977 11.45
    endloop
  endfacet
  facet normal 0.06830648462488005 -0.07788861789035835 -0.9946193178102467
    outer loop
      vertex 6.991389857711326 -4.931359342378606 11.35
      vertex 7.119238815542502 -4.819238815542512 11.35
      vertex 7.99138985771134 -5.331359342378605 11.45
    endloop
  endfacet
  facet normal 0.06216031500800185 -0.09302948565007482 -0.9937210926803297
    outer loop
      vertex 6.991389857711326 -4.931359342378606 11.35
      vertex 7.99138985771134 -5.331359342378605 11.45
      vertex 6.849999999999994 -5.02583302491977 11.35
    endloop
  endfacet
  facet normal 0.0547891786971471 -0.11110146379756233 -0.9922976421617312
    outer loop
      vertex 6.6974884620746025 -5.101043392264673 11.35
      vertex 7.8500000000000085 -5.42583302491977 11.45
      vertex 7.697488462074617 -5.501043392264672 11.45
    endloop
  endfacet
  facet normal 0.06830648462488 -0.07788861789035832 -0.9946193178102467
    outer loop
      vertex 7.119238815542502 -4.819238815542512 11.35
      vertex 8.119238815542516 -5.219238815542512 11.45
      vertex 7.99138985771134 -5.331359342378605 11.45
    endloop
  endfacet
  facet normal 0.062160315008002044 -0.09302948565007428 -0.9937210926803299
    outer loop
      vertex 6.849999999999994 -5.02583302491977 11.35
      vertex 7.99138985771134 -5.331359342378605 11.45
      vertex 7.8500000000000085 -5.42583302491977 11.45
    endloop
  endfacet
  facet normal 0.11485716070448666 0.03898875236208407 -0.9926165975965503
    outer loop
      vertex 7.455703574175772 -3.563535241366723 11.35
      vertex 8.401043392264683 -3.8025115379253833 11.45
      vertex 8.455703574175786 -3.963535241366723 11.45
    endloop
  endfacet
  facet normal 0.10798378310549295 0.02147930993612731 -0.9939205913104394
    outer loop
      vertex 7.455703574175772 -3.563535241366723 11.35
      vertex 8.455703574175786 -3.963535241366723 11.45
      vertex 8.488878319785954 -4.130315950113933 11.45
    endloop
  endfacet
  facet normal 0.10215279796053182 0.006695448114598473 -0.9947461871469423
    outer loop
      vertex 7.48887831978594 -3.730315950113933 11.35
      vertex 8.488878319785954 -4.130315950113933 11.45
      vertex 8.5 -4.3 11.45
    endloop
  endfacet
  facet normal 0.09698390081075463 -0.00635666069646627 -0.9952656508934284
    outer loop
      vertex 7.48887831978594 -4.069684049886067 11.35
      vertex 8.5 -4.3 11.45
      vertex 8.488878319785954 -4.469684049886067 11.45
    endloop
  endfacet
  facet normal 0.09221953012973921 -0.018343605056747946 -0.9955697215244005
    outer loop
      vertex 7.455703574175772 -4.236464758633277 11.35
      vertex 8.488878319785954 -4.469684049886067 11.45
      vertex 8.455703574175786 -4.636464758633277 11.45
    endloop
  endfacet
  facet normal 0.9978589232386037 0.06540312923014117 0
    outer loop
      vertex 8.488878319785954 -4.130315950113933 11.45
      vertex 8.5 -4.3 15.75
      vertex 8.5 -4.3 11.45
    endloop
  endfacet
  facet normal 0.08766695485580336 -0.029758921187378894 -0.9957052333075658
    outer loop
      vertex 7.455703574175772 -4.236464758633277 11.35
      vertex 8.455703574175786 -4.636464758633277 11.45
      vertex 8.401043392264683 -4.797488462074616 11.45
    endloop
  endfacet
  facet normal 0.08316431621165114 -0.04101210214879989 -0.9956915707117263
    outer loop
      vertex 7.32583302491976 -4.55 11.35
      vertex 8.401043392264683 -4.797488462074616 11.45
      vertex 8.325833024919774 -4.95 11.45
    endloop
  endfacet
  facet normal 0.07855671464779483 -0.05248991859277822 -0.9955268208490762
    outer loop
      vertex 7.32583302491976 -4.55 11.35
      vertex 8.325833024919774 -4.95 11.45
      vertex 8.23135934237861 -5.091389857711337 11.45
    endloop
  endfacet
  facet normal 0.07367442409887738 -0.06461073585926191 -0.9951871844258363
    outer loop
      vertex 7.231359342378596 -4.691389857711337 11.35
      vertex 8.23135934237861 -5.091389857711337 11.45
      vertex 8.119238815542516 -5.219238815542512 11.45
    endloop
  endfacet
  facet normal -0.08822539800619811 -0.4435390276050872 -0.8919021303583602
    outer loop
      vertex 6.030315950113916 -5.188878319785953 11.35
      vertex 7.0303159501139305 -5.5888783197859535 11.45
      vertex 6.863535241366719 -5.555703574175789 11.45
    endloop
  endfacet
  facet normal -0.018772415769637528 -0.2864117177109877 -0.957922713147576
    outer loop
      vertex 6.199999999999989 -5.2 11.35
      vertex 7.200000000000003 -5.6 11.45
      vertex 7.0303159501139305 -5.5888783197859535 11.45
    endloop
  endfacet
  facet normal 0.013763632344225923 -0.20999245009415082 -0.9776061238188664
    outer loop
      vertex 6.199999999999989 -5.2 11.35
      vertex 7.369684049886075 -5.5888783197859535 11.45
      vertex 7.200000000000003 -5.6 11.45
    endloop
  endfacet
  facet normal 0.03274120473049263 -0.16460115156138572 -0.9858166535504773
    outer loop
      vertex 6.369684049886061 -5.188878319785953 11.35
      vertex 7.5364647586332865 -5.555703574175789 11.45
      vertex 7.369684049886075 -5.5888783197859535 11.45
    endloop
  endfacet
  facet normal 0.045444947753659815 -0.13387649901881898 -0.9899554736118849
    outer loop
      vertex 6.536464758633272 -5.155703574175789 11.35
      vertex 7.697488462074617 -5.501043392264672 11.45
      vertex 7.5364647586332865 -5.555703574175789 11.45
    endloop
  endfacet
  facet normal 0.3713906763540995 0.9284766908852611 0
    outer loop
      vertex 6.6974884620746025 -2.698956607735327 11.35
      vertex 6.6974884620746025 -2.698956607735327 15.85
      vertex 7.697488462074617 -3.098956607735327 15.75
    endloop
  endfacet
  facet normal 0.44228869021898004 0.8968727415326988 0
    outer loop
      vertex 7.8500000000000085 -3.1741669750802295 11.45
      vertex 7.773744231037313 -3.1365617914077784 13.6
      vertex 7.8500000000000085 -3.1741669750802295 15.75
    endloop
  endfacet
  facet normal 0.33943101527839714 0.688298009798162 0.6411181135913769
    outer loop
      vertex 6.6974884620746025 -2.698956607735327 15.85
      vertex 6.849999999999994 -2.77416697508023 15.85
      vertex 7.8500000000000085 -3.1741669750802295 15.75
    endloop
  endfacet
  facet normal 0.22733950198749886 0.34023760875598286 0.9124445848510947
    outer loop
      vertex 6.849999999999994 -2.77416697508023 15.85
      vertex 6.991389857711326 -2.868640657621394 15.85
      vertex 7.8500000000000085 -3.1741669750802295 15.75
    endloop
  endfacet
  facet normal 0.3394310152784033 0.688298009798183 0.6411181135913512
    outer loop
      vertex 6.6974884620746025 -2.698956607735327 15.85
      vertex 7.8500000000000085 -3.1741669750802295 15.75
      vertex 7.697488462074617 -3.098956607735327 15.75
    endloop
  endfacet
  facet normal 0.17710465914979398 0.20194915898359528 0.9632499555635878
    outer loop
      vertex 6.991389857711326 -2.868640657621394 15.85
      vertex 7.119238815542502 -2.980761184457488 15.85
      vertex 8.119238815542516 -3.380761184457488 15.75
    endloop
  endfacet
  facet normal 0.15089913900886776 0.13233499319664904 0.9796514173021063
    outer loop
      vertex 7.119238815542502 -2.980761184457488 15.85
      vertex 7.231359342378596 -3.108610142288663 15.85
      vertex 8.119238815542516 -3.380761184457488 15.75
    endloop
  endfacet
  facet normal 0.22733950198749725 0.34023760875597703 0.9124445848510974
    outer loop
      vertex 6.991389857711326 -2.868640657621394 15.85
      vertex 7.99138985771134 -3.268640657621394 15.75
      vertex 7.8500000000000085 -3.1741669750802295 15.75
    endloop
  endfacet
  facet normal 0.17710465914979445 0.2019491589835967 0.9632499555635874
    outer loop
      vertex 6.991389857711326 -2.868640657621394 15.85
      vertex 8.119238815542516 -3.380761184457488 15.75
      vertex 7.99138985771134 -3.268640657621394 15.75
    endloop
  endfacet
  facet normal 0 0 1
    outer loop
      vertex 7.046914345103744 -3.0322105229055447 15.85
      vertex 7.331783637939282 -3.871408398311182 15.85
      vertex 7.410056364146897 -3.5400229157973677 15.85
    endloop
  endfacet
  facet normal 0.13467408916665885 0.08998634946239968 0.9867954938170125
    outer loop
      vertex 7.231359342378596 -3.108610142288663 15.85
      vertex 7.32583302491976 -3.25 15.85
      vertex 8.23135934237861 -3.508610142288663 15.75
    endloop
  endfacet
  facet normal 0.12338850723650838 0.06084847796851951 0.9904911604910267
    outer loop
      vertex 7.32583302491976 -3.25 15.85
      vertex 7.401043392264668 -3.402511537925383 15.85
      vertex 8.325833024919774 -3.65 15.75
    endloop
  endfacet
  facet normal 0.11485716070448662 0.03898875236208398 0.9926165975965502
    outer loop
      vertex 7.401043392264668 -3.402511537925383 15.85
      vertex 7.455703574175772 -3.563535241366723 15.85
      vertex 8.455703574175786 -3.963535241366723 15.75
    endloop
  endfacet
  facet normal 0.5555702330196175 0.831469612302535 0
    outer loop
      vertex 7.99138985771134 -3.268640657621394 11.45
      vertex 7.8500000000000085 -3.1741669750802295 15.75
      vertex 7.99138985771134 -3.268640657621394 15.75
    endloop
  endfacet
  facet normal 0.6593458151000232 0.7518398074790175 0
    outer loop
      vertex 8.119238815542516 -3.380761184457488 11.45
      vertex 8.055314336626921 -3.324700921039441 13.6
      vertex 8.119238815542516 -3.380761184457488 15.75
    endloop
  endfacet
  facet normal 0.7518398074789789 0.6593458151000672 0
    outer loop
      vertex 8.23135934237861 -3.508610142288663 11.45
      vertex 8.175299078960563 -3.4446856633730754 13.6
      vertex 8.23135934237861 -3.508610142288663 15.75
    endloop
  endfacet
  facet normal 0.8314696123025086 0.5555702330196572 0
    outer loop
      vertex 8.325833024919774 -3.65 11.45
      vertex 8.278596183649185 -3.5793050711443315 13.6
      vertex 8.325833024919774 -3.65 15.75
    endloop
  endfacet
  facet normal 0.15089913900886776 0.13233499319664893 0.9796514173021063
    outer loop
      vertex 7.231359342378596 -3.108610142288663 15.85
      vertex 8.23135934237861 -3.508610142288663 15.75
      vertex 8.119238815542516 -3.380761184457488 15.75
    endloop
  endfacet
  facet normal 0.13467408916665885 0.08998634946239968 0.9867954938170127
    outer loop
      vertex 7.32583302491976 -3.25 15.85
      vertex 8.325833024919774 -3.65 15.75
      vertex 8.23135934237861 -3.508610142288663 15.75
    endloop
  endfacet
  facet normal 0.12338850723650836 0.060848477968519214 0.9904911604910267
    outer loop
      vertex 7.401043392264668 -3.402511537925383 15.85
      vertex 8.401043392264683 -3.8025115379253833 15.75
      vertex 8.325833024919774 -3.65 15.75
    endloop
  endfacet
  facet normal -0.37139067635410006 -0.9284766908852607 0
    outer loop
      vertex 5.702511537925375 -5.101043392264673 11.35
      vertex 6.16648391139384 -5.286632341652057 15.677435120534877
      vertex 5.702511537925375 -5.101043392264673 15.85
    endloop
  endfacet
  facet normal -0.3713906763541014 -0.9284766908852603 -2.8293366237806827e-15
    outer loop
      vertex 5.702511537925375 -5.101043392264673 15.85
      vertex 6.16648391139384 -5.286632341652057 15.677435120534877
      vertex 6.191816629534216 -5.296765428908207 15.697459783498756
    endloop
  endfacet
  facet normal -0.3713906763541147 -0.928476690885255 -5.4524364284824295e-14
    outer loop
      vertex 5.702511537925375 -5.101043392264673 15.85
      vertex 6.191816629534216 -5.296765428908207 15.697459783498756
      vertex 6.2438853338068725 -5.317592910617272 15.715035391848069
    endloop
  endfacet
  facet normal -0.371390676354092 -0.9284766908852641 5.156865876045522e-14
    outer loop
      vertex 5.702511537925375 -5.101043392264673 15.85
      vertex 6.2438853338068725 -5.317592910617272 15.715035391848069
      vertex 6.322643881464202 -5.349096329680202 15.729554736768522
    endloop
  endfacet
  facet normal -0.2788594157711523 -0.8214933484849085 0.4973792362280763
    outer loop
      vertex 5.702511537925375 -5.101043392264673 15.85
      vertex 6.863535241366719 -5.555703574175789 15.75
      vertex 5.863535241366705 -5.155703574175789 15.85
    endloop
  endfacet
  facet normal -0.37139067635410256 -0.9284766908852599 -1.199035325351741e-14
    outer loop
      vertex 5.702511537925375 -5.101043392264673 15.85
      vertex 6.322643881464202 -5.349096329680202 15.729554736768522
      vertex 6.426986572665527 -5.3908334061607315 15.740481067170936
    endloop
  endfacet
  facet normal 0 0 1
    outer loop
      vertex 7.410056364146897 -3.5400229157973677 15.85
      vertex 7.331783637939282 -3.871408398311182 15.85
      vertex 7.444581893961725 -4.066780708747237 15.85
    endloop
  endfacet
  facet normal 0.10798378310549299 0.02147930993612728 0.9939205913104394
    outer loop
      vertex 7.455703574175772 -3.563535241366723 15.85
      vertex 7.48887831978594 -3.730315950113933 15.85
      vertex 8.488878319785954 -4.130315950113933 15.75
    endloop
  endfacet
  facet normal 0.1021527979605318 0.006695448114598465 0.9947461871469423
    outer loop
      vertex 7.48887831978594 -3.730315950113933 15.85
      vertex 7.499999999999986 -3.9 15.85
      vertex 8.488878319785954 -4.130315950113933 15.75
    endloop
  endfacet
  facet normal 0.09698390081075463 -0.006356660696466247 0.9952656508934284
    outer loop
      vertex 7.499999999999986 -3.9 15.85
      vertex 7.48887831978594 -4.069684049886067 15.85
      vertex 8.488878319785954 -4.469684049886067 15.75
    endloop
  endfacet
  facet normal 0.09221953012973917 -0.018343605056748005 0.9955697215244005
    outer loop
      vertex 7.48887831978594 -4.069684049886067 15.85
      vertex 7.455703574175772 -4.236464758633277 15.85
      vertex 8.455703574175786 -4.636464758633277 15.75
    endloop
  endfacet
  facet normal 0.08766695485580345 -0.029758921187378783 0.9957052333075658
    outer loop
      vertex 7.401043392264668 -4.397488462074617 15.85
      vertex 8.455703574175786 -4.636464758633277 15.75
      vertex 7.455703574175772 -4.236464758633277 15.85
    endloop
  endfacet
  facet normal -0.3713906763540948 -0.9284766908852629 4.8849602243788177e-14
    outer loop
      vertex 5.702511537925375 -5.101043392264673 15.85
      vertex 6.426986572665527 -5.3908334061607315 15.740481067170936
      vertex 6.554699767898981 -5.441918684254111 15.747389017833896
    endloop
  endfacet
  facet normal -0.08822539800619805 -0.4435390276050872 0.8919021303583604
    outer loop
      vertex 5.863535241366705 -5.155703574175789 15.85
      vertex 7.0303159501139305 -5.5888783197859535 15.75
      vertex 6.030315950113916 -5.188878319785953 15.85
    endloop
  endfacet
  facet normal -0.3713906763540933 -0.9284766908852635 6.519592012998484e-14
    outer loop
      vertex 5.702511537925375 -5.101043392264673 15.85
      vertex 6.554699767898981 -5.441918684254111 15.747389017833896
      vertex 6.702511537925389 -5.501043392264672 15.75
    endloop
  endfacet
  facet normal -0.01877241576963928 -0.28641171771099205 0.9579227131475748
    outer loop
      vertex 6.030315950113916 -5.188878319785953 15.85
      vertex 7.200000000000003 -5.6 15.75
      vertex 6.199999999999989 -5.2 15.85
    endloop
  endfacet
  facet normal -0.2788594157711637 -0.8214933484849284 0.4973792362280367
    outer loop
      vertex 5.702511537925375 -5.101043392264673 15.85
      vertex 6.702511537925389 -5.501043392264672 15.75
      vertex 6.863535241366719 -5.555703574175789 15.75
    endloop
  endfacet
  facet normal 0.013763632344226858 -0.20999245009414852 0.9776061238188669
    outer loop
      vertex 6.199999999999989 -5.2 15.85
      vertex 7.200000000000003 -5.6 15.75
      vertex 6.369684049886061 -5.188878319785953 15.85
    endloop
  endfacet
  facet normal 0.0327412047304926 -0.16460115156138558 0.9858166535504772
    outer loop
      vertex 6.536464758633272 -5.155703574175789 15.85
      vertex 6.369684049886061 -5.188878319785953 15.85
      vertex 7.369684049886075 -5.5888783197859535 15.75
    endloop
  endfacet
  facet normal 0.045444947753659475 -0.13387649901882018 0.9899554736118847
    outer loop
      vertex 6.536464758633272 -5.155703574175789 15.85
      vertex 7.697488462074617 -5.501043392264672 15.75
      vertex 6.6974884620746025 -5.101043392264673 15.85
    endloop
  endfacet
  facet normal 0.07855671464779485 -0.05248991859277822 0.9955268208490762
    outer loop
      vertex 7.32583302491976 -4.55 15.85
      vertex 7.231359342378596 -4.691389857711337 15.85
      vertex 8.325833024919774 -4.95 15.75
    endloop
  endfacet
  facet normal 0.08316431621165107 -0.04101210214880009 0.9956915707117265
    outer loop
      vertex 7.401043392264668 -4.397488462074617 15.85
      vertex 7.32583302491976 -4.55 15.85
      vertex 8.325833024919774 -4.95 15.75
    endloop
  endfacet
  facet normal 0.07367442409887755 -0.06461073585926166 0.9951871844258363
    outer loop
      vertex 7.231359342378596 -4.691389857711337 15.85
      vertex 7.119238815542502 -4.819238815542512 15.85
      vertex 8.23135934237861 -5.091389857711337 15.75
    endloop
  endfacet
  facet normal 0.06830648462488005 -0.07788861789035835 0.9946193178102467
    outer loop
      vertex 6.991389857711326 -4.931359342378606 15.85
      vertex 8.119238815542516 -5.219238815542512 15.75
      vertex 7.119238815542502 -4.819238815542512 15.85
    endloop
  endfacet
  facet normal 0.06216031500800185 -0.09302948565007482 0.9937210926803297
    outer loop
      vertex 6.991389857711326 -4.931359342378606 15.85
      vertex 6.849999999999994 -5.02583302491977 15.85
      vertex 7.99138985771134 -5.331359342378605 15.75
    endloop
  endfacet
  facet normal 0.05478917869714741 -0.11110146379756161 0.9922976421617312
    outer loop
      vertex 6.6974884620746025 -5.101043392264673 15.85
      vertex 7.697488462074617 -5.501043392264672 15.75
      vertex 6.849999999999994 -5.02583302491977 15.85
    endloop
  endfacet
  facet normal 0.07367442409887746 -0.06461073585926205 0.9951871844258363
    outer loop
      vertex 7.119238815542502 -4.819238815542512 15.85
      vertex 8.119238815542516 -5.219238815542512 15.75
      vertex 8.23135934237861 -5.091389857711337 15.75
    endloop
  endfacet
  facet normal 0.06830648462488007 -0.07788861789035838 0.9946193178102467
    outer loop
      vertex 6.991389857711326 -4.931359342378606 15.85
      vertex 7.99138985771134 -5.331359342378605 15.75
      vertex 8.119238815542516 -5.219238815542512 15.75
    endloop
  endfacet
  facet normal 0.062160315008002044 -0.09302948565007428 0.9937210926803299
    outer loop
      vertex 6.849999999999994 -5.02583302491977 15.85
      vertex 7.8500000000000085 -5.42583302491977 15.75
      vertex 7.99138985771134 -5.331359342378605 15.75
    endloop
  endfacet
  facet normal 0.05478917869714705 -0.11110146379756214 0.9922976421617312
    outer loop
      vertex 6.849999999999994 -5.02583302491977 15.85
      vertex 7.697488462074617 -5.501043392264672 15.75
      vertex 7.8500000000000085 -5.42583302491977 15.75
    endloop
  endfacet
  facet normal 0.896872741532674 0.44228869021903017 0
    outer loop
      vertex 8.401043392264683 -3.8025115379253833 11.45
      vertex 8.363438208592228 -3.726255768962692 13.6
      vertex 8.401043392264683 -3.8025115379253833 15.75
    endloop
  endfacet
  facet normal 0.9469301294951032 0.3214394653031687 0
    outer loop
      vertex 8.455703574175786 -3.963535241366723 11.45
      vertex 8.428373483220227 -3.883023389646053 13.6
      vertex 8.455703574175786 -3.963535241366723 15.75
    endloop
  endfacet
  facet normal 0.11485716070448669 0.038988752362084184 0.9926165975965503
    outer loop
      vertex 7.401043392264668 -3.402511537925383 15.85
      vertex 8.455703574175786 -3.963535241366723 15.75
      vertex 8.401043392264683 -3.8025115379253833 15.75
    endloop
  endfacet
  facet normal 0.10798378310549295 0.02147930993612731 0.9939205913104394
    outer loop
      vertex 7.455703574175772 -3.563535241366723 15.85
      vertex 8.488878319785954 -4.130315950113933 15.75
      vertex 8.455703574175786 -3.963535241366723 15.75
    endloop
  endfacet
  facet normal 0.10215279796053182 0.006695448114598473 0.9947461871469423
    outer loop
      vertex 7.499999999999986 -3.9 15.85
      vertex 8.5 -4.3 15.75
      vertex 8.488878319785954 -4.130315950113933 15.75
    endloop
  endfacet
  facet normal 0.0969839008107546 -0.0063566606964662676 0.9952656508934284
    outer loop
      vertex 7.499999999999986 -3.9 15.85
      vertex 8.488878319785954 -4.469684049886067 15.75
      vertex 8.5 -4.3 15.75
    endloop
  endfacet
  facet normal 0.09221953012973917 -0.018343605056747866 0.9955697215244004
    outer loop
      vertex 7.48887831978594 -4.069684049886067 15.85
      vertex 8.455703574175786 -4.636464758633277 15.75
      vertex 8.488878319785954 -4.469684049886067 15.75
    endloop
  endfacet
  facet normal 0.08316431621165113 -0.04101210214879982 0.9956915707117263
    outer loop
      vertex 7.401043392264668 -4.397488462074617 15.85
      vertex 8.325833024919774 -4.95 15.75
      vertex 8.401043392264683 -4.797488462074616 15.75
    endloop
  endfacet
  facet normal 0.08766695485580342 -0.029758921187378978 0.9957052333075658
    outer loop
      vertex 7.401043392264668 -4.397488462074617 15.85
      vertex 8.401043392264683 -4.797488462074616 15.75
      vertex 8.455703574175786 -4.636464758633277 15.75
    endloop
  endfacet
  facet normal 0.07855671464779486 -0.05248991859277822 0.9955268208490762
    outer loop
      vertex 7.231359342378596 -4.691389857711337 15.85
      vertex 8.23135934237861 -5.091389857711337 15.75
      vertex 8.325833024919774 -4.95 15.75
    endloop
  endfacet
  facet normal -0.08822539800619791 -0.4435390276050875 0.8919021303583602
    outer loop
      vertex 5.863535241366705 -5.155703574175789 15.85
      vertex 6.863535241366719 -5.555703574175789 15.75
      vertex 7.0303159501139305 -5.5888783197859535 15.75
    endloop
  endfacet
  facet normal -0.018772415769637358 -0.28641171771098717 0.9579227131475763
    outer loop
      vertex 6.030315950113916 -5.188878319785953 15.85
      vertex 7.0303159501139305 -5.5888783197859535 15.75
      vertex 7.200000000000003 -5.6 15.75
    endloop
  endfacet
  facet normal 0.013763632344225809 -0.2099924500941502 0.9776061238188664
    outer loop
      vertex 6.369684049886061 -5.188878319785953 15.85
      vertex 7.200000000000003 -5.6 15.75
      vertex 7.369684049886075 -5.5888783197859535 15.75
    endloop
  endfacet
  facet normal 0.03274120473049256 -0.16460115156138558 0.9858166535504773
    outer loop
      vertex 6.536464758633272 -5.155703574175789 15.85
      vertex 7.369684049886075 -5.5888783197859535 15.75
      vertex 7.5364647586332865 -5.555703574175789 15.75
    endloop
  endfacet
  facet normal 0.045444947753659815 -0.13387649901881898 0.9899554736118849
    outer loop
      vertex 6.536464758633272 -5.155703574175789 15.85
      vertex 7.5364647586332865 -5.555703574175789 15.75
      vertex 7.697488462074617 -5.501043392264672 15.75
    endloop
  endfacet
  facet normal 0.44228869021898004 0.8968727415326988 0
    outer loop
      vertex 7.697488462074617 -3.098956607735327 11.45
      vertex 7.773744231037313 -3.1365617914077784 13.6
      vertex 7.8500000000000085 -3.1741669750802295 11.45
    endloop
  endfacet
  facet normal 0.5555702330196175 0.831469612302535 0
    outer loop
      vertex 7.8500000000000085 -3.1741669750802295 11.45
      vertex 7.8500000000000085 -3.1741669750802295 15.75
      vertex 7.99138985771134 -3.268640657621394 11.45
    endloop
  endfacet
  facet normal 0.6593458151000645 0.751839807478981 2.180245686348289e-15
    outer loop
      vertex 7.99138985771134 -3.268640657621394 11.45
      vertex 8.055314336626921 -3.324700921039441 13.6
      vertex 8.119238815542516 -3.380761184457488 11.45
    endloop
  endfacet
  facet normal 0.7518398074789777 0.6593458151000685 -6.879991828520214e-17
    outer loop
      vertex 8.119238815542516 -3.380761184457488 11.45
      vertex 8.175299078960563 -3.4446856633730754 13.6
      vertex 8.23135934237861 -3.508610142288663 11.45
    endloop
  endfacet
  facet normal 0.8314696123025471 0.5555702330195994 2.747251909457388e-15
    outer loop
      vertex 8.23135934237861 -3.508610142288663 11.45
      vertex 8.278596183649185 -3.5793050711443315 13.6
      vertex 8.325833024919774 -3.65 11.45
    endloop
  endfacet
  facet normal 0.8968727415326746 0.44228869021902917 4.507580853168342e-17
    outer loop
      vertex 8.325833024919774 -3.65 11.45
      vertex 8.363438208592228 -3.726255768962692 13.6
      vertex 8.401043392264683 -3.8025115379253833 11.45
    endloop
  endfacet
  facet normal 0.9469301294951284 0.32143946530309464 3.0959963228341738e-15
    outer loop
      vertex 8.401043392264683 -3.8025115379253833 11.45
      vertex 8.428373483220227 -3.883023389646053 13.6
      vertex 8.455703574175786 -3.963535241366723 11.45
    endloop
  endfacet
  facet normal 0.9807852804032268 0.19509032201614704 0
    outer loop
      vertex 8.455703574175786 -3.963535241366723 11.45
      vertex 8.455703574175786 -3.963535241366723 15.75
      vertex 8.488878319785954 -4.130315950113933 11.45
    endloop
  endfacet
  facet normal 0.9027720709575143 -0.05917080766343772 -0.4260298151767516
    outer loop
      vertex 8.5 -4.3 11.45
      vertex 8.5 -6.1 11.7
      vertex 8.488878319785954 -4.469684049886067 11.45
    endloop
  endfacet
  facet normal 0.5743641257991836 -0.11424812800067444 -0.8105881915271657
    outer loop
      vertex 8.488878319785954 -4.469684049886067 11.45
      vertex 8.465925826289066 -6.35881904510252 11.7
      vertex 8.455703574175786 -4.636464758633277 11.45
    endloop
  endfacet
  facet normal 0.38412143076556804 -0.13039165559403548 -0.9140288521584312
    outer loop
      vertex 8.455703574175786 -4.636464758633277 11.45
      vertex 8.465925826289066 -6.35881904510252 11.7
      vertex 8.401043392264683 -4.797488462074616 11.45
    endloop
  endfacet
  facet normal 1 0 0
    outer loop
      vertex 8.5 -4.3 11.45
      vertex 8.5 -4.3 15.75
      vertex 8.5 -6.1 11.7
    endloop
  endfacet
  facet normal -0.6630675457611065 -0.3269887273419277 -0.6733645386784556
    outer loop
      vertex 6.16648391139384 -5.286632341652057 11.522564879465122
      vertex 6.191816629534216 -5.296765428908207 11.502540216501243
      vertex 6.576120467488707 -6.482683432365089 11.7
    endloop
  endfacet
  facet normal -0.4029568874072773 -0.26924718416802285 -0.874718069270682
    outer loop
      vertex 6.191816629534216 -5.296765428908207 11.502540216501243
      vertex 6.243885333806887 -5.317592910617272 11.48496460815193
      vertex 6.633974596215566 -6.6 11.7
    endloop
  endfacet
  facet normal -0.2656485740159977 -0.2329675468395879 -0.935498240106742
    outer loop
      vertex 6.322643881464202 -5.349096329680202 11.470445263231477
      vertex 6.792893218813447 -6.8071067811865476 11.7
      vertex 6.243885333806887 -5.317592910617272 11.48496460815193
    endloop
  endfacet
  facet normal -0.1848140658824891 -0.2107400525343486 -0.9599126998377524
    outer loop
      vertex 6.322643881464202 -5.349096329680202 11.470445263231477
      vertex 6.426986572665527 -5.3908334061607315 11.459518932829063
      vertex 6.792893218813447 -6.8071067811865476 11.7
    endloop
  endfacet
  facet normal -0.6630675457610287 -0.32698872734191653 -0.6733645386785378
    outer loop
      vertex 6.191816629534216 -5.296765428908207 11.502540216501243
      vertex 6.633974596215566 -6.6 11.7
      vertex 6.576120467488707 -6.482683432365089 11.7
    endloop
  endfacet
  facet normal -0.4029568874073603 -0.26924718416804067 -0.8747180692706383
    outer loop
      vertex 6.243885333806887 -5.317592910617272 11.48496460815193
      vertex 6.706646659708767 -6.70876142900872 11.7
      vertex 6.633974596215566 -6.6 11.7
    endloop
  endfacet
  facet normal -0.13096834165380924 -0.1960079748458287 -0.9718169412401124
    outer loop
      vertex 6.426986572665527 -5.3908334061607315 11.459518932829063
      vertex 6.554699767898981 -5.441918684254111 11.452610982166103
      vertex 6.891238570991277 -6.893353340291235 11.7
    endloop
  endfacet
  facet normal -0.09149776368096167 -0.18553911047562707 -0.97836772111783
    outer loop
      vertex 6.554699767898981 -5.441918684254111 11.452610982166103
      vertex 6.702511537925389 -5.501043392264672 11.45
      vertex 7.117316567634916 -7.023879532511287 11.7
    endloop
  endfacet
  facet normal -0.060314395789964684 -0.17768048040380005 -0.9822381689508743
    outer loop
      vertex 6.702511537925389 -5.501043392264672 11.45
      vertex 6.863535241366719 -5.555703574175789 11.45
      vertex 7.117316567634916 -7.023879532511287 11.7
    endloop
  endfacet
  facet normal -0.9460522085255892 -0.32401422614424663 0
    outer loop
      vertex 6.16648391139384 -5.286632341652057 11.522564879465122
      vertex 6.576120467488707 -6.482683432365089 11.7
      vertex 6.16648391139384 -5.286632341652057 15.677435120534877
    endloop
  endfacet
  facet normal -0.034117236188445824 -0.1715189288523614 -0.9845899000295506
    outer loop
      vertex 6.863535241366719 -5.555703574175789 11.45
      vertex 7.0303159501139305 -5.5888783197859535 11.45
      vertex 7.241180954897473 -7.065925826289068 11.7
    endloop
  endfacet
  facet normal -0.010913811341062618 -0.1665125837465811 -0.9859789288702115
    outer loop
      vertex 7.0303159501139305 -5.5888783197859535 11.45
      vertex 7.200000000000003 -5.6 11.45
      vertex 7.5 -7.1 11.7
    endloop
  endfacet
  facet normal 0.010638951861447478 -0.16231903845908288 -0.9866809729882342
    outer loop
      vertex 7.200000000000003 -5.6 11.45
      vertex 7.369684049886075 -5.5888783197859535 11.45
      vertex 7.5 -7.1 11.7
    endloop
  endfacet
  facet normal 0.07526384933037039 -0.1526199886635413 -0.9854148832062137
    outer loop
      vertex 7.697488462074617 -5.501043392264672 11.45
      vertex 7.8500000000000085 -5.42583302491977 11.45
      vertex 7.882683432365084 -7.023879532511287 11.7
    endloop
  endfacet
  facet normal 0.03156915005189326 -0.15870883478873216 -0.9868205989565701
    outer loop
      vertex 7.369684049886075 -5.5888783197859535 11.45
      vertex 7.5364647586332865 -5.555703574175789 11.45
      vertex 7.758819045102527 -7.065925826289068 11.7
    endloop
  endfacet
  facet normal 0.05279130011413287 -0.15551815520269185 -0.9864214018534935
    outer loop
      vertex 7.5364647586332865 -5.555703574175789 11.45
      vertex 7.697488462074617 -5.501043392264672 11.45
      vertex 7.758819045102527 -7.065925826289068 11.7
    endloop
  endfacet
  facet normal -0.2656485740159817 -0.23296754683958276 -0.9354982401067478
    outer loop
      vertex 6.243885333806887 -5.317592910617272 11.48496460815193
      vertex 6.792893218813447 -6.8071067811865476 11.7
      vertex 6.706646659708767 -6.70876142900872 11.7
    endloop
  endfacet
  facet normal -0.18481406588246943 -0.2107400525343443 -0.9599126998377572
    outer loop
      vertex 6.426986572665527 -5.3908334061607315 11.459518932829063
      vertex 6.891238570991277 -6.893353340291235 11.7
      vertex 6.792893218813447 -6.8071067811865476 11.7
    endloop
  endfacet
  facet normal -0.13096834165380206 -0.1960079748458273 -0.9718169412401138
    outer loop
      vertex 6.554699767898981 -5.441918684254111 11.452610982166103
      vertex 7 -6.966025403784438 11.7
      vertex 6.891238570991277 -6.893353340291235 11.7
    endloop
  endfacet
  facet normal -0.0914977636809699 -0.18553911047562993 -0.9783677211178287
    outer loop
      vertex 6.554699767898981 -5.441918684254111 11.452610982166103
      vertex 7.117316567634916 -7.023879532511287 11.7
      vertex 7 -6.966025403784438 11.7
    endloop
  endfacet
  facet normal -0.8968727415326548 -0.4422886902190693 0
    outer loop
      vertex 6.576120467488707 -6.482683432365089 11.7
      vertex 6.633974596215566 -6.6 11.7
      vertex 6.576120467488707 -6.482683432365089 15.5
    endloop
  endfacet
  facet normal -0.8314696123025543 -0.5555702330195886 0
    outer loop
      vertex 6.633974596215566 -6.6 11.7
      vertex 6.706646659708767 -6.70876142900872 11.7
      vertex 6.706646659708767 -6.70876142900872 15.5
    endloop
  endfacet
  facet normal -0.7518398074790086 -0.6593458151000333 0
    outer loop
      vertex 6.706646659708767 -6.70876142900872 11.7
      vertex 6.792893218813447 -6.8071067811865476 11.7
      vertex 6.706646659708767 -6.70876142900872 15.5
    endloop
  endfacet
  facet normal -0.659345815100054 -0.7518398074789905 0
    outer loop
      vertex 6.792893218813447 -6.8071067811865476 11.7
      vertex 6.891238570991277 -6.893353340291235 11.7
      vertex 6.891238570991277 -6.893353340291235 15.5
    endloop
  endfacet
  facet normal -0.5555702330195933 -0.8314696123025512 0
    outer loop
      vertex 6.891238570991277 -6.893353340291235 11.7
      vertex 7 -6.966025403784438 11.7
      vertex 7 -6.966025403784438 15.5
    endloop
  endfacet
  facet normal -0.06031439578996655 -0.1776804804038004 -0.9822381689508741
    outer loop
      vertex 6.863535241366719 -5.555703574175789 11.45
      vertex 7.241180954897473 -7.065925826289068 11.7
      vertex 7.117316567634916 -7.023879532511287 11.7
    endloop
  endfacet
  facet normal -0.03411723618844209 -0.17151892885236092 -0.9845899000295508
    outer loop
      vertex 7.0303159501139305 -5.5888783197859535 11.45
      vertex 7.369473807779954 -7.09144486137381 11.7
      vertex 7.241180954897473 -7.065925826289068 11.7
    endloop
  endfacet
  facet normal -0.010913811341064257 -0.1665125837465816 -0.9859789288702113
    outer loop
      vertex 7.0303159501139305 -5.5888783197859535 11.45
      vertex 7.5 -7.1 11.7
      vertex 7.369473807779954 -7.09144486137381 11.7
    endloop
  endfacet
  facet normal 0.010638951861449038 -0.16231903845908277 -0.9866809729882342
    outer loop
      vertex 7.369684049886075 -5.5888783197859535 11.45
      vertex 7.630526192220046 -7.09144486137381 11.7
      vertex 7.5 -7.1 11.7
    endloop
  endfacet
  facet normal 0.031569150051890066 -0.15870883478873302 -0.9868205989565701
    outer loop
      vertex 7.369684049886075 -5.5888783197859535 11.45
      vertex 7.758819045102527 -7.065925826289068 11.7
      vertex 7.630526192220046 -7.09144486137381 11.7
    endloop
  endfacet
  facet normal 0.052791300114134354 -0.15551815520269174 -0.9864214018534933
    outer loop
      vertex 7.697488462074617 -5.501043392264672 11.45
      vertex 7.882683432365084 -7.023879532511287 11.7
      vertex 7.758819045102527 -7.065925826289068 11.7
    endloop
  endfacet
  facet normal -0.44228869021898753 -0.896872741532695 0
    outer loop
      vertex 7 -6.966025403784438 11.7
      vertex 7.117316567634916 -7.023879532511287 11.7
      vertex 7.117316567634916 -7.023879532511287 15.5
    endloop
  endfacet
  facet normal -0.3214394653031898 -0.946930129495096 0
    outer loop
      vertex 7.117316567634916 -7.023879532511287 11.7
      vertex 7.241180954897473 -7.065925826289068 11.7
      vertex 7.117316567634916 -7.023879532511287 15.5
    endloop
  endfacet
  facet normal -0.19509032201610543 -0.980785280403235 0
    outer loop
      vertex 7.241180954897473 -7.065925826289068 11.7
      vertex 7.369473807779954 -7.09144486137381 11.7
      vertex 7.369473807779954 -7.09144486137381 15.5
    endloop
  endfacet
  facet normal -0.06540312923014871 -0.997858923238603 0
    outer loop
      vertex 7.369473807779954 -7.09144486137381 11.7
      vertex 7.5 -7.1 11.7
      vertex 7.369473807779954 -7.09144486137381 15.5
    endloop
  endfacet
  facet normal 0.06540312923014871 -0.997858923238603 0
    outer loop
      vertex 7.5 -7.1 11.7
      vertex 7.630526192220046 -7.09144486137381 11.7
      vertex 7.5 -7.1 15.5
    endloop
  endfacet
  facet normal 0.19509032201610543 -0.980785280403235 0
    outer loop
      vertex 7.630526192220046 -7.09144486137381 11.7
      vertex 7.758819045102527 -7.065925826289068 11.7
      vertex 7.758819045102527 -7.065925826289068 15.5
    endloop
  endfacet
  facet normal 0.1647690234968366 -0.14449855543702655 -0.9756901846244593
    outer loop
      vertex 8.23135934237861 -5.091389857711337 11.45
      vertex 8.207106781186553 -6.8071067811865476 11.7
      vertex 8.119238815542516 -5.219238815542512 11.45
    endloop
  endfacet
  facet normal 0.1291337474138817 -0.1472488177997426 -0.9806336017776599
    outer loop
      vertex 7.99138985771134 -5.331359342378605 11.45
      vertex 8.119238815542516 -5.219238815542512 11.45
      vertex 8.108761429008723 -6.893353340291235 11.7
    endloop
  endfacet
  facet normal 0.2783255939627062 -0.13725499361016485 -0.9506292287082175
    outer loop
      vertex 8.401043392264683 -4.797488462074616 11.45
      vertex 8.423879532511293 -6.482683432365089 11.7
      vertex 8.325833024919774 -4.95 11.45
    endloop
  endfacet
  facet normal 0.21158061057207297 -0.14137364418218032 -0.9670817638445051
    outer loop
      vertex 8.325833024919774 -4.95 11.45
      vertex 8.366025403784434 -6.6 11.7
      vertex 8.23135934237861 -5.091389857711337 11.45
    endloop
  endfacet
  facet normal 0.9027720709574557 -0.05917080766345675 -0.426029815176873
    outer loop
      vertex 8.488878319785954 -4.469684049886067 11.45
      vertex 8.5 -6.1 11.7
      vertex 8.491444861373807 -6.230526192220051 11.7
    endloop
  endfacet
  facet normal 0.5743641257992363 -0.11424812800067019 -0.8105881915271288
    outer loop
      vertex 8.488878319785954 -4.469684049886067 11.45
      vertex 8.491444861373807 -6.230526192220051 11.7
      vertex 8.465925826289066 -6.35881904510252 11.7
    endloop
  endfacet
  facet normal 0.10016189002061814 -0.14990286180431808 -0.9836141152964272
    outer loop
      vertex 7.99138985771134 -5.331359342378605 11.45
      vertex 8.108761429008723 -6.893353340291235 11.7
      vertex 7.8500000000000085 -5.42583302491977 11.45
    endloop
  endfacet
  facet normal 0.1647690234968525 -0.14449855543702636 -0.9756901846244566
    outer loop
      vertex 8.23135934237861 -5.091389857711337 11.45
      vertex 8.293353340291233 -6.70876142900872 11.7
      vertex 8.207106781186553 -6.8071067811865476 11.7
    endloop
  endfacet
  facet normal 0.3841214307655612 -0.13039165559403618 -0.914028852158434
    outer loop
      vertex 8.401043392264683 -4.797488462074616 11.45
      vertex 8.465925826289066 -6.35881904510252 11.7
      vertex 8.423879532511293 -6.482683432365089 11.7
    endloop
  endfacet
  facet normal 0.27832559396267975 -0.1372549936101677 -0.9506292287082246
    outer loop
      vertex 8.325833024919774 -4.95 11.45
      vertex 8.423879532511293 -6.482683432365089 11.7
      vertex 8.366025403784434 -6.6 11.7
    endloop
  endfacet
  facet normal 0.211580610572078 -0.14137364418217968 -0.967081763844504
    outer loop
      vertex 8.23135934237861 -5.091389857711337 11.45
      vertex 8.366025403784434 -6.6 11.7
      vertex 8.293353340291233 -6.70876142900872 11.7
    endloop
  endfacet
  facet normal 0.9978589232386019 -0.06540312923016633 0
    outer loop
      vertex 8.5 -6.1 11.7
      vertex 8.491444861373807 -6.230526192220051 15.5
      vertex 8.491444861373807 -6.230526192220051 11.7
    endloop
  endfacet
  facet normal 0.10016189002061254 -0.14990286180431917 -0.9836141152964276
    outer loop
      vertex 7.8500000000000085 -5.42583302491977 11.45
      vertex 8.108761429008723 -6.893353340291235 11.7
      vertex 8 -6.966025403784438 11.7
    endloop
  endfacet
  facet normal 0.12913374741387804 -0.14724881779974267 -0.9806336017776602
    outer loop
      vertex 8.119238815542516 -5.219238815542512 11.45
      vertex 8.207106781186553 -6.8071067811865476 11.7
      vertex 8.108761429008723 -6.893353340291235 11.7
    endloop
  endfacet
  facet normal 0.07526384933037196 -0.15261998866354126 -0.9854148832062136
    outer loop
      vertex 7.8500000000000085 -5.42583302491977 11.45
      vertex 8 -6.966025403784438 11.7
      vertex 7.882683432365084 -7.023879532511287 11.7
    endloop
  endfacet
  facet normal 0.9469301294951259 -0.321439465303102 0
    outer loop
      vertex 8.465925826289066 -6.35881904510252 11.7
      vertex 8.465925826289066 -6.35881904510252 15.5
      vertex 8.423879532511293 -6.482683432365089 11.7
    endloop
  endfacet
  facet normal 0.9807852804032317 -0.19509032201612234 0
    outer loop
      vertex 8.491444861373807 -6.230526192220051 11.7
      vertex 8.491444861373807 -6.230526192220051 15.5
      vertex 8.465925826289066 -6.35881904510252 11.7
    endloop
  endfacet
  facet normal 0.8968727415326548 -0.4422886902190693 0
    outer loop
      vertex 8.423879532511293 -6.482683432365089 11.7
      vertex 8.423879532511293 -6.482683432365089 15.5
      vertex 8.366025403784434 -6.6 11.7
    endloop
  endfacet
  facet normal 0.8314696123025543 -0.5555702330195886 0
    outer loop
      vertex 8.366025403784434 -6.6 11.7
      vertex 8.366025403784434 -6.6 15.5
      vertex 8.293353340291233 -6.70876142900872 11.7
    endloop
  endfacet
  facet normal 0.659345815100054 -0.7518398074789905 0
    outer loop
      vertex 8.207106781186553 -6.8071067811865476 11.7
      vertex 8.207106781186553 -6.8071067811865476 15.5
      vertex 8.108761429008723 -6.893353340291235 11.7
    endloop
  endfacet
  facet normal 0.3214394653031898 -0.946930129495096 0
    outer loop
      vertex 7.758819045102527 -7.065925826289068 11.7
      vertex 7.882683432365084 -7.023879532511287 11.7
      vertex 7.882683432365084 -7.023879532511287 15.5
    endloop
  endfacet
  facet normal 0.44228869021898753 -0.896872741532695 0
    outer loop
      vertex 8 -6.966025403784438 11.7
      vertex 7.882683432365084 -7.023879532511287 15.5
      vertex 7.882683432365084 -7.023879532511287 11.7
    endloop
  endfacet
  facet normal 0.5555702330195933 -0.8314696123025512 0
    outer loop
      vertex 8 -6.966025403784438 11.7
      vertex 8.108761429008723 -6.893353340291235 11.7
      vertex 8.108761429008723 -6.893353340291235 15.5
    endloop
  endfacet
  facet normal 0.7518398074790086 -0.6593458151000333 0
    outer loop
      vertex 8.207106781186553 -6.8071067811865476 11.7
      vertex 8.293353340291233 -6.70876142900872 11.7
      vertex 8.293353340291233 -6.70876142900872 15.5
    endloop
  endfacet
  facet normal 0.44228869021898004 0.8968727415326988 0
    outer loop
      vertex 7.697488462074617 -3.098956607735327 11.45
      vertex 7.697488462074617 -3.098956607735327 15.75
      vertex 7.773744231037313 -3.1365617914077784 13.6
    endloop
  endfacet
  facet normal 0.44228869021898004 0.8968727415326988 0
    outer loop
      vertex 7.773744231037313 -3.1365617914077784 13.6
      vertex 7.697488462074617 -3.098956607735327 15.75
      vertex 7.8500000000000085 -3.1741669750802295 15.75
    endloop
  endfacet
  facet normal 0.659345815100106 0.7518398074789449 0
    outer loop
      vertex 7.99138985771134 -3.268640657621394 11.45
      vertex 7.99138985771134 -3.268640657621394 15.75
      vertex 8.055314336626921 -3.324700921039441 13.6
    endloop
  endfacet
  facet normal 0.7518398074789765 0.6593458151000697 0
    outer loop
      vertex 8.119238815542516 -3.380761184457488 11.45
      vertex 8.119238815542516 -3.380761184457488 15.75
      vertex 8.175299078960563 -3.4446856633730754 13.6
    endloop
  endfacet
  facet normal 0.8314696123025856 0.5555702330195417 0
    outer loop
      vertex 8.23135934237861 -3.508610142288663 11.45
      vertex 8.23135934237861 -3.508610142288663 15.75
      vertex 8.278596183649185 -3.5793050711443315 13.6
    endloop
  endfacet
  facet normal 0.6593458151000645 0.751839807478981 -2.179059480860613e-15
    outer loop
      vertex 8.055314336626921 -3.324700921039441 13.6
      vertex 7.99138985771134 -3.268640657621394 15.75
      vertex 8.119238815542516 -3.380761184457488 15.75
    endloop
  endfacet
  facet normal 0.7518398074789777 0.6593458151000685 6.879991828520214e-17
    outer loop
      vertex 8.175299078960563 -3.4446856633730754 13.6
      vertex 8.119238815542516 -3.380761184457488 15.75
      vertex 8.23135934237861 -3.508610142288663 15.75
    endloop
  endfacet
  facet normal 0.8968727415326752 0.44228869021902817 0
    outer loop
      vertex 8.325833024919774 -3.65 11.45
      vertex 8.325833024919774 -3.65 15.75
      vertex 8.363438208592228 -3.726255768962692 13.6
    endloop
  endfacet
  facet normal 0.8314696123025471 0.5555702330195994 -2.747251909457388e-15
    outer loop
      vertex 8.278596183649185 -3.5793050711443315 13.6
      vertex 8.23135934237861 -3.508610142288663 15.75
      vertex 8.325833024919774 -3.65 15.75
    endloop
  endfacet
  facet normal 0.9469301294951536 0.3214394653030205 0
    outer loop
      vertex 8.401043392264683 -3.8025115379253833 11.45
      vertex 8.401043392264683 -3.8025115379253833 15.75
      vertex 8.428373483220227 -3.883023389646053 13.6
    endloop
  endfacet
  facet normal 0.9807852804032268 0.19509032201614704 0
    outer loop
      vertex 8.488878319785954 -4.130315950113933 11.45
      vertex 8.455703574175786 -3.963535241366723 15.75
      vertex 8.488878319785954 -4.130315950113933 15.75
    endloop
  endfacet
  facet normal 0.8968727415326746 0.44228869021902917 -4.507580853168342e-17
    outer loop
      vertex 8.325833024919774 -3.65 15.75
      vertex 8.401043392264683 -3.8025115379253833 15.75
      vertex 8.363438208592228 -3.726255768962692 13.6
    endloop
  endfacet
  facet normal 0.9469301294951284 0.32143946530309453 -3.095996322834173e-15
    outer loop
      vertex 8.428373483220227 -3.883023389646053 13.6
      vertex 8.401043392264683 -3.8025115379253833 15.75
      vertex 8.455703574175786 -3.963535241366723 15.75
    endloop
  endfacet
  facet normal 0.9978589232386037 0.06540312923014117 0
    outer loop
      vertex 8.488878319785954 -4.130315950113933 11.45
      vertex 8.488878319785954 -4.130315950113933 15.75
      vertex 8.5 -4.3 15.75
    endloop
  endfacet
  facet normal 0.902772070957519 -0.05917080766343803 0.4260298151767418
    outer loop
      vertex 8.5 -4.3 15.75
      vertex 8.488878319785954 -4.469684049886067 15.75
      vertex 8.491444861373807 -6.230526192220051 15.5
    endloop
  endfacet
  facet normal 0.574364125799187 -0.11424812800067513 0.810588191527163
    outer loop
      vertex 8.488878319785954 -4.469684049886067 15.75
      vertex 8.455703574175786 -4.636464758633277 15.75
      vertex 8.491444861373807 -6.230526192220051 15.5
    endloop
  endfacet
  facet normal 0.38412143076556804 -0.13039165559403548 0.9140288521584312
    outer loop
      vertex 8.455703574175786 -4.636464758633277 15.75
      vertex 8.401043392264683 -4.797488462074616 15.75
      vertex 8.465925826289066 -6.35881904510252 15.5
    endloop
  endfacet
  facet normal -0.9460522085255892 -0.3240142261442466 0
    outer loop
      vertex 6.576120467488707 -6.482683432365089 11.7
      vertex 6.576120467488707 -6.482683432365089 15.5
      vertex 6.16648391139384 -5.286632341652057 15.677435120534877
    endloop
  endfacet
  facet normal -0.6630675457611065 -0.3269887273419277 0.6733645386784556
    outer loop
      vertex 6.16648391139384 -5.286632341652057 15.677435120534877
      vertex 6.576120467488707 -6.482683432365089 15.5
      vertex 6.191816629534216 -5.296765428908207 15.697459783498756
    endloop
  endfacet
  facet normal -0.4029568874073792 -0.2692471841680491 0.8747180692706269
    outer loop
      vertex 6.191816629534216 -5.296765428908207 15.697459783498756
      vertex 6.633974596215566 -6.6 15.5
      vertex 6.2438853338068725 -5.317592910617272 15.715035391848069
    endloop
  endfacet
  facet normal -0.26564857401594816 -0.23296754683957616 0.9354982401067589
    outer loop
      vertex 6.2438853338068725 -5.317592910617272 15.715035391848069
      vertex 6.706646659708767 -6.70876142900872 15.5
      vertex 6.322643881464202 -5.349096329680202 15.729554736768522
    endloop
  endfacet
  facet normal -0.1848140658824891 -0.2107400525343486 0.9599126998377524
    outer loop
      vertex 6.322643881464202 -5.349096329680202 15.729554736768522
      vertex 6.792893218813447 -6.8071067811865476 15.5
      vertex 6.426986572665527 -5.3908334061607315 15.740481067170936
    endloop
  endfacet
  facet normal -0.6630675457610287 -0.32698872734191653 0.6733645386785378
    outer loop
      vertex 6.191816629534216 -5.296765428908207 15.697459783498756
      vertex 6.576120467488707 -6.482683432365089 15.5
      vertex 6.633974596215566 -6.6 15.5
    endloop
  endfacet
  facet normal -0.40295688740736973 -0.269247184168047 0.874718069270632
    outer loop
      vertex 6.2438853338068725 -5.317592910617272 15.715035391848069
      vertex 6.633974596215566 -6.6 15.5
      vertex 6.706646659708767 -6.70876142900872 15.5
    endloop
  endfacet
  facet normal -0.13096834165380924 -0.1960079748458287 0.9718169412401124
    outer loop
      vertex 6.426986572665527 -5.3908334061607315 15.740481067170936
      vertex 6.891238570991277 -6.893353340291235 15.5
      vertex 6.554699767898981 -5.441918684254111 15.747389017833896
    endloop
  endfacet
  facet normal -0.09149776368096192 -0.18553911047562768 0.9783677211178298
    outer loop
      vertex 6.554699767898981 -5.441918684254111 15.747389017833896
      vertex 7 -6.966025403784438 15.5
      vertex 6.702511537925389 -5.501043392264672 15.75
    endloop
  endfacet
  facet normal -0.060314395789964684 -0.17768048040380005 0.9822381689508743
    outer loop
      vertex 6.702511537925389 -5.501043392264672 15.75
      vertex 7.117316567634916 -7.023879532511287 15.5
      vertex 6.863535241366719 -5.555703574175789 15.75
    endloop
  endfacet
  facet normal -0.034117236188445824 -0.1715189288523614 0.9845899000295506
    outer loop
      vertex 6.863535241366719 -5.555703574175789 15.75
      vertex 7.241180954897473 -7.065925826289068 15.5
      vertex 7.0303159501139305 -5.5888783197859535 15.75
    endloop
  endfacet
  facet normal -0.010913811341062618 -0.1665125837465811 0.9859789288702115
    outer loop
      vertex 7.0303159501139305 -5.5888783197859535 15.75
      vertex 7.5 -7.1 15.5
      vertex 7.200000000000003 -5.6 15.75
    endloop
  endfacet
  facet normal 0.010638951861447478 -0.16231903845908288 0.9866809729882342
    outer loop
      vertex 7.200000000000003 -5.6 15.75
      vertex 7.5 -7.1 15.5
      vertex 7.369684049886075 -5.5888783197859535 15.75
    endloop
  endfacet
  facet normal 0.07526384933037039 -0.1526199886635413 0.9854148832062137
    outer loop
      vertex 7.697488462074617 -5.501043392264672 15.75
      vertex 7.882683432365084 -7.023879532511287 15.5
      vertex 7.8500000000000085 -5.42583302491977 15.75
    endloop
  endfacet
  facet normal 0.03156915005189326 -0.15870883478873216 0.9868205989565701
    outer loop
      vertex 7.369684049886075 -5.5888783197859535 15.75
      vertex 7.758819045102527 -7.065925826289068 15.5
      vertex 7.5364647586332865 -5.555703574175789 15.75
    endloop
  endfacet
  facet normal 0.05279130011413287 -0.15551815520269185 0.9864214018534935
    outer loop
      vertex 7.5364647586332865 -5.555703574175789 15.75
      vertex 7.758819045102527 -7.065925826289068 15.5
      vertex 7.697488462074617 -5.501043392264672 15.75
    endloop
  endfacet
  facet normal -0.8968727415326548 -0.4422886902190693 0
    outer loop
      vertex 6.633974596215566 -6.6 11.7
      vertex 6.633974596215566 -6.6 15.5
      vertex 6.576120467488707 -6.482683432365089 15.5
    endloop
  endfacet
  facet normal -0.8314696123025543 -0.5555702330195886 0
    outer loop
      vertex 6.633974596215566 -6.6 11.7
      vertex 6.706646659708767 -6.70876142900872 15.5
      vertex 6.633974596215566 -6.6 15.5
    endloop
  endfacet
  facet normal -0.7518398074790086 -0.6593458151000333 0
    outer loop
      vertex 6.792893218813447 -6.8071067811865476 11.7
      vertex 6.792893218813447 -6.8071067811865476 15.5
      vertex 6.706646659708767 -6.70876142900872 15.5
    endloop
  endfacet
  facet normal -0.659345815100054 -0.7518398074789905 0
    outer loop
      vertex 6.792893218813447 -6.8071067811865476 11.7
      vertex 6.891238570991277 -6.893353340291235 15.5
      vertex 6.792893218813447 -6.8071067811865476 15.5
    endloop
  endfacet
  facet normal -0.5555702330195933 -0.8314696123025512 0
    outer loop
      vertex 6.891238570991277 -6.893353340291235 11.7
      vertex 7 -6.966025403784438 15.5
      vertex 6.891238570991277 -6.893353340291235 15.5
    endloop
  endfacet
  facet normal -0.2656485740159829 -0.2329675468395839 0.9354982401067471
    outer loop
      vertex 6.322643881464202 -5.349096329680202 15.729554736768522
      vertex 6.706646659708767 -6.70876142900872 15.5
      vertex 6.792893218813447 -6.8071067811865476 15.5
    endloop
  endfacet
  facet normal -0.18481406588246943 -0.2107400525343443 0.9599126998377572
    outer loop
      vertex 6.426986572665527 -5.3908334061607315 15.740481067170936
      vertex 6.792893218813447 -6.8071067811865476 15.5
      vertex 6.891238570991277 -6.893353340291235 15.5
    endloop
  endfacet
  facet normal -0.13096834165380206 -0.1960079748458273 0.9718169412401138
    outer loop
      vertex 6.554699767898981 -5.441918684254111 15.747389017833896
      vertex 6.891238570991277 -6.893353340291235 15.5
      vertex 7 -6.966025403784438 15.5
    endloop
  endfacet
  facet normal -0.09149776368096978 -0.1855391104756291 0.9783677211178289
    outer loop
      vertex 6.702511537925389 -5.501043392264672 15.75
      vertex 7 -6.966025403784438 15.5
      vertex 7.117316567634916 -7.023879532511287 15.5
    endloop
  endfacet
  facet normal -0.44228869021898753 -0.896872741532695 0
    outer loop
      vertex 7 -6.966025403784438 11.7
      vertex 7.117316567634916 -7.023879532511287 15.5
      vertex 7 -6.966025403784438 15.5
    endloop
  endfacet
  facet normal -0.3214394653031898 -0.946930129495096 0
    outer loop
      vertex 7.241180954897473 -7.065925826289068 11.7
      vertex 7.241180954897473 -7.065925826289068 15.5
      vertex 7.117316567634916 -7.023879532511287 15.5
    endloop
  endfacet
  facet normal -0.19509032201610543 -0.980785280403235 0
    outer loop
      vertex 7.241180954897473 -7.065925826289068 11.7
      vertex 7.369473807779954 -7.09144486137381 15.5
      vertex 7.241180954897473 -7.065925826289068 15.5
    endloop
  endfacet
  facet normal -0.06540312923014871 -0.997858923238603 0
    outer loop
      vertex 7.5 -7.1 11.7
      vertex 7.5 -7.1 15.5
      vertex 7.369473807779954 -7.09144486137381 15.5
    endloop
  endfacet
  facet normal 0.06540312923014871 -0.997858923238603 0
    outer loop
      vertex 7.630526192220046 -7.09144486137381 11.7
      vertex 7.630526192220046 -7.09144486137381 15.5
      vertex 7.5 -7.1 15.5
    endloop
  endfacet
  facet normal 0.19509032201610543 -0.980785280403235 0
    outer loop
      vertex 7.630526192220046 -7.09144486137381 11.7
      vertex 7.758819045102527 -7.065925826289068 15.5
      vertex 7.630526192220046 -7.09144486137381 15.5
    endloop
  endfacet
  facet normal 0.3214394653031898 -0.946930129495096 0
    outer loop
      vertex 7.758819045102527 -7.065925826289068 11.7
      vertex 7.882683432365084 -7.023879532511287 15.5
      vertex 7.758819045102527 -7.065925826289068 15.5
    endloop
  endfacet
  facet normal -0.06031439578996655 -0.1776804804038004 0.9822381689508741
    outer loop
      vertex 6.863535241366719 -5.555703574175789 15.75
      vertex 7.117316567634916 -7.023879532511287 15.5
      vertex 7.241180954897473 -7.065925826289068 15.5
    endloop
  endfacet
  facet normal -0.03411723618844209 -0.17151892885236092 0.9845899000295508
    outer loop
      vertex 7.0303159501139305 -5.5888783197859535 15.75
      vertex 7.241180954897473 -7.065925826289068 15.5
      vertex 7.369473807779954 -7.09144486137381 15.5
    endloop
  endfacet
  facet normal -0.010913811341064257 -0.1665125837465816 0.9859789288702113
    outer loop
      vertex 7.0303159501139305 -5.5888783197859535 15.75
      vertex 7.369473807779954 -7.09144486137381 15.5
      vertex 7.5 -7.1 15.5
    endloop
  endfacet
  facet normal 0.010638951861449038 -0.16231903845908277 0.9866809729882342
    outer loop
      vertex 7.369684049886075 -5.5888783197859535 15.75
      vertex 7.5 -7.1 15.5
      vertex 7.630526192220046 -7.09144486137381 15.5
    endloop
  endfacet
  facet normal 0.031569150051890066 -0.15870883478873302 0.9868205989565701
    outer loop
      vertex 7.369684049886075 -5.5888783197859535 15.75
      vertex 7.630526192220046 -7.09144486137381 15.5
      vertex 7.758819045102527 -7.065925826289068 15.5
    endloop
  endfacet
  facet normal 0.052791300114134354 -0.15551815520269174 0.9864214018534933
    outer loop
      vertex 7.697488462074617 -5.501043392264672 15.75
      vertex 7.758819045102527 -7.065925826289068 15.5
      vertex 7.882683432365084 -7.023879532511287 15.5
    endloop
  endfacet
  facet normal 1 0 0
    outer loop
      vertex 8.5 -6.1 11.7
      vertex 8.5 -4.3 15.75
      vertex 8.5 -6.1 15.5
    endloop
  endfacet
  facet normal 0.9978589232386019 -0.06540312923016633 0
    outer loop
      vertex 8.5 -6.1 11.7
      vertex 8.5 -6.1 15.5
      vertex 8.491444861373807 -6.230526192220051 15.5
    endloop
  endfacet
  facet normal 0.16476902349683747 -0.14449855543702733 0.9756901846244591
    outer loop
      vertex 8.23135934237861 -5.091389857711337 15.75
      vertex 8.119238815542516 -5.219238815542512 15.75
      vertex 8.293353340291233 -6.70876142900872 15.5
    endloop
  endfacet
  facet normal 0.12913374741388153 -0.14724881779974242 0.9806336017776599
    outer loop
      vertex 7.99138985771134 -5.331359342378605 15.75
      vertex 8.207106781186553 -6.8071067811865476 15.5
      vertex 8.119238815542516 -5.219238815542512 15.75
    endloop
  endfacet
  facet normal 0.2783255939627062 -0.13725499361016485 0.9506292287082175
    outer loop
      vertex 8.401043392264683 -4.797488462074616 15.75
      vertex 8.325833024919774 -4.95 15.75
      vertex 8.423879532511293 -6.482683432365089 15.5
    endloop
  endfacet
  facet normal 0.2115806105720726 -0.14137364418218007 0.9670817638445051
    outer loop
      vertex 8.325833024919774 -4.95 15.75
      vertex 8.23135934237861 -5.091389857711337 15.75
      vertex 8.293353340291233 -6.70876142900872 15.5
    endloop
  endfacet
  facet normal 0.9027720709574497 -0.05917080766345636 0.42602981517688576
    outer loop
      vertex 8.5 -4.3 15.75
      vertex 8.491444861373807 -6.230526192220051 15.5
      vertex 8.5 -6.1 15.5
    endloop
  endfacet
  facet normal 0.5743641257992318 -0.1142481280006693 0.8105881915271324
    outer loop
      vertex 8.455703574175786 -4.636464758633277 15.75
      vertex 8.465925826289066 -6.35881904510252 15.5
      vertex 8.491444861373807 -6.230526192220051 15.5
    endloop
  endfacet
  facet normal 0.10016189002061814 -0.14990286180431808 0.9836141152964272
    outer loop
      vertex 7.99138985771134 -5.331359342378605 15.75
      vertex 7.8500000000000085 -5.42583302491977 15.75
      vertex 8.108761429008723 -6.893353340291235 15.5
    endloop
  endfacet
  facet normal 0.16476902349685135 -0.14449855543702536 0.9756901846244569
    outer loop
      vertex 8.119238815542516 -5.219238815542512 15.75
      vertex 8.207106781186553 -6.8071067811865476 15.5
      vertex 8.293353340291233 -6.70876142900872 15.5
    endloop
  endfacet
  facet normal 0.3841214307655612 -0.13039165559403618 0.914028852158434
    outer loop
      vertex 8.401043392264683 -4.797488462074616 15.75
      vertex 8.423879532511293 -6.482683432365089 15.5
      vertex 8.465925826289066 -6.35881904510252 15.5
    endloop
  endfacet
  facet normal 0.27832559396267975 -0.1372549936101677 0.9506292287082246
    outer loop
      vertex 8.325833024919774 -4.95 15.75
      vertex 8.366025403784434 -6.6 15.5
      vertex 8.423879532511293 -6.482683432365089 15.5
    endloop
  endfacet
  facet normal 0.2115806105720785 -0.14137364418218 0.967081763844504
    outer loop
      vertex 8.325833024919774 -4.95 15.75
      vertex 8.293353340291233 -6.70876142900872 15.5
      vertex 8.366025403784434 -6.6 15.5
    endloop
  endfacet
  facet normal 0.9469301294951259 -0.321439465303102 0
    outer loop
      vertex 8.423879532511293 -6.482683432365089 11.7
      vertex 8.465925826289066 -6.35881904510252 15.5
      vertex 8.423879532511293 -6.482683432365089 15.5
    endloop
  endfacet
  facet normal 0.9807852804032317 -0.19509032201612234 0
    outer loop
      vertex 8.465925826289066 -6.35881904510252 11.7
      vertex 8.491444861373807 -6.230526192220051 15.5
      vertex 8.465925826289066 -6.35881904510252 15.5
    endloop
  endfacet
  facet normal 0.8968727415326548 -0.4422886902190693 0
    outer loop
      vertex 8.366025403784434 -6.6 11.7
      vertex 8.423879532511293 -6.482683432365089 15.5
      vertex 8.366025403784434 -6.6 15.5
    endloop
  endfacet
  facet normal 0.8314696123025543 -0.5555702330195886 0
    outer loop
      vertex 8.293353340291233 -6.70876142900872 11.7
      vertex 8.366025403784434 -6.6 15.5
      vertex 8.293353340291233 -6.70876142900872 15.5
    endloop
  endfacet
  facet normal 0.7518398074790086 -0.6593458151000333 0
    outer loop
      vertex 8.207106781186553 -6.8071067811865476 11.7
      vertex 8.293353340291233 -6.70876142900872 15.5
      vertex 8.207106781186553 -6.8071067811865476 15.5
    endloop
  endfacet
  facet normal 0.659345815100054 -0.7518398074789905 0
    outer loop
      vertex 8.108761429008723 -6.893353340291235 11.7
      vertex 8.207106781186553 -6.8071067811865476 15.5
      vertex 8.108761429008723 -6.893353340291235 15.5
    endloop
  endfacet
  facet normal 0.44228869021898753 -0.896872741532695 0
    outer loop
      vertex 8 -6.966025403784438 11.7
      vertex 8 -6.966025403784438 15.5
      vertex 7.882683432365084 -7.023879532511287 15.5
    endloop
  endfacet
  facet normal 0.5555702330195933 -0.8314696123025512 0
    outer loop
      vertex 8 -6.966025403784438 11.7
      vertex 8.108761429008723 -6.893353340291235 15.5
      vertex 8 -6.966025403784438 15.5
    endloop
  endfacet
  facet normal 0.10016189002061254 -0.14990286180431917 0.9836141152964276
    outer loop
      vertex 7.8500000000000085 -5.42583302491977 15.75
      vertex 8 -6.966025403784438 15.5
      vertex 8.108761429008723 -6.893353340291235 15.5
    endloop
  endfacet
  facet normal 0.1291337474138783 -0.14724881779974294 0.9806336017776602
    outer loop
      vertex 7.99138985771134 -5.331359342378605 15.75
      vertex 8.108761429008723 -6.893353340291235 15.5
      vertex 8.207106781186553 -6.8071067811865476 15.5
    endloop
  endfacet
  facet normal 0.07526384933037196 -0.15261998866354126 0.9854148832062136
    outer loop
      vertex 7.8500000000000085 -5.42583302491977 15.75
      vertex 7.882683432365084 -7.023879532511287 15.5
      vertex 8 -6.966025403784438 15.5
    endloop
  endfacet
  facet normal -0.831469603224722 0 -0.5555702466055247
    outer loop
      vertex -3.6928203299641638 -4.55 0.3999999970197674
      vertex -3.634682674705985 -4.55 0.31299085021018946
      vertex -3.6928203299641638 -6.15 0.3999999970197674
    endloop
  endfacet
  facet normal -0.7518397750806568 0 -0.6593458520432711
    outer loop
      vertex -3.634682674705985 -4.55 0.31299085021018946
      vertex -3.56568542569876 -4.55 0.23431457430124247
      vertex -3.634682674705985 -6.15 0.31299085021018946
    endloop
  endfacet
  facet normal -0.9469301219381054 0 -0.3214394875653657
    outer loop
      vertex -3.772740666568282 -4.55 0.5929447621107098
      vertex -3.739103627204898 -4.55 0.4938532471656796
      vertex -3.772740666568282 -6.15 0.5929447621107098
    endloop
  endfacet
  facet normal -0.896872755887627 0 -0.4422886611100639
    outer loop
      vertex -3.6928203299641638 -4.55 0.3999999970197674
      vertex -3.739103627204898 -6.15 0.4938532471656796
      vertex -3.739103627204898 -4.55 0.4938532471656796
    endloop
  endfacet
  facet normal -0.9807852870903428 0 -0.19509028839774134
    outer loop
      vertex -3.772740666568282 -4.55 0.5929447621107098
      vertex -3.793155890703204 -6.15 0.6955790430307385
      vertex -3.793155890703204 -4.55 0.6955790430307385
    endloop
  endfacet
  facet normal -0.9978589232575189 0 -0.0654031289415513
    outer loop
      vertex -3.793155890703204 -4.55 0.6955790430307385
      vertex -3.800000001490119 -6.15 0.7999999955296513
      vertex -3.800000001490119 -4.55 0.7999999955296513
    endloop
  endfacet
  facet normal -0.6593458520432711 0 -0.7518397750806568
    outer loop
      vertex -3.56568542569876 -4.55 0.23431457430124247
      vertex -3.487009149789813 -4.55 0.16531732529401744
      vertex -3.56568542569876 -6.15 0.23431457430124247
    endloop
  endfacet
  facet normal -0.5555702466055247 0 -0.831469603224722
    outer loop
      vertex -3.487009149789813 -4.55 0.16531732529401744
      vertex -3.400000002980235 -4.55 0.10717967003583873
      vertex -3.487009149789813 -6.15 0.16531732529401744
    endloop
  endfacet
  facet normal -0.4422886611100639 0 -0.896872755887627
    outer loop
      vertex -3.400000002980235 -4.55 0.10717967003583873
      vertex -3.306146752834323 -4.55 0.060896372795104625
      vertex -3.400000002980235 -6.15 0.10717967003583873
    endloop
  endfacet
  facet normal -0.3214394875653657 0 -0.9469301219381054
    outer loop
      vertex -3.306146752834323 -4.55 0.060896372795104625
      vertex -3.2070552378892927 -4.55 0.02725933343172038
      vertex -3.306146752834323 -6.15 0.060896372795104625
    endloop
  endfacet
  facet normal -0.19509028839774134 0 -0.9807852870903428
    outer loop
      vertex -3.2070552378892927 -4.55 0.02725933343172038
      vertex -3.104420956969264 -4.55 0.006844109296798351
      vertex -3.2070552378892927 -6.15 0.02725933343172038
    endloop
  endfacet
  facet normal -0.0654031289415513 0 -0.9978589232575189
    outer loop
      vertex -3.104420956969264 -4.55 0.006844109296798351
      vertex -3.000000004470351 -4.55 -1.4901164746561335e-9
      vertex -3.104420956969264 -6.15 0.006844109296798351
    endloop
  endfacet
  facet normal 0 1 0
    outer loop
      vertex -3.634682674705985 -4.55 0.31299085021018946
      vertex 5.599999997019765 -4.55 1.9999999985098835
      vertex -3.56568542569876 -4.55 0.23431457430124247
    endloop
  endfacet
  facet normal 0 1 0
    outer loop
      vertex -3.56568542569876 -4.55 0.23431457430124247
      vertex 5.599999997019765 -4.55 1.9999999985098835
      vertex -3.487009149789813 -4.55 0.16531732529401744
    endloop
  endfacet
  facet normal 0 1 0
    outer loop
      vertex -3.772740666568282 -4.55 0.5929447621107098
      vertex 5.599999997019765 -4.55 1.9999999985098835
      vertex -3.739103627204898 -4.55 0.4938532471656796
    endloop
  endfacet
  facet normal 0 1 0
    outer loop
      vertex -3.6928203299641638 -4.55 0.3999999970197674
      vertex -3.739103627204898 -4.55 0.4938532471656796
      vertex 5.599999997019765 -4.55 1.9999999985098835
    endloop
  endfacet
  facet normal 0 1 0
    outer loop
      vertex -3.793155890703204 -4.55 0.6955790430307385
      vertex -3.800000001490119 -4.55 0.7999999955296513
      vertex 5.599999997019765 -4.55 1.9999999985098835
    endloop
  endfacet
  facet normal 0 1 0
    outer loop
      vertex -3.772740666568282 -4.55 0.5929447621107098
      vertex -3.793155890703204 -4.55 0.6955790430307385
      vertex 5.599999997019765 -4.55 1.9999999985098835
    endloop
  endfacet
  facet normal 0 1 0
    outer loop
      vertex -3.6928203299641638 -4.55 0.3999999970197674
      vertex 5.599999997019765 -4.55 1.9999999985098835
      vertex -3.634682674705985 -4.55 0.31299085021018946
    endloop
  endfacet
  facet normal 0 1 0
    outer loop
      vertex -3.800000001490119 -4.55 0.7999999955296513
      vertex 0.41253675818443014 -4.55 3.458998745679855
      vertex 0.4779398918151827 -4.55 3.345717197656631
    endloop
  endfacet
  facet normal 0 1 0
    outer loop
      vertex -3.800000001490119 -4.55 0.7999999955296513
      vertex 0.4779398918151827 -4.55 3.345717197656631
      vertex 0.5358904555439921 -4.55 3.258988051116466
    endloop
  endfacet
  facet normal 0 1 0
    outer loop
      vertex -3.800000001490119 -4.55 0.7999999955296513
      vertex 0.22861159145831778 -4.55 4.000824874639511
      vertex 0.24896111637353613 -4.55 3.898520892858505
    endloop
  endfacet
  facet normal 0 1 0
    outer loop
      vertex -3.800000001490119 -4.55 0.7999999955296513
      vertex 0.20214107930659964 -4.55 4.273880688846111
      vertex 0.21153795272111608 -4.55 4.130512064695358
    endloop
  endfacet
  facet normal 0 1 0
    outer loop
      vertex -3.800000001490119 -4.55 0.7999999955296513
      vertex 0.21153795272111608 -4.55 4.130512064695358
      vertex 0.22861159145831778 -4.55 4.000824874639511
    endloop
  endfacet
  facet normal 0 1 0
    outer loop
      vertex -3.800000001490119 -4.55 0.7999999955296513
      vertex 0.20000000596046164 -4.55 4.339283800125122
      vertex 0.20214107930659964 -4.55 4.273880688846111
    endloop
  endfacet
  facet normal 0 1 0
    outer loop
      vertex -3.800000001490119 -4.55 0.7999999955296513
      vertex 0.2828162565827341 -4.55 3.7721717715263363
      vertex 0.31634503901004507 -4.55 3.673399148881435
    endloop
  endfacet
  facet normal 0 1 0
    outer loop
      vertex -3.800000001490119 -4.55 0.7999999955296513
      vertex 0.36640244275331213 -4.55 3.5525498822331425
      vertex 0.41253675818443014 -4.55 3.458998745679855
    endloop
  endfacet
  facet normal 0 1 0
    outer loop
      vertex -3.800000001490119 -4.55 0.7999999955296513
      vertex 0.31634503901004507 -4.55 3.673399148881435
      vertex 0.36640244275331213 -4.55 3.5525498822331425
    endloop
  endfacet
  facet normal 0 1 0
    outer loop
      vertex -3.800000001490119 -4.55 0.7999999955296513
      vertex 0.24896111637353613 -4.55 3.898520892858505
      vertex 0.2828162565827341 -4.55 3.7721717715263363
    endloop
  endfacet
  facet normal 0 1 0
    outer loop
      vertex -3.800000001490119 -4.55 0.7999999955296513
      vertex 0.5358904555439921 -4.55 3.258988051116466
      vertex 0.615520264208314 -4.55 3.155212467908859
    endloop
  endfacet
  facet normal 0 1 0
    outer loop
      vertex -3.800000001490119 -4.55 0.7999999955296513
      vertex 0.615520264208314 -4.55 3.155212467908859
      vertex 0.6842954784631701 -4.55 3.0767893776297566
    endloop
  endfacet
  facet normal 0 1 0
    outer loop
      vertex -3.800000001490119 -4.55 0.7999999955296513
      vertex 0.6842954784631701 -4.55 3.0767893776297566
      vertex 0.7767893627285929 -4.55 2.9842954933643338
    endloop
  endfacet
  facet normal 0 1 0
    outer loop
      vertex -3.800000001490119 -4.55 0.7999999955296513
      vertex 0.7767893627285929 -4.55 2.9842954933643338
      vertex 0.855212400853631 -4.55 2.9155203238129612
    endloop
  endfacet
  facet normal 0 1 0
    outer loop
      vertex -3.800000001490119 -4.55 0.7999999955296513
      vertex 1.0457171827554674 -4.55 2.7779399067163464
      vertex 1.1589987307786913 -4.55 2.712536773085594
    endloop
  endfacet
  facet normal 0 1 0
    outer loop
      vertex -3.800000001490119 -4.55 0.7999999955296513
      vertex 0.855212400853631 -4.55 2.9155203238129612
      vertex 0.9589880362153025 -4.55 2.8358904704451557
    endloop
  endfacet
  facet normal 0 1 0
    outer loop
      vertex -3.800000001490119 -4.55 0.7999999955296513
      vertex 0.9589880362153025 -4.55 2.8358904704451557
      vertex 1.0457171827554674 -4.55 2.7779399067163464
    endloop
  endfacet
  facet normal -0.831469603224722 0 -0.5555702466055247
    outer loop
      vertex -3.634682674705985 -4.55 0.31299085021018946
      vertex -3.634682674705985 -6.15 0.31299085021018946
      vertex -3.6928203299641638 -6.15 0.3999999970197674
    endloop
  endfacet
  facet normal -0.9469301219381054 0 -0.3214394875653657
    outer loop
      vertex -3.739103627204898 -4.55 0.4938532471656796
      vertex -3.739103627204898 -6.15 0.4938532471656796
      vertex -3.772740666568282 -6.15 0.5929447621107098
    endloop
  endfacet
  facet normal -0.9807852870903428 0 -0.19509028839774134
    outer loop
      vertex -3.772740666568282 -4.55 0.5929447621107098
      vertex -3.772740666568282 -6.15 0.5929447621107098
      vertex -3.793155890703204 -6.15 0.6955790430307385
    endloop
  endfacet
  facet normal -0.896872755887627 0 -0.4422886611100639
    outer loop
      vertex -3.6928203299641638 -4.55 0.3999999970197674
      vertex -3.6928203299641638 -6.15 0.3999999970197674
      vertex -3.739103627204898 -6.15 0.4938532471656796
    endloop
  endfacet
  facet normal -0.9978589232575189 0 -0.0654031289415513
    outer loop
      vertex -3.793155890703204 -4.55 0.6955790430307385
      vertex -3.793155890703204 -6.15 0.6955790430307385
      vertex -3.800000001490119 -6.15 0.7999999955296513
    endloop
  endfacet
  facet normal -0.6593458520432711 0 -0.7518397750806568
    outer loop
      vertex -3.487009149789813 -4.55 0.16531732529401744
      vertex -3.487009149789813 -6.15 0.16531732529401744
      vertex -3.56568542569876 -6.15 0.23431457430124247
    endloop
  endfacet
  facet normal -0.7518397750806568 0 -0.6593458520432711
    outer loop
      vertex -3.56568542569876 -4.55 0.23431457430124247
      vertex -3.56568542569876 -6.15 0.23431457430124247
      vertex -3.634682674705985 -6.15 0.31299085021018946
    endloop
  endfacet
  facet normal -0.5555702466055247 0 -0.831469603224722
    outer loop
      vertex -3.400000002980235 -4.55 0.10717967003583873
      vertex -3.400000002980235 -6.15 0.10717967003583873
      vertex -3.487009149789813 -6.15 0.16531732529401744
    endloop
  endfacet
  facet normal -0.4422886611100639 0 -0.896872755887627
    outer loop
      vertex -3.306146752834323 -4.55 0.060896372795104625
      vertex -3.306146752834323 -6.15 0.060896372795104625
      vertex -3.400000002980235 -6.15 0.10717967003583873
    endloop
  endfacet
  facet normal -0.3214394875653657 0 -0.9469301219381054
    outer loop
      vertex -3.2070552378892927 -4.55 0.02725933343172038
      vertex -3.2070552378892927 -6.15 0.02725933343172038
      vertex -3.306146752834323 -6.15 0.060896372795104625
    endloop
  endfacet
  facet normal -0.19509028839774134 0 -0.9807852870903428
    outer loop
      vertex -3.104420956969264 -4.55 0.006844109296798351
      vertex -3.104420956969264 -6.15 0.006844109296798351
      vertex -3.2070552378892927 -6.15 0.02725933343172038
    endloop
  endfacet
  facet normal -0.0654031289415513 0 -0.9978589232575189
    outer loop
      vertex -3.000000004470351 -4.55 -1.4901164746561335e-9
      vertex -3.000000004470351 -6.15 -1.4901164746561335e-9
      vertex -3.104420956969264 -6.15 0.006844109296798351
    endloop
  endfacet
  facet normal 0 -1 0
    outer loop
      vertex -3.634682674705985 -6.15 0.31299085021018946
      vertex -3.56568542569876 -6.15 0.23431457430124247
      vertex 5.599999997019765 -6.15 1.9999999985098835
    endloop
  endfacet
  facet normal 0 -1 0
    outer loop
      vertex -3.56568542569876 -6.15 0.23431457430124247
      vertex -3.487009149789813 -6.15 0.16531732529401744
      vertex 5.599999997019765 -6.15 1.9999999985098835
    endloop
  endfacet
  facet normal 0 -1 0
    outer loop
      vertex -3.772740666568282 -6.15 0.5929447621107098
      vertex -3.739103627204898 -6.15 0.4938532471656796
      vertex 5.599999997019765 -6.15 1.9999999985098835
    endloop
  endfacet
  facet normal 0 -1 0
    outer loop
      vertex -3.6928203299641638 -6.15 0.3999999970197674
      vertex 5.599999997019765 -6.15 1.9999999985098835
      vertex -3.739103627204898 -6.15 0.4938532471656796
    endloop
  endfacet
  facet normal 0 -1 0
    outer loop
      vertex -3.793155890703204 -6.15 0.6955790430307385
      vertex 5.599999997019765 -6.15 1.9999999985098835
      vertex -3.800000001490119 -6.15 0.7999999955296513
    endloop
  endfacet
  facet normal 0 -1 0
    outer loop
      vertex -3.772740666568282 -6.15 0.5929447621107098
      vertex 5.599999997019765 -6.15 1.9999999985098835
      vertex -3.793155890703204 -6.15 0.6955790430307385
    endloop
  endfacet
  facet normal 0 -1 0
    outer loop
      vertex -3.6928203299641638 -6.15 0.3999999970197674
      vertex -3.634682674705985 -6.15 0.31299085021018946
      vertex 5.599999997019765 -6.15 1.9999999985098835
    endloop
  endfacet
  facet normal 0 1 0
    outer loop
      vertex -3.800000001490119 -4.55 0.7999999955296513
      vertex 0.20000000596046164 -4.55 22.86071619987488
      vertex 0.20000000596046164 -4.55 4.339283800125122
    endloop
  endfacet
  facet normal -1 0 0
    outer loop
      vertex -3.800000001490119 -4.55 0.7999999955296513
      vertex -3.800000001490119 -6.15 0.7999999955296513
      vertex -3.800000001490119 -6.15 26.40000000447035
    endloop
  endfacet
  facet normal 0 -1 0
    outer loop
      vertex -3.800000001490119 -6.15 0.7999999955296513
      vertex 5.599999997019765 -6.15 1.9999999985098835
      vertex -3.800000001490119 -6.15 26.40000000447035
    endloop
  endfacet
  facet normal 0 1 0
    outer loop
      vertex -3.487009149789813 -4.55 0.16531732529401744
      vertex 5.599999997019765 -4.55 1.9999999985098835
      vertex -3.400000002980235 -4.55 0.10717967003583873
    endloop
  endfacet
  facet normal 0 1 0
    outer loop
      vertex -3.400000002980235 -4.55 0.10717967003583873
      vertex 5.599999997019765 -4.55 1.9999999985098835
      vertex -3.306146752834323 -4.55 0.060896372795104625
    endloop
  endfacet
  facet normal 0 1 0
    outer loop
      vertex -3.306146752834323 -4.55 0.060896372795104625
      vertex 5.599999997019765 -4.55 1.9999999985098835
      vertex -3.2070552378892927 -4.55 0.02725933343172038
    endloop
  endfacet
  facet normal 0 1 0
    outer loop
      vertex -3.2070552378892927 -4.55 0.02725933343172038
      vertex 5.599999997019765 -4.55 1.9999999985098835
      vertex -3.104420956969264 -4.55 0.006844109296798351
    endloop
  endfacet
  facet normal 0 1 0
    outer loop
      vertex -3.104420956969264 -4.55 0.006844109296798351
      vertex 5.599999997019765 -4.55 1.9999999985098835
      vertex -3.000000004470351 -4.55 -1.4901164746561335e-9
    endloop
  endfacet
  facet normal 0 1 0
    outer loop
      vertex -3.800000001490119 -4.55 0.7999999955296513
      vertex 1.1589987307786913 -4.55 2.712536773085594
      vertex 1.2525498673319788 -4.55 2.666402457654476
    endloop
  endfacet
  facet normal 0 1 0
    outer loop
      vertex -3.800000001490119 -4.55 0.7999999955296513
      vertex 1.2525498673319788 -4.55 2.666402457654476
      vertex 1.3733991339802714 -4.55 2.6163450539112088
    endloop
  endfacet
  facet normal 0 1 0
    outer loop
      vertex -3.800000001490119 -4.55 0.7999999955296513
      vertex 1.3733991339802714 -4.55 2.6163450539112088
      vertex 1.4721717566251726 -4.55 2.582816271483898
    endloop
  endfacet
  facet normal 0 1 0
    outer loop
      vertex -3.800000001490119 -4.55 0.7999999955296513
      vertex 1.4721717566251726 -4.55 2.582816271483898
      vertex 1.5985208779573412 -4.55 2.5489611312747
    endloop
  endfacet
  facet normal 0 1 0
    outer loop
      vertex -3.800000001490119 -4.55 0.7999999955296513
      vertex 1.5985208779573412 -4.55 2.5489611312747
      vertex 1.700824859738347 -4.55 2.5286116063594815
    endloop
  endfacet
  facet normal 0 0 -1
    outer loop
      vertex -3.000000004470351 -4.55 -1.4901164746561335e-9
      vertex 8.700000005960462 -4.55 -1.4901164746561335e-9
      vertex -3.000000004470351 -6.15 -1.4901164746561335e-9
    endloop
  endfacet
  facet normal 0 1 0
    outer loop
      vertex -3.800000001490119 -4.55 0.7999999955296513
      vertex 1.700824859738347 -4.55 2.5286116063594815
      vertex 5.599999997019765 -4.55 1.9999999985098835
    endloop
  endfacet
  facet normal 0 -1 0
    outer loop
      vertex -3.487009149789813 -6.15 0.16531732529401744
      vertex -3.400000002980235 -6.15 0.10717967003583873
      vertex 5.599999997019765 -6.15 1.9999999985098835
    endloop
  endfacet
  facet normal 0 -1 0
    outer loop
      vertex -3.400000002980235 -6.15 0.10717967003583873
      vertex -3.306146752834323 -6.15 0.060896372795104625
      vertex 5.599999997019765 -6.15 1.9999999985098835
    endloop
  endfacet
  facet normal 0 -1 0
    outer loop
      vertex -3.306146752834323 -6.15 0.060896372795104625
      vertex -3.2070552378892927 -6.15 0.02725933343172038
      vertex 5.599999997019765 -6.15 1.9999999985098835
    endloop
  endfacet
  facet normal 0 -1 0
    outer loop
      vertex -3.2070552378892927 -6.15 0.02725933343172038
      vertex -3.104420956969264 -6.15 0.006844109296798351
      vertex 5.599999997019765 -6.15 1.9999999985098835
    endloop
  endfacet
  facet normal 0 -1 0
    outer loop
      vertex -3.104420956969264 -6.15 0.006844109296798351
      vertex -3.000000004470351 -6.15 -1.4901164746561335e-9
      vertex 5.599999997019765 -6.15 1.9999999985098835
    endloop
  endfacet
  facet normal 0 1 0
    outer loop
      vertex -3.800000001490119 -4.55 0.7999999955296513
      vertex -3.800000001490119 -4.55 26.40000000447035
      vertex 0.20000000596046164 -4.55 22.86071619987488
    endloop
  endfacet
  facet normal -1 0 0
    outer loop
      vertex -3.800000001490119 -4.55 0.7999999955296513
      vertex -3.800000001490119 -6.15 26.40000000447035
      vertex -3.800000001490119 -4.55 26.40000000447035
    endloop
  endfacet
  facet normal 0 -1 0
    outer loop
      vertex -3.800000001490119 -6.15 26.40000000447035
      vertex 5.599999997019765 -6.15 1.9999999985098835
      vertex -3.793155890703204 -6.15 26.504420956969263
    endloop
  endfacet
  facet normal 0 -1 0
    outer loop
      vertex -3.793155890703204 -6.15 26.504420956969263
      vertex 5.599999997019765 -6.15 1.9999999985098835
      vertex -3.772740666568282 -6.15 26.60705523788929
    endloop
  endfacet
  facet normal 0 -1 0
    outer loop
      vertex -3.772740666568282 -6.15 26.60705523788929
      vertex 5.599999997019765 -6.15 1.9999999985098835
      vertex -3.739103627204898 -6.15 26.70614675283432
    endloop
  endfacet
  facet normal 0 -1 0
    outer loop
      vertex -3.739103627204898 -6.15 26.70614675283432
      vertex 5.599999997019765 -6.15 1.9999999985098835
      vertex -3.6928203299641638 -6.15 26.800000002980234
    endloop
  endfacet
  facet normal 0 -1 0
    outer loop
      vertex -3.6928203299641638 -6.15 26.800000002980234
      vertex 5.599999997019765 -6.15 1.9999999985098835
      vertex -3.634682674705985 -6.15 26.88700914978981
    endloop
  endfacet
  facet normal 0 -1 0
    outer loop
      vertex -3.634682674705985 -6.15 26.88700914978981
      vertex 5.599999997019765 -6.15 1.9999999985098835
      vertex -3.56568542569876 -6.15 26.96568542569876
    endloop
  endfacet
  facet normal 0 -1 0
    outer loop
      vertex -3.56568542569876 -6.15 26.96568542569876
      vertex 5.599999997019765 -6.15 1.9999999985098835
      vertex -3.487009149789813 -6.15 27.034682674705984
    endloop
  endfacet
  facet normal -0.9978589232575189 0 0.0654031289415513
    outer loop
      vertex -3.800000001490119 -4.55 26.40000000447035
      vertex -3.793155890703204 -6.15 26.504420956969263
      vertex -3.793155890703204 -4.55 26.504420956969263
    endloop
  endfacet
  facet normal -0.9807852870903428 0 0.19509028839774134
    outer loop
      vertex -3.793155890703204 -4.55 26.504420956969263
      vertex -3.772740666568282 -6.15 26.60705523788929
      vertex -3.772740666568282 -4.55 26.60705523788929
    endloop
  endfacet
  facet normal -0.9469301219381054 0 0.3214394875653657
    outer loop
      vertex -3.772740666568282 -4.55 26.60705523788929
      vertex -3.739103627204898 -6.15 26.70614675283432
      vertex -3.739103627204898 -4.55 26.70614675283432
    endloop
  endfacet
  facet normal -0.896872755887627 0 0.4422886611100639
    outer loop
      vertex -3.739103627204898 -4.55 26.70614675283432
      vertex -3.6928203299641638 -6.15 26.800000002980234
      vertex -3.6928203299641638 -4.55 26.800000002980234
    endloop
  endfacet
  facet normal -0.831469603224722 0 0.5555702466055247
    outer loop
      vertex -3.6928203299641638 -4.55 26.800000002980234
      vertex -3.634682674705985 -6.15 26.88700914978981
      vertex -3.634682674705985 -4.55 26.88700914978981
    endloop
  endfacet
  facet normal -0.7518397750806568 0 0.6593458520432711
    outer loop
      vertex -3.634682674705985 -4.55 26.88700914978981
      vertex -3.56568542569876 -6.15 26.96568542569876
      vertex -3.56568542569876 -4.55 26.96568542569876
    endloop
  endfacet
  facet normal -0.6593458520432711 0 0.7518397750806568
    outer loop
      vertex -3.56568542569876 -4.55 26.96568542569876
      vertex -3.487009149789813 -6.15 27.034682674705984
      vertex -3.487009149789813 -4.55 27.034682674705984
    endloop
  endfacet
  facet normal -0.5555702466055247 0 0.831469603224722
    outer loop
      vertex -3.487009149789813 -4.55 27.034682674705984
      vertex -3.400000002980235 -6.15 27.092820329964162
      vertex -3.400000002980235 -4.55 27.092820329964162
    endloop
  endfacet
  facet normal -0.4422886611100639 0 0.896872755887627
    outer loop
      vertex -3.400000002980235 -4.55 27.092820329964162
      vertex -3.306146752834323 -6.15 27.139103627204896
      vertex -3.306146752834323 -4.55 27.139103627204896
    endloop
  endfacet
  facet normal -0.3214394875653657 0 0.9469301219381054
    outer loop
      vertex -3.306146752834323 -4.55 27.139103627204896
      vertex -3.2070552378892927 -6.15 27.17274066656828
      vertex -3.2070552378892927 -4.55 27.17274066656828
    endloop
  endfacet
  facet normal -0.19509028839774134 0 0.9807852870903428
    outer loop
      vertex -3.2070552378892927 -4.55 27.17274066656828
      vertex -3.104420956969264 -6.15 27.193155890703203
      vertex -3.104420956969264 -4.55 27.193155890703203
    endloop
  endfacet
  facet normal -0.0654031289415513 0 0.9978589232575189
    outer loop
      vertex -3.104420956969264 -4.55 27.193155890703203
      vertex -3.000000004470351 -6.15 27.200000001490118
      vertex -3.000000004470351 -4.55 27.200000001490118
    endloop
  endfacet
  facet normal 0 1 0
    outer loop
      vertex -3.800000001490119 -4.55 26.40000000447035
      vertex -3.793155890703204 -4.55 26.504420956969263
      vertex 0.20000000596046164 -4.55 22.86071619987488
    endloop
  endfacet
  facet normal 0 1 0
    outer loop
      vertex -3.793155890703204 -4.55 26.504420956969263
      vertex -3.772740666568282 -4.55 26.60705523788929
      vertex 0.20000000596046164 -4.55 22.86071619987488
    endloop
  endfacet
  facet normal 0 1 0
    outer loop
      vertex -3.772740666568282 -4.55 26.60705523788929
      vertex -3.739103627204898 -4.55 26.70614675283432
      vertex 0.20000000596046164 -4.55 22.86071619987488
    endloop
  endfacet
  facet normal 0 1 0
    outer loop
      vertex -3.739103627204898 -4.55 26.70614675283432
      vertex -3.6928203299641638 -4.55 26.800000002980234
      vertex 0.20000000596046164 -4.55 22.86071619987488
    endloop
  endfacet
  facet normal 0 1 0
    outer loop
      vertex -3.6928203299641638 -4.55 26.800000002980234
      vertex -3.634682674705985 -4.55 26.88700914978981
      vertex 0.20000000596046164 -4.55 22.86071619987488
    endloop
  endfacet
  facet normal 0 1 0
    outer loop
      vertex -3.634682674705985 -4.55 26.88700914978981
      vertex -3.56568542569876 -4.55 26.96568542569876
      vertex 0.20000000596046164 -4.55 22.86071619987488
    endloop
  endfacet
  facet normal 0 1 0
    outer loop
      vertex -3.56568542569876 -4.55 26.96568542569876
      vertex -3.487009149789813 -4.55 27.034682674705984
      vertex 0.20000000596046164 -4.55 22.86071619987488
    endloop
  endfacet
  facet normal 0 1 0
    outer loop
      vertex -3.487009149789813 -4.55 27.034682674705984
      vertex -3.400000002980235 -4.55 27.092820329964162
      vertex 0.20000000596046164 -4.55 22.86071619987488
    endloop
  endfacet
  facet normal 0 1 0
    outer loop
      vertex -3.400000002980235 -4.55 27.092820329964162
      vertex -3.306146752834323 -4.55 27.139103627204896
      vertex 0.20000000596046164 -4.55 22.86071619987488
    endloop
  endfacet
  facet normal 0 1 0
    outer loop
      vertex -3.306146752834323 -4.55 27.139103627204896
      vertex -3.2070552378892927 -4.55 27.17274066656828
      vertex 0.20000000596046164 -4.55 22.86071619987488
    endloop
  endfacet
  facet normal 0 1 0
    outer loop
      vertex -3.2070552378892927 -4.55 27.17274066656828
      vertex -3.104420956969264 -4.55 27.193155890703203
      vertex 0.20000000596046164 -4.55 22.86071619987488
    endloop
  endfacet
  facet normal 0 1 0
    outer loop
      vertex -3.104420956969264 -4.55 27.193155890703203
      vertex -3.000000004470351 -4.55 27.200000001490118
      vertex 0.20000000596046164 -4.55 22.86071619987488
    endloop
  endfacet
  facet normal 0 1 0
    outer loop
      vertex -3.000000004470351 -4.55 27.200000001490118
      vertex 0.20214107930659964 -4.55 22.92611931115389
      vertex 0.20000000596046164 -4.55 22.86071619987488
    endloop
  endfacet
  facet normal 0 1 0
    outer loop
      vertex -3.000000004470351 -4.55 27.200000001490118
      vertex 0.21153795272111608 -4.55 23.069487935304643
      vertex 0.20214107930659964 -4.55 22.92611931115389
    endloop
  endfacet
  facet normal 0 1 0
    outer loop
      vertex -3.000000004470351 -4.55 27.200000001490118
      vertex 0.22861159145831778 -4.55 23.19917512536049
      vertex 0.21153795272111608 -4.55 23.069487935304643
    endloop
  endfacet
  facet normal 0 1 0
    outer loop
      vertex -3.000000004470351 -4.55 27.200000001490118
      vertex 0.24896111637353613 -4.55 23.301479107141496
      vertex 0.22861159145831778 -4.55 23.19917512536049
    endloop
  endfacet
  facet normal 0 1 0
    outer loop
      vertex -3.000000004470351 -4.55 27.200000001490118
      vertex 0.2828162565827341 -4.55 23.427828228473665
      vertex 0.24896111637353613 -4.55 23.301479107141496
    endloop
  endfacet
  facet normal 0 1 0
    outer loop
      vertex -3.000000004470351 -4.55 27.200000001490118
      vertex 0.31634503901004507 -4.55 23.526600851118566
      vertex 0.2828162565827341 -4.55 23.427828228473665
    endloop
  endfacet
  facet normal 0 1 0
    outer loop
      vertex -3.000000004470351 -4.55 27.200000001490118
      vertex 0.36640244275331213 -4.55 23.64745011776686
      vertex 0.31634503901004507 -4.55 23.526600851118566
    endloop
  endfacet
  facet normal 0 1 0
    outer loop
      vertex -3.000000004470351 -4.55 27.200000001490118
      vertex 0.41253675818443014 -4.55 23.741001254320146
      vertex 0.36640244275331213 -4.55 23.64745011776686
    endloop
  endfacet
  facet normal 0 1 0
    outer loop
      vertex -3.000000004470351 -4.55 27.200000001490118
      vertex 0.4779398918151827 -4.55 23.85428280234337
      vertex 0.41253675818443014 -4.55 23.741001254320146
    endloop
  endfacet
  facet normal 0 1 0
    outer loop
      vertex -3.000000004470351 -4.55 27.200000001490118
      vertex 0.5358904555439921 -4.55 23.941011948883535
      vertex 0.4779398918151827 -4.55 23.85428280234337
    endloop
  endfacet
  facet normal 0 1 0
    outer loop
      vertex -3.000000004470351 -4.55 27.200000001490118
      vertex 0.6155203089117975 -4.55 24.044787584245206
      vertex 0.5358904555439921 -4.55 23.941011948883535
    endloop
  endfacet
  facet normal 0 1 0
    outer loop
      vertex -3.000000004470351 -4.55 27.200000001490118
      vertex 0.6842954784631701 -4.55 24.123210622370244
      vertex 0.6155203089117975 -4.55 24.044787584245206
    endloop
  endfacet
  facet normal 0 1 0
    outer loop
      vertex -3.000000004470351 -4.55 27.200000001490118
      vertex 0.7767893627285929 -4.55 24.215704506635667
      vertex 0.6842954784631701 -4.55 24.123210622370244
    endloop
  endfacet
  facet normal -0.9978589232575189 0 0.0654031289415513
    outer loop
      vertex -3.800000001490119 -4.55 26.40000000447035
      vertex -3.800000001490119 -6.15 26.40000000447035
      vertex -3.793155890703204 -6.15 26.504420956969263
    endloop
  endfacet
  facet normal -0.9807852870903428 0 0.19509028839774134
    outer loop
      vertex -3.793155890703204 -4.55 26.504420956969263
      vertex -3.793155890703204 -6.15 26.504420956969263
      vertex -3.772740666568282 -6.15 26.60705523788929
    endloop
  endfacet
  facet normal -0.9469301219381054 0 0.3214394875653657
    outer loop
      vertex -3.772740666568282 -4.55 26.60705523788929
      vertex -3.772740666568282 -6.15 26.60705523788929
      vertex -3.739103627204898 -6.15 26.70614675283432
    endloop
  endfacet
  facet normal -0.896872755887627 0 0.4422886611100639
    outer loop
      vertex -3.739103627204898 -4.55 26.70614675283432
      vertex -3.739103627204898 -6.15 26.70614675283432
      vertex -3.6928203299641638 -6.15 26.800000002980234
    endloop
  endfacet
  facet normal -0.831469603224722 0 0.5555702466055247
    outer loop
      vertex -3.6928203299641638 -4.55 26.800000002980234
      vertex -3.6928203299641638 -6.15 26.800000002980234
      vertex -3.634682674705985 -6.15 26.88700914978981
    endloop
  endfacet
  facet normal -0.7518397750806568 0 0.6593458520432711
    outer loop
      vertex -3.634682674705985 -4.55 26.88700914978981
      vertex -3.634682674705985 -6.15 26.88700914978981
      vertex -3.56568542569876 -6.15 26.96568542569876
    endloop
  endfacet
  facet normal -0.6593458520432711 0 0.7518397750806568
    outer loop
      vertex -3.56568542569876 -4.55 26.96568542569876
      vertex -3.56568542569876 -6.15 26.96568542569876
      vertex -3.487009149789813 -6.15 27.034682674705984
    endloop
  endfacet
  facet normal -0.5555702466055247 0 0.831469603224722
    outer loop
      vertex -3.487009149789813 -4.55 27.034682674705984
      vertex -3.487009149789813 -6.15 27.034682674705984
      vertex -3.400000002980235 -6.15 27.092820329964162
    endloop
  endfacet
  facet normal -0.4422886611100639 0 0.896872755887627
    outer loop
      vertex -3.400000002980235 -4.55 27.092820329964162
      vertex -3.400000002980235 -6.15 27.092820329964162
      vertex -3.306146752834323 -6.15 27.139103627204896
    endloop
  endfacet
  facet normal -0.3214394875653657 0 0.9469301219381054
    outer loop
      vertex -3.306146752834323 -4.55 27.139103627204896
      vertex -3.306146752834323 -6.15 27.139103627204896
      vertex -3.2070552378892927 -6.15 27.17274066656828
    endloop
  endfacet
  facet normal -0.19509028839774134 0 0.9807852870903428
    outer loop
      vertex -3.2070552378892927 -4.55 27.17274066656828
      vertex -3.2070552378892927 -6.15 27.17274066656828
      vertex -3.104420956969264 -6.15 27.193155890703203
    endloop
  endfacet
  facet normal -0.0654031289415513 0 0.9978589232575189
    outer loop
      vertex -3.104420956969264 -4.55 27.193155890703203
      vertex -3.104420956969264 -6.15 27.193155890703203
      vertex -3.000000004470351 -6.15 27.200000001490118
    endloop
  endfacet
  facet normal 0 -1 0
    outer loop
      vertex -3.487009149789813 -6.15 27.034682674705984
      vertex 5.599999997019765 -6.15 1.9999999985098835
      vertex -3.400000002980235 -6.15 27.092820329964162
    endloop
  endfacet
  facet normal 0 -1 0
    outer loop
      vertex -3.400000002980235 -6.15 27.092820329964162
      vertex 5.599999997019765 -6.15 1.9999999985098835
      vertex -3.306146752834323 -6.15 27.139103627204896
    endloop
  endfacet
  facet normal 0 -1 0
    outer loop
      vertex -3.306146752834323 -6.15 27.139103627204896
      vertex 5.599999997019765 -6.15 1.9999999985098835
      vertex -3.2070552378892927 -6.15 27.17274066656828
    endloop
  endfacet
  facet normal 0 -1 0
    outer loop
      vertex -3.2070552378892927 -6.15 27.17274066656828
      vertex 5.599999997019765 -6.15 1.9999999985098835
      vertex -3.104420956969264 -6.15 27.193155890703203
    endloop
  endfacet
  facet normal 0 -1 0
    outer loop
      vertex -3.104420956969264 -6.15 27.193155890703203
      vertex 5.599999997019765 -6.15 1.9999999985098835
      vertex -3.000000004470351 -6.15 27.200000001490118
    endloop
  endfacet
  facet normal 0 -1 0
    outer loop
      vertex -3.000000004470351 -6.15 27.200000001490118
      vertex 5.599999997019765 -6.15 1.9999999985098835
      vertex 5.599999997019765 -6.15 25.200000001490118
    endloop
  endfacet
  facet normal 0 1 0
    outer loop
      vertex -3.000000004470351 -4.55 27.200000001490118
      vertex 0.8552124530076952 -4.55 24.284479720890523
      vertex 0.7767893627285929 -4.55 24.215704506635667
    endloop
  endfacet
  facet normal 0 1 0
    outer loop
      vertex -3.000000004470351 -4.55 27.200000001490118
      vertex 0.9589880362153025 -4.55 24.364109529554845
      vertex 0.8552124530076952 -4.55 24.284479720890523
    endloop
  endfacet
  facet normal 0 1 0
    outer loop
      vertex -3.000000004470351 -4.55 27.200000001490118
      vertex 1.0457171827554674 -4.55 24.422060093283655
      vertex 0.9589880362153025 -4.55 24.364109529554845
    endloop
  endfacet
  facet normal 0 1 0
    outer loop
      vertex -3.000000004470351 -4.55 27.200000001490118
      vertex 1.1589987307786913 -4.55 24.487463226914407
      vertex 1.0457171827554674 -4.55 24.422060093283655
    endloop
  endfacet
  facet normal 0 1 0
    outer loop
      vertex -3.000000004470351 -4.55 27.200000001490118
      vertex 1.2525498673319788 -4.55 24.533597542345525
      vertex 1.1589987307786913 -4.55 24.487463226914407
    endloop
  endfacet
  facet normal 0 1 0
    outer loop
      vertex -3.000000004470351 -4.55 27.200000001490118
      vertex 1.3733991339802714 -4.55 24.583654946088792
      vertex 1.2525498673319788 -4.55 24.533597542345525
    endloop
  endfacet
  facet normal 0 1 0
    outer loop
      vertex -3.000000004470351 -4.55 27.200000001490118
      vertex 1.4721717566251726 -4.55 24.617183728516103
      vertex 1.3733991339802714 -4.55 24.583654946088792
    endloop
  endfacet
  facet normal 0 1 0
    outer loop
      vertex -3.000000004470351 -4.55 27.200000001490118
      vertex 1.5985208779573412 -4.55 24.6510388687253
      vertex 1.4721717566251726 -4.55 24.617183728516103
    endloop
  endfacet
  facet normal 0 1 0
    outer loop
      vertex -3.000000004470351 -4.55 27.200000001490118
      vertex 1.700824859738347 -4.55 24.67138839364052
      vertex 1.5985208779573412 -4.55 24.6510388687253
    endloop
  endfacet
  facet normal 0 1 0
    outer loop
      vertex -3.000000004470351 -4.55 27.200000001490118
      vertex 5.599999997019765 -4.55 25.200000001490118
      vertex 1.700824859738347 -4.55 24.67138839364052
    endloop
  endfacet
  facet normal 0 0 1
    outer loop
      vertex -3.000000004470351 -4.55 27.200000001490118
      vertex -3.000000004470351 -6.15 27.200000001490118
      vertex 8.700000005960462 -6.15 27.200000001490118
    endloop
  endfacet
  facet normal 0 1 0
    outer loop
      vertex 1.700824859738347 -4.55 2.5286116063594815
      vertex 1.8305119678378077 -4.55 2.5115379750728604
      vertex 5.599999997019765 -4.55 1.9999999985098835
    endloop
  endfacet
  facet normal 0 1 0
    outer loop
      vertex 1.8305119678378077 -4.55 2.5115379750728604
      vertex 1.9738806441426249 -4.55 2.5021410867571827
      vertex 5.599999997019765 -4.55 1.9999999985098835
    endloop
  endfacet
  facet normal 0 1 0
    outer loop
      vertex 1.9738806441426249 -4.55 2.5021410867571827
      vertex 2.039283837378022 -4.55 2.500000005960464
      vertex 5.599999997019765 -4.55 1.9999999985098835
    endloop
  endfacet
  facet normal 0 1 0
    outer loop
      vertex -3.000000004470351 -4.55 -1.4901164746561335e-9
      vertex 5.599999997019765 -4.55 1.9999999985098835
      vertex 8.700000005960462 -4.55 -1.4901164746561335e-9
    endloop
  endfacet
  facet normal 0 1 0
    outer loop
      vertex 2.039283837378022 -4.55 2.500000005960464
      vertex 4.599999997019765 -4.55 2.500000005960464
      vertex 5.599999997019765 -4.55 1.9999999985098835
    endloop
  endfacet
  facet normal 0 1 0
    outer loop
      vertex 4.599999997019765 -4.55 2.500000005960464
      vertex 4.730526189506051 -4.55 2.5085551425814625
      vertex 5.599999997019765 -4.55 1.9999999985098835
    endloop
  endfacet
  facet normal 0 1 0
    outer loop
      vertex 4.730526189506051 -4.55 2.5085551425814625
      vertex 4.858819040656087 -4.55 2.5340741783380505
      vertex 5.599999997019765 -4.55 1.9999999985098835
    endloop
  endfacet
  facet normal 0 1 0
    outer loop
      vertex 4.858819040656087 -4.55 2.5340741783380505
      vertex 4.982683430612084 -4.55 2.5761204719543453
      vertex 5.599999997019765 -4.55 1.9999999985098835
    endloop
  endfacet
  facet normal 0 1 0
    outer loop
      vertex 4.982683430612084 -4.55 2.5761204719543453
      vertex 5.099999997019765 -4.55 2.6339746028184887
      vertex 5.599999997019765 -4.55 1.9999999985098835
    endloop
  endfacet
  facet normal 0 1 0
    outer loop
      vertex 5.099999997019765 -4.55 2.6339746028184887
      vertex 5.208761426806447 -4.55 2.7066466644406315
      vertex 5.599999997019765 -4.55 1.9999999985098835
    endloop
  endfacet
  facet normal 0 1 0
    outer loop
      vertex 5.208761426806447 -4.55 2.7066466644406315
      vertex 5.3071067810058565 -4.55 2.7928932219743725
      vertex 5.599999997019765 -4.55 1.9999999985098835
    endloop
  endfacet
  facet normal 0 1 0
    outer loop
      vertex 5.3071067810058565 -4.55 2.7928932219743725
      vertex 5.3933533385395975 -4.55 2.891238576173782
      vertex 5.599999997019765 -4.55 1.9999999985098835
    endloop
  endfacet
  facet normal 0 1 0
    outer loop
      vertex 5.599999997019765 -4.55 1.9999999985098835
      vertex 5.3933533385395975 -4.55 2.891238576173782
      vertex 5.46602540016174 -4.55 3.000000005960464
    endloop
  endfacet
  facet normal 0 1 0
    outer loop
      vertex 5.599999997019765 -4.55 1.9999999985098835
      vertex 5.46602540016174 -4.55 3.000000005960464
      vertex 5.523879531025884 -4.55 3.1173165723681446
    endloop
  endfacet
  facet normal 0 1 0
    outer loop
      vertex 5.599999997019765 -4.55 1.9999999985098835
      vertex 5.523879531025884 -4.55 3.1173165723681446
      vertex 5.5659258246421786 -4.55 3.241180962324142
    endloop
  endfacet
  facet normal 0 1 0
    outer loop
      vertex 5.599999997019765 -4.55 1.9999999985098835
      vertex 5.5659258246421786 -4.55 3.241180962324142
      vertex 5.5914448603987665 -4.55 3.369473813474178
    endloop
  endfacet
  facet normal 0 1 0
    outer loop
      vertex 5.599999997019765 -4.55 1.9999999985098835
      vertex 5.5914448603987665 -4.55 3.369473813474178
      vertex 5.599999997019765 -4.55 3.500000005960464
    endloop
  endfacet
  facet normal 1 0 0
    outer loop
      vertex 5.599999997019765 -4.55 1.9999999985098835
      vertex 5.599999997019765 -4.55 3.500000005960464
      vertex 5.599999997019765 -5.05 3.500000005960464
    endloop
  endfacet
  facet normal 1 0 0
    outer loop
      vertex 5.599999997019765 -4.55 1.9999999985098835
      vertex 5.599999997019765 -5.05 3.500000005960464
      vertex 5.599999997019765 -6.15 1.9999999985098835
    endloop
  endfacet
  facet normal 0 -1 0
    outer loop
      vertex -3.000000004470351 -6.15 -1.4901164746561335e-9
      vertex 8.700000005960462 -6.15 -1.4901164746561335e-9
      vertex 5.599999997019765 -6.15 1.9999999985098835
    endloop
  endfacet
  facet normal 0 0 -1
    outer loop
      vertex -3.000000004470351 -6.15 -1.4901164746561335e-9
      vertex 8.700000005960462 -4.55 -1.4901164746561335e-9
      vertex 8.700000005960462 -6.15 -1.4901164746561335e-9
    endloop
  endfacet
  facet normal 1 0 0
    outer loop
      vertex 5.599999997019765 -5.05 3.500000005960464
      vertex 5.599999997019765 -5.058832757774131 11.35
      vertex 5.599999997019765 -6.15 1.9999999985098835
    endloop
  endfacet
  facet normal 1 0 0
    outer loop
      vertex 5.599999997019765 -5.05 3.500000005960464
      vertex 5.599999997019765 -5.05 11.35
      vertex 5.599999997019765 -5.058832757774131 11.35
    endloop
  endfacet
  facet normal 1 0 0
    outer loop
      vertex 5.599999997019765 -6.15 1.9999999985098835
      vertex 5.599999997019765 -5.058832757774131 11.35
      vertex 5.599999997019765 -5.058832757774127 15.85
    endloop
  endfacet
  facet normal 0 1 0
    outer loop
      vertex 5.599999997019765 -4.55 1.9999999985098835
      vertex 8.700000005960462 -4.55 1.9999999985098835
      vertex 8.700000005960462 -4.55 -1.4901164746561335e-9
    endloop
  endfacet
  facet normal 0 0 1
    outer loop
      vertex 5.599999997019765 -4.55 1.9999999985098835
      vertex 8.700000005960462 -6.15 1.9999999985098835
      vertex 8.700000005960462 -4.55 1.9999999985098835
    endloop
  endfacet
  facet normal 0 1 0
    outer loop
      vertex 8.700000005960462 -4.55 -1.4901164746561335e-9
      vertex 8.804420958459374 -4.55 1.9931558877229687
      vertex 8.804420958459374 -4.55 0.006844109296798351
    endloop
  endfacet
  facet normal 0 1 0
    outer loop
      vertex 8.804420958459374 -4.55 0.006844109296798351
      vertex 8.907055239379403 -4.55 1.9727406635880467
      vertex 8.907055239379403 -4.55 0.02725933343172038
    endloop
  endfacet
  facet normal 0 1 0
    outer loop
      vertex 8.907055239379403 -4.55 0.02725933343172038
      vertex 9.006146754324433 -4.55 1.9391036242246624
      vertex 9.006146754324433 -4.55 0.060896372795104625
    endloop
  endfacet
  facet normal 0 1 0
    outer loop
      vertex 9.006146754324433 -4.55 0.060896372795104625
      vertex 9.100000004470346 -4.55 1.8928203269839283
      vertex 9.100000004470346 -4.55 0.10717967003583873
    endloop
  endfacet
  facet normal 0 1 0
    outer loop
      vertex 8.700000005960462 -4.55 -1.4901164746561335e-9
      vertex 8.700000005960462 -4.55 1.9999999985098835
      vertex 8.804420958459374 -4.55 1.9931558877229687
    endloop
  endfacet
  facet normal 0 1 0
    outer loop
      vertex 8.804420958459374 -4.55 0.006844109296798351
      vertex 8.804420958459374 -4.55 1.9931558877229687
      vertex 8.907055239379403 -4.55 1.9727406635880467
    endloop
  endfacet
  facet normal 0 1 0
    outer loop
      vertex 8.907055239379403 -4.55 0.02725933343172038
      vertex 8.907055239379403 -4.55 1.9727406635880467
      vertex 9.006146754324433 -4.55 1.9391036242246624
    endloop
  endfacet
  facet normal 0 1 0
    outer loop
      vertex 9.006146754324433 -4.55 0.060896372795104625
      vertex 9.006146754324433 -4.55 1.9391036242246624
      vertex 9.100000004470346 -4.55 1.8928203269839283
    endloop
  endfacet
  facet normal 0 1 0
    outer loop
      vertex 9.100000004470346 -4.55 0.10717967003583873
      vertex 9.187009151279923 -4.55 1.8346826717257496
      vertex 9.187009151279923 -4.55 0.16531732529401744
    endloop
  endfacet
  facet normal 0 1 0
    outer loop
      vertex 9.187009151279923 -4.55 0.16531732529401744
      vertex 9.26568542718887 -4.55 1.7656854227185246
      vertex 9.26568542718887 -4.55 0.23431457430124247
    endloop
  endfacet
  facet normal 0 1 0
    outer loop
      vertex 9.26568542718887 -4.55 0.23431457430124247
      vertex 9.334682676196095 -4.55 1.6870091468095776
      vertex 9.334682676196095 -4.55 0.31299085021018946
    endloop
  endfacet
  facet normal 0 1 0
    outer loop
      vertex 9.334682676196095 -4.55 0.31299085021018946
      vertex 9.392820331454274 -4.55 1.5999999999999996
      vertex 9.392820331454274 -4.55 0.3999999970197674
    endloop
  endfacet
  facet normal 0 1 0
    outer loop
      vertex 9.392820331454274 -4.55 0.3999999970197674
      vertex 9.439103628695008 -4.55 1.5061467498540875
      vertex 9.439103628695008 -4.55 0.4938532471656796
    endloop
  endfacet
  facet normal 0 1 0
    outer loop
      vertex 9.439103628695008 -4.55 0.4938532471656796
      vertex 9.472740668058393 -4.55 1.4070552349090573
      vertex 9.472740668058393 -4.55 0.5929447621107098
    endloop
  endfacet
  facet normal 0 1 0
    outer loop
      vertex 9.187009151279923 -4.55 0.16531732529401744
      vertex 9.187009151279923 -4.55 1.8346826717257496
      vertex 9.26568542718887 -4.55 1.7656854227185246
    endloop
  endfacet
  facet normal 0 1 0
    outer loop
      vertex 9.26568542718887 -4.55 0.23431457430124247
      vertex 9.26568542718887 -4.55 1.7656854227185246
      vertex 9.334682676196095 -4.55 1.6870091468095776
    endloop
  endfacet
  facet normal 0 1 0
    outer loop
      vertex 9.100000004470346 -4.55 0.10717967003583873
      vertex 9.100000004470346 -4.55 1.8928203269839283
      vertex 9.187009151279923 -4.55 1.8346826717257496
    endloop
  endfacet
  facet normal 0 1 0
    outer loop
      vertex 9.334682676196095 -4.55 0.31299085021018946
      vertex 9.334682676196095 -4.55 1.6870091468095776
      vertex 9.392820331454274 -4.55 1.5999999999999996
    endloop
  endfacet
  facet normal 0 1 0
    outer loop
      vertex 9.472740668058393 -4.55 0.5929447621107098
      vertex 9.493155892193315 -4.55 1.3044209539890286
      vertex 9.493155892193315 -4.55 0.6955790430307385
    endloop
  endfacet
  facet normal 0 1 0
    outer loop
      vertex 9.493155892193315 -4.55 0.6955790430307385
      vertex 9.50000000298023 -4.55 1.2000000014901158
      vertex 9.50000000298023 -4.55 0.7999999955296513
    endloop
  endfacet
  facet normal 0 1 0
    outer loop
      vertex 9.392820331454274 -4.55 0.3999999970197674
      vertex 9.392820331454274 -4.55 1.5999999999999996
      vertex 9.439103628695008 -4.55 1.5061467498540875
    endloop
  endfacet
  facet normal 0 1 0
    outer loop
      vertex 9.439103628695008 -4.55 0.4938532471656796
      vertex 9.439103628695008 -4.55 1.5061467498540875
      vertex 9.472740668058393 -4.55 1.4070552349090573
    endloop
  endfacet
  facet normal 0 1 0
    outer loop
      vertex 9.472740668058393 -4.55 0.5929447621107098
      vertex 9.472740668058393 -4.55 1.4070552349090573
      vertex 9.493155892193315 -4.55 1.3044209539890286
    endloop
  endfacet
  facet normal 0 1 0
    outer loop
      vertex 9.493155892193315 -4.55 0.6955790430307385
      vertex 9.493155892193315 -4.55 1.3044209539890286
      vertex 9.50000000298023 -4.55 1.2000000014901158
    endloop
  endfacet
  facet normal 0.0654031289415513 0 -0.9978589232575189
    outer loop
      vertex 8.700000005960462 -4.55 -1.4901164746561335e-9
      vertex 8.804420958459374 -4.55 0.006844109296798351
      vertex 8.700000005960462 -6.15 -1.4901164746561335e-9
    endloop
  endfacet
  facet normal 0.19509028839774134 0 -0.9807852870903428
    outer loop
      vertex 8.804420958459374 -4.55 0.006844109296798351
      vertex 8.907055239379403 -4.55 0.02725933343172038
      vertex 8.804420958459374 -6.15 0.006844109296798351
    endloop
  endfacet
  facet normal 0.3214394875653657 0 -0.9469301219381054
    outer loop
      vertex 8.907055239379403 -4.55 0.02725933343172038
      vertex 9.006146754324433 -4.55 0.060896372795104625
      vertex 8.907055239379403 -6.15 0.02725933343172038
    endloop
  endfacet
  facet normal 0.4422886611100639 0 -0.896872755887627
    outer loop
      vertex 9.006146754324433 -4.55 0.060896372795104625
      vertex 9.100000004470346 -4.55 0.10717967003583873
      vertex 9.006146754324433 -6.15 0.060896372795104625
    endloop
  endfacet
  facet normal 0.5555702466055247 0 -0.831469603224722
    outer loop
      vertex 9.100000004470346 -4.55 0.10717967003583873
      vertex 9.187009151279923 -4.55 0.16531732529401744
      vertex 9.100000004470346 -6.15 0.10717967003583873
    endloop
  endfacet
  facet normal 0.6593458520432711 0 -0.7518397750806568
    outer loop
      vertex 9.187009151279923 -4.55 0.16531732529401744
      vertex 9.26568542718887 -4.55 0.23431457430124247
      vertex 9.187009151279923 -6.15 0.16531732529401744
    endloop
  endfacet
  facet normal 0.7518397750806568 0 -0.6593458520432711
    outer loop
      vertex 9.26568542718887 -4.55 0.23431457430124247
      vertex 9.334682676196095 -4.55 0.31299085021018946
      vertex 9.26568542718887 -6.15 0.23431457430124247
    endloop
  endfacet
  facet normal 0.831469603224722 0 -0.5555702466055247
    outer loop
      vertex 9.334682676196095 -4.55 0.31299085021018946
      vertex 9.392820331454274 -4.55 0.3999999970197674
      vertex 9.334682676196095 -6.15 0.31299085021018946
    endloop
  endfacet
  facet normal 0.896872755887627 0 -0.4422886611100639
    outer loop
      vertex 9.392820331454274 -4.55 0.3999999970197674
      vertex 9.439103628695008 -4.55 0.4938532471656796
      vertex 9.392820331454274 -6.15 0.3999999970197674
    endloop
  endfacet
  facet normal 0.9469301219381054 0 -0.3214394875653657
    outer loop
      vertex 9.439103628695008 -4.55 0.4938532471656796
      vertex 9.472740668058393 -4.55 0.5929447621107098
      vertex 9.439103628695008 -6.15 0.4938532471656796
    endloop
  endfacet
  facet normal 0.9807852870903428 0 -0.19509028839774134
    outer loop
      vertex 9.472740668058393 -4.55 0.5929447621107098
      vertex 9.493155892193315 -4.55 0.6955790430307385
      vertex 9.472740668058393 -6.15 0.5929447621107098
    endloop
  endfacet
  facet normal 0.9978589232575189 0 -0.0654031289415513
    outer loop
      vertex 9.493155892193315 -4.55 0.6955790430307385
      vertex 9.50000000298023 -4.55 0.7999999955296513
      vertex 9.493155892193315 -6.15 0.6955790430307385
    endloop
  endfacet
  facet normal 1 0 0
    outer loop
      vertex 9.50000000298023 -4.55 0.7999999955296513
      vertex 9.50000000298023 -4.55 1.2000000014901158
      vertex 9.50000000298023 -6.15 0.7999999955296513
    endloop
  endfacet
  facet normal 0.9978589232575189 0 0.0654031289415513
    outer loop
      vertex 9.50000000298023 -4.55 1.2000000014901158
      vertex 9.493155892193315 -4.55 1.3044209539890286
      vertex 9.50000000298023 -6.15 1.2000000014901158
    endloop
  endfacet
  facet normal 0.831469603224722 0 0.5555702466055247
    outer loop
      vertex 9.334682676196095 -4.55 1.6870091468095776
      vertex 9.392820331454274 -6.15 1.5999999999999996
      vertex 9.392820331454274 -4.55 1.5999999999999996
    endloop
  endfacet
  facet normal 0.9807852870903428 0 0.19509028839774134
    outer loop
      vertex 9.493155892193315 -4.55 1.3044209539890286
      vertex 9.472740668058393 -4.55 1.4070552349090573
      vertex 9.493155892193315 -6.15 1.3044209539890286
    endloop
  endfacet
  facet normal 0.9469301219381054 0 0.3214394875653657
    outer loop
      vertex 9.472740668058393 -4.55 1.4070552349090573
      vertex 9.439103628695008 -4.55 1.5061467498540875
      vertex 9.472740668058393 -6.15 1.4070552349090573
    endloop
  endfacet
  facet normal 0.896872755887627 0 0.4422886611100639
    outer loop
      vertex 9.392820331454274 -4.55 1.5999999999999996
      vertex 9.439103628695008 -6.15 1.5061467498540875
      vertex 9.439103628695008 -4.55 1.5061467498540875
    endloop
  endfacet
  facet normal 0.0654031289415513 0 0.9978589232575189
    outer loop
      vertex 8.700000005960462 -4.55 1.9999999985098835
      vertex 8.804420958459374 -6.15 1.9931558877229687
      vertex 8.804420958459374 -4.55 1.9931558877229687
    endloop
  endfacet
  facet normal 0.19509028839774134 0 0.9807852870903428
    outer loop
      vertex 8.804420958459374 -4.55 1.9931558877229687
      vertex 8.907055239379403 -6.15 1.9727406635880467
      vertex 8.907055239379403 -4.55 1.9727406635880467
    endloop
  endfacet
  facet normal 0.3214394875653657 0 0.9469301219381054
    outer loop
      vertex 8.907055239379403 -4.55 1.9727406635880467
      vertex 9.006146754324433 -6.15 1.9391036242246624
      vertex 9.006146754324433 -4.55 1.9391036242246624
    endloop
  endfacet
  facet normal 0.4422886611100639 0 0.896872755887627
    outer loop
      vertex 9.006146754324433 -4.55 1.9391036242246624
      vertex 9.100000004470346 -6.15 1.8928203269839283
      vertex 9.100000004470346 -4.55 1.8928203269839283
    endloop
  endfacet
  facet normal 0.5555702466055247 0 0.831469603224722
    outer loop
      vertex 9.100000004470346 -4.55 1.8928203269839283
      vertex 9.187009151279923 -6.15 1.8346826717257496
      vertex 9.187009151279923 -4.55 1.8346826717257496
    endloop
  endfacet
  facet normal 0.6593458520432711 0 0.7518397750806568
    outer loop
      vertex 9.187009151279923 -4.55 1.8346826717257496
      vertex 9.26568542718887 -6.15 1.7656854227185246
      vertex 9.26568542718887 -4.55 1.7656854227185246
    endloop
  endfacet
  facet normal 0.7518397750806568 0 0.6593458520432711
    outer loop
      vertex 9.334682676196095 -4.55 1.6870091468095776
      vertex 9.26568542718887 -4.55 1.7656854227185246
      vertex 9.334682676196095 -6.15 1.6870091468095776
    endloop
  endfacet
  facet normal 0 0 1
    outer loop
      vertex 5.599999997019765 -4.55 1.9999999985098835
      vertex 5.599999997019765 -6.15 1.9999999985098835
      vertex 8.700000005960462 -6.15 1.9999999985098835
    endloop
  endfacet
  facet normal 0 -1 0
    outer loop
      vertex 5.599999997019765 -6.15 1.9999999985098835
      vertex 8.700000005960462 -6.15 -1.4901164746561335e-9
      vertex 8.700000005960462 -6.15 1.9999999985098835
    endloop
  endfacet
  facet normal 0.0654031289415513 0 -0.9978589232575189
    outer loop
      vertex 8.804420958459374 -4.55 0.006844109296798351
      vertex 8.804420958459374 -6.15 0.006844109296798351
      vertex 8.700000005960462 -6.15 -1.4901164746561335e-9
    endloop
  endfacet
  facet normal 0.19509028839774134 0 -0.9807852870903428
    outer loop
      vertex 8.907055239379403 -4.55 0.02725933343172038
      vertex 8.907055239379403 -6.15 0.02725933343172038
      vertex 8.804420958459374 -6.15 0.006844109296798351
    endloop
  endfacet
  facet normal 0.3214394875653657 0 -0.9469301219381054
    outer loop
      vertex 9.006146754324433 -4.55 0.060896372795104625
      vertex 9.006146754324433 -6.15 0.060896372795104625
      vertex 8.907055239379403 -6.15 0.02725933343172038
    endloop
  endfacet
  facet normal 0.4422886611100639 0 -0.896872755887627
    outer loop
      vertex 9.100000004470346 -4.55 0.10717967003583873
      vertex 9.100000004470346 -6.15 0.10717967003583873
      vertex 9.006146754324433 -6.15 0.060896372795104625
    endloop
  endfacet
  facet normal 0.5555702466055247 0 -0.831469603224722
    outer loop
      vertex 9.187009151279923 -4.55 0.16531732529401744
      vertex 9.187009151279923 -6.15 0.16531732529401744
      vertex 9.100000004470346 -6.15 0.10717967003583873
    endloop
  endfacet
  facet normal 0.6593458520432711 0 -0.7518397750806568
    outer loop
      vertex 9.26568542718887 -4.55 0.23431457430124247
      vertex 9.26568542718887 -6.15 0.23431457430124247
      vertex 9.187009151279923 -6.15 0.16531732529401744
    endloop
  endfacet
  facet normal 0.7518397750806568 0 -0.6593458520432711
    outer loop
      vertex 9.334682676196095 -4.55 0.31299085021018946
      vertex 9.334682676196095 -6.15 0.31299085021018946
      vertex 9.26568542718887 -6.15 0.23431457430124247
    endloop
  endfacet
  facet normal 0.831469603224722 0 -0.5555702466055247
    outer loop
      vertex 9.392820331454274 -4.55 0.3999999970197674
      vertex 9.392820331454274 -6.15 0.3999999970197674
      vertex 9.334682676196095 -6.15 0.31299085021018946
    endloop
  endfacet
  facet normal 0.896872755887627 0 -0.4422886611100639
    outer loop
      vertex 9.439103628695008 -4.55 0.4938532471656796
      vertex 9.439103628695008 -6.15 0.4938532471656796
      vertex 9.392820331454274 -6.15 0.3999999970197674
    endloop
  endfacet
  facet normal 0.9469301219381054 0 -0.3214394875653657
    outer loop
      vertex 9.472740668058393 -4.55 0.5929447621107098
      vertex 9.472740668058393 -6.15 0.5929447621107098
      vertex 9.439103628695008 -6.15 0.4938532471656796
    endloop
  endfacet
  facet normal 0.9807852870903428 0 -0.19509028839774134
    outer loop
      vertex 9.493155892193315 -4.55 0.6955790430307385
      vertex 9.493155892193315 -6.15 0.6955790430307385
      vertex 9.472740668058393 -6.15 0.5929447621107098
    endloop
  endfacet
  facet normal 0.9978589232575189 0 -0.0654031289415513
    outer loop
      vertex 9.50000000298023 -4.55 0.7999999955296513
      vertex 9.50000000298023 -6.15 0.7999999955296513
      vertex 9.493155892193315 -6.15 0.6955790430307385
    endloop
  endfacet
  facet normal 1 0 0
    outer loop
      vertex 9.50000000298023 -4.55 1.2000000014901158
      vertex 9.50000000298023 -6.15 1.2000000014901158
      vertex 9.50000000298023 -6.15 0.7999999955296513
    endloop
  endfacet
  facet normal 0.9978589232575189 0 0.0654031289415513
    outer loop
      vertex 9.493155892193315 -4.55 1.3044209539890286
      vertex 9.493155892193315 -6.15 1.3044209539890286
      vertex 9.50000000298023 -6.15 1.2000000014901158
    endloop
  endfacet
  facet normal 0.831469603224722 0 0.5555702466055247
    outer loop
      vertex 9.334682676196095 -4.55 1.6870091468095776
      vertex 9.334682676196095 -6.15 1.6870091468095776
      vertex 9.392820331454274 -6.15 1.5999999999999996
    endloop
  endfacet
  facet normal 0.9807852870903428 0 0.19509028839774134
    outer loop
      vertex 9.472740668058393 -4.55 1.4070552349090573
      vertex 9.472740668058393 -6.15 1.4070552349090573
      vertex 9.493155892193315 -6.15 1.3044209539890286
    endloop
  endfacet
  facet normal 0.9469301219381054 0 0.3214394875653657
    outer loop
      vertex 9.439103628695008 -4.55 1.5061467498540875
      vertex 9.439103628695008 -6.15 1.5061467498540875
      vertex 9.472740668058393 -6.15 1.4070552349090573
    endloop
  endfacet
  facet normal 0.896872755887627 0 0.4422886611100639
    outer loop
      vertex 9.392820331454274 -4.55 1.5999999999999996
      vertex 9.392820331454274 -6.15 1.5999999999999996
      vertex 9.439103628695008 -6.15 1.5061467498540875
    endloop
  endfacet
  facet normal 0 -1 0
    outer loop
      vertex 8.700000005960462 -6.15 -1.4901164746561335e-9
      vertex 8.804420958459374 -6.15 0.006844109296798351
      vertex 8.804420958459374 -6.15 1.9931558877229687
    endloop
  endfacet
  facet normal 0 -1 0
    outer loop
      vertex 8.804420958459374 -6.15 0.006844109296798351
      vertex 8.907055239379403 -6.15 0.02725933343172038
      vertex 8.907055239379403 -6.15 1.9727406635880467
    endloop
  endfacet
  facet normal 0 -1 0
    outer loop
      vertex 8.907055239379403 -6.15 0.02725933343172038
      vertex 9.006146754324433 -6.15 0.060896372795104625
      vertex 9.006146754324433 -6.15 1.9391036242246624
    endloop
  endfacet
  facet normal 0 -1 0
    outer loop
      vertex 9.006146754324433 -6.15 0.060896372795104625
      vertex 9.100000004470346 -6.15 0.10717967003583873
      vertex 9.100000004470346 -6.15 1.8928203269839283
    endloop
  endfacet
  facet normal 0 -1 0
    outer loop
      vertex 8.700000005960462 -6.15 -1.4901164746561335e-9
      vertex 8.804420958459374 -6.15 1.9931558877229687
      vertex 8.700000005960462 -6.15 1.9999999985098835
    endloop
  endfacet
  facet normal 0 -1 0
    outer loop
      vertex 8.804420958459374 -6.15 0.006844109296798351
      vertex 8.907055239379403 -6.15 1.9727406635880467
      vertex 8.804420958459374 -6.15 1.9931558877229687
    endloop
  endfacet
  facet normal 0 -1 0
    outer loop
      vertex 8.907055239379403 -6.15 0.02725933343172038
      vertex 9.006146754324433 -6.15 1.9391036242246624
      vertex 8.907055239379403 -6.15 1.9727406635880467
    endloop
  endfacet
  facet normal 0 -1 0
    outer loop
      vertex 9.006146754324433 -6.15 0.060896372795104625
      vertex 9.100000004470346 -6.15 1.8928203269839283
      vertex 9.006146754324433 -6.15 1.9391036242246624
    endloop
  endfacet
  facet normal 0 -1 0
    outer loop
      vertex 9.100000004470346 -6.15 0.10717967003583873
      vertex 9.187009151279923 -6.15 0.16531732529401744
      vertex 9.187009151279923 -6.15 1.8346826717257496
    endloop
  endfacet
  facet normal 0 -1 0
    outer loop
      vertex 9.187009151279923 -6.15 0.16531732529401744
      vertex 9.26568542718887 -6.15 0.23431457430124247
      vertex 9.26568542718887 -6.15 1.7656854227185246
    endloop
  endfacet
  facet normal 0 -1 0
    outer loop
      vertex 9.26568542718887 -6.15 0.23431457430124247
      vertex 9.334682676196095 -6.15 0.31299085021018946
      vertex 9.334682676196095 -6.15 1.6870091468095776
    endloop
  endfacet
  facet normal 0 -1 0
    outer loop
      vertex 9.334682676196095 -6.15 0.31299085021018946
      vertex 9.392820331454274 -6.15 0.3999999970197674
      vertex 9.392820331454274 -6.15 1.5999999999999996
    endloop
  endfacet
  facet normal 0 -1 0
    outer loop
      vertex 9.392820331454274 -6.15 0.3999999970197674
      vertex 9.439103628695008 -6.15 0.4938532471656796
      vertex 9.439103628695008 -6.15 1.5061467498540875
    endloop
  endfacet
  facet normal 0 -1 0
    outer loop
      vertex 9.439103628695008 -6.15 0.4938532471656796
      vertex 9.472740668058393 -6.15 0.5929447621107098
      vertex 9.472740668058393 -6.15 1.4070552349090573
    endloop
  endfacet
  facet normal 0 -1 0
    outer loop
      vertex 9.187009151279923 -6.15 0.16531732529401744
      vertex 9.26568542718887 -6.15 1.7656854227185246
      vertex 9.187009151279923 -6.15 1.8346826717257496
    endloop
  endfacet
  facet normal 0 -1 0
    outer loop
      vertex 9.26568542718887 -6.15 0.23431457430124247
      vertex 9.334682676196095 -6.15 1.6870091468095776
      vertex 9.26568542718887 -6.15 1.7656854227185246
    endloop
  endfacet
  facet normal 0 -1 0
    outer loop
      vertex 9.100000004470346 -6.15 0.10717967003583873
      vertex 9.187009151279923 -6.15 1.8346826717257496
      vertex 9.100000004470346 -6.15 1.8928203269839283
    endloop
  endfacet
  facet normal 0 -1 0
    outer loop
      vertex 9.334682676196095 -6.15 0.31299085021018946
      vertex 9.392820331454274 -6.15 1.5999999999999996
      vertex 9.334682676196095 -6.15 1.6870091468095776
    endloop
  endfacet
  facet normal 0 -1 0
    outer loop
      vertex 9.472740668058393 -6.15 0.5929447621107098
      vertex 9.493155892193315 -6.15 0.6955790430307385
      vertex 9.493155892193315 -6.15 1.3044209539890286
    endloop
  endfacet
  facet normal 0 -1 0
    outer loop
      vertex 9.493155892193315 -6.15 0.6955790430307385
      vertex 9.50000000298023 -6.15 0.7999999955296513
      vertex 9.50000000298023 -6.15 1.2000000014901158
    endloop
  endfacet
  facet normal 0 -1 0
    outer loop
      vertex 9.392820331454274 -6.15 0.3999999970197674
      vertex 9.439103628695008 -6.15 1.5061467498540875
      vertex 9.392820331454274 -6.15 1.5999999999999996
    endloop
  endfacet
  facet normal 0 -1 0
    outer loop
      vertex 9.439103628695008 -6.15 0.4938532471656796
      vertex 9.472740668058393 -6.15 1.4070552349090573
      vertex 9.439103628695008 -6.15 1.5061467498540875
    endloop
  endfacet
  facet normal 0 -1 0
    outer loop
      vertex 9.472740668058393 -6.15 0.5929447621107098
      vertex 9.493155892193315 -6.15 1.3044209539890286
      vertex 9.472740668058393 -6.15 1.4070552349090573
    endloop
  endfacet
  facet normal 0 -1 0
    outer loop
      vertex 9.493155892193315 -6.15 0.6955790430307385
      vertex 9.50000000298023 -6.15 1.2000000014901158
      vertex 9.493155892193315 -6.15 1.3044209539890286
    endloop
  endfacet
  facet normal 0.0654031289415513 0 0.9978589232575189
    outer loop
      vertex 8.700000005960462 -4.55 1.9999999985098835
      vertex 8.700000005960462 -6.15 1.9999999985098835
      vertex 8.804420958459374 -6.15 1.9931558877229687
    endloop
  endfacet
  facet normal 0.19509028839774134 0 0.9807852870903428
    outer loop
      vertex 8.804420958459374 -4.55 1.9931558877229687
      vertex 8.804420958459374 -6.15 1.9931558877229687
      vertex 8.907055239379403 -6.15 1.9727406635880467
    endloop
  endfacet
  facet normal 0.3214394875653657 0 0.9469301219381054
    outer loop
      vertex 8.907055239379403 -4.55 1.9727406635880467
      vertex 8.907055239379403 -6.15 1.9727406635880467
      vertex 9.006146754324433 -6.15 1.9391036242246624
    endloop
  endfacet
  facet normal 0.4422886611100639 0 0.896872755887627
    outer loop
      vertex 9.006146754324433 -4.55 1.9391036242246624
      vertex 9.006146754324433 -6.15 1.9391036242246624
      vertex 9.100000004470346 -6.15 1.8928203269839283
    endloop
  endfacet
  facet normal 0.5555702466055247 0 0.831469603224722
    outer loop
      vertex 9.100000004470346 -4.55 1.8928203269839283
      vertex 9.100000004470346 -6.15 1.8928203269839283
      vertex 9.187009151279923 -6.15 1.8346826717257496
    endloop
  endfacet
  facet normal 0.6593458520432711 0 0.7518397750806568
    outer loop
      vertex 9.187009151279923 -4.55 1.8346826717257496
      vertex 9.187009151279923 -6.15 1.8346826717257496
      vertex 9.26568542718887 -6.15 1.7656854227185246
    endloop
  endfacet
  facet normal 0.7518397750806568 0 0.6593458520432711
    outer loop
      vertex 9.26568542718887 -4.55 1.7656854227185246
      vertex 9.26568542718887 -6.15 1.7656854227185246
      vertex 9.334682676196095 -6.15 1.6870091468095776
    endloop
  endfacet
  facet normal 1 0 0
    outer loop
      vertex 5.599999997019765 -5.05 15.85
      vertex 5.599999997019765 -5.05 23.699999994039537
      vertex 5.599999997019765 -5.058832757774127 15.85
    endloop
  endfacet
  facet normal 1 0 0
    outer loop
      vertex 5.599999997019765 -6.15 1.9999999985098835
      vertex 5.599999997019765 -5.058832757774127 15.85
      vertex 5.599999997019765 -5.05 23.699999994039537
    endloop
  endfacet
  facet normal 1 0 0
    outer loop
      vertex 5.599999997019765 -6.15 1.9999999985098835
      vertex 5.599999997019765 -5.05 23.699999994039537
      vertex 5.599999997019765 -6.15 25.200000001490118
    endloop
  endfacet
  facet normal 0 1 0
    outer loop
      vertex 1.700824859738347 -4.55 24.67138839364052
      vertex 5.599999997019765 -4.55 25.200000001490118
      vertex 1.8305119678378077 -4.55 24.68846202492714
    endloop
  endfacet
  facet normal 0 1 0
    outer loop
      vertex 1.8305119678378077 -4.55 24.68846202492714
      vertex 5.599999997019765 -4.55 25.200000001490118
      vertex 1.9738806441426249 -4.55 24.69785891324282
    endloop
  endfacet
  facet normal 0 1 0
    outer loop
      vertex 1.9738806441426249 -4.55 24.69785891324282
      vertex 5.599999997019765 -4.55 25.200000001490118
      vertex 2.039283837378022 -4.55 24.699999994039537
    endloop
  endfacet
  facet normal 0 1 0
    outer loop
      vertex 2.039283837378022 -4.55 24.699999994039537
      vertex 5.599999997019765 -4.55 25.200000001490118
      vertex 4.599999997019765 -4.55 24.699999994039537
    endloop
  endfacet
  facet normal 0 1 0
    outer loop
      vertex -3.000000004470351 -4.55 27.200000001490118
      vertex 8.700000005960462 -4.55 27.200000001490118
      vertex 5.599999997019765 -4.55 25.200000001490118
    endloop
  endfacet
  facet normal 0 1 0
    outer loop
      vertex 4.599999997019765 -4.55 24.699999994039537
      vertex 5.599999997019765 -4.55 25.200000001490118
      vertex 4.730526189506051 -4.55 24.69144485741854
    endloop
  endfacet
  facet normal 0 1 0
    outer loop
      vertex 4.730526189506051 -4.55 24.69144485741854
      vertex 5.599999997019765 -4.55 25.200000001490118
      vertex 4.858819040656087 -4.55 24.66592582166195
    endloop
  endfacet
  facet normal 0 1 0
    outer loop
      vertex 4.858819040656087 -4.55 24.66592582166195
      vertex 5.599999997019765 -4.55 25.200000001490118
      vertex 4.982683430612084 -4.55 24.623879528045656
    endloop
  endfacet
  facet normal 0 1 0
    outer loop
      vertex 4.982683430612084 -4.55 24.623879528045656
      vertex 5.599999997019765 -4.55 25.200000001490118
      vertex 5.099999997019765 -4.55 24.566025397181512
    endloop
  endfacet
  facet normal 0 1 0
    outer loop
      vertex 5.099999997019765 -4.55 24.566025397181512
      vertex 5.599999997019765 -4.55 25.200000001490118
      vertex 5.208761426806447 -4.55 24.49335333555937
    endloop
  endfacet
  facet normal 0 0 1
    outer loop
      vertex -3.000000004470351 -4.55 27.200000001490118
      vertex 8.700000005960462 -6.15 27.200000001490118
      vertex 8.700000005960462 -4.55 27.200000001490118
    endloop
  endfacet
  facet normal 0 1 0
    outer loop
      vertex 5.3071067810058565 -4.55 24.40710677802563
      vertex 5.599999997019765 -4.55 25.200000001490118
      vertex 5.3933533385395975 -4.55 24.30876142382622
    endloop
  endfacet
  facet normal 0 1 0
    outer loop
      vertex 5.46602540016174 -4.55 24.199999994039537
      vertex 5.3933533385395975 -4.55 24.30876142382622
      vertex 5.599999997019765 -4.55 25.200000001490118
    endloop
  endfacet
  facet normal 0 1 0
    outer loop
      vertex 5.46602540016174 -4.55 24.199999994039537
      vertex 5.599999997019765 -4.55 25.200000001490118
      vertex 5.523879531025884 -4.55 24.082683427631856
    endloop
  endfacet
  facet normal 1 0 0
    outer loop
      vertex 5.599999997019765 -4.55 23.699999994039537
      vertex 5.599999997019765 -4.55 25.200000001490118
      vertex 5.599999997019765 -5.05 23.699999994039537
    endloop
  endfacet
  facet normal 0 1 0
    outer loop
      vertex 5.599999997019765 -4.55 23.699999994039537
      vertex 5.5914448603987665 -4.55 23.830526186525823
      vertex 5.599999997019765 -4.55 25.200000001490118
    endloop
  endfacet
  facet normal 0 1 0
    outer loop
      vertex 5.5914448603987665 -4.55 23.830526186525823
      vertex 5.5659258246421786 -4.55 23.95881903767586
      vertex 5.599999997019765 -4.55 25.200000001490118
    endloop
  endfacet
  facet normal 0 1 0
    outer loop
      vertex 5.523879531025884 -4.55 24.082683427631856
      vertex 5.599999997019765 -4.55 25.200000001490118
      vertex 5.5659258246421786 -4.55 23.95881903767586
    endloop
  endfacet
  facet normal 0 1 0
    outer loop
      vertex 5.208761426806447 -4.55 24.49335333555937
      vertex 5.599999997019765 -4.55 25.200000001490118
      vertex 5.3071067810058565 -4.55 24.40710677802563
    endloop
  endfacet
  facet normal 1 0 0
    outer loop
      vertex 5.599999997019765 -5.05 23.699999994039537
      vertex 5.599999997019765 -4.55 25.200000001490118
      vertex 5.599999997019765 -6.15 25.200000001490118
    endloop
  endfacet
  facet normal 0 -1 0
    outer loop
      vertex -3.000000004470351 -6.15 27.200000001490118
      vertex 5.599999997019765 -6.15 25.200000001490118
      vertex 8.700000005960462 -6.15 27.200000001490118
    endloop
  endfacet
  facet normal 0 0 -1
    outer loop
      vertex 5.599999997019765 -4.55 25.200000001490118
      vertex 8.700000005960462 -4.55 25.200000001490118
      vertex 5.599999997019765 -6.15 25.200000001490118
    endloop
  endfacet
  facet normal 0 1 0
    outer loop
      vertex 5.599999997019765 -4.55 25.200000001490118
      vertex 8.700000005960462 -4.55 27.200000001490118
      vertex 8.804420958459374 -4.55 27.193155890703203
    endloop
  endfacet
  facet normal 0 1 0
    outer loop
      vertex 5.599999997019765 -4.55 25.200000001490118
      vertex 8.804420958459374 -4.55 27.193155890703203
      vertex 8.907055239379403 -4.55 27.17274066656828
    endloop
  endfacet
  facet normal 0 1 0
    outer loop
      vertex 5.599999997019765 -4.55 25.200000001490118
      vertex 9.50000000298023 -4.55 25.999999998509885
      vertex 8.700000005960462 -4.55 25.200000001490118
    endloop
  endfacet
  facet normal 0 1 0
    outer loop
      vertex 5.599999997019765 -4.55 25.200000001490118
      vertex 9.50000000298023 -4.55 26.40000000447035
      vertex 9.50000000298023 -4.55 25.999999998509885
    endloop
  endfacet
  facet normal 0 1 0
    outer loop
      vertex 5.599999997019765 -4.55 25.200000001490118
      vertex 9.392820331454274 -4.55 26.800000002980234
      vertex 9.439103628695008 -4.55 26.70614675283432
    endloop
  endfacet
  facet normal 0 1 0
    outer loop
      vertex 5.599999997019765 -4.55 25.200000001490118
      vertex 9.334682676196095 -4.55 26.88700914978981
      vertex 9.392820331454274 -4.55 26.800000002980234
    endloop
  endfacet
  facet normal 0 1 0
    outer loop
      vertex 5.599999997019765 -4.55 25.200000001490118
      vertex 9.493155892193315 -4.55 26.504420956969263
      vertex 9.50000000298023 -4.55 26.40000000447035
    endloop
  endfacet
  facet normal 0 1 0
    outer loop
      vertex 5.599999997019765 -4.55 25.200000001490118
      vertex 9.472740668058393 -4.55 26.60705523788929
      vertex 9.493155892193315 -4.55 26.504420956969263
    endloop
  endfacet
  facet normal 0 1 0
    outer loop
      vertex 5.599999997019765 -4.55 25.200000001490118
      vertex 9.439103628695008 -4.55 26.70614675283432
      vertex 9.472740668058393 -4.55 26.60705523788929
    endloop
  endfacet
  facet normal 0 1 0
    outer loop
      vertex 5.599999997019765 -4.55 25.200000001490118
      vertex 8.907055239379403 -4.55 27.17274066656828
      vertex 9.006146754324433 -4.55 27.139103627204896
    endloop
  endfacet
  facet normal 0 1 0
    outer loop
      vertex 5.599999997019765 -4.55 25.200000001490118
      vertex 9.006146754324433 -4.55 27.139103627204896
      vertex 9.100000004470346 -4.55 27.092820329964162
    endloop
  endfacet
  facet normal 0 1 0
    outer loop
      vertex 5.599999997019765 -4.55 25.200000001490118
      vertex 9.100000004470346 -4.55 27.092820329964162
      vertex 9.187009151279923 -4.55 27.034682674705984
    endloop
  endfacet
  facet normal 0 1 0
    outer loop
      vertex 5.599999997019765 -4.55 25.200000001490118
      vertex 9.187009151279923 -4.55 27.034682674705984
      vertex 9.26568542718887 -4.55 26.96568542569876
    endloop
  endfacet
  facet normal 0 1 0
    outer loop
      vertex 5.599999997019765 -4.55 25.200000001490118
      vertex 9.26568542718887 -4.55 26.96568542569876
      vertex 9.334682676196095 -4.55 26.88700914978981
    endloop
  endfacet
  facet normal 0 1 0
    outer loop
      vertex 8.700000005960462 -4.55 25.200000001490118
      vertex 9.006146754324433 -4.55 25.26089637577534
      vertex 8.804420958459374 -4.55 25.206844112277032
    endloop
  endfacet
  facet normal 0 1 0
    outer loop
      vertex 8.804420958459374 -4.55 25.206844112277032
      vertex 9.006146754324433 -4.55 25.26089637577534
      vertex 8.907055239379403 -4.55 25.227259336411954
    endloop
  endfacet
  facet normal 0 1 0
    outer loop
      vertex 8.700000005960462 -4.55 25.200000001490118
      vertex 9.100000004470346 -4.55 25.307179673016073
      vertex 9.006146754324433 -4.55 25.26089637577534
    endloop
  endfacet
  facet normal 0 1 0
    outer loop
      vertex 8.700000005960462 -4.55 25.200000001490118
      vertex 9.187009151279923 -4.55 25.36531732827425
      vertex 9.100000004470346 -4.55 25.307179673016073
    endloop
  endfacet
  facet normal 0 1 0
    outer loop
      vertex 8.700000005960462 -4.55 25.200000001490118
      vertex 9.26568542718887 -4.55 25.434314577281476
      vertex 9.187009151279923 -4.55 25.36531732827425
    endloop
  endfacet
  facet normal 0 1 0
    outer loop
      vertex 8.700000005960462 -4.55 25.200000001490118
      vertex 9.334682676196095 -4.55 25.512990853190423
      vertex 9.26568542718887 -4.55 25.434314577281476
    endloop
  endfacet
  facet normal 0 1 0
    outer loop
      vertex 8.700000005960462 -4.55 25.200000001490118
      vertex 9.392820331454274 -4.55 25.6
      vertex 9.334682676196095 -4.55 25.512990853190423
    endloop
  endfacet
  facet normal 0 1 0
    outer loop
      vertex 8.700000005960462 -4.55 25.200000001490118
      vertex 9.439103628695008 -4.55 25.693853250145914
      vertex 9.392820331454274 -4.55 25.6
    endloop
  endfacet
  facet normal 0.0654031289415513 0 -0.9978589232575189
    outer loop
      vertex 8.700000005960462 -4.55 25.200000001490118
      vertex 8.804420958459374 -4.55 25.206844112277032
      vertex 8.700000005960462 -6.15 25.200000001490118
    endloop
  endfacet
  facet normal 0.19509028839774134 0 -0.9807852870903428
    outer loop
      vertex 8.804420958459374 -4.55 25.206844112277032
      vertex 8.907055239379403 -4.55 25.227259336411954
      vertex 8.804420958459374 -6.15 25.206844112277032
    endloop
  endfacet
  facet normal 0.3214394875653657 0 -0.9469301219381054
    outer loop
      vertex 8.907055239379403 -4.55 25.227259336411954
      vertex 9.006146754324433 -4.55 25.26089637577534
      vertex 8.907055239379403 -6.15 25.227259336411954
    endloop
  endfacet
  facet normal 0.4422886611100639 0 -0.896872755887627
    outer loop
      vertex 9.006146754324433 -4.55 25.26089637577534
      vertex 9.100000004470346 -4.55 25.307179673016073
      vertex 9.006146754324433 -6.15 25.26089637577534
    endloop
  endfacet
  facet normal 0.5555702466055247 0 -0.831469603224722
    outer loop
      vertex 9.100000004470346 -4.55 25.307179673016073
      vertex 9.187009151279923 -4.55 25.36531732827425
      vertex 9.100000004470346 -6.15 25.307179673016073
    endloop
  endfacet
  facet normal 0.6593458520432711 0 -0.7518397750806568
    outer loop
      vertex 9.187009151279923 -4.55 25.36531732827425
      vertex 9.26568542718887 -4.55 25.434314577281476
      vertex 9.187009151279923 -6.15 25.36531732827425
    endloop
  endfacet
  facet normal 0.7518397750806568 0 -0.6593458520432711
    outer loop
      vertex 9.26568542718887 -4.55 25.434314577281476
      vertex 9.334682676196095 -4.55 25.512990853190423
      vertex 9.26568542718887 -6.15 25.434314577281476
    endloop
  endfacet
  facet normal 0 1 0
    outer loop
      vertex 8.700000005960462 -4.55 25.200000001490118
      vertex 9.472740668058393 -4.55 25.792944765090944
      vertex 9.439103628695008 -4.55 25.693853250145914
    endloop
  endfacet
  facet normal 0 1 0
    outer loop
      vertex 8.700000005960462 -4.55 25.200000001490118
      vertex 9.493155892193315 -4.55 25.895579046010972
      vertex 9.472740668058393 -4.55 25.792944765090944
    endloop
  endfacet
  facet normal 0 1 0
    outer loop
      vertex 8.700000005960462 -4.55 25.200000001490118
      vertex 9.50000000298023 -4.55 25.999999998509885
      vertex 9.493155892193315 -4.55 25.895579046010972
    endloop
  endfacet
  facet normal 0.0654031289415513 0 0.9978589232575189
    outer loop
      vertex 8.700000005960462 -4.55 27.200000001490118
      vertex 8.804420958459374 -6.15 27.193155890703203
      vertex 8.804420958459374 -4.55 27.193155890703203
    endloop
  endfacet
  facet normal 0.19509028839774134 0 0.9807852870903428
    outer loop
      vertex 8.804420958459374 -4.55 27.193155890703203
      vertex 8.907055239379403 -6.15 27.17274066656828
      vertex 8.907055239379403 -4.55 27.17274066656828
    endloop
  endfacet
  facet normal 0.3214394875653657 0 0.9469301219381054
    outer loop
      vertex 8.907055239379403 -4.55 27.17274066656828
      vertex 9.006146754324433 -6.15 27.139103627204896
      vertex 9.006146754324433 -4.55 27.139103627204896
    endloop
  endfacet
  facet normal 0.4422886611100639 0 0.896872755887627
    outer loop
      vertex 9.006146754324433 -4.55 27.139103627204896
      vertex 9.100000004470346 -6.15 27.092820329964162
      vertex 9.100000004470346 -4.55 27.092820329964162
    endloop
  endfacet
  facet normal 0.831469603224722 0 -0.5555702466055247
    outer loop
      vertex 9.334682676196095 -4.55 25.512990853190423
      vertex 9.392820331454274 -4.55 25.6
      vertex 9.334682676196095 -6.15 25.512990853190423
    endloop
  endfacet
  facet normal 0.896872755887627 0 -0.4422886611100639
    outer loop
      vertex 9.392820331454274 -4.55 25.6
      vertex 9.439103628695008 -4.55 25.693853250145914
      vertex 9.392820331454274 -6.15 25.6
    endloop
  endfacet
  facet normal 0.9469301219381054 0 -0.3214394875653657
    outer loop
      vertex 9.439103628695008 -4.55 25.693853250145914
      vertex 9.472740668058393 -4.55 25.792944765090944
      vertex 9.439103628695008 -6.15 25.693853250145914
    endloop
  endfacet
  facet normal 0.9807852870903428 0 -0.19509028839774134
    outer loop
      vertex 9.472740668058393 -4.55 25.792944765090944
      vertex 9.493155892193315 -4.55 25.895579046010972
      vertex 9.472740668058393 -6.15 25.792944765090944
    endloop
  endfacet
  facet normal 0.9978589232575189 0 -0.0654031289415513
    outer loop
      vertex 9.493155892193315 -4.55 25.895579046010972
      vertex 9.50000000298023 -4.55 25.999999998509885
      vertex 9.493155892193315 -6.15 25.895579046010972
    endloop
  endfacet
  facet normal 1 0 0
    outer loop
      vertex 9.50000000298023 -4.55 25.999999998509885
      vertex 9.50000000298023 -4.55 26.40000000447035
      vertex 9.50000000298023 -6.15 25.999999998509885
    endloop
  endfacet
  facet normal 0.5555702466055247 0 0.831469603224722
    outer loop
      vertex 9.100000004470346 -4.55 27.092820329964162
      vertex 9.187009151279923 -6.15 27.034682674705984
      vertex 9.187009151279923 -4.55 27.034682674705984
    endloop
  endfacet
  facet normal 0.6593458520432711 0 0.7518397750806568
    outer loop
      vertex 9.187009151279923 -4.55 27.034682674705984
      vertex 9.26568542718887 -6.15 26.96568542569876
      vertex 9.26568542718887 -4.55 26.96568542569876
    endloop
  endfacet
  facet normal 0.9978589232575189 0 0.0654031289415513
    outer loop
      vertex 9.50000000298023 -4.55 26.40000000447035
      vertex 9.493155892193315 -4.55 26.504420956969263
      vertex 9.50000000298023 -6.15 26.40000000447035
    endloop
  endfacet
  facet normal 0.9807852870903428 0 0.19509028839774134
    outer loop
      vertex 9.493155892193315 -4.55 26.504420956969263
      vertex 9.472740668058393 -4.55 26.60705523788929
      vertex 9.493155892193315 -6.15 26.504420956969263
    endloop
  endfacet
  facet normal 0.896872755887627 0 0.4422886611100639
    outer loop
      vertex 9.439103628695008 -4.55 26.70614675283432
      vertex 9.392820331454274 -4.55 26.800000002980234
      vertex 9.439103628695008 -6.15 26.70614675283432
    endloop
  endfacet
  facet normal 0.9469301219381054 0 0.3214394875653657
    outer loop
      vertex 9.439103628695008 -4.55 26.70614675283432
      vertex 9.472740668058393 -6.15 26.60705523788929
      vertex 9.472740668058393 -4.55 26.60705523788929
    endloop
  endfacet
  facet normal 0.7518397750806568 0 0.6593458520432711
    outer loop
      vertex 9.26568542718887 -4.55 26.96568542569876
      vertex 9.334682676196095 -6.15 26.88700914978981
      vertex 9.334682676196095 -4.55 26.88700914978981
    endloop
  endfacet
  facet normal 0.831469603224722 0 0.5555702466055247
    outer loop
      vertex 9.334682676196095 -4.55 26.88700914978981
      vertex 9.392820331454274 -6.15 26.800000002980234
      vertex 9.392820331454274 -4.55 26.800000002980234
    endloop
  endfacet
  facet normal 0 0 -1
    outer loop
      vertex 5.599999997019765 -6.15 25.200000001490118
      vertex 8.700000005960462 -4.55 25.200000001490118
      vertex 8.700000005960462 -6.15 25.200000001490118
    endloop
  endfacet
  facet normal 0 -1 0
    outer loop
      vertex 5.599999997019765 -6.15 25.200000001490118
      vertex 8.804420958459374 -6.15 27.193155890703203
      vertex 8.700000005960462 -6.15 27.200000001490118
    endloop
  endfacet
  facet normal 0 -1 0
    outer loop
      vertex 5.599999997019765 -6.15 25.200000001490118
      vertex 8.907055239379403 -6.15 27.17274066656828
      vertex 8.804420958459374 -6.15 27.193155890703203
    endloop
  endfacet
  facet normal 0 -1 0
    outer loop
      vertex 5.599999997019765 -6.15 25.200000001490118
      vertex 8.700000005960462 -6.15 25.200000001490118
      vertex 9.50000000298023 -6.15 25.999999998509885
    endloop
  endfacet
  facet normal 0 -1 0
    outer loop
      vertex 5.599999997019765 -6.15 25.200000001490118
      vertex 9.50000000298023 -6.15 25.999999998509885
      vertex 9.50000000298023 -6.15 26.40000000447035
    endloop
  endfacet
  facet normal 0 -1 0
    outer loop
      vertex 5.599999997019765 -6.15 25.200000001490118
      vertex 9.439103628695008 -6.15 26.70614675283432
      vertex 9.392820331454274 -6.15 26.800000002980234
    endloop
  endfacet
  facet normal 0 -1 0
    outer loop
      vertex 5.599999997019765 -6.15 25.200000001490118
      vertex 9.392820331454274 -6.15 26.800000002980234
      vertex 9.334682676196095 -6.15 26.88700914978981
    endloop
  endfacet
  facet normal 0 -1 0
    outer loop
      vertex 5.599999997019765 -6.15 25.200000001490118
      vertex 9.50000000298023 -6.15 26.40000000447035
      vertex 9.493155892193315 -6.15 26.504420956969263
    endloop
  endfacet
  facet normal 0 -1 0
    outer loop
      vertex 5.599999997019765 -6.15 25.200000001490118
      vertex 9.493155892193315 -6.15 26.504420956969263
      vertex 9.472740668058393 -6.15 26.60705523788929
    endloop
  endfacet
  facet normal 0 -1 0
    outer loop
      vertex 5.599999997019765 -6.15 25.200000001490118
      vertex 9.472740668058393 -6.15 26.60705523788929
      vertex 9.439103628695008 -6.15 26.70614675283432
    endloop
  endfacet
  facet normal 0 -1 0
    outer loop
      vertex 5.599999997019765 -6.15 25.200000001490118
      vertex 9.006146754324433 -6.15 27.139103627204896
      vertex 8.907055239379403 -6.15 27.17274066656828
    endloop
  endfacet
  facet normal 0 -1 0
    outer loop
      vertex 5.599999997019765 -6.15 25.200000001490118
      vertex 9.100000004470346 -6.15 27.092820329964162
      vertex 9.006146754324433 -6.15 27.139103627204896
    endloop
  endfacet
  facet normal 0 -1 0
    outer loop
      vertex 5.599999997019765 -6.15 25.200000001490118
      vertex 9.187009151279923 -6.15 27.034682674705984
      vertex 9.100000004470346 -6.15 27.092820329964162
    endloop
  endfacet
  facet normal 0 -1 0
    outer loop
      vertex 5.599999997019765 -6.15 25.200000001490118
      vertex 9.26568542718887 -6.15 26.96568542569876
      vertex 9.187009151279923 -6.15 27.034682674705984
    endloop
  endfacet
  facet normal 0 -1 0
    outer loop
      vertex 5.599999997019765 -6.15 25.200000001490118
      vertex 9.334682676196095 -6.15 26.88700914978981
      vertex 9.26568542718887 -6.15 26.96568542569876
    endloop
  endfacet
  facet normal 0.0654031289415513 0 -0.9978589232575189
    outer loop
      vertex 8.804420958459374 -4.55 25.206844112277032
      vertex 8.804420958459374 -6.15 25.206844112277032
      vertex 8.700000005960462 -6.15 25.200000001490118
    endloop
  endfacet
  facet normal 0.19509028839774134 0 -0.9807852870903428
    outer loop
      vertex 8.907055239379403 -4.55 25.227259336411954
      vertex 8.907055239379403 -6.15 25.227259336411954
      vertex 8.804420958459374 -6.15 25.206844112277032
    endloop
  endfacet
  facet normal 0.3214394875653657 0 -0.9469301219381054
    outer loop
      vertex 9.006146754324433 -4.55 25.26089637577534
      vertex 9.006146754324433 -6.15 25.26089637577534
      vertex 8.907055239379403 -6.15 25.227259336411954
    endloop
  endfacet
  facet normal 0.4422886611100639 0 -0.896872755887627
    outer loop
      vertex 9.100000004470346 -4.55 25.307179673016073
      vertex 9.100000004470346 -6.15 25.307179673016073
      vertex 9.006146754324433 -6.15 25.26089637577534
    endloop
  endfacet
  facet normal 0.5555702466055247 0 -0.831469603224722
    outer loop
      vertex 9.187009151279923 -4.55 25.36531732827425
      vertex 9.187009151279923 -6.15 25.36531732827425
      vertex 9.100000004470346 -6.15 25.307179673016073
    endloop
  endfacet
  facet normal 0.6593458520432711 0 -0.7518397750806568
    outer loop
      vertex 9.26568542718887 -4.55 25.434314577281476
      vertex 9.26568542718887 -6.15 25.434314577281476
      vertex 9.187009151279923 -6.15 25.36531732827425
    endloop
  endfacet
  facet normal 0.7518397750806568 0 -0.6593458520432711
    outer loop
      vertex 9.334682676196095 -4.55 25.512990853190423
      vertex 9.334682676196095 -6.15 25.512990853190423
      vertex 9.26568542718887 -6.15 25.434314577281476
    endloop
  endfacet
  facet normal 0 -1 0
    outer loop
      vertex 8.700000005960462 -6.15 25.200000001490118
      vertex 8.804420958459374 -6.15 25.206844112277032
      vertex 9.006146754324433 -6.15 25.26089637577534
    endloop
  endfacet
  facet normal 0 -1 0
    outer loop
      vertex 8.804420958459374 -6.15 25.206844112277032
      vertex 8.907055239379403 -6.15 25.227259336411954
      vertex 9.006146754324433 -6.15 25.26089637577534
    endloop
  endfacet
  facet normal 0 -1 0
    outer loop
      vertex 8.700000005960462 -6.15 25.200000001490118
      vertex 9.006146754324433 -6.15 25.26089637577534
      vertex 9.100000004470346 -6.15 25.307179673016073
    endloop
  endfacet
  facet normal 0 -1 0
    outer loop
      vertex 8.700000005960462 -6.15 25.200000001490118
      vertex 9.100000004470346 -6.15 25.307179673016073
      vertex 9.187009151279923 -6.15 25.36531732827425
    endloop
  endfacet
  facet normal 0 -1 0
    outer loop
      vertex 8.700000005960462 -6.15 25.200000001490118
      vertex 9.187009151279923 -6.15 25.36531732827425
      vertex 9.26568542718887 -6.15 25.434314577281476
    endloop
  endfacet
  facet normal 0 -1 0
    outer loop
      vertex 8.700000005960462 -6.15 25.200000001490118
      vertex 9.26568542718887 -6.15 25.434314577281476
      vertex 9.334682676196095 -6.15 25.512990853190423
    endloop
  endfacet
  facet normal 0 -1 0
    outer loop
      vertex 8.700000005960462 -6.15 25.200000001490118
      vertex 9.334682676196095 -6.15 25.512990853190423
      vertex 9.392820331454274 -6.15 25.6
    endloop
  endfacet
  facet normal 0 -1 0
    outer loop
      vertex 8.700000005960462 -6.15 25.200000001490118
      vertex 9.392820331454274 -6.15 25.6
      vertex 9.439103628695008 -6.15 25.693853250145914
    endloop
  endfacet
  facet normal 0.0654031289415513 0 0.9978589232575189
    outer loop
      vertex 8.700000005960462 -4.55 27.200000001490118
      vertex 8.700000005960462 -6.15 27.200000001490118
      vertex 8.804420958459374 -6.15 27.193155890703203
    endloop
  endfacet
  facet normal 0.19509028839774134 0 0.9807852870903428
    outer loop
      vertex 8.804420958459374 -4.55 27.193155890703203
      vertex 8.804420958459374 -6.15 27.193155890703203
      vertex 8.907055239379403 -6.15 27.17274066656828
    endloop
  endfacet
  facet normal 0.3214394875653657 0 0.9469301219381054
    outer loop
      vertex 8.907055239379403 -4.55 27.17274066656828
      vertex 8.907055239379403 -6.15 27.17274066656828
      vertex 9.006146754324433 -6.15 27.139103627204896
    endloop
  endfacet
  facet normal 0.4422886611100639 0 0.896872755887627
    outer loop
      vertex 9.006146754324433 -4.55 27.139103627204896
      vertex 9.006146754324433 -6.15 27.139103627204896
      vertex 9.100000004470346 -6.15 27.092820329964162
    endloop
  endfacet
  facet normal 0.831469603224722 0 -0.5555702466055247
    outer loop
      vertex 9.392820331454274 -4.55 25.6
      vertex 9.392820331454274 -6.15 25.6
      vertex 9.334682676196095 -6.15 25.512990853190423
    endloop
  endfacet
  facet normal 0.896872755887627 0 -0.4422886611100639
    outer loop
      vertex 9.439103628695008 -4.55 25.693853250145914
      vertex 9.439103628695008 -6.15 25.693853250145914
      vertex 9.392820331454274 -6.15 25.6
    endloop
  endfacet
  facet normal 0.9469301219381054 0 -0.3214394875653657
    outer loop
      vertex 9.472740668058393 -4.55 25.792944765090944
      vertex 9.472740668058393 -6.15 25.792944765090944
      vertex 9.439103628695008 -6.15 25.693853250145914
    endloop
  endfacet
  facet normal 0.9807852870903428 0 -0.19509028839774134
    outer loop
      vertex 9.493155892193315 -4.55 25.895579046010972
      vertex 9.493155892193315 -6.15 25.895579046010972
      vertex 9.472740668058393 -6.15 25.792944765090944
    endloop
  endfacet
  facet normal 0.9978589232575189 0 -0.0654031289415513
    outer loop
      vertex 9.50000000298023 -4.55 25.999999998509885
      vertex 9.50000000298023 -6.15 25.999999998509885
      vertex 9.493155892193315 -6.15 25.895579046010972
    endloop
  endfacet
  facet normal 1 0 0
    outer loop
      vertex 9.50000000298023 -4.55 26.40000000447035
      vertex 9.50000000298023 -6.15 26.40000000447035
      vertex 9.50000000298023 -6.15 25.999999998509885
    endloop
  endfacet
  facet normal 0.5555702466055247 0 0.831469603224722
    outer loop
      vertex 9.100000004470346 -4.55 27.092820329964162
      vertex 9.100000004470346 -6.15 27.092820329964162
      vertex 9.187009151279923 -6.15 27.034682674705984
    endloop
  endfacet
  facet normal 0.7518397750806568 0 0.6593458520432711
    outer loop
      vertex 9.26568542718887 -4.55 26.96568542569876
      vertex 9.26568542718887 -6.15 26.96568542569876
      vertex 9.334682676196095 -6.15 26.88700914978981
    endloop
  endfacet
  facet normal 0.6593458520432711 0 0.7518397750806568
    outer loop
      vertex 9.187009151279923 -4.55 27.034682674705984
      vertex 9.187009151279923 -6.15 27.034682674705984
      vertex 9.26568542718887 -6.15 26.96568542569876
    endloop
  endfacet
  facet normal 0.9978589232575189 0 0.0654031289415513
    outer loop
      vertex 9.493155892193315 -4.55 26.504420956969263
      vertex 9.493155892193315 -6.15 26.504420956969263
      vertex 9.50000000298023 -6.15 26.40000000447035
    endloop
  endfacet
  facet normal 0.896872755887627 0 0.4422886611100639
    outer loop
      vertex 9.392820331454274 -4.55 26.800000002980234
      vertex 9.392820331454274 -6.15 26.800000002980234
      vertex 9.439103628695008 -6.15 26.70614675283432
    endloop
  endfacet
  facet normal 0.9807852870903428 0 0.19509028839774134
    outer loop
      vertex 9.472740668058393 -4.55 26.60705523788929
      vertex 9.472740668058393 -6.15 26.60705523788929
      vertex 9.493155892193315 -6.15 26.504420956969263
    endloop
  endfacet
  facet normal 0.9469301219381054 0 0.3214394875653657
    outer loop
      vertex 9.439103628695008 -4.55 26.70614675283432
      vertex 9.439103628695008 -6.15 26.70614675283432
      vertex 9.472740668058393 -6.15 26.60705523788929
    endloop
  endfacet
  facet normal 0.831469603224722 0 0.5555702466055247
    outer loop
      vertex 9.334682676196095 -4.55 26.88700914978981
      vertex 9.334682676196095 -6.15 26.88700914978981
      vertex 9.392820331454274 -6.15 26.800000002980234
    endloop
  endfacet
  facet normal 0 -1 0
    outer loop
      vertex 8.700000005960462 -6.15 25.200000001490118
      vertex 9.439103628695008 -6.15 25.693853250145914
      vertex 9.472740668058393 -6.15 25.792944765090944
    endloop
  endfacet
  facet normal 0 -1 0
    outer loop
      vertex 8.700000005960462 -6.15 25.200000001490118
      vertex 9.472740668058393 -6.15 25.792944765090944
      vertex 9.493155892193315 -6.15 25.895579046010972
    endloop
  endfacet
  facet normal 0 -1 0
    outer loop
      vertex 8.700000005960462 -6.15 25.200000001490118
      vertex 9.493155892193315 -6.15 25.895579046010972
      vertex 9.50000000298023 -6.15 25.999999998509885
    endloop
  endfacet
  facet normal 0.6087614290086917 -0.7933533402912574 0
    outer loop
      vertex 3.575735931288065 -2.1757359312880715 2.500000005960464
      vertex 3.700000000000003 -2.080384757729337 2.500000005960464
      vertex 3.700000000000003 -2.080384757729337 24.699999994039537
    endloop
  endfacet
  facet normal 0.9238795325112641 -0.38268343236514446 0
    outer loop
      vertex 3.4803847577293396 -2.3000000000000003 2.500000005960464
      vertex 3.4803847577293396 -2.3000000000000003 24.699999994039537
      vertex 3.420444504226552 -2.4447085729384876 2.500000005960464
    endloop
  endfacet
  facet normal 0.7933533402912637 -0.6087614290086834 0
    outer loop
      vertex 3.4803847577293396 -2.3000000000000003 2.500000005960464
      vertex 3.575735931288065 -2.1757359312880715 2.500000005960464
      vertex 3.575735931288065 -2.1757359312880715 24.699999994039537
    endloop
  endfacet
  facet normal 0.9914448613738209 -0.1305261922199711 0
    outer loop
      vertex 3.420444504226552 -2.4447085729384876 2.500000005960464
      vertex 3.420444504226552 -2.4447085729384876 24.699999994039537
      vertex 3.4000000000000057 -2.6 2.500000005960464
    endloop
  endfacet
  facet normal 0.9914448613738209 0.1305261922199711 0
    outer loop
      vertex 3.4000000000000057 -2.6 2.500000005960464
      vertex 3.4000000000000057 -2.6 24.699999994039537
      vertex 3.420444504226552 -2.7552914270615125 2.500000005960464
    endloop
  endfacet
  facet normal 0.9238795325112641 0.38268343236514446 0
    outer loop
      vertex 3.420444504226552 -2.7552914270615125 2.500000005960464
      vertex 3.420444504226552 -2.7552914270615125 24.699999994039537
      vertex 3.4803847577293396 -2.9 2.500000005960464
    endloop
  endfacet
  facet normal 0.3826834323650993 -0.9238795325112829 0
    outer loop
      vertex 3.700000000000003 -2.080384757729337 2.500000005960464
      vertex 3.8447085729384867 -2.020444504226559 2.500000005960464
      vertex 3.8447085729384867 -2.020444504226559 24.699999994039537
    endloop
  endfacet
  facet normal 0.13052619222005118 -0.9914448613738105 0
    outer loop
      vertex 3.8447085729384867 -2.020444504226559 2.500000005960464
      vertex 4 -2 2.500000005960464
      vertex 4 -2 24.699999994039537
    endloop
  endfacet
  facet normal -0.13052619222005118 -0.9914448613738105 0
    outer loop
      vertex 4 -2 2.500000005960464
      vertex 4.155291427061513 -2.020444504226559 2.500000005960464
      vertex 4.155291427061513 -2.020444504226559 24.699999994039537
    endloop
  endfacet
  facet normal -0.3826834323650993 -0.9238795325112829 0
    outer loop
      vertex 4.155291427061513 -2.020444504226559 2.500000005960464
      vertex 4.299999999999997 -2.080384757729337 2.500000005960464
      vertex 4.299999999999997 -2.080384757729337 24.699999994039537
    endloop
  endfacet
  facet normal -0.6087614290086917 -0.7933533402912574 0
    outer loop
      vertex 4.299999999999997 -2.080384757729337 2.500000005960464
      vertex 4.424264068711935 -2.1757359312880715 2.500000005960464
      vertex 4.424264068711935 -2.1757359312880715 24.699999994039537
    endloop
  endfacet
  facet normal -0.7933533402912637 -0.6087614290086834 0
    outer loop
      vertex 4.51961524227066 -2.3000000000000003 2.500000005960464
      vertex 4.51961524227066 -2.3000000000000003 24.699999994039537
      vertex 4.424264068711935 -2.1757359312880715 2.500000005960464
    endloop
  endfacet
  facet normal 0.7933533402912637 0.6087614290086834 0
    outer loop
      vertex 3.4803847577293396 -2.9 2.500000005960464
      vertex 3.4803847577293396 -2.9 24.699999994039537
      vertex 3.575735931288065 -3.0242640687119287 2.500000005960464
    endloop
  endfacet
  facet normal 0.6087614290086917 0.7933533402912574 0
    outer loop
      vertex 3.575735931288065 -3.0242640687119287 2.500000005960464
      vertex 3.575735931288065 -3.0242640687119287 24.699999994039537
      vertex 3.700000000000003 -3.119615242270663 2.500000005960464
    endloop
  endfacet
  facet normal 0.3826834323650993 0.9238795325112829 0
    outer loop
      vertex 3.8447085729384867 -3.179555495773441 2.500000005960464
      vertex 3.700000000000003 -3.119615242270663 2.500000005960464
      vertex 3.700000000000003 -3.119615242270663 24.699999994039537
    endloop
  endfacet
  facet normal 0.13052619222005118 0.9914448613738105 0
    outer loop
      vertex 3.8447085729384867 -3.179555495773441 2.500000005960464
      vertex 3.8447085729384867 -3.179555495773441 24.699999994039537
      vertex 4 -3.2 2.500000005960464
    endloop
  endfacet
  facet normal -0.13052619222005118 0.9914448613738105 0
    outer loop
      vertex 4 -3.2 2.500000005960464
      vertex 4 -3.2 24.699999994039537
      vertex 4.155291427061513 -3.179555495773441 2.500000005960464
    endloop
  endfacet
  facet normal -0.7933533402912637 0.6087614290086834 0
    outer loop
      vertex 4.424264068711935 -3.0242640687119287 2.500000005960464
      vertex 4.424264068711935 -3.0242640687119287 24.699999994039537
      vertex 4.51961524227066 -2.9 2.500000005960464
    endloop
  endfacet
  facet normal -0.3826834323650993 0.9238795325112829 0
    outer loop
      vertex 4.299999999999997 -3.119615242270663 2.500000005960464
      vertex 4.155291427061513 -3.179555495773441 2.500000005960464
      vertex 4.155291427061513 -3.179555495773441 24.699999994039537
    endloop
  endfacet
  facet normal -0.6087614290086917 0.7933533402912574 0
    outer loop
      vertex 4.424264068711935 -3.0242640687119287 2.500000005960464
      vertex 4.299999999999997 -3.119615242270663 2.500000005960464
      vertex 4.299999999999997 -3.119615242270663 24.699999994039537
    endloop
  endfacet
  facet normal -0.9238795325112641 -0.38268343236514446 0
    outer loop
      vertex 4.579555495773448 -2.4447085729384876 2.500000005960464
      vertex 4.579555495773448 -2.4447085729384876 24.699999994039537
      vertex 4.51961524227066 -2.3000000000000003 2.500000005960464
    endloop
  endfacet
  facet normal -0.991444861373821 -0.130526192219971 9.400739876390258e-19
    outer loop
      vertex 4.599999997019765 -2.5999999773629106 2.500000005960464
      vertex 4.599999999999994 -2.6 24.6999999938442
      vertex 4.579555495773448 -2.4447085729384876 2.500000005960464
    endloop
  endfacet
  facet normal -0.9914448612545155 -0.13052619312618657 0
    outer loop
      vertex 4.599999997019765 -2.5999999773629106 2.500000005960464
      vertex 4.599999999999994 -2.6 2.5000000061557994
      vertex 4.599999999999994 -2.6 24.6999999938442
    endloop
  endfacet
  facet normal -0.9914448612545227 0.13052619312613192 6.4485586053223395e-12
    outer loop
      vertex 4.599999997019765 -2.6000000226370896 2.500000005960464
      vertex 4.579555495773448 -2.7552914270615125 24.699999994039537
      vertex 4.599999999999994 -2.6 2.5000000061557994
    endloop
  endfacet
  facet normal -0.991444861373821 0.13052619221997097 0
    outer loop
      vertex 4.579555495773448 -2.7552914270615125 2.500000005960464
      vertex 4.579555495773448 -2.7552914270615125 24.699999994039537
      vertex 4.599999997019765 -2.6000000226370896 2.500000005960464
    endloop
  endfacet
  facet normal -0.9238795325112641 0.38268343236514446 0
    outer loop
      vertex 4.51961524227066 -2.9 2.500000005960464
      vertex 4.51961524227066 -2.9 24.699999994039537
      vertex 4.579555495773448 -2.7552914270615125 2.500000005960464
    endloop
  endfacet
  facet normal 0.6087614290086917 -0.7933533402912574 0
    outer loop
      vertex 3.575735931288065 -2.1757359312880715 2.500000005960464
      vertex 3.700000000000003 -2.080384757729337 24.699999994039537
      vertex 3.575735931288065 -2.1757359312880715 24.699999994039537
    endloop
  endfacet
  facet normal 0.9238795325112641 -0.38268343236514446 0
    outer loop
      vertex 3.420444504226552 -2.4447085729384876 2.500000005960464
      vertex 3.4803847577293396 -2.3000000000000003 24.699999994039537
      vertex 3.420444504226552 -2.4447085729384876 24.699999994039537
    endloop
  endfacet
  facet normal 0.7933533402912637 -0.6087614290086834 0
    outer loop
      vertex 3.4803847577293396 -2.3000000000000003 2.500000005960464
      vertex 3.575735931288065 -2.1757359312880715 24.699999994039537
      vertex 3.4803847577293396 -2.3000000000000003 24.699999994039537
    endloop
  endfacet
  facet normal 0.9914448613738209 -0.1305261922199711 0
    outer loop
      vertex 3.4000000000000057 -2.6 2.500000005960464
      vertex 3.420444504226552 -2.4447085729384876 24.699999994039537
      vertex 3.4000000000000057 -2.6 24.699999994039537
    endloop
  endfacet
  facet normal 0.9914448613738209 0.1305261922199711 0
    outer loop
      vertex 3.420444504226552 -2.7552914270615125 2.500000005960464
      vertex 3.4000000000000057 -2.6 24.699999994039537
      vertex 3.420444504226552 -2.7552914270615125 24.699999994039537
    endloop
  endfacet
  facet normal 0.3826834323650993 -0.9238795325112829 0
    outer loop
      vertex 3.700000000000003 -2.080384757729337 2.500000005960464
      vertex 3.8447085729384867 -2.020444504226559 24.699999994039537
      vertex 3.700000000000003 -2.080384757729337 24.699999994039537
    endloop
  endfacet
  facet normal 0.13052619222005118 -0.9914448613738105 0
    outer loop
      vertex 3.8447085729384867 -2.020444504226559 2.500000005960464
      vertex 4 -2 24.699999994039537
      vertex 3.8447085729384867 -2.020444504226559 24.699999994039537
    endloop
  endfacet
  facet normal -0.13052619222005118 -0.9914448613738105 0
    outer loop
      vertex 4 -2 2.500000005960464
      vertex 4.155291427061513 -2.020444504226559 24.699999994039537
      vertex 4 -2 24.699999994039537
    endloop
  endfacet
  facet normal -0.3826834323650993 -0.9238795325112829 0
    outer loop
      vertex 4.155291427061513 -2.020444504226559 2.500000005960464
      vertex 4.299999999999997 -2.080384757729337 24.699999994039537
      vertex 4.155291427061513 -2.020444504226559 24.699999994039537
    endloop
  endfacet
  facet normal -0.6087614290086917 -0.7933533402912574 0
    outer loop
      vertex 4.299999999999997 -2.080384757729337 2.500000005960464
      vertex 4.424264068711935 -2.1757359312880715 24.699999994039537
      vertex 4.299999999999997 -2.080384757729337 24.699999994039537
    endloop
  endfacet
  facet normal -0.7933533402912637 -0.6087614290086834 0
    outer loop
      vertex 4.424264068711935 -2.1757359312880715 2.500000005960464
      vertex 4.51961524227066 -2.3000000000000003 24.699999994039537
      vertex 4.424264068711935 -2.1757359312880715 24.699999994039537
    endloop
  endfacet
  facet normal 0.9238795325112641 0.38268343236514446 0
    outer loop
      vertex 3.4803847577293396 -2.9 2.500000005960464
      vertex 3.420444504226552 -2.7552914270615125 24.699999994039537
      vertex 3.4803847577293396 -2.9 24.699999994039537
    endloop
  endfacet
  facet normal 0.7933533402912637 0.6087614290086834 0
    outer loop
      vertex 3.575735931288065 -3.0242640687119287 2.500000005960464
      vertex 3.4803847577293396 -2.9 24.699999994039537
      vertex 3.575735931288065 -3.0242640687119287 24.699999994039537
    endloop
  endfacet
  facet normal 0.6087614290086917 0.7933533402912574 0
    outer loop
      vertex 3.700000000000003 -3.119615242270663 2.500000005960464
      vertex 3.575735931288065 -3.0242640687119287 24.699999994039537
      vertex 3.700000000000003 -3.119615242270663 24.699999994039537
    endloop
  endfacet
  facet normal 0.3826834323650993 0.9238795325112829 0
    outer loop
      vertex 3.8447085729384867 -3.179555495773441 2.500000005960464
      vertex 3.700000000000003 -3.119615242270663 24.699999994039537
      vertex 3.8447085729384867 -3.179555495773441 24.699999994039537
    endloop
  endfacet
  facet normal 0.13052619222005118 0.9914448613738105 0
    outer loop
      vertex 4 -3.2 2.500000005960464
      vertex 3.8447085729384867 -3.179555495773441 24.699999994039537
      vertex 4 -3.2 24.699999994039537
    endloop
  endfacet
  facet normal -0.7933533402912637 0.6087614290086834 0
    outer loop
      vertex 4.51961524227066 -2.9 2.500000005960464
      vertex 4.424264068711935 -3.0242640687119287 24.699999994039537
      vertex 4.51961524227066 -2.9 24.699999994039537
    endloop
  endfacet
  facet normal -0.6087614290086917 0.7933533402912574 0
    outer loop
      vertex 4.424264068711935 -3.0242640687119287 2.500000005960464
      vertex 4.299999999999997 -3.119615242270663 24.699999994039537
      vertex 4.424264068711935 -3.0242640687119287 24.699999994039537
    endloop
  endfacet
  facet normal -0.3826834323650993 0.9238795325112829 0
    outer loop
      vertex 4.299999999999997 -3.119615242270663 2.500000005960464
      vertex 4.155291427061513 -3.179555495773441 24.699999994039537
      vertex 4.299999999999997 -3.119615242270663 24.699999994039537
    endloop
  endfacet
  facet normal -0.13052619222005118 0.9914448613738105 0
    outer loop
      vertex 4.155291427061513 -3.179555495773441 2.500000005960464
      vertex 4 -3.2 24.699999994039537
      vertex 4.155291427061513 -3.179555495773441 24.699999994039537
    endloop
  endfacet
  facet normal -0.9238795325112641 -0.38268343236514446 0
    outer loop
      vertex 4.51961524227066 -2.3000000000000003 2.500000005960464
      vertex 4.579555495773448 -2.4447085729384876 24.699999994039537
      vertex 4.51961524227066 -2.3000000000000003 24.699999994039537
    endloop
  endfacet
  facet normal -0.991444861373821 -0.13052619221997097 0
    outer loop
      vertex 4.579555495773448 -2.4447085729384876 2.500000005960464
      vertex 4.599999997019765 -2.5999999773629106 24.699999994039537
      vertex 4.579555495773448 -2.4447085729384876 24.699999994039537
    endloop
  endfacet
  facet normal -0.9914448612545227 -0.13052619312613192 -6.4485586053223395e-12
    outer loop
      vertex 4.599999997019765 -2.5999999773629106 24.699999994039537
      vertex 4.579555495773448 -2.4447085729384876 2.500000005960464
      vertex 4.599999999999994 -2.6 24.6999999938442
    endloop
  endfacet
  facet normal -0.9914448612545155 0.13052619312618657 0
    outer loop
      vertex 4.599999997019765 -2.6000000226370896 24.699999994039537
      vertex 4.599999999999994 -2.6 24.6999999938442
      vertex 4.599999999999994 -2.6 2.5000000061557994
    endloop
  endfacet
  facet normal -0.991444861373821 0.130526192219971 -9.400739876390258e-19
    outer loop
      vertex 4.599999997019765 -2.6000000226370896 24.699999994039537
      vertex 4.599999999999994 -2.6 2.5000000061557994
      vertex 4.579555495773448 -2.7552914270615125 24.699999994039537
    endloop
  endfacet
  facet normal -0.9238795325112641 0.38268343236514446 0
    outer loop
      vertex 4.579555495773448 -2.7552914270615125 2.500000005960464
      vertex 4.51961524227066 -2.9 24.699999994039537
      vertex 4.579555495773448 -2.7552914270615125 24.699999994039537
    endloop
  endfacet
endsolid OpenSCAD_Model
