solid OpenSCAD_Model
  facet normal 0.3214394653031596 0.9469301294951064 4.534895400668927e-16
    outer loop
      vertex -20.63525491562421 0.7341522555726971 5.4550311535284415
      vertex -20.691006518900394 0.7530773747432594 5.546009506285191
      vertex -20.799999997019768 0.7900756750792124 6.000000002980233
    endloop
  endfacet
  facet normal 0.32143946530315837 0.9469301294951067 1.4332671503893258e-16
    outer loop
      vertex -20.691006518900394 0.7530773747432594 5.546009506285191
      vertex -20.751056514680386 0.7734616015555049 5.6909830078482635
      vertex -20.799999997019768 0.7900756750792124 6.000000002980233
    endloop
  endfacet
  facet normal 0.321439465303164 0.9469301294951049 1.0927808921345852e-15
    outer loop
      vertex -20.751056514680386 0.7734616015555049 5.6909830078482635
      vertex -20.787688337266445 0.7858964297422704 5.843565541505814
      vertex -20.799999997019768 0.7900756750792124 6.000000002980233
    endloop
  endfacet
  facet normal 0.29654157497557615 0.9550199444571851 0
    outer loop
      vertex -20.50710678100586 0.6943612021078328 5.292893218994141
      vertex -20.609016992151737 0.7260051637807683 5.412214751541615
      vertex -20.609016992151737 0.7260051637807683 22.187785248458386
    endloop
  endfacet
  facet normal 0.2965415749755756 0.9550199444571851 0
    outer loop
      vertex -20.50710678100586 0.6943612021078328 5.292893218994141
      vertex -20.50710678100586 0.6943612021078328 22.30710678100586
      vertex -20.387785248458385 0.6573108814360077 5.1909830078482635
    endloop
  endfacet
  facet normal 0.3214394653031583 0.9469301294951067 0
    outer loop
      vertex -20.63525491562421 0.7341522555726971 5.4550311535284415
      vertex -20.799999997019768 0.7900756750792124 6.000000002980233
      vertex -20.799999997019768 0.7900756750792124 21.59999999701977
    endloop
  endfacet
  facet normal 0.29654157497557704 0.9550199444571846 0
    outer loop
      vertex -20.609016992151737 0.7260051637807683 5.412214751541615
      vertex -20.63525491562421 0.7341522555726971 5.4550311535284415
      vertex -20.63525491562421 0.7341522555726971 22.14496884647156
    endloop
  endfacet
  facet normal 0.2965415749755761 0.9550199444571849 3.81038463612208e-18
    outer loop
      vertex -20.26023017055884 0.6177039769771042 5.112817159781834
      vertex -20.387785248458385 0.6573108814360077 5.1909830078482635
      vertex -20.50710678100586 0.6943612021078328 22.30710678100586
    endloop
  endfacet
  facet normal 0.27144044986507543 0.9624552364536468 0
    outer loop
      vertex -20.25399049371481 0.6159442061063076 5.108993481099606
      vertex -20.25399049371481 0.6159442061063076 22.491006518900395
      vertex -20.109016992151737 0.5750574500346233 5.048943485319615
    endloop
  endfacet
  facet normal 0.2714404498650705 0.9624552364536484 0
    outer loop
      vertex -20.25399049371481 0.6159442061063076 5.108993481099606
      vertex -20.26023017055884 0.6177039769771042 5.112817159781834
      vertex -20.26023017055884 0.6177039769771042 22.487182840218168
    endloop
  endfacet
  facet normal 0.27144044986507476 0.9624552364536472 0
    outer loop
      vertex -20.109016992151737 0.5750574500346233 5.048943485319615
      vertex -20.109016992151737 0.5750574500346233 22.551056514680386
      vertex -19.956434458494186 0.5320247249697488 5.0123116627335556
    endloop
  endfacet
  facet normal 0.27144044986507554 0.9624552364536468 6.423559111807902e-18
    outer loop
      vertex -19.956434458494186 0.5320247249697488 5.0123116627335556
      vertex -20.109016992151737 0.5750574500346233 22.551056514680386
      vertex -19.882285676537812 0.5111126056639748 5.006476026736436
    endloop
  endfacet
  facet normal 0.2461532930289885 0.9692309097067555 0
    outer loop
      vertex -19.882285676537812 0.5111126056639748 5.006476026736436
      vertex -19.882285676537812 0.5111126056639748 22.593523973263565
      vertex -19.799999997019768 0.490214705298186 5.000000002980233
    endloop
  endfacet
  facet normal 0.2461532930289886 0.9692309097067555 0
    outer loop
      vertex -19.799999997019768 0.490214705298186 5.000000002980233
      vertex -19.799999997019768 0.490214705298186 22.59999999701977
      vertex -19.50168045783858 0.41445119403485187 5.000000002980233
    endloop
  endfacet
  facet normal 0.22069743502150524 0.9753423205085118 0
    outer loop
      vertex -19.50168045783858 0.41445119403485187 5.000000002980233
      vertex -19.50168045783858 0.41445119403485187 22.59999999701977
      vertex -19.11867536226639 0.32778598899291467 5.000000002980233
    endloop
  endfacet
  facet normal 0.19509032201612683 0.9807852804032307 0
    outer loop
      vertex -19.11867536226639 0.32778598899291467 5.000000002980233
      vertex -19.11867536226639 0.32778598899291467 22.59999999701977
      vertex -18.733532882382214 0.2511763865406813 5.000000002980233
    endloop
  endfacet
  facet normal 0.16934950384902495 0.9855560590580777 0
    outer loop
      vertex -18.733532882382214 0.2511763865406813 5.000000002980233
      vertex -18.733532882382214 0.2511763865406813 22.59999999701977
      vertex -18.346516975603464 0.1846748910729339 5.000000002980233
    endloop
  endfacet
  facet normal 0.14349262199117535 0.9896513868196708 0
    outer loop
      vertex -18.346516975603464 0.1846748910729339 5.000000002980233
      vertex -18.346516975603464 0.1846748910729339 22.59999999701977
      vertex -17.957892883300772 0.12832707939284482 5.000000002980233
    endloop
  endfacet
  facet normal 0.11753739745784016 0.993068456954926 0
    outer loop
      vertex -17.957892883300772 0.12832707939284482 5.000000002980233
      vertex -17.957892883300772 0.12832707939284482 22.59999999701977
      vertex -17.5679269490148 0.08217156947589999 5.000000002980233
    endloop
  endfacet
  facet normal 0.09150161866340178 0.9958049275746618 0
    outer loop
      vertex -17.5679269490148 0.08217156947589999 5.000000002980233
      vertex -17.5679269490148 0.08217156947589999 22.59999999701977
      vertex -17.176886435917673 0.04623999400308065 5.000000002980233
    endloop
  endfacet
  facet normal 0.06540312923014165 0.9978589232386035 0
    outer loop
      vertex -17.176886435917673 0.04623999400308065 5.000000002980233
      vertex -17.176886435917673 0.04623999400308065 22.59999999701977
      vertex -16.785039343644158 0.020556978681392835 5.000000002980233
    endloop
  endfacet
  facet normal 0.039259815759071746 0.9992290362407228 0
    outer loop
      vertex -16.785039343644158 0.020556978681392835 5.000000002980233
      vertex -16.785039343644158 0.020556978681392835 22.59999999701977
      vertex -16.3926542246181 0.005140125366640547 5.000000002980233
    endloop
  endfacet
  facet normal 0.013089595571343753 0.9999143275740071 0
    outer loop
      vertex -16.3926542246181 0.005140125366640547 5.000000002980233
      vertex -16.3926542246181 0.005140125366640547 22.59999999701977
      vertex -16 0 5.000000002980233
    endloop
  endfacet
  facet normal 0.3214394653031522 0.9469301294951088 -6.584015559915974e-17
    outer loop
      vertex -20.63525491562421 0.7341522555726971 5.4550311535284415
      vertex -20.799999997019768 0.7900756750792124 21.59999999701977
      vertex -20.787688337266445 0.7858964297422704 21.756434458494187
    endloop
  endfacet
  facet normal 0.3214394653031597 0.9469301294951062 9.266981414917386e-18
    outer loop
      vertex -20.63525491562421 0.7341522555726971 5.4550311535284415
      vertex -20.787688337266445 0.7858964297422704 21.756434458494187
      vertex -20.751056514680386 0.7734616015555049 21.909016992151738
    endloop
  endfacet
  facet normal 0.32143946530315815 0.9469301294951068 -2.860783730665283e-18
    outer loop
      vertex -20.63525491562421 0.7341522555726971 5.4550311535284415
      vertex -20.751056514680386 0.7734616015555049 21.909016992151738
      vertex -20.691006518900394 0.7530773747432594 22.05399049371481
    endloop
  endfacet
  facet normal 0.321439465303159 0.9469301294951066 0
    outer loop
      vertex -20.63525491562421 0.7341522555726971 5.4550311535284415
      vertex -20.691006518900394 0.7530773747432594 22.05399049371481
      vertex -20.63525491562421 0.7341522555726971 22.14496884647156
    endloop
  endfacet
  facet normal 0.2965415749755771 0.9550199444571847 0
    outer loop
      vertex -20.609016992151737 0.7260051637807683 5.412214751541615
      vertex -20.63525491562421 0.7341522555726971 22.14496884647156
      vertex -20.609016992151737 0.7260051637807683 22.187785248458386
    endloop
  endfacet
  facet normal 0.29654157497557626 0.9550199444571851 0
    outer loop
      vertex -20.50710678100586 0.6943612021078328 5.292893218994141
      vertex -20.609016992151737 0.7260051637807683 22.187785248458386
      vertex -20.50710678100586 0.6943612021078328 22.30710678100586
    endloop
  endfacet
  facet normal 0.29654157497557565 0.9550199444571851 -3.988561603389558e-18
    outer loop
      vertex -20.26023017055884 0.6177039769771042 5.112817159781834
      vertex -20.50710678100586 0.6943612021078328 22.30710678100586
      vertex -20.387785248458385 0.6573108814360077 22.409016992151738
    endloop
  endfacet
  facet normal 0.29654157497557615 0.955019944457185 0
    outer loop
      vertex -20.26023017055884 0.6177039769771042 5.112817159781834
      vertex -20.387785248458385 0.6573108814360077 22.409016992151738
      vertex -20.26023017055884 0.6177039769771042 22.487182840218168
    endloop
  endfacet
  facet normal 0.27144044986507043 0.9624552364536483 0
    outer loop
      vertex -20.25399049371481 0.6159442061063076 5.108993481099606
      vertex -20.26023017055884 0.6177039769771042 22.487182840218168
      vertex -20.25399049371481 0.6159442061063076 22.491006518900395
    endloop
  endfacet
  facet normal 0.2714404498650755 0.962455236453647 0
    outer loop
      vertex -20.109016992151737 0.5750574500346233 5.048943485319615
      vertex -20.25399049371481 0.6159442061063076 22.491006518900395
      vertex -20.109016992151737 0.5750574500346233 22.551056514680386
    endloop
  endfacet
  facet normal 0.2714404498650748 0.9624552364536472 -3.4196395371490496e-18
    outer loop
      vertex -19.882285676537812 0.5111126056639748 5.006476026736436
      vertex -20.109016992151737 0.5750574500346233 22.551056514680386
      vertex -19.956434458494186 0.5320247249697488 22.587688337266446
    endloop
  endfacet
  facet normal 0.2714404498650755 0.962455236453647 0
    outer loop
      vertex -19.882285676537812 0.5111126056639748 5.006476026736436
      vertex -19.956434458494186 0.5320247249697488 22.587688337266446
      vertex -19.882285676537812 0.5111126056639748 22.593523973263565
    endloop
  endfacet
  facet normal 0.24615329302898853 0.9692309097067556 0
    outer loop
      vertex -19.799999997019768 0.490214705298186 5.000000002980233
      vertex -19.882285676537812 0.5111126056639748 22.593523973263565
      vertex -19.799999997019768 0.490214705298186 22.59999999701977
    endloop
  endfacet
  facet normal 0.2461532930289886 0.9692309097067555 0
    outer loop
      vertex -19.50168045783858 0.41445119403485187 5.000000002980233
      vertex -19.799999997019768 0.490214705298186 22.59999999701977
      vertex -19.50168045783858 0.41445119403485187 22.59999999701977
    endloop
  endfacet
  facet normal 0.22069743502150524 0.9753423205085118 0
    outer loop
      vertex -19.11867536226639 0.32778598899291467 5.000000002980233
      vertex -19.50168045783858 0.41445119403485187 22.59999999701977
      vertex -19.11867536226639 0.32778598899291467 22.59999999701977
    endloop
  endfacet
  facet normal 0.19509032201612683 0.9807852804032307 0
    outer loop
      vertex -18.733532882382214 0.2511763865406813 5.000000002980233
      vertex -19.11867536226639 0.32778598899291467 22.59999999701977
      vertex -18.733532882382214 0.2511763865406813 22.59999999701977
    endloop
  endfacet
  facet normal 0.16934950384902495 0.9855560590580777 0
    outer loop
      vertex -18.346516975603464 0.1846748910729339 5.000000002980233
      vertex -18.733532882382214 0.2511763865406813 22.59999999701977
      vertex -18.346516975603464 0.1846748910729339 22.59999999701977
    endloop
  endfacet
  facet normal 0.14349262199117535 0.9896513868196708 0
    outer loop
      vertex -17.957892883300772 0.12832707939284482 5.000000002980233
      vertex -18.346516975603464 0.1846748910729339 22.59999999701977
      vertex -17.957892883300772 0.12832707939284482 22.59999999701977
    endloop
  endfacet
  facet normal 0.11753739745784016 0.993068456954926 0
    outer loop
      vertex -17.5679269490148 0.08217156947589999 5.000000002980233
      vertex -17.957892883300772 0.12832707939284482 22.59999999701977
      vertex -17.5679269490148 0.08217156947589999 22.59999999701977
    endloop
  endfacet
  facet normal 0.09150161866340178 0.9958049275746618 0
    outer loop
      vertex -17.176886435917673 0.04623999400308065 5.000000002980233
      vertex -17.5679269490148 0.08217156947589999 22.59999999701977
      vertex -17.176886435917673 0.04623999400308065 22.59999999701977
    endloop
  endfacet
  facet normal 0.06540312923014165 0.9978589232386035 0
    outer loop
      vertex -16.785039343644158 0.020556978681392835 5.000000002980233
      vertex -17.176886435917673 0.04623999400308065 22.59999999701977
      vertex -16.785039343644158 0.020556978681392835 22.59999999701977
    endloop
  endfacet
  facet normal 0.039259815759071746 0.9992290362407228 0
    outer loop
      vertex -16.3926542246181 0.005140125366640547 5.000000002980233
      vertex -16.785039343644158 0.020556978681392835 22.59999999701977
      vertex -16.3926542246181 0.005140125366640547 22.59999999701977
    endloop
  endfacet
  facet normal 0.013089595571343753 0.9999143275740071 0
    outer loop
      vertex -16 0 5.000000002980233
      vertex -16.3926542246181 0.005140125366640547 22.59999999701977
      vertex -16 0 22.59999999701977
    endloop
  endfacet
  facet normal -0.013089595571343753 0.9999143275740071 0
    outer loop
      vertex 16 0 5.000000002980233
      vertex 16 0 22.59999999701977
      vertex 16.3926542246181 0.005140125366640547 5.000000002980233
    endloop
  endfacet
  facet normal -0.039259815759071746 0.9992290362407228 0
    outer loop
      vertex 16.3926542246181 0.005140125366640547 5.000000002980233
      vertex 16.3926542246181 0.005140125366640547 22.59999999701977
      vertex 16.785039343644158 0.020556978681392835 5.000000002980233
    endloop
  endfacet
  facet normal -0.06540312923014165 0.9978589232386035 0
    outer loop
      vertex 16.785039343644158 0.020556978681392835 5.000000002980233
      vertex 16.785039343644158 0.020556978681392835 22.59999999701977
      vertex 17.176886435917673 0.04623999400308065 5.000000002980233
    endloop
  endfacet
  facet normal -0.09150161866340178 0.9958049275746618 0
    outer loop
      vertex 17.176886435917673 0.04623999400308065 5.000000002980233
      vertex 17.176886435917673 0.04623999400308065 22.59999999701977
      vertex 17.5679269490148 0.08217156947589999 5.000000002980233
    endloop
  endfacet
  facet normal -0.11753739745784016 0.993068456954926 0
    outer loop
      vertex 17.5679269490148 0.08217156947589999 5.000000002980233
      vertex 17.5679269490148 0.08217156947589999 22.59999999701977
      vertex 17.957892883300772 0.12832707939284482 5.000000002980233
    endloop
  endfacet
  facet normal -0.19509032201612683 0.9807852804032307 0
    outer loop
      vertex 18.733532882382214 0.2511763865406813 5.000000002980233
      vertex 18.733532882382214 0.2511763865406813 22.59999999701977
      vertex 19.11867536226639 0.32778598899291467 5.000000002980233
    endloop
  endfacet
  facet normal -0.22069743502150524 0.9753423205085118 0
    outer loop
      vertex 19.11867536226639 0.32778598899291467 5.000000002980233
      vertex 19.11867536226639 0.32778598899291467 22.59999999701977
      vertex 19.50168045783858 0.41445119403485187 5.000000002980233
    endloop
  endfacet
  facet normal -0.14349262199117535 0.9896513868196708 0
    outer loop
      vertex 17.957892883300772 0.12832707939284482 5.000000002980233
      vertex 17.957892883300772 0.12832707939284482 22.59999999701977
      vertex 18.346516975603464 0.1846748910729339 5.000000002980233
    endloop
  endfacet
  facet normal -0.16934950384902495 0.9855560590580777 0
    outer loop
      vertex 18.733532882382214 0.2511763865406813 5.000000002980233
      vertex 18.346516975603464 0.1846748910729339 5.000000002980233
      vertex 18.346516975603464 0.1846748910729339 22.59999999701977
    endloop
  endfacet
  facet normal -0.2714404498650749 0.9624552364536472 3.108763215590045e-18
    outer loop
      vertex 19.956434458494186 0.5320247249697488 5.0123116627335556
      vertex 19.882285676537812 0.5111126056639748 22.593523973263565
      vertex 20.109016992151737 0.5750574500346233 5.048943485319615
    endloop
  endfacet
  facet normal -0.2461532930289886 0.9692309097067555 0
    outer loop
      vertex 19.50168045783858 0.41445119403485187 5.000000002980233
      vertex 19.50168045783858 0.41445119403485187 22.59999999701977
      vertex 19.799999997019768 0.490214705298186 5.000000002980233
    endloop
  endfacet
  facet normal -0.24615329302898853 0.9692309097067556 0
    outer loop
      vertex 19.799999997019768 0.490214705298186 5.000000002980233
      vertex 19.799999997019768 0.490214705298186 22.59999999701977
      vertex 19.882285676537812 0.5111126056639748 5.006476026736436
    endloop
  endfacet
  facet normal -0.2714404498650755 0.962455236453647 0
    outer loop
      vertex 19.956434458494186 0.5320247249697488 5.0123116627335556
      vertex 19.882285676537812 0.5111126056639748 5.006476026736436
      vertex 19.882285676537812 0.5111126056639748 22.593523973263565
    endloop
  endfacet
  facet normal -0.2965415749755757 0.9550199444571853 3.988561603389559e-18
    outer loop
      vertex 20.387785248458385 0.6573108814360077 5.1909830078482635
      vertex 20.26023017055884 0.6177039769771042 22.487182840218168
      vertex 20.50710678100586 0.6943612021078328 5.292893218994141
    endloop
  endfacet
  facet normal -0.27144044986507554 0.962455236453647 0
    outer loop
      vertex 20.25399049371481 0.6159442061063076 5.108993481099606
      vertex 20.109016992151737 0.5750574500346233 5.048943485319615
      vertex 20.109016992151737 0.5750574500346233 22.551056514680386
    endloop
  endfacet
  facet normal -0.27144044986507043 0.9624552364536483 0
    outer loop
      vertex 20.25399049371481 0.6159442061063076 5.108993481099606
      vertex 20.25399049371481 0.6159442061063076 22.491006518900395
      vertex 20.26023017055884 0.6177039769771042 5.112817159781834
    endloop
  endfacet
  facet normal -0.29654157497557615 0.955019944457185 0
    outer loop
      vertex 20.26023017055884 0.6177039769771042 5.112817159781834
      vertex 20.26023017055884 0.6177039769771042 22.487182840218168
      vertex 20.387785248458385 0.6573108814360077 5.1909830078482635
    endloop
  endfacet
  facet normal -0.2965415749755771 0.9550199444571847 0
    outer loop
      vertex 20.609016992151737 0.7260051637807683 5.412214751541615
      vertex 20.609016992151737 0.7260051637807683 22.187785248458386
      vertex 20.63525491562421 0.7341522555726971 5.4550311535284415
    endloop
  endfacet
  facet normal -0.29654157497557626 0.9550199444571851 0
    outer loop
      vertex 20.50710678100586 0.6943612021078328 5.292893218994141
      vertex 20.50710678100586 0.6943612021078328 22.30710678100586
      vertex 20.609016992151737 0.7260051637807683 5.412214751541615
    endloop
  endfacet
  facet normal -0.321439465303159 0.9469301294951066 0
    outer loop
      vertex 20.63525491562421 0.7341522555726971 5.4550311535284415
      vertex 20.63525491562421 0.7341522555726971 22.14496884647156
      vertex 20.691006518900394 0.7530773747432594 5.546009506285191
    endloop
  endfacet
  facet normal -0.32143946530315815 0.9469301294951068 3.0651254257128035e-18
    outer loop
      vertex 20.691006518900394 0.7530773747432594 5.546009506285191
      vertex 20.63525491562421 0.7341522555726971 22.14496884647156
      vertex 20.751056514680386 0.7734616015555049 5.6909830078482635
    endloop
  endfacet
  facet normal -0.3214394653031598 0.9469301294951062 -9.597945036878725e-18
    outer loop
      vertex 20.751056514680386 0.7734616015555049 5.6909830078482635
      vertex 20.63525491562421 0.7341522555726971 22.14496884647156
      vertex 20.787688337266445 0.7858964297422704 5.843565541505814
    endloop
  endfacet
  facet normal -0.3214394653031522 0.9469301294951089 6.94979420213353e-17
    outer loop
      vertex 20.787688337266445 0.7858964297422704 5.843565541505814
      vertex 20.63525491562421 0.7341522555726971 22.14496884647156
      vertex 20.799999997019768 0.7900756750792124 6.000000002980233
    endloop
  endfacet
  facet normal -0.013089595571343753 0.9999143275740071 0
    outer loop
      vertex 16.3926542246181 0.005140125366640547 5.000000002980233
      vertex 16 0 22.59999999701977
      vertex 16.3926542246181 0.005140125366640547 22.59999999701977
    endloop
  endfacet
  facet normal -0.039259815759071746 0.9992290362407228 0
    outer loop
      vertex 16.785039343644158 0.020556978681392835 5.000000002980233
      vertex 16.3926542246181 0.005140125366640547 22.59999999701977
      vertex 16.785039343644158 0.020556978681392835 22.59999999701977
    endloop
  endfacet
  facet normal -0.06540312923014165 0.9978589232386035 0
    outer loop
      vertex 17.176886435917673 0.04623999400308065 5.000000002980233
      vertex 16.785039343644158 0.020556978681392835 22.59999999701977
      vertex 17.176886435917673 0.04623999400308065 22.59999999701977
    endloop
  endfacet
  facet normal -0.09150161866340178 0.9958049275746618 0
    outer loop
      vertex 17.5679269490148 0.08217156947589999 5.000000002980233
      vertex 17.176886435917673 0.04623999400308065 22.59999999701977
      vertex 17.5679269490148 0.08217156947589999 22.59999999701977
    endloop
  endfacet
  facet normal -0.11753739745784016 0.993068456954926 0
    outer loop
      vertex 17.957892883300772 0.12832707939284482 5.000000002980233
      vertex 17.5679269490148 0.08217156947589999 22.59999999701977
      vertex 17.957892883300772 0.12832707939284482 22.59999999701977
    endloop
  endfacet
  facet normal -0.19509032201612683 0.9807852804032307 0
    outer loop
      vertex 19.11867536226639 0.32778598899291467 5.000000002980233
      vertex 18.733532882382214 0.2511763865406813 22.59999999701977
      vertex 19.11867536226639 0.32778598899291467 22.59999999701977
    endloop
  endfacet
  facet normal -0.14349262199117535 0.9896513868196708 0
    outer loop
      vertex 18.346516975603464 0.1846748910729339 5.000000002980233
      vertex 17.957892883300772 0.12832707939284482 22.59999999701977
      vertex 18.346516975603464 0.1846748910729339 22.59999999701977
    endloop
  endfacet
  facet normal -0.16934950384902495 0.9855560590580777 0
    outer loop
      vertex 18.733532882382214 0.2511763865406813 5.000000002980233
      vertex 18.346516975603464 0.1846748910729339 22.59999999701977
      vertex 18.733532882382214 0.2511763865406813 22.59999999701977
    endloop
  endfacet
  facet normal -0.27144044986507543 0.9624552364536471 -6.423559111807902e-18
    outer loop
      vertex 20.109016992151737 0.5750574500346233 5.048943485319615
      vertex 19.882285676537812 0.5111126056639748 22.593523973263565
      vertex 19.956434458494186 0.5320247249697488 22.587688337266446
    endloop
  endfacet
  facet normal -0.27144044986507476 0.9624552364536472 0
    outer loop
      vertex 20.109016992151737 0.5750574500346233 5.048943485319615
      vertex 19.956434458494186 0.5320247249697488 22.587688337266446
      vertex 20.109016992151737 0.5750574500346233 22.551056514680386
    endloop
  endfacet
  facet normal -0.22069743502150524 0.9753423205085118 0
    outer loop
      vertex 19.50168045783858 0.41445119403485187 5.000000002980233
      vertex 19.11867536226639 0.32778598899291467 22.59999999701977
      vertex 19.50168045783858 0.41445119403485187 22.59999999701977
    endloop
  endfacet
  facet normal -0.2461532930289886 0.9692309097067555 0
    outer loop
      vertex 19.799999997019768 0.490214705298186 5.000000002980233
      vertex 19.50168045783858 0.41445119403485187 22.59999999701977
      vertex 19.799999997019768 0.490214705298186 22.59999999701977
    endloop
  endfacet
  facet normal -0.2461532930289885 0.9692309097067555 0
    outer loop
      vertex 19.882285676537812 0.5111126056639748 5.006476026736436
      vertex 19.799999997019768 0.490214705298186 22.59999999701977
      vertex 19.882285676537812 0.5111126056639748 22.593523973263565
    endloop
  endfacet
  facet normal -0.2965415749755762 0.9550199444571849 -3.810384636122081e-18
    outer loop
      vertex 20.50710678100586 0.6943612021078328 5.292893218994141
      vertex 20.26023017055884 0.6177039769771042 22.487182840218168
      vertex 20.387785248458385 0.6573108814360077 22.409016992151738
    endloop
  endfacet
  facet normal -0.27144044986507043 0.9624552364536484 0
    outer loop
      vertex 20.26023017055884 0.6177039769771042 5.112817159781834
      vertex 20.25399049371481 0.6159442061063076 22.491006518900395
      vertex 20.26023017055884 0.6177039769771042 22.487182840218168
    endloop
  endfacet
  facet normal -0.27144044986507543 0.9624552364536468 0
    outer loop
      vertex 20.25399049371481 0.6159442061063076 5.108993481099606
      vertex 20.109016992151737 0.5750574500346233 22.551056514680386
      vertex 20.25399049371481 0.6159442061063076 22.491006518900395
    endloop
  endfacet
  facet normal -0.29654157497557704 0.9550199444571846 0
    outer loop
      vertex 20.63525491562421 0.7341522555726971 5.4550311535284415
      vertex 20.609016992151737 0.7260051637807683 22.187785248458386
      vertex 20.63525491562421 0.7341522555726971 22.14496884647156
    endloop
  endfacet
  facet normal -0.32143946530315826 0.9469301294951067 0
    outer loop
      vertex 20.799999997019768 0.7900756750792124 6.000000002980233
      vertex 20.63525491562421 0.7341522555726971 22.14496884647156
      vertex 20.799999997019768 0.7900756750792124 21.59999999701977
    endloop
  endfacet
  facet normal -0.2965415749755756 0.9550199444571851 0
    outer loop
      vertex 20.50710678100586 0.6943612021078328 5.292893218994141
      vertex 20.387785248458385 0.6573108814360077 22.409016992151738
      vertex 20.50710678100586 0.6943612021078328 22.30710678100586
    endloop
  endfacet
  facet normal -0.29654157497557626 0.9550199444571851 0
    outer loop
      vertex 20.609016992151737 0.7260051637807683 5.412214751541615
      vertex 20.50710678100586 0.6943612021078328 22.30710678100586
      vertex 20.609016992151737 0.7260051637807683 22.187785248458386
    endloop
  endfacet
  facet normal -0.321439465303164 0.9469301294951049 -1.106107488380129e-15
    outer loop
      vertex 20.799999997019768 0.7900756750792124 21.59999999701977
      vertex 20.751056514680386 0.7734616015555049 21.909016992151738
      vertex 20.787688337266445 0.7858964297422704 21.756434458494187
    endloop
  endfacet
  facet normal -0.32143946530315853 0.9469301294951067 -1.25410875659066e-16
    outer loop
      vertex 20.799999997019768 0.7900756750792124 21.59999999701977
      vertex 20.691006518900394 0.7530773747432594 22.05399049371481
      vertex 20.751056514680386 0.7734616015555049 21.909016992151738
    endloop
  endfacet
  facet normal -0.32143946530315964 0.9469301294951062 -4.268136847688402e-16
    outer loop
      vertex 20.799999997019768 0.7900756750792124 21.59999999701977
      vertex 20.63525491562421 0.7341522555726971 22.14496884647156
      vertex 20.691006518900394 0.7530773747432594 22.05399049371481
    endloop
  endfacet
  facet normal 0 1 0
    outer loop
      vertex -16 0 5.000000002980233
      vertex -16 0 22.59999999701977
      vertex 16 0 5.000000002980233
    endloop
  endfacet
  facet normal 0 1 0
    outer loop
      vertex -16 0 22.59999999701977
      vertex 16 0 22.59999999701977
      vertex 16 0 5.000000002980233
    endloop
  endfacet
  facet normal -0.5224985442975995 0 -0.8526401768664726
    outer loop
      vertex -20.26023017055884 0.6177039769771042 5.112817159781834
      vertex -20.387785248458385 -1.5 5.1909830078482635
      vertex -20.387785248458385 0.6573108814360077 5.1909830078482635
    endloop
  endfacet
  facet normal -0.5224985442976761 6.342552507573921e-15 -0.8526401768664257
    outer loop
      vertex -20.25399049371481 0.6159442061063076 5.108993481099606
      vertex -20.387785248458385 -1.5 5.1909830078482635
      vertex -20.26023017055884 0.6177039769771042 5.112817159781834
    endloop
  endfacet
  facet normal -0.3826834609106635 0 -0.9238795206873225
    outer loop
      vertex -20.25399049371481 0.6159442061063076 5.108993481099606
      vertex -20.109016992151737 0.5750574500346233 5.048943485319615
      vertex -20.25399049371481 -1.5 5.108993481099606
    endloop
  endfacet
  facet normal -0.23344534727539276 0 -0.9723699243783055
    outer loop
      vertex -20.109016992151737 0.5750574500346233 5.048943485319615
      vertex -19.956434458494186 0.5320247249697488 5.0123116627335556
      vertex -20.109016992151737 -1.5 5.048943485319615
    endloop
  endfacet
  facet normal -0.07845909971222537 0 -0.9969173334195504
    outer loop
      vertex -19.956434458494186 0.5320247249697488 5.0123116627335556
      vertex -19.882285676537812 0.5111126056639748 5.006476026736436
      vertex -19.956434458494186 -1.5 5.0123116627335556
    endloop
  endfacet
  facet normal -0.07845909971224305 6.554967596111771e-16 -0.9969173334195491
    outer loop
      vertex -19.882285676537812 0.5111126056639748 5.006476026736436
      vertex -19.799999997019768 0.490214705298186 5.000000002980233
      vertex -19.956434458494186 -1.5 5.0123116627335556
    endloop
  endfacet
  facet normal 0 0 -1
    outer loop
      vertex -19.799999997019768 0.490214705298186 5.000000002980233
      vertex -19.50168045783858 0.41445119403485187 5.000000002980233
      vertex -19.799999997019768 -1.5 5.000000002980233
    endloop
  endfacet
  facet normal 0 0 -1
    outer loop
      vertex -19.50168045783858 0.41445119403485187 5.000000002980233
      vertex -19.11867536226639 0.32778598899291467 5.000000002980233
      vertex -19.799999997019768 -1.5 5.000000002980233
    endloop
  endfacet
  facet normal -0.522498544297603 0 -0.8526401768664703
    outer loop
      vertex -20.25399049371481 0.6159442061063076 5.108993481099606
      vertex -20.25399049371481 -1.5 5.108993481099606
      vertex -20.387785248458385 -1.5 5.1909830078482635
    endloop
  endfacet
  facet normal -0.3826834609106636 0 -0.9238795206873225
    outer loop
      vertex -20.109016992151737 0.5750574500346233 5.048943485319615
      vertex -20.109016992151737 -1.5 5.048943485319615
      vertex -20.25399049371481 -1.5 5.108993481099606
    endloop
  endfacet
  facet normal -0.2334453472753927 0 -0.9723699243783054
    outer loop
      vertex -19.956434458494186 0.5320247249697488 5.0123116627335556
      vertex -19.956434458494186 -1.5 5.0123116627335556
      vertex -20.109016992151737 -1.5 5.048943485319615
    endloop
  endfacet
  facet normal -0.07845909971223476 0 -0.9969173334195497
    outer loop
      vertex -19.799999997019768 0.490214705298186 5.000000002980233
      vertex -19.799999997019768 -1.5 5.000000002980233
      vertex -19.956434458494186 -1.5 5.0123116627335556
    endloop
  endfacet
  facet normal 0 0 -1
    outer loop
      vertex -19.11867536226639 0.32778598899291467 5.000000002980233
      vertex -18.733532882382214 0.2511763865406813 5.000000002980233
      vertex -19.799999997019768 -1.5 5.000000002980233
    endloop
  endfacet
  facet normal 0 0 -1
    outer loop
      vertex -18.733532882382214 0.2511763865406813 5.000000002980233
      vertex -18.346516975603464 0.1846748910729339 5.000000002980233
      vertex -19.799999997019768 -1.5 5.000000002980233
    endloop
  endfacet
  facet normal 0 0 -1
    outer loop
      vertex -18.346516975603464 0.1846748910729339 5.000000002980233
      vertex -17.957892883300772 0.12832707939284482 5.000000002980233
      vertex -19.799999997019768 -1.5 5.000000002980233
    endloop
  endfacet
  facet normal 0 0 -1
    outer loop
      vertex -17.957892883300772 0.12832707939284482 5.000000002980233
      vertex -17.5679269490148 0.08217156947589999 5.000000002980233
      vertex -19.799999997019768 -1.5 5.000000002980233
    endloop
  endfacet
  facet normal 0 0 -1
    outer loop
      vertex -19.799999997019768 -1.5 5.000000002980233
      vertex -17.5679269490148 0.08217156947589999 5.000000002980233
      vertex -17.176886435917673 0.04623999400308065 5.000000002980233
    endloop
  endfacet
  facet normal 0 0 -1
    outer loop
      vertex -19.799999997019768 -1.5 5.000000002980233
      vertex -17.176886435917673 0.04623999400308065 5.000000002980233
      vertex -16.785039343644158 0.020556978681392835 5.000000002980233
    endloop
  endfacet
  facet normal -0.852640176866474 4.986597475172667e-16 -0.522498544297597
    outer loop
      vertex -20.609016992151737 0.7260051637807683 5.412214751541615
      vertex -20.691006518900394 -1.5 5.546009506285191
      vertex -20.63525491562421 0.7341522555726971 5.4550311535284415
    endloop
  endfacet
  facet normal -0.8526401768664685 0 -0.5224985442976058
    outer loop
      vertex -20.63525491562421 0.7341522555726971 5.4550311535284415
      vertex -20.691006518900394 -1.5 5.546009506285191
      vertex -20.691006518900394 0.7530773747432594 5.546009506285191
    endloop
  endfacet
  facet normal -0.6494480293060572 0 -0.7604059818481694
    outer loop
      vertex -20.50710678100586 0.6943612021078328 5.292893218994141
      vertex -20.387785248458385 0.6573108814360077 5.1909830078482635
      vertex -20.50710678100586 -1.5 5.292893218994141
    endloop
  endfacet
  facet normal -0.7604059818481694 0 -0.6494480293060573
    outer loop
      vertex -20.50710678100586 0.6943612021078328 5.292893218994141
      vertex -20.609016992151737 -1.5 5.412214751541615
      vertex -20.609016992151737 0.7260051637807683 5.412214751541615
    endloop
  endfacet
  facet normal -0.9238795206873224 0 -0.3826834609106635
    outer loop
      vertex -20.691006518900394 0.7530773747432594 5.546009506285191
      vertex -20.751056514680386 -1.5 5.6909830078482635
      vertex -20.751056514680386 0.7734616015555049 5.6909830078482635
    endloop
  endfacet
  facet normal -0.9723699243783054 0 -0.23344534727539273
    outer loop
      vertex -20.751056514680386 0.7734616015555049 5.6909830078482635
      vertex -20.787688337266445 -1.5 5.843565541505814
      vertex -20.787688337266445 0.7858964297422704 5.843565541505814
    endloop
  endfacet
  facet normal -0.9969173334195497 0 -0.07845909971223475
    outer loop
      vertex -20.787688337266445 0.7858964297422704 5.843565541505814
      vertex -20.799999997019768 -1.5 6.000000002980233
      vertex -20.799999997019768 0.7900756750792124 6.000000002980233
    endloop
  endfacet
  facet normal -0.7604059818481694 0 -0.6494480293060572
    outer loop
      vertex -20.50710678100586 0.6943612021078328 5.292893218994141
      vertex -20.50710678100586 -1.5 5.292893218994141
      vertex -20.609016992151737 -1.5 5.412214751541615
    endloop
  endfacet
  facet normal -0.9238795206873225 0 -0.3826834609106635
    outer loop
      vertex -20.691006518900394 0.7530773747432594 5.546009506285191
      vertex -20.691006518900394 -1.5 5.546009506285191
      vertex -20.751056514680386 -1.5 5.6909830078482635
    endloop
  endfacet
  facet normal -0.8526401768664704 0 -0.522498544297603
    outer loop
      vertex -20.609016992151737 0.7260051637807683 5.412214751541615
      vertex -20.609016992151737 -1.5 5.412214751541615
      vertex -20.691006518900394 -1.5 5.546009506285191
    endloop
  endfacet
  facet normal -0.6494480293060572 0 -0.7604059818481694
    outer loop
      vertex -20.387785248458385 0.6573108814360077 5.1909830078482635
      vertex -20.387785248458385 -1.5 5.1909830078482635
      vertex -20.50710678100586 -1.5 5.292893218994141
    endloop
  endfacet
  facet normal -0.9723699243783055 0 -0.23344534727539273
    outer loop
      vertex -20.751056514680386 0.7734616015555049 5.6909830078482635
      vertex -20.751056514680386 -1.5 5.6909830078482635
      vertex -20.787688337266445 -1.5 5.843565541505814
    endloop
  endfacet
  facet normal -0.9969173334195497 0 -0.07845909971223476
    outer loop
      vertex -20.787688337266445 0.7858964297422704 5.843565541505814
      vertex -20.787688337266445 -1.5 5.843565541505814
      vertex -20.799999997019768 -1.5 6.000000002980233
    endloop
  endfacet
  facet normal 0 0 -1
    outer loop
      vertex -19.799999997019768 -1.5 5.000000002980233
      vertex -16.785039343644158 0.020556978681392835 5.000000002980233
      vertex -16.3926542246181 0.005140125366640547 5.000000002980233
    endloop
  endfacet
  facet normal 0 0 -1
    outer loop
      vertex -19.799999997019768 -1.5 5.000000002980233
      vertex -16.3926542246181 0.005140125366640547 5.000000002980233
      vertex -16 0 5.000000002980233
    endloop
  endfacet
  facet normal -1 0 0
    outer loop
      vertex -20.799999997019768 0.7900756750792124 6.000000002980233
      vertex -20.799999997019768 -1.5 6.000000002980233
      vertex -20.799999997019768 -1.5 21.59999999701977
    endloop
  endfacet
  facet normal 0 0 -1
    outer loop
      vertex -19.799999997019768 -1.5 5.000000002980233
      vertex -16 0 5.000000002980233
      vertex 16 0 5.000000002980233
    endloop
  endfacet
  facet normal -1 0 0
    outer loop
      vertex -20.799999997019768 0.7900756750792124 6.000000002980233
      vertex -20.799999997019768 -1.5 21.59999999701977
      vertex -20.799999997019768 0.7900756750792124 21.59999999701977
    endloop
  endfacet
  facet normal -0.9969173334195497 0 0.07845909971223476
    outer loop
      vertex -20.799999997019768 0.7900756750792124 21.59999999701977
      vertex -20.787688337266445 -1.5 21.756434458494187
      vertex -20.787688337266445 0.7858964297422704 21.756434458494187
    endloop
  endfacet
  facet normal -0.9723699243783053 0 0.23344534727539268
    outer loop
      vertex -20.787688337266445 0.7858964297422704 21.756434458494187
      vertex -20.751056514680386 -1.5 21.909016992151738
      vertex -20.751056514680386 0.7734616015555049 21.909016992151738
    endloop
  endfacet
  facet normal -0.9238795206873225 0 0.38268346091066346
    outer loop
      vertex -20.751056514680386 0.7734616015555049 21.909016992151738
      vertex -20.691006518900394 -1.5 22.05399049371481
      vertex -20.691006518900394 0.7530773747432594 22.05399049371481
    endloop
  endfacet
  facet normal -0.8526401768664685 0 0.5224985442976059
    outer loop
      vertex -20.691006518900394 0.7530773747432594 22.05399049371481
      vertex -20.691006518900394 -1.5 22.05399049371481
      vertex -20.63525491562421 0.7341522555726971 22.14496884647156
    endloop
  endfacet
  facet normal -0.8526401768664741 0 0.5224985442975969
    outer loop
      vertex -20.63525491562421 0.7341522555726971 22.14496884647156
      vertex -20.609016992151737 -1.5 22.187785248458386
      vertex -20.609016992151737 0.7260051637807683 22.187785248458386
    endloop
  endfacet
  facet normal -0.7604059818481694 0 0.6494480293060572
    outer loop
      vertex -20.609016992151737 0.7260051637807683 22.187785248458386
      vertex -20.50710678100586 -1.5 22.30710678100586
      vertex -20.50710678100586 0.6943612021078328 22.30710678100586
    endloop
  endfacet
  facet normal -0.6494480293060572 0 0.7604059818481693
    outer loop
      vertex -20.50710678100586 0.6943612021078328 22.30710678100586
      vertex -20.387785248458385 -1.5 22.409016992151738
      vertex -20.387785248458385 0.6573108814360077 22.409016992151738
    endloop
  endfacet
  facet normal -0.9969173334195497 0 0.07845909971223476
    outer loop
      vertex -20.799999997019768 0.7900756750792124 21.59999999701977
      vertex -20.799999997019768 -1.5 21.59999999701977
      vertex -20.787688337266445 -1.5 21.756434458494187
    endloop
  endfacet
  facet normal -0.9723699243783054 0 0.23344534727539273
    outer loop
      vertex -20.787688337266445 0.7858964297422704 21.756434458494187
      vertex -20.787688337266445 -1.5 21.756434458494187
      vertex -20.751056514680386 -1.5 21.909016992151738
    endloop
  endfacet
  facet normal -0.9238795206873224 0 0.38268346091066346
    outer loop
      vertex -20.751056514680386 0.7734616015555049 21.909016992151738
      vertex -20.751056514680386 -1.5 21.909016992151738
      vertex -20.691006518900394 -1.5 22.05399049371481
    endloop
  endfacet
  facet normal -0.8526401768664704 1.5957832910601892e-16 0.522498544297603
    outer loop
      vertex -20.63525491562421 0.7341522555726971 22.14496884647156
      vertex -20.691006518900394 -1.5 22.05399049371481
      vertex -20.609016992151737 -1.5 22.187785248458386
    endloop
  endfacet
  facet normal -0.7604059818481694 0 0.6494480293060573
    outer loop
      vertex -20.609016992151737 0.7260051637807683 22.187785248458386
      vertex -20.609016992151737 -1.5 22.187785248458386
      vertex -20.50710678100586 -1.5 22.30710678100586
    endloop
  endfacet
  facet normal -0.6494480293060572 0 0.7604059818481694
    outer loop
      vertex -20.50710678100586 0.6943612021078328 22.30710678100586
      vertex -20.50710678100586 -1.5 22.30710678100586
      vertex -20.387785248458385 -1.5 22.409016992151738
    endloop
  endfacet
  facet normal -0.5224985442975993 3.123959641056844e-16 0.8526401768664726
    outer loop
      vertex -20.387785248458385 0.6573108814360077 22.409016992151738
      vertex -20.25399049371481 -1.5 22.491006518900395
      vertex -20.26023017055884 0.6177039769771042 22.487182840218168
    endloop
  endfacet
  facet normal -0.5224985442976772 0 0.8526401768664248
    outer loop
      vertex -20.26023017055884 0.6177039769771042 22.487182840218168
      vertex -20.25399049371481 -1.5 22.491006518900395
      vertex -20.25399049371481 0.6159442061063076 22.491006518900395
    endloop
  endfacet
  facet normal -0.3826834609106635 0 0.9238795206873225
    outer loop
      vertex -20.25399049371481 0.6159442061063076 22.491006518900395
      vertex -20.109016992151737 -1.5 22.551056514680386
      vertex -20.109016992151737 0.5750574500346233 22.551056514680386
    endloop
  endfacet
  facet normal -0.23344534727539273 0 0.9723699243783054
    outer loop
      vertex -20.109016992151737 0.5750574500346233 22.551056514680386
      vertex -19.956434458494186 -1.5 22.587688337266446
      vertex -19.956434458494186 0.5320247249697488 22.587688337266446
    endloop
  endfacet
  facet normal -0.07845909971222537 0 0.9969173334195504
    outer loop
      vertex -19.956434458494186 0.5320247249697488 22.587688337266446
      vertex -19.956434458494186 -1.5 22.587688337266446
      vertex -19.882285676537812 0.5111126056639748 22.593523973263565
    endloop
  endfacet
  facet normal -0.07845909971224321 0 0.9969173334195491
    outer loop
      vertex -19.882285676537812 0.5111126056639748 22.593523973263565
      vertex -19.799999997019768 -1.5 22.59999999701977
      vertex -19.799999997019768 0.490214705298186 22.59999999701977
    endloop
  endfacet
  facet normal 0 0 1
    outer loop
      vertex -19.799999997019768 0.490214705298186 22.59999999701977
      vertex -19.799999997019768 -1.5 22.59999999701977
      vertex -19.50168045783858 0.41445119403485187 22.59999999701977
    endloop
  endfacet
  facet normal 0 0 1
    outer loop
      vertex -19.50168045783858 0.41445119403485187 22.59999999701977
      vertex -19.799999997019768 -1.5 22.59999999701977
      vertex -19.11867536226639 0.32778598899291467 22.59999999701977
    endloop
  endfacet
  facet normal -0.522498544297603 0 0.8526401768664703
    outer loop
      vertex -20.387785248458385 0.6573108814360077 22.409016992151738
      vertex -20.387785248458385 -1.5 22.409016992151738
      vertex -20.25399049371481 -1.5 22.491006518900395
    endloop
  endfacet
  facet normal -0.3826834609106635 0 0.9238795206873225
    outer loop
      vertex -20.25399049371481 0.6159442061063076 22.491006518900395
      vertex -20.25399049371481 -1.5 22.491006518900395
      vertex -20.109016992151737 -1.5 22.551056514680386
    endloop
  endfacet
  facet normal -0.23344534727539276 0 0.9723699243783055
    outer loop
      vertex -20.109016992151737 0.5750574500346233 22.551056514680386
      vertex -20.109016992151737 -1.5 22.551056514680386
      vertex -19.956434458494186 -1.5 22.587688337266446
    endloop
  endfacet
  facet normal -0.07845909971223476 3.480246825865191e-16 0.9969173334195497
    outer loop
      vertex -19.882285676537812 0.5111126056639748 22.593523973263565
      vertex -19.956434458494186 -1.5 22.587688337266446
      vertex -19.799999997019768 -1.5 22.59999999701977
    endloop
  endfacet
  facet normal 0 0 1
    outer loop
      vertex -19.11867536226639 0.32778598899291467 22.59999999701977
      vertex -19.799999997019768 -1.5 22.59999999701977
      vertex -18.733532882382214 0.2511763865406813 22.59999999701977
    endloop
  endfacet
  facet normal 0 0 1
    outer loop
      vertex -18.733532882382214 0.2511763865406813 22.59999999701977
      vertex -19.799999997019768 -1.5 22.59999999701977
      vertex -18.346516975603464 0.1846748910729339 22.59999999701977
    endloop
  endfacet
  facet normal 0 0 1
    outer loop
      vertex -18.346516975603464 0.1846748910729339 22.59999999701977
      vertex -19.799999997019768 -1.5 22.59999999701977
      vertex -17.957892883300772 0.12832707939284482 22.59999999701977
    endloop
  endfacet
  facet normal 0 0 1
    outer loop
      vertex -17.957892883300772 0.12832707939284482 22.59999999701977
      vertex -19.799999997019768 -1.5 22.59999999701977
      vertex -17.5679269490148 0.08217156947589999 22.59999999701977
    endloop
  endfacet
  facet normal 0 0 1
    outer loop
      vertex -19.799999997019768 -1.5 22.59999999701977
      vertex -17.176886435917673 0.04623999400308065 22.59999999701977
      vertex -17.5679269490148 0.08217156947589999 22.59999999701977
    endloop
  endfacet
  facet normal 0 0 1
    outer loop
      vertex -19.799999997019768 -1.5 22.59999999701977
      vertex -16.785039343644158 0.020556978681392835 22.59999999701977
      vertex -17.176886435917673 0.04623999400308065 22.59999999701977
    endloop
  endfacet
  facet normal 0 0 1
    outer loop
      vertex -19.799999997019768 -1.5 22.59999999701977
      vertex -16.3926542246181 0.005140125366640547 22.59999999701977
      vertex -16.785039343644158 0.020556978681392835 22.59999999701977
    endloop
  endfacet
  facet normal 0 0 1
    outer loop
      vertex -19.799999997019768 -1.5 22.59999999701977
      vertex -16 0 22.59999999701977
      vertex -16.3926542246181 0.005140125366640547 22.59999999701977
    endloop
  endfacet
  facet normal 0 0 1
    outer loop
      vertex -19.799999997019768 -1.5 22.59999999701977
      vertex 19.799999997019768 -1.5 22.59999999701977
      vertex -16 0 22.59999999701977
    endloop
  endfacet
  facet normal 0 0 -1
    outer loop
      vertex -19.799999997019768 -1.5 5.000000002980233
      vertex 16 0 5.000000002980233
      vertex 16.3926542246181 0.005140125366640547 5.000000002980233
    endloop
  endfacet
  facet normal 0 0 -1
    outer loop
      vertex -19.799999997019768 -1.5 5.000000002980233
      vertex 16.3926542246181 0.005140125366640547 5.000000002980233
      vertex 16.785039343644158 0.020556978681392835 5.000000002980233
    endloop
  endfacet
  facet normal 0 0 -1
    outer loop
      vertex -19.799999997019768 -1.5 5.000000002980233
      vertex 16.785039343644158 0.020556978681392835 5.000000002980233
      vertex 19.799999997019768 -1.5 5.000000002980233
    endloop
  endfacet
  facet normal 0 0 -1
    outer loop
      vertex 19.11867536226639 0.32778598899291467 5.000000002980233
      vertex 19.50168045783858 0.41445119403485187 5.000000002980233
      vertex 19.799999997019768 -1.5 5.000000002980233
    endloop
  endfacet
  facet normal 0 0 -1
    outer loop
      vertex 19.50168045783858 0.41445119403485187 5.000000002980233
      vertex 19.799999997019768 0.490214705298186 5.000000002980233
      vertex 19.799999997019768 -1.5 5.000000002980233
    endloop
  endfacet
  facet normal 0.07845909971222537 0 -0.9969173334195504
    outer loop
      vertex 19.956434458494186 0.5320247249697488 5.0123116627335556
      vertex 19.956434458494186 -1.5 5.0123116627335556
      vertex 19.882285676537812 0.5111126056639748 5.006476026736436
    endloop
  endfacet
  facet normal 0.2334453472753927 0 -0.9723699243783054
    outer loop
      vertex 19.956434458494186 0.5320247249697488 5.0123116627335556
      vertex 20.109016992151737 0.5750574500346233 5.048943485319615
      vertex 19.956434458494186 -1.5 5.0123116627335556
    endloop
  endfacet
  facet normal 0.07845909971224321 0 -0.9969173334195491
    outer loop
      vertex 19.799999997019768 0.490214705298186 5.000000002980233
      vertex 19.882285676537812 0.5111126056639748 5.006476026736436
      vertex 19.799999997019768 -1.5 5.000000002980233
    endloop
  endfacet
  facet normal 0.5224985442976773 0 -0.8526401768664248
    outer loop
      vertex 20.25399049371481 0.6159442061063076 5.108993481099606
      vertex 20.26023017055884 0.6177039769771042 5.112817159781834
      vertex 20.25399049371481 -1.5 5.108993481099606
    endloop
  endfacet
  facet normal 0.3826834609106635 0 -0.9238795206873225
    outer loop
      vertex 20.25399049371481 0.6159442061063076 5.108993481099606
      vertex 20.109016992151737 -1.5 5.048943485319615
      vertex 20.109016992151737 0.5750574500346233 5.048943485319615
    endloop
  endfacet
  facet normal 0.5224985442975993 3.159926281661117e-16 -0.8526401768664726
    outer loop
      vertex 20.26023017055884 0.6177039769771042 5.112817159781834
      vertex 20.387785248458385 0.6573108814360077 5.1909830078482635
      vertex 20.25399049371481 -1.5 5.108993481099606
    endloop
  endfacet
  facet normal 0 0 -1
    outer loop
      vertex 16.785039343644158 0.020556978681392835 5.000000002980233
      vertex 17.176886435917673 0.04623999400308065 5.000000002980233
      vertex 19.799999997019768 -1.5 5.000000002980233
    endloop
  endfacet
  facet normal 0 0 -1
    outer loop
      vertex 17.176886435917673 0.04623999400308065 5.000000002980233
      vertex 17.5679269490148 0.08217156947589999 5.000000002980233
      vertex 19.799999997019768 -1.5 5.000000002980233
    endloop
  endfacet
  facet normal 0 0 -1
    outer loop
      vertex 17.5679269490148 0.08217156947589999 5.000000002980233
      vertex 17.957892883300772 0.12832707939284482 5.000000002980233
      vertex 19.799999997019768 -1.5 5.000000002980233
    endloop
  endfacet
  facet normal 0 0 -1
    outer loop
      vertex 17.957892883300772 0.12832707939284482 5.000000002980233
      vertex 18.346516975603464 0.1846748910729339 5.000000002980233
      vertex 19.799999997019768 -1.5 5.000000002980233
    endloop
  endfacet
  facet normal 0 0 -1
    outer loop
      vertex 18.733532882382214 0.2511763865406813 5.000000002980233
      vertex 19.799999997019768 -1.5 5.000000002980233
      vertex 18.346516975603464 0.1846748910729339 5.000000002980233
    endloop
  endfacet
  facet normal 0 0 -1
    outer loop
      vertex 18.733532882382214 0.2511763865406813 5.000000002980233
      vertex 19.11867536226639 0.32778598899291467 5.000000002980233
      vertex 19.799999997019768 -1.5 5.000000002980233
    endloop
  endfacet
  facet normal 0.07845909971223476 3.480246825865191e-16 -0.9969173334195497
    outer loop
      vertex 19.882285676537812 0.5111126056639748 5.006476026736436
      vertex 19.956434458494186 -1.5 5.0123116627335556
      vertex 19.799999997019768 -1.5 5.000000002980233
    endloop
  endfacet
  facet normal 0.23344534727539276 0 -0.9723699243783055
    outer loop
      vertex 20.109016992151737 0.5750574500346233 5.048943485319615
      vertex 20.109016992151737 -1.5 5.048943485319615
      vertex 19.956434458494186 -1.5 5.0123116627335556
    endloop
  endfacet
  facet normal 0.3826834609106635 0 -0.9238795206873225
    outer loop
      vertex 20.25399049371481 0.6159442061063076 5.108993481099606
      vertex 20.25399049371481 -1.5 5.108993481099606
      vertex 20.109016992151737 -1.5 5.048943485319615
    endloop
  endfacet
  facet normal 0.522498544297603 0 -0.8526401768664703
    outer loop
      vertex 20.387785248458385 0.6573108814360077 5.1909830078482635
      vertex 20.387785248458385 -1.5 5.1909830078482635
      vertex 20.25399049371481 -1.5 5.108993481099606
    endloop
  endfacet
  facet normal 0.8526401768664741 0 -0.5224985442975969
    outer loop
      vertex 20.609016992151737 0.7260051637807683 5.412214751541615
      vertex 20.63525491562421 0.7341522555726971 5.4550311535284415
      vertex 20.609016992151737 -1.5 5.412214751541615
    endloop
  endfacet
  facet normal 0.8526401768664685 0 -0.5224985442976058
    outer loop
      vertex 20.63525491562421 0.7341522555726971 5.4550311535284415
      vertex 20.691006518900394 0.7530773747432594 5.546009506285191
      vertex 20.691006518900394 -1.5 5.546009506285191
    endloop
  endfacet
  facet normal 0.9238795206873225 0 -0.3826834609106635
    outer loop
      vertex 20.691006518900394 0.7530773747432594 5.546009506285191
      vertex 20.751056514680386 0.7734616015555049 5.6909830078482635
      vertex 20.691006518900394 -1.5 5.546009506285191
    endloop
  endfacet
  facet normal 0.6494480293060572 0 -0.7604059818481694
    outer loop
      vertex 20.387785248458385 0.6573108814360077 5.1909830078482635
      vertex 20.50710678100586 0.6943612021078328 5.292893218994141
      vertex 20.387785248458385 -1.5 5.1909830078482635
    endloop
  endfacet
  facet normal 0.7604059818481694 0 -0.6494480293060572
    outer loop
      vertex 20.50710678100586 0.6943612021078328 5.292893218994141
      vertex 20.609016992151737 0.7260051637807683 5.412214751541615
      vertex 20.50710678100586 -1.5 5.292893218994141
    endloop
  endfacet
  facet normal 0.9723699243783055 0 -0.23344534727539273
    outer loop
      vertex 20.751056514680386 0.7734616015555049 5.6909830078482635
      vertex 20.787688337266445 0.7858964297422704 5.843565541505814
      vertex 20.751056514680386 -1.5 5.6909830078482635
    endloop
  endfacet
  facet normal 0.9969173334195497 0 -0.07845909971223476
    outer loop
      vertex 20.787688337266445 0.7858964297422704 5.843565541505814
      vertex 20.799999997019768 0.7900756750792124 6.000000002980233
      vertex 20.787688337266445 -1.5 5.843565541505814
    endloop
  endfacet
  facet normal 0.6494480293060572 0 -0.7604059818481694
    outer loop
      vertex 20.50710678100586 0.6943612021078328 5.292893218994141
      vertex 20.50710678100586 -1.5 5.292893218994141
      vertex 20.387785248458385 -1.5 5.1909830078482635
    endloop
  endfacet
  facet normal 0.7604059818481694 0 -0.6494480293060573
    outer loop
      vertex 20.609016992151737 0.7260051637807683 5.412214751541615
      vertex 20.609016992151737 -1.5 5.412214751541615
      vertex 20.50710678100586 -1.5 5.292893218994141
    endloop
  endfacet
  facet normal 0.8526401768664704 1.5957832910601892e-16 -0.522498544297603
    outer loop
      vertex 20.63525491562421 0.7341522555726971 5.4550311535284415
      vertex 20.691006518900394 -1.5 5.546009506285191
      vertex 20.609016992151737 -1.5 5.412214751541615
    endloop
  endfacet
  facet normal 0.9238795206873224 0 -0.38268346091066346
    outer loop
      vertex 20.751056514680386 0.7734616015555049 5.6909830078482635
      vertex 20.751056514680386 -1.5 5.6909830078482635
      vertex 20.691006518900394 -1.5 5.546009506285191
    endloop
  endfacet
  facet normal 0.9723699243783054 0 -0.23344534727539273
    outer loop
      vertex 20.787688337266445 0.7858964297422704 5.843565541505814
      vertex 20.787688337266445 -1.5 5.843565541505814
      vertex 20.751056514680386 -1.5 5.6909830078482635
    endloop
  endfacet
  facet normal 0.9969173334195497 0 -0.07845909971223476
    outer loop
      vertex 20.799999997019768 0.7900756750792124 6.000000002980233
      vertex 20.799999997019768 -1.5 6.000000002980233
      vertex 20.787688337266445 -1.5 5.843565541505814
    endloop
  endfacet
  facet normal 1 0 0
    outer loop
      vertex 20.799999997019768 0.7900756750792124 6.000000002980233
      vertex 20.799999997019768 0.7900756750792124 21.59999999701977
      vertex 20.799999997019768 -1.5 6.000000002980233
    endloop
  endfacet
  facet normal 0 0 1
    outer loop
      vertex -16 0 22.59999999701977
      vertex 19.799999997019768 -1.5 22.59999999701977
      vertex 16 0 22.59999999701977
    endloop
  endfacet
  facet normal 1 0 0
    outer loop
      vertex 20.799999997019768 -1.5 6.000000002980233
      vertex 20.799999997019768 0.7900756750792124 21.59999999701977
      vertex 20.799999997019768 -1.5 21.59999999701977
    endloop
  endfacet
  facet normal 0 0 1
    outer loop
      vertex 16 0 22.59999999701977
      vertex 19.799999997019768 -1.5 22.59999999701977
      vertex 16.3926542246181 0.005140125366640547 22.59999999701977
    endloop
  endfacet
  facet normal 0 0 1
    outer loop
      vertex 16.3926542246181 0.005140125366640547 22.59999999701977
      vertex 19.799999997019768 -1.5 22.59999999701977
      vertex 16.785039343644158 0.020556978681392835 22.59999999701977
    endloop
  endfacet
  facet normal 0.9969173334195497 0 0.07845909971223476
    outer loop
      vertex 20.799999997019768 0.7900756750792124 21.59999999701977
      vertex 20.787688337266445 0.7858964297422704 21.756434458494187
      vertex 20.799999997019768 -1.5 21.59999999701977
    endloop
  endfacet
  facet normal 0.9723699243783054 0 0.23344534727539273
    outer loop
      vertex 20.787688337266445 0.7858964297422704 21.756434458494187
      vertex 20.751056514680386 0.7734616015555049 21.909016992151738
      vertex 20.787688337266445 -1.5 21.756434458494187
    endloop
  endfacet
  facet normal 0.9238795206873224 0 0.38268346091066346
    outer loop
      vertex 20.751056514680386 0.7734616015555049 21.909016992151738
      vertex 20.691006518900394 0.7530773747432594 22.05399049371481
      vertex 20.751056514680386 -1.5 21.909016992151738
    endloop
  endfacet
  facet normal 0.8526401768664685 0 0.5224985442976059
    outer loop
      vertex 20.691006518900394 0.7530773747432594 22.05399049371481
      vertex 20.63525491562421 0.7341522555726971 22.14496884647156
      vertex 20.691006518900394 -1.5 22.05399049371481
    endloop
  endfacet
  facet normal 0.852640176866474 4.948239033055953e-16 0.522498544297597
    outer loop
      vertex 20.63525491562421 0.7341522555726971 22.14496884647156
      vertex 20.609016992151737 0.7260051637807683 22.187785248458386
      vertex 20.691006518900394 -1.5 22.05399049371481
    endloop
  endfacet
  facet normal 0.7604059818481694 0 0.6494480293060573
    outer loop
      vertex 20.609016992151737 0.7260051637807683 22.187785248458386
      vertex 20.50710678100586 0.6943612021078328 22.30710678100586
      vertex 20.609016992151737 -1.5 22.187785248458386
    endloop
  endfacet
  facet normal 0.6494480293060572 0 0.7604059818481695
    outer loop
      vertex 20.387785248458385 0.6573108814360077 22.409016992151738
      vertex 20.50710678100586 -1.5 22.30710678100586
      vertex 20.50710678100586 0.6943612021078328 22.30710678100586
    endloop
  endfacet
  facet normal 0.9969173334195497 0 0.07845909971223476
    outer loop
      vertex 20.787688337266445 0.7858964297422704 21.756434458494187
      vertex 20.787688337266445 -1.5 21.756434458494187
      vertex 20.799999997019768 -1.5 21.59999999701977
    endloop
  endfacet
  facet normal 0.9723699243783055 0 0.23344534727539273
    outer loop
      vertex 20.751056514680386 0.7734616015555049 21.909016992151738
      vertex 20.751056514680386 -1.5 21.909016992151738
      vertex 20.787688337266445 -1.5 21.756434458494187
    endloop
  endfacet
  facet normal 0.6494480293060572 0 0.7604059818481694
    outer loop
      vertex 20.387785248458385 0.6573108814360077 22.409016992151738
      vertex 20.387785248458385 -1.5 22.409016992151738
      vertex 20.50710678100586 -1.5 22.30710678100586
    endloop
  endfacet
  facet normal 0.8526401768664704 0 0.522498544297603
    outer loop
      vertex 20.609016992151737 0.7260051637807683 22.187785248458386
      vertex 20.609016992151737 -1.5 22.187785248458386
      vertex 20.691006518900394 -1.5 22.05399049371481
    endloop
  endfacet
  facet normal 0.9238795206873225 0 0.3826834609106635
    outer loop
      vertex 20.691006518900394 0.7530773747432594 22.05399049371481
      vertex 20.691006518900394 -1.5 22.05399049371481
      vertex 20.751056514680386 -1.5 21.909016992151738
    endloop
  endfacet
  facet normal 0.7604059818481694 0 0.6494480293060572
    outer loop
      vertex 20.50710678100586 0.6943612021078328 22.30710678100586
      vertex 20.50710678100586 -1.5 22.30710678100586
      vertex 20.609016992151737 -1.5 22.187785248458386
    endloop
  endfacet
  facet normal 0 0 1
    outer loop
      vertex 19.11867536226639 0.32778598899291467 22.59999999701977
      vertex 19.799999997019768 -1.5 22.59999999701977
      vertex 19.50168045783858 0.41445119403485187 22.59999999701977
    endloop
  endfacet
  facet normal 0 0 1
    outer loop
      vertex 19.50168045783858 0.41445119403485187 22.59999999701977
      vertex 19.799999997019768 -1.5 22.59999999701977
      vertex 19.799999997019768 0.490214705298186 22.59999999701977
    endloop
  endfacet
  facet normal 0.07845909971222537 0 0.9969173334195504
    outer loop
      vertex 19.956434458494186 0.5320247249697488 22.587688337266446
      vertex 19.882285676537812 0.5111126056639748 22.593523973263565
      vertex 19.956434458494186 -1.5 22.587688337266446
    endloop
  endfacet
  facet normal 0.23344534727539268 0 0.9723699243783053
    outer loop
      vertex 19.956434458494186 0.5320247249697488 22.587688337266446
      vertex 20.109016992151737 -1.5 22.551056514680386
      vertex 20.109016992151737 0.5750574500346233 22.551056514680386
    endloop
  endfacet
  facet normal 0.07845909971224306 6.561438442702208e-16 0.9969173334195491
    outer loop
      vertex 19.799999997019768 0.490214705298186 22.59999999701977
      vertex 19.956434458494186 -1.5 22.587688337266446
      vertex 19.882285676537812 0.5111126056639748 22.593523973263565
    endloop
  endfacet
  facet normal 0.3826834609106635 0 0.9238795206873225
    outer loop
      vertex 20.25399049371481 0.6159442061063076 22.491006518900395
      vertex 20.109016992151737 0.5750574500346233 22.551056514680386
      vertex 20.25399049371481 -1.5 22.491006518900395
    endloop
  endfacet
  facet normal 0.522498544297676 6.345992069671304e-15 0.8526401768664257
    outer loop
      vertex 20.26023017055884 0.6177039769771042 22.487182840218168
      vertex 20.25399049371481 0.6159442061063076 22.491006518900395
      vertex 20.387785248458385 -1.5 22.409016992151738
    endloop
  endfacet
  facet normal 0.5224985442975993 0 0.8526401768664726
    outer loop
      vertex 20.387785248458385 0.6573108814360077 22.409016992151738
      vertex 20.26023017055884 0.6177039769771042 22.487182840218168
      vertex 20.387785248458385 -1.5 22.409016992151738
    endloop
  endfacet
  facet normal 0 0 1
    outer loop
      vertex 16.785039343644158 0.020556978681392835 22.59999999701977
      vertex 19.799999997019768 -1.5 22.59999999701977
      vertex 17.176886435917673 0.04623999400308065 22.59999999701977
    endloop
  endfacet
  facet normal 0 0 1
    outer loop
      vertex 17.176886435917673 0.04623999400308065 22.59999999701977
      vertex 19.799999997019768 -1.5 22.59999999701977
      vertex 17.5679269490148 0.08217156947589999 22.59999999701977
    endloop
  endfacet
  facet normal 0 0 1
    outer loop
      vertex 17.5679269490148 0.08217156947589999 22.59999999701977
      vertex 19.799999997019768 -1.5 22.59999999701977
      vertex 17.957892883300772 0.12832707939284482 22.59999999701977
    endloop
  endfacet
  facet normal 0 0 1
    outer loop
      vertex 17.957892883300772 0.12832707939284482 22.59999999701977
      vertex 19.799999997019768 -1.5 22.59999999701977
      vertex 18.346516975603464 0.1846748910729339 22.59999999701977
    endloop
  endfacet
  facet normal 0 0 1
    outer loop
      vertex 18.733532882382214 0.2511763865406813 22.59999999701977
      vertex 18.346516975603464 0.1846748910729339 22.59999999701977
      vertex 19.799999997019768 -1.5 22.59999999701977
    endloop
  endfacet
  facet normal 0 0 1
    outer loop
      vertex 18.733532882382214 0.2511763865406813 22.59999999701977
      vertex 19.799999997019768 -1.5 22.59999999701977
      vertex 19.11867536226639 0.32778598899291467 22.59999999701977
    endloop
  endfacet
  facet normal 0.07845909971223476 0 0.9969173334195497
    outer loop
      vertex 19.799999997019768 0.490214705298186 22.59999999701977
      vertex 19.799999997019768 -1.5 22.59999999701977
      vertex 19.956434458494186 -1.5 22.587688337266446
    endloop
  endfacet
  facet normal 0.2334453472753927 0 0.9723699243783054
    outer loop
      vertex 19.956434458494186 0.5320247249697488 22.587688337266446
      vertex 19.956434458494186 -1.5 22.587688337266446
      vertex 20.109016992151737 -1.5 22.551056514680386
    endloop
  endfacet
  facet normal 0.3826834609106636 0 0.9238795206873225
    outer loop
      vertex 20.109016992151737 0.5750574500346233 22.551056514680386
      vertex 20.109016992151737 -1.5 22.551056514680386
      vertex 20.25399049371481 -1.5 22.491006518900395
    endloop
  endfacet
  facet normal 0.522498544297603 0 0.8526401768664703
    outer loop
      vertex 20.25399049371481 0.6159442061063076 22.491006518900395
      vertex 20.25399049371481 -1.5 22.491006518900395
      vertex 20.387785248458385 -1.5 22.409016992151738
    endloop
  endfacet
  facet normal 0 1 0
    outer loop
      vertex -23.66295824199915 -1.5 3.9347524151206024
      vertex -23.765527352690697 -1.5 4.3619834959507
      vertex -20.609016992151737 -1.5 5.412214751541615
    endloop
  endfacet
  facet normal 0 1 0
    outer loop
      vertex -23.765527352690697 -1.5 4.3619834959507
      vertex -23.799999997019768 -1.5 4.800000000000001
      vertex -20.751056514680386 -1.5 5.6909830078482635
    endloop
  endfacet
  facet normal 0 1 0
    outer loop
      vertex -23.66295824199915 -1.5 3.9347524151206024
      vertex -20.609016992151737 -1.5 5.412214751541615
      vertex -20.50710678100586 -1.5 5.292893218994141
    endloop
  endfacet
  facet normal 0 1 0
    outer loop
      vertex -23.765527352690697 -1.5 4.3619834959507
      vertex -20.691006518900394 -1.5 5.546009506285191
      vertex -20.609016992151737 -1.5 5.412214751541615
    endloop
  endfacet
  facet normal 0 1 0
    outer loop
      vertex -23.66295824199915 -1.5 3.9347524151206024
      vertex -20.25399049371481 -1.5 5.108993481099606
      vertex -20.109016992151737 -1.5 5.048943485319615
    endloop
  endfacet
  facet normal 0 1 0
    outer loop
      vertex -23.66295824199915 -1.5 3.9347524151206024
      vertex -20.109016992151737 -1.5 5.048943485319615
      vertex -19.956434458494186 -1.5 5.0123116627335556
    endloop
  endfacet
  facet normal 0 1 0
    outer loop
      vertex -23.66295824199915 -1.5 3.9347524151206024
      vertex -19.956434458494186 -1.5 5.0123116627335556
      vertex -19.799999997019768 -1.5 5.000000002980233
    endloop
  endfacet
  facet normal 0 1 0
    outer loop
      vertex -23.66295824199915 -1.5 3.9347524151206024
      vertex -20.50710678100586 -1.5 5.292893218994141
      vertex -20.387785248458385 -1.5 5.1909830078482635
    endloop
  endfacet
  facet normal 0 1 0
    outer loop
      vertex -23.66295824199915 -1.5 3.9347524151206024
      vertex -20.387785248458385 -1.5 5.1909830078482635
      vertex -20.25399049371481 -1.5 5.108993481099606
    endloop
  endfacet
  facet normal 0 1 0
    outer loop
      vertex -23.765527352690697 -1.5 4.3619834959507
      vertex -20.751056514680386 -1.5 5.6909830078482635
      vertex -20.691006518900394 -1.5 5.546009506285191
    endloop
  endfacet
  facet normal 0 1 0
    outer loop
      vertex -23.799999997019768 -1.5 4.800000000000001
      vertex -20.787688337266445 -1.5 5.843565541505814
      vertex -20.751056514680386 -1.5 5.6909830078482635
    endloop
  endfacet
  facet normal 0 1 0
    outer loop
      vertex -23.799999997019768 -1.5 4.800000000000001
      vertex -20.799999997019768 -1.5 6.000000002980233
      vertex -20.787688337266445 -1.5 5.843565541505814
    endloop
  endfacet
  facet normal -0.5224985745986968 0 -0.8526401582979365
    outer loop
      vertex -22.645798705518246 -1.5 2.5347524166107185
      vertex -22.271173402667046 -1.5 2.3051817297935493
      vertex -22.645798705518246 -15.38 2.5347524166107185
    endloop
  endfacet
  facet normal -0.7604059713461169 0 -0.6494480416023813
    outer loop
      vertex -23.265247583389282 -1.5 3.154201294481755
      vertex -22.979898989200592 -1.5 2.8201010107994087
      vertex -23.265247583389282 -15.38 3.154201294481755
    endloop
  endfacet
  facet normal -0.8526401582979365 0 -0.5224985745986968
    outer loop
      vertex -23.265247583389282 -1.5 3.154201294481755
      vertex -23.49481827020645 -15.38 3.528826597332955
      vertex -23.49481827020645 -1.5 3.528826597332955
    endloop
  endfacet
  facet normal -0.6494480416023813 0 -0.7604059713461169
    outer loop
      vertex -22.645798705518246 -1.5 2.5347524166107185
      vertex -22.979898989200592 -15.38 2.8201010107994087
      vertex -22.979898989200592 -1.5 2.8201010107994087
    endloop
  endfacet
  facet normal -0.23344537023729298 0 -0.972369918865641
    outer loop
      vertex -21.8652475848794 -1.5 2.1370417580008514
      vertex -21.4380165040493 -1.5 2.034472647309304
      vertex -21.8652475848794 -15.38 2.1370417580008514
    endloop
  endfacet
  facet normal -0.38268341827618463 0 -0.9238795383471022
    outer loop
      vertex -22.271173402667046 -1.5 2.3051817297935493
      vertex -21.8652475848794 -1.5 2.1370417580008514
      vertex -22.271173402667046 -15.38 2.3051817297935493
    endloop
  endfacet
  facet normal -0.07845909084886164 0 -0.9969173341171124
    outer loop
      vertex -21.4380165040493 -1.5 2.034472647309304
      vertex -21 -1.5 2.000000002980233
      vertex -21.4380165040493 -15.38 2.034472647309304
    endloop
  endfacet
  facet normal 0 0 -1
    outer loop
      vertex -21 -1.5 2.000000002980233
      vertex -18.5 -4.6 2.000000002980233
      vertex -18.5 -13.2 2.000000002980233
    endloop
  endfacet
  facet normal -0.9238795383471022 0 -0.38268341827618463
    outer loop
      vertex -23.49481827020645 -1.5 3.528826597332955
      vertex -23.66295824199915 -15.38 3.9347524151206024
      vertex -23.66295824199915 -1.5 3.9347524151206024
    endloop
  endfacet
  facet normal -0.972369918865641 0 -0.23344537023729298
    outer loop
      vertex -23.66295824199915 -1.5 3.9347524151206024
      vertex -23.765527352690697 -15.38 4.3619834959507
      vertex -23.765527352690697 -1.5 4.3619834959507
    endloop
  endfacet
  facet normal -0.9969173341171124 0 -0.07845909084886164
    outer loop
      vertex -23.765527352690697 -1.5 4.3619834959507
      vertex -23.799999997019768 -15.38 4.800000000000001
      vertex -23.799999997019768 -1.5 4.800000000000001
    endloop
  endfacet
  facet normal 0 0 -1
    outer loop
      vertex -21 -1.5 2.000000002980233
      vertex -12.5 -4.6 2.000000002980233
      vertex -18.5 -4.6 2.000000002980233
    endloop
  endfacet
  facet normal 0 1 0
    outer loop
      vertex -23.799999997019768 -1.5 4.800000000000001
      vertex -23.799999997019768 -1.5 22.8
      vertex -20.799999997019768 -1.5 6.000000002980233
    endloop
  endfacet
  facet normal 0 1 0
    outer loop
      vertex -23.265247583389282 -1.5 3.154201294481755
      vertex 23.66295824199915 -1.5 3.9347524151206024
      vertex -22.979898989200592 -1.5 2.8201010107994087
    endloop
  endfacet
  facet normal 0 1 0
    outer loop
      vertex -21.4380165040493 -1.5 2.034472647309304
      vertex 22.271173402667046 -1.5 2.3051817297935493
      vertex -21 -1.5 2.000000002980233
    endloop
  endfacet
  facet normal 0 1 0
    outer loop
      vertex -21.8652475848794 -1.5 2.1370417580008514
      vertex 22.645798705518246 -1.5 2.5347524166107185
      vertex -21.4380165040493 -1.5 2.034472647309304
    endloop
  endfacet
  facet normal 0 1 0
    outer loop
      vertex -22.271173402667046 -1.5 2.3051817297935493
      vertex 22.979898989200592 -1.5 2.8201010107994087
      vertex -21.8652475848794 -1.5 2.1370417580008514
    endloop
  endfacet
  facet normal 0 1 0
    outer loop
      vertex -22.645798705518246 -1.5 2.5347524166107185
      vertex 23.265247583389282 -1.5 3.154201294481755
      vertex -22.271173402667046 -1.5 2.3051817297935493
    endloop
  endfacet
  facet normal 0 1 0
    outer loop
      vertex -22.645798705518246 -1.5 2.5347524166107185
      vertex -22.979898989200592 -1.5 2.8201010107994087
      vertex 23.49481827020645 -1.5 3.528826597332955
    endloop
  endfacet
  facet normal 0 1 0
    outer loop
      vertex -23.265247583389282 -1.5 3.154201294481755
      vertex -23.49481827020645 -1.5 3.528826597332955
      vertex 23.765527352690697 -1.5 4.3619834959507
    endloop
  endfacet
  facet normal 0 1 0
    outer loop
      vertex -23.49481827020645 -1.5 3.528826597332955
      vertex -23.66295824199915 -1.5 3.9347524151206024
      vertex 23.799999997019768 -1.5 4.800000000000001
    endloop
  endfacet
  facet normal 0 1 0
    outer loop
      vertex -23.66295824199915 -1.5 3.9347524151206024
      vertex -19.799999997019768 -1.5 5.000000002980233
      vertex 23.799999997019768 -1.5 4.800000000000001
    endloop
  endfacet
  facet normal 0 0 -1
    outer loop
      vertex -21 -1.5 2.000000002980233
      vertex 21 -1.5 2.000000002980233
      vertex -12.5 -4.6 2.000000002980233
    endloop
  endfacet
  facet normal 0 0 -1
    outer loop
      vertex -21 -1.5 2.000000002980233
      vertex -18.5 -13.2 2.000000002980233
      vertex -21 -15.38 2.000000002980233
    endloop
  endfacet
  facet normal -0.5224985745986968 0 -0.8526401582979365
    outer loop
      vertex -22.271173402667046 -1.5 2.3051817297935493
      vertex -22.271173402667046 -15.38 2.3051817297935493
      vertex -22.645798705518246 -15.38 2.5347524166107185
    endloop
  endfacet
  facet normal -0.7604059713461169 0 -0.6494480416023813
    outer loop
      vertex -22.979898989200592 -1.5 2.8201010107994087
      vertex -22.979898989200592 -15.38 2.8201010107994087
      vertex -23.265247583389282 -15.38 3.154201294481755
    endloop
  endfacet
  facet normal -0.8526401582979365 0 -0.5224985745986968
    outer loop
      vertex -23.265247583389282 -1.5 3.154201294481755
      vertex -23.265247583389282 -15.38 3.154201294481755
      vertex -23.49481827020645 -15.38 3.528826597332955
    endloop
  endfacet
  facet normal -0.6494480416023813 0 -0.7604059713461169
    outer loop
      vertex -22.645798705518246 -1.5 2.5347524166107185
      vertex -22.645798705518246 -15.38 2.5347524166107185
      vertex -22.979898989200592 -15.38 2.8201010107994087
    endloop
  endfacet
  facet normal -0.23344537023729298 0 -0.972369918865641
    outer loop
      vertex -21.4380165040493 -1.5 2.034472647309304
      vertex -21.4380165040493 -15.38 2.034472647309304
      vertex -21.8652475848794 -15.38 2.1370417580008514
    endloop
  endfacet
  facet normal -0.38268341827618463 0 -0.9238795383471022
    outer loop
      vertex -21.8652475848794 -1.5 2.1370417580008514
      vertex -21.8652475848794 -15.38 2.1370417580008514
      vertex -22.271173402667046 -15.38 2.3051817297935493
    endloop
  endfacet
  facet normal -0.07845909084886164 0 -0.9969173341171124
    outer loop
      vertex -21 -1.5 2.000000002980233
      vertex -21 -15.38 2.000000002980233
      vertex -21.4380165040493 -15.38 2.034472647309304
    endloop
  endfacet
  facet normal -0.9238795383471022 0 -0.38268341827618463
    outer loop
      vertex -23.49481827020645 -1.5 3.528826597332955
      vertex -23.49481827020645 -15.38 3.528826597332955
      vertex -23.66295824199915 -15.38 3.9347524151206024
    endloop
  endfacet
  facet normal -0.972369918865641 0 -0.23344537023729298
    outer loop
      vertex -23.66295824199915 -1.5 3.9347524151206024
      vertex -23.66295824199915 -15.38 3.9347524151206024
      vertex -23.765527352690697 -15.38 4.3619834959507
    endloop
  endfacet
  facet normal -0.9969173341171124 0 -0.07845909084886164
    outer loop
      vertex -23.765527352690697 -1.5 4.3619834959507
      vertex -23.765527352690697 -15.38 4.3619834959507
      vertex -23.799999997019768 -15.38 4.800000000000001
    endloop
  endfacet
  facet normal 0 -1 0
    outer loop
      vertex -23.66295824199915 -15.38 3.9347524151206024
      vertex -21.191006518900394 -15.38 5.046009506285191
      vertex -23.765527352690697 -15.38 4.3619834959507
    endloop
  endfacet
  facet normal 0 -1 0
    outer loop
      vertex -23.765527352690697 -15.38 4.3619834959507
      vertex -21.287688337266445 -15.38 5.343565541505814
      vertex -23.799999997019768 -15.38 4.800000000000001
    endloop
  endfacet
  facet normal 0 -1 0
    outer loop
      vertex -23.66295824199915 -15.38 3.9347524151206024
      vertex -21.109016992151737 -15.38 4.912214751541615
      vertex -21.191006518900394 -15.38 5.046009506285191
    endloop
  endfacet
  facet normal 0 -1 0
    outer loop
      vertex -23.66295824199915 -15.38 3.9347524151206024
      vertex -20.75399049371481 -15.38 4.608993481099606
      vertex -20.887785248458385 -15.38 4.6909830078482635
    endloop
  endfacet
  facet normal 0 -1 0
    outer loop
      vertex -23.66295824199915 -15.38 3.9347524151206024
      vertex -20.887785248458385 -15.38 4.6909830078482635
      vertex -21.00710678100586 -15.38 4.792893218994141
    endloop
  endfacet
  facet normal 0 -1 0
    outer loop
      vertex -23.66295824199915 -15.38 3.9347524151206024
      vertex -20.609016992151737 -15.38 4.548943485319615
      vertex -20.75399049371481 -15.38 4.608993481099606
    endloop
  endfacet
  facet normal 0 -1 0
    outer loop
      vertex -23.66295824199915 -15.38 3.9347524151206024
      vertex -20.456434458494186 -15.38 4.5123116627335556
      vertex -20.609016992151737 -15.38 4.548943485319615
    endloop
  endfacet
  facet normal 0 -1 0
    outer loop
      vertex -23.66295824199915 -15.38 3.9347524151206024
      vertex -21.00710678100586 -15.38 4.792893218994141
      vertex -21.109016992151737 -15.38 4.912214751541615
    endloop
  endfacet
  facet normal 0 -1 0
    outer loop
      vertex -23.765527352690697 -15.38 4.3619834959507
      vertex -21.191006518900394 -15.38 5.046009506285191
      vertex -21.251056514680386 -15.38 5.1909830078482635
    endloop
  endfacet
  facet normal 0 -1 0
    outer loop
      vertex -23.765527352690697 -15.38 4.3619834959507
      vertex -21.251056514680386 -15.38 5.1909830078482635
      vertex -21.287688337266445 -15.38 5.343565541505814
    endloop
  endfacet
  facet normal 0 -1 0
    outer loop
      vertex -23.66295824199915 -15.38 3.9347524151206024
      vertex -20.299999997019768 -15.38 4.500000002980233
      vertex -20.456434458494186 -15.38 4.5123116627335556
    endloop
  endfacet
  facet normal 0 -1 0
    outer loop
      vertex -23.799999997019768 -15.38 4.800000000000001
      vertex -21.287688337266445 -15.38 5.343565541505814
      vertex -21.299999997019768 -15.38 5.500000002980233
    endloop
  endfacet
  facet normal 0 0 -1
    outer loop
      vertex -21 -15.38 2.000000002980233
      vertex -18.5 -13.2 2.000000002980233
      vertex -12.5 -13.2 2.000000002980233
    endloop
  endfacet
  facet normal -1 0 0
    outer loop
      vertex -23.799999997019768 -1.5 4.800000000000001
      vertex -23.799999997019768 -15.38 4.800000000000001
      vertex -23.799999997019768 -15.38 22.8
    endloop
  endfacet
  facet normal 0 -1 0
    outer loop
      vertex -23.799999997019768 -15.38 4.800000000000001
      vertex -21.299999997019768 -15.38 5.500000002980233
      vertex -23.799999997019768 -15.38 22.8
    endloop
  endfacet
  facet normal 0 0 -1
    outer loop
      vertex 21 -15.38 2.000000002980233
      vertex -12.5 -13.2 2.000000002980233
      vertex -12.5 -4.6 2.000000002980233
    endloop
  endfacet
  facet normal 0 -1 0
    outer loop
      vertex -23.265247583389282 -15.38 3.154201294481755
      vertex -22.979898989200592 -15.38 2.8201010107994087
      vertex 23.66295824199915 -15.38 3.9347524151206024
    endloop
  endfacet
  facet normal 0 -1 0
    outer loop
      vertex -21.4380165040493 -15.38 2.034472647309304
      vertex -21 -15.38 2.000000002980233
      vertex 22.271173402667046 -15.38 2.3051817297935493
    endloop
  endfacet
  facet normal 0 -1 0
    outer loop
      vertex -21.8652475848794 -15.38 2.1370417580008514
      vertex -21.4380165040493 -15.38 2.034472647309304
      vertex 22.645798705518246 -15.38 2.5347524166107185
    endloop
  endfacet
  facet normal 0 -1 0
    outer loop
      vertex -22.271173402667046 -15.38 2.3051817297935493
      vertex -21.8652475848794 -15.38 2.1370417580008514
      vertex 22.979898989200592 -15.38 2.8201010107994087
    endloop
  endfacet
  facet normal 0 -1 0
    outer loop
      vertex -22.645798705518246 -15.38 2.5347524166107185
      vertex -22.271173402667046 -15.38 2.3051817297935493
      vertex 23.265247583389282 -15.38 3.154201294481755
    endloop
  endfacet
  facet normal 0 -1 0
    outer loop
      vertex -22.645798705518246 -15.38 2.5347524166107185
      vertex 23.49481827020645 -15.38 3.528826597332955
      vertex -22.979898989200592 -15.38 2.8201010107994087
    endloop
  endfacet
  facet normal 0 -1 0
    outer loop
      vertex -23.49481827020645 -15.38 3.528826597332955
      vertex 20.299999997019768 -15.38 4.500000002980233
      vertex -23.66295824199915 -15.38 3.9347524151206024
    endloop
  endfacet
  facet normal 0 -1 0
    outer loop
      vertex -23.265247583389282 -15.38 3.154201294481755
      vertex 23.765527352690697 -15.38 4.3619834959507
      vertex -23.49481827020645 -15.38 3.528826597332955
    endloop
  endfacet
  facet normal 0 -1 0
    outer loop
      vertex -23.66295824199915 -15.38 3.9347524151206024
      vertex 20.299999997019768 -15.38 4.500000002980233
      vertex -20.299999997019768 -15.38 4.500000002980233
    endloop
  endfacet
  facet normal 0 0 -1
    outer loop
      vertex -21 -15.38 2.000000002980233
      vertex -12.5 -13.2 2.000000002980233
      vertex 21 -15.38 2.000000002980233
    endloop
  endfacet
  facet normal 0 1 0
    outer loop
      vertex -20.799999997019768 -1.5 6.000000002980233
      vertex -23.799999997019768 -1.5 22.8
      vertex -20.799999997019768 -1.5 21.59999999701977
    endloop
  endfacet
  facet normal -1 0 0
    outer loop
      vertex -23.799999997019768 -1.5 4.800000000000001
      vertex -23.799999997019768 -15.38 22.8
      vertex -23.799999997019768 -1.5 22.8
    endloop
  endfacet
  facet normal 0 1 0
    outer loop
      vertex -20.799999997019768 -1.5 21.59999999701977
      vertex -23.799999997019768 -1.5 22.8
      vertex -20.787688337266445 -1.5 21.756434458494187
    endloop
  endfacet
  facet normal 0 1 0
    outer loop
      vertex -20.787688337266445 -1.5 21.756434458494187
      vertex -23.799999997019768 -1.5 22.8
      vertex -20.751056514680386 -1.5 21.909016992151738
    endloop
  endfacet
  facet normal 0 1 0
    outer loop
      vertex -20.751056514680386 -1.5 21.909016992151738
      vertex -23.799999997019768 -1.5 22.8
      vertex -20.691006518900394 -1.5 22.05399049371481
    endloop
  endfacet
  facet normal 0 1 0
    outer loop
      vertex -20.691006518900394 -1.5 22.05399049371481
      vertex -23.799999997019768 -1.5 22.8
      vertex -20.609016992151737 -1.5 22.187785248458386
    endloop
  endfacet
  facet normal 0 1 0
    outer loop
      vertex -20.609016992151737 -1.5 22.187785248458386
      vertex -23.799999997019768 -1.5 22.8
      vertex -20.50710678100586 -1.5 22.30710678100586
    endloop
  endfacet
  facet normal 0 1 0
    outer loop
      vertex -20.50710678100586 -1.5 22.30710678100586
      vertex -23.799999997019768 -1.5 22.8
      vertex -20.387785248458385 -1.5 22.409016992151738
    endloop
  endfacet
  facet normal 0 1 0
    outer loop
      vertex -20.387785248458385 -1.5 22.409016992151738
      vertex -23.799999997019768 -1.5 22.8
      vertex -20.25399049371481 -1.5 22.491006518900395
    endloop
  endfacet
  facet normal 0 1 0
    outer loop
      vertex -20.25399049371481 -1.5 22.491006518900395
      vertex -23.799999997019768 -1.5 22.8
      vertex -20.109016992151737 -1.5 22.551056514680386
    endloop
  endfacet
  facet normal 0 1 0
    outer loop
      vertex -20.109016992151737 -1.5 22.551056514680386
      vertex -23.799999997019768 -1.5 22.8
      vertex -19.956434458494186 -1.5 22.587688337266446
    endloop
  endfacet
  facet normal 0 1 0
    outer loop
      vertex -19.956434458494186 -1.5 22.587688337266446
      vertex -23.799999997019768 -1.5 22.8
      vertex -19.799999997019768 -1.5 22.59999999701977
    endloop
  endfacet
  facet normal 0 1 0
    outer loop
      vertex -21.8652475848794 -1.5 25.46295824199915
      vertex -21.4380165040493 -1.5 25.565527352690697
      vertex -21 -1.5 25.59999999701977
    endloop
  endfacet
  facet normal -0.9969173341171124 0 0.07845909084886164
    outer loop
      vertex -23.799999997019768 -1.5 22.8
      vertex -23.765527352690697 -15.38 23.238016504049302
      vertex -23.765527352690697 -1.5 23.238016504049302
    endloop
  endfacet
  facet normal -0.972369918865641 0 0.23344537023729298
    outer loop
      vertex -23.765527352690697 -1.5 23.238016504049302
      vertex -23.66295824199915 -15.38 23.6652475848794
      vertex -23.66295824199915 -1.5 23.6652475848794
    endloop
  endfacet
  facet normal -0.9238795383471022 0 0.38268341827618463
    outer loop
      vertex -23.66295824199915 -1.5 23.6652475848794
      vertex -23.49481827020645 -15.38 24.071173402667046
      vertex -23.49481827020645 -1.5 24.071173402667046
    endloop
  endfacet
  facet normal -0.8526401582979365 0 0.5224985745986968
    outer loop
      vertex -23.49481827020645 -1.5 24.071173402667046
      vertex -23.265247583389282 -15.38 24.445798705518246
      vertex -23.265247583389282 -1.5 24.445798705518246
    endloop
  endfacet
  facet normal -0.7604059713461169 0 0.6494480416023813
    outer loop
      vertex -23.265247583389282 -1.5 24.445798705518246
      vertex -22.979898989200592 -15.38 24.779898989200593
      vertex -22.979898989200592 -1.5 24.779898989200593
    endloop
  endfacet
  facet normal -0.6494480416023813 0 0.7604059713461169
    outer loop
      vertex -22.979898989200592 -1.5 24.779898989200593
      vertex -22.645798705518246 -15.38 25.065247583389283
      vertex -22.645798705518246 -1.5 25.065247583389283
    endloop
  endfacet
  facet normal -0.5224985745986968 0 0.8526401582979365
    outer loop
      vertex -22.645798705518246 -1.5 25.065247583389283
      vertex -22.271173402667046 -15.38 25.294818270206452
      vertex -22.271173402667046 -1.5 25.294818270206452
    endloop
  endfacet
  facet normal -0.38268341827618463 0 0.9238795383471022
    outer loop
      vertex -22.271173402667046 -1.5 25.294818270206452
      vertex -21.8652475848794 -15.38 25.46295824199915
      vertex -21.8652475848794 -1.5 25.46295824199915
    endloop
  endfacet
  facet normal -0.23344537023729298 0 0.972369918865641
    outer loop
      vertex -21.8652475848794 -1.5 25.46295824199915
      vertex -21.4380165040493 -15.38 25.565527352690697
      vertex -21.4380165040493 -1.5 25.565527352690697
    endloop
  endfacet
  facet normal -0.07845909084886164 0 0.9969173341171124
    outer loop
      vertex -21.4380165040493 -1.5 25.565527352690697
      vertex -21 -15.38 25.59999999701977
      vertex -21 -1.5 25.59999999701977
    endloop
  endfacet
  facet normal 0 0 1
    outer loop
      vertex -21 -1.5 25.59999999701977
      vertex -21 -15.38 25.59999999701977
      vertex -5.5 -4.6 25.59999999701977
    endloop
  endfacet
  facet normal 0 1 0
    outer loop
      vertex -19.799999997019768 -1.5 22.59999999701977
      vertex -23.799999997019768 -1.5 22.8
      vertex 19.799999997019768 -1.5 22.59999999701977
    endloop
  endfacet
  facet normal 0 1 0
    outer loop
      vertex -23.799999997019768 -1.5 22.8
      vertex -23.765527352690697 -1.5 23.238016504049302
      vertex 23.49481827020645 -1.5 24.071173402667046
    endloop
  endfacet
  facet normal 0 1 0
    outer loop
      vertex -23.765527352690697 -1.5 23.238016504049302
      vertex -23.66295824199915 -1.5 23.6652475848794
      vertex 23.265247583389282 -1.5 24.445798705518246
    endloop
  endfacet
  facet normal 0 1 0
    outer loop
      vertex -23.66295824199915 -1.5 23.6652475848794
      vertex -23.49481827020645 -1.5 24.071173402667046
      vertex 22.979898989200592 -1.5 24.779898989200593
    endloop
  endfacet
  facet normal 0 1 0
    outer loop
      vertex -23.49481827020645 -1.5 24.071173402667046
      vertex -23.265247583389282 -1.5 24.445798705518246
      vertex 22.645798705518246 -1.5 25.065247583389283
    endloop
  endfacet
  facet normal 0 1 0
    outer loop
      vertex -23.265247583389282 -1.5 24.445798705518246
      vertex -22.979898989200592 -1.5 24.779898989200593
      vertex 22.271173402667046 -1.5 25.294818270206452
    endloop
  endfacet
  facet normal 0 1 0
    outer loop
      vertex -22.979898989200592 -1.5 24.779898989200593
      vertex -22.645798705518246 -1.5 25.065247583389283
      vertex 21.8652475848794 -1.5 25.46295824199915
    endloop
  endfacet
  facet normal 0 1 0
    outer loop
      vertex -22.645798705518246 -1.5 25.065247583389283
      vertex -22.271173402667046 -1.5 25.294818270206452
      vertex 21.4380165040493 -1.5 25.565527352690697
    endloop
  endfacet
  facet normal 0 1 0
    outer loop
      vertex -22.271173402667046 -1.5 25.294818270206452
      vertex -21.8652475848794 -1.5 25.46295824199915
      vertex 21 -1.5 25.59999999701977
    endloop
  endfacet
  facet normal 0 1 0
    outer loop
      vertex -21.8652475848794 -1.5 25.46295824199915
      vertex -21 -1.5 25.59999999701977
      vertex 21 -1.5 25.59999999701977
    endloop
  endfacet
  facet normal 0 0 1
    outer loop
      vertex -21 -1.5 25.59999999701977
      vertex -5.5 -4.6 25.59999999701977
      vertex 21 -1.5 25.59999999701977
    endloop
  endfacet
  facet normal 0 -1 0
    outer loop
      vertex -21.299999997019768 -15.38 5.500000002980233
      vertex -21.299999997019768 -15.38 22.09999999701977
      vertex -23.799999997019768 -15.38 22.8
    endloop
  endfacet
  facet normal -0.9969173341171124 0 0.07845909084886164
    outer loop
      vertex -23.799999997019768 -1.5 22.8
      vertex -23.799999997019768 -15.38 22.8
      vertex -23.765527352690697 -15.38 23.238016504049302
    endloop
  endfacet
  facet normal -0.972369918865641 0 0.23344537023729298
    outer loop
      vertex -23.765527352690697 -1.5 23.238016504049302
      vertex -23.765527352690697 -15.38 23.238016504049302
      vertex -23.66295824199915 -15.38 23.6652475848794
    endloop
  endfacet
  facet normal -0.9238795383471022 0 0.38268341827618463
    outer loop
      vertex -23.66295824199915 -1.5 23.6652475848794
      vertex -23.66295824199915 -15.38 23.6652475848794
      vertex -23.49481827020645 -15.38 24.071173402667046
    endloop
  endfacet
  facet normal -0.8526401582979365 0 0.5224985745986968
    outer loop
      vertex -23.49481827020645 -1.5 24.071173402667046
      vertex -23.49481827020645 -15.38 24.071173402667046
      vertex -23.265247583389282 -15.38 24.445798705518246
    endloop
  endfacet
  facet normal -0.7604059713461169 0 0.6494480416023813
    outer loop
      vertex -23.265247583389282 -1.5 24.445798705518246
      vertex -23.265247583389282 -15.38 24.445798705518246
      vertex -22.979898989200592 -15.38 24.779898989200593
    endloop
  endfacet
  facet normal -0.6494480416023813 0 0.7604059713461169
    outer loop
      vertex -22.979898989200592 -1.5 24.779898989200593
      vertex -22.979898989200592 -15.38 24.779898989200593
      vertex -22.645798705518246 -15.38 25.065247583389283
    endloop
  endfacet
  facet normal -0.5224985745986968 0 0.8526401582979365
    outer loop
      vertex -22.645798705518246 -1.5 25.065247583389283
      vertex -22.645798705518246 -15.38 25.065247583389283
      vertex -22.271173402667046 -15.38 25.294818270206452
    endloop
  endfacet
  facet normal -0.38268341827618463 0 0.9238795383471022
    outer loop
      vertex -22.271173402667046 -1.5 25.294818270206452
      vertex -22.271173402667046 -15.38 25.294818270206452
      vertex -21.8652475848794 -15.38 25.46295824199915
    endloop
  endfacet
  facet normal -0.23344537023729298 0 0.972369918865641
    outer loop
      vertex -21.8652475848794 -1.5 25.46295824199915
      vertex -21.8652475848794 -15.38 25.46295824199915
      vertex -21.4380165040493 -15.38 25.565527352690697
    endloop
  endfacet
  facet normal -0.07845909084886164 0 0.9969173341171124
    outer loop
      vertex -21.4380165040493 -1.5 25.565527352690697
      vertex -21.4380165040493 -15.38 25.565527352690697
      vertex -21 -15.38 25.59999999701977
    endloop
  endfacet
  facet normal 0 -1 0
    outer loop
      vertex -21.299999997019768 -15.38 22.09999999701977
      vertex -21.287688337266445 -15.38 22.256434458494187
      vertex -23.799999997019768 -15.38 22.8
    endloop
  endfacet
  facet normal 0 -1 0
    outer loop
      vertex -23.799999997019768 -15.38 22.8
      vertex -21.00710678100586 -15.38 22.80710678100586
      vertex -23.765527352690697 -15.38 23.238016504049302
    endloop
  endfacet
  facet normal 0 -1 0
    outer loop
      vertex -21.287688337266445 -15.38 22.256434458494187
      vertex -21.251056514680386 -15.38 22.409016992151738
      vertex -23.799999997019768 -15.38 22.8
    endloop
  endfacet
  facet normal 0 -1 0
    outer loop
      vertex -21.251056514680386 -15.38 22.409016992151738
      vertex -21.191006518900394 -15.38 22.55399049371481
      vertex -23.799999997019768 -15.38 22.8
    endloop
  endfacet
  facet normal 0 -1 0
    outer loop
      vertex -21.191006518900394 -15.38 22.55399049371481
      vertex -21.109016992151737 -15.38 22.687785248458386
      vertex -23.799999997019768 -15.38 22.8
    endloop
  endfacet
  facet normal 0 -1 0
    outer loop
      vertex -23.799999997019768 -15.38 22.8
      vertex -21.109016992151737 -15.38 22.687785248458386
      vertex -21.00710678100586 -15.38 22.80710678100586
    endloop
  endfacet
  facet normal 0 -1 0
    outer loop
      vertex -23.765527352690697 -15.38 23.238016504049302
      vertex -21.00710678100586 -15.38 22.80710678100586
      vertex -20.887785248458385 -15.38 22.909016992151738
    endloop
  endfacet
  facet normal 0 -1 0
    outer loop
      vertex -23.765527352690697 -15.38 23.238016504049302
      vertex -20.887785248458385 -15.38 22.909016992151738
      vertex -20.75399049371481 -15.38 22.991006518900395
    endloop
  endfacet
  facet normal 0 -1 0
    outer loop
      vertex -23.765527352690697 -15.38 23.238016504049302
      vertex -20.75399049371481 -15.38 22.991006518900395
      vertex -20.609016992151737 -15.38 23.051056514680386
    endloop
  endfacet
  facet normal 0 -1 0
    outer loop
      vertex -23.765527352690697 -15.38 23.238016504049302
      vertex -20.609016992151737 -15.38 23.051056514680386
      vertex -20.456434458494186 -15.38 23.087688337266446
    endloop
  endfacet
  facet normal 0 -1 0
    outer loop
      vertex -23.765527352690697 -15.38 23.238016504049302
      vertex -20.456434458494186 -15.38 23.087688337266446
      vertex -20.299999997019768 -15.38 23.09999999701977
    endloop
  endfacet
  facet normal 0 -1 0
    outer loop
      vertex -21.8652475848794 -15.38 25.46295824199915
      vertex -21 -15.38 25.59999999701977
      vertex -21.4380165040493 -15.38 25.565527352690697
    endloop
  endfacet
  facet normal 0 0 1
    outer loop
      vertex -21 -15.38 25.59999999701977
      vertex -5.5 -13.2 25.59999999701977
      vertex -5.5 -4.6 25.59999999701977
    endloop
  endfacet
  facet normal 0 -1 0
    outer loop
      vertex -23.765527352690697 -15.38 23.238016504049302
      vertex 23.265247583389282 -15.38 24.445798705518246
      vertex -23.66295824199915 -15.38 23.6652475848794
    endloop
  endfacet
  facet normal 0 -1 0
    outer loop
      vertex -23.765527352690697 -15.38 23.238016504049302
      vertex -20.299999997019768 -15.38 23.09999999701977
      vertex 23.49481827020645 -15.38 24.071173402667046
    endloop
  endfacet
  facet normal 0 0 1
    outer loop
      vertex -21 -15.38 25.59999999701977
      vertex 5.5 -13.2 25.59999999701977
      vertex -5.5 -13.2 25.59999999701977
    endloop
  endfacet
  facet normal 0 -1 0
    outer loop
      vertex -23.66295824199915 -15.38 23.6652475848794
      vertex 22.979898989200592 -15.38 24.779898989200593
      vertex -23.49481827020645 -15.38 24.071173402667046
    endloop
  endfacet
  facet normal 0 -1 0
    outer loop
      vertex -23.49481827020645 -15.38 24.071173402667046
      vertex 22.645798705518246 -15.38 25.065247583389283
      vertex -23.265247583389282 -15.38 24.445798705518246
    endloop
  endfacet
  facet normal 0 -1 0
    outer loop
      vertex -23.265247583389282 -15.38 24.445798705518246
      vertex 22.271173402667046 -15.38 25.294818270206452
      vertex -22.979898989200592 -15.38 24.779898989200593
    endloop
  endfacet
  facet normal 0 -1 0
    outer loop
      vertex -22.979898989200592 -15.38 24.779898989200593
      vertex 21.8652475848794 -15.38 25.46295824199915
      vertex -22.645798705518246 -15.38 25.065247583389283
    endloop
  endfacet
  facet normal 0 -1 0
    outer loop
      vertex -22.645798705518246 -15.38 25.065247583389283
      vertex 21.4380165040493 -15.38 25.565527352690697
      vertex -22.271173402667046 -15.38 25.294818270206452
    endloop
  endfacet
  facet normal 0 -1 0
    outer loop
      vertex -22.271173402667046 -15.38 25.294818270206452
      vertex 21 -15.38 25.59999999701977
      vertex -21.8652475848794 -15.38 25.46295824199915
    endloop
  endfacet
  facet normal 0 -1 0
    outer loop
      vertex -21.8652475848794 -15.38 25.46295824199915
      vertex 21 -15.38 25.59999999701977
      vertex -21 -15.38 25.59999999701977
    endloop
  endfacet
  facet normal 0 1 0
    outer loop
      vertex -21 -1.5 2.000000002980233
      vertex 21.8652475848794 -1.5 2.1370417580008514
      vertex 21 -1.5 2.000000002980233
    endloop
  endfacet
  facet normal 0 1 0
    outer loop
      vertex -21 -1.5 2.000000002980233
      vertex 22.271173402667046 -1.5 2.3051817297935493
      vertex 21.8652475848794 -1.5 2.1370417580008514
    endloop
  endfacet
  facet normal 0 1 0
    outer loop
      vertex -21.4380165040493 -1.5 2.034472647309304
      vertex 22.645798705518246 -1.5 2.5347524166107185
      vertex 22.271173402667046 -1.5 2.3051817297935493
    endloop
  endfacet
  facet normal 0 1 0
    outer loop
      vertex -21.8652475848794 -1.5 2.1370417580008514
      vertex 22.979898989200592 -1.5 2.8201010107994087
      vertex 22.645798705518246 -1.5 2.5347524166107185
    endloop
  endfacet
  facet normal 0 1 0
    outer loop
      vertex -22.271173402667046 -1.5 2.3051817297935493
      vertex 23.265247583389282 -1.5 3.154201294481755
      vertex 22.979898989200592 -1.5 2.8201010107994087
    endloop
  endfacet
  facet normal 0 1 0
    outer loop
      vertex -22.645798705518246 -1.5 2.5347524166107185
      vertex 23.49481827020645 -1.5 3.528826597332955
      vertex 23.265247583389282 -1.5 3.154201294481755
    endloop
  endfacet
  facet normal 0 1 0
    outer loop
      vertex -22.979898989200592 -1.5 2.8201010107994087
      vertex 23.66295824199915 -1.5 3.9347524151206024
      vertex 23.49481827020645 -1.5 3.528826597332955
    endloop
  endfacet
  facet normal 0 1 0
    outer loop
      vertex -23.265247583389282 -1.5 3.154201294481755
      vertex 23.765527352690697 -1.5 4.3619834959507
      vertex 23.66295824199915 -1.5 3.9347524151206024
    endloop
  endfacet
  facet normal 0 1 0
    outer loop
      vertex -23.49481827020645 -1.5 3.528826597332955
      vertex 23.799999997019768 -1.5 4.800000000000001
      vertex 23.765527352690697 -1.5 4.3619834959507
    endloop
  endfacet
  facet normal 0 1 0
    outer loop
      vertex -19.799999997019768 -1.5 5.000000002980233
      vertex 19.799999997019768 -1.5 5.000000002980233
      vertex 23.799999997019768 -1.5 4.800000000000001
    endloop
  endfacet
  facet normal 0 0 -1
    outer loop
      vertex 21 -1.5 2.000000002980233
      vertex 21 -15.38 2.000000002980233
      vertex -12.5 -4.6 2.000000002980233
    endloop
  endfacet
  facet normal 0 1 0
    outer loop
      vertex 21 -1.5 2.000000002980233
      vertex 21.8652475848794 -1.5 2.1370417580008514
      vertex 21.4380165040493 -1.5 2.034472647309304
    endloop
  endfacet
  facet normal 0 1 0
    outer loop
      vertex 23.799999997019768 -1.5 4.800000000000001
      vertex 19.799999997019768 -1.5 5.000000002980233
      vertex 19.956434458494186 -1.5 5.0123116627335556
    endloop
  endfacet
  facet normal 0 1 0
    outer loop
      vertex 23.799999997019768 -1.5 4.800000000000001
      vertex 19.956434458494186 -1.5 5.0123116627335556
      vertex 20.109016992151737 -1.5 5.048943485319615
    endloop
  endfacet
  facet normal 0 1 0
    outer loop
      vertex 23.799999997019768 -1.5 4.800000000000001
      vertex 20.109016992151737 -1.5 5.048943485319615
      vertex 20.25399049371481 -1.5 5.108993481099606
    endloop
  endfacet
  facet normal 0 1 0
    outer loop
      vertex 23.799999997019768 -1.5 4.800000000000001
      vertex 20.25399049371481 -1.5 5.108993481099606
      vertex 20.387785248458385 -1.5 5.1909830078482635
    endloop
  endfacet
  facet normal 0 1 0
    outer loop
      vertex 23.799999997019768 -1.5 4.800000000000001
      vertex 20.387785248458385 -1.5 5.1909830078482635
      vertex 20.50710678100586 -1.5 5.292893218994141
    endloop
  endfacet
  facet normal 0 1 0
    outer loop
      vertex 23.799999997019768 -1.5 4.800000000000001
      vertex 20.50710678100586 -1.5 5.292893218994141
      vertex 20.609016992151737 -1.5 5.412214751541615
    endloop
  endfacet
  facet normal 0 1 0
    outer loop
      vertex 23.799999997019768 -1.5 4.800000000000001
      vertex 20.609016992151737 -1.5 5.412214751541615
      vertex 20.691006518900394 -1.5 5.546009506285191
    endloop
  endfacet
  facet normal 0 1 0
    outer loop
      vertex 23.799999997019768 -1.5 4.800000000000001
      vertex 20.691006518900394 -1.5 5.546009506285191
      vertex 20.751056514680386 -1.5 5.6909830078482635
    endloop
  endfacet
  facet normal 0 1 0
    outer loop
      vertex 23.799999997019768 -1.5 4.800000000000001
      vertex 20.751056514680386 -1.5 5.6909830078482635
      vertex 20.787688337266445 -1.5 5.843565541505814
    endloop
  endfacet
  facet normal 0 1 0
    outer loop
      vertex 23.799999997019768 -1.5 4.800000000000001
      vertex 20.787688337266445 -1.5 5.843565541505814
      vertex 20.799999997019768 -1.5 6.000000002980233
    endloop
  endfacet
  facet normal 0.07845909084886164 0 -0.9969173341171124
    outer loop
      vertex 21 -1.5 2.000000002980233
      vertex 21.4380165040493 -1.5 2.034472647309304
      vertex 21 -15.38 2.000000002980233
    endloop
  endfacet
  facet normal 0.23344537023729298 0 -0.972369918865641
    outer loop
      vertex 21.4380165040493 -1.5 2.034472647309304
      vertex 21.8652475848794 -1.5 2.1370417580008514
      vertex 21.4380165040493 -15.38 2.034472647309304
    endloop
  endfacet
  facet normal 0.38268341827618463 0 -0.9238795383471022
    outer loop
      vertex 21.8652475848794 -1.5 2.1370417580008514
      vertex 22.271173402667046 -1.5 2.3051817297935493
      vertex 21.8652475848794 -15.38 2.1370417580008514
    endloop
  endfacet
  facet normal 0.5224985745986968 0 -0.8526401582979365
    outer loop
      vertex 22.271173402667046 -1.5 2.3051817297935493
      vertex 22.645798705518246 -1.5 2.5347524166107185
      vertex 22.271173402667046 -15.38 2.3051817297935493
    endloop
  endfacet
  facet normal 0.6494480416023813 0 -0.7604059713461169
    outer loop
      vertex 22.645798705518246 -1.5 2.5347524166107185
      vertex 22.979898989200592 -1.5 2.8201010107994087
      vertex 22.645798705518246 -15.38 2.5347524166107185
    endloop
  endfacet
  facet normal 0.7604059713461169 0 -0.6494480416023813
    outer loop
      vertex 22.979898989200592 -1.5 2.8201010107994087
      vertex 23.265247583389282 -1.5 3.154201294481755
      vertex 22.979898989200592 -15.38 2.8201010107994087
    endloop
  endfacet
  facet normal 0.8526401582979365 0 -0.5224985745986968
    outer loop
      vertex 23.265247583389282 -1.5 3.154201294481755
      vertex 23.49481827020645 -1.5 3.528826597332955
      vertex 23.265247583389282 -15.38 3.154201294481755
    endloop
  endfacet
  facet normal 0.9238795383471022 0 -0.38268341827618463
    outer loop
      vertex 23.49481827020645 -1.5 3.528826597332955
      vertex 23.66295824199915 -1.5 3.9347524151206024
      vertex 23.49481827020645 -15.38 3.528826597332955
    endloop
  endfacet
  facet normal 0.972369918865641 0 -0.23344537023729298
    outer loop
      vertex 23.66295824199915 -1.5 3.9347524151206024
      vertex 23.765527352690697 -1.5 4.3619834959507
      vertex 23.66295824199915 -15.38 3.9347524151206024
    endloop
  endfacet
  facet normal 0.9969173341171124 0 -0.07845909084886164
    outer loop
      vertex 23.765527352690697 -1.5 4.3619834959507
      vertex 23.799999997019768 -1.5 4.800000000000001
      vertex 23.765527352690697 -15.38 4.3619834959507
    endloop
  endfacet
  facet normal 0 1 0
    outer loop
      vertex 23.799999997019768 -1.5 4.800000000000001
      vertex 20.799999997019768 -1.5 6.000000002980233
      vertex 20.799999997019768 -1.5 21.59999999701977
    endloop
  endfacet
  facet normal 1 0 0
    outer loop
      vertex 23.799999997019768 -1.5 4.800000000000001
      vertex 23.799999997019768 -1.5 22.8
      vertex 23.799999997019768 -15.38 4.800000000000001
    endloop
  endfacet
  facet normal 0 -1 0
    outer loop
      vertex -21 -15.38 2.000000002980233
      vertex 21 -15.38 2.000000002980233
      vertex 21.8652475848794 -15.38 2.1370417580008514
    endloop
  endfacet
  facet normal 0 -1 0
    outer loop
      vertex -21 -15.38 2.000000002980233
      vertex 21.8652475848794 -15.38 2.1370417580008514
      vertex 22.271173402667046 -15.38 2.3051817297935493
    endloop
  endfacet
  facet normal 0 -1 0
    outer loop
      vertex -21.4380165040493 -15.38 2.034472647309304
      vertex 22.271173402667046 -15.38 2.3051817297935493
      vertex 22.645798705518246 -15.38 2.5347524166107185
    endloop
  endfacet
  facet normal 0 -1 0
    outer loop
      vertex -21.8652475848794 -15.38 2.1370417580008514
      vertex 22.645798705518246 -15.38 2.5347524166107185
      vertex 22.979898989200592 -15.38 2.8201010107994087
    endloop
  endfacet
  facet normal 0 -1 0
    outer loop
      vertex -22.271173402667046 -15.38 2.3051817297935493
      vertex 22.979898989200592 -15.38 2.8201010107994087
      vertex 23.265247583389282 -15.38 3.154201294481755
    endloop
  endfacet
  facet normal 0 -1 0
    outer loop
      vertex -22.645798705518246 -15.38 2.5347524166107185
      vertex 23.265247583389282 -15.38 3.154201294481755
      vertex 23.49481827020645 -15.38 3.528826597332955
    endloop
  endfacet
  facet normal 0 -1 0
    outer loop
      vertex -22.979898989200592 -15.38 2.8201010107994087
      vertex 23.49481827020645 -15.38 3.528826597332955
      vertex 23.66295824199915 -15.38 3.9347524151206024
    endloop
  endfacet
  facet normal 0 -1 0
    outer loop
      vertex -23.49481827020645 -15.38 3.528826597332955
      vertex 23.765527352690697 -15.38 4.3619834959507
      vertex 20.299999997019768 -15.38 4.500000002980233
    endloop
  endfacet
  facet normal 0 -1 0
    outer loop
      vertex -23.265247583389282 -15.38 3.154201294481755
      vertex 23.66295824199915 -15.38 3.9347524151206024
      vertex 23.765527352690697 -15.38 4.3619834959507
    endloop
  endfacet
  facet normal 0.07845909084886164 0 -0.9969173341171124
    outer loop
      vertex 21.4380165040493 -1.5 2.034472647309304
      vertex 21.4380165040493 -15.38 2.034472647309304
      vertex 21 -15.38 2.000000002980233
    endloop
  endfacet
  facet normal 0.23344537023729298 0 -0.972369918865641
    outer loop
      vertex 21.8652475848794 -1.5 2.1370417580008514
      vertex 21.8652475848794 -15.38 2.1370417580008514
      vertex 21.4380165040493 -15.38 2.034472647309304
    endloop
  endfacet
  facet normal 0.38268341827618463 0 -0.9238795383471022
    outer loop
      vertex 22.271173402667046 -1.5 2.3051817297935493
      vertex 22.271173402667046 -15.38 2.3051817297935493
      vertex 21.8652475848794 -15.38 2.1370417580008514
    endloop
  endfacet
  facet normal 0.5224985745986968 0 -0.8526401582979365
    outer loop
      vertex 22.645798705518246 -1.5 2.5347524166107185
      vertex 22.645798705518246 -15.38 2.5347524166107185
      vertex 22.271173402667046 -15.38 2.3051817297935493
    endloop
  endfacet
  facet normal 0.6494480416023813 0 -0.7604059713461169
    outer loop
      vertex 22.979898989200592 -1.5 2.8201010107994087
      vertex 22.979898989200592 -15.38 2.8201010107994087
      vertex 22.645798705518246 -15.38 2.5347524166107185
    endloop
  endfacet
  facet normal 0.7604059713461169 0 -0.6494480416023813
    outer loop
      vertex 23.265247583389282 -1.5 3.154201294481755
      vertex 23.265247583389282 -15.38 3.154201294481755
      vertex 22.979898989200592 -15.38 2.8201010107994087
    endloop
  endfacet
  facet normal 0.8526401582979365 0 -0.5224985745986968
    outer loop
      vertex 23.49481827020645 -1.5 3.528826597332955
      vertex 23.49481827020645 -15.38 3.528826597332955
      vertex 23.265247583389282 -15.38 3.154201294481755
    endloop
  endfacet
  facet normal 0.9238795383471022 0 -0.38268341827618463
    outer loop
      vertex 23.66295824199915 -1.5 3.9347524151206024
      vertex 23.66295824199915 -15.38 3.9347524151206024
      vertex 23.49481827020645 -15.38 3.528826597332955
    endloop
  endfacet
  facet normal 0.972369918865641 0 -0.23344537023729298
    outer loop
      vertex 23.765527352690697 -1.5 4.3619834959507
      vertex 23.765527352690697 -15.38 4.3619834959507
      vertex 23.66295824199915 -15.38 3.9347524151206024
    endloop
  endfacet
  facet normal 0.9969173341171124 0 -0.07845909084886164
    outer loop
      vertex 23.799999997019768 -1.5 4.800000000000001
      vertex 23.799999997019768 -15.38 4.800000000000001
      vertex 23.765527352690697 -15.38 4.3619834959507
    endloop
  endfacet
  facet normal 0 -1 0
    outer loop
      vertex 21 -15.38 2.000000002980233
      vertex 21.4380165040493 -15.38 2.034472647309304
      vertex 21.8652475848794 -15.38 2.1370417580008514
    endloop
  endfacet
  facet normal 0 -1 0
    outer loop
      vertex 20.299999997019768 -15.38 4.500000002980233
      vertex 23.765527352690697 -15.38 4.3619834959507
      vertex 20.456434458494186 -15.38 4.5123116627335556
    endloop
  endfacet
  facet normal 0 -1 0
    outer loop
      vertex 20.456434458494186 -15.38 4.5123116627335556
      vertex 23.765527352690697 -15.38 4.3619834959507
      vertex 20.609016992151737 -15.38 4.548943485319615
    endloop
  endfacet
  facet normal 0 -1 0
    outer loop
      vertex 20.609016992151737 -15.38 4.548943485319615
      vertex 23.765527352690697 -15.38 4.3619834959507
      vertex 20.75399049371481 -15.38 4.608993481099606
    endloop
  endfacet
  facet normal 0 -1 0
    outer loop
      vertex 20.75399049371481 -15.38 4.608993481099606
      vertex 23.765527352690697 -15.38 4.3619834959507
      vertex 20.887785248458385 -15.38 4.6909830078482635
    endloop
  endfacet
  facet normal 0 -1 0
    outer loop
      vertex 20.887785248458385 -15.38 4.6909830078482635
      vertex 23.765527352690697 -15.38 4.3619834959507
      vertex 21.00710678100586 -15.38 4.792893218994141
    endloop
  endfacet
  facet normal 0 -1 0
    outer loop
      vertex 21.00710678100586 -15.38 4.792893218994141
      vertex 23.799999997019768 -15.38 4.800000000000001
      vertex 21.109016992151737 -15.38 4.912214751541615
    endloop
  endfacet
  facet normal 0 -1 0
    outer loop
      vertex 21.109016992151737 -15.38 4.912214751541615
      vertex 23.799999997019768 -15.38 4.800000000000001
      vertex 21.191006518900394 -15.38 5.046009506285191
    endloop
  endfacet
  facet normal 0 -1 0
    outer loop
      vertex 23.799999997019768 -15.38 4.800000000000001
      vertex 21.251056514680386 -15.38 5.1909830078482635
      vertex 21.191006518900394 -15.38 5.046009506285191
    endloop
  endfacet
  facet normal 0 -1 0
    outer loop
      vertex 23.799999997019768 -15.38 4.800000000000001
      vertex 21.287688337266445 -15.38 5.343565541505814
      vertex 21.251056514680386 -15.38 5.1909830078482635
    endloop
  endfacet
  facet normal 0 -1 0
    outer loop
      vertex 21.00710678100586 -15.38 4.792893218994141
      vertex 23.765527352690697 -15.38 4.3619834959507
      vertex 23.799999997019768 -15.38 4.800000000000001
    endloop
  endfacet
  facet normal 0 -1 0
    outer loop
      vertex 23.799999997019768 -15.38 4.800000000000001
      vertex 21.299999997019768 -15.38 5.500000002980233
      vertex 21.287688337266445 -15.38 5.343565541505814
    endloop
  endfacet
  facet normal 0 -1 0
    outer loop
      vertex 23.799999997019768 -15.38 4.800000000000001
      vertex 21.299999997019768 -15.38 22.09999999701977
      vertex 21.299999997019768 -15.38 5.500000002980233
    endloop
  endfacet
  facet normal 0 1 0
    outer loop
      vertex -23.799999997019768 -1.5 22.8
      vertex 23.66295824199915 -1.5 23.6652475848794
      vertex 19.799999997019768 -1.5 22.59999999701977
    endloop
  endfacet
  facet normal 0 1 0
    outer loop
      vertex -23.799999997019768 -1.5 22.8
      vertex 23.49481827020645 -1.5 24.071173402667046
      vertex 23.66295824199915 -1.5 23.6652475848794
    endloop
  endfacet
  facet normal 0 1 0
    outer loop
      vertex -23.765527352690697 -1.5 23.238016504049302
      vertex 23.265247583389282 -1.5 24.445798705518246
      vertex 23.49481827020645 -1.5 24.071173402667046
    endloop
  endfacet
  facet normal 0 1 0
    outer loop
      vertex -23.49481827020645 -1.5 24.071173402667046
      vertex 22.645798705518246 -1.5 25.065247583389283
      vertex 22.979898989200592 -1.5 24.779898989200593
    endloop
  endfacet
  facet normal 0 1 0
    outer loop
      vertex -23.265247583389282 -1.5 24.445798705518246
      vertex 22.271173402667046 -1.5 25.294818270206452
      vertex 22.645798705518246 -1.5 25.065247583389283
    endloop
  endfacet
  facet normal 0 1 0
    outer loop
      vertex -22.979898989200592 -1.5 24.779898989200593
      vertex 21.8652475848794 -1.5 25.46295824199915
      vertex 22.271173402667046 -1.5 25.294818270206452
    endloop
  endfacet
  facet normal 0 1 0
    outer loop
      vertex -22.645798705518246 -1.5 25.065247583389283
      vertex 21.4380165040493 -1.5 25.565527352690697
      vertex 21.8652475848794 -1.5 25.46295824199915
    endloop
  endfacet
  facet normal 0 1 0
    outer loop
      vertex -22.271173402667046 -1.5 25.294818270206452
      vertex 21 -1.5 25.59999999701977
      vertex 21.4380165040493 -1.5 25.565527352690697
    endloop
  endfacet
  facet normal 0 1 0
    outer loop
      vertex -23.66295824199915 -1.5 23.6652475848794
      vertex 22.979898989200592 -1.5 24.779898989200593
      vertex 23.265247583389282 -1.5 24.445798705518246
    endloop
  endfacet
  facet normal 0 0 1
    outer loop
      vertex 21 -1.5 25.59999999701977
      vertex -5.5 -4.6 25.59999999701977
      vertex 5.5 -4.6 25.59999999701977
    endloop
  endfacet
  facet normal 0 0 1
    outer loop
      vertex 21 -1.5 25.59999999701977
      vertex 5.5 -4.6 25.59999999701977
      vertex 5.5 -13.2 25.59999999701977
    endloop
  endfacet
  facet normal 0 1 0
    outer loop
      vertex 23.799999997019768 -1.5 4.800000000000001
      vertex 20.799999997019768 -1.5 21.59999999701977
      vertex 23.799999997019768 -1.5 22.8
    endloop
  endfacet
  facet normal 0 1 0
    outer loop
      vertex 20.799999997019768 -1.5 21.59999999701977
      vertex 20.787688337266445 -1.5 21.756434458494187
      vertex 23.799999997019768 -1.5 22.8
    endloop
  endfacet
  facet normal 0 1 0
    outer loop
      vertex 20.787688337266445 -1.5 21.756434458494187
      vertex 20.751056514680386 -1.5 21.909016992151738
      vertex 23.799999997019768 -1.5 22.8
    endloop
  endfacet
  facet normal 0 1 0
    outer loop
      vertex 20.751056514680386 -1.5 21.909016992151738
      vertex 20.691006518900394 -1.5 22.05399049371481
      vertex 23.765527352690697 -1.5 23.238016504049302
    endloop
  endfacet
  facet normal 0 1 0
    outer loop
      vertex 20.387785248458385 -1.5 22.409016992151738
      vertex 20.25399049371481 -1.5 22.491006518900395
      vertex 23.66295824199915 -1.5 23.6652475848794
    endloop
  endfacet
  facet normal 0 1 0
    outer loop
      vertex 20.387785248458385 -1.5 22.409016992151738
      vertex 23.66295824199915 -1.5 23.6652475848794
      vertex 20.50710678100586 -1.5 22.30710678100586
    endloop
  endfacet
  facet normal 0 1 0
    outer loop
      vertex 19.799999997019768 -1.5 22.59999999701977
      vertex 23.66295824199915 -1.5 23.6652475848794
      vertex 19.956434458494186 -1.5 22.587688337266446
    endloop
  endfacet
  facet normal 0 1 0
    outer loop
      vertex 19.956434458494186 -1.5 22.587688337266446
      vertex 23.66295824199915 -1.5 23.6652475848794
      vertex 20.109016992151737 -1.5 22.551056514680386
    endloop
  endfacet
  facet normal 0 1 0
    outer loop
      vertex 20.109016992151737 -1.5 22.551056514680386
      vertex 23.66295824199915 -1.5 23.6652475848794
      vertex 20.25399049371481 -1.5 22.491006518900395
    endloop
  endfacet
  facet normal 0 1 0
    outer loop
      vertex 20.691006518900394 -1.5 22.05399049371481
      vertex 20.609016992151737 -1.5 22.187785248458386
      vertex 23.765527352690697 -1.5 23.238016504049302
    endloop
  endfacet
  facet normal 0 1 0
    outer loop
      vertex 20.609016992151737 -1.5 22.187785248458386
      vertex 20.50710678100586 -1.5 22.30710678100586
      vertex 23.66295824199915 -1.5 23.6652475848794
    endloop
  endfacet
  facet normal 0 1 0
    outer loop
      vertex 20.751056514680386 -1.5 21.909016992151738
      vertex 23.765527352690697 -1.5 23.238016504049302
      vertex 23.799999997019768 -1.5 22.8
    endloop
  endfacet
  facet normal 0 1 0
    outer loop
      vertex 20.609016992151737 -1.5 22.187785248458386
      vertex 23.66295824199915 -1.5 23.6652475848794
      vertex 23.765527352690697 -1.5 23.238016504049302
    endloop
  endfacet
  facet normal 0.9969173341171124 0 0.07845909084886164
    outer loop
      vertex 23.799999997019768 -1.5 22.8
      vertex 23.765527352690697 -1.5 23.238016504049302
      vertex 23.799999997019768 -15.38 22.8
    endloop
  endfacet
  facet normal 0.972369918865641 0 0.23344537023729298
    outer loop
      vertex 23.765527352690697 -1.5 23.238016504049302
      vertex 23.66295824199915 -1.5 23.6652475848794
      vertex 23.765527352690697 -15.38 23.238016504049302
    endloop
  endfacet
  facet normal 0.9238795383471022 0 0.38268341827618463
    outer loop
      vertex 23.66295824199915 -1.5 23.6652475848794
      vertex 23.49481827020645 -1.5 24.071173402667046
      vertex 23.66295824199915 -15.38 23.6652475848794
    endloop
  endfacet
  facet normal 0.07845909084886164 0 0.9969173341171124
    outer loop
      vertex 21 -1.5 25.59999999701977
      vertex 21.4380165040493 -15.38 25.565527352690697
      vertex 21.4380165040493 -1.5 25.565527352690697
    endloop
  endfacet
  facet normal 0.38268341827618463 0 0.9238795383471022
    outer loop
      vertex 21.8652475848794 -1.5 25.46295824199915
      vertex 22.271173402667046 -15.38 25.294818270206452
      vertex 22.271173402667046 -1.5 25.294818270206452
    endloop
  endfacet
  facet normal 0.23344537023729298 0 0.972369918865641
    outer loop
      vertex 21.4380165040493 -1.5 25.565527352690697
      vertex 21.8652475848794 -15.38 25.46295824199915
      vertex 21.8652475848794 -1.5 25.46295824199915
    endloop
  endfacet
  facet normal 0.6494480416023813 0 0.7604059713461169
    outer loop
      vertex 22.979898989200592 -1.5 24.779898989200593
      vertex 22.645798705518246 -1.5 25.065247583389283
      vertex 22.979898989200592 -15.38 24.779898989200593
    endloop
  endfacet
  facet normal 0.8526401582979365 0 0.5224985745986968
    outer loop
      vertex 23.49481827020645 -1.5 24.071173402667046
      vertex 23.265247583389282 -1.5 24.445798705518246
      vertex 23.49481827020645 -15.38 24.071173402667046
    endloop
  endfacet
  facet normal 0.7604059713461169 0 0.6494480416023813
    outer loop
      vertex 22.979898989200592 -1.5 24.779898989200593
      vertex 23.265247583389282 -15.38 24.445798705518246
      vertex 23.265247583389282 -1.5 24.445798705518246
    endloop
  endfacet
  facet normal 0.5224985745986968 0 0.8526401582979365
    outer loop
      vertex 22.271173402667046 -1.5 25.294818270206452
      vertex 22.645798705518246 -15.38 25.065247583389283
      vertex 22.645798705518246 -1.5 25.065247583389283
    endloop
  endfacet
  facet normal 0 0 1
    outer loop
      vertex -21 -15.38 25.59999999701977
      vertex 21 -15.38 25.59999999701977
      vertex 5.5 -13.2 25.59999999701977
    endloop
  endfacet
  facet normal 0 -1 0
    outer loop
      vertex -20.299999997019768 -15.38 23.09999999701977
      vertex 20.299999997019768 -15.38 23.09999999701977
      vertex 23.66295824199915 -15.38 23.6652475848794
    endloop
  endfacet
  facet normal 0 -1 0
    outer loop
      vertex -23.765527352690697 -15.38 23.238016504049302
      vertex 23.49481827020645 -15.38 24.071173402667046
      vertex 23.265247583389282 -15.38 24.445798705518246
    endloop
  endfacet
  facet normal 0 -1 0
    outer loop
      vertex -20.299999997019768 -15.38 23.09999999701977
      vertex 23.66295824199915 -15.38 23.6652475848794
      vertex 23.49481827020645 -15.38 24.071173402667046
    endloop
  endfacet
  facet normal 0 -1 0
    outer loop
      vertex -23.49481827020645 -15.38 24.071173402667046
      vertex 22.979898989200592 -15.38 24.779898989200593
      vertex 22.645798705518246 -15.38 25.065247583389283
    endloop
  endfacet
  facet normal 0 -1 0
    outer loop
      vertex -23.265247583389282 -15.38 24.445798705518246
      vertex 22.645798705518246 -15.38 25.065247583389283
      vertex 22.271173402667046 -15.38 25.294818270206452
    endloop
  endfacet
  facet normal 0 -1 0
    outer loop
      vertex -22.979898989200592 -15.38 24.779898989200593
      vertex 22.271173402667046 -15.38 25.294818270206452
      vertex 21.8652475848794 -15.38 25.46295824199915
    endloop
  endfacet
  facet normal 0 -1 0
    outer loop
      vertex -22.645798705518246 -15.38 25.065247583389283
      vertex 21.8652475848794 -15.38 25.46295824199915
      vertex 21.4380165040493 -15.38 25.565527352690697
    endloop
  endfacet
  facet normal 0 -1 0
    outer loop
      vertex -22.271173402667046 -15.38 25.294818270206452
      vertex 21.4380165040493 -15.38 25.565527352690697
      vertex 21 -15.38 25.59999999701977
    endloop
  endfacet
  facet normal 0 -1 0
    outer loop
      vertex -23.66295824199915 -15.38 23.6652475848794
      vertex 23.265247583389282 -15.38 24.445798705518246
      vertex 22.979898989200592 -15.38 24.779898989200593
    endloop
  endfacet
  facet normal 1 0 0
    outer loop
      vertex 23.799999997019768 -15.38 4.800000000000001
      vertex 23.799999997019768 -1.5 22.8
      vertex 23.799999997019768 -15.38 22.8
    endloop
  endfacet
  facet normal 0 -1 0
    outer loop
      vertex 23.799999997019768 -15.38 4.800000000000001
      vertex 23.799999997019768 -15.38 22.8
      vertex 21.299999997019768 -15.38 22.09999999701977
    endloop
  endfacet
  facet normal 0 0 1
    outer loop
      vertex 21 -1.5 25.59999999701977
      vertex 5.5 -13.2 25.59999999701977
      vertex 21 -15.38 25.59999999701977
    endloop
  endfacet
  facet normal 0.9969173341171124 0 0.07845909084886164
    outer loop
      vertex 23.765527352690697 -1.5 23.238016504049302
      vertex 23.765527352690697 -15.38 23.238016504049302
      vertex 23.799999997019768 -15.38 22.8
    endloop
  endfacet
  facet normal 0.972369918865641 0 0.23344537023729298
    outer loop
      vertex 23.66295824199915 -1.5 23.6652475848794
      vertex 23.66295824199915 -15.38 23.6652475848794
      vertex 23.765527352690697 -15.38 23.238016504049302
    endloop
  endfacet
  facet normal 0.9238795383471022 0 0.38268341827618463
    outer loop
      vertex 23.49481827020645 -1.5 24.071173402667046
      vertex 23.49481827020645 -15.38 24.071173402667046
      vertex 23.66295824199915 -15.38 23.6652475848794
    endloop
  endfacet
  facet normal 0.07845909084886164 0 0.9969173341171124
    outer loop
      vertex 21 -1.5 25.59999999701977
      vertex 21 -15.38 25.59999999701977
      vertex 21.4380165040493 -15.38 25.565527352690697
    endloop
  endfacet
  facet normal 0.38268341827618463 0 0.9238795383471022
    outer loop
      vertex 21.8652475848794 -1.5 25.46295824199915
      vertex 21.8652475848794 -15.38 25.46295824199915
      vertex 22.271173402667046 -15.38 25.294818270206452
    endloop
  endfacet
  facet normal 0.23344537023729298 0 0.972369918865641
    outer loop
      vertex 21.4380165040493 -1.5 25.565527352690697
      vertex 21.4380165040493 -15.38 25.565527352690697
      vertex 21.8652475848794 -15.38 25.46295824199915
    endloop
  endfacet
  facet normal 0.6494480416023813 0 0.7604059713461169
    outer loop
      vertex 22.645798705518246 -1.5 25.065247583389283
      vertex 22.645798705518246 -15.38 25.065247583389283
      vertex 22.979898989200592 -15.38 24.779898989200593
    endloop
  endfacet
  facet normal 0.8526401582979365 0 0.5224985745986968
    outer loop
      vertex 23.265247583389282 -1.5 24.445798705518246
      vertex 23.265247583389282 -15.38 24.445798705518246
      vertex 23.49481827020645 -15.38 24.071173402667046
    endloop
  endfacet
  facet normal 0.7604059713461169 0 0.6494480416023813
    outer loop
      vertex 22.979898989200592 -1.5 24.779898989200593
      vertex 22.979898989200592 -15.38 24.779898989200593
      vertex 23.265247583389282 -15.38 24.445798705518246
    endloop
  endfacet
  facet normal 0.5224985745986968 0 0.8526401582979365
    outer loop
      vertex 22.271173402667046 -1.5 25.294818270206452
      vertex 22.271173402667046 -15.38 25.294818270206452
      vertex 22.645798705518246 -15.38 25.065247583389283
    endloop
  endfacet
  facet normal 0 -1 0
    outer loop
      vertex 21.299999997019768 -15.38 22.09999999701977
      vertex 23.799999997019768 -15.38 22.8
      vertex 21.287688337266445 -15.38 22.256434458494187
    endloop
  endfacet
  facet normal 0 -1 0
    outer loop
      vertex 20.299999997019768 -15.38 23.09999999701977
      vertex 20.456434458494186 -15.38 23.087688337266446
      vertex 23.66295824199915 -15.38 23.6652475848794
    endloop
  endfacet
  facet normal 0 -1 0
    outer loop
      vertex 21.287688337266445 -15.38 22.256434458494187
      vertex 23.765527352690697 -15.38 23.238016504049302
      vertex 21.251056514680386 -15.38 22.409016992151738
    endloop
  endfacet
  facet normal 0 -1 0
    outer loop
      vertex 21.191006518900394 -15.38 22.55399049371481
      vertex 21.251056514680386 -15.38 22.409016992151738
      vertex 23.765527352690697 -15.38 23.238016504049302
    endloop
  endfacet
  facet normal 0 -1 0
    outer loop
      vertex 21.00710678100586 -15.38 22.80710678100586
      vertex 21.109016992151737 -15.38 22.687785248458386
      vertex 23.66295824199915 -15.38 23.6652475848794
    endloop
  endfacet
  facet normal 0 -1 0
    outer loop
      vertex 20.456434458494186 -15.38 23.087688337266446
      vertex 20.609016992151737 -15.38 23.051056514680386
      vertex 23.66295824199915 -15.38 23.6652475848794
    endloop
  endfacet
  facet normal 0 -1 0
    outer loop
      vertex 20.75399049371481 -15.38 22.991006518900395
      vertex 23.66295824199915 -15.38 23.6652475848794
      vertex 20.609016992151737 -15.38 23.051056514680386
    endloop
  endfacet
  facet normal 0 -1 0
    outer loop
      vertex 21.00710678100586 -15.38 22.80710678100586
      vertex 23.66295824199915 -15.38 23.6652475848794
      vertex 20.887785248458385 -15.38 22.909016992151738
    endloop
  endfacet
  facet normal 0 -1 0
    outer loop
      vertex 20.75399049371481 -15.38 22.991006518900395
      vertex 20.887785248458385 -15.38 22.909016992151738
      vertex 23.66295824199915 -15.38 23.6652475848794
    endloop
  endfacet
  facet normal 0 -1 0
    outer loop
      vertex 21.191006518900394 -15.38 22.55399049371481
      vertex 23.66295824199915 -15.38 23.6652475848794
      vertex 21.109016992151737 -15.38 22.687785248458386
    endloop
  endfacet
  facet normal 0 -1 0
    outer loop
      vertex 21.287688337266445 -15.38 22.256434458494187
      vertex 23.799999997019768 -15.38 22.8
      vertex 23.765527352690697 -15.38 23.238016504049302
    endloop
  endfacet
  facet normal 0 -1 0
    outer loop
      vertex 21.191006518900394 -15.38 22.55399049371481
      vertex 23.765527352690697 -15.38 23.238016504049302
      vertex 23.66295824199915 -15.38 23.6652475848794
    endloop
  endfacet
  facet normal -0.5224985442976029 0 -0.8526401768664703
    outer loop
      vertex -20.887785248458385 -15.38 4.6909830078482635
      vertex -20.75399049371481 -15.38 4.608993481099606
      vertex -20.887785248458385 -16.580000000000002 4.6909830078482635
    endloop
  endfacet
  facet normal -0.9238795206873224 0 -0.3826834609106635
    outer loop
      vertex -21.251056514680386 -15.38 5.1909830078482635
      vertex -21.191006518900394 -15.38 5.046009506285191
      vertex -21.251056514680386 -16.580000000000002 5.1909830078482635
    endloop
  endfacet
  facet normal -0.7604059818481694 0 -0.6494480293060572
    outer loop
      vertex -21.109016992151737 -15.38 4.912214751541615
      vertex -21.00710678100586 -15.38 4.792893218994141
      vertex -21.109016992151737 -16.580000000000002 4.912214751541615
    endloop
  endfacet
  facet normal -0.6494480293060572 0 -0.7604059818481694
    outer loop
      vertex -20.887785248458385 -15.38 4.6909830078482635
      vertex -21.00710678100586 -16.580000000000002 4.792893218994141
      vertex -21.00710678100586 -15.38 4.792893218994141
    endloop
  endfacet
  facet normal -0.8526401768664703 0 -0.5224985442976029
    outer loop
      vertex -21.109016992151737 -15.38 4.912214751541615
      vertex -21.191006518900394 -16.580000000000002 5.046009506285191
      vertex -21.191006518900394 -15.38 5.046009506285191
    endloop
  endfacet
  facet normal -0.6494480293060572 0 -0.7604059818481694
    outer loop
      vertex -20.887785248458385 -15.38 4.6909830078482635
      vertex -20.887785248458385 -16.580000000000002 4.6909830078482635
      vertex -21.00710678100586 -16.580000000000002 4.792893218994141
    endloop
  endfacet
  facet normal -0.9238795206873224 0 -0.3826834609106635
    outer loop
      vertex -21.191006518900394 -15.38 5.046009506285191
      vertex -21.191006518900394 -16.580000000000002 5.046009506285191
      vertex -21.251056514680386 -16.580000000000002 5.1909830078482635
    endloop
  endfacet
  facet normal -0.7604059818481694 0 -0.6494480293060572
    outer loop
      vertex -21.00710678100586 -15.38 4.792893218994141
      vertex -21.00710678100586 -16.580000000000002 4.792893218994141
      vertex -21.109016992151737 -16.580000000000002 4.912214751541615
    endloop
  endfacet
  facet normal -0.8526401768664703 0 -0.5224985442976029
    outer loop
      vertex -21.109016992151737 -15.38 4.912214751541615
      vertex -21.109016992151737 -16.580000000000002 4.912214751541615
      vertex -21.191006518900394 -16.580000000000002 5.046009506285191
    endloop
  endfacet
  facet normal -0.9723699243783053 0 -0.2334453472753927
    outer loop
      vertex -21.251056514680386 -15.38 5.1909830078482635
      vertex -21.287688337266445 -16.580000000000002 5.343565541505814
      vertex -21.287688337266445 -15.38 5.343565541505814
    endloop
  endfacet
  facet normal -0.9969173334195497 0 -0.07845909971223475
    outer loop
      vertex -21.287688337266445 -15.38 5.343565541505814
      vertex -21.299999997019768 -16.580000000000002 5.500000002980233
      vertex -21.299999997019768 -15.38 5.500000002980233
    endloop
  endfacet
  facet normal -0.9723699243783053 0 -0.2334453472753927
    outer loop
      vertex -21.251056514680386 -15.38 5.1909830078482635
      vertex -21.251056514680386 -16.580000000000002 5.1909830078482635
      vertex -21.287688337266445 -16.580000000000002 5.343565541505814
    endloop
  endfacet
  facet normal -0.9969173334195497 0 -0.07845909971223475
    outer loop
      vertex -21.287688337266445 -15.38 5.343565541505814
      vertex -21.287688337266445 -16.580000000000002 5.343565541505814
      vertex -21.299999997019768 -16.580000000000002 5.500000002980233
    endloop
  endfacet
  facet normal -0.3826834609106635 0 -0.9238795206873224
    outer loop
      vertex -20.609016992151737 -15.38 4.548943485319615
      vertex -20.75399049371481 -16.580000000000002 4.608993481099606
      vertex -20.75399049371481 -15.38 4.608993481099606
    endloop
  endfacet
  facet normal -0.2334453472753927 0 -0.9723699243783053
    outer loop
      vertex -20.609016992151737 -15.38 4.548943485319615
      vertex -20.456434458494186 -15.38 4.5123116627335556
      vertex -20.609016992151737 -16.580000000000002 4.548943485319615
    endloop
  endfacet
  facet normal -0.07845909971223475 0 -0.9969173334195497
    outer loop
      vertex -20.456434458494186 -15.38 4.5123116627335556
      vertex -20.299999997019768 -15.38 4.500000002980233
      vertex -20.456434458494186 -16.580000000000002 4.5123116627335556
    endloop
  endfacet
  facet normal -0.2334453472753927 0 -0.9723699243783053
    outer loop
      vertex -20.456434458494186 -15.38 4.5123116627335556
      vertex -20.456434458494186 -16.580000000000002 4.5123116627335556
      vertex -20.609016992151737 -16.580000000000002 4.548943485319615
    endloop
  endfacet
  facet normal -0.3826834609106635 0 -0.9238795206873224
    outer loop
      vertex -20.609016992151737 -15.38 4.548943485319615
      vertex -20.609016992151737 -16.580000000000002 4.548943485319615
      vertex -20.75399049371481 -16.580000000000002 4.608993481099606
    endloop
  endfacet
  facet normal -0.5224985442976029 0 -0.8526401768664703
    outer loop
      vertex -20.887785248458385 -16.580000000000002 4.6909830078482635
      vertex -20.75399049371481 -15.38 4.608993481099606
      vertex -20.75399049371481 -16.580000000000002 4.608993481099606
    endloop
  endfacet
  facet normal -0.07845909971223475 0 -0.9969173334195497
    outer loop
      vertex -20.299999997019768 -15.38 4.500000002980233
      vertex -20.299999997019768 -16.580000000000002 4.500000002980233
      vertex -20.456434458494186 -16.580000000000002 4.5123116627335556
    endloop
  endfacet
  facet normal -1 0 0
    outer loop
      vertex -21.299999997019768 -15.38 5.500000002980233
      vertex -21.299999997019768 -16.580000000000002 5.500000002980233
      vertex -21.299999997019768 -16.580000000000002 22.09999999701977
    endloop
  endfacet
  facet normal 0 0 -1
    outer loop
      vertex -20.299999997019768 -15.38 4.500000002980233
      vertex 20.299999997019768 -15.38 4.500000002980233
      vertex -20.299999997019768 -16.580000000000002 4.500000002980233
    endloop
  endfacet
  facet normal 0 -1 0
    outer loop
      vertex -20.609016992151737 -16.580000000000002 4.548943485319615
      vertex -20.456434458494186 -16.580000000000002 4.5123116627335556
      vertex 20.887785248458385 -16.580000000000002 4.6909830078482635
    endloop
  endfacet
  facet normal 0 -1 0
    outer loop
      vertex -20.887785248458385 -16.580000000000002 4.6909830078482635
      vertex -20.75399049371481 -16.580000000000002 4.608993481099606
      vertex 21.109016992151737 -16.580000000000002 4.912214751541615
    endloop
  endfacet
  facet normal 0 -1 0
    outer loop
      vertex -20.609016992151737 -16.580000000000002 4.548943485319615
      vertex 21.00710678100586 -16.580000000000002 4.792893218994141
      vertex -20.75399049371481 -16.580000000000002 4.608993481099606
    endloop
  endfacet
  facet normal 0 -1 0
    outer loop
      vertex -20.887785248458385 -16.580000000000002 4.6909830078482635
      vertex 21.191006518900394 -16.580000000000002 5.046009506285191
      vertex -21.00710678100586 -16.580000000000002 4.792893218994141
    endloop
  endfacet
  facet normal 0 -1 0
    outer loop
      vertex -21.109016992151737 -16.580000000000002 4.912214751541615
      vertex -21.00710678100586 -16.580000000000002 4.792893218994141
      vertex 21.251056514680386 -16.580000000000002 5.1909830078482635
    endloop
  endfacet
  facet normal 0 -1 0
    outer loop
      vertex -21.109016992151737 -16.580000000000002 4.912214751541615
      vertex 21.287688337266445 -16.580000000000002 5.343565541505814
      vertex -21.191006518900394 -16.580000000000002 5.046009506285191
    endloop
  endfacet
  facet normal 0 -1 0
    outer loop
      vertex -20.456434458494186 -16.580000000000002 4.5123116627335556
      vertex -20.299999997019768 -16.580000000000002 4.500000002980233
      vertex 20.75399049371481 -16.580000000000002 4.608993481099606
    endloop
  endfacet
  facet normal 0 -1 0
    outer loop
      vertex -21.251056514680386 -16.580000000000002 5.1909830078482635
      vertex -21.191006518900394 -16.580000000000002 5.046009506285191
      vertex 21.299999997019768 -16.580000000000002 5.500000002980233
    endloop
  endfacet
  facet normal 0 -1 0
    outer loop
      vertex -21.251056514680386 -16.580000000000002 5.1909830078482635
      vertex 21.299999997019768 -16.580000000000002 22.09999999701977
      vertex -21.287688337266445 -16.580000000000002 5.343565541505814
    endloop
  endfacet
  facet normal 0 -1 0
    outer loop
      vertex -21.287688337266445 -16.580000000000002 5.343565541505814
      vertex 21.287688337266445 -16.580000000000002 22.256434458494187
      vertex -21.299999997019768 -16.580000000000002 5.500000002980233
    endloop
  endfacet
  facet normal -1 0 0
    outer loop
      vertex -21.299999997019768 -15.38 5.500000002980233
      vertex -21.299999997019768 -16.580000000000002 22.09999999701977
      vertex -21.299999997019768 -15.38 22.09999999701977
    endloop
  endfacet
  facet normal -0.9969173334195497 0 0.07845909971223475
    outer loop
      vertex -21.299999997019768 -15.38 22.09999999701977
      vertex -21.287688337266445 -16.580000000000002 22.256434458494187
      vertex -21.287688337266445 -15.38 22.256434458494187
    endloop
  endfacet
  facet normal -0.9723699243783053 0 0.2334453472753927
    outer loop
      vertex -21.287688337266445 -15.38 22.256434458494187
      vertex -21.251056514680386 -16.580000000000002 22.409016992151738
      vertex -21.251056514680386 -15.38 22.409016992151738
    endloop
  endfacet
  facet normal -0.9969173334195497 0 0.07845909971223475
    outer loop
      vertex -21.299999997019768 -15.38 22.09999999701977
      vertex -21.299999997019768 -16.580000000000002 22.09999999701977
      vertex -21.287688337266445 -16.580000000000002 22.256434458494187
    endloop
  endfacet
  facet normal -0.9723699243783053 0 0.2334453472753927
    outer loop
      vertex -21.287688337266445 -15.38 22.256434458494187
      vertex -21.287688337266445 -16.580000000000002 22.256434458494187
      vertex -21.251056514680386 -16.580000000000002 22.409016992151738
    endloop
  endfacet
  facet normal -0.9238795206873224 0 0.3826834609106635
    outer loop
      vertex -21.251056514680386 -15.38 22.409016992151738
      vertex -21.191006518900394 -16.580000000000002 22.55399049371481
      vertex -21.191006518900394 -15.38 22.55399049371481
    endloop
  endfacet
  facet normal -0.8526401768664703 0 0.5224985442976029
    outer loop
      vertex -21.191006518900394 -15.38 22.55399049371481
      vertex -21.109016992151737 -16.580000000000002 22.687785248458386
      vertex -21.109016992151737 -15.38 22.687785248458386
    endloop
  endfacet
  facet normal -0.7604059818481694 0 0.6494480293060572
    outer loop
      vertex -21.109016992151737 -15.38 22.687785248458386
      vertex -21.00710678100586 -16.580000000000002 22.80710678100586
      vertex -21.00710678100586 -15.38 22.80710678100586
    endloop
  endfacet
  facet normal -0.6494480293060572 0 0.7604059818481694
    outer loop
      vertex -21.00710678100586 -15.38 22.80710678100586
      vertex -20.887785248458385 -16.580000000000002 22.909016992151738
      vertex -20.887785248458385 -15.38 22.909016992151738
    endloop
  endfacet
  facet normal -0.9238795206873224 0 0.3826834609106635
    outer loop
      vertex -21.251056514680386 -15.38 22.409016992151738
      vertex -21.251056514680386 -16.580000000000002 22.409016992151738
      vertex -21.191006518900394 -16.580000000000002 22.55399049371481
    endloop
  endfacet
  facet normal -0.8526401768664703 0 0.5224985442976029
    outer loop
      vertex -21.191006518900394 -15.38 22.55399049371481
      vertex -21.191006518900394 -16.580000000000002 22.55399049371481
      vertex -21.109016992151737 -16.580000000000002 22.687785248458386
    endloop
  endfacet
  facet normal -0.7604059818481694 0 0.6494480293060572
    outer loop
      vertex -21.109016992151737 -15.38 22.687785248458386
      vertex -21.109016992151737 -16.580000000000002 22.687785248458386
      vertex -21.00710678100586 -16.580000000000002 22.80710678100586
    endloop
  endfacet
  facet normal -0.6494480293060572 0 0.7604059818481694
    outer loop
      vertex -21.00710678100586 -15.38 22.80710678100586
      vertex -21.00710678100586 -16.580000000000002 22.80710678100586
      vertex -20.887785248458385 -16.580000000000002 22.909016992151738
    endloop
  endfacet
  facet normal -0.5224985442976029 0 0.8526401768664703
    outer loop
      vertex -20.887785248458385 -15.38 22.909016992151738
      vertex -20.887785248458385 -16.580000000000002 22.909016992151738
      vertex -20.75399049371481 -16.580000000000002 22.991006518900395
    endloop
  endfacet
  facet normal -0.5224985442976029 0 0.8526401768664703
    outer loop
      vertex -20.887785248458385 -15.38 22.909016992151738
      vertex -20.75399049371481 -16.580000000000002 22.991006518900395
      vertex -20.75399049371481 -15.38 22.991006518900395
    endloop
  endfacet
  facet normal -0.3826834609106635 0 0.9238795206873224
    outer loop
      vertex -20.75399049371481 -15.38 22.991006518900395
      vertex -20.609016992151737 -16.580000000000002 23.051056514680386
      vertex -20.609016992151737 -15.38 23.051056514680386
    endloop
  endfacet
  facet normal -0.2334453472753927 0 0.9723699243783053
    outer loop
      vertex -20.609016992151737 -15.38 23.051056514680386
      vertex -20.456434458494186 -16.580000000000002 23.087688337266446
      vertex -20.456434458494186 -15.38 23.087688337266446
    endloop
  endfacet
  facet normal -0.07845909971223475 0 0.9969173334195497
    outer loop
      vertex -20.456434458494186 -15.38 23.087688337266446
      vertex -20.299999997019768 -16.580000000000002 23.09999999701977
      vertex -20.299999997019768 -15.38 23.09999999701977
    endloop
  endfacet
  facet normal -0.3826834609106635 0 0.9238795206873224
    outer loop
      vertex -20.75399049371481 -15.38 22.991006518900395
      vertex -20.75399049371481 -16.580000000000002 22.991006518900395
      vertex -20.609016992151737 -16.580000000000002 23.051056514680386
    endloop
  endfacet
  facet normal -0.2334453472753927 0 0.9723699243783053
    outer loop
      vertex -20.609016992151737 -15.38 23.051056514680386
      vertex -20.609016992151737 -16.580000000000002 23.051056514680386
      vertex -20.456434458494186 -16.580000000000002 23.087688337266446
    endloop
  endfacet
  facet normal -0.07845909971223475 0 0.9969173334195497
    outer loop
      vertex -20.456434458494186 -15.38 23.087688337266446
      vertex -20.456434458494186 -16.580000000000002 23.087688337266446
      vertex -20.299999997019768 -16.580000000000002 23.09999999701977
    endloop
  endfacet
  facet normal 0 -1 0
    outer loop
      vertex -20.609016992151737 -16.580000000000002 23.051056514680386
      vertex -20.299999997019768 -16.580000000000002 23.09999999701977
      vertex -20.456434458494186 -16.580000000000002 23.087688337266446
    endloop
  endfacet
  facet normal 0 -1 0
    outer loop
      vertex -21.299999997019768 -16.580000000000002 5.500000002980233
      vertex 21.251056514680386 -16.580000000000002 22.409016992151738
      vertex -21.299999997019768 -16.580000000000002 22.09999999701977
    endloop
  endfacet
  facet normal 0 -1 0
    outer loop
      vertex -21.299999997019768 -16.580000000000002 22.09999999701977
      vertex 21.191006518900394 -16.580000000000002 22.55399049371481
      vertex -21.287688337266445 -16.580000000000002 22.256434458494187
    endloop
  endfacet
  facet normal 0 -1 0
    outer loop
      vertex -21.287688337266445 -16.580000000000002 22.256434458494187
      vertex 21.109016992151737 -16.580000000000002 22.687785248458386
      vertex -21.251056514680386 -16.580000000000002 22.409016992151738
    endloop
  endfacet
  facet normal 0 -1 0
    outer loop
      vertex -21.251056514680386 -16.580000000000002 22.409016992151738
      vertex 21.00710678100586 -16.580000000000002 22.80710678100586
      vertex -21.191006518900394 -16.580000000000002 22.55399049371481
    endloop
  endfacet
  facet normal 0 -1 0
    outer loop
      vertex -21.191006518900394 -16.580000000000002 22.55399049371481
      vertex 20.887785248458385 -16.580000000000002 22.909016992151738
      vertex -21.109016992151737 -16.580000000000002 22.687785248458386
    endloop
  endfacet
  facet normal 0 -1 0
    outer loop
      vertex -21.109016992151737 -16.580000000000002 22.687785248458386
      vertex 20.75399049371481 -16.580000000000002 22.991006518900395
      vertex -21.00710678100586 -16.580000000000002 22.80710678100586
    endloop
  endfacet
  facet normal 0 0 1
    outer loop
      vertex -20.299999997019768 -15.38 23.09999999701977
      vertex -20.299999997019768 -16.580000000000002 23.09999999701977
      vertex 20.299999997019768 -16.580000000000002 23.09999999701977
    endloop
  endfacet
  facet normal 0 -1 0
    outer loop
      vertex -21.00710678100586 -16.580000000000002 22.80710678100586
      vertex 20.609016992151737 -16.580000000000002 23.051056514680386
      vertex -20.887785248458385 -16.580000000000002 22.909016992151738
    endloop
  endfacet
  facet normal 0 -1 0
    outer loop
      vertex -20.887785248458385 -16.580000000000002 22.909016992151738
      vertex 20.456434458494186 -16.580000000000002 23.087688337266446
      vertex -20.75399049371481 -16.580000000000002 22.991006518900395
    endloop
  endfacet
  facet normal 0 -1 0
    outer loop
      vertex -20.75399049371481 -16.580000000000002 22.991006518900395
      vertex 20.299999997019768 -16.580000000000002 23.09999999701977
      vertex -20.609016992151737 -16.580000000000002 23.051056514680386
    endloop
  endfacet
  facet normal 0 -1 0
    outer loop
      vertex -20.609016992151737 -16.580000000000002 23.051056514680386
      vertex 20.299999997019768 -16.580000000000002 23.09999999701977
      vertex -20.299999997019768 -16.580000000000002 23.09999999701977
    endloop
  endfacet
  facet normal 0 0 -1
    outer loop
      vertex -20.299999997019768 -16.580000000000002 4.500000002980233
      vertex 20.299999997019768 -15.38 4.500000002980233
      vertex 20.299999997019768 -16.580000000000002 4.500000002980233
    endloop
  endfacet
  facet normal 0 -1 0
    outer loop
      vertex -20.299999997019768 -16.580000000000002 4.500000002980233
      vertex 20.299999997019768 -16.580000000000002 4.500000002980233
      vertex 20.609016992151737 -16.580000000000002 4.548943485319615
    endloop
  endfacet
  facet normal 0 -1 0
    outer loop
      vertex -20.299999997019768 -16.580000000000002 4.500000002980233
      vertex 20.609016992151737 -16.580000000000002 4.548943485319615
      vertex 20.75399049371481 -16.580000000000002 4.608993481099606
    endloop
  endfacet
  facet normal 0 -1 0
    outer loop
      vertex -20.456434458494186 -16.580000000000002 4.5123116627335556
      vertex 20.75399049371481 -16.580000000000002 4.608993481099606
      vertex 20.887785248458385 -16.580000000000002 4.6909830078482635
    endloop
  endfacet
  facet normal 0 -1 0
    outer loop
      vertex -20.609016992151737 -16.580000000000002 4.548943485319615
      vertex 20.887785248458385 -16.580000000000002 4.6909830078482635
      vertex 21.00710678100586 -16.580000000000002 4.792893218994141
    endloop
  endfacet
  facet normal 0 -1 0
    outer loop
      vertex -20.75399049371481 -16.580000000000002 4.608993481099606
      vertex 21.00710678100586 -16.580000000000002 4.792893218994141
      vertex 21.109016992151737 -16.580000000000002 4.912214751541615
    endloop
  endfacet
  facet normal 0 -1 0
    outer loop
      vertex -20.887785248458385 -16.580000000000002 4.6909830078482635
      vertex 21.109016992151737 -16.580000000000002 4.912214751541615
      vertex 21.191006518900394 -16.580000000000002 5.046009506285191
    endloop
  endfacet
  facet normal 0 -1 0
    outer loop
      vertex -21.00710678100586 -16.580000000000002 4.792893218994141
      vertex 21.191006518900394 -16.580000000000002 5.046009506285191
      vertex 21.251056514680386 -16.580000000000002 5.1909830078482635
    endloop
  endfacet
  facet normal 0 -1 0
    outer loop
      vertex -21.109016992151737 -16.580000000000002 4.912214751541615
      vertex 21.251056514680386 -16.580000000000002 5.1909830078482635
      vertex 21.287688337266445 -16.580000000000002 5.343565541505814
    endloop
  endfacet
  facet normal 0 -1 0
    outer loop
      vertex -21.191006518900394 -16.580000000000002 5.046009506285191
      vertex 21.287688337266445 -16.580000000000002 5.343565541505814
      vertex 21.299999997019768 -16.580000000000002 5.500000002980233
    endloop
  endfacet
  facet normal 0 -1 0
    outer loop
      vertex -21.251056514680386 -16.580000000000002 5.1909830078482635
      vertex 21.299999997019768 -16.580000000000002 5.500000002980233
      vertex 21.299999997019768 -16.580000000000002 22.09999999701977
    endloop
  endfacet
  facet normal 0.07845909971223475 0 -0.9969173334195497
    outer loop
      vertex 20.299999997019768 -15.38 4.500000002980233
      vertex 20.456434458494186 -15.38 4.5123116627335556
      vertex 20.299999997019768 -16.580000000000002 4.500000002980233
    endloop
  endfacet
  facet normal 0.2334453472753927 0 -0.9723699243783053
    outer loop
      vertex 20.456434458494186 -15.38 4.5123116627335556
      vertex 20.609016992151737 -15.38 4.548943485319615
      vertex 20.456434458494186 -16.580000000000002 4.5123116627335556
    endloop
  endfacet
  facet normal 0.3826834609106635 0 -0.9238795206873224
    outer loop
      vertex 20.609016992151737 -15.38 4.548943485319615
      vertex 20.75399049371481 -15.38 4.608993481099606
      vertex 20.609016992151737 -16.580000000000002 4.548943485319615
    endloop
  endfacet
  facet normal 0.5224985442976029 0 -0.8526401768664703
    outer loop
      vertex 20.75399049371481 -15.38 4.608993481099606
      vertex 20.887785248458385 -15.38 4.6909830078482635
      vertex 20.75399049371481 -16.580000000000002 4.608993481099606
    endloop
  endfacet
  facet normal 0.07845909971223475 0 -0.9969173334195497
    outer loop
      vertex 20.456434458494186 -15.38 4.5123116627335556
      vertex 20.456434458494186 -16.580000000000002 4.5123116627335556
      vertex 20.299999997019768 -16.580000000000002 4.500000002980233
    endloop
  endfacet
  facet normal 0.2334453472753927 0 -0.9723699243783053
    outer loop
      vertex 20.609016992151737 -15.38 4.548943485319615
      vertex 20.609016992151737 -16.580000000000002 4.548943485319615
      vertex 20.456434458494186 -16.580000000000002 4.5123116627335556
    endloop
  endfacet
  facet normal 0.3826834609106635 0 -0.9238795206873224
    outer loop
      vertex 20.75399049371481 -15.38 4.608993481099606
      vertex 20.75399049371481 -16.580000000000002 4.608993481099606
      vertex 20.609016992151737 -16.580000000000002 4.548943485319615
    endloop
  endfacet
  facet normal 0 -1 0
    outer loop
      vertex 20.299999997019768 -16.580000000000002 4.500000002980233
      vertex 20.456434458494186 -16.580000000000002 4.5123116627335556
      vertex 20.609016992151737 -16.580000000000002 4.548943485319615
    endloop
  endfacet
  facet normal 0.6494480293060572 0 -0.7604059818481694
    outer loop
      vertex 20.887785248458385 -15.38 4.6909830078482635
      vertex 21.00710678100586 -15.38 4.792893218994141
      vertex 20.887785248458385 -16.580000000000002 4.6909830078482635
    endloop
  endfacet
  facet normal 0.7604059818481694 0 -0.6494480293060572
    outer loop
      vertex 21.00710678100586 -15.38 4.792893218994141
      vertex 21.109016992151737 -15.38 4.912214751541615
      vertex 21.00710678100586 -16.580000000000002 4.792893218994141
    endloop
  endfacet
  facet normal 0.8526401768664703 0 -0.5224985442976029
    outer loop
      vertex 21.109016992151737 -15.38 4.912214751541615
      vertex 21.191006518900394 -15.38 5.046009506285191
      vertex 21.109016992151737 -16.580000000000002 4.912214751541615
    endloop
  endfacet
  facet normal 0.9238795206873224 0 -0.3826834609106635
    outer loop
      vertex 21.191006518900394 -15.38 5.046009506285191
      vertex 21.251056514680386 -15.38 5.1909830078482635
      vertex 21.191006518900394 -16.580000000000002 5.046009506285191
    endloop
  endfacet
  facet normal 0.5224985442976029 0 -0.8526401768664703
    outer loop
      vertex 20.75399049371481 -16.580000000000002 4.608993481099606
      vertex 20.887785248458385 -15.38 4.6909830078482635
      vertex 20.887785248458385 -16.580000000000002 4.6909830078482635
    endloop
  endfacet
  facet normal 0.6494480293060572 0 -0.7604059818481694
    outer loop
      vertex 21.00710678100586 -15.38 4.792893218994141
      vertex 21.00710678100586 -16.580000000000002 4.792893218994141
      vertex 20.887785248458385 -16.580000000000002 4.6909830078482635
    endloop
  endfacet
  facet normal 0.7604059818481694 0 -0.6494480293060572
    outer loop
      vertex 21.109016992151737 -15.38 4.912214751541615
      vertex 21.109016992151737 -16.580000000000002 4.912214751541615
      vertex 21.00710678100586 -16.580000000000002 4.792893218994141
    endloop
  endfacet
  facet normal 0.8526401768664703 0 -0.5224985442976029
    outer loop
      vertex 21.109016992151737 -16.580000000000002 4.912214751541615
      vertex 21.191006518900394 -15.38 5.046009506285191
      vertex 21.191006518900394 -16.580000000000002 5.046009506285191
    endloop
  endfacet
  facet normal 0.9238795206873224 0 -0.3826834609106635
    outer loop
      vertex 21.251056514680386 -15.38 5.1909830078482635
      vertex 21.251056514680386 -16.580000000000002 5.1909830078482635
      vertex 21.191006518900394 -16.580000000000002 5.046009506285191
    endloop
  endfacet
  facet normal 0.9723699243783053 0 -0.2334453472753927
    outer loop
      vertex 21.251056514680386 -15.38 5.1909830078482635
      vertex 21.287688337266445 -15.38 5.343565541505814
      vertex 21.251056514680386 -16.580000000000002 5.1909830078482635
    endloop
  endfacet
  facet normal 0.9969173334195497 0 -0.07845909971223475
    outer loop
      vertex 21.287688337266445 -15.38 5.343565541505814
      vertex 21.299999997019768 -15.38 5.500000002980233
      vertex 21.287688337266445 -16.580000000000002 5.343565541505814
    endloop
  endfacet
  facet normal 0.9723699243783053 0 -0.2334453472753927
    outer loop
      vertex 21.287688337266445 -15.38 5.343565541505814
      vertex 21.287688337266445 -16.580000000000002 5.343565541505814
      vertex 21.251056514680386 -16.580000000000002 5.1909830078482635
    endloop
  endfacet
  facet normal 0.9969173334195497 0 -0.07845909971223475
    outer loop
      vertex 21.299999997019768 -15.38 5.500000002980233
      vertex 21.299999997019768 -16.580000000000002 5.500000002980233
      vertex 21.287688337266445 -16.580000000000002 5.343565541505814
    endloop
  endfacet
  facet normal 1 0 0
    outer loop
      vertex 21.299999997019768 -15.38 5.500000002980233
      vertex 21.299999997019768 -15.38 22.09999999701977
      vertex 21.299999997019768 -16.580000000000002 5.500000002980233
    endloop
  endfacet
  facet normal 0 -1 0
    outer loop
      vertex -21.287688337266445 -16.580000000000002 5.343565541505814
      vertex 21.299999997019768 -16.580000000000002 22.09999999701977
      vertex 21.287688337266445 -16.580000000000002 22.256434458494187
    endloop
  endfacet
  facet normal 0 -1 0
    outer loop
      vertex -21.299999997019768 -16.580000000000002 5.500000002980233
      vertex 21.287688337266445 -16.580000000000002 22.256434458494187
      vertex 21.251056514680386 -16.580000000000002 22.409016992151738
    endloop
  endfacet
  facet normal 0 -1 0
    outer loop
      vertex -21.299999997019768 -16.580000000000002 22.09999999701977
      vertex 21.251056514680386 -16.580000000000002 22.409016992151738
      vertex 21.191006518900394 -16.580000000000002 22.55399049371481
    endloop
  endfacet
  facet normal 0 0 1
    outer loop
      vertex -20.299999997019768 -15.38 23.09999999701977
      vertex 20.299999997019768 -16.580000000000002 23.09999999701977
      vertex 20.299999997019768 -15.38 23.09999999701977
    endloop
  endfacet
  facet normal 0 -1 0
    outer loop
      vertex -20.75399049371481 -16.580000000000002 22.991006518900395
      vertex 20.456434458494186 -16.580000000000002 23.087688337266446
      vertex 20.299999997019768 -16.580000000000002 23.09999999701977
    endloop
  endfacet
  facet normal 0 -1 0
    outer loop
      vertex -21.287688337266445 -16.580000000000002 22.256434458494187
      vertex 21.191006518900394 -16.580000000000002 22.55399049371481
      vertex 21.109016992151737 -16.580000000000002 22.687785248458386
    endloop
  endfacet
  facet normal 0 -1 0
    outer loop
      vertex -21.251056514680386 -16.580000000000002 22.409016992151738
      vertex 21.109016992151737 -16.580000000000002 22.687785248458386
      vertex 21.00710678100586 -16.580000000000002 22.80710678100586
    endloop
  endfacet
  facet normal 0 -1 0
    outer loop
      vertex -21.191006518900394 -16.580000000000002 22.55399049371481
      vertex 21.00710678100586 -16.580000000000002 22.80710678100586
      vertex 20.887785248458385 -16.580000000000002 22.909016992151738
    endloop
  endfacet
  facet normal 0 -1 0
    outer loop
      vertex -21.00710678100586 -16.580000000000002 22.80710678100586
      vertex 20.75399049371481 -16.580000000000002 22.991006518900395
      vertex 20.609016992151737 -16.580000000000002 23.051056514680386
    endloop
  endfacet
  facet normal 0 -1 0
    outer loop
      vertex -21.109016992151737 -16.580000000000002 22.687785248458386
      vertex 20.887785248458385 -16.580000000000002 22.909016992151738
      vertex 20.75399049371481 -16.580000000000002 22.991006518900395
    endloop
  endfacet
  facet normal 0 -1 0
    outer loop
      vertex -20.887785248458385 -16.580000000000002 22.909016992151738
      vertex 20.609016992151737 -16.580000000000002 23.051056514680386
      vertex 20.456434458494186 -16.580000000000002 23.087688337266446
    endloop
  endfacet
  facet normal 1 0 0
    outer loop
      vertex 21.299999997019768 -16.580000000000002 5.500000002980233
      vertex 21.299999997019768 -15.38 22.09999999701977
      vertex 21.299999997019768 -16.580000000000002 22.09999999701977
    endloop
  endfacet
  facet normal 0.07845909971223475 0 0.9969173334195497
    outer loop
      vertex 20.299999997019768 -15.38 23.09999999701977
      vertex 20.456434458494186 -16.580000000000002 23.087688337266446
      vertex 20.456434458494186 -15.38 23.087688337266446
    endloop
  endfacet
  facet normal 0.2334453472753927 0 0.9723699243783053
    outer loop
      vertex 20.456434458494186 -15.38 23.087688337266446
      vertex 20.609016992151737 -16.580000000000002 23.051056514680386
      vertex 20.609016992151737 -15.38 23.051056514680386
    endloop
  endfacet
  facet normal 0.3826834609106635 0 0.9238795206873224
    outer loop
      vertex 20.75399049371481 -15.38 22.991006518900395
      vertex 20.609016992151737 -15.38 23.051056514680386
      vertex 20.75399049371481 -16.580000000000002 22.991006518900395
    endloop
  endfacet
  facet normal 0.07845909971223475 0 0.9969173334195497
    outer loop
      vertex 20.299999997019768 -15.38 23.09999999701977
      vertex 20.299999997019768 -16.580000000000002 23.09999999701977
      vertex 20.456434458494186 -16.580000000000002 23.087688337266446
    endloop
  endfacet
  facet normal 0.5224985442976029 0 0.8526401768664703
    outer loop
      vertex 20.75399049371481 -15.38 22.991006518900395
      vertex 20.75399049371481 -16.580000000000002 22.991006518900395
      vertex 20.887785248458385 -16.580000000000002 22.909016992151738
    endloop
  endfacet
  facet normal 0.3826834609106635 0 0.9238795206873224
    outer loop
      vertex 20.609016992151737 -15.38 23.051056514680386
      vertex 20.609016992151737 -16.580000000000002 23.051056514680386
      vertex 20.75399049371481 -16.580000000000002 22.991006518900395
    endloop
  endfacet
  facet normal 0.2334453472753927 0 0.9723699243783053
    outer loop
      vertex 20.456434458494186 -15.38 23.087688337266446
      vertex 20.456434458494186 -16.580000000000002 23.087688337266446
      vertex 20.609016992151737 -16.580000000000002 23.051056514680386
    endloop
  endfacet
  facet normal 0.9969173334195497 0 0.07845909971223475
    outer loop
      vertex 21.299999997019768 -15.38 22.09999999701977
      vertex 21.287688337266445 -15.38 22.256434458494187
      vertex 21.299999997019768 -16.580000000000002 22.09999999701977
    endloop
  endfacet
  facet normal 0.9723699243783053 0 0.2334453472753927
    outer loop
      vertex 21.287688337266445 -15.38 22.256434458494187
      vertex 21.251056514680386 -15.38 22.409016992151738
      vertex 21.287688337266445 -16.580000000000002 22.256434458494187
    endloop
  endfacet
  facet normal 0.9969173334195497 0 0.07845909971223475
    outer loop
      vertex 21.287688337266445 -15.38 22.256434458494187
      vertex 21.287688337266445 -16.580000000000002 22.256434458494187
      vertex 21.299999997019768 -16.580000000000002 22.09999999701977
    endloop
  endfacet
  facet normal 0.9723699243783053 0 0.2334453472753927
    outer loop
      vertex 21.251056514680386 -15.38 22.409016992151738
      vertex 21.251056514680386 -16.580000000000002 22.409016992151738
      vertex 21.287688337266445 -16.580000000000002 22.256434458494187
    endloop
  endfacet
  facet normal 0.8526401768664703 0 0.5224985442976029
    outer loop
      vertex 21.191006518900394 -15.38 22.55399049371481
      vertex 21.109016992151737 -15.38 22.687785248458386
      vertex 21.191006518900394 -16.580000000000002 22.55399049371481
    endloop
  endfacet
  facet normal 0.6494480293060572 0 0.7604059818481694
    outer loop
      vertex 21.00710678100586 -15.38 22.80710678100586
      vertex 20.887785248458385 -15.38 22.909016992151738
      vertex 21.00710678100586 -16.580000000000002 22.80710678100586
    endloop
  endfacet
  facet normal 0.7604059818481694 0 0.6494480293060572
    outer loop
      vertex 21.00710678100586 -15.38 22.80710678100586
      vertex 21.109016992151737 -16.580000000000002 22.687785248458386
      vertex 21.109016992151737 -15.38 22.687785248458386
    endloop
  endfacet
  facet normal 0.9238795206873224 0 0.3826834609106635
    outer loop
      vertex 21.191006518900394 -15.38 22.55399049371481
      vertex 21.251056514680386 -16.580000000000002 22.409016992151738
      vertex 21.251056514680386 -15.38 22.409016992151738
    endloop
  endfacet
  facet normal 0.5224985442976029 0 0.8526401768664703
    outer loop
      vertex 20.75399049371481 -15.38 22.991006518900395
      vertex 20.887785248458385 -16.580000000000002 22.909016992151738
      vertex 20.887785248458385 -15.38 22.909016992151738
    endloop
  endfacet
  facet normal 0.8526401768664703 0 0.5224985442976029
    outer loop
      vertex 21.191006518900394 -16.580000000000002 22.55399049371481
      vertex 21.109016992151737 -15.38 22.687785248458386
      vertex 21.109016992151737 -16.580000000000002 22.687785248458386
    endloop
  endfacet
  facet normal 0.7604059818481694 0 0.6494480293060572
    outer loop
      vertex 21.00710678100586 -15.38 22.80710678100586
      vertex 21.00710678100586 -16.580000000000002 22.80710678100586
      vertex 21.109016992151737 -16.580000000000002 22.687785248458386
    endloop
  endfacet
  facet normal 0.9238795206873224 0 0.3826834609106635
    outer loop
      vertex 21.191006518900394 -15.38 22.55399049371481
      vertex 21.191006518900394 -16.580000000000002 22.55399049371481
      vertex 21.251056514680386 -16.580000000000002 22.409016992151738
    endloop
  endfacet
  facet normal 0.6494480293060572 0 0.7604059818481694
    outer loop
      vertex 20.887785248458385 -15.38 22.909016992151738
      vertex 20.887785248458385 -16.580000000000002 22.909016992151738
      vertex 21.00710678100586 -16.580000000000002 22.80710678100586
    endloop
  endfacet
  facet normal -1 0 0
    outer loop
      vertex -18.5 -4.6 0
      vertex -18.5 -13.2 2.000000002980233
      vertex -18.5 -4.6 2.000000002980233
    endloop
  endfacet
  facet normal 0 1 0
    outer loop
      vertex -18.5 -4.6 0
      vertex -18.5 -4.6 2.000000002980233
      vertex -12.5 -4.6 0
    endloop
  endfacet
  facet normal 0 1 0
    outer loop
      vertex -12.5 -4.6 0
      vertex -18.5 -4.6 2.000000002980233
      vertex -12.5 -4.6 2.000000002980233
    endloop
  endfacet
  facet normal 0 0 -1
    outer loop
      vertex -18.5 -4.6 0
      vertex -12.5 -4.6 0
      vertex -12.5 -13.2 0
    endloop
  endfacet
  facet normal 1 0 0
    outer loop
      vertex -12.5 -4.6 0
      vertex -12.5 -4.6 2.000000002980233
      vertex -12.5 -13.2 0
    endloop
  endfacet
  facet normal -1 0 0
    outer loop
      vertex -18.5 -4.6 0
      vertex -18.5 -13.2 0
      vertex -18.5 -13.2 2.000000002980233
    endloop
  endfacet
  facet normal 0 0 -1
    outer loop
      vertex -18.5 -4.6 0
      vertex -12.5 -13.2 0
      vertex -18.5 -13.2 0
    endloop
  endfacet
  facet normal 1 0 0
    outer loop
      vertex -12.5 -13.2 0
      vertex -12.5 -4.6 2.000000002980233
      vertex -12.5 -13.2 2.000000002980233
    endloop
  endfacet
  facet normal 0 -1 0
    outer loop
      vertex -18.5 -13.2 0
      vertex -12.5 -13.2 2.000000002980233
      vertex -18.5 -13.2 2.000000002980233
    endloop
  endfacet
  facet normal 0 -1 0
    outer loop
      vertex -18.5 -13.2 0
      vertex -12.5 -13.2 0
      vertex -12.5 -13.2 2.000000002980233
    endloop
  endfacet
  facet normal 0 1 0
    outer loop
      vertex -5.5 -4.6 27.6
      vertex 5.5 -4.6 25.59999999701977
      vertex -5.5 -4.6 25.59999999701977
    endloop
  endfacet
  facet normal -1 0 0
    outer loop
      vertex -5.5 -4.6 27.6
      vertex -5.5 -4.6 25.59999999701977
      vertex -5.5 -13.2 27.6
    endloop
  endfacet
  facet normal 0 0 1
    outer loop
      vertex -5.5 -4.6 27.6
      vertex -5.5 -13.2 27.6
      vertex 5.5 -4.6 27.6
    endloop
  endfacet
  facet normal -1 0 0
    outer loop
      vertex -5.5 -13.2 27.6
      vertex -5.5 -4.6 25.59999999701977
      vertex -5.5 -13.2 25.59999999701977
    endloop
  endfacet
  facet normal 0 -1 0
    outer loop
      vertex -5.5 -13.2 27.6
      vertex -5.5 -13.2 25.59999999701977
      vertex 5.5 -13.2 27.6
    endloop
  endfacet
  facet normal 0 1 0
    outer loop
      vertex -5.5 -4.6 27.6
      vertex 5.5 -4.6 27.6
      vertex 5.5 -4.6 25.59999999701977
    endloop
  endfacet
  facet normal 1 0 0
    outer loop
      vertex 5.5 -4.6 27.6
      vertex 5.5 -13.2 25.59999999701977
      vertex 5.5 -4.6 25.59999999701977
    endloop
  endfacet
  facet normal 0 0 1
    outer loop
      vertex 5.5 -4.6 27.6
      vertex -5.5 -13.2 27.6
      vertex 5.5 -13.2 27.6
    endloop
  endfacet
  facet normal 1 0 0
    outer loop
      vertex 5.5 -4.6 27.6
      vertex 5.5 -13.2 27.6
      vertex 5.5 -13.2 25.59999999701977
    endloop
  endfacet
  facet normal 0 -1 0
    outer loop
      vertex 5.5 -13.2 27.6
      vertex -5.5 -13.2 25.59999999701977
      vertex 5.5 -13.2 25.59999999701977
    endloop
  endfacet
endsolid OpenSCAD_Model
