solid OpenSCAD_Model
  facet normal 0.6593458151000717 -2.0935941702534882e-13 0.7518398074789749
    outer loop
      vertex 26.765029927325145 -14.592460541177372 4.33894298016998
      vertex 26.484745673618338 -14.6 4.58474567361834
      vertex 26.650000021244665 -14.6 4.439821500342827
    endloop
  endfacet
  facet normal 0 1 0
    outer loop
      vertex 26.650000021244665 -14.6 4.439821500342827
      vertex 26.484745673618338 -14.6 4.58474567361834
      vertex 26.23894298016998 -14.6 4.865029927325146
    endloop
  endfacet
  facet normal 0 1 0
    outer loop
      vertex 26.650000021244665 -14.6 4.439821500342827
      vertex 26.23894298016998 -14.6 4.865029927325146
      vertex 26.03182759921435 -14.6 5.175
    endloop
  endfacet
  facet normal 0 1 0
    outer loop
      vertex 26.650000021244665 -14.6 4.439821500342827
      vertex 26.03182759921435 -14.6 5.175
      vertex 25.86694333234283 -14.6 5.509352217759494
    endloop
  endfacet
  facet normal 0.1950903220161255 0 0.980785280403231
    outer loop
      vertex 27.762365721457815 -14.48927835778369 3.847111395076155
      vertex 28.128000352172855 -14.4165491075641 3.7743821450846404
      vertex 27.762365721457815 -10.35 3.847111395076155
    endloop
  endfacet
  facet normal 0.32143946530316314 0 0.946930129495105
    outer loop
      vertex 27.762365721457815 -14.48927835778369 3.847111395076155
      vertex 27.762365721457815 -10.35 3.847111395076155
      vertex 27.478841319680214 -14.545674867928028 3.943354960751253
    endloop
  endfacet
  facet normal 0.4422886902190015 0 0.8968727415326881
    outer loop
      vertex 27.409352217759494 -14.55022942456816 3.966943332342833
      vertex 27.075 -10.35 4.1318275992143505
      vertex 27.075 -14.572144028030399 4.1318275992143505
    endloop
  endfacet
  facet normal 0.32143946530316614 0 0.9469301294951041
    outer loop
      vertex 27.478841319680214 -14.545674867928028 3.943354960751253
      vertex 27.409352217759494 -10.35 3.966943332342833
      vertex 27.409352217759494 -14.55022942456816 3.966943332342833
    endloop
  endfacet
  facet normal 0.555570233019601 0 0.8314696123025461
    outer loop
      vertex 27.075 -14.572144028030399 4.1318275992143505
      vertex 26.765029927325145 -10.35 4.33894298016998
      vertex 26.765029927325145 -14.592460541177372 4.33894298016998
    endloop
  endfacet
  facet normal 0.32143946530316375 -4.4362400403079826e-17 0.9469301294951048
    outer loop
      vertex 27.478841319680214 -14.545674867928028 3.943354960751253
      vertex 27.762365721457815 -10.35 3.847111395076155
      vertex 27.409352217759494 -10.35 3.966943332342833
    endloop
  endfacet
  facet normal 0.4422886902190015 0 0.8968727415326883
    outer loop
      vertex 27.409352217759494 -14.55022942456816 3.966943332342833
      vertex 27.409352217759494 -10.35 3.966943332342833
      vertex 27.075 -10.35 4.1318275992143505
    endloop
  endfacet
  facet normal 0.555570233019601 0 0.8314696123025461
    outer loop
      vertex 27.075 -14.572144028030399 4.1318275992143505
      vertex 27.075 -10.35 4.1318275992143505
      vertex 26.765029927325145 -10.35 4.33894298016998
    endloop
  endfacet
  facet normal 0.06540312923014314 0 0.9978589232386036
    outer loop
      vertex 28.128000352172855 -14.4165491075641 3.7743821450846404
      vertex 28.293500937521458 -14.383628994226456 3.763534663622944
      vertex 28.128000352172855 -10.35 3.7743821450846404
    endloop
  endfacet
  facet normal 0.06540312923014399 0 0.9978589232386035
    outer loop
      vertex 28.293500937521458 -14.383628994226456 3.763534663622944
      vertex 28.5 -14.313532008438319 3.75
      vertex 28.5 -10.35 3.75
    endloop
  endfacet
  facet normal -0.0654031292301436 0 0.9978589232386035
    outer loop
      vertex 28.5 -14.313532008438319 3.75
      vertex 28.871999647827145 -14.18725514444703 3.7743821450846404
      vertex 28.5 -10.35 3.75
    endloop
  endfacet
  facet normal -0.19509032201612703 0 0.9807852804032308
    outer loop
      vertex 28.871999647827145 -14.18725514444703 3.7743821450846404
      vertex 29.08003979176283 -14.116635031998158 3.8157639026248917
      vertex 28.871999647827145 -10.35 3.7743821450846404
    endloop
  endfacet
  facet normal -0.19509032201612353 0 0.9807852804032314
    outer loop
      vertex 29.08003979176283 -14.116635031998158 3.8157639026248917
      vertex 29.237634278542185 -14.038918031093733 3.847111395076155
      vertex 29.237634278542185 -10.35 3.847111395076155
    endloop
  endfacet
  facet normal -0.3214394653031638 0 0.946930129495105
    outer loop
      vertex 29.237634278542185 -14.038918031093733 3.847111395076155
      vertex 29.590647782240506 -13.8648310351152 3.966943332342833
      vertex 29.237634278542185 -10.35 3.847111395076155
    endloop
  endfacet
  facet normal -0.4422886902190009 0 0.8968727415326886
    outer loop
      vertex 29.590647782240506 -13.8648310351152 3.966943332342833
      vertex 29.82499999552965 -13.749261312186718 4.082513054406688
      vertex 29.590647782240506 -10.35 3.966943332342833
    endloop
  endfacet
  facet normal -0.44228869021900297 0 0.8968727415326874
    outer loop
      vertex 29.82499999552965 -13.749261312186718 4.082513054406688
      vertex 29.925 -13.682443446005525 4.1318275992143505
      vertex 29.925 -10.35 4.1318275992143505
    endloop
  endfacet
  facet normal 0.1950903220161255 0 0.980785280403231
    outer loop
      vertex 28.128000352172855 -14.4165491075641 3.7743821450846404
      vertex 28.128000352172855 -10.35 3.7743821450846404
      vertex 27.762365721457815 -10.35 3.847111395076155
    endloop
  endfacet
  facet normal 0.0654031292301436 1.989986002924115e-17 0.9978589232386035
    outer loop
      vertex 28.293500937521458 -14.383628994226456 3.763534663622944
      vertex 28.5 -10.35 3.75
      vertex 28.128000352172855 -10.35 3.7743821450846404
    endloop
  endfacet
  facet normal -0.06540312923014362 0 0.9978589232386035
    outer loop
      vertex 28.871999647827145 -14.18725514444703 3.7743821450846404
      vertex 28.871999647827145 -10.35 3.7743821450846404
      vertex 28.5 -10.35 3.75
    endloop
  endfacet
  facet normal -0.1950903220161255 8.647715056653282e-17 0.9807852804032309
    outer loop
      vertex 29.08003979176283 -14.116635031998158 3.8157639026248917
      vertex 29.237634278542185 -10.35 3.847111395076155
      vertex 28.871999647827145 -10.35 3.7743821450846404
    endloop
  endfacet
  facet normal -0.32143946530316375 0 0.9469301294951049
    outer loop
      vertex 29.590647782240506 -13.8648310351152 3.966943332342833
      vertex 29.590647782240506 -10.35 3.966943332342833
      vertex 29.237634278542185 -10.35 3.847111395076155
    endloop
  endfacet
  facet normal -0.555570233019601 0 0.8314696123025461
    outer loop
      vertex 29.925 -13.682443446005525 4.1318275992143505
      vertex 30.234970072674855 -13.475328066902676 4.33894298016998
      vertex 29.925 -10.35 4.1318275992143505
    endloop
  endfacet
  facet normal -0.4422886902190015 -5.2018271556711914e-17 0.8968727415326883
    outer loop
      vertex 29.82499999552965 -13.749261312186718 4.082513054406688
      vertex 29.925 -10.35 4.1318275992143505
      vertex 29.590647782240506 -10.35 3.966943332342833
    endloop
  endfacet
  facet normal -0.5555702330196011 0 0.8314696123025461
    outer loop
      vertex 30.234970072674855 -13.475328066902676 4.33894298016998
      vertex 30.234970072674855 -10.35 4.33894298016998
      vertex 29.925 -10.35 4.1318275992143505
    endloop
  endfacet
  facet normal 0.6593458151000683 0 0.7518398074789778
    outer loop
      vertex 26.765029927325145 -14.592460541177372 4.33894298016998
      vertex 26.765029927325145 -10.35 4.33894298016998
      vertex 26.484745673618338 -14.6 4.58474567361834
    endloop
  endfacet
  facet normal 0.7518398074789802 0 0.6593458151000657
    outer loop
      vertex 26.484745673618338 -14.6 4.58474567361834
      vertex 26.484745673618338 -10.35 4.58474567361834
      vertex 26.23894298016998 -14.6 4.865029927325146
    endloop
  endfacet
  facet normal 0.8314696123025432 0 0.5555702330196054
    outer loop
      vertex 26.23894298016998 -14.6 4.865029927325146
      vertex 26.23894298016998 -10.35 4.865029927325146
      vertex 26.03182759921435 -14.6 5.175
    endloop
  endfacet
  facet normal 0.6593458151000684 0 0.7518398074789778
    outer loop
      vertex 26.484745673618338 -14.6 4.58474567361834
      vertex 26.765029927325145 -10.35 4.33894298016998
      vertex 26.484745673618338 -10.35 4.58474567361834
    endloop
  endfacet
  facet normal 0.7518398074789802 0 0.6593458151000657
    outer loop
      vertex 26.23894298016998 -14.6 4.865029927325146
      vertex 26.484745673618338 -10.35 4.58474567361834
      vertex 26.23894298016998 -10.35 4.865029927325146
    endloop
  endfacet
  facet normal 0.8314696123025432 0 0.5555702330196054
    outer loop
      vertex 26.23894298016998 -10.35 4.865029927325146
      vertex 26.03182759921435 -10.35 5.175
      vertex 26.03182759921435 -14.6 5.175
    endloop
  endfacet
  facet normal -0.6593458151000684 0 0.7518398074789778
    outer loop
      vertex 30.234970072674855 -13.475328066902676 4.33894298016998
      vertex 30.515254326381662 -13.288048117705976 4.58474567361834
      vertex 30.234970072674855 -10.35 4.33894298016998
    endloop
  endfacet
  facet normal -0.6593458151000684 0 0.7518398074789778
    outer loop
      vertex 30.515254326381662 -13.288048117705976 4.58474567361834
      vertex 30.515254326381662 -10.35 4.58474567361834
      vertex 30.234970072674855 -10.35 4.33894298016998
    endloop
  endfacet
  facet normal 0 1 0
    outer loop
      vertex 26.650000021244665 -14.6 4.439821500342827
      vertex 25.86694333234283 -14.6 5.509352217759494
      vertex 25.747111395076153 -14.6 5.862365721457816
    endloop
  endfacet
  facet normal 0 1 0
    outer loop
      vertex 26.650000021244665 -14.6 4.439821500342827
      vertex 25.747111395076153 -14.6 5.862365721457816
      vertex 25.67438214508464 -14.6 6.228000352172853
    endloop
  endfacet
  facet normal 0 1 0
    outer loop
      vertex 26.650000021244665 -14.6 4.439821500342827
      vertex 25.67438214508464 -14.6 6.228000352172853
      vertex 25.7588 -14.6 10
    endloop
  endfacet
  facet normal 0.8968727415326877 0 0.44228869021900247
    outer loop
      vertex 26.03182759921435 -14.6 5.175
      vertex 26.03182759921435 -10.35 5.175
      vertex 25.86694333234283 -14.6 5.509352217759494
    endloop
  endfacet
  facet normal 0.9469301294951052 0 0.3214394653031631
    outer loop
      vertex 25.86694333234283 -14.6 5.509352217759494
      vertex 25.86694333234283 -10.35 5.509352217759494
      vertex 25.747111395076153 -14.6 5.862365721457816
    endloop
  endfacet
  facet normal 0.9807852804032309 0 0.19509032201612642
    outer loop
      vertex 25.747111395076153 -14.6 5.862365721457816
      vertex 25.747111395076153 -10.35 5.862365721457816
      vertex 25.67438214508464 -14.6 6.228000352172853
    endloop
  endfacet
  facet normal 0.8968727415326877 0 0.44228869021900247
    outer loop
      vertex 25.86694333234283 -14.6 5.509352217759494
      vertex 26.03182759921435 -10.35 5.175
      vertex 25.86694333234283 -10.35 5.509352217759494
    endloop
  endfacet
  facet normal 0.9469301294951052 0 0.3214394653031631
    outer loop
      vertex 25.747111395076153 -14.6 5.862365721457816
      vertex 25.86694333234283 -10.35 5.509352217759494
      vertex 25.747111395076153 -10.35 5.862365721457816
    endloop
  endfacet
  facet normal 0.9807852804032309 0 0.19509032201612642
    outer loop
      vertex 25.67438214508464 -14.6 6.228000352172853
      vertex 25.747111395076153 -10.35 5.862365721457816
      vertex 25.67438214508464 -10.35 6.228000352172853
    endloop
  endfacet
  facet normal 0.9978589232386035 0 0.06540312923014345
    outer loop
      vertex 25.67438214508464 -14.6 6.228000352172853
      vertex 25.67438214508464 -10.35 6.228000352172853
      vertex 25.65 -14.6 6.6
    endloop
  endfacet
  facet normal 0.9978589232386035 0 0.06540312923014345
    outer loop
      vertex 25.65 -14.6 6.6
      vertex 25.67438214508464 -10.35 6.228000352172853
      vertex 25.65 -10.35 6.6
    endloop
  endfacet
  facet normal -0.7518398074797622 2.051804230670938e-12 0.6593458150991741
    outer loop
      vertex 30.515635073184967 -13.287793710827827 4.585179832138405
      vertex 30.76105701983002 -13.072564441536652 4.865029927325146
      vertex 30.515254326381662 -13.288048117705976 4.58474567361834
    endloop
  endfacet
  facet normal -0.7518398074789802 0 0.6593458151000656
    outer loop
      vertex 30.515254326381662 -13.288048117705976 4.58474567361834
      vertex 30.76105701983002 -13.072564441536652 4.865029927325146
      vertex 30.515254326381662 -10.35 4.58474567361834
    endloop
  endfacet
  facet normal -0.7518398074789803 0 0.6593458151000657
    outer loop
      vertex 30.76105701983002 -13.072564441536652 4.865029927325146
      vertex 30.76105701983002 -10.35 4.865029927325146
      vertex 30.515254326381662 -10.35 4.58474567361834
    endloop
  endfacet
  facet normal -0.8314696123025431 0 0.5555702330196054
    outer loop
      vertex 30.76105701983002 -13.072564441536652 4.865029927325146
      vertex 30.96817240078565 -12.890929128511795 5.175
      vertex 30.76105701983002 -10.35 4.865029927325146
    endloop
  endfacet
  facet normal -0.8314696123025431 0 0.5555702330196053
    outer loop
      vertex 30.76105701983002 -10.35 4.865029927325146
      vertex 30.96817240078565 -12.890929128511795 5.175
      vertex 30.96817240078565 -10.35 5.175
    endloop
  endfacet
  facet normal -0.8968727415326877 0 0.44228869021900247
    outer loop
      vertex 30.96817240078565 -12.890929128511795 5.175
      vertex 31.13305666765717 -12.746329508300596 5.509352217759494
      vertex 30.96817240078565 -10.35 5.175
    endloop
  endfacet
  facet normal -0.9074688483808033 0 0.42011937496194884
    outer loop
      vertex 31.13305666765717 -12.746329508300596 5.509352217759494
      vertex 31.140128061175346 -12.740128062665462 5.524626612883426
      vertex 31.13305666765717 -10.35 5.509352217759494
    endloop
  endfacet
  facet normal -0.9074688483808079 -7.601935559418107e-17 0.42011937496193913
    outer loop
      vertex 31.140128061175346 -12.740128062665462 5.524626612883426
      vertex 31.68779370933771 -12.115635074675083 6.7075987504589785
      vertex 31.13305666765717 -10.35 5.509352217759494
    endloop
  endfacet
  facet normal -0.9074688483808078 0 0.4201193749619392
    outer loop
      vertex 31.68779370933771 -12.115635074675083 6.7075987504589785
      vertex 32.1492613106966 -11.424999997019768 7.7043808503279605
      vertex 31.13305666765717 -10.35 5.509352217759494
    endloop
  endfacet
  facet normal 0 -1 0
    outer loop
      vertex 28.128000352172855 -10.35 3.7743821450846404
      vertex 28.5 -10.35 3.75
      vertex 28.871999647827145 -10.35 3.7743821450846404
    endloop
  endfacet
  facet normal 0 -1 0
    outer loop
      vertex 27.762365721457815 -10.35 3.847111395076155
      vertex 28.128000352172855 -10.35 3.7743821450846404
      vertex 29.237634278542185 -10.35 3.847111395076155
    endloop
  endfacet
  facet normal 0 -1 0
    outer loop
      vertex 27.762365721457815 -10.35 3.847111395076155
      vertex 29.590647782240506 -10.35 3.966943332342833
      vertex 27.409352217759494 -10.35 3.966943332342833
    endloop
  endfacet
  facet normal 0 -1 0
    outer loop
      vertex 28.128000352172855 -10.35 3.7743821450846404
      vertex 28.871999647827145 -10.35 3.7743821450846404
      vertex 29.237634278542185 -10.35 3.847111395076155
    endloop
  endfacet
  facet normal 0 -1 0
    outer loop
      vertex 27.762365721457815 -10.35 3.847111395076155
      vertex 29.237634278542185 -10.35 3.847111395076155
      vertex 29.590647782240506 -10.35 3.966943332342833
    endloop
  endfacet
  facet normal 0 -1 0
    outer loop
      vertex 27.409352217759494 -10.35 3.966943332342833
      vertex 29.925 -10.35 4.1318275992143505
      vertex 27.075 -10.35 4.1318275992143505
    endloop
  endfacet
  facet normal 0 -1 0
    outer loop
      vertex 27.409352217759494 -10.35 3.966943332342833
      vertex 29.590647782240506 -10.35 3.966943332342833
      vertex 29.925 -10.35 4.1318275992143505
    endloop
  endfacet
  facet normal 0 -1 0
    outer loop
      vertex 27.075 -10.35 4.1318275992143505
      vertex 30.234970072674855 -10.35 4.33894298016998
      vertex 26.765029927325145 -10.35 4.33894298016998
    endloop
  endfacet
  facet normal 0 -1 0
    outer loop
      vertex 27.075 -10.35 4.1318275992143505
      vertex 29.925 -10.35 4.1318275992143505
      vertex 30.234970072674855 -10.35 4.33894298016998
    endloop
  endfacet
  facet normal 0 -1 0
    outer loop
      vertex 26.765029927325145 -10.35 4.33894298016998
      vertex 30.515254326381662 -10.35 4.58474567361834
      vertex 26.484745673618338 -10.35 4.58474567361834
    endloop
  endfacet
  facet normal 0 -1 0
    outer loop
      vertex 26.484745673618338 -10.35 4.58474567361834
      vertex 30.76105701983002 -10.35 4.865029927325146
      vertex 26.23894298016998 -10.35 4.865029927325146
    endloop
  endfacet
  facet normal 0 -1 0
    outer loop
      vertex 26.23894298016998 -10.35 4.865029927325146
      vertex 30.96817240078565 -10.35 5.175
      vertex 26.03182759921435 -10.35 5.175
    endloop
  endfacet
  facet normal 0 -1 0
    outer loop
      vertex 26.765029927325145 -10.35 4.33894298016998
      vertex 30.234970072674855 -10.35 4.33894298016998
      vertex 30.515254326381662 -10.35 4.58474567361834
    endloop
  endfacet
  facet normal 0 -1 0
    outer loop
      vertex 26.484745673618338 -10.35 4.58474567361834
      vertex 30.515254326381662 -10.35 4.58474567361834
      vertex 30.76105701983002 -10.35 4.865029927325146
    endloop
  endfacet
  facet normal 0 -1 0
    outer loop
      vertex 26.23894298016998 -10.35 4.865029927325146
      vertex 30.76105701983002 -10.35 4.865029927325146
      vertex 30.96817240078565 -10.35 5.175
    endloop
  endfacet
  facet normal 0 -1 0
    outer loop
      vertex 26.03182759921435 -10.35 5.175
      vertex 31.13305666765717 -10.35 5.509352217759494
      vertex 25.86694333234283 -10.35 5.509352217759494
    endloop
  endfacet
  facet normal 0 -1 0
    outer loop
      vertex 26.03182759921435 -10.35 5.175
      vertex 30.96817240078565 -10.35 5.175
      vertex 31.13305666765717 -10.35 5.509352217759494
    endloop
  endfacet
  facet normal -0.8968727415326877 0 0.44228869021900247
    outer loop
      vertex 31.13305666765717 -12.746329508300596 5.509352217759494
      vertex 31.13305666765717 -10.35 5.509352217759494
      vertex 30.96817240078565 -10.35 5.175
    endloop
  endfacet
  facet normal 0 1 0
    outer loop
      vertex 25.67438214508464 -14.6 6.228000352172853
      vertex 25.65 -14.6 6.6
      vertex 25.7588 -14.6 10
    endloop
  endfacet
  facet normal 0 1 0
    outer loop
      vertex 26.650000021244665 -14.6 4.439821500342827
      vertex 25.7588 -14.6 10
      vertex 26.650000021244665 -14.6 10
    endloop
  endfacet
  facet normal 0.999488392880756 0 -0.03198362857218484
    outer loop
      vertex 25.65 -14.6 6.6
      vertex 25.65 -10.35 6.6
      vertex 25.7588 -10.35 10
    endloop
  endfacet
  facet normal 0.999488392880756 0 -0.03198362857218484
    outer loop
      vertex 25.65 -14.6 6.6
      vertex 25.7588 -10.35 10
      vertex 25.7588 -14.6 10
    endloop
  endfacet
  facet normal 0 -1 0
    outer loop
      vertex 25.86694333234283 -10.35 5.509352217759494
      vertex 32.62866844324848 -10.35 10
      vertex 25.747111395076153 -10.35 5.862365721457816
    endloop
  endfacet
  facet normal 0 -1 0
    outer loop
      vertex 25.747111395076153 -10.35 5.862365721457816
      vertex 32.62866844324848 -10.35 10
      vertex 25.67438214508464 -10.35 6.228000352172853
    endloop
  endfacet
  facet normal 0 -1 0
    outer loop
      vertex 25.86694333234283 -10.35 5.509352217759494
      vertex 31.13305666765717 -10.35 5.509352217759494
      vertex 32.62866844324848 -10.35 10
    endloop
  endfacet
  facet normal 0 -1 0
    outer loop
      vertex 25.67438214508464 -10.35 6.228000352172853
      vertex 32.62866844324848 -10.35 10
      vertex 25.65 -10.35 6.6
    endloop
  endfacet
  facet normal 0 -1 0
    outer loop
      vertex 25.65 -10.35 6.6
      vertex 32.62866844324848 -10.35 10
      vertex 25.7588 -10.35 10
    endloop
  endfacet
  facet normal -0.9074688483808078 -2.834288448141766e-16 0.42011937496193913
    outer loop
      vertex 32.1492613106966 -11.424999997019768 7.7043808503279605
      vertex 32.51663503050804 -10.680039793252945 8.497917702735359
      vertex 31.13305666765717 -10.35 5.509352217759494
    endloop
  endfacet
  facet normal -0.9074688483808074 6.8034665622967984e-15 0.42011937496193974
    outer loop
      vertex 31.13305666765717 -10.35 5.509352217759494
      vertex 32.51663503050804 -10.680039793252945 8.497917702735359
      vertex 32.62866844324848 -10.35 8.739912807219518
    endloop
  endfacet
  facet normal 0 -1 0
    outer loop
      vertex 31.13305666765717 -10.35 5.509352217759494
      vertex 32.62866844324848 -10.35 8.739912807219518
      vertex 32.62866844324848 -10.35 10
    endloop
  endfacet
  facet normal 0.7518398074798215 1.8759352966134e-12 0.6593458150991065
    outer loop
      vertex -30.76105701983002 -13.072564441536652 4.865029927325146
      vertex -30.515635073184967 -13.287793710827827 4.585179832138405
      vertex -30.515254326381662 -13.288048117705976 4.58474567361834
    endloop
  endfacet
  facet normal 0.7518398074789802 0 0.6593458151000657
    outer loop
      vertex -30.76105701983002 -13.072564441536652 4.865029927325146
      vertex -30.515254326381662 -13.288048117705976 4.58474567361834
      vertex -30.515254326381662 -10.35 4.58474567361834
    endloop
  endfacet
  facet normal 0.7518398074789803 0 0.6593458151000657
    outer loop
      vertex -30.76105701983002 -13.072564441536652 4.865029927325146
      vertex -30.515254326381662 -10.35 4.58474567361834
      vertex -30.76105701983002 -10.35 4.865029927325146
    endloop
  endfacet
  facet normal 0.8314696123025431 0 0.5555702330196054
    outer loop
      vertex -30.76105701983002 -13.072564441536652 4.865029927325146
      vertex -30.76105701983002 -10.35 4.865029927325146
      vertex -30.96817240078565 -12.890929128511795 5.175
    endloop
  endfacet
  facet normal 0.8314696123025431 0 0.5555702330196053
    outer loop
      vertex -30.76105701983002 -10.35 4.865029927325146
      vertex -30.96817240078565 -10.35 5.175
      vertex -30.96817240078565 -12.890929128511795 5.175
    endloop
  endfacet
  facet normal 0.8968727415326877 0 0.44228869021900247
    outer loop
      vertex -30.96817240078565 -12.890929128511795 5.175
      vertex -30.96817240078565 -10.35 5.175
      vertex -31.13305666765717 -12.746329508300596 5.509352217759494
    endloop
  endfacet
  facet normal 0.9074688483808033 0 0.42011937496194884
    outer loop
      vertex -31.13305666765717 -12.746329508300596 5.509352217759494
      vertex -31.13305666765717 -10.35 5.509352217759494
      vertex -31.140128061175346 -12.740128062665462 5.524626612883426
    endloop
  endfacet
  facet normal 0.9074688483808079 -7.601935559418107e-17 0.42011937496193913
    outer loop
      vertex -31.140128061175346 -12.740128062665462 5.524626612883426
      vertex -31.13305666765717 -10.35 5.509352217759494
      vertex -31.68779370933771 -12.115635074675083 6.7075987504589785
    endloop
  endfacet
  facet normal 0.9074688483808078 0 0.4201193749619392
    outer loop
      vertex -31.68779370933771 -12.115635074675083 6.7075987504589785
      vertex -31.13305666765717 -10.35 5.509352217759494
      vertex -32.1492613106966 -11.424999997019768 7.7043808503279605
    endloop
  endfacet
  facet normal -0.6593458151000717 -2.0935941702534882e-13 0.7518398074789749
    outer loop
      vertex -26.765029927325145 -14.592460541177372 4.33894298016998
      vertex -26.650000021244665 -14.6 4.439821500342827
      vertex -26.484745673618338 -14.6 4.58474567361834
    endloop
  endfacet
  facet normal 0 1 0
    outer loop
      vertex -26.650000021244665 -14.6 4.439821500342827
      vertex -26.23894298016998 -14.6 4.865029927325146
      vertex -26.484745673618338 -14.6 4.58474567361834
    endloop
  endfacet
  facet normal 0 1 0
    outer loop
      vertex -26.650000021244665 -14.6 4.439821500342827
      vertex -26.03182759921435 -14.6 5.175
      vertex -26.23894298016998 -14.6 4.865029927325146
    endloop
  endfacet
  facet normal 0 1 0
    outer loop
      vertex -26.650000021244665 -14.6 4.439821500342827
      vertex -25.86694333234283 -14.6 5.509352217759494
      vertex -26.03182759921435 -14.6 5.175
    endloop
  endfacet
  facet normal 0.3214394653031638 0 0.946930129495105
    outer loop
      vertex -29.237634278542185 -14.038918031093733 3.847111395076155
      vertex -29.237634278542185 -10.35 3.847111395076155
      vertex -29.590647782240506 -13.8648310351152 3.966943332342833
    endloop
  endfacet
  facet normal 0.06540312923014362 0 0.9978589232386035
    outer loop
      vertex -28.871999647827145 -14.18725514444703 3.7743821450846404
      vertex -28.5 -14.313532008438319 3.75
      vertex -28.5 -10.35 3.75
    endloop
  endfacet
  facet normal 0.19509032201612703 0 0.9807852804032308
    outer loop
      vertex -29.08003979176283 -14.116635031998158 3.8157639026248917
      vertex -28.871999647827145 -14.18725514444703 3.7743821450846404
      vertex -28.871999647827145 -10.35 3.7743821450846404
    endloop
  endfacet
  facet normal 0.19509032201612353 0 0.9807852804032314
    outer loop
      vertex -29.08003979176283 -14.116635031998158 3.8157639026248917
      vertex -29.237634278542185 -10.35 3.847111395076155
      vertex -29.237634278542185 -14.038918031093733 3.847111395076155
    endloop
  endfacet
  facet normal -0.065403129230144 0 0.9978589232386035
    outer loop
      vertex -28.5 -14.313532008438319 3.75
      vertex -28.293500937521458 -14.383628994226456 3.763534663622944
      vertex -28.5 -10.35 3.75
    endloop
  endfacet
  facet normal -0.06540312923014314 0 0.9978589232386036
    outer loop
      vertex -28.293500937521458 -14.383628994226456 3.763534663622944
      vertex -28.128000352172855 -14.4165491075641 3.7743821450846404
      vertex -28.128000352172855 -10.35 3.7743821450846404
    endloop
  endfacet
  facet normal 0.44228869021900297 0 0.8968727415326874
    outer loop
      vertex -29.925 -13.682443446005525 4.1318275992143505
      vertex -29.82499999552965 -13.749261312186718 4.082513054406688
      vertex -29.925 -10.35 4.1318275992143505
    endloop
  endfacet
  facet normal 0.4422886902190009 0 0.8968727415326886
    outer loop
      vertex -29.590647782240506 -13.8648310351152 3.966943332342833
      vertex -29.590647782240506 -10.35 3.966943332342833
      vertex -29.82499999552965 -13.749261312186718 4.082513054406688
    endloop
  endfacet
  facet normal 0.32143946530316375 0 0.9469301294951049
    outer loop
      vertex -29.590647782240506 -13.8648310351152 3.966943332342833
      vertex -29.237634278542185 -10.35 3.847111395076155
      vertex -29.590647782240506 -10.35 3.966943332342833
    endloop
  endfacet
  facet normal 0.1950903220161255 8.647715056653282e-17 0.9807852804032309
    outer loop
      vertex -29.08003979176283 -14.116635031998158 3.8157639026248917
      vertex -28.871999647827145 -10.35 3.7743821450846404
      vertex -29.237634278542185 -10.35 3.847111395076155
    endloop
  endfacet
  facet normal 0.06540312923014362 0 0.9978589232386035
    outer loop
      vertex -28.871999647827145 -14.18725514444703 3.7743821450846404
      vertex -28.5 -10.35 3.75
      vertex -28.871999647827145 -10.35 3.7743821450846404
    endloop
  endfacet
  facet normal -0.0654031292301436 1.989986002924115e-17 0.9978589232386035
    outer loop
      vertex -28.293500937521458 -14.383628994226456 3.763534663622944
      vertex -28.128000352172855 -10.35 3.7743821450846404
      vertex -28.5 -10.35 3.75
    endloop
  endfacet
  facet normal -0.1950903220161255 0 0.980785280403231
    outer loop
      vertex -28.128000352172855 -14.4165491075641 3.7743821450846404
      vertex -27.762365721457815 -10.35 3.847111395076155
      vertex -28.128000352172855 -10.35 3.7743821450846404
    endloop
  endfacet
  facet normal 0.555570233019601 0 0.8314696123025461
    outer loop
      vertex -29.925 -13.682443446005525 4.1318275992143505
      vertex -29.925 -10.35 4.1318275992143505
      vertex -30.234970072674855 -13.475328066902676 4.33894298016998
    endloop
  endfacet
  facet normal 0.4422886902190015 -5.2018271556711914e-17 0.8968727415326883
    outer loop
      vertex -29.82499999552965 -13.749261312186718 4.082513054406688
      vertex -29.590647782240506 -10.35 3.966943332342833
      vertex -29.925 -10.35 4.1318275992143505
    endloop
  endfacet
  facet normal 0.5555702330196011 0 0.8314696123025461
    outer loop
      vertex -30.234970072674855 -13.475328066902676 4.33894298016998
      vertex -29.925 -10.35 4.1318275992143505
      vertex -30.234970072674855 -10.35 4.33894298016998
    endloop
  endfacet
  facet normal -0.1950903220161255 0 0.980785280403231
    outer loop
      vertex -28.128000352172855 -14.4165491075641 3.7743821450846404
      vertex -27.762365721457815 -14.48927835778369 3.847111395076155
      vertex -27.762365721457815 -10.35 3.847111395076155
    endloop
  endfacet
  facet normal -0.32143946530316314 0 0.946930129495105
    outer loop
      vertex -27.762365721457815 -14.48927835778369 3.847111395076155
      vertex -27.478841319680214 -14.545674867928028 3.943354960751253
      vertex -27.762365721457815 -10.35 3.847111395076155
    endloop
  endfacet
  facet normal -0.32143946530316614 0 0.9469301294951041
    outer loop
      vertex -27.478841319680214 -14.545674867928028 3.943354960751253
      vertex -27.409352217759494 -14.55022942456816 3.966943332342833
      vertex -27.409352217759494 -10.35 3.966943332342833
    endloop
  endfacet
  facet normal -0.4422886902190015 0 0.8968727415326881
    outer loop
      vertex -27.409352217759494 -14.55022942456816 3.966943332342833
      vertex -27.075 -14.572144028030399 4.1318275992143505
      vertex -27.075 -10.35 4.1318275992143505
    endloop
  endfacet
  facet normal -0.555570233019601 0 0.8314696123025461
    outer loop
      vertex -27.075 -14.572144028030399 4.1318275992143505
      vertex -26.765029927325145 -14.592460541177372 4.33894298016998
      vertex -26.765029927325145 -10.35 4.33894298016998
    endloop
  endfacet
  facet normal -0.32143946530316375 -4.4362400403079826e-17 0.9469301294951048
    outer loop
      vertex -27.478841319680214 -14.545674867928028 3.943354960751253
      vertex -27.409352217759494 -10.35 3.966943332342833
      vertex -27.762365721457815 -10.35 3.847111395076155
    endloop
  endfacet
  facet normal -0.4422886902190015 0 0.8968727415326883
    outer loop
      vertex -27.409352217759494 -14.55022942456816 3.966943332342833
      vertex -27.075 -10.35 4.1318275992143505
      vertex -27.409352217759494 -10.35 3.966943332342833
    endloop
  endfacet
  facet normal -0.555570233019601 0 0.8314696123025461
    outer loop
      vertex -27.075 -14.572144028030399 4.1318275992143505
      vertex -26.765029927325145 -10.35 4.33894298016998
      vertex -27.075 -10.35 4.1318275992143505
    endloop
  endfacet
  facet normal 0.6593458151000684 0 0.7518398074789778
    outer loop
      vertex -30.234970072674855 -13.475328066902676 4.33894298016998
      vertex -30.234970072674855 -10.35 4.33894298016998
      vertex -30.515254326381662 -13.288048117705976 4.58474567361834
    endloop
  endfacet
  facet normal 0.6593458151000684 0 0.7518398074789778
    outer loop
      vertex -30.515254326381662 -13.288048117705976 4.58474567361834
      vertex -30.234970072674855 -10.35 4.33894298016998
      vertex -30.515254326381662 -10.35 4.58474567361834
    endloop
  endfacet
  facet normal -0.6593458151000683 0 0.7518398074789778
    outer loop
      vertex -26.765029927325145 -14.592460541177372 4.33894298016998
      vertex -26.484745673618338 -14.6 4.58474567361834
      vertex -26.765029927325145 -10.35 4.33894298016998
    endloop
  endfacet
  facet normal -0.7518398074789802 0 0.6593458151000657
    outer loop
      vertex -26.484745673618338 -14.6 4.58474567361834
      vertex -26.23894298016998 -14.6 4.865029927325146
      vertex -26.484745673618338 -10.35 4.58474567361834
    endloop
  endfacet
  facet normal -0.8314696123025432 0 0.5555702330196054
    outer loop
      vertex -26.23894298016998 -14.6 4.865029927325146
      vertex -26.03182759921435 -14.6 5.175
      vertex -26.23894298016998 -10.35 4.865029927325146
    endloop
  endfacet
  facet normal -0.6593458151000684 0 0.7518398074789778
    outer loop
      vertex -26.484745673618338 -14.6 4.58474567361834
      vertex -26.484745673618338 -10.35 4.58474567361834
      vertex -26.765029927325145 -10.35 4.33894298016998
    endloop
  endfacet
  facet normal -0.7518398074789802 0 0.6593458151000657
    outer loop
      vertex -26.23894298016998 -14.6 4.865029927325146
      vertex -26.23894298016998 -10.35 4.865029927325146
      vertex -26.484745673618338 -10.35 4.58474567361834
    endloop
  endfacet
  facet normal -0.8314696123025432 0 0.5555702330196054
    outer loop
      vertex -26.23894298016998 -10.35 4.865029927325146
      vertex -26.03182759921435 -14.6 5.175
      vertex -26.03182759921435 -10.35 5.175
    endloop
  endfacet
  facet normal 0 1 0
    outer loop
      vertex -26.650000021244665 -14.6 4.439821500342827
      vertex -25.747111395076153 -14.6 5.862365721457816
      vertex -25.86694333234283 -14.6 5.509352217759494
    endloop
  endfacet
  facet normal 0 1 0
    outer loop
      vertex -26.650000021244665 -14.6 4.439821500342827
      vertex -25.67438214508464 -14.6 6.228000352172853
      vertex -25.747111395076153 -14.6 5.862365721457816
    endloop
  endfacet
  facet normal 0 1 0
    outer loop
      vertex -26.650000021244665 -14.6 4.439821500342827
      vertex -26.650000021244665 -14.6 10
      vertex -25.67438214508464 -14.6 6.228000352172853
    endloop
  endfacet
  facet normal -0.8968727415326877 0 0.44228869021900247
    outer loop
      vertex -26.03182759921435 -14.6 5.175
      vertex -25.86694333234283 -14.6 5.509352217759494
      vertex -26.03182759921435 -10.35 5.175
    endloop
  endfacet
  facet normal -0.9469301294951052 0 0.3214394653031631
    outer loop
      vertex -25.86694333234283 -14.6 5.509352217759494
      vertex -25.747111395076153 -14.6 5.862365721457816
      vertex -25.86694333234283 -10.35 5.509352217759494
    endloop
  endfacet
  facet normal -0.9807852804032309 0 0.19509032201612642
    outer loop
      vertex -25.747111395076153 -14.6 5.862365721457816
      vertex -25.67438214508464 -14.6 6.228000352172853
      vertex -25.747111395076153 -10.35 5.862365721457816
    endloop
  endfacet
  facet normal -0.8968727415326877 0 0.44228869021900247
    outer loop
      vertex -25.86694333234283 -14.6 5.509352217759494
      vertex -25.86694333234283 -10.35 5.509352217759494
      vertex -26.03182759921435 -10.35 5.175
    endloop
  endfacet
  facet normal -0.9469301294951052 0 0.3214394653031631
    outer loop
      vertex -25.747111395076153 -14.6 5.862365721457816
      vertex -25.747111395076153 -10.35 5.862365721457816
      vertex -25.86694333234283 -10.35 5.509352217759494
    endloop
  endfacet
  facet normal -0.9807852804032309 0 0.19509032201612642
    outer loop
      vertex -25.67438214508464 -14.6 6.228000352172853
      vertex -25.67438214508464 -10.35 6.228000352172853
      vertex -25.747111395076153 -10.35 5.862365721457816
    endloop
  endfacet
  facet normal -0.9978589232386035 0 0.06540312923014345
    outer loop
      vertex -25.67438214508464 -14.6 6.228000352172853
      vertex -25.65 -14.6 6.6
      vertex -25.67438214508464 -10.35 6.228000352172853
    endloop
  endfacet
  facet normal -0.9978589232386035 0 0.06540312923014345
    outer loop
      vertex -25.65 -14.6 6.6
      vertex -25.65 -10.35 6.6
      vertex -25.67438214508464 -10.35 6.228000352172853
    endloop
  endfacet
  facet normal 0.8968727415326877 0 0.44228869021900247
    outer loop
      vertex -31.13305666765717 -12.746329508300596 5.509352217759494
      vertex -30.96817240078565 -10.35 5.175
      vertex -31.13305666765717 -10.35 5.509352217759494
    endloop
  endfacet
  facet normal 0 -1 0
    outer loop
      vertex -28.871999647827145 -10.35 3.7743821450846404
      vertex -28.128000352172855 -10.35 3.7743821450846404
      vertex -29.237634278542185 -10.35 3.847111395076155
    endloop
  endfacet
  facet normal 0 -1 0
    outer loop
      vertex -29.590647782240506 -10.35 3.966943332342833
      vertex -29.237634278542185 -10.35 3.847111395076155
      vertex -27.762365721457815 -10.35 3.847111395076155
    endloop
  endfacet
  facet normal 0 -1 0
    outer loop
      vertex -28.871999647827145 -10.35 3.7743821450846404
      vertex -28.5 -10.35 3.75
      vertex -28.128000352172855 -10.35 3.7743821450846404
    endloop
  endfacet
  facet normal 0 -1 0
    outer loop
      vertex -29.237634278542185 -10.35 3.847111395076155
      vertex -28.128000352172855 -10.35 3.7743821450846404
      vertex -27.762365721457815 -10.35 3.847111395076155
    endloop
  endfacet
  facet normal 0 -1 0
    outer loop
      vertex -29.590647782240506 -10.35 3.966943332342833
      vertex -27.762365721457815 -10.35 3.847111395076155
      vertex -27.409352217759494 -10.35 3.966943332342833
    endloop
  endfacet
  facet normal 0 -1 0
    outer loop
      vertex -29.590647782240506 -10.35 3.966943332342833
      vertex -27.409352217759494 -10.35 3.966943332342833
      vertex -29.925 -10.35 4.1318275992143505
    endloop
  endfacet
  facet normal 0 -1 0
    outer loop
      vertex -29.925 -10.35 4.1318275992143505
      vertex -27.409352217759494 -10.35 3.966943332342833
      vertex -27.075 -10.35 4.1318275992143505
    endloop
  endfacet
  facet normal 0 -1 0
    outer loop
      vertex -29.925 -10.35 4.1318275992143505
      vertex -27.075 -10.35 4.1318275992143505
      vertex -30.234970072674855 -10.35 4.33894298016998
    endloop
  endfacet
  facet normal 0 -1 0
    outer loop
      vertex -30.234970072674855 -10.35 4.33894298016998
      vertex -27.075 -10.35 4.1318275992143505
      vertex -26.765029927325145 -10.35 4.33894298016998
    endloop
  endfacet
  facet normal 0 -1 0
    outer loop
      vertex -30.76105701983002 -10.35 4.865029927325146
      vertex -30.515254326381662 -10.35 4.58474567361834
      vertex -26.484745673618338 -10.35 4.58474567361834
    endloop
  endfacet
  facet normal 0 -1 0
    outer loop
      vertex -30.234970072674855 -10.35 4.33894298016998
      vertex -26.765029927325145 -10.35 4.33894298016998
      vertex -30.515254326381662 -10.35 4.58474567361834
    endloop
  endfacet
  facet normal 0 -1 0
    outer loop
      vertex -30.76105701983002 -10.35 4.865029927325146
      vertex -26.23894298016998 -10.35 4.865029927325146
      vertex -30.96817240078565 -10.35 5.175
    endloop
  endfacet
  facet normal 0 -1 0
    outer loop
      vertex -26.765029927325145 -10.35 4.33894298016998
      vertex -26.484745673618338 -10.35 4.58474567361834
      vertex -30.515254326381662 -10.35 4.58474567361834
    endloop
  endfacet
  facet normal 0 -1 0
    outer loop
      vertex -30.76105701983002 -10.35 4.865029927325146
      vertex -26.484745673618338 -10.35 4.58474567361834
      vertex -26.23894298016998 -10.35 4.865029927325146
    endloop
  endfacet
  facet normal 0 -1 0
    outer loop
      vertex -26.23894298016998 -10.35 4.865029927325146
      vertex -26.03182759921435 -10.35 5.175
      vertex -30.96817240078565 -10.35 5.175
    endloop
  endfacet
  facet normal 0 -1 0
    outer loop
      vertex -30.96817240078565 -10.35 5.175
      vertex -26.03182759921435 -10.35 5.175
      vertex -31.13305666765717 -10.35 5.509352217759494
    endloop
  endfacet
  facet normal 0 -1 0
    outer loop
      vertex -31.13305666765717 -10.35 5.509352217759494
      vertex -26.03182759921435 -10.35 5.175
      vertex -25.86694333234283 -10.35 5.509352217759494
    endloop
  endfacet
  facet normal 0 1 0
    outer loop
      vertex -25.67438214508464 -14.6 6.228000352172853
      vertex -26.650000021244665 -14.6 10
      vertex -25.65 -14.6 6.6
    endloop
  endfacet
  facet normal -0.999488392880756 0 -0.03198362857218484
    outer loop
      vertex -25.65 -14.6 6.6
      vertex -25.7588 -14.6 10
      vertex -25.65 -10.35 6.6
    endloop
  endfacet
  facet normal 0 1 0
    outer loop
      vertex -25.65 -14.6 6.6
      vertex -26.650000021244665 -14.6 10
      vertex -25.7588 -14.6 10
    endloop
  endfacet
  facet normal -0.999488392880756 0 -0.03198362857218484
    outer loop
      vertex -25.7588 -14.6 10
      vertex -25.7588 -10.35 10
      vertex -25.65 -10.35 6.6
    endloop
  endfacet
  facet normal 0.9074688483808078 -2.834288448141766e-16 0.42011937496193913
    outer loop
      vertex -32.1492613106966 -11.424999997019768 7.7043808503279605
      vertex -31.13305666765717 -10.35 5.509352217759494
      vertex -32.51663503050804 -10.680039793252945 8.497917702735359
    endloop
  endfacet
  facet normal 0.9074688483808074 6.8034665622967984e-15 0.42011937496193974
    outer loop
      vertex -31.13305666765717 -10.35 5.509352217759494
      vertex -32.62866844324848 -10.35 8.739912807219518
      vertex -32.51663503050804 -10.680039793252945 8.497917702735359
    endloop
  endfacet
  facet normal 0 -1 0
    outer loop
      vertex -31.13305666765717 -10.35 5.509352217759494
      vertex -25.86694333234283 -10.35 5.509352217759494
      vertex -25.7588 -10.35 10
    endloop
  endfacet
  facet normal 0 -1 0
    outer loop
      vertex -25.86694333234283 -10.35 5.509352217759494
      vertex -25.747111395076153 -10.35 5.862365721457816
      vertex -25.7588 -10.35 10
    endloop
  endfacet
  facet normal 0 -1 0
    outer loop
      vertex -25.747111395076153 -10.35 5.862365721457816
      vertex -25.67438214508464 -10.35 6.228000352172853
      vertex -25.7588 -10.35 10
    endloop
  endfacet
  facet normal 0 -1 0
    outer loop
      vertex -25.67438214508464 -10.35 6.228000352172853
      vertex -25.65 -10.35 6.6
      vertex -25.7588 -10.35 10
    endloop
  endfacet
  facet normal 0 -1 0
    outer loop
      vertex -31.13305666765717 -10.35 5.509352217759494
      vertex -25.7588 -10.35 10
      vertex -32.62866844324848 -10.35 8.739912807219518
    endloop
  endfacet
  facet normal 0 -1 0
    outer loop
      vertex -32.62866844324848 -10.35 8.739912807219518
      vertex -25.7588 -10.35 10
      vertex -32.62866844324848 -10.35 10
    endloop
  endfacet
  facet normal 0 1 0
    outer loop
      vertex 28.128000352172855 10.35 3.7743821450846404
      vertex 28.871999647827145 10.35 3.7743821450846404
      vertex 28.5 10.35 3.75
    endloop
  endfacet
  facet normal 0 1 0
    outer loop
      vertex 27.762365721457815 10.35 3.847111395076155
      vertex 29.237634278542185 10.35 3.847111395076155
      vertex 28.128000352172855 10.35 3.7743821450846404
    endloop
  endfacet
  facet normal 0 1 0
    outer loop
      vertex 27.762365721457815 10.35 3.847111395076155
      vertex 27.409352217759494 10.35 3.966943332342833
      vertex 29.590647782240506 10.35 3.966943332342833
    endloop
  endfacet
  facet normal 0 1 0
    outer loop
      vertex 28.128000352172855 10.35 3.7743821450846404
      vertex 29.237634278542185 10.35 3.847111395076155
      vertex 28.871999647827145 10.35 3.7743821450846404
    endloop
  endfacet
  facet normal 0 1 0
    outer loop
      vertex 27.762365721457815 10.35 3.847111395076155
      vertex 29.590647782240506 10.35 3.966943332342833
      vertex 29.237634278542185 10.35 3.847111395076155
    endloop
  endfacet
  facet normal 0 1 0
    outer loop
      vertex 27.409352217759494 10.35 3.966943332342833
      vertex 27.075 10.35 4.1318275992143505
      vertex 29.925 10.35 4.1318275992143505
    endloop
  endfacet
  facet normal 0 1 0
    outer loop
      vertex 27.409352217759494 10.35 3.966943332342833
      vertex 29.925 10.35 4.1318275992143505
      vertex 29.590647782240506 10.35 3.966943332342833
    endloop
  endfacet
  facet normal 0 1 0
    outer loop
      vertex 27.075 10.35 4.1318275992143505
      vertex 26.765029927325145 10.35 4.33894298016998
      vertex 30.234970072674855 10.35 4.33894298016998
    endloop
  endfacet
  facet normal 0 1 0
    outer loop
      vertex 27.075 10.35 4.1318275992143505
      vertex 30.234970072674855 10.35 4.33894298016998
      vertex 29.925 10.35 4.1318275992143505
    endloop
  endfacet
  facet normal 0 1 0
    outer loop
      vertex 26.765029927325145 10.35 4.33894298016998
      vertex 26.484745673618338 10.35 4.58474567361834
      vertex 30.515254326381662 10.35 4.58474567361834
    endloop
  endfacet
  facet normal 0 1 0
    outer loop
      vertex 26.484745673618338 10.35 4.58474567361834
      vertex 26.23894298016998 10.35 4.865029927325146
      vertex 30.76105701983002 10.35 4.865029927325146
    endloop
  endfacet
  facet normal 0 1 0
    outer loop
      vertex 26.23894298016998 10.35 4.865029927325146
      vertex 26.03182759921435 10.35 5.175
      vertex 30.96817240078565 10.35 5.175
    endloop
  endfacet
  facet normal 0 1 0
    outer loop
      vertex 26.765029927325145 10.35 4.33894298016998
      vertex 30.515254326381662 10.35 4.58474567361834
      vertex 30.234970072674855 10.35 4.33894298016998
    endloop
  endfacet
  facet normal 0 1 0
    outer loop
      vertex 26.484745673618338 10.35 4.58474567361834
      vertex 30.76105701983002 10.35 4.865029927325146
      vertex 30.515254326381662 10.35 4.58474567361834
    endloop
  endfacet
  facet normal 0 1 0
    outer loop
      vertex 26.23894298016998 10.35 4.865029927325146
      vertex 30.96817240078565 10.35 5.175
      vertex 30.76105701983002 10.35 4.865029927325146
    endloop
  endfacet
  facet normal 0 1 0
    outer loop
      vertex 26.03182759921435 10.35 5.175
      vertex 25.86694333234283 10.35 5.509352217759494
      vertex 31.13305666765717 10.35 5.509352217759494
    endloop
  endfacet
  facet normal 0 1 0
    outer loop
      vertex 26.03182759921435 10.35 5.175
      vertex 31.13305666765717 10.35 5.509352217759494
      vertex 30.96817240078565 10.35 5.175
    endloop
  endfacet
  facet normal 0 1 0
    outer loop
      vertex 25.86694333234283 10.35 5.509352217759494
      vertex 25.747111395076153 10.35 5.862365721457816
      vertex 32.62866844324848 10.35 8.739912807219518
    endloop
  endfacet
  facet normal 0 1 0
    outer loop
      vertex 25.747111395076153 10.35 5.862365721457816
      vertex 25.67438214508464 10.35 6.228000352172853
      vertex 32.62866844324848 10.35 8.739912807219518
    endloop
  endfacet
  facet normal 0 1 0
    outer loop
      vertex 25.86694333234283 10.35 5.509352217759494
      vertex 32.62866844324848 10.35 8.739912807219518
      vertex 31.13305666765717 10.35 5.509352217759494
    endloop
  endfacet
  facet normal -0.8968727415326877 0 0.44228869021900247
    outer loop
      vertex 30.96817240078565 10.35 5.175
      vertex 31.13305666765717 10.35 5.509352217759494
      vertex 31.13305666765717 12.746329508300596 5.509352217759494
    endloop
  endfacet
  facet normal 0.1950903220161255 0 0.980785280403231
    outer loop
      vertex 27.762365721457815 10.35 3.847111395076155
      vertex 28.128000352172855 10.35 3.7743821450846404
      vertex 27.762365721457815 14.48927835778369 3.847111395076155
    endloop
  endfacet
  facet normal 0.32143946530316375 4.4362400403079826e-17 0.9469301294951048
    outer loop
      vertex 27.762365721457815 10.35 3.847111395076155
      vertex 27.478841319680214 14.545674867928028 3.943354960751253
      vertex 27.409352217759494 10.35 3.966943332342833
    endloop
  endfacet
  facet normal 0.4422886902190015 0 0.8968727415326881
    outer loop
      vertex 27.409352217759494 10.35 3.966943332342833
      vertex 27.075 14.572144028030399 4.1318275992143505
      vertex 27.075 10.35 4.1318275992143505
    endloop
  endfacet
  facet normal 0.555570233019601 0 0.8314696123025461
    outer loop
      vertex 27.075 10.35 4.1318275992143505
      vertex 26.765029927325145 14.592460541177372 4.33894298016998
      vertex 26.765029927325145 10.35 4.33894298016998
    endloop
  endfacet
  facet normal 0.32143946530316314 0 0.946930129495105
    outer loop
      vertex 27.762365721457815 10.35 3.847111395076155
      vertex 27.762365721457815 14.48927835778369 3.847111395076155
      vertex 27.478841319680214 14.545674867928028 3.943354960751253
    endloop
  endfacet
  facet normal 0.4422886902190015 0 0.8968727415326883
    outer loop
      vertex 27.409352217759494 10.35 3.966943332342833
      vertex 27.409352217759494 14.55022942456816 3.966943332342833
      vertex 27.075 14.572144028030399 4.1318275992143505
    endloop
  endfacet
  facet normal 0.3214394653031662 0 0.9469301294951041
    outer loop
      vertex 27.409352217759494 10.35 3.966943332342833
      vertex 27.478841319680214 14.545674867928028 3.943354960751253
      vertex 27.409352217759494 14.55022942456816 3.966943332342833
    endloop
  endfacet
  facet normal 0.555570233019601 0 0.8314696123025461
    outer loop
      vertex 27.075 10.35 4.1318275992143505
      vertex 27.075 14.572144028030399 4.1318275992143505
      vertex 26.765029927325145 14.592460541177372 4.33894298016998
    endloop
  endfacet
  facet normal 0.06540312923014362 -1.9611456260701428e-17 0.9978589232386035
    outer loop
      vertex 28.128000352172855 10.35 3.7743821450846404
      vertex 28.5 10.35 3.75
      vertex 28.293500937521458 14.383628994226456 3.763534663622944
    endloop
  endfacet
  facet normal -0.0654031292301436 0 0.9978589232386035
    outer loop
      vertex 28.5 10.35 3.75
      vertex 28.871999647827145 10.35 3.7743821450846404
      vertex 28.5 14.313532008438319 3.75
    endloop
  endfacet
  facet normal -0.19509032201612553 0 0.9807852804032311
    outer loop
      vertex 28.871999647827145 10.35 3.7743821450846404
      vertex 29.237634278542185 10.35 3.847111395076155
      vertex 29.237634278542185 14.038918031093733 3.847111395076155
    endloop
  endfacet
  facet normal -0.32143946530316375 0 0.9469301294951049
    outer loop
      vertex 29.237634278542185 10.35 3.847111395076155
      vertex 29.590647782240506 10.35 3.966943332342833
      vertex 29.590647782240506 13.8648310351152 3.966943332342833
    endloop
  endfacet
  facet normal -0.4422886902190016 0 0.8968727415326883
    outer loop
      vertex 29.590647782240506 10.35 3.966943332342833
      vertex 29.925 10.35 4.1318275992143505
      vertex 29.925 13.682443446005525 4.1318275992143505
    endloop
  endfacet
  facet normal -0.5555702330196011 0 0.8314696123025461
    outer loop
      vertex 29.925 10.35 4.1318275992143505
      vertex 30.234970072674855 10.35 4.33894298016998
      vertex 30.234970072674855 13.475328066902676 4.33894298016998
    endloop
  endfacet
  facet normal -0.555570233019601 0 0.8314696123025461
    outer loop
      vertex 29.925 10.35 4.1318275992143505
      vertex 30.234970072674855 13.475328066902676 4.33894298016998
      vertex 29.925 13.682443446005525 4.1318275992143505
    endloop
  endfacet
  facet normal 0.06540312923014314 0 0.9978589232386036
    outer loop
      vertex 28.128000352172855 10.35 3.7743821450846404
      vertex 28.293500937521458 14.383628994226456 3.763534663622944
      vertex 28.128000352172855 14.4165491075641 3.7743821450846404
    endloop
  endfacet
  facet normal 0.1950903220161255 0 0.980785280403231
    outer loop
      vertex 28.128000352172855 10.35 3.7743821450846404
      vertex 28.128000352172855 14.4165491075641 3.7743821450846404
      vertex 27.762365721457815 14.48927835778369 3.847111395076155
    endloop
  endfacet
  facet normal 0.065403129230144 0 0.9978589232386035
    outer loop
      vertex 28.5 10.35 3.75
      vertex 28.5 14.313532008438319 3.75
      vertex 28.293500937521458 14.383628994226456 3.763534663622944
    endloop
  endfacet
  facet normal -0.19509032201612703 0 0.9807852804032308
    outer loop
      vertex 28.871999647827145 10.35 3.7743821450846404
      vertex 29.08003979176283 14.116635031998158 3.8157639026248917
      vertex 28.871999647827145 14.18725514444703 3.7743821450846404
    endloop
  endfacet
  facet normal -0.19509032201612359 -1.953155280036225e-16 0.9807852804032313
    outer loop
      vertex 28.871999647827145 10.35 3.7743821450846404
      vertex 29.237634278542185 14.038918031093733 3.847111395076155
      vertex 29.08003979176283 14.116635031998158 3.8157639026248917
    endloop
  endfacet
  facet normal -0.06540312923014362 0 0.9978589232386035
    outer loop
      vertex 28.871999647827145 10.35 3.7743821450846404
      vertex 28.871999647827145 14.18725514444703 3.7743821450846404
      vertex 28.5 14.313532008438319 3.75
    endloop
  endfacet
  facet normal -0.3214394653031638 0 0.946930129495105
    outer loop
      vertex 29.237634278542185 10.35 3.847111395076155
      vertex 29.590647782240506 13.8648310351152 3.966943332342833
      vertex 29.237634278542185 14.038918031093733 3.847111395076155
    endloop
  endfacet
  facet normal -0.4422886902190009 0 0.8968727415326886
    outer loop
      vertex 29.590647782240506 10.35 3.966943332342833
      vertex 29.82499999552965 13.749261312186718 4.082513054406688
      vertex 29.590647782240506 13.8648310351152 3.966943332342833
    endloop
  endfacet
  facet normal -0.44228869021900286 1.575143314336122e-16 0.8968727415326875
    outer loop
      vertex 29.590647782240506 10.35 3.966943332342833
      vertex 29.925 13.682443446005525 4.1318275992143505
      vertex 29.82499999552965 13.749261312186718 4.082513054406688
    endloop
  endfacet
  facet normal 0.6593458151000684 2.1897671582607319e-16 0.7518398074789778
    outer loop
      vertex 26.765029927325145 10.35 4.33894298016998
      vertex 26.650000021244665 14.6 4.439821500342827
      vertex 26.484745673618338 10.35 4.58474567361834
    endloop
  endfacet
  facet normal 0.7518398074789802 0 0.6593458151000657
    outer loop
      vertex 26.484745673618338 10.35 4.58474567361834
      vertex 26.484745673618338 14.6 4.58474567361834
      vertex 26.23894298016998 10.35 4.865029927325146
    endloop
  endfacet
  facet normal 0.8314696123025432 0 0.5555702330196054
    outer loop
      vertex 26.23894298016998 10.35 4.865029927325146
      vertex 26.23894298016998 14.6 4.865029927325146
      vertex 26.03182759921435 10.35 5.175
    endloop
  endfacet
  facet normal 0.6593458151000716 0 0.751839807478975
    outer loop
      vertex 26.484745673618338 10.35 4.58474567361834
      vertex 26.650000021244665 14.6 4.439821500342827
      vertex 26.484745673618338 14.6 4.58474567361834
    endloop
  endfacet
  facet normal 0.7518398074789802 0 0.6593458151000657
    outer loop
      vertex 26.23894298016998 10.35 4.865029927325146
      vertex 26.484745673618338 14.6 4.58474567361834
      vertex 26.23894298016998 14.6 4.865029927325146
    endloop
  endfacet
  facet normal 0.6593458151000638 0 0.7518398074789818
    outer loop
      vertex 26.765029927325145 10.35 4.33894298016998
      vertex 26.765029927325145 14.592460541177372 4.33894298016998
      vertex 26.650000021244665 14.6 4.439821500342827
    endloop
  endfacet
  facet normal 0.8314696123025432 0 0.5555702330196054
    outer loop
      vertex 26.23894298016998 14.6 4.865029927325146
      vertex 26.03182759921435 14.6 5.175
      vertex 26.03182759921435 10.35 5.175
    endloop
  endfacet
  facet normal -0.6593458151000684 0 0.7518398074789778
    outer loop
      vertex 30.234970072674855 10.35 4.33894298016998
      vertex 30.515254326381662 10.35 4.58474567361834
      vertex 30.515254326381662 13.288048117705976 4.58474567361834
    endloop
  endfacet
  facet normal -0.6593458151000684 0 0.7518398074789778
    outer loop
      vertex 30.234970072674855 10.35 4.33894298016998
      vertex 30.515254326381662 13.288048117705976 4.58474567361834
      vertex 30.234970072674855 13.475328066902676 4.33894298016998
    endloop
  endfacet
  facet normal -0.7518398074791661 0 0.6593458150998536
    outer loop
      vertex 30.515254326381662 10.35 4.58474567361834
      vertex 30.515635073184967 13.287793710827827 4.585179832138405
      vertex 30.515254326381662 13.288048117705976 4.58474567361834
    endloop
  endfacet
  facet normal 0.8968727415326877 0 0.44228869021900247
    outer loop
      vertex 26.03182759921435 10.35 5.175
      vertex 26.03182759921435 14.6 5.175
      vertex 25.86694333234283 10.35 5.509352217759494
    endloop
  endfacet
  facet normal 0.9469301294951052 0 0.3214394653031631
    outer loop
      vertex 25.86694333234283 10.35 5.509352217759494
      vertex 25.86694333234283 14.6 5.509352217759494
      vertex 25.747111395076153 10.35 5.862365721457816
    endloop
  endfacet
  facet normal 0.9807852804032309 0 0.19509032201612642
    outer loop
      vertex 25.747111395076153 10.35 5.862365721457816
      vertex 25.747111395076153 14.6 5.862365721457816
      vertex 25.67438214508464 10.35 6.228000352172853
    endloop
  endfacet
  facet normal 0.8968727415326877 0 0.44228869021900247
    outer loop
      vertex 25.86694333234283 10.35 5.509352217759494
      vertex 26.03182759921435 14.6 5.175
      vertex 25.86694333234283 14.6 5.509352217759494
    endloop
  endfacet
  facet normal 0.9469301294951052 0 0.3214394653031631
    outer loop
      vertex 25.747111395076153 10.35 5.862365721457816
      vertex 25.86694333234283 14.6 5.509352217759494
      vertex 25.747111395076153 14.6 5.862365721457816
    endloop
  endfacet
  facet normal 0.9807852804032309 0 0.19509032201612642
    outer loop
      vertex 25.67438214508464 10.35 6.228000352172853
      vertex 25.747111395076153 14.6 5.862365721457816
      vertex 25.67438214508464 14.6 6.228000352172853
    endloop
  endfacet
  facet normal 0.9978589232386035 0 0.06540312923014345
    outer loop
      vertex 25.67438214508464 10.35 6.228000352172853
      vertex 25.67438214508464 14.6 6.228000352172853
      vertex 25.65 10.35 6.6
    endloop
  endfacet
  facet normal 0.9978589232386035 0 0.06540312923014345
    outer loop
      vertex 25.65 10.35 6.6
      vertex 25.67438214508464 14.6 6.228000352172853
      vertex 25.65 14.6 6.6
    endloop
  endfacet
  facet normal 0 -1 0
    outer loop
      vertex 26.650000021244665 14.6 4.439821500342827
      vertex 26.650000021244665 14.6 10
      vertex 26.484745673618338 14.6 4.58474567361834
    endloop
  endfacet
  facet normal 0 -1 0
    outer loop
      vertex 26.484745673618338 14.6 4.58474567361834
      vertex 26.650000021244665 14.6 10
      vertex 26.23894298016998 14.6 4.865029927325146
    endloop
  endfacet
  facet normal 0 -1 0
    outer loop
      vertex 26.23894298016998 14.6 4.865029927325146
      vertex 26.650000021244665 14.6 10
      vertex 26.03182759921435 14.6 5.175
    endloop
  endfacet
  facet normal 0 -1 0
    outer loop
      vertex 26.03182759921435 14.6 5.175
      vertex 26.650000021244665 14.6 10
      vertex 25.86694333234283 14.6 5.509352217759494
    endloop
  endfacet
  facet normal -0.7518398074789803 0 0.6593458151000657
    outer loop
      vertex 30.515254326381662 10.35 4.58474567361834
      vertex 30.76105701983002 10.35 4.865029927325146
      vertex 30.76105701983002 13.072564441536652 4.865029927325146
    endloop
  endfacet
  facet normal -0.75183980747898 -5.551719334213792e-17 0.6593458151000661
    outer loop
      vertex 30.515254326381662 10.35 4.58474567361834
      vertex 30.76105701983002 13.072564441536652 4.865029927325146
      vertex 30.515635073184967 13.287793710827827 4.585179832138405
    endloop
  endfacet
  facet normal -0.8314696123025431 0 0.5555702330196053
    outer loop
      vertex 30.76105701983002 10.35 4.865029927325146
      vertex 30.96817240078565 10.35 5.175
      vertex 30.96817240078565 12.890929128511795 5.175
    endloop
  endfacet
  facet normal -0.8314696123025431 0 0.5555702330196054
    outer loop
      vertex 30.76105701983002 10.35 4.865029927325146
      vertex 30.96817240078565 12.890929128511795 5.175
      vertex 30.76105701983002 13.072564441536652 4.865029927325146
    endloop
  endfacet
  facet normal -0.8968727415326877 0 0.44228869021900247
    outer loop
      vertex 30.96817240078565 10.35 5.175
      vertex 31.13305666765717 12.746329508300596 5.509352217759494
      vertex 30.96817240078565 12.890929128511795 5.175
    endloop
  endfacet
  facet normal -0.9074688483808033 0 0.42011937496194884
    outer loop
      vertex 31.13305666765717 10.35 5.509352217759494
      vertex 31.140128061175346 12.740128062665462 5.524626612883426
      vertex 31.13305666765717 12.746329508300596 5.509352217759494
    endloop
  endfacet
  facet normal -0.9074688483808079 7.546446978692428e-17 0.42011937496193913
    outer loop
      vertex 31.13305666765717 10.35 5.509352217759494
      vertex 31.68779370933771 12.115635074675083 6.7075987504589785
      vertex 31.140128061175346 12.740128062665462 5.524626612883426
    endloop
  endfacet
  facet normal -0.9074688483808078 0 0.4201193749619392
    outer loop
      vertex 31.13305666765717 10.35 5.509352217759494
      vertex 32.1492613106966 11.424999997019768 7.7043808503279605
      vertex 31.68779370933771 12.115635074675083 6.7075987504589785
    endloop
  endfacet
  facet normal 0 1 0
    outer loop
      vertex 25.67438214508464 10.35 6.228000352172853
      vertex 25.65 10.35 6.6
      vertex 25.7588 10.35 10
    endloop
  endfacet
  facet normal 0 1 0
    outer loop
      vertex 25.67438214508464 10.35 6.228000352172853
      vertex 25.7588 10.35 10
      vertex 32.62866844324848 10.35 8.739912807219518
    endloop
  endfacet
  facet normal 0 1 0
    outer loop
      vertex 25.7588 10.35 10
      vertex 32.62866844324848 10.35 10
      vertex 32.62866844324848 10.35 8.739912807219518
    endloop
  endfacet
  facet normal -0.9074688483808078 3.239186797876304e-16 0.42011937496193913
    outer loop
      vertex 31.13305666765717 10.35 5.509352217759494
      vertex 32.51663503050804 10.680039793252945 8.497917702735359
      vertex 32.1492613106966 11.424999997019768 7.7043808503279605
    endloop
  endfacet
  facet normal -0.9074688483808074 -6.8034665622967984e-15 0.42011937496193974
    outer loop
      vertex 31.13305666765717 10.35 5.509352217759494
      vertex 32.62866844324848 10.35 8.739912807219518
      vertex 32.51663503050804 10.680039793252945 8.497917702735359
    endloop
  endfacet
  facet normal 0.999488392880756 0 -0.03198362857218484
    outer loop
      vertex 25.65 10.35 6.6
      vertex 25.65 14.6 6.6
      vertex 25.7588 14.6 10
    endloop
  endfacet
  facet normal 0 -1 0
    outer loop
      vertex 25.86694333234283 14.6 5.509352217759494
      vertex 26.650000021244665 14.6 10
      vertex 25.747111395076153 14.6 5.862365721457816
    endloop
  endfacet
  facet normal 0 -1 0
    outer loop
      vertex 25.747111395076153 14.6 5.862365721457816
      vertex 26.650000021244665 14.6 10
      vertex 25.67438214508464 14.6 6.228000352172853
    endloop
  endfacet
  facet normal 0 -1 0
    outer loop
      vertex 25.67438214508464 14.6 6.228000352172853
      vertex 26.650000021244665 14.6 10
      vertex 25.65 14.6 6.6
    endloop
  endfacet
  facet normal 0.999488392880756 0 -0.03198362857218484
    outer loop
      vertex 25.65 10.35 6.6
      vertex 25.7588 14.6 10
      vertex 25.7588 10.35 10
    endloop
  endfacet
  facet normal 0 -1 0
    outer loop
      vertex 25.65 14.6 6.6
      vertex 26.650000021244665 14.6 10
      vertex 25.7588 14.6 10
    endloop
  endfacet
  facet normal 0.8968727415326877 0 0.44228869021900247
    outer loop
      vertex -30.96817240078565 10.35 5.175
      vertex -31.13305666765717 12.746329508300596 5.509352217759494
      vertex -31.13305666765717 10.35 5.509352217759494
    endloop
  endfacet
  facet normal 0 1 0
    outer loop
      vertex -28.871999647827145 10.35 3.7743821450846404
      vertex -29.237634278542185 10.35 3.847111395076155
      vertex -28.128000352172855 10.35 3.7743821450846404
    endloop
  endfacet
  facet normal 0 1 0
    outer loop
      vertex -29.590647782240506 10.35 3.966943332342833
      vertex -27.762365721457815 10.35 3.847111395076155
      vertex -29.237634278542185 10.35 3.847111395076155
    endloop
  endfacet
  facet normal 0 1 0
    outer loop
      vertex -28.871999647827145 10.35 3.7743821450846404
      vertex -28.128000352172855 10.35 3.7743821450846404
      vertex -28.5 10.35 3.75
    endloop
  endfacet
  facet normal 0 1 0
    outer loop
      vertex -29.237634278542185 10.35 3.847111395076155
      vertex -27.762365721457815 10.35 3.847111395076155
      vertex -28.128000352172855 10.35 3.7743821450846404
    endloop
  endfacet
  facet normal 0 1 0
    outer loop
      vertex -29.590647782240506 10.35 3.966943332342833
      vertex -27.409352217759494 10.35 3.966943332342833
      vertex -27.762365721457815 10.35 3.847111395076155
    endloop
  endfacet
  facet normal 0 1 0
    outer loop
      vertex -29.590647782240506 10.35 3.966943332342833
      vertex -29.925 10.35 4.1318275992143505
      vertex -27.409352217759494 10.35 3.966943332342833
    endloop
  endfacet
  facet normal 0 1 0
    outer loop
      vertex -29.925 10.35 4.1318275992143505
      vertex -27.075 10.35 4.1318275992143505
      vertex -27.409352217759494 10.35 3.966943332342833
    endloop
  endfacet
  facet normal 0 1 0
    outer loop
      vertex -29.925 10.35 4.1318275992143505
      vertex -30.234970072674855 10.35 4.33894298016998
      vertex -27.075 10.35 4.1318275992143505
    endloop
  endfacet
  facet normal 0 1 0
    outer loop
      vertex -30.234970072674855 10.35 4.33894298016998
      vertex -26.765029927325145 10.35 4.33894298016998
      vertex -27.075 10.35 4.1318275992143505
    endloop
  endfacet
  facet normal 0 1 0
    outer loop
      vertex -30.76105701983002 10.35 4.865029927325146
      vertex -26.484745673618338 10.35 4.58474567361834
      vertex -30.515254326381662 10.35 4.58474567361834
    endloop
  endfacet
  facet normal 0 1 0
    outer loop
      vertex -30.234970072674855 10.35 4.33894298016998
      vertex -30.515254326381662 10.35 4.58474567361834
      vertex -26.765029927325145 10.35 4.33894298016998
    endloop
  endfacet
  facet normal 0 1 0
    outer loop
      vertex -30.76105701983002 10.35 4.865029927325146
      vertex -30.96817240078565 10.35 5.175
      vertex -26.23894298016998 10.35 4.865029927325146
    endloop
  endfacet
  facet normal 0 1 0
    outer loop
      vertex -26.765029927325145 10.35 4.33894298016998
      vertex -30.515254326381662 10.35 4.58474567361834
      vertex -26.484745673618338 10.35 4.58474567361834
    endloop
  endfacet
  facet normal 0 1 0
    outer loop
      vertex -30.76105701983002 10.35 4.865029927325146
      vertex -26.23894298016998 10.35 4.865029927325146
      vertex -26.484745673618338 10.35 4.58474567361834
    endloop
  endfacet
  facet normal 0 1 0
    outer loop
      vertex -26.23894298016998 10.35 4.865029927325146
      vertex -30.96817240078565 10.35 5.175
      vertex -26.03182759921435 10.35 5.175
    endloop
  endfacet
  facet normal 0 1 0
    outer loop
      vertex -30.96817240078565 10.35 5.175
      vertex -31.13305666765717 10.35 5.509352217759494
      vertex -26.03182759921435 10.35 5.175
    endloop
  endfacet
  facet normal 0 1 0
    outer loop
      vertex -31.13305666765717 10.35 5.509352217759494
      vertex -25.86694333234283 10.35 5.509352217759494
      vertex -26.03182759921435 10.35 5.175
    endloop
  endfacet
  facet normal 0 1 0
    outer loop
      vertex -31.13305666765717 10.35 5.509352217759494
      vertex -32.62866844324848 10.35 8.739912807219518
      vertex -25.86694333234283 10.35 5.509352217759494
    endloop
  endfacet
  facet normal 0 1 0
    outer loop
      vertex -25.86694333234283 10.35 5.509352217759494
      vertex -32.62866844324848 10.35 8.739912807219518
      vertex -25.747111395076153 10.35 5.862365721457816
    endloop
  endfacet
  facet normal 0 1 0
    outer loop
      vertex -25.747111395076153 10.35 5.862365721457816
      vertex -32.62866844324848 10.35 8.739912807219518
      vertex -25.67438214508464 10.35 6.228000352172853
    endloop
  endfacet
  facet normal 0.7518398074789803 0 0.6593458151000657
    outer loop
      vertex -30.76105701983002 10.35 4.865029927325146
      vertex -30.515254326381662 10.35 4.58474567361834
      vertex -30.76105701983002 13.072564441536652 4.865029927325146
    endloop
  endfacet
  facet normal 0.75183980747898 -5.551719334213792e-17 0.6593458151000661
    outer loop
      vertex -30.515254326381662 10.35 4.58474567361834
      vertex -30.515635073184967 13.287793710827827 4.585179832138405
      vertex -30.76105701983002 13.072564441536652 4.865029927325146
    endloop
  endfacet
  facet normal 0.8314696123025431 0 0.5555702330196053
    outer loop
      vertex -30.76105701983002 10.35 4.865029927325146
      vertex -30.96817240078565 12.890929128511795 5.175
      vertex -30.96817240078565 10.35 5.175
    endloop
  endfacet
  facet normal 0.8314696123025431 0 0.5555702330196054
    outer loop
      vertex -30.76105701983002 10.35 4.865029927325146
      vertex -30.76105701983002 13.072564441536652 4.865029927325146
      vertex -30.96817240078565 12.890929128511795 5.175
    endloop
  endfacet
  facet normal 0.8968727415326877 0 0.44228869021900247
    outer loop
      vertex -30.96817240078565 10.35 5.175
      vertex -30.96817240078565 12.890929128511795 5.175
      vertex -31.13305666765717 12.746329508300596 5.509352217759494
    endloop
  endfacet
  facet normal 0.9074688483808033 0 0.42011937496194884
    outer loop
      vertex -31.13305666765717 10.35 5.509352217759494
      vertex -31.13305666765717 12.746329508300596 5.509352217759494
      vertex -31.140128061175346 12.740128062665462 5.524626612883426
    endloop
  endfacet
  facet normal 0.9074688483808079 7.546446978692428e-17 0.42011937496193913
    outer loop
      vertex -31.13305666765717 10.35 5.509352217759494
      vertex -31.140128061175346 12.740128062665462 5.524626612883426
      vertex -31.68779370933771 12.115635074675083 6.7075987504589785
    endloop
  endfacet
  facet normal 0.9074688483808078 0 0.4201193749619392
    outer loop
      vertex -31.13305666765717 10.35 5.509352217759494
      vertex -31.68779370933771 12.115635074675083 6.7075987504589785
      vertex -32.1492613106966 11.424999997019768 7.7043808503279605
    endloop
  endfacet
  facet normal 0.32143946530316375 0 0.9469301294951049
    outer loop
      vertex -29.590647782240506 10.35 3.966943332342833
      vertex -29.237634278542185 10.35 3.847111395076155
      vertex -29.590647782240506 13.8648310351152 3.966943332342833
    endloop
  endfacet
  facet normal 0.19509032201612553 0 0.9807852804032311
    outer loop
      vertex -28.871999647827145 10.35 3.7743821450846404
      vertex -29.237634278542185 14.038918031093733 3.847111395076155
      vertex -29.237634278542185 10.35 3.847111395076155
    endloop
  endfacet
  facet normal 0.0654031292301436 0 0.9978589232386035
    outer loop
      vertex -28.871999647827145 10.35 3.7743821450846404
      vertex -28.5 10.35 3.75
      vertex -28.5 14.313532008438319 3.75
    endloop
  endfacet
  facet normal -0.06540312923014362 -1.9611456260701428e-17 0.9978589232386035
    outer loop
      vertex -28.5 10.35 3.75
      vertex -28.128000352172855 10.35 3.7743821450846404
      vertex -28.293500937521458 14.383628994226456 3.763534663622944
    endloop
  endfacet
  facet normal 0.4422886902190016 0 0.8968727415326883
    outer loop
      vertex -29.590647782240506 10.35 3.966943332342833
      vertex -29.925 13.682443446005525 4.1318275992143505
      vertex -29.925 10.35 4.1318275992143505
    endloop
  endfacet
  facet normal 0.5555702330196011 0 0.8314696123025461
    outer loop
      vertex -29.925 10.35 4.1318275992143505
      vertex -30.234970072674855 13.475328066902676 4.33894298016998
      vertex -30.234970072674855 10.35 4.33894298016998
    endloop
  endfacet
  facet normal 0.555570233019601 0 0.8314696123025461
    outer loop
      vertex -29.925 10.35 4.1318275992143505
      vertex -29.925 13.682443446005525 4.1318275992143505
      vertex -30.234970072674855 13.475328066902676 4.33894298016998
    endloop
  endfacet
  facet normal 0.3214394653031638 0 0.946930129495105
    outer loop
      vertex -29.237634278542185 10.35 3.847111395076155
      vertex -29.237634278542185 14.038918031093733 3.847111395076155
      vertex -29.590647782240506 13.8648310351152 3.966943332342833
    endloop
  endfacet
  facet normal 0.19509032201612703 0 0.9807852804032308
    outer loop
      vertex -28.871999647827145 10.35 3.7743821450846404
      vertex -28.871999647827145 14.18725514444703 3.7743821450846404
      vertex -29.08003979176283 14.116635031998158 3.8157639026248917
    endloop
  endfacet
  facet normal 0.19509032201612359 -1.953155280036225e-16 0.9807852804032313
    outer loop
      vertex -28.871999647827145 10.35 3.7743821450846404
      vertex -29.08003979176283 14.116635031998158 3.8157639026248917
      vertex -29.237634278542185 14.038918031093733 3.847111395076155
    endloop
  endfacet
  facet normal 0.06540312923014362 0 0.9978589232386035
    outer loop
      vertex -28.871999647827145 10.35 3.7743821450846404
      vertex -28.5 14.313532008438319 3.75
      vertex -28.871999647827145 14.18725514444703 3.7743821450846404
    endloop
  endfacet
  facet normal -0.065403129230144 0 0.9978589232386035
    outer loop
      vertex -28.5 10.35 3.75
      vertex -28.293500937521458 14.383628994226456 3.763534663622944
      vertex -28.5 14.313532008438319 3.75
    endloop
  endfacet
  facet normal -0.06540312923014314 0 0.9978589232386036
    outer loop
      vertex -28.128000352172855 10.35 3.7743821450846404
      vertex -28.128000352172855 14.4165491075641 3.7743821450846404
      vertex -28.293500937521458 14.383628994226456 3.763534663622944
    endloop
  endfacet
  facet normal -0.1950903220161255 0 0.980785280403231
    outer loop
      vertex -28.128000352172855 10.35 3.7743821450846404
      vertex -27.762365721457815 14.48927835778369 3.847111395076155
      vertex -28.128000352172855 14.4165491075641 3.7743821450846404
    endloop
  endfacet
  facet normal 0.4422886902190009 0 0.8968727415326886
    outer loop
      vertex -29.590647782240506 10.35 3.966943332342833
      vertex -29.590647782240506 13.8648310351152 3.966943332342833
      vertex -29.82499999552965 13.749261312186718 4.082513054406688
    endloop
  endfacet
  facet normal 0.44228869021900286 1.575143314336122e-16 0.8968727415326875
    outer loop
      vertex -29.590647782240506 10.35 3.966943332342833
      vertex -29.82499999552965 13.749261312186718 4.082513054406688
      vertex -29.925 13.682443446005525 4.1318275992143505
    endloop
  endfacet
  facet normal -0.1950903220161255 0 0.980785280403231
    outer loop
      vertex -28.128000352172855 10.35 3.7743821450846404
      vertex -27.762365721457815 10.35 3.847111395076155
      vertex -27.762365721457815 14.48927835778369 3.847111395076155
    endloop
  endfacet
  facet normal -0.32143946530316375 4.4362400403079826e-17 0.9469301294951048
    outer loop
      vertex -27.762365721457815 10.35 3.847111395076155
      vertex -27.409352217759494 10.35 3.966943332342833
      vertex -27.478841319680214 14.545674867928028 3.943354960751253
    endloop
  endfacet
  facet normal -0.4422886902190015 0 0.8968727415326881
    outer loop
      vertex -27.409352217759494 10.35 3.966943332342833
      vertex -27.075 10.35 4.1318275992143505
      vertex -27.075 14.572144028030399 4.1318275992143505
    endloop
  endfacet
  facet normal -0.555570233019601 0 0.8314696123025461
    outer loop
      vertex -27.075 10.35 4.1318275992143505
      vertex -26.765029927325145 10.35 4.33894298016998
      vertex -26.765029927325145 14.592460541177372 4.33894298016998
    endloop
  endfacet
  facet normal -0.32143946530316314 0 0.946930129495105
    outer loop
      vertex -27.762365721457815 10.35 3.847111395076155
      vertex -27.478841319680214 14.545674867928028 3.943354960751253
      vertex -27.762365721457815 14.48927835778369 3.847111395076155
    endloop
  endfacet
  facet normal -0.3214394653031662 0 0.9469301294951041
    outer loop
      vertex -27.409352217759494 10.35 3.966943332342833
      vertex -27.409352217759494 14.55022942456816 3.966943332342833
      vertex -27.478841319680214 14.545674867928028 3.943354960751253
    endloop
  endfacet
  facet normal -0.4422886902190015 0 0.8968727415326883
    outer loop
      vertex -27.409352217759494 10.35 3.966943332342833
      vertex -27.075 14.572144028030399 4.1318275992143505
      vertex -27.409352217759494 14.55022942456816 3.966943332342833
    endloop
  endfacet
  facet normal -0.555570233019601 0 0.8314696123025461
    outer loop
      vertex -27.075 10.35 4.1318275992143505
      vertex -26.765029927325145 14.592460541177372 4.33894298016998
      vertex -27.075 14.572144028030399 4.1318275992143505
    endloop
  endfacet
  facet normal 0.6593458151000684 0 0.7518398074789778
    outer loop
      vertex -30.234970072674855 10.35 4.33894298016998
      vertex -30.515254326381662 13.288048117705976 4.58474567361834
      vertex -30.515254326381662 10.35 4.58474567361834
    endloop
  endfacet
  facet normal 0.6593458151000684 0 0.7518398074789778
    outer loop
      vertex -30.234970072674855 10.35 4.33894298016998
      vertex -30.234970072674855 13.475328066902676 4.33894298016998
      vertex -30.515254326381662 13.288048117705976 4.58474567361834
    endloop
  endfacet
  facet normal 0.7518398074791661 0 0.6593458150998536
    outer loop
      vertex -30.515254326381662 10.35 4.58474567361834
      vertex -30.515254326381662 13.288048117705976 4.58474567361834
      vertex -30.515635073184967 13.287793710827827 4.585179832138405
    endloop
  endfacet
  facet normal -0.6593458151000684 2.1897671582607319e-16 0.7518398074789778
    outer loop
      vertex -26.765029927325145 10.35 4.33894298016998
      vertex -26.484745673618338 10.35 4.58474567361834
      vertex -26.650000021244665 14.6 4.439821500342827
    endloop
  endfacet
  facet normal -0.7518398074789802 0 0.6593458151000657
    outer loop
      vertex -26.484745673618338 10.35 4.58474567361834
      vertex -26.23894298016998 10.35 4.865029927325146
      vertex -26.484745673618338 14.6 4.58474567361834
    endloop
  endfacet
  facet normal -0.8314696123025432 0 0.5555702330196054
    outer loop
      vertex -26.23894298016998 10.35 4.865029927325146
      vertex -26.03182759921435 10.35 5.175
      vertex -26.23894298016998 14.6 4.865029927325146
    endloop
  endfacet
  facet normal -0.6593458151000638 0 0.7518398074789818
    outer loop
      vertex -26.765029927325145 10.35 4.33894298016998
      vertex -26.650000021244665 14.6 4.439821500342827
      vertex -26.765029927325145 14.592460541177372 4.33894298016998
    endloop
  endfacet
  facet normal -0.6593458151000716 0 0.751839807478975
    outer loop
      vertex -26.484745673618338 10.35 4.58474567361834
      vertex -26.484745673618338 14.6 4.58474567361834
      vertex -26.650000021244665 14.6 4.439821500342827
    endloop
  endfacet
  facet normal -0.7518398074789802 0 0.6593458151000657
    outer loop
      vertex -26.23894298016998 10.35 4.865029927325146
      vertex -26.23894298016998 14.6 4.865029927325146
      vertex -26.484745673618338 14.6 4.58474567361834
    endloop
  endfacet
  facet normal -0.8314696123025432 0 0.5555702330196054
    outer loop
      vertex -26.23894298016998 14.6 4.865029927325146
      vertex -26.03182759921435 10.35 5.175
      vertex -26.03182759921435 14.6 5.175
    endloop
  endfacet
  facet normal -0.8968727415326877 0 0.44228869021900247
    outer loop
      vertex -26.03182759921435 10.35 5.175
      vertex -25.86694333234283 10.35 5.509352217759494
      vertex -26.03182759921435 14.6 5.175
    endloop
  endfacet
  facet normal -0.9469301294951052 0 0.3214394653031631
    outer loop
      vertex -25.86694333234283 10.35 5.509352217759494
      vertex -25.747111395076153 10.35 5.862365721457816
      vertex -25.86694333234283 14.6 5.509352217759494
    endloop
  endfacet
  facet normal -0.9807852804032309 0 0.19509032201612642
    outer loop
      vertex -25.747111395076153 10.35 5.862365721457816
      vertex -25.67438214508464 10.35 6.228000352172853
      vertex -25.747111395076153 14.6 5.862365721457816
    endloop
  endfacet
  facet normal -0.8968727415326877 0 0.44228869021900247
    outer loop
      vertex -25.86694333234283 10.35 5.509352217759494
      vertex -25.86694333234283 14.6 5.509352217759494
      vertex -26.03182759921435 14.6 5.175
    endloop
  endfacet
  facet normal -0.9469301294951052 0 0.3214394653031631
    outer loop
      vertex -25.747111395076153 10.35 5.862365721457816
      vertex -25.747111395076153 14.6 5.862365721457816
      vertex -25.86694333234283 14.6 5.509352217759494
    endloop
  endfacet
  facet normal -0.9807852804032309 0 0.19509032201612642
    outer loop
      vertex -25.67438214508464 10.35 6.228000352172853
      vertex -25.67438214508464 14.6 6.228000352172853
      vertex -25.747111395076153 14.6 5.862365721457816
    endloop
  endfacet
  facet normal -0.9978589232386035 0 0.06540312923014345
    outer loop
      vertex -25.67438214508464 10.35 6.228000352172853
      vertex -25.65 10.35 6.6
      vertex -25.67438214508464 14.6 6.228000352172853
    endloop
  endfacet
  facet normal -0.9978589232386035 0 0.06540312923014345
    outer loop
      vertex -25.65 10.35 6.6
      vertex -25.65 14.6 6.6
      vertex -25.67438214508464 14.6 6.228000352172853
    endloop
  endfacet
  facet normal 0 -1 0
    outer loop
      vertex -26.650000021244665 14.6 4.439821500342827
      vertex -26.484745673618338 14.6 4.58474567361834
      vertex -26.650000021244665 14.6 10
    endloop
  endfacet
  facet normal 0 -1 0
    outer loop
      vertex -26.484745673618338 14.6 4.58474567361834
      vertex -26.23894298016998 14.6 4.865029927325146
      vertex -25.7588 14.6 10
    endloop
  endfacet
  facet normal 0 -1 0
    outer loop
      vertex -26.23894298016998 14.6 4.865029927325146
      vertex -26.03182759921435 14.6 5.175
      vertex -25.7588 14.6 10
    endloop
  endfacet
  facet normal 0 -1 0
    outer loop
      vertex -26.03182759921435 14.6 5.175
      vertex -25.86694333234283 14.6 5.509352217759494
      vertex -25.7588 14.6 10
    endloop
  endfacet
  facet normal 0.9074688483808078 3.239186797876304e-16 0.42011937496193913
    outer loop
      vertex -31.13305666765717 10.35 5.509352217759494
      vertex -32.1492613106966 11.424999997019768 7.7043808503279605
      vertex -32.51663503050804 10.680039793252945 8.497917702735359
    endloop
  endfacet
  facet normal 0.9074688483808074 -6.8034665622967984e-15 0.42011937496193974
    outer loop
      vertex -31.13305666765717 10.35 5.509352217759494
      vertex -32.51663503050804 10.680039793252945 8.497917702735359
      vertex -32.62866844324848 10.35 8.739912807219518
    endloop
  endfacet
  facet normal 0 1 0
    outer loop
      vertex -25.67438214508464 10.35 6.228000352172853
      vertex -32.62866844324848 10.35 10
      vertex -25.65 10.35 6.6
    endloop
  endfacet
  facet normal 0 1 0
    outer loop
      vertex -25.67438214508464 10.35 6.228000352172853
      vertex -32.62866844324848 10.35 8.739912807219518
      vertex -32.62866844324848 10.35 10
    endloop
  endfacet
  facet normal 0 1 0
    outer loop
      vertex -25.65 10.35 6.6
      vertex -32.62866844324848 10.35 10
      vertex -25.7588 10.35 10
    endloop
  endfacet
  facet normal -0.999488392880756 0 -0.03198362857218484
    outer loop
      vertex -25.65 10.35 6.6
      vertex -25.7588 10.35 10
      vertex -25.65 14.6 6.6
    endloop
  endfacet
  facet normal 0 -1 0
    outer loop
      vertex -25.86694333234283 14.6 5.509352217759494
      vertex -25.747111395076153 14.6 5.862365721457816
      vertex -25.7588 14.6 10
    endloop
  endfacet
  facet normal 0 -1 0
    outer loop
      vertex -25.747111395076153 14.6 5.862365721457816
      vertex -25.67438214508464 14.6 6.228000352172853
      vertex -25.7588 14.6 10
    endloop
  endfacet
  facet normal 0 -1 0
    outer loop
      vertex -25.67438214508464 14.6 6.228000352172853
      vertex -25.65 14.6 6.6
      vertex -25.7588 14.6 10
    endloop
  endfacet
  facet normal 0 -1 0
    outer loop
      vertex -26.484745673618338 14.6 4.58474567361834
      vertex -25.7588 14.6 10
      vertex -26.650000021244665 14.6 10
    endloop
  endfacet
  facet normal -0.999488392880756 0 -0.03198362857218484
    outer loop
      vertex -25.7588 10.35 10
      vertex -25.7588 14.6 10
      vertex -25.65 14.6 6.6
    endloop
  endfacet
  facet normal -0.0654031331240403 0.997858922983384 -2.7567667482478607e-14
    outer loop
      vertex 27.409352217759494 -14.55022942456816 3.966943332342833
      vertex 27.075 -14.572144028030399 4.1318275992143505
      vertex 26.650000021244665 -14.6 4.439821500342827
    endloop
  endfacet
  facet normal -0.06540313312404587 0.9978589229833836 -3.5341622858797964e-14
    outer loop
      vertex 27.075 -14.572144028030399 4.1318275992143505
      vertex 26.765029927325145 -14.592460541177372 4.33894298016998
      vertex 26.650000021244665 -14.6 4.439821500342827
    endloop
  endfacet
  facet normal -0.19509032260463413 0.9807852802861693 -1.877638425531918e-16
    outer loop
      vertex 27.762365721457815 -14.48927835778369 3.847111395076155
      vertex 27.478841319680214 -14.545674867928028 10
      vertex 28.128000352172855 -14.4165491075641 3.7743821450846404
    endloop
  endfacet
  facet normal -0.1950903226046302 0.9807852802861701 0
    outer loop
      vertex 27.762365721457815 -14.48927835778369 3.847111395076155
      vertex 27.478841319680214 -14.545674867928028 3.943354960751253
      vertex 27.478841319680214 -14.545674867928028 10
    endloop
  endfacet
  facet normal -0.06540313312401211 0.9978589229833859 0
    outer loop
      vertex 27.478841319680214 -14.545674867928028 3.943354960751253
      vertex 27.409352217759494 -14.55022942456816 3.966943332342833
      vertex 27.478841319680214 -14.545674867928028 10
    endloop
  endfacet
  facet normal -0.19509032260462753 0.9807852802861707 0
    outer loop
      vertex 28.128000352172855 -14.4165491075641 3.7743821450846404
      vertex 28.293500937521458 -14.383628994226456 10
      vertex 28.293500937521458 -14.383628994226456 3.763534663622944
    endloop
  endfacet
  facet normal -0.32143946357002834 0.9469301300834251 0
    outer loop
      vertex 28.293500937521458 -14.383628994226456 3.763534663622944
      vertex 28.293500937521458 -14.383628994226456 10
      vertex 28.5 -14.313532008438319 3.75
    endloop
  endfacet
  facet normal -0.3214394635700292 0.9469301300834249 -3.10197900305229e-17
    outer loop
      vertex 28.5 -14.313532008438319 3.75
      vertex 28.293500937521458 -14.383628994226456 10
      vertex 28.871999647827145 -14.18725514444703 3.7743821450846404
    endloop
  endfacet
  facet normal -0.32143946357002867 0.946930130083425 1.4943278149393416e-17
    outer loop
      vertex 28.871999647827145 -14.18725514444703 3.7743821450846404
      vertex 28.293500937521458 -14.383628994226456 10
      vertex 29.08003979176283 -14.116635031998158 3.8157639026248917
    endloop
  endfacet
  facet normal -0.44228869288065964 0.8968727402201035 0
    outer loop
      vertex 29.08003979176283 -14.116635031998158 3.8157639026248917
      vertex 29.08003979176283 -14.116635031998158 10
      vertex 29.237634278542185 -14.038918031093733 3.847111395076155
    endloop
  endfacet
  facet normal -0.44228869288066036 0.8968727402201033 -1.846309124467561e-17
    outer loop
      vertex 29.237634278542185 -14.038918031093733 3.847111395076155
      vertex 29.08003979176283 -14.116635031998158 10
      vertex 29.590647782240506 -13.8648310351152 3.966943332342833
    endloop
  endfacet
  facet normal -0.0654031331240232 0.9978589229833851 0
    outer loop
      vertex 27.409352217759494 -14.55022942456816 3.966943332342833
      vertex 26.650000021244665 -14.6 4.439821500342827
      vertex 26.650000021244665 -14.6 10
    endloop
  endfacet
  facet normal -0.44228869288066003 0.8968727402201033 -8.450576815210933e-18
    outer loop
      vertex 29.590647782240506 -13.8648310351152 3.966943332342833
      vertex 29.08003979176283 -14.116635031998158 10
      vertex 29.82499999552965 -13.749261312186718 4.082513054406688
    endloop
  endfacet
  facet normal -0.5555702295836804 0.8314696145983548 0
    outer loop
      vertex 29.82499999552965 -13.749261312186718 4.082513054406688
      vertex 29.82499999552965 -13.749261312186718 10
      vertex 29.925 -13.682443446005525 4.1318275992143505
    endloop
  endfacet
  facet normal -0.5555702295836775 0.8314696145983567 7.056337943171823e-17
    outer loop
      vertex 29.925 -13.682443446005525 4.1318275992143505
      vertex 29.82499999552965 -13.749261312186718 10
      vertex 30.234970072674855 -13.475328066902676 4.33894298016998
    endloop
  endfacet
  facet normal -0.5555702295836771 0.8314696145983571 1.230839135783608e-16
    outer loop
      vertex 30.234970072674855 -13.475328066902676 4.33894298016998
      vertex 29.82499999552965 -13.749261312186718 10
      vertex 30.515254326381662 -13.288048117705976 4.58474567361834
    endloop
  endfacet
  facet normal -0.555570229583859 0.8314696145982355 -3.343066908753379e-14
    outer loop
      vertex 30.515635073184967 -13.287793710827827 4.585179832138405
      vertex 30.515254326381662 -13.288048117705976 4.58474567361834
      vertex 29.82499999552965 -13.749261312186718 10
    endloop
  endfacet
  facet normal -0.6593458126438825 0.7518398096329951 0
    outer loop
      vertex 30.515635073184967 -13.287793710827827 4.585179832138405
      vertex 30.515635073184967 -13.287793710827827 10
      vertex 30.76105701983002 -13.072564441536652 4.865029927325146
    endloop
  endfacet
  facet normal -0.6593458126438833 0.7518398096329943 -6.408986444974444e-17
    outer loop
      vertex 30.76105701983002 -13.072564441536652 4.865029927325146
      vertex 30.515635073184967 -13.287793710827827 10
      vertex 30.96817240078565 -12.890929128511795 5.175
    endloop
  endfacet
  facet normal -0.6593458126438821 0.7518398096329955 1.1019290253926125e-16
    outer loop
      vertex 30.96817240078565 -12.890929128511795 5.175
      vertex 30.515635073184967 -13.287793710827827 10
      vertex 31.13305666765717 -12.746329508300596 5.509352217759494
    endloop
  endfacet
  facet normal -0.06540313312402227 0.9978589229833851 1.175250359282998e-16
    outer loop
      vertex 27.409352217759494 -14.55022942456816 3.966943332342833
      vertex 26.650000021244665 -14.6 10
      vertex 27.478841319680214 -14.545674867928028 10
    endloop
  endfacet
  facet normal -0.1950903226046314 0.9807852802861698 1.080193149427375e-16
    outer loop
      vertex 28.128000352172855 -14.4165491075641 3.7743821450846404
      vertex 27.478841319680214 -14.545674867928028 10
      vertex 28.293500937521458 -14.383628994226456 10
    endloop
  endfacet
  facet normal -0.32143946357002884 0.946930130083425 0
    outer loop
      vertex 29.08003979176283 -14.116635031998158 3.8157639026248917
      vertex 28.293500937521458 -14.383628994226456 10
      vertex 29.08003979176283 -14.116635031998158 10
    endloop
  endfacet
  facet normal -0.44228869288066014 0.8968727402201035 0
    outer loop
      vertex 29.82499999552965 -13.749261312186718 4.082513054406688
      vertex 29.08003979176283 -14.116635031998158 10
      vertex 29.82499999552965 -13.749261312186718 10
    endloop
  endfacet
  facet normal -0.5555702295836777 0.8314696145983564 0
    outer loop
      vertex 30.515635073184967 -13.287793710827827 4.585179832138405
      vertex 29.82499999552965 -13.749261312186718 10
      vertex 30.515635073184967 -13.287793710827827 10
    endloop
  endfacet
  facet normal -0.6593458126438947 0.7518398096329844 -2.92919960504818e-15
    outer loop
      vertex 31.13305666765717 -12.746329508300596 5.509352217759494
      vertex 30.515635073184967 -13.287793710827827 10
      vertex 31.140128061175346 -12.740128062665462 5.524626612883426
    endloop
  endfacet
  facet normal -0.7518398096329948 0.6593458126438827 0
    outer loop
      vertex 31.140128061175346 -12.740128062665462 5.524626612883426
      vertex 31.140128061175346 -12.740128062665462 10
      vertex 31.68779370933771 -12.115635074675083 6.7075987504589785
    endloop
  endfacet
  facet normal -0.6593458126438827 0.7518398096329948 0
    outer loop
      vertex 31.140128061175346 -12.740128062665462 5.524626612883426
      vertex 30.515635073184967 -13.287793710827827 10
      vertex 31.140128061175346 -12.740128062665462 10
    endloop
  endfacet
  facet normal -0.8314696145983566 0.5555702295836777 0
    outer loop
      vertex 31.68779370933771 -12.115635074675083 6.7075987504589785
      vertex 31.68779370933771 -12.115635074675083 10
      vertex 32.1492613106966 -11.424999997019768 7.7043808503279605
    endloop
  endfacet
  facet normal -0.8968727402201033 0.44228869288066003 0
    outer loop
      vertex 32.1492613106966 -11.424999997019768 7.7043808503279605
      vertex 32.1492613106966 -11.424999997019768 10
      vertex 32.51663503050804 -10.680039793252945 8.497917702735359
    endloop
  endfacet
  facet normal -0.7518398096329949 0.6593458126438828 0
    outer loop
      vertex 31.68779370933771 -12.115635074675083 6.7075987504589785
      vertex 31.140128061175346 -12.740128062665462 10
      vertex 31.68779370933771 -12.115635074675083 10
    endloop
  endfacet
  facet normal -0.8314696145983566 0.5555702295836779 0
    outer loop
      vertex 32.1492613106966 -11.424999997019768 7.7043808503279605
      vertex 31.68779370933771 -12.115635074675083 10
      vertex 32.1492613106966 -11.424999997019768 10
    endloop
  endfacet
  facet normal -0.9469301300834225 0.3214394635700362 0
    outer loop
      vertex 32.51663503050804 -10.680039793252945 8.497917702735359
      vertex 32.51663503050804 -10.680039793252945 10
      vertex 32.62866844324848 -10.35 8.739912807219518
    endloop
  endfacet
  facet normal -0.8968727402201034 0.4422886928806602 0
    outer loop
      vertex 32.1492613106966 -11.424999997019768 10
      vertex 32.51663503050804 -10.680039793252945 10
      vertex 32.51663503050804 -10.680039793252945 8.497917702735359
    endloop
  endfacet
  facet normal -0.9469301300834224 0.32143946357003617 0
    outer loop
      vertex 32.62866844324848 -10.35 8.739912807219518
      vertex 32.51663503050804 -10.680039793252945 10
      vertex 32.62866844324848 -10.35 10
    endloop
  endfacet
  facet normal -0.44228869288066025 -0.8968727402201033 5.922254129803219e-18
    outer loop
      vertex 29.590647782240506 13.8648310351152 3.966943332342833
      vertex 29.82499999552965 13.749261312186718 10
      vertex 29.237634278542185 14.038918031093733 3.847111395076155
    endloop
  endfacet
  facet normal -0.5555702295836804 -0.8314696145983548 0
    outer loop
      vertex 29.82499999552965 13.749261312186718 4.082513054406688
      vertex 29.925 13.682443446005525 4.1318275992143505
      vertex 29.82499999552965 13.749261312186718 10
    endloop
  endfacet
  facet normal -0.44228869288066014 -0.8968727402201034 0
    outer loop
      vertex 29.590647782240506 13.8648310351152 3.966943332342833
      vertex 29.82499999552965 13.749261312186718 4.082513054406688
      vertex 29.82499999552965 13.749261312186718 10
    endloop
  endfacet
  facet normal -0.5555702295836774 -0.8314696145983567 2.0403336621478042e-17
    outer loop
      vertex 29.925 13.682443446005525 4.1318275992143505
      vertex 30.234970072674855 13.475328066902676 4.33894298016998
      vertex 30.515635073184967 13.287793710827827 10
    endloop
  endfacet
  facet normal -0.5555702295836771 -0.8314696145983572 -1.9007099842241496e-17
    outer loop
      vertex 30.234970072674855 13.475328066902676 4.33894298016998
      vertex 30.515254326381662 13.288048117705976 4.58474567361834
      vertex 30.515635073184967 13.287793710827827 10
    endloop
  endfacet
  facet normal -0.5555702295838854 -0.8314696145982178 0
    outer loop
      vertex 30.515635073184967 13.287793710827827 4.585179832138405
      vertex 30.515635073184967 13.287793710827827 10
      vertex 30.515254326381662 13.288048117705976 4.58474567361834
    endloop
  endfacet
  facet normal -0.06540313312402667 -0.9978589229833849 1.68418612104992e-16
    outer loop
      vertex 27.409352217759494 14.55022942456816 3.966943332342833
      vertex 27.478841319680214 14.545674867928028 10
      vertex 27.075 14.572144028030399 4.1318275992143505
    endloop
  endfacet
  facet normal -0.06540313312401211 -0.9978589229833859 0
    outer loop
      vertex 27.478841319680214 14.545674867928028 3.943354960751253
      vertex 27.478841319680214 14.545674867928028 10
      vertex 27.409352217759494 14.55022942456816 3.966943332342833
    endloop
  endfacet
  facet normal -0.19509032260463025 -0.9807852802861701 -1.5918453717168982e-16
    outer loop
      vertex 27.762365721457815 14.48927835778369 3.847111395076155
      vertex 28.293500937521458 14.383628994226456 10
      vertex 27.478841319680214 14.545674867928028 3.943354960751253
    endloop
  endfacet
  facet normal -0.19509032260462753 -0.9807852802861707 0
    outer loop
      vertex 28.128000352172855 14.4165491075641 3.7743821450846404
      vertex 28.293500937521458 14.383628994226456 3.763534663622944
      vertex 28.293500937521458 14.383628994226456 10
    endloop
  endfacet
  facet normal -0.19509032260463408 -0.9807852802861693 1.8141525659839173e-16
    outer loop
      vertex 27.762365721457815 14.48927835778369 3.847111395076155
      vertex 28.128000352172855 14.4165491075641 3.7743821450846404
      vertex 28.293500937521458 14.383628994226456 10
    endloop
  endfacet
  facet normal -0.32143946357002834 -0.9469301300834251 -7.084421142115569e-17
    outer loop
      vertex 28.293500937521458 14.383628994226456 3.763534663622944
      vertex 28.5 14.313532008438319 3.75
      vertex 29.08003979176283 14.116635031998158 10
    endloop
  endfacet
  facet normal -0.32143946357002917 -0.9469301300834249 1.7060301530683574e-17
    outer loop
      vertex 28.5 14.313532008438319 3.75
      vertex 28.871999647827145 14.18725514444703 3.7743821450846404
      vertex 29.08003979176283 14.116635031998158 10
    endloop
  endfacet
  facet normal -0.44228869288065964 -0.8968727402201035 0
    outer loop
      vertex 29.08003979176283 14.116635031998158 3.8157639026248917
      vertex 29.237634278542185 14.038918031093733 3.847111395076155
      vertex 29.08003979176283 14.116635031998158 10
    endloop
  endfacet
  facet normal -0.3214394635700287 -0.9469301300834251 0
    outer loop
      vertex 28.871999647827145 14.18725514444703 3.7743821450846404
      vertex 29.08003979176283 14.116635031998158 3.8157639026248917
      vertex 29.08003979176283 14.116635031998158 10
    endloop
  endfacet
  facet normal -0.06540313312402248 -0.9978589229833852 -1.2191490487702844e-16
    outer loop
      vertex 27.075 14.572144028030399 4.1318275992143505
      vertex 27.478841319680214 14.545674867928028 10
      vertex 26.765029927325145 14.592460541177372 4.33894298016998
    endloop
  endfacet
  facet normal -0.0654031331240159 -0.9978589229833856 -9.526307577583105e-16
    outer loop
      vertex 26.765029927325145 14.592460541177372 4.33894298016998
      vertex 27.478841319680214 14.545674867928028 10
      vertex 26.650000021244665 14.6 4.439821500342827
    endloop
  endfacet
  facet normal -0.6593458126438825 -0.7518398096329951 0
    outer loop
      vertex 30.515635073184967 13.287793710827827 4.585179832138405
      vertex 30.76105701983002 13.072564441536652 4.865029927325146
      vertex 30.515635073184967 13.287793710827827 10
    endloop
  endfacet
  facet normal -0.6593458126438834 -0.7518398096329943 4.411643045469211e-17
    outer loop
      vertex 30.76105701983002 13.072564441536652 4.865029927325146
      vertex 30.96817240078565 12.890929128511795 5.175
      vertex 31.140128061175346 12.740128062665462 10
    endloop
  endfacet
  facet normal -0.6593458126438819 -0.7518398096329957 -4.594409512302093e-17
    outer loop
      vertex 30.96817240078565 12.890929128511795 5.175
      vertex 31.13305666765717 12.746329508300596 5.509352217759494
      vertex 31.140128061175346 12.740128062665462 10
    endloop
  endfacet
  facet normal -0.8968727402201034 -0.4422886928806602 0
    outer loop
      vertex 32.51663503050804 10.680039793252945 8.497917702735359
      vertex 32.51663503050804 10.680039793252945 10
      vertex 32.1492613106966 11.424999997019768 7.7043808503279605
    endloop
  endfacet
  facet normal -0.9469301300834225 -0.32143946357003617 0
    outer loop
      vertex 32.62866844324848 10.35 8.739912807219518
      vertex 32.51663503050804 10.680039793252945 10
      vertex 32.51663503050804 10.680039793252945 8.497917702735359
    endloop
  endfacet
  facet normal -0.9469301300834224 -0.32143946357003617 0
    outer loop
      vertex 32.62866844324848 10.35 8.739912807219518
      vertex 32.62866844324848 10.35 10
      vertex 32.51663503050804 10.680039793252945 10
    endloop
  endfacet
  facet normal -0.5555702295836777 -0.8314696145983566 6.406158014298602e-17
    outer loop
      vertex 29.925 13.682443446005525 4.1318275992143505
      vertex 30.515635073184967 13.287793710827827 10
      vertex 29.82499999552965 13.749261312186718 10
    endloop
  endfacet
  facet normal -0.1950903226046314 -0.9807852802861698 0
    outer loop
      vertex 27.478841319680214 14.545674867928028 3.943354960751253
      vertex 28.293500937521458 14.383628994226456 10
      vertex 27.478841319680214 14.545674867928028 10
    endloop
  endfacet
  facet normal -0.06540313312402227 -0.9978589229833852 0
    outer loop
      vertex 26.650000021244665 14.6 4.439821500342827
      vertex 27.478841319680214 14.545674867928028 10
      vertex 26.650000021244665 14.6 10
    endloop
  endfacet
  facet normal -0.32143946357002884 -0.946930130083425 0
    outer loop
      vertex 28.293500937521458 14.383628994226456 3.763534663622944
      vertex 29.08003979176283 14.116635031998158 10
      vertex 28.293500937521458 14.383628994226456 10
    endloop
  endfacet
  facet normal -0.4422886928806601 -0.8968727402201034 -1.357716030575356e-17
    outer loop
      vertex 29.237634278542185 14.038918031093733 3.847111395076155
      vertex 29.82499999552965 13.749261312186718 10
      vertex 29.08003979176283 14.116635031998158 10
    endloop
  endfacet
  facet normal -0.7518398096329948 -0.6593458126438827 0
    outer loop
      vertex 31.140128061175346 12.740128062665462 5.524626612883426
      vertex 31.68779370933771 12.115635074675083 6.7075987504589785
      vertex 31.68779370933771 12.115635074675083 10
    endloop
  endfacet
  facet normal -0.6593458126438982 -0.7518398096329812 0
    outer loop
      vertex 31.13305666765717 12.746329508300596 5.509352217759494
      vertex 31.140128061175346 12.740128062665462 5.524626612883426
      vertex 31.140128061175346 12.740128062665462 10
    endloop
  endfacet
  facet normal -0.8314696145983566 -0.5555702295836779 0
    outer loop
      vertex 31.68779370933771 12.115635074675083 6.7075987504589785
      vertex 32.1492613106966 11.424999997019768 7.7043808503279605
      vertex 32.1492613106966 11.424999997019768 10
    endloop
  endfacet
  facet normal -0.7518398096329948 -0.6593458126438827 0
    outer loop
      vertex 31.140128061175346 12.740128062665462 5.524626612883426
      vertex 31.68779370933771 12.115635074675083 10
      vertex 31.140128061175346 12.740128062665462 10
    endloop
  endfacet
  facet normal -0.6593458126438827 -0.7518398096329948 -2.928347329330313e-17
    outer loop
      vertex 30.76105701983002 13.072564441536652 4.865029927325146
      vertex 31.140128061175346 12.740128062665462 10
      vertex 30.515635073184967 13.287793710827827 10
    endloop
  endfacet
  facet normal -0.8314696145983566 -0.5555702295836777 0
    outer loop
      vertex 31.68779370933771 12.115635074675083 6.7075987504589785
      vertex 32.1492613106966 11.424999997019768 10
      vertex 31.68779370933771 12.115635074675083 10
    endloop
  endfacet
  facet normal -0.8968727402201033 -0.44228869288066003 0
    outer loop
      vertex 32.51663503050804 10.680039793252945 10
      vertex 32.1492613106966 11.424999997019768 10
      vertex 32.1492613106966 11.424999997019768 7.7043808503279605
    endloop
  endfacet
  facet normal 0.6593458126438825 0.7518398096329951 0
    outer loop
      vertex -30.76105701983002 -13.072564441536652 4.865029927325146
      vertex -30.515635073184967 -13.287793710827827 10
      vertex -30.515635073184967 -13.287793710827827 4.585179832138405
    endloop
  endfacet
  facet normal 0.6593458126438834 0.7518398096329943 4.411643045469211e-17
    outer loop
      vertex -30.76105701983002 -13.072564441536652 4.865029927325146
      vertex -30.96817240078565 -12.890929128511795 5.175
      vertex -31.140128061175346 -12.740128062665462 10
    endloop
  endfacet
  facet normal 0.6593458126438819 0.7518398096329957 -4.594409512302093e-17
    outer loop
      vertex -30.96817240078565 -12.890929128511795 5.175
      vertex -31.13305666765717 -12.746329508300596 5.509352217759494
      vertex -31.140128061175346 -12.740128062665462 10
    endloop
  endfacet
  facet normal 0.0654031331240403 0.997858922983384 -2.7567667482478607e-14
    outer loop
      vertex -27.409352217759494 -14.55022942456816 3.966943332342833
      vertex -26.650000021244665 -14.6 4.439821500342827
      vertex -27.075 -14.572144028030399 4.1318275992143505
    endloop
  endfacet
  facet normal 0.06540313312404587 0.9978589229833836 -3.5341622858797964e-14
    outer loop
      vertex -27.075 -14.572144028030399 4.1318275992143505
      vertex -26.650000021244665 -14.6 4.439821500342827
      vertex -26.765029927325145 -14.592460541177372 4.33894298016998
    endloop
  endfacet
  facet normal 0.3214394635700287 0.9469301300834251 0
    outer loop
      vertex -29.08003979176283 -14.116635031998158 3.8157639026248917
      vertex -29.08003979176283 -14.116635031998158 10
      vertex -28.871999647827145 -14.18725514444703 3.7743821450846404
    endloop
  endfacet
  facet normal 0.44228869288065964 0.8968727402201035 0
    outer loop
      vertex -29.08003979176283 -14.116635031998158 3.8157639026248917
      vertex -29.237634278542185 -14.038918031093733 3.847111395076155
      vertex -29.08003979176283 -14.116635031998158 10
    endloop
  endfacet
  facet normal 0.32143946357002917 0.9469301300834249 1.8481993324907207e-17
    outer loop
      vertex -28.871999647827145 -14.18725514444703 3.7743821450846404
      vertex -29.08003979176283 -14.116635031998158 10
      vertex -28.5 -14.313532008438319 3.75
    endloop
  endfacet
  facet normal 0.3214394635700284 0.9469301300834251 -7.08442114211557e-17
    outer loop
      vertex -28.5 -14.313532008438319 3.75
      vertex -29.08003979176283 -14.116635031998158 10
      vertex -28.293500937521458 -14.383628994226456 3.763534663622944
    endloop
  endfacet
  facet normal 0.19509032260462753 0.9807852802861707 0
    outer loop
      vertex -28.293500937521458 -14.383628994226456 3.763534663622944
      vertex -28.293500937521458 -14.383628994226456 10
      vertex -28.128000352172855 -14.4165491075641 3.7743821450846404
    endloop
  endfacet
  facet normal 0.19509032260463408 0.9807852802861693 1.8215876174838515e-16
    outer loop
      vertex -28.128000352172855 -14.4165491075641 3.7743821450846404
      vertex -28.293500937521458 -14.383628994226456 10
      vertex -27.762365721457815 -14.48927835778369 3.847111395076155
    endloop
  endfacet
  facet normal 0.19509032260463025 0.9807852802861701 -1.5918453717168982e-16
    outer loop
      vertex -27.762365721457815 -14.48927835778369 3.847111395076155
      vertex -28.293500937521458 -14.383628994226456 10
      vertex -27.478841319680214 -14.545674867928028 3.943354960751253
    endloop
  endfacet
  facet normal 0.06540313312401211 0.9978589229833859 0
    outer loop
      vertex -27.478841319680214 -14.545674867928028 3.943354960751253
      vertex -27.478841319680214 -14.545674867928028 10
      vertex -27.409352217759494 -14.55022942456816 3.966943332342833
    endloop
  endfacet
  facet normal 0.06540313312402311 0.997858922983385 1.2736630720049346e-16
    outer loop
      vertex -27.409352217759494 -14.55022942456816 3.966943332342833
      vertex -27.478841319680214 -14.545674867928028 10
      vertex -26.650000021244665 -14.6 4.439821500342827
    endloop
  endfacet
  facet normal 0.44228869288066025 0.8968727402201033 5.922254129803219e-18
    outer loop
      vertex -29.237634278542185 -14.038918031093733 3.847111395076155
      vertex -29.590647782240506 -13.8648310351152 3.966943332342833
      vertex -29.82499999552965 -13.749261312186718 10
    endloop
  endfacet
  facet normal 0.44228869288066014 0.8968727402201034 0
    outer loop
      vertex -29.590647782240506 -13.8648310351152 3.966943332342833
      vertex -29.82499999552965 -13.749261312186718 4.082513054406688
      vertex -29.82499999552965 -13.749261312186718 10
    endloop
  endfacet
  facet normal 0.5555702295836804 0.8314696145983548 0
    outer loop
      vertex -29.925 -13.682443446005525 4.1318275992143505
      vertex -29.82499999552965 -13.749261312186718 10
      vertex -29.82499999552965 -13.749261312186718 4.082513054406688
    endloop
  endfacet
  facet normal 0.5555702295836774 0.8314696145983567 2.0403336621478042e-17
    outer loop
      vertex -29.925 -13.682443446005525 4.1318275992143505
      vertex -30.234970072674855 -13.475328066902676 4.33894298016998
      vertex -30.515635073184967 -13.287793710827827 10
    endloop
  endfacet
  facet normal 0.5555702295836771 0.8314696145983572 -1.9007099842241496e-17
    outer loop
      vertex -30.234970072674855 -13.475328066902676 4.33894298016998
      vertex -30.515254326381662 -13.288048117705976 4.58474567361834
      vertex -30.515635073184967 -13.287793710827827 10
    endloop
  endfacet
  facet normal 0.5555702295838854 0.8314696145982178 0
    outer loop
      vertex -30.515635073184967 -13.287793710827827 4.585179832138405
      vertex -30.515635073184967 -13.287793710827827 10
      vertex -30.515254326381662 -13.288048117705976 4.58474567361834
    endloop
  endfacet
  facet normal 0.6593458126438982 0.7518398096329812 0
    outer loop
      vertex -31.13305666765717 -12.746329508300596 5.509352217759494
      vertex -31.140128061175346 -12.740128062665462 5.524626612883426
      vertex -31.140128061175346 -12.740128062665462 10
    endloop
  endfacet
  facet normal 0.7518398096329948 0.6593458126438827 0
    outer loop
      vertex -31.140128061175346 -12.740128062665462 5.524626612883426
      vertex -31.68779370933771 -12.115635074675083 6.7075987504589785
      vertex -31.140128061175346 -12.740128062665462 10
    endloop
  endfacet
  facet normal 0.6593458126438827 0.7518398096329948 -2.928347329330313e-17
    outer loop
      vertex -30.76105701983002 -13.072564441536652 4.865029927325146
      vertex -31.140128061175346 -12.740128062665462 10
      vertex -30.515635073184967 -13.287793710827827 10
    endloop
  endfacet
  facet normal 0.8314696145983566 0.5555702295836777 0
    outer loop
      vertex -31.68779370933771 -12.115635074675083 6.7075987504589785
      vertex -32.1492613106966 -11.424999997019768 7.7043808503279605
      vertex -31.68779370933771 -12.115635074675083 10
    endloop
  endfacet
  facet normal 0.8968727402201033 0.44228869288066003 0
    outer loop
      vertex -32.1492613106966 -11.424999997019768 7.7043808503279605
      vertex -32.51663503050804 -10.680039793252945 8.497917702735359
      vertex -32.1492613106966 -11.424999997019768 10
    endloop
  endfacet
  facet normal 0.7518398096329949 0.6593458126438828 0
    outer loop
      vertex -31.68779370933771 -12.115635074675083 6.7075987504589785
      vertex -31.68779370933771 -12.115635074675083 10
      vertex -31.140128061175346 -12.740128062665462 10
    endloop
  endfacet
  facet normal 0.8314696145983566 0.5555702295836779 0
    outer loop
      vertex -32.1492613106966 -11.424999997019768 7.7043808503279605
      vertex -32.1492613106966 -11.424999997019768 10
      vertex -31.68779370933771 -12.115635074675083 10
    endloop
  endfacet
  facet normal 0.4422886928806601 0.8968727402201034 -1.357716030575356e-17
    outer loop
      vertex -29.237634278542185 -14.038918031093733 3.847111395076155
      vertex -29.82499999552965 -13.749261312186718 10
      vertex -29.08003979176283 -14.116635031998158 10
    endloop
  endfacet
  facet normal 0.32143946357002884 0.946930130083425 0
    outer loop
      vertex -28.293500937521458 -14.383628994226456 3.763534663622944
      vertex -29.08003979176283 -14.116635031998158 10
      vertex -28.293500937521458 -14.383628994226456 10
    endloop
  endfacet
  facet normal 0.1950903226046314 0.9807852802861698 0
    outer loop
      vertex -27.478841319680214 -14.545674867928028 3.943354960751253
      vertex -28.293500937521458 -14.383628994226456 10
      vertex -27.478841319680214 -14.545674867928028 10
    endloop
  endfacet
  facet normal 0.06540313312402227 0.9978589229833852 0
    outer loop
      vertex -26.650000021244665 -14.6 4.439821500342827
      vertex -27.478841319680214 -14.545674867928028 10
      vertex -26.650000021244665 -14.6 10
    endloop
  endfacet
  facet normal 0.5555702295836777 0.8314696145983566 6.406158014298602e-17
    outer loop
      vertex -29.925 -13.682443446005525 4.1318275992143505
      vertex -30.515635073184967 -13.287793710827827 10
      vertex -29.82499999552965 -13.749261312186718 10
    endloop
  endfacet
  facet normal 0.9469301300834225 0.3214394635700362 0
    outer loop
      vertex -32.51663503050804 -10.680039793252945 8.497917702735359
      vertex -32.62866844324848 -10.35 8.739912807219518
      vertex -32.51663503050804 -10.680039793252945 10
    endloop
  endfacet
  facet normal 0.9469301300834224 0.32143946357003617 0
    outer loop
      vertex -32.62866844324848 -10.35 8.739912807219518
      vertex -32.62866844324848 -10.35 10
      vertex -32.51663503050804 -10.680039793252945 10
    endloop
  endfacet
  facet normal 0.8968727402201034 0.4422886928806602 0
    outer loop
      vertex -32.1492613106966 -11.424999997019768 10
      vertex -32.51663503050804 -10.680039793252945 8.497917702735359
      vertex -32.51663503050804 -10.680039793252945 10
    endloop
  endfacet
  facet normal 0.6593458126438825 -0.7518398096329951 0
    outer loop
      vertex -30.76105701983002 13.072564441536652 4.865029927325146
      vertex -30.515635073184967 13.287793710827827 4.585179832138405
      vertex -30.515635073184967 13.287793710827827 10
    endloop
  endfacet
  facet normal 0.6593458126438833 -0.7518398096329943 -6.408986444974444e-17
    outer loop
      vertex -30.76105701983002 13.072564441536652 4.865029927325146
      vertex -30.515635073184967 13.287793710827827 10
      vertex -30.96817240078565 12.890929128511795 5.175
    endloop
  endfacet
  facet normal 0.6593458126438821 -0.7518398096329955 1.1019290253926125e-16
    outer loop
      vertex -30.96817240078565 12.890929128511795 5.175
      vertex -30.515635073184967 13.287793710827827 10
      vertex -31.13305666765717 12.746329508300596 5.509352217759494
    endloop
  endfacet
  facet normal 0.5555702295836804 -0.8314696145983548 0
    outer loop
      vertex -29.925 13.682443446005525 4.1318275992143505
      vertex -29.82499999552965 13.749261312186718 4.082513054406688
      vertex -29.82499999552965 13.749261312186718 10
    endloop
  endfacet
  facet normal 0.44228869288066003 -0.8968727402201033 -8.450576815210933e-18
    outer loop
      vertex -29.590647782240506 13.8648310351152 3.966943332342833
      vertex -29.08003979176283 14.116635031998158 10
      vertex -29.82499999552965 13.749261312186718 4.082513054406688
    endloop
  endfacet
  facet normal 0.5555702295836771 -0.8314696145983571 1.230839135783608e-16
    outer loop
      vertex -30.234970072674855 13.475328066902676 4.33894298016998
      vertex -29.82499999552965 13.749261312186718 10
      vertex -30.515254326381662 13.288048117705976 4.58474567361834
    endloop
  endfacet
  facet normal 0.5555702295836775 -0.8314696145983567 7.056337943171823e-17
    outer loop
      vertex -29.925 13.682443446005525 4.1318275992143505
      vertex -29.82499999552965 13.749261312186718 10
      vertex -30.234970072674855 13.475328066902676 4.33894298016998
    endloop
  endfacet
  facet normal 0.555570229583859 -0.8314696145982355 -3.343066908753379e-14
    outer loop
      vertex -30.515635073184967 13.287793710827827 4.585179832138405
      vertex -30.515254326381662 13.288048117705976 4.58474567361834
      vertex -29.82499999552965 13.749261312186718 10
    endloop
  endfacet
  facet normal 0.4422886928806602 -0.8968727402201034 -1.704285345662364e-17
    outer loop
      vertex -29.590647782240506 13.8648310351152 3.966943332342833
      vertex -29.237634278542185 14.038918031093733 3.847111395076155
      vertex -29.08003979176283 14.116635031998158 10
    endloop
  endfacet
  facet normal 0.44228869288065964 -0.8968727402201035 0
    outer loop
      vertex -29.08003979176283 14.116635031998158 3.8157639026248917
      vertex -29.08003979176283 14.116635031998158 10
      vertex -29.237634278542185 14.038918031093733 3.847111395076155
    endloop
  endfacet
  facet normal 0.32143946357002867 -0.946930130083425 1.9924370865857887e-17
    outer loop
      vertex -29.08003979176283 14.116635031998158 3.8157639026248917
      vertex -28.871999647827145 14.18725514444703 3.7743821450846404
      vertex -28.293500937521458 14.383628994226456 10
    endloop
  endfacet
  facet normal 0.32143946357002917 -0.9469301300834249 -2.8199809118657176e-17
    outer loop
      vertex -28.871999647827145 14.18725514444703 3.7743821450846404
      vertex -28.5 14.313532008438319 3.75
      vertex -28.293500937521458 14.383628994226456 10
    endloop
  endfacet
  facet normal 0.32143946357002834 -0.9469301300834251 0
    outer loop
      vertex -28.5 14.313532008438319 3.75
      vertex -28.293500937521458 14.383628994226456 3.763534663622944
      vertex -28.293500937521458 14.383628994226456 10
    endloop
  endfacet
  facet normal 0.19509032260462753 -0.9807852802861707 0
    outer loop
      vertex -28.293500937521458 14.383628994226456 3.763534663622944
      vertex -28.128000352172855 14.4165491075641 3.7743821450846404
      vertex -28.293500937521458 14.383628994226456 10
    endloop
  endfacet
  facet normal 0.19509032260463413 -0.9807852802861693 -1.862373072478813e-16
    outer loop
      vertex -28.128000352172855 14.4165491075641 3.7743821450846404
      vertex -27.762365721457815 14.48927835778369 3.847111395076155
      vertex -27.478841319680214 14.545674867928028 10
    endloop
  endfacet
  facet normal 0.1950903226046302 -0.9807852802861701 0
    outer loop
      vertex -27.762365721457815 14.48927835778369 3.847111395076155
      vertex -27.478841319680214 14.545674867928028 3.943354960751253
      vertex -27.478841319680214 14.545674867928028 10
    endloop
  endfacet
  facet normal 0.06540313312401211 -0.9978589229833859 0
    outer loop
      vertex -27.478841319680214 14.545674867928028 3.943354960751253
      vertex -27.409352217759494 14.55022942456816 3.966943332342833
      vertex -27.478841319680214 14.545674867928028 10
    endloop
  endfacet
  facet normal 0.06540313312402697 -0.9978589229833847 -4.794226954875846e-16
    outer loop
      vertex -27.409352217759494 14.55022942456816 3.966943332342833
      vertex -27.075 14.572144028030399 4.1318275992143505
      vertex -26.650000021244665 14.6 10
    endloop
  endfacet
  facet normal 0.06540313312402249 -0.9978589229833852 -1.5200663050748997e-16
    outer loop
      vertex -27.075 14.572144028030399 4.1318275992143505
      vertex -26.765029927325145 14.592460541177372 4.33894298016998
      vertex -26.650000021244665 14.6 10
    endloop
  endfacet
  facet normal 0.06540313312401506 -0.9978589229833857 0
    outer loop
      vertex -26.765029927325145 14.592460541177372 4.33894298016998
      vertex -26.650000021244665 14.6 4.439821500342827
      vertex -26.650000021244665 14.6 10
    endloop
  endfacet
  facet normal 0.9469301300834225 -0.32143946357003617 0
    outer loop
      vertex -32.62866844324848 10.35 8.739912807219518
      vertex -32.51663503050804 10.680039793252945 8.497917702735359
      vertex -32.51663503050804 10.680039793252945 10
    endloop
  endfacet
  facet normal 0.9469301300834224 -0.32143946357003617 0
    outer loop
      vertex -32.62866844324848 10.35 8.739912807219518
      vertex -32.51663503050804 10.680039793252945 10
      vertex -32.62866844324848 10.35 10
    endloop
  endfacet
  facet normal 0.8968727402201034 -0.4422886928806602 0
    outer loop
      vertex -32.51663503050804 10.680039793252945 8.497917702735359
      vertex -32.1492613106966 11.424999997019768 10
      vertex -32.51663503050804 10.680039793252945 10
    endloop
  endfacet
  facet normal 0.7518398096329948 -0.6593458126438827 0
    outer loop
      vertex -31.140128061175346 12.740128062665462 5.524626612883426
      vertex -31.140128061175346 12.740128062665462 10
      vertex -31.68779370933771 12.115635074675083 6.7075987504589785
    endloop
  endfacet
  facet normal 0.6593458126438947 -0.7518398096329844 -2.92919960504818e-15
    outer loop
      vertex -31.13305666765717 12.746329508300596 5.509352217759494
      vertex -30.515635073184967 13.287793710827827 10
      vertex -31.140128061175346 12.740128062665462 5.524626612883426
    endloop
  endfacet
  facet normal 0.8314696145983566 -0.5555702295836777 0
    outer loop
      vertex -31.68779370933771 12.115635074675083 6.7075987504589785
      vertex -31.68779370933771 12.115635074675083 10
      vertex -32.1492613106966 11.424999997019768 7.7043808503279605
    endloop
  endfacet
  facet normal 0.8968727402201034 -0.4422886928806602 0
    outer loop
      vertex -32.51663503050804 10.680039793252945 8.497917702735359
      vertex -32.1492613106966 11.424999997019768 7.7043808503279605
      vertex -32.1492613106966 11.424999997019768 10
    endloop
  endfacet
  facet normal 0.6593458126438827 -0.7518398096329948 0
    outer loop
      vertex -31.140128061175346 12.740128062665462 5.524626612883426
      vertex -30.515635073184967 13.287793710827827 10
      vertex -31.140128061175346 12.740128062665462 10
    endloop
  endfacet
  facet normal 0.7518398096329949 -0.6593458126438828 0
    outer loop
      vertex -31.68779370933771 12.115635074675083 6.7075987504589785
      vertex -31.140128061175346 12.740128062665462 10
      vertex -31.68779370933771 12.115635074675083 10
    endloop
  endfacet
  facet normal 0.8314696145983566 -0.5555702295836779 0
    outer loop
      vertex -32.1492613106966 11.424999997019768 7.7043808503279605
      vertex -31.68779370933771 12.115635074675083 10
      vertex -32.1492613106966 11.424999997019768 10
    endloop
  endfacet
  facet normal 0.44228869288066014 -0.8968727402201035 0
    outer loop
      vertex -29.82499999552965 13.749261312186718 4.082513054406688
      vertex -29.08003979176283 14.116635031998158 10
      vertex -29.82499999552965 13.749261312186718 10
    endloop
  endfacet
  facet normal 0.5555702295836777 -0.8314696145983564 0
    outer loop
      vertex -30.515635073184967 13.287793710827827 4.585179832138405
      vertex -29.82499999552965 13.749261312186718 10
      vertex -30.515635073184967 13.287793710827827 10
    endloop
  endfacet
  facet normal 0.32143946357002884 -0.946930130083425 0
    outer loop
      vertex -29.08003979176283 14.116635031998158 3.8157639026248917
      vertex -28.293500937521458 14.383628994226456 10
      vertex -29.08003979176283 14.116635031998158 10
    endloop
  endfacet
  facet normal 0.1950903226046314 -0.9807852802861698 1.080193149427375e-16
    outer loop
      vertex -28.128000352172855 14.4165491075641 3.7743821450846404
      vertex -27.478841319680214 14.545674867928028 10
      vertex -28.293500937521458 14.383628994226456 10
    endloop
  endfacet
  facet normal 0.06540313312402227 -0.9978589229833851 1.175250359282998e-16
    outer loop
      vertex -27.409352217759494 14.55022942456816 3.966943332342833
      vertex -26.650000021244665 14.6 10
      vertex -27.478841319680214 14.545674867928028 10
    endloop
  endfacet
  facet normal 0.7518398074789837 0.6593458151000616 0
    outer loop
      vertex -36.902081528017135 -18.50208152801713 4
      vertex -37.0487006784951 -18.334894429314822 4
      vertex -37.0487006784951 -18.334894429314822 10
    endloop
  endfacet
  facet normal 0.8314696123025439 0.5555702330196043 0
    outer loop
      vertex -37.0487006784951 -18.334894429314822 4
      vertex -37.17224318643355 -18.15 4
      vertex -37.17224318643355 -18.15 10
    endloop
  endfacet
  facet normal 0.32143946530316087 0.946930129495106 0
    outer loop
      vertex -36.350561835020656 -18.870595205269183 4
      vertex -36.350561835020656 -18.870595205269183 10
      vertex -36.139992376674286 -18.942073904691412 4
    endloop
  endfacet
  facet normal 0.19509032201613605 0.9807852804032288 0
    outer loop
      vertex -36.139992376674286 -18.942073904691412 4
      vertex -36.139992376674286 -18.942073904691412 10
      vertex -35.92189452677409 -18.985456264335475 4
    endloop
  endfacet
  facet normal 0.06540312923013786 0.9978589232386039 0
    outer loop
      vertex -35.7 -18.999999999999996 4
      vertex -35.92189452677409 -18.985456264335475 4
      vertex -35.92189452677409 -18.985456264335475 10
    endloop
  endfacet
  facet normal -0.06540312923013786 0.9978589232386039 0
    outer loop
      vertex -35.7 -18.999999999999996 4
      vertex -35.7 -18.999999999999996 10
      vertex -35.47810547322592 -18.985456264335475 4
    endloop
  endfacet
  facet normal 0.5555702330196043 0.8314696123025439 0
    outer loop
      vertex -36.73489442931483 -18.648700678495096 4
      vertex -36.73489442931483 -18.648700678495096 10
      vertex -36.550000000000004 -18.772243186433542 4
    endloop
  endfacet
  facet normal 0.6593458151000616 0.7518398074789837 0
    outer loop
      vertex -36.902081528017135 -18.50208152801713 4
      vertex -36.902081528017135 -18.50208152801713 10
      vertex -36.73489442931483 -18.648700678495096 4
    endloop
  endfacet
  facet normal 0.44228869021899636 0.8968727415326907 0
    outer loop
      vertex -36.350561835020656 -18.870595205269183 4
      vertex -36.550000000000004 -18.772243186433542 4
      vertex -36.550000000000004 -18.772243186433542 10
    endloop
  endfacet
  facet normal 0.8968727415326907 0.44228869021899636 0
    outer loop
      vertex -37.17224318643355 -18.15 4
      vertex -37.27059520526919 -17.95056183502065 4
      vertex -37.27059520526919 -17.95056183502065 10
    endloop
  endfacet
  facet normal 0.9469301294951042 0.3214394653031657 0
    outer loop
      vertex -37.27059520526919 -17.95056183502065 4
      vertex -37.34207390469142 -17.739992376674284 4
      vertex -37.34207390469142 -17.739992376674284 10
    endloop
  endfacet
  facet normal 0.9807852804032294 0.195090322016133 0
    outer loop
      vertex -37.34207390469142 -17.739992376674284 4
      vertex -37.38545626433548 -17.521894526774084 4
      vertex -37.38545626433548 -17.521894526774084 10
    endloop
  endfacet
  facet normal 0.9978589232386029 0.06540312923015378 0
    outer loop
      vertex -37.38545626433548 -17.521894526774084 4
      vertex -37.400000000000006 -17.299999999999997 4
      vertex -37.400000000000006 -17.299999999999997 10
    endloop
  endfacet
  facet normal 0.9978589232386029 -0.06540312923015378 0
    outer loop
      vertex -37.400000000000006 -17.299999999999997 4
      vertex -37.38545626433548 -17.07810547322591 4
      vertex -37.38545626433548 -17.07810547322591 10
    endloop
  endfacet
  facet normal 0.9807852804032294 -0.195090322016133 0
    outer loop
      vertex -37.38545626433548 -17.07810547322591 4
      vertex -37.34207390469142 -16.86000762332571 4
      vertex -37.34207390469142 -16.86000762332571 10
    endloop
  endfacet
  facet normal -0.19509032201613605 0.9807852804032288 0
    outer loop
      vertex -35.47810547322592 -18.985456264335475 4
      vertex -35.47810547322592 -18.985456264335475 10
      vertex -35.26000762332572 -18.942073904691412 4
    endloop
  endfacet
  facet normal -0.32143946530316087 0.946930129495106 0
    outer loop
      vertex -35.26000762332572 -18.942073904691412 4
      vertex -35.26000762332572 -18.942073904691412 10
      vertex -35.04943816497935 -18.870595205269183 4
    endloop
  endfacet
  facet normal -0.44228869021899636 0.8968727415326907 0
    outer loop
      vertex -35.04943816497935 -18.870595205269183 4
      vertex -35.04943816497935 -18.870595205269183 10
      vertex -34.85 -18.772243186433542 4
    endloop
  endfacet
  facet normal -0.5555702330196043 0.8314696123025439 0
    outer loop
      vertex -34.85 -18.772243186433542 4
      vertex -34.85 -18.772243186433542 10
      vertex -34.66510557068518 -18.648700678495096 4
    endloop
  endfacet
  facet normal -0.6593458151000616 0.7518398074789837 0
    outer loop
      vertex -34.66510557068518 -18.648700678495096 4
      vertex -34.66510557068518 -18.648700678495096 10
      vertex -34.49791847198287 -18.50208152801713 4
    endloop
  endfacet
  facet normal -0.7518398074789837 0.6593458151000616 0
    outer loop
      vertex -34.49791847198287 -18.50208152801713 4
      vertex -34.49791847198287 -18.50208152801713 10
      vertex -34.351299321504904 -18.334894429314822 4
    endloop
  endfacet
  facet normal -0.8314696123025439 0.5555702330196043 0
    outer loop
      vertex -34.351299321504904 -18.334894429314822 4
      vertex -34.351299321504904 -18.334894429314822 10
      vertex -34.22775681356646 -18.15 4
    endloop
  endfacet
  facet normal -0.8968727415326907 0.44228869021899636 0
    outer loop
      vertex -34.22775681356646 -18.15 4
      vertex -34.22775681356646 -18.15 10
      vertex -34.12940479473082 -17.95056183502065 4
    endloop
  endfacet
  facet normal -0.9469301294951042 0.3214394653031657 0
    outer loop
      vertex -34.12940479473082 -17.95056183502065 4
      vertex -34.12940479473082 -17.95056183502065 10
      vertex -34.05792609530859 -17.739992376674284 4
    endloop
  endfacet
  facet normal -0.9807852804032294 0.195090322016133 0
    outer loop
      vertex -34.05792609530859 -17.739992376674284 4
      vertex -34.05792609530859 -17.739992376674284 10
      vertex -34.014543735664525 -17.521894526774084 4
    endloop
  endfacet
  facet normal -0.9978589232386029 0.06540312923015378 0
    outer loop
      vertex -34.014543735664525 -17.521894526774084 4
      vertex -34.014543735664525 -17.521894526774084 10
      vertex -34 -17.299999999999997 4
    endloop
  endfacet
  facet normal -0.9978589232386029 -0.06540312923015378 0
    outer loop
      vertex -34 -17.299999999999997 4
      vertex -34 -17.299999999999997 10
      vertex -34.014543735664525 -17.07810547322591 4
    endloop
  endfacet
  facet normal -0.9807852804032294 -0.195090322016133 0
    outer loop
      vertex -34.014543735664525 -17.07810547322591 4
      vertex -34.014543735664525 -17.07810547322591 10
      vertex -34.05792609530859 -16.86000762332571 4
    endloop
  endfacet
  facet normal -0.9469301294951042 -0.3214394653031657 0
    outer loop
      vertex -34.05792609530859 -16.86000762332571 4
      vertex -34.05792609530859 -16.86000762332571 10
      vertex -34.12940479473082 -16.649438164979344 4
    endloop
  endfacet
  facet normal 0.9469301294951042 -0.3214394653031657 0
    outer loop
      vertex -37.34207390469142 -16.86000762332571 4
      vertex -37.27059520526919 -16.649438164979344 4
      vertex -37.27059520526919 -16.649438164979344 10
    endloop
  endfacet
  facet normal 0.8968727415326907 -0.44228869021899636 0
    outer loop
      vertex -37.27059520526919 -16.649438164979344 4
      vertex -37.17224318643355 -16.449999999999996 4
      vertex -37.17224318643355 -16.449999999999996 10
    endloop
  endfacet
  facet normal 0.8314696123025439 -0.5555702330196043 0
    outer loop
      vertex -37.17224318643355 -16.449999999999996 4
      vertex -37.0487006784951 -16.265105570685172 4
      vertex -37.0487006784951 -16.265105570685172 10
    endloop
  endfacet
  facet normal 0.7518398074789837 -0.6593458151000616 0
    outer loop
      vertex -37.0487006784951 -16.265105570685172 4
      vertex -36.902081528017135 -16.097918471982865 4
      vertex -36.902081528017135 -16.097918471982865 10
    endloop
  endfacet
  facet normal 0.6593458151000616 -0.7518398074789837 0
    outer loop
      vertex -36.902081528017135 -16.097918471982865 4
      vertex -36.73489442931483 -15.951299321504898 4
      vertex -36.73489442931483 -15.951299321504898 10
    endloop
  endfacet
  facet normal 0.5555702330196043 -0.8314696123025439 0
    outer loop
      vertex -36.73489442931483 -15.951299321504898 4
      vertex -36.550000000000004 -15.827756813566452 4
      vertex -36.550000000000004 -15.827756813566452 10
    endloop
  endfacet
  facet normal 0.4422886902190028 -0.8968727415326876 0
    outer loop
      vertex -36.550000000000004 -15.827756813566452 4
      vertex -36.350561835020656 -15.72940479473081 4
      vertex -36.350561835020656 -15.72940479473081 10
    endloop
  endfacet
  facet normal 0.32143946530316087 -0.946930129495106 0
    outer loop
      vertex -36.350561835020656 -15.72940479473081 4
      vertex -36.139992376674286 -15.65792609530858 4
      vertex -36.139992376674286 -15.65792609530858 10
    endloop
  endfacet
  facet normal 0.1950903220161284 -0.9807852804032304 0
    outer loop
      vertex -36.139992376674286 -15.65792609530858 4
      vertex -35.92189452677409 -15.614543735664519 4
      vertex -35.92189452677409 -15.614543735664519 10
    endloop
  endfacet
  facet normal 0.06540312923013786 -0.9978589232386039 0
    outer loop
      vertex -35.92189452677409 -15.614543735664519 4
      vertex -35.7 -15.599999999999998 4
      vertex -35.7 -15.599999999999998 10
    endloop
  endfacet
  facet normal -0.7518398074789837 -0.6593458151000616 0
    outer loop
      vertex -34.351299321504904 -16.265105570685172 4
      vertex -34.351299321504904 -16.265105570685172 10
      vertex -34.49791847198287 -16.097918471982865 4
    endloop
  endfacet
  facet normal -0.6593458151000616 -0.7518398074789837 0
    outer loop
      vertex -34.49791847198287 -16.097918471982865 4
      vertex -34.49791847198287 -16.097918471982865 10
      vertex -34.66510557068518 -15.951299321504898 4
    endloop
  endfacet
  facet normal -0.32143946530316087 -0.946930129495106 0
    outer loop
      vertex -35.04943816497935 -15.72940479473081 4
      vertex -35.04943816497935 -15.72940479473081 10
      vertex -35.26000762332572 -15.65792609530858 4
    endloop
  endfacet
  facet normal -0.06540312923013786 -0.9978589232386039 0
    outer loop
      vertex -35.7 -15.599999999999998 4
      vertex -35.47810547322592 -15.614543735664519 4
      vertex -35.47810547322592 -15.614543735664519 10
    endloop
  endfacet
  facet normal -0.1950903220161284 -0.9807852804032304 0
    outer loop
      vertex -35.47810547322592 -15.614543735664519 4
      vertex -35.26000762332572 -15.65792609530858 4
      vertex -35.26000762332572 -15.65792609530858 10
    endloop
  endfacet
  facet normal -0.5555702330196043 -0.8314696123025439 0
    outer loop
      vertex -34.66510557068518 -15.951299321504898 4
      vertex -34.66510557068518 -15.951299321504898 10
      vertex -34.85 -15.827756813566452 4
    endloop
  endfacet
  facet normal -0.4422886902190028 -0.8968727415326876 0
    outer loop
      vertex -35.04943816497935 -15.72940479473081 4
      vertex -34.85 -15.827756813566452 4
      vertex -34.85 -15.827756813566452 10
    endloop
  endfacet
  facet normal -0.8968727415326907 -0.44228869021899636 0
    outer loop
      vertex -34.12940479473082 -16.649438164979344 4
      vertex -34.12940479473082 -16.649438164979344 10
      vertex -34.22775681356646 -16.449999999999996 4
    endloop
  endfacet
  facet normal -0.8314696123025439 -0.5555702330196043 0
    outer loop
      vertex -34.351299321504904 -16.265105570685172 4
      vertex -34.22775681356646 -16.449999999999996 4
      vertex -34.22775681356646 -16.449999999999996 10
    endloop
  endfacet
  facet normal 0.7518398074789837 0.6593458151000616 0
    outer loop
      vertex -36.902081528017135 -18.50208152801713 4
      vertex -37.0487006784951 -18.334894429314822 10
      vertex -36.902081528017135 -18.50208152801713 10
    endloop
  endfacet
  facet normal 0.8314696123025439 0.5555702330196043 0
    outer loop
      vertex -37.0487006784951 -18.334894429314822 4
      vertex -37.17224318643355 -18.15 10
      vertex -37.0487006784951 -18.334894429314822 10
    endloop
  endfacet
  facet normal 0.44228869021899636 0.8968727415326907 0
    outer loop
      vertex -36.350561835020656 -18.870595205269183 4
      vertex -36.550000000000004 -18.772243186433542 10
      vertex -36.350561835020656 -18.870595205269183 10
    endloop
  endfacet
  facet normal 0.32143946530316087 0.946930129495106 0
    outer loop
      vertex -36.139992376674286 -18.942073904691412 4
      vertex -36.350561835020656 -18.870595205269183 10
      vertex -36.139992376674286 -18.942073904691412 10
    endloop
  endfacet
  facet normal 0.19509032201613605 0.9807852804032288 0
    outer loop
      vertex -35.92189452677409 -18.985456264335475 4
      vertex -36.139992376674286 -18.942073904691412 10
      vertex -35.92189452677409 -18.985456264335475 10
    endloop
  endfacet
  facet normal 0.06540312923013786 0.9978589232386039 0
    outer loop
      vertex -35.7 -18.999999999999996 4
      vertex -35.92189452677409 -18.985456264335475 10
      vertex -35.7 -18.999999999999996 10
    endloop
  endfacet
  facet normal 0.5555702330196043 0.8314696123025439 0
    outer loop
      vertex -36.550000000000004 -18.772243186433542 4
      vertex -36.73489442931483 -18.648700678495096 10
      vertex -36.550000000000004 -18.772243186433542 10
    endloop
  endfacet
  facet normal 0.6593458151000616 0.7518398074789837 0
    outer loop
      vertex -36.73489442931483 -18.648700678495096 4
      vertex -36.902081528017135 -18.50208152801713 10
      vertex -36.73489442931483 -18.648700678495096 10
    endloop
  endfacet
  facet normal 0.8968727415326907 0.44228869021899636 0
    outer loop
      vertex -37.17224318643355 -18.15 4
      vertex -37.27059520526919 -17.95056183502065 10
      vertex -37.17224318643355 -18.15 10
    endloop
  endfacet
  facet normal 0.9469301294951042 0.3214394653031657 0
    outer loop
      vertex -37.27059520526919 -17.95056183502065 4
      vertex -37.34207390469142 -17.739992376674284 10
      vertex -37.27059520526919 -17.95056183502065 10
    endloop
  endfacet
  facet normal 0.9807852804032294 0.195090322016133 0
    outer loop
      vertex -37.34207390469142 -17.739992376674284 4
      vertex -37.38545626433548 -17.521894526774084 10
      vertex -37.34207390469142 -17.739992376674284 10
    endloop
  endfacet
  facet normal 0.9978589232386029 0.06540312923015378 0
    outer loop
      vertex -37.38545626433548 -17.521894526774084 4
      vertex -37.400000000000006 -17.299999999999997 10
      vertex -37.38545626433548 -17.521894526774084 10
    endloop
  endfacet
  facet normal 0.9978589232386029 -0.06540312923015378 0
    outer loop
      vertex -37.400000000000006 -17.299999999999997 4
      vertex -37.38545626433548 -17.07810547322591 10
      vertex -37.400000000000006 -17.299999999999997 10
    endloop
  endfacet
  facet normal 0.9807852804032294 -0.195090322016133 0
    outer loop
      vertex -37.38545626433548 -17.07810547322591 4
      vertex -37.34207390469142 -16.86000762332571 10
      vertex -37.38545626433548 -17.07810547322591 10
    endloop
  endfacet
  facet normal 0.9469301294951042 -0.3214394653031657 0
    outer loop
      vertex -37.34207390469142 -16.86000762332571 4
      vertex -37.27059520526919 -16.649438164979344 10
      vertex -37.34207390469142 -16.86000762332571 10
    endloop
  endfacet
  facet normal -0.06540312923013786 0.9978589232386039 0
    outer loop
      vertex -35.47810547322592 -18.985456264335475 4
      vertex -35.7 -18.999999999999996 10
      vertex -35.47810547322592 -18.985456264335475 10
    endloop
  endfacet
  facet normal -0.19509032201613605 0.9807852804032288 0
    outer loop
      vertex -35.26000762332572 -18.942073904691412 4
      vertex -35.47810547322592 -18.985456264335475 10
      vertex -35.26000762332572 -18.942073904691412 10
    endloop
  endfacet
  facet normal -0.32143946530316087 0.946930129495106 0
    outer loop
      vertex -35.04943816497935 -18.870595205269183 4
      vertex -35.26000762332572 -18.942073904691412 10
      vertex -35.04943816497935 -18.870595205269183 10
    endloop
  endfacet
  facet normal -0.44228869021899636 0.8968727415326907 0
    outer loop
      vertex -34.85 -18.772243186433542 4
      vertex -35.04943816497935 -18.870595205269183 10
      vertex -34.85 -18.772243186433542 10
    endloop
  endfacet
  facet normal -0.5555702330196043 0.8314696123025439 0
    outer loop
      vertex -34.66510557068518 -18.648700678495096 4
      vertex -34.85 -18.772243186433542 10
      vertex -34.66510557068518 -18.648700678495096 10
    endloop
  endfacet
  facet normal -0.6593458151000616 0.7518398074789837 0
    outer loop
      vertex -34.49791847198287 -18.50208152801713 4
      vertex -34.66510557068518 -18.648700678495096 10
      vertex -34.49791847198287 -18.50208152801713 10
    endloop
  endfacet
  facet normal -0.7518398074789837 0.6593458151000616 0
    outer loop
      vertex -34.351299321504904 -18.334894429314822 4
      vertex -34.49791847198287 -18.50208152801713 10
      vertex -34.351299321504904 -18.334894429314822 10
    endloop
  endfacet
  facet normal -0.8314696123025439 0.5555702330196043 0
    outer loop
      vertex -34.22775681356646 -18.15 4
      vertex -34.351299321504904 -18.334894429314822 10
      vertex -34.22775681356646 -18.15 10
    endloop
  endfacet
  facet normal -0.8968727415326907 0.44228869021899636 0
    outer loop
      vertex -34.12940479473082 -17.95056183502065 4
      vertex -34.22775681356646 -18.15 10
      vertex -34.12940479473082 -17.95056183502065 10
    endloop
  endfacet
  facet normal -0.9469301294951042 0.3214394653031657 0
    outer loop
      vertex -34.05792609530859 -17.739992376674284 4
      vertex -34.12940479473082 -17.95056183502065 10
      vertex -34.05792609530859 -17.739992376674284 10
    endloop
  endfacet
  facet normal -0.9807852804032294 0.195090322016133 0
    outer loop
      vertex -34.014543735664525 -17.521894526774084 4
      vertex -34.05792609530859 -17.739992376674284 10
      vertex -34.014543735664525 -17.521894526774084 10
    endloop
  endfacet
  facet normal -0.9978589232386029 0.06540312923015378 0
    outer loop
      vertex -34 -17.299999999999997 4
      vertex -34.014543735664525 -17.521894526774084 10
      vertex -34 -17.299999999999997 10
    endloop
  endfacet
  facet normal -0.9978589232386029 -0.06540312923015378 0
    outer loop
      vertex -34.014543735664525 -17.07810547322591 4
      vertex -34 -17.299999999999997 10
      vertex -34.014543735664525 -17.07810547322591 10
    endloop
  endfacet
  facet normal -0.9807852804032294 -0.195090322016133 0
    outer loop
      vertex -34.05792609530859 -16.86000762332571 4
      vertex -34.014543735664525 -17.07810547322591 10
      vertex -34.05792609530859 -16.86000762332571 10
    endloop
  endfacet
  facet normal 0.8968727415326907 -0.44228869021899636 0
    outer loop
      vertex -37.27059520526919 -16.649438164979344 4
      vertex -37.17224318643355 -16.449999999999996 10
      vertex -37.27059520526919 -16.649438164979344 10
    endloop
  endfacet
  facet normal 0.8314696123025439 -0.5555702330196043 0
    outer loop
      vertex -37.17224318643355 -16.449999999999996 4
      vertex -37.0487006784951 -16.265105570685172 10
      vertex -37.17224318643355 -16.449999999999996 10
    endloop
  endfacet
  facet normal 0.7518398074789837 -0.6593458151000616 0
    outer loop
      vertex -37.0487006784951 -16.265105570685172 4
      vertex -36.902081528017135 -16.097918471982865 10
      vertex -37.0487006784951 -16.265105570685172 10
    endloop
  endfacet
  facet normal 0.6593458151000616 -0.7518398074789837 0
    outer loop
      vertex -36.902081528017135 -16.097918471982865 4
      vertex -36.73489442931483 -15.951299321504898 10
      vertex -36.902081528017135 -16.097918471982865 10
    endloop
  endfacet
  facet normal 0.5555702330196043 -0.8314696123025439 0
    outer loop
      vertex -36.73489442931483 -15.951299321504898 4
      vertex -36.550000000000004 -15.827756813566452 10
      vertex -36.73489442931483 -15.951299321504898 10
    endloop
  endfacet
  facet normal 0.4422886902190028 -0.8968727415326876 0
    outer loop
      vertex -36.550000000000004 -15.827756813566452 4
      vertex -36.350561835020656 -15.72940479473081 10
      vertex -36.550000000000004 -15.827756813566452 10
    endloop
  endfacet
  facet normal 0.32143946530316087 -0.946930129495106 0
    outer loop
      vertex -36.350561835020656 -15.72940479473081 4
      vertex -36.139992376674286 -15.65792609530858 10
      vertex -36.350561835020656 -15.72940479473081 10
    endloop
  endfacet
  facet normal 0.1950903220161284 -0.9807852804032304 0
    outer loop
      vertex -36.139992376674286 -15.65792609530858 4
      vertex -35.92189452677409 -15.614543735664519 10
      vertex -36.139992376674286 -15.65792609530858 10
    endloop
  endfacet
  facet normal 0.06540312923013786 -0.9978589232386039 0
    outer loop
      vertex -35.92189452677409 -15.614543735664519 4
      vertex -35.7 -15.599999999999998 10
      vertex -35.92189452677409 -15.614543735664519 10
    endloop
  endfacet
  facet normal -0.06540312923013786 -0.9978589232386039 0
    outer loop
      vertex -35.7 -15.599999999999998 4
      vertex -35.47810547322592 -15.614543735664519 10
      vertex -35.7 -15.599999999999998 10
    endloop
  endfacet
  facet normal -0.7518398074789837 -0.6593458151000616 0
    outer loop
      vertex -34.49791847198287 -16.097918471982865 4
      vertex -34.351299321504904 -16.265105570685172 10
      vertex -34.49791847198287 -16.097918471982865 10
    endloop
  endfacet
  facet normal -0.32143946530316087 -0.946930129495106 0
    outer loop
      vertex -35.26000762332572 -15.65792609530858 4
      vertex -35.04943816497935 -15.72940479473081 10
      vertex -35.26000762332572 -15.65792609530858 10
    endloop
  endfacet
  facet normal -0.4422886902190028 -0.8968727415326876 0
    outer loop
      vertex -35.04943816497935 -15.72940479473081 4
      vertex -34.85 -15.827756813566452 10
      vertex -35.04943816497935 -15.72940479473081 10
    endloop
  endfacet
  facet normal -0.1950903220161284 -0.9807852804032304 0
    outer loop
      vertex -35.47810547322592 -15.614543735664519 4
      vertex -35.26000762332572 -15.65792609530858 10
      vertex -35.47810547322592 -15.614543735664519 10
    endloop
  endfacet
  facet normal -0.5555702330196043 -0.8314696123025439 0
    outer loop
      vertex -34.85 -15.827756813566452 4
      vertex -34.66510557068518 -15.951299321504898 10
      vertex -34.85 -15.827756813566452 10
    endloop
  endfacet
  facet normal -0.6593458151000616 -0.7518398074789837 0
    outer loop
      vertex -34.66510557068518 -15.951299321504898 4
      vertex -34.49791847198287 -16.097918471982865 10
      vertex -34.66510557068518 -15.951299321504898 10
    endloop
  endfacet
  facet normal -0.9469301294951042 -0.3214394653031657 0
    outer loop
      vertex -34.12940479473082 -16.649438164979344 4
      vertex -34.05792609530859 -16.86000762332571 10
      vertex -34.12940479473082 -16.649438164979344 10
    endloop
  endfacet
  facet normal -0.8968727415326907 -0.44228869021899636 0
    outer loop
      vertex -34.22775681356646 -16.449999999999996 4
      vertex -34.12940479473082 -16.649438164979344 10
      vertex -34.22775681356646 -16.449999999999996 10
    endloop
  endfacet
  facet normal -0.8314696123025439 -0.5555702330196043 0
    outer loop
      vertex -34.351299321504904 -16.265105570685172 4
      vertex -34.22775681356646 -16.449999999999996 10
      vertex -34.351299321504904 -16.265105570685172 10
    endloop
  endfacet
  facet normal 0.4422886902190025 0.8968727415326876 0
    outer loop
      vertex -36.9628553268048 -20.348802457287242 0
      vertex -37.35 -20.157883832488643 0
      vertex -37.35 -20.157883832488643 4
    endloop
  endfacet
  facet normal 0.5555702330195986 0.8314696123025477 0
    outer loop
      vertex -37.70891271572878 -19.918066022961074 0
      vertex -37.70891271572878 -19.918066022961074 4
      vertex -37.35 -20.157883832488643 0
    endloop
  endfacet
  facet normal 0.659345815100071 0.7518398074789755 0
    outer loop
      vertex -37.70891271572878 -19.918066022961074 0
      vertex -38.03345237791561 -19.633452377915603 0
      vertex -38.03345237791561 -19.633452377915603 4
    endloop
  endfacet
  facet normal 0.3214394653031633 0.946930129495105 0
    outer loop
      vertex -36.9628553268048 -20.348802457287242 0
      vertex -36.9628553268048 -20.348802457287242 4
      vertex -36.55410284883832 -20.487555226753923 0
    endloop
  endfacet
  facet normal 0.19509032201612594 0.980785280403231 0
    outer loop
      vertex -36.55410284883832 -20.487555226753923 0
      vertex -36.55410284883832 -20.487555226753923 4
      vertex -36.130736434326174 -20.57176804253357 0
    endloop
  endfacet
  facet normal 0.06540312923014796 0.9978589232386031 0
    outer loop
      vertex -36.130736434326174 -20.57176804253357 0
      vertex -36.130736434326174 -20.57176804253357 4
      vertex -35.7 -20.599999999999998 0
    endloop
  endfacet
  facet normal 0.7518398074789796 0.6593458151000663 0
    outer loop
      vertex -38.03345237791561 -19.633452377915603 0
      vertex -38.31806602296108 -19.308912715728773 0
      vertex -38.31806602296108 -19.308912715728773 4
    endloop
  endfacet
  facet normal 0.8314696123025439 0.5555702330196043 0
    outer loop
      vertex -38.31806602296108 -19.308912715728773 0
      vertex -38.55788383248865 -18.949999999999996 0
      vertex -38.55788383248865 -18.949999999999996 4
    endloop
  endfacet
  facet normal 0.9469301294951067 0.3214394653031584 0
    outer loop
      vertex -38.887555226753925 -18.154102848838317 0
      vertex -38.887555226753925 -18.154102848838317 4
      vertex -38.74880245728725 -18.562855326804794 0
    endloop
  endfacet
  facet normal 0.8968727415326876 0.4422886902190025 0
    outer loop
      vertex -38.55788383248865 -18.949999999999996 0
      vertex -38.74880245728725 -18.562855326804794 0
      vertex -38.74880245728725 -18.562855326804794 4
    endloop
  endfacet
  facet normal 0.9807852804032297 0.19509032201613227 0
    outer loop
      vertex -38.887555226753925 -18.154102848838317 0
      vertex -38.971768042533576 -17.730736434326168 0
      vertex -38.971768042533576 -17.730736434326168 4
    endloop
  endfacet
  facet normal 0.9978589232386038 0.06540312923013977 0
    outer loop
      vertex -38.971768042533576 -17.730736434326168 0
      vertex -39 -17.299999999999997 0
      vertex -39 -17.299999999999997 4
    endloop
  endfacet
  facet normal 0.9978589232386038 -0.06540312923013977 0
    outer loop
      vertex -39 -17.299999999999997 0
      vertex -38.971768042533576 -16.869263565673826 0
      vertex -38.971768042533576 -16.869263565673826 4
    endloop
  endfacet
  facet normal -0.06540312923014796 0.9978589232386031 0
    outer loop
      vertex -35.7 -20.599999999999998 0
      vertex -35.7 -20.599999999999998 4
      vertex -35.26926356567383 -20.57176804253357 0
    endloop
  endfacet
  facet normal -0.19509032201612594 0.980785280403231 0
    outer loop
      vertex -35.26926356567383 -20.57176804253357 0
      vertex -35.26926356567383 -20.57176804253357 4
      vertex -34.84589715116169 -20.487555226753923 0
    endloop
  endfacet
  facet normal -0.3214394653031633 0.946930129495105 0
    outer loop
      vertex -34.84589715116169 -20.487555226753923 0
      vertex -34.84589715116169 -20.487555226753923 4
      vertex -34.437144673195206 -20.348802457287242 0
    endloop
  endfacet
  facet normal -0.4422886902190025 0.8968727415326876 0
    outer loop
      vertex -34.437144673195206 -20.348802457287242 0
      vertex -34.437144673195206 -20.348802457287242 4
      vertex -34.050000000000004 -20.157883832488643 0
    endloop
  endfacet
  facet normal -0.5555702330195986 0.8314696123025477 0
    outer loop
      vertex -34.050000000000004 -20.157883832488643 0
      vertex -34.050000000000004 -20.157883832488643 4
      vertex -33.69108728427123 -19.918066022961074 0
    endloop
  endfacet
  facet normal -0.659345815100071 0.7518398074789755 0
    outer loop
      vertex -33.69108728427123 -19.918066022961074 0
      vertex -33.69108728427123 -19.918066022961074 4
      vertex -33.3665476220844 -19.633452377915603 0
    endloop
  endfacet
  facet normal -0.7518398074789796 0.6593458151000663 0
    outer loop
      vertex -33.3665476220844 -19.633452377915603 0
      vertex -33.3665476220844 -19.633452377915603 4
      vertex -33.08193397703893 -19.308912715728773 0
    endloop
  endfacet
  facet normal -0.8314696123025439 0.5555702330196043 0
    outer loop
      vertex -33.08193397703893 -19.308912715728773 0
      vertex -33.08193397703893 -19.308912715728773 4
      vertex -32.84211616751136 -18.949999999999996 0
    endloop
  endfacet
  facet normal -0.8968727415326876 0.4422886902190025 0
    outer loop
      vertex -32.84211616751136 -18.949999999999996 0
      vertex -32.84211616751136 -18.949999999999996 4
      vertex -32.65119754271276 -18.562855326804794 0
    endloop
  endfacet
  facet normal -0.9469301294951067 0.3214394653031584 0
    outer loop
      vertex -32.65119754271276 -18.562855326804794 0
      vertex -32.65119754271276 -18.562855326804794 4
      vertex -32.51244477324608 -18.154102848838317 0
    endloop
  endfacet
  facet normal -0.9807852804032297 0.19509032201613227 0
    outer loop
      vertex -32.51244477324608 -18.154102848838317 0
      vertex -32.51244477324608 -18.154102848838317 4
      vertex -32.42823195746643 -17.730736434326168 0
    endloop
  endfacet
  facet normal -0.9978589232386038 0.06540312923013977 0
    outer loop
      vertex -32.42823195746643 -17.730736434326168 0
      vertex -32.42823195746643 -17.730736434326168 4
      vertex -32.400000000000006 -17.299999999999997 0
    endloop
  endfacet
  facet normal -0.9807852804032297 -0.19509032201613227 0
    outer loop
      vertex -32.42823195746643 -16.869263565673826 0
      vertex -32.42823195746643 -16.869263565673826 4
      vertex -32.51244477324608 -16.445897151161677 0
    endloop
  endfacet
  facet normal -0.9978589232386038 -0.06540312923013977 0
    outer loop
      vertex -32.400000000000006 -17.299999999999997 0
      vertex -32.400000000000006 -17.299999999999997 4
      vertex -32.42823195746643 -16.869263565673826 0
    endloop
  endfacet
  facet normal 0.4422886902190025 0.8968727415326876 0
    outer loop
      vertex -36.9628553268048 -20.348802457287242 0
      vertex -37.35 -20.157883832488643 4
      vertex -36.9628553268048 -20.348802457287242 4
    endloop
  endfacet
  facet normal 0.7518398074789796 0.6593458151000663 0
    outer loop
      vertex -38.03345237791561 -19.633452377915603 0
      vertex -38.31806602296108 -19.308912715728773 4
      vertex -38.03345237791561 -19.633452377915603 4
    endloop
  endfacet
  facet normal 0.659345815100071 0.7518398074789755 0
    outer loop
      vertex -37.70891271572878 -19.918066022961074 0
      vertex -38.03345237791561 -19.633452377915603 4
      vertex -37.70891271572878 -19.918066022961074 4
    endloop
  endfacet
  facet normal 0.5555702330195986 0.8314696123025477 0
    outer loop
      vertex -37.35 -20.157883832488643 0
      vertex -37.70891271572878 -19.918066022961074 4
      vertex -37.35 -20.157883832488643 4
    endloop
  endfacet
  facet normal 0.3214394653031633 0.946930129495105 0
    outer loop
      vertex -36.55410284883832 -20.487555226753923 0
      vertex -36.9628553268048 -20.348802457287242 4
      vertex -36.55410284883832 -20.487555226753923 4
    endloop
  endfacet
  facet normal 0.19509032201612594 0.980785280403231 0
    outer loop
      vertex -36.130736434326174 -20.57176804253357 0
      vertex -36.55410284883832 -20.487555226753923 4
      vertex -36.130736434326174 -20.57176804253357 4
    endloop
  endfacet
  facet normal 0.06540312923014796 0.9978589232386031 0
    outer loop
      vertex -35.7 -20.599999999999998 0
      vertex -36.130736434326174 -20.57176804253357 4
      vertex -35.7 -20.599999999999998 4
    endloop
  endfacet
  facet normal 0.8314696123025439 0.5555702330196043 0
    outer loop
      vertex -38.31806602296108 -19.308912715728773 0
      vertex -38.55788383248865 -18.949999999999996 4
      vertex -38.31806602296108 -19.308912715728773 4
    endloop
  endfacet
  facet normal 0.8968727415326876 0.4422886902190025 0
    outer loop
      vertex -38.55788383248865 -18.949999999999996 0
      vertex -38.74880245728725 -18.562855326804794 4
      vertex -38.55788383248865 -18.949999999999996 4
    endloop
  endfacet
  facet normal 0.9469301294951067 0.3214394653031584 0
    outer loop
      vertex -38.74880245728725 -18.562855326804794 0
      vertex -38.887555226753925 -18.154102848838317 4
      vertex -38.74880245728725 -18.562855326804794 4
    endloop
  endfacet
  facet normal 0.9807852804032297 0.19509032201613227 0
    outer loop
      vertex -38.887555226753925 -18.154102848838317 0
      vertex -38.971768042533576 -17.730736434326168 4
      vertex -38.887555226753925 -18.154102848838317 4
    endloop
  endfacet
  facet normal 0.9978589232386038 0.06540312923013977 0
    outer loop
      vertex -38.971768042533576 -17.730736434326168 0
      vertex -39 -17.299999999999997 4
      vertex -38.971768042533576 -17.730736434326168 4
    endloop
  endfacet
  facet normal 0.9978589232386038 -0.06540312923013977 0
    outer loop
      vertex -39 -17.299999999999997 0
      vertex -38.971768042533576 -16.869263565673826 4
      vertex -39 -17.299999999999997 4
    endloop
  endfacet
  facet normal 0.9807852804032297 -0.19509032201613227 0
    outer loop
      vertex -38.971768042533576 -16.869263565673826 0
      vertex -38.887555226753925 -16.445897151161677 4
      vertex -38.971768042533576 -16.869263565673826 4
    endloop
  endfacet
  facet normal -0.06540312923014796 0.9978589232386031 0
    outer loop
      vertex -35.26926356567383 -20.57176804253357 0
      vertex -35.7 -20.599999999999998 4
      vertex -35.26926356567383 -20.57176804253357 4
    endloop
  endfacet
  facet normal -0.19509032201612594 0.980785280403231 0
    outer loop
      vertex -34.84589715116169 -20.487555226753923 0
      vertex -35.26926356567383 -20.57176804253357 4
      vertex -34.84589715116169 -20.487555226753923 4
    endloop
  endfacet
  facet normal -0.3214394653031633 0.946930129495105 0
    outer loop
      vertex -34.437144673195206 -20.348802457287242 0
      vertex -34.84589715116169 -20.487555226753923 4
      vertex -34.437144673195206 -20.348802457287242 4
    endloop
  endfacet
  facet normal -0.4422886902190025 0.8968727415326876 0
    outer loop
      vertex -34.050000000000004 -20.157883832488643 0
      vertex -34.437144673195206 -20.348802457287242 4
      vertex -34.050000000000004 -20.157883832488643 4
    endloop
  endfacet
  facet normal -0.5555702330195986 0.8314696123025477 0
    outer loop
      vertex -33.69108728427123 -19.918066022961074 0
      vertex -34.050000000000004 -20.157883832488643 4
      vertex -33.69108728427123 -19.918066022961074 4
    endloop
  endfacet
  facet normal -0.659345815100071 0.7518398074789755 0
    outer loop
      vertex -33.3665476220844 -19.633452377915603 0
      vertex -33.69108728427123 -19.918066022961074 4
      vertex -33.3665476220844 -19.633452377915603 4
    endloop
  endfacet
  facet normal -0.7518398074789796 0.6593458151000663 0
    outer loop
      vertex -33.08193397703893 -19.308912715728773 0
      vertex -33.3665476220844 -19.633452377915603 4
      vertex -33.08193397703893 -19.308912715728773 4
    endloop
  endfacet
  facet normal -0.8314696123025439 0.5555702330196043 0
    outer loop
      vertex -32.84211616751136 -18.949999999999996 0
      vertex -33.08193397703893 -19.308912715728773 4
      vertex -32.84211616751136 -18.949999999999996 4
    endloop
  endfacet
  facet normal -0.8968727415326876 0.4422886902190025 0
    outer loop
      vertex -32.65119754271276 -18.562855326804794 0
      vertex -32.84211616751136 -18.949999999999996 4
      vertex -32.65119754271276 -18.562855326804794 4
    endloop
  endfacet
  facet normal -0.9469301294951067 0.3214394653031584 0
    outer loop
      vertex -32.51244477324608 -18.154102848838317 0
      vertex -32.65119754271276 -18.562855326804794 4
      vertex -32.51244477324608 -18.154102848838317 4
    endloop
  endfacet
  facet normal -0.9807852804032297 0.19509032201613227 0
    outer loop
      vertex -32.42823195746643 -17.730736434326168 0
      vertex -32.51244477324608 -18.154102848838317 4
      vertex -32.42823195746643 -17.730736434326168 4
    endloop
  endfacet
  facet normal -0.9978589232386038 0.06540312923013977 0
    outer loop
      vertex -32.400000000000006 -17.299999999999997 0
      vertex -32.42823195746643 -17.730736434326168 4
      vertex -32.400000000000006 -17.299999999999997 4
    endloop
  endfacet
  facet normal -0.9978589232386038 -0.06540312923013977 0
    outer loop
      vertex -32.42823195746643 -16.869263565673826 0
      vertex -32.400000000000006 -17.299999999999997 4
      vertex -32.42823195746643 -16.869263565673826 4
    endloop
  endfacet
  facet normal 0.9807852804032297 -0.19509032201613227 0
    outer loop
      vertex -38.971768042533576 -16.869263565673826 0
      vertex -38.887555226753925 -16.445897151161677 0
      vertex -38.887555226753925 -16.445897151161677 4
    endloop
  endfacet
  facet normal 0.9469301294951067 -0.3214394653031584 0
    outer loop
      vertex -38.887555226753925 -16.445897151161677 0
      vertex -38.74880245728725 -16.0371446731952 0
      vertex -38.74880245728725 -16.0371446731952 4
    endloop
  endfacet
  facet normal 0.8968727415326884 -0.44228869021900086 0
    outer loop
      vertex -38.74880245728725 -16.0371446731952 0
      vertex -38.55788383248865 -15.649999999999997 0
      vertex -38.55788383248865 -15.649999999999997 4
    endloop
  endfacet
  facet normal 0.8314696123025439 -0.5555702330196043 0
    outer loop
      vertex -38.55788383248865 -15.649999999999997 0
      vertex -38.31806602296108 -15.291087284271219 0
      vertex -38.31806602296108 -15.291087284271219 4
    endloop
  endfacet
  facet normal 0.7518398074789778 -0.6593458151000683 0
    outer loop
      vertex -38.31806602296108 -15.291087284271219 0
      vertex -38.03345237791561 -14.966547622084391 0
      vertex -38.03345237791561 -14.966547622084391 4
    endloop
  endfacet
  facet normal 0.6593458151000686 -0.7518398074789776 0
    outer loop
      vertex -38.03345237791561 -14.966547622084391 0
      vertex -37.70891271572878 -14.681933977038922 0
      vertex -37.70891271572878 -14.681933977038922 4
    endloop
  endfacet
  facet normal 0.5555702330196014 -0.8314696123025458 0
    outer loop
      vertex -37.70891271572878 -14.681933977038922 0
      vertex -37.35 -14.442116167511351 0
      vertex -37.35 -14.442116167511351 4
    endloop
  endfacet
  facet normal 0.4422886902190059 -0.8968727415326861 0
    outer loop
      vertex -37.35 -14.442116167511351 0
      vertex -36.9628553268048 -14.25119754271275 0
      vertex -36.9628553268048 -14.25119754271275 4
    endloop
  endfacet
  facet normal 0.32143946530315964 -0.9469301294951062 0
    outer loop
      vertex -36.9628553268048 -14.25119754271275 0
      vertex -36.55410284883832 -14.112444773246072 0
      vertex -36.55410284883832 -14.112444773246072 4
    endloop
  endfacet
  facet normal 0.19509032201612989 -0.9807852804032301 0
    outer loop
      vertex -36.55410284883832 -14.112444773246072 0
      vertex -36.130736434326174 -14.028231957466422 0
      vertex -36.130736434326174 -14.028231957466422 4
    endloop
  endfacet
  facet normal 0.06540312923014385 -0.9978589232386034 0
    outer loop
      vertex -36.130736434326174 -14.028231957466422 0
      vertex -35.7 -13.999999999999996 0
      vertex -35.7 -13.999999999999996 4
    endloop
  endfacet
  facet normal -0.06540312923014385 -0.9978589232386034 0
    outer loop
      vertex -35.7 -13.999999999999996 0
      vertex -35.26926356567383 -14.028231957466422 0
      vertex -35.26926356567383 -14.028231957466422 4
    endloop
  endfacet
  facet normal -0.19509032201612989 -0.9807852804032301 0
    outer loop
      vertex -35.26926356567383 -14.028231957466422 0
      vertex -34.84589715116169 -14.112444773246072 0
      vertex -34.84589715116169 -14.112444773246072 4
    endloop
  endfacet
  facet normal -0.32143946530315964 -0.9469301294951062 0
    outer loop
      vertex -34.84589715116169 -14.112444773246072 0
      vertex -34.437144673195206 -14.25119754271275 0
      vertex -34.437144673195206 -14.25119754271275 4
    endloop
  endfacet
  facet normal -0.7518398074789778 -0.6593458151000683 0
    outer loop
      vertex -33.08193397703893 -15.291087284271219 0
      vertex -33.08193397703893 -15.291087284271219 4
      vertex -33.3665476220844 -14.966547622084391 0
    endloop
  endfacet
  facet normal -0.6593458151000686 -0.7518398074789776 0
    outer loop
      vertex -33.69108728427123 -14.681933977038922 0
      vertex -33.3665476220844 -14.966547622084391 0
      vertex -33.3665476220844 -14.966547622084391 4
    endloop
  endfacet
  facet normal -0.4422886902190059 -0.8968727415326861 0
    outer loop
      vertex -34.437144673195206 -14.25119754271275 0
      vertex -34.050000000000004 -14.442116167511351 0
      vertex -34.050000000000004 -14.442116167511351 4
    endloop
  endfacet
  facet normal -0.5555702330196014 -0.8314696123025458 0
    outer loop
      vertex -33.69108728427123 -14.681933977038922 0
      vertex -33.69108728427123 -14.681933977038922 4
      vertex -34.050000000000004 -14.442116167511351 0
    endloop
  endfacet
  facet normal -0.9469301294951067 -0.3214394653031584 0
    outer loop
      vertex -32.51244477324608 -16.445897151161677 0
      vertex -32.51244477324608 -16.445897151161677 4
      vertex -32.65119754271276 -16.0371446731952 0
    endloop
  endfacet
  facet normal -0.8968727415326884 -0.44228869021900086 0
    outer loop
      vertex -32.65119754271276 -16.0371446731952 0
      vertex -32.65119754271276 -16.0371446731952 4
      vertex -32.84211616751136 -15.649999999999997 0
    endloop
  endfacet
  facet normal -0.8314696123025439 -0.5555702330196043 0
    outer loop
      vertex -33.08193397703893 -15.291087284271219 0
      vertex -32.84211616751136 -15.649999999999997 0
      vertex -32.84211616751136 -15.649999999999997 4
    endloop
  endfacet
  facet normal 0.9469301294951067 -0.3214394653031584 0
    outer loop
      vertex -38.887555226753925 -16.445897151161677 0
      vertex -38.74880245728725 -16.0371446731952 4
      vertex -38.887555226753925 -16.445897151161677 4
    endloop
  endfacet
  facet normal 0.8968727415326884 -0.44228869021900086 0
    outer loop
      vertex -38.74880245728725 -16.0371446731952 0
      vertex -38.55788383248865 -15.649999999999997 4
      vertex -38.74880245728725 -16.0371446731952 4
    endloop
  endfacet
  facet normal 0.8314696123025439 -0.5555702330196043 0
    outer loop
      vertex -38.55788383248865 -15.649999999999997 0
      vertex -38.31806602296108 -15.291087284271219 4
      vertex -38.55788383248865 -15.649999999999997 4
    endloop
  endfacet
  facet normal 0.7518398074789778 -0.6593458151000683 0
    outer loop
      vertex -38.31806602296108 -15.291087284271219 0
      vertex -38.03345237791561 -14.966547622084391 4
      vertex -38.31806602296108 -15.291087284271219 4
    endloop
  endfacet
  facet normal 0.6593458151000686 -0.7518398074789776 0
    outer loop
      vertex -38.03345237791561 -14.966547622084391 0
      vertex -37.70891271572878 -14.681933977038922 4
      vertex -38.03345237791561 -14.966547622084391 4
    endloop
  endfacet
  facet normal 0.5555702330196014 -0.8314696123025458 0
    outer loop
      vertex -37.70891271572878 -14.681933977038922 0
      vertex -37.35 -14.442116167511351 4
      vertex -37.70891271572878 -14.681933977038922 4
    endloop
  endfacet
  facet normal 0.4422886902190059 -0.8968727415326861 0
    outer loop
      vertex -37.35 -14.442116167511351 0
      vertex -36.9628553268048 -14.25119754271275 4
      vertex -37.35 -14.442116167511351 4
    endloop
  endfacet
  facet normal 0.32143946530315964 -0.9469301294951062 0
    outer loop
      vertex -36.9628553268048 -14.25119754271275 0
      vertex -36.55410284883832 -14.112444773246072 4
      vertex -36.9628553268048 -14.25119754271275 4
    endloop
  endfacet
  facet normal 0.19509032201612989 -0.9807852804032301 0
    outer loop
      vertex -36.55410284883832 -14.112444773246072 0
      vertex -36.130736434326174 -14.028231957466422 4
      vertex -36.55410284883832 -14.112444773246072 4
    endloop
  endfacet
  facet normal 0.06540312923014385 -0.9978589232386034 0
    outer loop
      vertex -36.130736434326174 -14.028231957466422 0
      vertex -35.7 -13.999999999999996 4
      vertex -36.130736434326174 -14.028231957466422 4
    endloop
  endfacet
  facet normal -0.06540312923014385 -0.9978589232386034 0
    outer loop
      vertex -35.7 -13.999999999999996 0
      vertex -35.26926356567383 -14.028231957466422 4
      vertex -35.7 -13.999999999999996 4
    endloop
  endfacet
  facet normal -0.19509032201612989 -0.9807852804032301 0
    outer loop
      vertex -35.26926356567383 -14.028231957466422 0
      vertex -34.84589715116169 -14.112444773246072 4
      vertex -35.26926356567383 -14.028231957466422 4
    endloop
  endfacet
  facet normal -0.32143946530315964 -0.9469301294951062 0
    outer loop
      vertex -34.84589715116169 -14.112444773246072 0
      vertex -34.437144673195206 -14.25119754271275 4
      vertex -34.84589715116169 -14.112444773246072 4
    endloop
  endfacet
  facet normal -0.7518398074789778 -0.6593458151000683 0
    outer loop
      vertex -33.3665476220844 -14.966547622084391 0
      vertex -33.08193397703893 -15.291087284271219 4
      vertex -33.3665476220844 -14.966547622084391 4
    endloop
  endfacet
  facet normal -0.6593458151000686 -0.7518398074789776 0
    outer loop
      vertex -33.69108728427123 -14.681933977038922 0
      vertex -33.3665476220844 -14.966547622084391 4
      vertex -33.69108728427123 -14.681933977038922 4
    endloop
  endfacet
  facet normal -0.4422886902190059 -0.8968727415326861 0
    outer loop
      vertex -34.437144673195206 -14.25119754271275 0
      vertex -34.050000000000004 -14.442116167511351 4
      vertex -34.437144673195206 -14.25119754271275 4
    endloop
  endfacet
  facet normal -0.5555702330196014 -0.8314696123025458 0
    outer loop
      vertex -34.050000000000004 -14.442116167511351 0
      vertex -33.69108728427123 -14.681933977038922 4
      vertex -34.050000000000004 -14.442116167511351 4
    endloop
  endfacet
  facet normal -0.9807852804032297 -0.19509032201613227 0
    outer loop
      vertex -32.51244477324608 -16.445897151161677 0
      vertex -32.42823195746643 -16.869263565673826 4
      vertex -32.51244477324608 -16.445897151161677 4
    endloop
  endfacet
  facet normal -0.9469301294951067 -0.3214394653031584 0
    outer loop
      vertex -32.65119754271276 -16.0371446731952 0
      vertex -32.51244477324608 -16.445897151161677 4
      vertex -32.65119754271276 -16.0371446731952 4
    endloop
  endfacet
  facet normal -0.8968727415326884 -0.44228869021900086 0
    outer loop
      vertex -32.84211616751136 -15.649999999999997 0
      vertex -32.65119754271276 -16.0371446731952 4
      vertex -32.84211616751136 -15.649999999999997 4
    endloop
  endfacet
  facet normal -0.8314696123025439 -0.5555702330196043 0
    outer loop
      vertex -33.08193397703893 -15.291087284271219 0
      vertex -32.84211616751136 -15.649999999999997 4
      vertex -33.08193397703893 -15.291087284271219 4
    endloop
  endfacet
  facet normal 0 0 -1
    outer loop
      vertex -36.9628553268048 -20.348802457287242 4
      vertex -37.35 -20.157883832488643 4
      vertex -37.0487006784951 -18.334894429314822 4
    endloop
  endfacet
  facet normal 0 0 -1
    outer loop
      vertex -36.9628553268048 -20.348802457287242 4
      vertex -36.550000000000004 -18.772243186433542 4
      vertex -36.55410284883832 -20.487555226753923 4
    endloop
  endfacet
  facet normal 0 0 -1
    outer loop
      vertex -36.55410284883832 -20.487555226753923 4
      vertex -36.139992376674286 -18.942073904691412 4
      vertex -36.130736434326174 -20.57176804253357 4
    endloop
  endfacet
  facet normal 0 0 -1
    outer loop
      vertex -36.130736434326174 -20.57176804253357 4
      vertex -35.7 -18.999999999999996 4
      vertex -35.7 -20.599999999999998 4
    endloop
  endfacet
  facet normal 0 0 -1
    outer loop
      vertex -36.130736434326174 -20.57176804253357 4
      vertex -35.92189452677409 -18.985456264335475 4
      vertex -35.7 -18.999999999999996 4
    endloop
  endfacet
  facet normal 0 0 -1
    outer loop
      vertex -38.887555226753925 -18.154102848838317 4
      vertex -38.887555226753925 -16.445897151161677 4
      vertex -38.74880245728725 -18.562855326804794 4
    endloop
  endfacet
  facet normal 0 0 -1
    outer loop
      vertex -38.887555226753925 -18.154102848838317 4
      vertex -38.971768042533576 -17.730736434326168 4
      vertex -38.971768042533576 -16.869263565673826 4
    endloop
  endfacet
  facet normal 0 0 -1
    outer loop
      vertex -38.31806602296108 -19.308912715728773 4
      vertex -38.55788383248865 -18.949999999999996 4
      vertex -38.55788383248865 -15.649999999999997 4
    endloop
  endfacet
  facet normal 0 0 -1
    outer loop
      vertex -38.55788383248865 -18.949999999999996 4
      vertex -38.74880245728725 -18.562855326804794 4
      vertex -38.74880245728725 -16.0371446731952 4
    endloop
  endfacet
  facet normal 0 0 -1
    outer loop
      vertex -38.03345237791561 -19.633452377915603 4
      vertex -38.31806602296108 -19.308912715728773 4
      vertex -38.31806602296108 -15.291087284271219 4
    endloop
  endfacet
  facet normal 0 0 -1
    outer loop
      vertex -38.971768042533576 -17.730736434326168 4
      vertex -39 -17.299999999999997 4
      vertex -38.971768042533576 -16.869263565673826 4
    endloop
  endfacet
  facet normal 0 0 -1
    outer loop
      vertex -38.887555226753925 -18.154102848838317 4
      vertex -38.971768042533576 -16.869263565673826 4
      vertex -38.887555226753925 -16.445897151161677 4
    endloop
  endfacet
  facet normal 0 0 -1
    outer loop
      vertex -38.74880245728725 -18.562855326804794 4
      vertex -38.887555226753925 -16.445897151161677 4
      vertex -38.74880245728725 -16.0371446731952 4
    endloop
  endfacet
  facet normal 0 0 -1
    outer loop
      vertex -38.55788383248865 -18.949999999999996 4
      vertex -38.74880245728725 -16.0371446731952 4
      vertex -38.55788383248865 -15.649999999999997 4
    endloop
  endfacet
  facet normal 0 0 -1
    outer loop
      vertex -38.31806602296108 -19.308912715728773 4
      vertex -38.55788383248865 -15.649999999999997 4
      vertex -38.31806602296108 -15.291087284271219 4
    endloop
  endfacet
  facet normal 0 0 -1
    outer loop
      vertex -36.9628553268048 -20.348802457287242 4
      vertex -37.0487006784951 -18.334894429314822 4
      vertex -36.902081528017135 -18.50208152801713 4
    endloop
  endfacet
  facet normal 0 0 -1
    outer loop
      vertex -37.35 -20.157883832488643 4
      vertex -37.17224318643355 -18.15 4
      vertex -37.0487006784951 -18.334894429314822 4
    endloop
  endfacet
  facet normal 0 0 -1
    outer loop
      vertex -37.70891271572878 -19.918066022961074 4
      vertex -38.03345237791561 -19.633452377915603 4
      vertex -38.03345237791561 -14.966547622084391 4
    endloop
  endfacet
  facet normal 0 0 -1
    outer loop
      vertex -37.70891271572878 -19.918066022961074 4
      vertex -37.70891271572878 -14.681933977038922 4
      vertex -37.35 -20.157883832488643 4
    endloop
  endfacet
  facet normal 0 0 -1
    outer loop
      vertex -37.35 -20.157883832488643 4
      vertex -37.27059520526919 -17.95056183502065 4
      vertex -37.17224318643355 -18.15 4
    endloop
  endfacet
  facet normal 0 0 -1
    outer loop
      vertex -37.35 -20.157883832488643 4
      vertex -37.34207390469142 -17.739992376674284 4
      vertex -37.27059520526919 -17.95056183502065 4
    endloop
  endfacet
  facet normal 0 0 -1
    outer loop
      vertex -37.35 -20.157883832488643 4
      vertex -37.38545626433548 -17.521894526774084 4
      vertex -37.34207390469142 -17.739992376674284 4
    endloop
  endfacet
  facet normal 0 0 -1
    outer loop
      vertex -36.9628553268048 -20.348802457287242 4
      vertex -36.73489442931483 -18.648700678495096 4
      vertex -36.550000000000004 -18.772243186433542 4
    endloop
  endfacet
  facet normal 0 0 -1
    outer loop
      vertex -36.9628553268048 -20.348802457287242 4
      vertex -36.902081528017135 -18.50208152801713 4
      vertex -36.73489442931483 -18.648700678495096 4
    endloop
  endfacet
  facet normal 0 0 -1
    outer loop
      vertex -36.55410284883832 -20.487555226753923 4
      vertex -36.550000000000004 -18.772243186433542 4
      vertex -36.350561835020656 -18.870595205269183 4
    endloop
  endfacet
  facet normal 0 0 -1
    outer loop
      vertex -36.55410284883832 -20.487555226753923 4
      vertex -36.350561835020656 -18.870595205269183 4
      vertex -36.139992376674286 -18.942073904691412 4
    endloop
  endfacet
  facet normal 0 0 -1
    outer loop
      vertex -36.130736434326174 -20.57176804253357 4
      vertex -36.139992376674286 -18.942073904691412 4
      vertex -35.92189452677409 -18.985456264335475 4
    endloop
  endfacet
  facet normal 0 0 -1
    outer loop
      vertex -37.35 -20.157883832488643 4
      vertex -37.70891271572878 -14.681933977038922 4
      vertex -37.38545626433548 -17.521894526774084 4
    endloop
  endfacet
  facet normal 0 0 -1
    outer loop
      vertex -35.7 -20.599999999999998 4
      vertex -35.7 -18.999999999999996 4
      vertex -35.26926356567383 -20.57176804253357 4
    endloop
  endfacet
  facet normal 0 0 -1
    outer loop
      vertex -35.26926356567383 -20.57176804253357 4
      vertex -35.26000762332572 -18.942073904691412 4
      vertex -34.84589715116169 -20.487555226753923 4
    endloop
  endfacet
  facet normal 0 0 -1
    outer loop
      vertex -35.7 -18.999999999999996 4
      vertex -35.47810547322592 -18.985456264335475 4
      vertex -35.26926356567383 -20.57176804253357 4
    endloop
  endfacet
  facet normal 0 0 -1
    outer loop
      vertex -34.84589715116169 -20.487555226753923 4
      vertex -34.66510557068518 -18.648700678495096 4
      vertex -34.437144673195206 -20.348802457287242 4
    endloop
  endfacet
  facet normal 0 0 -1
    outer loop
      vertex -34.437144673195206 -20.348802457287242 4
      vertex -34.351299321504904 -18.334894429314822 4
      vertex -34.050000000000004 -20.157883832488643 4
    endloop
  endfacet
  facet normal 0 0 -1
    outer loop
      vertex -35.26926356567383 -20.57176804253357 4
      vertex -35.47810547322592 -18.985456264335475 4
      vertex -35.26000762332572 -18.942073904691412 4
    endloop
  endfacet
  facet normal 0 0 -1
    outer loop
      vertex -34.84589715116169 -20.487555226753923 4
      vertex -35.26000762332572 -18.942073904691412 4
      vertex -35.04943816497935 -18.870595205269183 4
    endloop
  endfacet
  facet normal 0 0 -1
    outer loop
      vertex -34.84589715116169 -20.487555226753923 4
      vertex -35.04943816497935 -18.870595205269183 4
      vertex -34.85 -18.772243186433542 4
    endloop
  endfacet
  facet normal 0 0 -1
    outer loop
      vertex -34.84589715116169 -20.487555226753923 4
      vertex -34.85 -18.772243186433542 4
      vertex -34.66510557068518 -18.648700678495096 4
    endloop
  endfacet
  facet normal 0 0 -1
    outer loop
      vertex -34.437144673195206 -20.348802457287242 4
      vertex -34.66510557068518 -18.648700678495096 4
      vertex -34.49791847198287 -18.50208152801713 4
    endloop
  endfacet
  facet normal 0 0 -1
    outer loop
      vertex -34.437144673195206 -20.348802457287242 4
      vertex -34.49791847198287 -18.50208152801713 4
      vertex -34.351299321504904 -18.334894429314822 4
    endloop
  endfacet
  facet normal 0 0 -1
    outer loop
      vertex -34.050000000000004 -20.157883832488643 4
      vertex -34.014543735664525 -17.521894526774084 4
      vertex -33.69108728427123 -19.918066022961074 4
    endloop
  endfacet
  facet normal 0 0 -1
    outer loop
      vertex -34.050000000000004 -20.157883832488643 4
      vertex -34.351299321504904 -18.334894429314822 4
      vertex -34.22775681356646 -18.15 4
    endloop
  endfacet
  facet normal 0 0 -1
    outer loop
      vertex -34.050000000000004 -20.157883832488643 4
      vertex -34.22775681356646 -18.15 4
      vertex -34.12940479473082 -17.95056183502065 4
    endloop
  endfacet
  facet normal 0 0 -1
    outer loop
      vertex -34.050000000000004 -20.157883832488643 4
      vertex -34.12940479473082 -17.95056183502065 4
      vertex -34.05792609530859 -17.739992376674284 4
    endloop
  endfacet
  facet normal 0 0 -1
    outer loop
      vertex -34.050000000000004 -20.157883832488643 4
      vertex -34.05792609530859 -17.739992376674284 4
      vertex -34.014543735664525 -17.521894526774084 4
    endloop
  endfacet
  facet normal 0 0 -1
    outer loop
      vertex -33.69108728427123 -19.918066022961074 4
      vertex -34.014543735664525 -17.521894526774084 4
      vertex -34 -17.299999999999997 4
    endloop
  endfacet
  facet normal 0 0 -1
    outer loop
      vertex -33.69108728427123 -19.918066022961074 4
      vertex -34 -17.299999999999997 4
      vertex -34.014543735664525 -17.07810547322591 4
    endloop
  endfacet
  facet normal 0 0 -1
    outer loop
      vertex -33.69108728427123 -19.918066022961074 4
      vertex -33.69108728427123 -14.681933977038922 4
      vertex -33.3665476220844 -19.633452377915603 4
    endloop
  endfacet
  facet normal 0 0 -1
    outer loop
      vertex -33.3665476220844 -19.633452377915603 4
      vertex -33.3665476220844 -14.966547622084391 4
      vertex -33.08193397703893 -19.308912715728773 4
    endloop
  endfacet
  facet normal 0 0 -1
    outer loop
      vertex -33.69108728427123 -19.918066022961074 4
      vertex -34.014543735664525 -17.07810547322591 4
      vertex -34.050000000000004 -14.442116167511351 4
    endloop
  endfacet
  facet normal 0 0 -1
    outer loop
      vertex -33.08193397703893 -19.308912715728773 4
      vertex -33.08193397703893 -15.291087284271219 4
      vertex -32.84211616751136 -18.949999999999996 4
    endloop
  endfacet
  facet normal 0 0 -1
    outer loop
      vertex -32.84211616751136 -18.949999999999996 4
      vertex -32.84211616751136 -15.649999999999997 4
      vertex -32.65119754271276 -18.562855326804794 4
    endloop
  endfacet
  facet normal 0 0 -1
    outer loop
      vertex -32.65119754271276 -18.562855326804794 4
      vertex -32.65119754271276 -16.0371446731952 4
      vertex -32.51244477324608 -18.154102848838317 4
    endloop
  endfacet
  facet normal 0 0 -1
    outer loop
      vertex -32.51244477324608 -18.154102848838317 4
      vertex -32.51244477324608 -16.445897151161677 4
      vertex -32.42823195746643 -17.730736434326168 4
    endloop
  endfacet
  facet normal 0 0 -1
    outer loop
      vertex -32.42823195746643 -17.730736434326168 4
      vertex -32.51244477324608 -16.445897151161677 4
      vertex -32.42823195746643 -16.869263565673826 4
    endloop
  endfacet
  facet normal 0 0 -1
    outer loop
      vertex -32.65119754271276 -18.562855326804794 4
      vertex -32.84211616751136 -15.649999999999997 4
      vertex -32.65119754271276 -16.0371446731952 4
    endloop
  endfacet
  facet normal 0 0 -1
    outer loop
      vertex -32.51244477324608 -18.154102848838317 4
      vertex -32.65119754271276 -16.0371446731952 4
      vertex -32.51244477324608 -16.445897151161677 4
    endloop
  endfacet
  facet normal 0 0 -1
    outer loop
      vertex -32.42823195746643 -17.730736434326168 4
      vertex -32.42823195746643 -16.869263565673826 4
      vertex -32.400000000000006 -17.299999999999997 4
    endloop
  endfacet
  facet normal 0 0 -1
    outer loop
      vertex -38.03345237791561 -19.633452377915603 4
      vertex -38.31806602296108 -15.291087284271219 4
      vertex -38.03345237791561 -14.966547622084391 4
    endloop
  endfacet
  facet normal 0 0 -1
    outer loop
      vertex -37.70891271572878 -19.918066022961074 4
      vertex -38.03345237791561 -14.966547622084391 4
      vertex -37.70891271572878 -14.681933977038922 4
    endloop
  endfacet
  facet normal 0 0 -1
    outer loop
      vertex -37.38545626433548 -17.521894526774084 4
      vertex -37.70891271572878 -14.681933977038922 4
      vertex -37.400000000000006 -17.299999999999997 4
    endloop
  endfacet
  facet normal 0 0 -1
    outer loop
      vertex -37.400000000000006 -17.299999999999997 4
      vertex -37.70891271572878 -14.681933977038922 4
      vertex -37.38545626433548 -17.07810547322591 4
    endloop
  endfacet
  facet normal 0 0 -1
    outer loop
      vertex -37.38545626433548 -17.07810547322591 4
      vertex -37.35 -14.442116167511351 4
      vertex -37.34207390469142 -16.86000762332571 4
    endloop
  endfacet
  facet normal 0 0 -1
    outer loop
      vertex -37.34207390469142 -16.86000762332571 4
      vertex -37.35 -14.442116167511351 4
      vertex -37.27059520526919 -16.649438164979344 4
    endloop
  endfacet
  facet normal 0 0 -1
    outer loop
      vertex -37.27059520526919 -16.649438164979344 4
      vertex -37.35 -14.442116167511351 4
      vertex -37.17224318643355 -16.449999999999996 4
    endloop
  endfacet
  facet normal 0 0 -1
    outer loop
      vertex -37.17224318643355 -16.449999999999996 4
      vertex -37.35 -14.442116167511351 4
      vertex -37.0487006784951 -16.265105570685172 4
    endloop
  endfacet
  facet normal 0 0 -1
    outer loop
      vertex -37.38545626433548 -17.07810547322591 4
      vertex -37.70891271572878 -14.681933977038922 4
      vertex -37.35 -14.442116167511351 4
    endloop
  endfacet
  facet normal 0 0 -1
    outer loop
      vertex -37.0487006784951 -16.265105570685172 4
      vertex -36.9628553268048 -14.25119754271275 4
      vertex -36.902081528017135 -16.097918471982865 4
    endloop
  endfacet
  facet normal 0 0 -1
    outer loop
      vertex -36.902081528017135 -16.097918471982865 4
      vertex -36.9628553268048 -14.25119754271275 4
      vertex -36.73489442931483 -15.951299321504898 4
    endloop
  endfacet
  facet normal 0 0 -1
    outer loop
      vertex -37.0487006784951 -16.265105570685172 4
      vertex -37.35 -14.442116167511351 4
      vertex -36.9628553268048 -14.25119754271275 4
    endloop
  endfacet
  facet normal 0 0 -1
    outer loop
      vertex -36.73489442931483 -15.951299321504898 4
      vertex -36.55410284883832 -14.112444773246072 4
      vertex -36.550000000000004 -15.827756813566452 4
    endloop
  endfacet
  facet normal 0 0 -1
    outer loop
      vertex -36.550000000000004 -15.827756813566452 4
      vertex -36.55410284883832 -14.112444773246072 4
      vertex -36.350561835020656 -15.72940479473081 4
    endloop
  endfacet
  facet normal 0 0 -1
    outer loop
      vertex -36.350561835020656 -15.72940479473081 4
      vertex -36.55410284883832 -14.112444773246072 4
      vertex -36.139992376674286 -15.65792609530858 4
    endloop
  endfacet
  facet normal 0 0 -1
    outer loop
      vertex -36.73489442931483 -15.951299321504898 4
      vertex -36.9628553268048 -14.25119754271275 4
      vertex -36.55410284883832 -14.112444773246072 4
    endloop
  endfacet
  facet normal 0 0 -1
    outer loop
      vertex -36.139992376674286 -15.65792609530858 4
      vertex -36.130736434326174 -14.028231957466422 4
      vertex -35.92189452677409 -15.614543735664519 4
    endloop
  endfacet
  facet normal 0 0 -1
    outer loop
      vertex -35.92189452677409 -15.614543735664519 4
      vertex -36.130736434326174 -14.028231957466422 4
      vertex -35.7 -15.599999999999998 4
    endloop
  endfacet
  facet normal 0 0 -1
    outer loop
      vertex -36.139992376674286 -15.65792609530858 4
      vertex -36.55410284883832 -14.112444773246072 4
      vertex -36.130736434326174 -14.028231957466422 4
    endloop
  endfacet
  facet normal 0 0 -1
    outer loop
      vertex -35.7 -15.599999999999998 4
      vertex -36.130736434326174 -14.028231957466422 4
      vertex -35.7 -13.999999999999996 4
    endloop
  endfacet
  facet normal 0 0 -1
    outer loop
      vertex -34.351299321504904 -16.265105570685172 4
      vertex -34.49791847198287 -16.097918471982865 4
      vertex -34.437144673195206 -14.25119754271275 4
    endloop
  endfacet
  facet normal 0 0 -1
    outer loop
      vertex -34.49791847198287 -16.097918471982865 4
      vertex -34.66510557068518 -15.951299321504898 4
      vertex -34.437144673195206 -14.25119754271275 4
    endloop
  endfacet
  facet normal 0 0 -1
    outer loop
      vertex -34.66510557068518 -15.951299321504898 4
      vertex -34.85 -15.827756813566452 4
      vertex -34.437144673195206 -14.25119754271275 4
    endloop
  endfacet
  facet normal 0 0 -1
    outer loop
      vertex -34.014543735664525 -17.07810547322591 4
      vertex -34.05792609530859 -16.86000762332571 4
      vertex -34.050000000000004 -14.442116167511351 4
    endloop
  endfacet
  facet normal 0 0 -1
    outer loop
      vertex -33.69108728427123 -19.918066022961074 4
      vertex -34.050000000000004 -14.442116167511351 4
      vertex -33.69108728427123 -14.681933977038922 4
    endloop
  endfacet
  facet normal 0 0 -1
    outer loop
      vertex -33.3665476220844 -19.633452377915603 4
      vertex -33.69108728427123 -14.681933977038922 4
      vertex -33.3665476220844 -14.966547622084391 4
    endloop
  endfacet
  facet normal 0 0 -1
    outer loop
      vertex -33.08193397703893 -19.308912715728773 4
      vertex -33.3665476220844 -14.966547622084391 4
      vertex -33.08193397703893 -15.291087284271219 4
    endloop
  endfacet
  facet normal 0 0 -1
    outer loop
      vertex -34.05792609530859 -16.86000762332571 4
      vertex -34.12940479473082 -16.649438164979344 4
      vertex -34.050000000000004 -14.442116167511351 4
    endloop
  endfacet
  facet normal 0 0 -1
    outer loop
      vertex -34.351299321504904 -16.265105570685172 4
      vertex -34.050000000000004 -14.442116167511351 4
      vertex -34.22775681356646 -16.449999999999996 4
    endloop
  endfacet
  facet normal 0 0 -1
    outer loop
      vertex -34.12940479473082 -16.649438164979344 4
      vertex -34.22775681356646 -16.449999999999996 4
      vertex -34.050000000000004 -14.442116167511351 4
    endloop
  endfacet
  facet normal 0 0 -1
    outer loop
      vertex -35.7 -15.599999999999998 4
      vertex -35.26926356567383 -14.028231957466422 4
      vertex -35.47810547322592 -15.614543735664519 4
    endloop
  endfacet
  facet normal 0 0 -1
    outer loop
      vertex -35.47810547322592 -15.614543735664519 4
      vertex -35.26926356567383 -14.028231957466422 4
      vertex -35.26000762332572 -15.65792609530858 4
    endloop
  endfacet
  facet normal 0 0 -1
    outer loop
      vertex -35.04943816497935 -15.72940479473081 4
      vertex -35.26000762332572 -15.65792609530858 4
      vertex -34.84589715116169 -14.112444773246072 4
    endloop
  endfacet
  facet normal 0 0 -1
    outer loop
      vertex -35.04943816497935 -15.72940479473081 4
      vertex -34.84589715116169 -14.112444773246072 4
      vertex -34.85 -15.827756813566452 4
    endloop
  endfacet
  facet normal 0 0 -1
    outer loop
      vertex -34.85 -15.827756813566452 4
      vertex -34.84589715116169 -14.112444773246072 4
      vertex -34.437144673195206 -14.25119754271275 4
    endloop
  endfacet
  facet normal 0 0 -1
    outer loop
      vertex -35.7 -15.599999999999998 4
      vertex -35.7 -13.999999999999996 4
      vertex -35.26926356567383 -14.028231957466422 4
    endloop
  endfacet
  facet normal 0 0 -1
    outer loop
      vertex -35.26000762332572 -15.65792609530858 4
      vertex -35.26926356567383 -14.028231957466422 4
      vertex -34.84589715116169 -14.112444773246072 4
    endloop
  endfacet
  facet normal 0 0 -1
    outer loop
      vertex -34.351299321504904 -16.265105570685172 4
      vertex -34.437144673195206 -14.25119754271275 4
      vertex -34.050000000000004 -14.442116167511351 4
    endloop
  endfacet
  facet normal 0 0 -1
    outer loop
      vertex -32.84211616751136 -18.949999999999996 4
      vertex -33.08193397703893 -15.291087284271219 4
      vertex -32.84211616751136 -15.649999999999997 4
    endloop
  endfacet
  facet normal 0.8314696123025439 0.5555702330196043 0
    outer loop
      vertex 34.22775681356646 -18.15 4
      vertex 34.22775681356646 -18.15 10
      vertex 34.351299321504904 -18.334894429314822 4
    endloop
  endfacet
  facet normal 0.32143946530316087 0.946930129495106 0
    outer loop
      vertex 35.04943816497935 -18.870595205269183 4
      vertex 35.04943816497935 -18.870595205269183 10
      vertex 35.26000762332572 -18.942073904691412 4
    endloop
  endfacet
  facet normal 0.06540312923013786 0.9978589232386039 0
    outer loop
      vertex 35.47810547322592 -18.985456264335475 4
      vertex 35.47810547322592 -18.985456264335475 10
      vertex 35.7 -18.999999999999996 4
    endloop
  endfacet
  facet normal 0.19509032201613605 0.9807852804032288 0
    outer loop
      vertex 35.26000762332572 -18.942073904691412 4
      vertex 35.26000762332572 -18.942073904691412 10
      vertex 35.47810547322592 -18.985456264335475 4
    endloop
  endfacet
  facet normal 0.6593458151000616 0.7518398074789837 0
    outer loop
      vertex 34.49791847198287 -18.50208152801713 4
      vertex 34.49791847198287 -18.50208152801713 10
      vertex 34.66510557068518 -18.648700678495096 4
    endloop
  endfacet
  facet normal 0.5555702330196043 0.8314696123025439 0
    outer loop
      vertex 34.66510557068518 -18.648700678495096 4
      vertex 34.66510557068518 -18.648700678495096 10
      vertex 34.85 -18.772243186433542 4
    endloop
  endfacet
  facet normal 0.44228869021899636 0.8968727415326907 0
    outer loop
      vertex 35.04943816497935 -18.870595205269183 4
      vertex 34.85 -18.772243186433542 4
      vertex 34.85 -18.772243186433542 10
    endloop
  endfacet
  facet normal 0.7518398074789837 0.6593458151000616 0
    outer loop
      vertex 34.49791847198287 -18.50208152801713 4
      vertex 34.351299321504904 -18.334894429314822 4
      vertex 34.351299321504904 -18.334894429314822 10
    endloop
  endfacet
  facet normal 0.8968727415326907 0.44228869021899636 0
    outer loop
      vertex 34.22775681356646 -18.15 4
      vertex 34.12940479473082 -17.95056183502065 4
      vertex 34.12940479473082 -17.95056183502065 10
    endloop
  endfacet
  facet normal 0.9469301294951042 0.3214394653031657 0
    outer loop
      vertex 34.12940479473082 -17.95056183502065 4
      vertex 34.05792609530859 -17.739992376674284 4
      vertex 34.05792609530859 -17.739992376674284 10
    endloop
  endfacet
  facet normal 0.9807852804032294 0.195090322016133 0
    outer loop
      vertex 34.014543735664525 -17.521894526774084 4
      vertex 34.014543735664525 -17.521894526774084 10
      vertex 34.05792609530859 -17.739992376674284 4
    endloop
  endfacet
  facet normal 0.9978589232386029 0.06540312923015378 0
    outer loop
      vertex 34.014543735664525 -17.521894526774084 4
      vertex 34 -17.299999999999997 4
      vertex 34 -17.299999999999997 10
    endloop
  endfacet
  facet normal 0.9978589232386029 -0.06540312923015378 0
    outer loop
      vertex 34 -17.299999999999997 4
      vertex 34.014543735664525 -17.07810547322591 4
      vertex 34.014543735664525 -17.07810547322591 10
    endloop
  endfacet
  facet normal 0.9807852804032294 -0.195090322016133 0
    outer loop
      vertex 34.014543735664525 -17.07810547322591 4
      vertex 34.05792609530859 -16.86000762332571 4
      vertex 34.05792609530859 -16.86000762332571 10
    endloop
  endfacet
  facet normal -0.06540312923013786 0.9978589232386039 0
    outer loop
      vertex 35.7 -18.999999999999996 4
      vertex 35.7 -18.999999999999996 10
      vertex 35.92189452677409 -18.985456264335475 4
    endloop
  endfacet
  facet normal -0.19509032201613605 0.9807852804032288 0
    outer loop
      vertex 35.92189452677409 -18.985456264335475 4
      vertex 35.92189452677409 -18.985456264335475 10
      vertex 36.139992376674286 -18.942073904691412 4
    endloop
  endfacet
  facet normal -0.32143946530316087 0.946930129495106 0
    outer loop
      vertex 36.139992376674286 -18.942073904691412 4
      vertex 36.139992376674286 -18.942073904691412 10
      vertex 36.350561835020656 -18.870595205269183 4
    endloop
  endfacet
  facet normal -0.44228869021899636 0.8968727415326907 0
    outer loop
      vertex 36.350561835020656 -18.870595205269183 4
      vertex 36.350561835020656 -18.870595205269183 10
      vertex 36.550000000000004 -18.772243186433542 4
    endloop
  endfacet
  facet normal -0.5555702330196043 0.8314696123025439 0
    outer loop
      vertex 36.550000000000004 -18.772243186433542 4
      vertex 36.550000000000004 -18.772243186433542 10
      vertex 36.73489442931483 -18.648700678495096 4
    endloop
  endfacet
  facet normal -0.6593458151000616 0.7518398074789837 0
    outer loop
      vertex 36.73489442931483 -18.648700678495096 4
      vertex 36.73489442931483 -18.648700678495096 10
      vertex 36.902081528017135 -18.50208152801713 4
    endloop
  endfacet
  facet normal -0.7518398074789837 0.6593458151000616 0
    outer loop
      vertex 36.902081528017135 -18.50208152801713 4
      vertex 36.902081528017135 -18.50208152801713 10
      vertex 37.0487006784951 -18.334894429314822 4
    endloop
  endfacet
  facet normal -0.8314696123025439 0.5555702330196043 0
    outer loop
      vertex 37.0487006784951 -18.334894429314822 4
      vertex 37.0487006784951 -18.334894429314822 10
      vertex 37.17224318643355 -18.15 4
    endloop
  endfacet
  facet normal -0.8968727415326907 0.44228869021899636 0
    outer loop
      vertex 37.17224318643355 -18.15 4
      vertex 37.17224318643355 -18.15 10
      vertex 37.27059520526919 -17.95056183502065 4
    endloop
  endfacet
  facet normal -0.9469301294951042 0.3214394653031657 0
    outer loop
      vertex 37.27059520526919 -17.95056183502065 4
      vertex 37.27059520526919 -17.95056183502065 10
      vertex 37.34207390469142 -17.739992376674284 4
    endloop
  endfacet
  facet normal -0.9807852804032294 0.195090322016133 0
    outer loop
      vertex 37.34207390469142 -17.739992376674284 4
      vertex 37.34207390469142 -17.739992376674284 10
      vertex 37.38545626433548 -17.521894526774084 4
    endloop
  endfacet
  facet normal -0.9978589232386029 0.06540312923015378 0
    outer loop
      vertex 37.38545626433548 -17.521894526774084 4
      vertex 37.38545626433548 -17.521894526774084 10
      vertex 37.400000000000006 -17.299999999999997 4
    endloop
  endfacet
  facet normal -0.9978589232386029 -0.06540312923015378 0
    outer loop
      vertex 37.400000000000006 -17.299999999999997 4
      vertex 37.400000000000006 -17.299999999999997 10
      vertex 37.38545626433548 -17.07810547322591 4
    endloop
  endfacet
  facet normal -0.9807852804032294 -0.195090322016133 0
    outer loop
      vertex 37.38545626433548 -17.07810547322591 4
      vertex 37.38545626433548 -17.07810547322591 10
      vertex 37.34207390469142 -16.86000762332571 4
    endloop
  endfacet
  facet normal -0.9469301294951042 -0.3214394653031657 0
    outer loop
      vertex 37.34207390469142 -16.86000762332571 4
      vertex 37.34207390469142 -16.86000762332571 10
      vertex 37.27059520526919 -16.649438164979344 4
    endloop
  endfacet
  facet normal 0.9469301294951042 -0.3214394653031657 0
    outer loop
      vertex 34.05792609530859 -16.86000762332571 4
      vertex 34.12940479473082 -16.649438164979344 4
      vertex 34.12940479473082 -16.649438164979344 10
    endloop
  endfacet
  facet normal 0.8968727415326907 -0.44228869021899636 0
    outer loop
      vertex 34.12940479473082 -16.649438164979344 4
      vertex 34.22775681356646 -16.449999999999996 4
      vertex 34.22775681356646 -16.449999999999996 10
    endloop
  endfacet
  facet normal 0.8314696123025439 -0.5555702330196043 0
    outer loop
      vertex 34.22775681356646 -16.449999999999996 4
      vertex 34.351299321504904 -16.265105570685172 4
      vertex 34.351299321504904 -16.265105570685172 10
    endloop
  endfacet
  facet normal 0.7518398074789837 -0.6593458151000616 0
    outer loop
      vertex 34.351299321504904 -16.265105570685172 4
      vertex 34.49791847198287 -16.097918471982865 4
      vertex 34.49791847198287 -16.097918471982865 10
    endloop
  endfacet
  facet normal 0.6593458151000616 -0.7518398074789837 0
    outer loop
      vertex 34.49791847198287 -16.097918471982865 4
      vertex 34.66510557068518 -15.951299321504898 4
      vertex 34.66510557068518 -15.951299321504898 10
    endloop
  endfacet
  facet normal 0.5555702330196043 -0.8314696123025439 0
    outer loop
      vertex 34.66510557068518 -15.951299321504898 4
      vertex 34.85 -15.827756813566452 4
      vertex 34.85 -15.827756813566452 10
    endloop
  endfacet
  facet normal 0.4422886902190028 -0.8968727415326876 0
    outer loop
      vertex 34.85 -15.827756813566452 4
      vertex 35.04943816497935 -15.72940479473081 4
      vertex 35.04943816497935 -15.72940479473081 10
    endloop
  endfacet
  facet normal 0.32143946530316087 -0.946930129495106 0
    outer loop
      vertex 35.04943816497935 -15.72940479473081 4
      vertex 35.26000762332572 -15.65792609530858 4
      vertex 35.26000762332572 -15.65792609530858 10
    endloop
  endfacet
  facet normal 0.1950903220161284 -0.9807852804032304 0
    outer loop
      vertex 35.26000762332572 -15.65792609530858 4
      vertex 35.47810547322592 -15.614543735664519 4
      vertex 35.47810547322592 -15.614543735664519 10
    endloop
  endfacet
  facet normal -0.6593458151000616 -0.7518398074789837 0
    outer loop
      vertex 36.73489442931483 -15.951299321504898 4
      vertex 36.902081528017135 -16.097918471982865 4
      vertex 36.902081528017135 -16.097918471982865 10
    endloop
  endfacet
  facet normal 0.06540312923013786 -0.9978589232386039 0
    outer loop
      vertex 35.47810547322592 -15.614543735664519 4
      vertex 35.7 -15.599999999999998 4
      vertex 35.7 -15.599999999999998 10
    endloop
  endfacet
  facet normal -0.06540312923013786 -0.9978589232386039 0
    outer loop
      vertex 35.7 -15.599999999999998 4
      vertex 35.92189452677409 -15.614543735664519 4
      vertex 35.92189452677409 -15.614543735664519 10
    endloop
  endfacet
  facet normal -0.1950903220161284 -0.9807852804032304 0
    outer loop
      vertex 35.92189452677409 -15.614543735664519 4
      vertex 36.139992376674286 -15.65792609530858 4
      vertex 36.139992376674286 -15.65792609530858 10
    endloop
  endfacet
  facet normal -0.32143946530316087 -0.946930129495106 0
    outer loop
      vertex 36.139992376674286 -15.65792609530858 4
      vertex 36.350561835020656 -15.72940479473081 4
      vertex 36.350561835020656 -15.72940479473081 10
    endloop
  endfacet
  facet normal -0.4422886902190028 -0.8968727415326876 0
    outer loop
      vertex 36.350561835020656 -15.72940479473081 4
      vertex 36.550000000000004 -15.827756813566452 4
      vertex 36.550000000000004 -15.827756813566452 10
    endloop
  endfacet
  facet normal -0.5555702330196043 -0.8314696123025439 0
    outer loop
      vertex 36.550000000000004 -15.827756813566452 4
      vertex 36.73489442931483 -15.951299321504898 4
      vertex 36.73489442931483 -15.951299321504898 10
    endloop
  endfacet
  facet normal -0.8314696123025439 -0.5555702330196043 0
    outer loop
      vertex 37.17224318643355 -16.449999999999996 4
      vertex 37.17224318643355 -16.449999999999996 10
      vertex 37.0487006784951 -16.265105570685172 4
    endloop
  endfacet
  facet normal -0.8968727415326907 -0.44228869021899636 0
    outer loop
      vertex 37.17224318643355 -16.449999999999996 4
      vertex 37.27059520526919 -16.649438164979344 4
      vertex 37.27059520526919 -16.649438164979344 10
    endloop
  endfacet
  facet normal -0.7518398074789837 -0.6593458151000616 0
    outer loop
      vertex 37.0487006784951 -16.265105570685172 4
      vertex 37.0487006784951 -16.265105570685172 10
      vertex 36.902081528017135 -16.097918471982865 4
    endloop
  endfacet
  facet normal 0.8314696123025439 0.5555702330196043 0
    outer loop
      vertex 34.351299321504904 -18.334894429314822 4
      vertex 34.22775681356646 -18.15 10
      vertex 34.351299321504904 -18.334894429314822 10
    endloop
  endfacet
  facet normal 0.44228869021899636 0.8968727415326907 0
    outer loop
      vertex 35.04943816497935 -18.870595205269183 4
      vertex 34.85 -18.772243186433542 10
      vertex 35.04943816497935 -18.870595205269183 10
    endloop
  endfacet
  facet normal 0.32143946530316087 0.946930129495106 0
    outer loop
      vertex 35.26000762332572 -18.942073904691412 4
      vertex 35.04943816497935 -18.870595205269183 10
      vertex 35.26000762332572 -18.942073904691412 10
    endloop
  endfacet
  facet normal 0.19509032201613605 0.9807852804032288 0
    outer loop
      vertex 35.47810547322592 -18.985456264335475 4
      vertex 35.26000762332572 -18.942073904691412 10
      vertex 35.47810547322592 -18.985456264335475 10
    endloop
  endfacet
  facet normal 0.6593458151000616 0.7518398074789837 0
    outer loop
      vertex 34.66510557068518 -18.648700678495096 4
      vertex 34.49791847198287 -18.50208152801713 10
      vertex 34.66510557068518 -18.648700678495096 10
    endloop
  endfacet
  facet normal 0.5555702330196043 0.8314696123025439 0
    outer loop
      vertex 34.85 -18.772243186433542 4
      vertex 34.66510557068518 -18.648700678495096 10
      vertex 34.85 -18.772243186433542 10
    endloop
  endfacet
  facet normal 0.7518398074789837 0.6593458151000616 0
    outer loop
      vertex 34.49791847198287 -18.50208152801713 4
      vertex 34.351299321504904 -18.334894429314822 10
      vertex 34.49791847198287 -18.50208152801713 10
    endloop
  endfacet
  facet normal 0.8968727415326907 0.44228869021899636 0
    outer loop
      vertex 34.22775681356646 -18.15 4
      vertex 34.12940479473082 -17.95056183502065 10
      vertex 34.22775681356646 -18.15 10
    endloop
  endfacet
  facet normal 0.9469301294951042 0.3214394653031657 0
    outer loop
      vertex 34.12940479473082 -17.95056183502065 4
      vertex 34.05792609530859 -17.739992376674284 10
      vertex 34.12940479473082 -17.95056183502065 10
    endloop
  endfacet
  facet normal 0.9978589232386029 0.06540312923015378 0
    outer loop
      vertex 34.014543735664525 -17.521894526774084 4
      vertex 34 -17.299999999999997 10
      vertex 34.014543735664525 -17.521894526774084 10
    endloop
  endfacet
  facet normal 0.9807852804032294 0.195090322016133 0
    outer loop
      vertex 34.05792609530859 -17.739992376674284 4
      vertex 34.014543735664525 -17.521894526774084 10
      vertex 34.05792609530859 -17.739992376674284 10
    endloop
  endfacet
  facet normal 0.9978589232386029 -0.06540312923015378 0
    outer loop
      vertex 34 -17.299999999999997 4
      vertex 34.014543735664525 -17.07810547322591 10
      vertex 34 -17.299999999999997 10
    endloop
  endfacet
  facet normal 0.9807852804032294 -0.195090322016133 0
    outer loop
      vertex 34.014543735664525 -17.07810547322591 4
      vertex 34.05792609530859 -16.86000762332571 10
      vertex 34.014543735664525 -17.07810547322591 10
    endloop
  endfacet
  facet normal 0.9469301294951042 -0.3214394653031657 0
    outer loop
      vertex 34.05792609530859 -16.86000762332571 4
      vertex 34.12940479473082 -16.649438164979344 10
      vertex 34.05792609530859 -16.86000762332571 10
    endloop
  endfacet
  facet normal 0.06540312923013786 0.9978589232386039 0
    outer loop
      vertex 35.7 -18.999999999999996 4
      vertex 35.47810547322592 -18.985456264335475 10
      vertex 35.7 -18.999999999999996 10
    endloop
  endfacet
  facet normal -0.06540312923013786 0.9978589232386039 0
    outer loop
      vertex 35.92189452677409 -18.985456264335475 4
      vertex 35.7 -18.999999999999996 10
      vertex 35.92189452677409 -18.985456264335475 10
    endloop
  endfacet
  facet normal -0.19509032201613605 0.9807852804032288 0
    outer loop
      vertex 36.139992376674286 -18.942073904691412 4
      vertex 35.92189452677409 -18.985456264335475 10
      vertex 36.139992376674286 -18.942073904691412 10
    endloop
  endfacet
  facet normal -0.32143946530316087 0.946930129495106 0
    outer loop
      vertex 36.350561835020656 -18.870595205269183 4
      vertex 36.139992376674286 -18.942073904691412 10
      vertex 36.350561835020656 -18.870595205269183 10
    endloop
  endfacet
  facet normal -0.44228869021899636 0.8968727415326907 0
    outer loop
      vertex 36.550000000000004 -18.772243186433542 4
      vertex 36.350561835020656 -18.870595205269183 10
      vertex 36.550000000000004 -18.772243186433542 10
    endloop
  endfacet
  facet normal -0.5555702330196043 0.8314696123025439 0
    outer loop
      vertex 36.73489442931483 -18.648700678495096 4
      vertex 36.550000000000004 -18.772243186433542 10
      vertex 36.73489442931483 -18.648700678495096 10
    endloop
  endfacet
  facet normal -0.6593458151000616 0.7518398074789837 0
    outer loop
      vertex 36.902081528017135 -18.50208152801713 4
      vertex 36.73489442931483 -18.648700678495096 10
      vertex 36.902081528017135 -18.50208152801713 10
    endloop
  endfacet
  facet normal -0.7518398074789837 0.6593458151000616 0
    outer loop
      vertex 37.0487006784951 -18.334894429314822 4
      vertex 36.902081528017135 -18.50208152801713 10
      vertex 37.0487006784951 -18.334894429314822 10
    endloop
  endfacet
  facet normal -0.8314696123025439 0.5555702330196043 0
    outer loop
      vertex 37.17224318643355 -18.15 4
      vertex 37.0487006784951 -18.334894429314822 10
      vertex 37.17224318643355 -18.15 10
    endloop
  endfacet
  facet normal -0.8968727415326907 0.44228869021899636 0
    outer loop
      vertex 37.27059520526919 -17.95056183502065 4
      vertex 37.17224318643355 -18.15 10
      vertex 37.27059520526919 -17.95056183502065 10
    endloop
  endfacet
  facet normal -0.9469301294951042 0.3214394653031657 0
    outer loop
      vertex 37.34207390469142 -17.739992376674284 4
      vertex 37.27059520526919 -17.95056183502065 10
      vertex 37.34207390469142 -17.739992376674284 10
    endloop
  endfacet
  facet normal -0.9807852804032294 0.195090322016133 0
    outer loop
      vertex 37.38545626433548 -17.521894526774084 4
      vertex 37.34207390469142 -17.739992376674284 10
      vertex 37.38545626433548 -17.521894526774084 10
    endloop
  endfacet
  facet normal -0.9978589232386029 0.06540312923015378 0
    outer loop
      vertex 37.400000000000006 -17.299999999999997 4
      vertex 37.38545626433548 -17.521894526774084 10
      vertex 37.400000000000006 -17.299999999999997 10
    endloop
  endfacet
  facet normal -0.9978589232386029 -0.06540312923015378 0
    outer loop
      vertex 37.38545626433548 -17.07810547322591 4
      vertex 37.400000000000006 -17.299999999999997 10
      vertex 37.38545626433548 -17.07810547322591 10
    endloop
  endfacet
  facet normal -0.9807852804032294 -0.195090322016133 0
    outer loop
      vertex 37.34207390469142 -16.86000762332571 4
      vertex 37.38545626433548 -17.07810547322591 10
      vertex 37.34207390469142 -16.86000762332571 10
    endloop
  endfacet
  facet normal 0.8968727415326907 -0.44228869021899636 0
    outer loop
      vertex 34.12940479473082 -16.649438164979344 4
      vertex 34.22775681356646 -16.449999999999996 10
      vertex 34.12940479473082 -16.649438164979344 10
    endloop
  endfacet
  facet normal 0.8314696123025439 -0.5555702330196043 0
    outer loop
      vertex 34.22775681356646 -16.449999999999996 4
      vertex 34.351299321504904 -16.265105570685172 10
      vertex 34.22775681356646 -16.449999999999996 10
    endloop
  endfacet
  facet normal 0.7518398074789837 -0.6593458151000616 0
    outer loop
      vertex 34.351299321504904 -16.265105570685172 4
      vertex 34.49791847198287 -16.097918471982865 10
      vertex 34.351299321504904 -16.265105570685172 10
    endloop
  endfacet
  facet normal 0.6593458151000616 -0.7518398074789837 0
    outer loop
      vertex 34.49791847198287 -16.097918471982865 4
      vertex 34.66510557068518 -15.951299321504898 10
      vertex 34.49791847198287 -16.097918471982865 10
    endloop
  endfacet
  facet normal 0.5555702330196043 -0.8314696123025439 0
    outer loop
      vertex 34.66510557068518 -15.951299321504898 4
      vertex 34.85 -15.827756813566452 10
      vertex 34.66510557068518 -15.951299321504898 10
    endloop
  endfacet
  facet normal 0.4422886902190028 -0.8968727415326876 0
    outer loop
      vertex 34.85 -15.827756813566452 4
      vertex 35.04943816497935 -15.72940479473081 10
      vertex 34.85 -15.827756813566452 10
    endloop
  endfacet
  facet normal 0.32143946530316087 -0.946930129495106 0
    outer loop
      vertex 35.04943816497935 -15.72940479473081 4
      vertex 35.26000762332572 -15.65792609530858 10
      vertex 35.04943816497935 -15.72940479473081 10
    endloop
  endfacet
  facet normal 0.1950903220161284 -0.9807852804032304 0
    outer loop
      vertex 35.26000762332572 -15.65792609530858 4
      vertex 35.47810547322592 -15.614543735664519 10
      vertex 35.26000762332572 -15.65792609530858 10
    endloop
  endfacet
  facet normal 0.06540312923013786 -0.9978589232386039 0
    outer loop
      vertex 35.47810547322592 -15.614543735664519 4
      vertex 35.7 -15.599999999999998 10
      vertex 35.47810547322592 -15.614543735664519 10
    endloop
  endfacet
  facet normal -0.32143946530316087 -0.946930129495106 0
    outer loop
      vertex 36.139992376674286 -15.65792609530858 4
      vertex 36.350561835020656 -15.72940479473081 10
      vertex 36.139992376674286 -15.65792609530858 10
    endloop
  endfacet
  facet normal -0.06540312923013786 -0.9978589232386039 0
    outer loop
      vertex 35.7 -15.599999999999998 4
      vertex 35.92189452677409 -15.614543735664519 10
      vertex 35.7 -15.599999999999998 10
    endloop
  endfacet
  facet normal -0.1950903220161284 -0.9807852804032304 0
    outer loop
      vertex 35.92189452677409 -15.614543735664519 4
      vertex 36.139992376674286 -15.65792609530858 10
      vertex 35.92189452677409 -15.614543735664519 10
    endloop
  endfacet
  facet normal -0.4422886902190028 -0.8968727415326876 0
    outer loop
      vertex 36.350561835020656 -15.72940479473081 4
      vertex 36.550000000000004 -15.827756813566452 10
      vertex 36.350561835020656 -15.72940479473081 10
    endloop
  endfacet
  facet normal -0.5555702330196043 -0.8314696123025439 0
    outer loop
      vertex 36.550000000000004 -15.827756813566452 4
      vertex 36.73489442931483 -15.951299321504898 10
      vertex 36.550000000000004 -15.827756813566452 10
    endloop
  endfacet
  facet normal -0.6593458151000616 -0.7518398074789837 0
    outer loop
      vertex 36.73489442931483 -15.951299321504898 4
      vertex 36.902081528017135 -16.097918471982865 10
      vertex 36.73489442931483 -15.951299321504898 10
    endloop
  endfacet
  facet normal -0.9469301294951042 -0.3214394653031657 0
    outer loop
      vertex 37.27059520526919 -16.649438164979344 4
      vertex 37.34207390469142 -16.86000762332571 10
      vertex 37.27059520526919 -16.649438164979344 10
    endloop
  endfacet
  facet normal -0.8968727415326907 -0.44228869021899636 0
    outer loop
      vertex 37.17224318643355 -16.449999999999996 4
      vertex 37.27059520526919 -16.649438164979344 10
      vertex 37.17224318643355 -16.449999999999996 10
    endloop
  endfacet
  facet normal -0.8314696123025439 -0.5555702330196043 0
    outer loop
      vertex 37.0487006784951 -16.265105570685172 4
      vertex 37.17224318643355 -16.449999999999996 10
      vertex 37.0487006784951 -16.265105570685172 10
    endloop
  endfacet
  facet normal -0.7518398074789837 -0.6593458151000616 0
    outer loop
      vertex 36.902081528017135 -16.097918471982865 4
      vertex 37.0487006784951 -16.265105570685172 10
      vertex 36.902081528017135 -16.097918471982865 10
    endloop
  endfacet
  facet normal 0.4422886902190025 0.8968727415326876 0
    outer loop
      vertex 34.050000000000004 -20.157883832488643 0
      vertex 34.050000000000004 -20.157883832488643 4
      vertex 34.437144673195206 -20.348802457287242 0
    endloop
  endfacet
  facet normal 0.659345815100071 0.7518398074789755 0
    outer loop
      vertex 33.69108728427123 -19.918066022961074 0
      vertex 33.3665476220844 -19.633452377915603 0
      vertex 33.3665476220844 -19.633452377915603 4
    endloop
  endfacet
  facet normal 0.5555702330195986 0.8314696123025477 0
    outer loop
      vertex 33.69108728427123 -19.918066022961074 0
      vertex 33.69108728427123 -19.918066022961074 4
      vertex 34.050000000000004 -20.157883832488643 0
    endloop
  endfacet
  facet normal 0.3214394653031633 0.946930129495105 0
    outer loop
      vertex 34.437144673195206 -20.348802457287242 0
      vertex 34.437144673195206 -20.348802457287242 4
      vertex 34.84589715116169 -20.487555226753923 0
    endloop
  endfacet
  facet normal 0.06540312923014796 0.9978589232386031 0
    outer loop
      vertex 35.26926356567383 -20.57176804253357 0
      vertex 35.26926356567383 -20.57176804253357 4
      vertex 35.7 -20.599999999999998 0
    endloop
  endfacet
  facet normal 0.19509032201612594 0.980785280403231 0
    outer loop
      vertex 34.84589715116169 -20.487555226753923 0
      vertex 34.84589715116169 -20.487555226753923 4
      vertex 35.26926356567383 -20.57176804253357 0
    endloop
  endfacet
  facet normal 0.8314696123025439 0.5555702330196043 0
    outer loop
      vertex 32.84211616751136 -18.949999999999996 0
      vertex 32.84211616751136 -18.949999999999996 4
      vertex 33.08193397703893 -19.308912715728773 0
    endloop
  endfacet
  facet normal 0.8968727415326876 0.4422886902190025 0
    outer loop
      vertex 32.84211616751136 -18.949999999999996 0
      vertex 32.65119754271276 -18.562855326804794 0
      vertex 32.65119754271276 -18.562855326804794 4
    endloop
  endfacet
  facet normal 0.9469301294951067 0.3214394653031584 0
    outer loop
      vertex 32.65119754271276 -18.562855326804794 0
      vertex 32.51244477324608 -18.154102848838317 0
      vertex 32.51244477324608 -18.154102848838317 4
    endloop
  endfacet
  facet normal 0.9978589232386038 0.06540312923013977 0
    outer loop
      vertex 32.42823195746643 -17.730736434326168 0
      vertex 32.400000000000006 -17.299999999999997 0
      vertex 32.400000000000006 -17.299999999999997 4
    endloop
  endfacet
  facet normal 0.9807852804032297 0.19509032201613227 0
    outer loop
      vertex 32.51244477324608 -18.154102848838317 0
      vertex 32.42823195746643 -17.730736434326168 0
      vertex 32.42823195746643 -17.730736434326168 4
    endloop
  endfacet
  facet normal 0.9978589232386038 -0.06540312923013977 0
    outer loop
      vertex 32.400000000000006 -17.299999999999997 0
      vertex 32.42823195746643 -16.869263565673826 0
      vertex 32.42823195746643 -16.869263565673826 4
    endloop
  endfacet
  facet normal 0.7518398074789796 0.6593458151000663 0
    outer loop
      vertex 33.3665476220844 -19.633452377915603 0
      vertex 33.08193397703893 -19.308912715728773 0
      vertex 33.08193397703893 -19.308912715728773 4
    endloop
  endfacet
  facet normal -0.06540312923014796 0.9978589232386031 0
    outer loop
      vertex 35.7 -20.599999999999998 0
      vertex 35.7 -20.599999999999998 4
      vertex 36.130736434326174 -20.57176804253357 0
    endloop
  endfacet
  facet normal -0.19509032201612594 0.980785280403231 0
    outer loop
      vertex 36.130736434326174 -20.57176804253357 0
      vertex 36.130736434326174 -20.57176804253357 4
      vertex 36.55410284883832 -20.487555226753923 0
    endloop
  endfacet
  facet normal -0.3214394653031633 0.946930129495105 0
    outer loop
      vertex 36.55410284883832 -20.487555226753923 0
      vertex 36.55410284883832 -20.487555226753923 4
      vertex 36.9628553268048 -20.348802457287242 0
    endloop
  endfacet
  facet normal -0.4422886902190025 0.8968727415326876 0
    outer loop
      vertex 36.9628553268048 -20.348802457287242 0
      vertex 36.9628553268048 -20.348802457287242 4
      vertex 37.35 -20.157883832488643 0
    endloop
  endfacet
  facet normal -0.5555702330195986 0.8314696123025477 0
    outer loop
      vertex 37.35 -20.157883832488643 0
      vertex 37.35 -20.157883832488643 4
      vertex 37.70891271572878 -19.918066022961074 0
    endloop
  endfacet
  facet normal -0.659345815100071 0.7518398074789755 0
    outer loop
      vertex 37.70891271572878 -19.918066022961074 0
      vertex 37.70891271572878 -19.918066022961074 4
      vertex 38.03345237791561 -19.633452377915603 0
    endloop
  endfacet
  facet normal -0.7518398074789796 0.6593458151000663 0
    outer loop
      vertex 38.03345237791561 -19.633452377915603 0
      vertex 38.03345237791561 -19.633452377915603 4
      vertex 38.31806602296108 -19.308912715728773 0
    endloop
  endfacet
  facet normal -0.8314696123025439 0.5555702330196043 0
    outer loop
      vertex 38.31806602296108 -19.308912715728773 0
      vertex 38.31806602296108 -19.308912715728773 4
      vertex 38.55788383248865 -18.949999999999996 0
    endloop
  endfacet
  facet normal -0.8968727415326876 0.4422886902190025 0
    outer loop
      vertex 38.55788383248865 -18.949999999999996 0
      vertex 38.55788383248865 -18.949999999999996 4
      vertex 38.74880245728725 -18.562855326804794 0
    endloop
  endfacet
  facet normal -0.9469301294951067 0.3214394653031584 0
    outer loop
      vertex 38.74880245728725 -18.562855326804794 0
      vertex 38.74880245728725 -18.562855326804794 4
      vertex 38.887555226753925 -18.154102848838317 0
    endloop
  endfacet
  facet normal -0.9807852804032297 0.19509032201613227 0
    outer loop
      vertex 38.887555226753925 -18.154102848838317 0
      vertex 38.887555226753925 -18.154102848838317 4
      vertex 38.971768042533576 -17.730736434326168 0
    endloop
  endfacet
  facet normal -0.9978589232386038 0.06540312923013977 0
    outer loop
      vertex 38.971768042533576 -17.730736434326168 0
      vertex 38.971768042533576 -17.730736434326168 4
      vertex 39 -17.299999999999997 0
    endloop
  endfacet
  facet normal -0.9978589232386038 -0.06540312923013977 0
    outer loop
      vertex 39 -17.299999999999997 0
      vertex 39 -17.299999999999997 4
      vertex 38.971768042533576 -16.869263565673826 0
    endloop
  endfacet
  facet normal -0.9807852804032297 -0.19509032201613227 0
    outer loop
      vertex 38.971768042533576 -16.869263565673826 0
      vertex 38.971768042533576 -16.869263565673826 4
      vertex 38.887555226753925 -16.445897151161677 0
    endloop
  endfacet
  facet normal 0.4422886902190025 0.8968727415326876 0
    outer loop
      vertex 34.437144673195206 -20.348802457287242 0
      vertex 34.050000000000004 -20.157883832488643 4
      vertex 34.437144673195206 -20.348802457287242 4
    endloop
  endfacet
  facet normal 0.7518398074789796 0.6593458151000663 0
    outer loop
      vertex 33.3665476220844 -19.633452377915603 0
      vertex 33.08193397703893 -19.308912715728773 4
      vertex 33.3665476220844 -19.633452377915603 4
    endloop
  endfacet
  facet normal 0.659345815100071 0.7518398074789755 0
    outer loop
      vertex 33.69108728427123 -19.918066022961074 0
      vertex 33.3665476220844 -19.633452377915603 4
      vertex 33.69108728427123 -19.918066022961074 4
    endloop
  endfacet
  facet normal 0.5555702330195986 0.8314696123025477 0
    outer loop
      vertex 34.050000000000004 -20.157883832488643 0
      vertex 33.69108728427123 -19.918066022961074 4
      vertex 34.050000000000004 -20.157883832488643 4
    endloop
  endfacet
  facet normal 0.3214394653031633 0.946930129495105 0
    outer loop
      vertex 34.84589715116169 -20.487555226753923 0
      vertex 34.437144673195206 -20.348802457287242 4
      vertex 34.84589715116169 -20.487555226753923 4
    endloop
  endfacet
  facet normal 0.06540312923014796 0.9978589232386031 0
    outer loop
      vertex 35.7 -20.599999999999998 0
      vertex 35.26926356567383 -20.57176804253357 4
      vertex 35.7 -20.599999999999998 4
    endloop
  endfacet
  facet normal 0.19509032201612594 0.980785280403231 0
    outer loop
      vertex 35.26926356567383 -20.57176804253357 0
      vertex 34.84589715116169 -20.487555226753923 4
      vertex 35.26926356567383 -20.57176804253357 4
    endloop
  endfacet
  facet normal 0.8314696123025439 0.5555702330196043 0
    outer loop
      vertex 33.08193397703893 -19.308912715728773 0
      vertex 32.84211616751136 -18.949999999999996 4
      vertex 33.08193397703893 -19.308912715728773 4
    endloop
  endfacet
  facet normal 0.8968727415326876 0.4422886902190025 0
    outer loop
      vertex 32.84211616751136 -18.949999999999996 0
      vertex 32.65119754271276 -18.562855326804794 4
      vertex 32.84211616751136 -18.949999999999996 4
    endloop
  endfacet
  facet normal 0.9469301294951067 0.3214394653031584 0
    outer loop
      vertex 32.65119754271276 -18.562855326804794 0
      vertex 32.51244477324608 -18.154102848838317 4
      vertex 32.65119754271276 -18.562855326804794 4
    endloop
  endfacet
  facet normal 0.9978589232386038 0.06540312923013977 0
    outer loop
      vertex 32.42823195746643 -17.730736434326168 0
      vertex 32.400000000000006 -17.299999999999997 4
      vertex 32.42823195746643 -17.730736434326168 4
    endloop
  endfacet
  facet normal 0.9807852804032297 0.19509032201613227 0
    outer loop
      vertex 32.51244477324608 -18.154102848838317 0
      vertex 32.42823195746643 -17.730736434326168 4
      vertex 32.51244477324608 -18.154102848838317 4
    endloop
  endfacet
  facet normal 0.9978589232386038 -0.06540312923013977 0
    outer loop
      vertex 32.400000000000006 -17.299999999999997 0
      vertex 32.42823195746643 -16.869263565673826 4
      vertex 32.400000000000006 -17.299999999999997 4
    endloop
  endfacet
  facet normal 0.9807852804032297 -0.19509032201613227 0
    outer loop
      vertex 32.42823195746643 -16.869263565673826 0
      vertex 32.51244477324608 -16.445897151161677 4
      vertex 32.42823195746643 -16.869263565673826 4
    endloop
  endfacet
  facet normal -0.06540312923014796 0.9978589232386031 0
    outer loop
      vertex 36.130736434326174 -20.57176804253357 0
      vertex 35.7 -20.599999999999998 4
      vertex 36.130736434326174 -20.57176804253357 4
    endloop
  endfacet
  facet normal -0.19509032201612594 0.980785280403231 0
    outer loop
      vertex 36.55410284883832 -20.487555226753923 0
      vertex 36.130736434326174 -20.57176804253357 4
      vertex 36.55410284883832 -20.487555226753923 4
    endloop
  endfacet
  facet normal -0.3214394653031633 0.946930129495105 0
    outer loop
      vertex 36.9628553268048 -20.348802457287242 0
      vertex 36.55410284883832 -20.487555226753923 4
      vertex 36.9628553268048 -20.348802457287242 4
    endloop
  endfacet
  facet normal -0.4422886902190025 0.8968727415326876 0
    outer loop
      vertex 37.35 -20.157883832488643 0
      vertex 36.9628553268048 -20.348802457287242 4
      vertex 37.35 -20.157883832488643 4
    endloop
  endfacet
  facet normal -0.5555702330195986 0.8314696123025477 0
    outer loop
      vertex 37.70891271572878 -19.918066022961074 0
      vertex 37.35 -20.157883832488643 4
      vertex 37.70891271572878 -19.918066022961074 4
    endloop
  endfacet
  facet normal -0.659345815100071 0.7518398074789755 0
    outer loop
      vertex 38.03345237791561 -19.633452377915603 0
      vertex 37.70891271572878 -19.918066022961074 4
      vertex 38.03345237791561 -19.633452377915603 4
    endloop
  endfacet
  facet normal -0.7518398074789796 0.6593458151000663 0
    outer loop
      vertex 38.31806602296108 -19.308912715728773 0
      vertex 38.03345237791561 -19.633452377915603 4
      vertex 38.31806602296108 -19.308912715728773 4
    endloop
  endfacet
  facet normal -0.8314696123025439 0.5555702330196043 0
    outer loop
      vertex 38.55788383248865 -18.949999999999996 0
      vertex 38.31806602296108 -19.308912715728773 4
      vertex 38.55788383248865 -18.949999999999996 4
    endloop
  endfacet
  facet normal -0.8968727415326876 0.4422886902190025 0
    outer loop
      vertex 38.74880245728725 -18.562855326804794 0
      vertex 38.55788383248865 -18.949999999999996 4
      vertex 38.74880245728725 -18.562855326804794 4
    endloop
  endfacet
  facet normal -0.9469301294951067 0.3214394653031584 0
    outer loop
      vertex 38.887555226753925 -18.154102848838317 0
      vertex 38.74880245728725 -18.562855326804794 4
      vertex 38.887555226753925 -18.154102848838317 4
    endloop
  endfacet
  facet normal -0.9807852804032297 0.19509032201613227 0
    outer loop
      vertex 38.971768042533576 -17.730736434326168 0
      vertex 38.887555226753925 -18.154102848838317 4
      vertex 38.971768042533576 -17.730736434326168 4
    endloop
  endfacet
  facet normal -0.9978589232386038 0.06540312923013977 0
    outer loop
      vertex 39 -17.299999999999997 0
      vertex 38.971768042533576 -17.730736434326168 4
      vertex 39 -17.299999999999997 4
    endloop
  endfacet
  facet normal -0.9978589232386038 -0.06540312923013977 0
    outer loop
      vertex 38.971768042533576 -16.869263565673826 0
      vertex 39 -17.299999999999997 4
      vertex 38.971768042533576 -16.869263565673826 4
    endloop
  endfacet
  facet normal 0.9807852804032297 -0.19509032201613227 0
    outer loop
      vertex 32.42823195746643 -16.869263565673826 0
      vertex 32.51244477324608 -16.445897151161677 0
      vertex 32.51244477324608 -16.445897151161677 4
    endloop
  endfacet
  facet normal 0.9469301294951067 -0.3214394653031584 0
    outer loop
      vertex 32.51244477324608 -16.445897151161677 0
      vertex 32.65119754271276 -16.0371446731952 0
      vertex 32.65119754271276 -16.0371446731952 4
    endloop
  endfacet
  facet normal 0.8968727415326884 -0.44228869021900086 0
    outer loop
      vertex 32.65119754271276 -16.0371446731952 0
      vertex 32.84211616751136 -15.649999999999997 0
      vertex 32.84211616751136 -15.649999999999997 4
    endloop
  endfacet
  facet normal 0.8314696123025439 -0.5555702330196043 0
    outer loop
      vertex 32.84211616751136 -15.649999999999997 0
      vertex 33.08193397703893 -15.291087284271219 0
      vertex 33.08193397703893 -15.291087284271219 4
    endloop
  endfacet
  facet normal 0.7518398074789778 -0.6593458151000683 0
    outer loop
      vertex 33.08193397703893 -15.291087284271219 0
      vertex 33.3665476220844 -14.966547622084391 0
      vertex 33.3665476220844 -14.966547622084391 4
    endloop
  endfacet
  facet normal 0.6593458151000686 -0.7518398074789776 0
    outer loop
      vertex 33.3665476220844 -14.966547622084391 0
      vertex 33.69108728427123 -14.681933977038922 0
      vertex 33.69108728427123 -14.681933977038922 4
    endloop
  endfacet
  facet normal 0.5555702330196014 -0.8314696123025458 0
    outer loop
      vertex 33.69108728427123 -14.681933977038922 0
      vertex 34.050000000000004 -14.442116167511351 0
      vertex 34.050000000000004 -14.442116167511351 4
    endloop
  endfacet
  facet normal 0.4422886902190059 -0.8968727415326861 0
    outer loop
      vertex 34.050000000000004 -14.442116167511351 0
      vertex 34.437144673195206 -14.25119754271275 0
      vertex 34.437144673195206 -14.25119754271275 4
    endloop
  endfacet
  facet normal 0.32143946530315964 -0.9469301294951062 0
    outer loop
      vertex 34.437144673195206 -14.25119754271275 0
      vertex 34.84589715116169 -14.112444773246072 0
      vertex 34.84589715116169 -14.112444773246072 4
    endloop
  endfacet
  facet normal 0.19509032201612989 -0.9807852804032301 0
    outer loop
      vertex 34.84589715116169 -14.112444773246072 0
      vertex 35.26926356567383 -14.028231957466422 0
      vertex 35.26926356567383 -14.028231957466422 4
    endloop
  endfacet
  facet normal 0.06540312923014385 -0.9978589232386034 0
    outer loop
      vertex 35.26926356567383 -14.028231957466422 0
      vertex 35.7 -13.999999999999996 0
      vertex 35.7 -13.999999999999996 4
    endloop
  endfacet
  facet normal -0.06540312923014385 -0.9978589232386034 0
    outer loop
      vertex 35.7 -13.999999999999996 0
      vertex 36.130736434326174 -14.028231957466422 0
      vertex 36.130736434326174 -14.028231957466422 4
    endloop
  endfacet
  facet normal -0.19509032201612989 -0.9807852804032301 0
    outer loop
      vertex 36.130736434326174 -14.028231957466422 0
      vertex 36.55410284883832 -14.112444773246072 0
      vertex 36.55410284883832 -14.112444773246072 4
    endloop
  endfacet
  facet normal -0.32143946530315964 -0.9469301294951062 0
    outer loop
      vertex 36.55410284883832 -14.112444773246072 0
      vertex 36.9628553268048 -14.25119754271275 0
      vertex 36.9628553268048 -14.25119754271275 4
    endloop
  endfacet
  facet normal -0.6593458151000686 -0.7518398074789776 0
    outer loop
      vertex 37.70891271572878 -14.681933977038922 0
      vertex 38.03345237791561 -14.966547622084391 0
      vertex 38.03345237791561 -14.966547622084391 4
    endloop
  endfacet
  facet normal -0.4422886902190059 -0.8968727415326861 0
    outer loop
      vertex 37.35 -14.442116167511351 0
      vertex 37.35 -14.442116167511351 4
      vertex 36.9628553268048 -14.25119754271275 0
    endloop
  endfacet
  facet normal -0.5555702330196014 -0.8314696123025458 0
    outer loop
      vertex 37.70891271572878 -14.681933977038922 0
      vertex 37.70891271572878 -14.681933977038922 4
      vertex 37.35 -14.442116167511351 0
    endloop
  endfacet
  facet normal -0.9469301294951067 -0.3214394653031584 0
    outer loop
      vertex 38.74880245728725 -16.0371446731952 0
      vertex 38.887555226753925 -16.445897151161677 0
      vertex 38.887555226753925 -16.445897151161677 4
    endloop
  endfacet
  facet normal -0.8968727415326884 -0.44228869021900086 0
    outer loop
      vertex 38.74880245728725 -16.0371446731952 0
      vertex 38.74880245728725 -16.0371446731952 4
      vertex 38.55788383248865 -15.649999999999997 0
    endloop
  endfacet
  facet normal -0.8314696123025439 -0.5555702330196043 0
    outer loop
      vertex 38.55788383248865 -15.649999999999997 0
      vertex 38.55788383248865 -15.649999999999997 4
      vertex 38.31806602296108 -15.291087284271219 0
    endloop
  endfacet
  facet normal -0.7518398074789778 -0.6593458151000683 0
    outer loop
      vertex 38.03345237791561 -14.966547622084391 0
      vertex 38.31806602296108 -15.291087284271219 0
      vertex 38.31806602296108 -15.291087284271219 4
    endloop
  endfacet
  facet normal 0.9469301294951067 -0.3214394653031584 0
    outer loop
      vertex 32.51244477324608 -16.445897151161677 0
      vertex 32.65119754271276 -16.0371446731952 4
      vertex 32.51244477324608 -16.445897151161677 4
    endloop
  endfacet
  facet normal 0.8968727415326884 -0.44228869021900086 0
    outer loop
      vertex 32.65119754271276 -16.0371446731952 0
      vertex 32.84211616751136 -15.649999999999997 4
      vertex 32.65119754271276 -16.0371446731952 4
    endloop
  endfacet
  facet normal 0.8314696123025439 -0.5555702330196043 0
    outer loop
      vertex 32.84211616751136 -15.649999999999997 0
      vertex 33.08193397703893 -15.291087284271219 4
      vertex 32.84211616751136 -15.649999999999997 4
    endloop
  endfacet
  facet normal 0.7518398074789778 -0.6593458151000683 0
    outer loop
      vertex 33.08193397703893 -15.291087284271219 0
      vertex 33.3665476220844 -14.966547622084391 4
      vertex 33.08193397703893 -15.291087284271219 4
    endloop
  endfacet
  facet normal 0.6593458151000686 -0.7518398074789776 0
    outer loop
      vertex 33.3665476220844 -14.966547622084391 0
      vertex 33.69108728427123 -14.681933977038922 4
      vertex 33.3665476220844 -14.966547622084391 4
    endloop
  endfacet
  facet normal 0.5555702330196014 -0.8314696123025458 0
    outer loop
      vertex 33.69108728427123 -14.681933977038922 0
      vertex 34.050000000000004 -14.442116167511351 4
      vertex 33.69108728427123 -14.681933977038922 4
    endloop
  endfacet
  facet normal 0.4422886902190059 -0.8968727415326861 0
    outer loop
      vertex 34.050000000000004 -14.442116167511351 0
      vertex 34.437144673195206 -14.25119754271275 4
      vertex 34.050000000000004 -14.442116167511351 4
    endloop
  endfacet
  facet normal 0.32143946530315964 -0.9469301294951062 0
    outer loop
      vertex 34.437144673195206 -14.25119754271275 0
      vertex 34.84589715116169 -14.112444773246072 4
      vertex 34.437144673195206 -14.25119754271275 4
    endloop
  endfacet
  facet normal 0.19509032201612989 -0.9807852804032301 0
    outer loop
      vertex 34.84589715116169 -14.112444773246072 0
      vertex 35.26926356567383 -14.028231957466422 4
      vertex 34.84589715116169 -14.112444773246072 4
    endloop
  endfacet
  facet normal 0.06540312923014385 -0.9978589232386034 0
    outer loop
      vertex 35.26926356567383 -14.028231957466422 0
      vertex 35.7 -13.999999999999996 4
      vertex 35.26926356567383 -14.028231957466422 4
    endloop
  endfacet
  facet normal -0.06540312923014385 -0.9978589232386034 0
    outer loop
      vertex 35.7 -13.999999999999996 0
      vertex 36.130736434326174 -14.028231957466422 4
      vertex 35.7 -13.999999999999996 4
    endloop
  endfacet
  facet normal -0.19509032201612989 -0.9807852804032301 0
    outer loop
      vertex 36.130736434326174 -14.028231957466422 0
      vertex 36.55410284883832 -14.112444773246072 4
      vertex 36.130736434326174 -14.028231957466422 4
    endloop
  endfacet
  facet normal -0.32143946530315964 -0.9469301294951062 0
    outer loop
      vertex 36.55410284883832 -14.112444773246072 0
      vertex 36.9628553268048 -14.25119754271275 4
      vertex 36.55410284883832 -14.112444773246072 4
    endloop
  endfacet
  facet normal -0.7518398074789778 -0.6593458151000683 0
    outer loop
      vertex 38.03345237791561 -14.966547622084391 0
      vertex 38.31806602296108 -15.291087284271219 4
      vertex 38.03345237791561 -14.966547622084391 4
    endloop
  endfacet
  facet normal -0.6593458151000686 -0.7518398074789776 0
    outer loop
      vertex 37.70891271572878 -14.681933977038922 0
      vertex 38.03345237791561 -14.966547622084391 4
      vertex 37.70891271572878 -14.681933977038922 4
    endloop
  endfacet
  facet normal -0.4422886902190059 -0.8968727415326861 0
    outer loop
      vertex 36.9628553268048 -14.25119754271275 0
      vertex 37.35 -14.442116167511351 4
      vertex 36.9628553268048 -14.25119754271275 4
    endloop
  endfacet
  facet normal -0.5555702330196014 -0.8314696123025458 0
    outer loop
      vertex 37.35 -14.442116167511351 0
      vertex 37.70891271572878 -14.681933977038922 4
      vertex 37.35 -14.442116167511351 4
    endloop
  endfacet
  facet normal -0.9807852804032297 -0.19509032201613227 0
    outer loop
      vertex 38.887555226753925 -16.445897151161677 0
      vertex 38.971768042533576 -16.869263565673826 4
      vertex 38.887555226753925 -16.445897151161677 4
    endloop
  endfacet
  facet normal -0.9469301294951067 -0.3214394653031584 0
    outer loop
      vertex 38.74880245728725 -16.0371446731952 0
      vertex 38.887555226753925 -16.445897151161677 4
      vertex 38.74880245728725 -16.0371446731952 4
    endloop
  endfacet
  facet normal -0.8968727415326884 -0.44228869021900086 0
    outer loop
      vertex 38.55788383248865 -15.649999999999997 0
      vertex 38.74880245728725 -16.0371446731952 4
      vertex 38.55788383248865 -15.649999999999997 4
    endloop
  endfacet
  facet normal -0.8314696123025439 -0.5555702330196043 0
    outer loop
      vertex 38.31806602296108 -15.291087284271219 0
      vertex 38.55788383248865 -15.649999999999997 4
      vertex 38.31806602296108 -15.291087284271219 4
    endloop
  endfacet
  facet normal 0 0 -1
    outer loop
      vertex 34.050000000000004 -20.157883832488643 4
      vertex 34.22775681356646 -18.15 4
      vertex 34.437144673195206 -20.348802457287242 4
    endloop
  endfacet
  facet normal 0 0 -1
    outer loop
      vertex 34.437144673195206 -20.348802457287242 4
      vertex 34.66510557068518 -18.648700678495096 4
      vertex 34.84589715116169 -20.487555226753923 4
    endloop
  endfacet
  facet normal 0 0 -1
    outer loop
      vertex 34.84589715116169 -20.487555226753923 4
      vertex 35.04943816497935 -18.870595205269183 4
      vertex 35.26926356567383 -20.57176804253357 4
    endloop
  endfacet
  facet normal 0 0 -1
    outer loop
      vertex 35.26926356567383 -20.57176804253357 4
      vertex 35.47810547322592 -18.985456264335475 4
      vertex 35.7 -20.599999999999998 4
    endloop
  endfacet
  facet normal 0 0 -1
    outer loop
      vertex 32.84211616751136 -18.949999999999996 4
      vertex 32.65119754271276 -18.562855326804794 4
      vertex 32.65119754271276 -16.0371446731952 4
    endloop
  endfacet
  facet normal 0 0 -1
    outer loop
      vertex 32.84211616751136 -18.949999999999996 4
      vertex 32.84211616751136 -15.649999999999997 4
      vertex 33.08193397703893 -19.308912715728773 4
    endloop
  endfacet
  facet normal 0 0 -1
    outer loop
      vertex 32.65119754271276 -18.562855326804794 4
      vertex 32.51244477324608 -18.154102848838317 4
      vertex 32.51244477324608 -16.445897151161677 4
    endloop
  endfacet
  facet normal 0 0 -1
    outer loop
      vertex 32.51244477324608 -18.154102848838317 4
      vertex 32.42823195746643 -17.730736434326168 4
      vertex 32.42823195746643 -16.869263565673826 4
    endloop
  endfacet
  facet normal 0 0 -1
    outer loop
      vertex 32.42823195746643 -17.730736434326168 4
      vertex 32.400000000000006 -17.299999999999997 4
      vertex 32.42823195746643 -16.869263565673826 4
    endloop
  endfacet
  facet normal 0 0 -1
    outer loop
      vertex 32.51244477324608 -18.154102848838317 4
      vertex 32.42823195746643 -16.869263565673826 4
      vertex 32.51244477324608 -16.445897151161677 4
    endloop
  endfacet
  facet normal 0 0 -1
    outer loop
      vertex 32.65119754271276 -18.562855326804794 4
      vertex 32.51244477324608 -16.445897151161677 4
      vertex 32.65119754271276 -16.0371446731952 4
    endloop
  endfacet
  facet normal 0 0 -1
    outer loop
      vertex 32.84211616751136 -18.949999999999996 4
      vertex 32.65119754271276 -16.0371446731952 4
      vertex 32.84211616751136 -15.649999999999997 4
    endloop
  endfacet
  facet normal 0 0 -1
    outer loop
      vertex 33.08193397703893 -19.308912715728773 4
      vertex 32.84211616751136 -15.649999999999997 4
      vertex 33.08193397703893 -15.291087284271219 4
    endloop
  endfacet
  facet normal 0 0 -1
    outer loop
      vertex 34.437144673195206 -20.348802457287242 4
      vertex 34.22775681356646 -18.15 4
      vertex 34.351299321504904 -18.334894429314822 4
    endloop
  endfacet
  facet normal 0 0 -1
    outer loop
      vertex 33.69108728427123 -19.918066022961074 4
      vertex 33.3665476220844 -19.633452377915603 4
      vertex 33.3665476220844 -14.966547622084391 4
    endloop
  endfacet
  facet normal 0 0 -1
    outer loop
      vertex 34.050000000000004 -20.157883832488643 4
      vertex 34.12940479473082 -17.95056183502065 4
      vertex 34.22775681356646 -18.15 4
    endloop
  endfacet
  facet normal 0 0 -1
    outer loop
      vertex 34.050000000000004 -20.157883832488643 4
      vertex 34.05792609530859 -17.739992376674284 4
      vertex 34.12940479473082 -17.95056183502065 4
    endloop
  endfacet
  facet normal 0 0 -1
    outer loop
      vertex 34.050000000000004 -20.157883832488643 4
      vertex 34.014543735664525 -17.521894526774084 4
      vertex 34.05792609530859 -17.739992376674284 4
    endloop
  endfacet
  facet normal 0 0 -1
    outer loop
      vertex 33.69108728427123 -19.918066022961074 4
      vertex 33.69108728427123 -14.681933977038922 4
      vertex 34.050000000000004 -20.157883832488643 4
    endloop
  endfacet
  facet normal 0 0 -1
    outer loop
      vertex 34.437144673195206 -20.348802457287242 4
      vertex 34.49791847198287 -18.50208152801713 4
      vertex 34.66510557068518 -18.648700678495096 4
    endloop
  endfacet
  facet normal 0 0 -1
    outer loop
      vertex 34.84589715116169 -20.487555226753923 4
      vertex 34.85 -18.772243186433542 4
      vertex 35.04943816497935 -18.870595205269183 4
    endloop
  endfacet
  facet normal 0 0 -1
    outer loop
      vertex 34.84589715116169 -20.487555226753923 4
      vertex 34.66510557068518 -18.648700678495096 4
      vertex 34.85 -18.772243186433542 4
    endloop
  endfacet
  facet normal 0 0 -1
    outer loop
      vertex 34.437144673195206 -20.348802457287242 4
      vertex 34.351299321504904 -18.334894429314822 4
      vertex 34.49791847198287 -18.50208152801713 4
    endloop
  endfacet
  facet normal 0 0 -1
    outer loop
      vertex 35.26926356567383 -20.57176804253357 4
      vertex 35.04943816497935 -18.870595205269183 4
      vertex 35.26000762332572 -18.942073904691412 4
    endloop
  endfacet
  facet normal 0 0 -1
    outer loop
      vertex 35.26926356567383 -20.57176804253357 4
      vertex 35.26000762332572 -18.942073904691412 4
      vertex 35.47810547322592 -18.985456264335475 4
    endloop
  endfacet
  facet normal 0 0 -1
    outer loop
      vertex 33.3665476220844 -19.633452377915603 4
      vertex 33.08193397703893 -19.308912715728773 4
      vertex 33.08193397703893 -15.291087284271219 4
    endloop
  endfacet
  facet normal 0 0 -1
    outer loop
      vertex 34.050000000000004 -20.157883832488643 4
      vertex 33.69108728427123 -14.681933977038922 4
      vertex 34.014543735664525 -17.521894526774084 4
    endloop
  endfacet
  facet normal 0 0 -1
    outer loop
      vertex 35.7 -20.599999999999998 4
      vertex 35.7 -18.999999999999996 4
      vertex 36.130736434326174 -20.57176804253357 4
    endloop
  endfacet
  facet normal 0 0 -1
    outer loop
      vertex 36.130736434326174 -20.57176804253357 4
      vertex 35.92189452677409 -18.985456264335475 4
      vertex 36.55410284883832 -20.487555226753923 4
    endloop
  endfacet
  facet normal 0 0 -1
    outer loop
      vertex 35.47810547322592 -18.985456264335475 4
      vertex 35.7 -18.999999999999996 4
      vertex 35.7 -20.599999999999998 4
    endloop
  endfacet
  facet normal 0 0 -1
    outer loop
      vertex 36.130736434326174 -20.57176804253357 4
      vertex 35.7 -18.999999999999996 4
      vertex 35.92189452677409 -18.985456264335475 4
    endloop
  endfacet
  facet normal 0 0 -1
    outer loop
      vertex 36.55410284883832 -20.487555226753923 4
      vertex 36.550000000000004 -18.772243186433542 4
      vertex 36.9628553268048 -20.348802457287242 4
    endloop
  endfacet
  facet normal 0 0 -1
    outer loop
      vertex 36.9628553268048 -20.348802457287242 4
      vertex 36.902081528017135 -18.50208152801713 4
      vertex 37.35 -20.157883832488643 4
    endloop
  endfacet
  facet normal 0 0 -1
    outer loop
      vertex 36.55410284883832 -20.487555226753923 4
      vertex 35.92189452677409 -18.985456264335475 4
      vertex 36.139992376674286 -18.942073904691412 4
    endloop
  endfacet
  facet normal 0 0 -1
    outer loop
      vertex 36.55410284883832 -20.487555226753923 4
      vertex 36.139992376674286 -18.942073904691412 4
      vertex 36.350561835020656 -18.870595205269183 4
    endloop
  endfacet
  facet normal 0 0 -1
    outer loop
      vertex 36.55410284883832 -20.487555226753923 4
      vertex 36.350561835020656 -18.870595205269183 4
      vertex 36.550000000000004 -18.772243186433542 4
    endloop
  endfacet
  facet normal 0 0 -1
    outer loop
      vertex 36.9628553268048 -20.348802457287242 4
      vertex 36.550000000000004 -18.772243186433542 4
      vertex 36.73489442931483 -18.648700678495096 4
    endloop
  endfacet
  facet normal 0 0 -1
    outer loop
      vertex 36.9628553268048 -20.348802457287242 4
      vertex 36.73489442931483 -18.648700678495096 4
      vertex 36.902081528017135 -18.50208152801713 4
    endloop
  endfacet
  facet normal 0 0 -1
    outer loop
      vertex 37.35 -20.157883832488643 4
      vertex 37.34207390469142 -17.739992376674284 4
      vertex 37.70891271572878 -19.918066022961074 4
    endloop
  endfacet
  facet normal 0 0 -1
    outer loop
      vertex 37.35 -20.157883832488643 4
      vertex 36.902081528017135 -18.50208152801713 4
      vertex 37.0487006784951 -18.334894429314822 4
    endloop
  endfacet
  facet normal 0 0 -1
    outer loop
      vertex 37.35 -20.157883832488643 4
      vertex 37.0487006784951 -18.334894429314822 4
      vertex 37.17224318643355 -18.15 4
    endloop
  endfacet
  facet normal 0 0 -1
    outer loop
      vertex 37.35 -20.157883832488643 4
      vertex 37.17224318643355 -18.15 4
      vertex 37.27059520526919 -17.95056183502065 4
    endloop
  endfacet
  facet normal 0 0 -1
    outer loop
      vertex 37.35 -20.157883832488643 4
      vertex 37.27059520526919 -17.95056183502065 4
      vertex 37.34207390469142 -17.739992376674284 4
    endloop
  endfacet
  facet normal 0 0 -1
    outer loop
      vertex 37.70891271572878 -19.918066022961074 4
      vertex 37.34207390469142 -17.739992376674284 4
      vertex 37.38545626433548 -17.521894526774084 4
    endloop
  endfacet
  facet normal 0 0 -1
    outer loop
      vertex 37.70891271572878 -19.918066022961074 4
      vertex 37.38545626433548 -17.521894526774084 4
      vertex 37.400000000000006 -17.299999999999997 4
    endloop
  endfacet
  facet normal 0 0 -1
    outer loop
      vertex 37.70891271572878 -19.918066022961074 4
      vertex 37.400000000000006 -17.299999999999997 4
      vertex 37.38545626433548 -17.07810547322591 4
    endloop
  endfacet
  facet normal 0 0 -1
    outer loop
      vertex 37.70891271572878 -19.918066022961074 4
      vertex 37.70891271572878 -14.681933977038922 4
      vertex 38.03345237791561 -19.633452377915603 4
    endloop
  endfacet
  facet normal 0 0 -1
    outer loop
      vertex 38.03345237791561 -19.633452377915603 4
      vertex 38.03345237791561 -14.966547622084391 4
      vertex 38.31806602296108 -19.308912715728773 4
    endloop
  endfacet
  facet normal 0 0 -1
    outer loop
      vertex 37.70891271572878 -19.918066022961074 4
      vertex 37.38545626433548 -17.07810547322591 4
      vertex 37.35 -14.442116167511351 4
    endloop
  endfacet
  facet normal 0 0 -1
    outer loop
      vertex 38.31806602296108 -19.308912715728773 4
      vertex 38.31806602296108 -15.291087284271219 4
      vertex 38.55788383248865 -18.949999999999996 4
    endloop
  endfacet
  facet normal 0 0 -1
    outer loop
      vertex 38.55788383248865 -18.949999999999996 4
      vertex 38.55788383248865 -15.649999999999997 4
      vertex 38.74880245728725 -18.562855326804794 4
    endloop
  endfacet
  facet normal 0 0 -1
    outer loop
      vertex 38.74880245728725 -18.562855326804794 4
      vertex 38.74880245728725 -16.0371446731952 4
      vertex 38.887555226753925 -18.154102848838317 4
    endloop
  endfacet
  facet normal 0 0 -1
    outer loop
      vertex 38.887555226753925 -18.154102848838317 4
      vertex 38.887555226753925 -16.445897151161677 4
      vertex 38.971768042533576 -17.730736434326168 4
    endloop
  endfacet
  facet normal 0 0 -1
    outer loop
      vertex 38.74880245728725 -18.562855326804794 4
      vertex 38.55788383248865 -15.649999999999997 4
      vertex 38.74880245728725 -16.0371446731952 4
    endloop
  endfacet
  facet normal 0 0 -1
    outer loop
      vertex 38.971768042533576 -17.730736434326168 4
      vertex 38.971768042533576 -16.869263565673826 4
      vertex 39 -17.299999999999997 4
    endloop
  endfacet
  facet normal 0 0 -1
    outer loop
      vertex 38.971768042533576 -17.730736434326168 4
      vertex 38.887555226753925 -16.445897151161677 4
      vertex 38.971768042533576 -16.869263565673826 4
    endloop
  endfacet
  facet normal 0 0 -1
    outer loop
      vertex 38.887555226753925 -18.154102848838317 4
      vertex 38.74880245728725 -16.0371446731952 4
      vertex 38.887555226753925 -16.445897151161677 4
    endloop
  endfacet
  facet normal 0 0 -1
    outer loop
      vertex 33.3665476220844 -19.633452377915603 4
      vertex 33.08193397703893 -15.291087284271219 4
      vertex 33.3665476220844 -14.966547622084391 4
    endloop
  endfacet
  facet normal 0 0 -1
    outer loop
      vertex 33.69108728427123 -19.918066022961074 4
      vertex 33.3665476220844 -14.966547622084391 4
      vertex 33.69108728427123 -14.681933977038922 4
    endloop
  endfacet
  facet normal 0 0 -1
    outer loop
      vertex 34.014543735664525 -17.521894526774084 4
      vertex 33.69108728427123 -14.681933977038922 4
      vertex 34 -17.299999999999997 4
    endloop
  endfacet
  facet normal 0 0 -1
    outer loop
      vertex 34 -17.299999999999997 4
      vertex 33.69108728427123 -14.681933977038922 4
      vertex 34.014543735664525 -17.07810547322591 4
    endloop
  endfacet
  facet normal 0 0 -1
    outer loop
      vertex 34.014543735664525 -17.07810547322591 4
      vertex 33.69108728427123 -14.681933977038922 4
      vertex 34.05792609530859 -16.86000762332571 4
    endloop
  endfacet
  facet normal 0 0 -1
    outer loop
      vertex 34.05792609530859 -16.86000762332571 4
      vertex 34.050000000000004 -14.442116167511351 4
      vertex 34.12940479473082 -16.649438164979344 4
    endloop
  endfacet
  facet normal 0 0 -1
    outer loop
      vertex 34.12940479473082 -16.649438164979344 4
      vertex 34.050000000000004 -14.442116167511351 4
      vertex 34.22775681356646 -16.449999999999996 4
    endloop
  endfacet
  facet normal 0 0 -1
    outer loop
      vertex 34.22775681356646 -16.449999999999996 4
      vertex 34.050000000000004 -14.442116167511351 4
      vertex 34.351299321504904 -16.265105570685172 4
    endloop
  endfacet
  facet normal 0 0 -1
    outer loop
      vertex 34.351299321504904 -16.265105570685172 4
      vertex 34.050000000000004 -14.442116167511351 4
      vertex 34.49791847198287 -16.097918471982865 4
    endloop
  endfacet
  facet normal 0 0 -1
    outer loop
      vertex 34.49791847198287 -16.097918471982865 4
      vertex 34.437144673195206 -14.25119754271275 4
      vertex 34.66510557068518 -15.951299321504898 4
    endloop
  endfacet
  facet normal 0 0 -1
    outer loop
      vertex 34.66510557068518 -15.951299321504898 4
      vertex 34.437144673195206 -14.25119754271275 4
      vertex 34.85 -15.827756813566452 4
    endloop
  endfacet
  facet normal 0 0 -1
    outer loop
      vertex 34.05792609530859 -16.86000762332571 4
      vertex 33.69108728427123 -14.681933977038922 4
      vertex 34.050000000000004 -14.442116167511351 4
    endloop
  endfacet
  facet normal 0 0 -1
    outer loop
      vertex 34.49791847198287 -16.097918471982865 4
      vertex 34.050000000000004 -14.442116167511351 4
      vertex 34.437144673195206 -14.25119754271275 4
    endloop
  endfacet
  facet normal 0 0 -1
    outer loop
      vertex 34.85 -15.827756813566452 4
      vertex 34.84589715116169 -14.112444773246072 4
      vertex 35.04943816497935 -15.72940479473081 4
    endloop
  endfacet
  facet normal 0 0 -1
    outer loop
      vertex 34.85 -15.827756813566452 4
      vertex 34.437144673195206 -14.25119754271275 4
      vertex 34.84589715116169 -14.112444773246072 4
    endloop
  endfacet
  facet normal 0 0 -1
    outer loop
      vertex 35.04943816497935 -15.72940479473081 4
      vertex 34.84589715116169 -14.112444773246072 4
      vertex 35.26000762332572 -15.65792609530858 4
    endloop
  endfacet
  facet normal 0 0 -1
    outer loop
      vertex 35.26000762332572 -15.65792609530858 4
      vertex 34.84589715116169 -14.112444773246072 4
      vertex 35.47810547322592 -15.614543735664519 4
    endloop
  endfacet
  facet normal 0 0 -1
    outer loop
      vertex 35.47810547322592 -15.614543735664519 4
      vertex 35.26926356567383 -14.028231957466422 4
      vertex 35.7 -15.599999999999998 4
    endloop
  endfacet
  facet normal 0 0 -1
    outer loop
      vertex 35.47810547322592 -15.614543735664519 4
      vertex 34.84589715116169 -14.112444773246072 4
      vertex 35.26926356567383 -14.028231957466422 4
    endloop
  endfacet
  facet normal 0 0 -1
    outer loop
      vertex 35.26926356567383 -14.028231957466422 4
      vertex 35.7 -13.999999999999996 4
      vertex 35.7 -15.599999999999998 4
    endloop
  endfacet
  facet normal 0 0 -1
    outer loop
      vertex 36.73489442931483 -15.951299321504898 4
      vertex 36.9628553268048 -14.25119754271275 4
      vertex 36.902081528017135 -16.097918471982865 4
    endloop
  endfacet
  facet normal 0 0 -1
    outer loop
      vertex 37.38545626433548 -17.07810547322591 4
      vertex 37.34207390469142 -16.86000762332571 4
      vertex 37.35 -14.442116167511351 4
    endloop
  endfacet
  facet normal 0 0 -1
    outer loop
      vertex 38.03345237791561 -19.633452377915603 4
      vertex 37.70891271572878 -14.681933977038922 4
      vertex 38.03345237791561 -14.966547622084391 4
    endloop
  endfacet
  facet normal 0 0 -1
    outer loop
      vertex 37.70891271572878 -19.918066022961074 4
      vertex 37.35 -14.442116167511351 4
      vertex 37.70891271572878 -14.681933977038922 4
    endloop
  endfacet
  facet normal 0 0 -1
    outer loop
      vertex 37.34207390469142 -16.86000762332571 4
      vertex 37.27059520526919 -16.649438164979344 4
      vertex 37.35 -14.442116167511351 4
    endloop
  endfacet
  facet normal 0 0 -1
    outer loop
      vertex 37.17224318643355 -16.449999999999996 4
      vertex 37.35 -14.442116167511351 4
      vertex 37.27059520526919 -16.649438164979344 4
    endloop
  endfacet
  facet normal 0 0 -1
    outer loop
      vertex 37.0487006784951 -16.265105570685172 4
      vertex 36.902081528017135 -16.097918471982865 4
      vertex 36.9628553268048 -14.25119754271275 4
    endloop
  endfacet
  facet normal 0 0 -1
    outer loop
      vertex 37.17224318643355 -16.449999999999996 4
      vertex 37.0487006784951 -16.265105570685172 4
      vertex 36.9628553268048 -14.25119754271275 4
    endloop
  endfacet
  facet normal 0 0 -1
    outer loop
      vertex 35.7 -15.599999999999998 4
      vertex 35.7 -13.999999999999996 4
      vertex 35.92189452677409 -15.614543735664519 4
    endloop
  endfacet
  facet normal 0 0 -1
    outer loop
      vertex 35.92189452677409 -15.614543735664519 4
      vertex 36.130736434326174 -14.028231957466422 4
      vertex 36.139992376674286 -15.65792609530858 4
    endloop
  endfacet
  facet normal 0 0 -1
    outer loop
      vertex 36.139992376674286 -15.65792609530858 4
      vertex 36.130736434326174 -14.028231957466422 4
      vertex 36.350561835020656 -15.72940479473081 4
    endloop
  endfacet
  facet normal 0 0 -1
    outer loop
      vertex 36.350561835020656 -15.72940479473081 4
      vertex 36.55410284883832 -14.112444773246072 4
      vertex 36.550000000000004 -15.827756813566452 4
    endloop
  endfacet
  facet normal 0 0 -1
    outer loop
      vertex 36.550000000000004 -15.827756813566452 4
      vertex 36.55410284883832 -14.112444773246072 4
      vertex 36.73489442931483 -15.951299321504898 4
    endloop
  endfacet
  facet normal 0 0 -1
    outer loop
      vertex 36.73489442931483 -15.951299321504898 4
      vertex 36.55410284883832 -14.112444773246072 4
      vertex 36.9628553268048 -14.25119754271275 4
    endloop
  endfacet
  facet normal 0 0 -1
    outer loop
      vertex 35.92189452677409 -15.614543735664519 4
      vertex 35.7 -13.999999999999996 4
      vertex 36.130736434326174 -14.028231957466422 4
    endloop
  endfacet
  facet normal 0 0 -1
    outer loop
      vertex 36.350561835020656 -15.72940479473081 4
      vertex 36.130736434326174 -14.028231957466422 4
      vertex 36.55410284883832 -14.112444773246072 4
    endloop
  endfacet
  facet normal 0 0 -1
    outer loop
      vertex 37.17224318643355 -16.449999999999996 4
      vertex 36.9628553268048 -14.25119754271275 4
      vertex 37.35 -14.442116167511351 4
    endloop
  endfacet
  facet normal 0 0 -1
    outer loop
      vertex 38.31806602296108 -19.308912715728773 4
      vertex 38.03345237791561 -14.966547622084391 4
      vertex 38.31806602296108 -15.291087284271219 4
    endloop
  endfacet
  facet normal 0 0 -1
    outer loop
      vertex 38.55788383248865 -18.949999999999996 4
      vertex 38.31806602296108 -15.291087284271219 4
      vertex 38.55788383248865 -15.649999999999997 4
    endloop
  endfacet
  facet normal 0.7518398074789837 0.6593458151000616 0
    outer loop
      vertex -36.902081528017135 16.097918471982865 4
      vertex -37.0487006784951 16.265105570685172 4
      vertex -37.0487006784951 16.265105570685172 10
    endloop
  endfacet
  facet normal 0.8968727415326907 0.44228869021899636 0
    outer loop
      vertex -37.27059520526919 16.649438164979344 4
      vertex -37.27059520526919 16.649438164979344 10
      vertex -37.17224318643355 16.449999999999996 4
    endloop
  endfacet
  facet normal 0.8314696123025439 0.5555702330196043 0
    outer loop
      vertex -37.0487006784951 16.265105570685172 4
      vertex -37.17224318643355 16.449999999999996 4
      vertex -37.17224318643355 16.449999999999996 10
    endloop
  endfacet
  facet normal 0.5555702330196043 0.8314696123025439 0
    outer loop
      vertex -36.73489442931483 15.951299321504898 4
      vertex -36.73489442931483 15.951299321504898 10
      vertex -36.550000000000004 15.827756813566452 4
    endloop
  endfacet
  facet normal 0.4422886902190028 0.8968727415326876 0
    outer loop
      vertex -36.550000000000004 15.827756813566452 4
      vertex -36.550000000000004 15.827756813566452 10
      vertex -36.350561835020656 15.72940479473081 4
    endloop
  endfacet
  facet normal 0.32143946530316087 0.946930129495106 0
    outer loop
      vertex -36.350561835020656 15.72940479473081 4
      vertex -36.350561835020656 15.72940479473081 10
      vertex -36.139992376674286 15.65792609530858 4
    endloop
  endfacet
  facet normal 0.1950903220161284 0.9807852804032304 0
    outer loop
      vertex -36.139992376674286 15.65792609530858 4
      vertex -36.139992376674286 15.65792609530858 10
      vertex -35.92189452677409 15.614543735664519 4
    endloop
  endfacet
  facet normal 0.06540312923013786 0.9978589232386039 0
    outer loop
      vertex -35.92189452677409 15.614543735664519 4
      vertex -35.92189452677409 15.614543735664519 10
      vertex -35.7 15.599999999999998 4
    endloop
  endfacet
  facet normal -0.06540312923013786 0.9978589232386039 0
    outer loop
      vertex -35.7 15.599999999999998 4
      vertex -35.7 15.599999999999998 10
      vertex -35.47810547322592 15.614543735664519 4
    endloop
  endfacet
  facet normal 0.6593458151000616 0.7518398074789837 0
    outer loop
      vertex -36.902081528017135 16.097918471982865 4
      vertex -36.902081528017135 16.097918471982865 10
      vertex -36.73489442931483 15.951299321504898 4
    endloop
  endfacet
  facet normal -0.1950903220161284 0.9807852804032304 0
    outer loop
      vertex -35.47810547322592 15.614543735664519 4
      vertex -35.47810547322592 15.614543735664519 10
      vertex -35.26000762332572 15.65792609530858 4
    endloop
  endfacet
  facet normal -0.32143946530316087 0.946930129495106 0
    outer loop
      vertex -35.26000762332572 15.65792609530858 4
      vertex -35.26000762332572 15.65792609530858 10
      vertex -35.04943816497935 15.72940479473081 4
    endloop
  endfacet
  facet normal -0.4422886902190028 0.8968727415326876 0
    outer loop
      vertex -35.04943816497935 15.72940479473081 4
      vertex -35.04943816497935 15.72940479473081 10
      vertex -34.85 15.827756813566452 4
    endloop
  endfacet
  facet normal -0.5555702330196043 0.8314696123025439 0
    outer loop
      vertex -34.85 15.827756813566452 4
      vertex -34.85 15.827756813566452 10
      vertex -34.66510557068518 15.951299321504898 4
    endloop
  endfacet
  facet normal -0.6593458151000616 0.7518398074789837 0
    outer loop
      vertex -34.66510557068518 15.951299321504898 4
      vertex -34.66510557068518 15.951299321504898 10
      vertex -34.49791847198287 16.097918471982865 4
    endloop
  endfacet
  facet normal -0.7518398074789837 0.6593458151000616 0
    outer loop
      vertex -34.49791847198287 16.097918471982865 4
      vertex -34.49791847198287 16.097918471982865 10
      vertex -34.351299321504904 16.265105570685172 4
    endloop
  endfacet
  facet normal -0.8314696123025439 0.5555702330196043 0
    outer loop
      vertex -34.351299321504904 16.265105570685172 4
      vertex -34.351299321504904 16.265105570685172 10
      vertex -34.22775681356646 16.449999999999996 4
    endloop
  endfacet
  facet normal -0.8968727415326907 0.44228869021899636 0
    outer loop
      vertex -34.22775681356646 16.449999999999996 4
      vertex -34.22775681356646 16.449999999999996 10
      vertex -34.12940479473082 16.649438164979344 4
    endloop
  endfacet
  facet normal -0.9469301294951042 0.3214394653031657 0
    outer loop
      vertex -34.12940479473082 16.649438164979344 4
      vertex -34.12940479473082 16.649438164979344 10
      vertex -34.05792609530859 16.86000762332571 4
    endloop
  endfacet
  facet normal 0.9469301294951042 0.3214394653031657 0
    outer loop
      vertex -37.27059520526919 16.649438164979344 4
      vertex -37.34207390469142 16.86000762332571 4
      vertex -37.34207390469142 16.86000762332571 10
    endloop
  endfacet
  facet normal 0.9807852804032294 0.195090322016133 0
    outer loop
      vertex -37.34207390469142 16.86000762332571 4
      vertex -37.38545626433548 17.07810547322591 4
      vertex -37.38545626433548 17.07810547322591 10
    endloop
  endfacet
  facet normal 0.9978589232386029 0.06540312923015378 0
    outer loop
      vertex -37.38545626433548 17.07810547322591 4
      vertex -37.400000000000006 17.299999999999997 4
      vertex -37.400000000000006 17.299999999999997 10
    endloop
  endfacet
  facet normal 0.9978589232386029 -0.06540312923015378 0
    outer loop
      vertex -37.400000000000006 17.299999999999997 4
      vertex -37.38545626433548 17.521894526774084 4
      vertex -37.38545626433548 17.521894526774084 10
    endloop
  endfacet
  facet normal 0.9807852804032294 -0.195090322016133 0
    outer loop
      vertex -37.38545626433548 17.521894526774084 4
      vertex -37.34207390469142 17.739992376674284 4
      vertex -37.34207390469142 17.739992376674284 10
    endloop
  endfacet
  facet normal 0.9469301294951042 -0.3214394653031657 0
    outer loop
      vertex -37.34207390469142 17.739992376674284 4
      vertex -37.27059520526919 17.95056183502065 4
      vertex -37.27059520526919 17.95056183502065 10
    endloop
  endfacet
  facet normal 0.8968727415326907 -0.44228869021899636 0
    outer loop
      vertex -37.27059520526919 17.95056183502065 4
      vertex -37.17224318643355 18.15 4
      vertex -37.17224318643355 18.15 10
    endloop
  endfacet
  facet normal 0.8314696123025439 -0.5555702330196043 0
    outer loop
      vertex -37.17224318643355 18.15 4
      vertex -37.0487006784951 18.334894429314822 4
      vertex -37.0487006784951 18.334894429314822 10
    endloop
  endfacet
  facet normal 0.7518398074789837 -0.6593458151000616 0
    outer loop
      vertex -37.0487006784951 18.334894429314822 4
      vertex -36.902081528017135 18.50208152801713 4
      vertex -36.902081528017135 18.50208152801713 10
    endloop
  endfacet
  facet normal 0.6593458151000616 -0.7518398074789837 0
    outer loop
      vertex -36.902081528017135 18.50208152801713 4
      vertex -36.73489442931483 18.648700678495096 4
      vertex -36.73489442931483 18.648700678495096 10
    endloop
  endfacet
  facet normal 0.5555702330196043 -0.8314696123025439 0
    outer loop
      vertex -36.73489442931483 18.648700678495096 4
      vertex -36.550000000000004 18.772243186433542 4
      vertex -36.550000000000004 18.772243186433542 10
    endloop
  endfacet
  facet normal 0.44228869021899636 -0.8968727415326907 0
    outer loop
      vertex -36.550000000000004 18.772243186433542 4
      vertex -36.350561835020656 18.870595205269183 4
      vertex -36.350561835020656 18.870595205269183 10
    endloop
  endfacet
  facet normal 0.32143946530316087 -0.946930129495106 0
    outer loop
      vertex -36.350561835020656 18.870595205269183 4
      vertex -36.139992376674286 18.942073904691412 4
      vertex -36.139992376674286 18.942073904691412 10
    endloop
  endfacet
  facet normal 0.19509032201613605 -0.9807852804032288 0
    outer loop
      vertex -36.139992376674286 18.942073904691412 4
      vertex -35.92189452677409 18.985456264335475 4
      vertex -35.92189452677409 18.985456264335475 10
    endloop
  endfacet
  facet normal 0.06540312923013786 -0.9978589232386039 0
    outer loop
      vertex -35.92189452677409 18.985456264335475 4
      vertex -35.7 18.999999999999996 4
      vertex -35.7 18.999999999999996 10
    endloop
  endfacet
  facet normal -0.9807852804032294 0.195090322016133 0
    outer loop
      vertex -34.05792609530859 16.86000762332571 4
      vertex -34.05792609530859 16.86000762332571 10
      vertex -34.014543735664525 17.07810547322591 4
    endloop
  endfacet
  facet normal -0.9978589232386029 0.06540312923015378 0
    outer loop
      vertex -34.014543735664525 17.07810547322591 4
      vertex -34.014543735664525 17.07810547322591 10
      vertex -34 17.299999999999997 4
    endloop
  endfacet
  facet normal -0.9978589232386029 -0.06540312923015378 0
    outer loop
      vertex -34 17.299999999999997 4
      vertex -34 17.299999999999997 10
      vertex -34.014543735664525 17.521894526774084 4
    endloop
  endfacet
  facet normal -0.9807852804032294 -0.195090322016133 0
    outer loop
      vertex -34.05792609530859 17.739992376674284 4
      vertex -34.014543735664525 17.521894526774084 4
      vertex -34.014543735664525 17.521894526774084 10
    endloop
  endfacet
  facet normal -0.9469301294951042 -0.3214394653031657 0
    outer loop
      vertex -34.05792609530859 17.739992376674284 4
      vertex -34.05792609530859 17.739992376674284 10
      vertex -34.12940479473082 17.95056183502065 4
    endloop
  endfacet
  facet normal -0.8968727415326907 -0.44228869021899636 0
    outer loop
      vertex -34.12940479473082 17.95056183502065 4
      vertex -34.12940479473082 17.95056183502065 10
      vertex -34.22775681356646 18.15 4
    endloop
  endfacet
  facet normal -0.7518398074789837 -0.6593458151000616 0
    outer loop
      vertex -34.351299321504904 18.334894429314822 4
      vertex -34.351299321504904 18.334894429314822 10
      vertex -34.49791847198287 18.50208152801713 4
    endloop
  endfacet
  facet normal -0.44228869021899636 -0.8968727415326907 0
    outer loop
      vertex -34.85 18.772243186433542 4
      vertex -34.85 18.772243186433542 10
      vertex -35.04943816497935 18.870595205269183 4
    endloop
  endfacet
  facet normal -0.5555702330196043 -0.8314696123025439 0
    outer loop
      vertex -34.85 18.772243186433542 4
      vertex -34.66510557068518 18.648700678495096 4
      vertex -34.66510557068518 18.648700678495096 10
    endloop
  endfacet
  facet normal -0.6593458151000616 -0.7518398074789837 0
    outer loop
      vertex -34.66510557068518 18.648700678495096 4
      vertex -34.49791847198287 18.50208152801713 4
      vertex -34.49791847198287 18.50208152801713 10
    endloop
  endfacet
  facet normal -0.19509032201613605 -0.9807852804032288 0
    outer loop
      vertex -35.47810547322592 18.985456264335475 4
      vertex -35.26000762332572 18.942073904691412 4
      vertex -35.26000762332572 18.942073904691412 10
    endloop
  endfacet
  facet normal -0.06540312923013786 -0.9978589232386039 0
    outer loop
      vertex -35.7 18.999999999999996 4
      vertex -35.47810547322592 18.985456264335475 4
      vertex -35.47810547322592 18.985456264335475 10
    endloop
  endfacet
  facet normal -0.32143946530316087 -0.946930129495106 0
    outer loop
      vertex -35.26000762332572 18.942073904691412 4
      vertex -35.04943816497935 18.870595205269183 4
      vertex -35.04943816497935 18.870595205269183 10
    endloop
  endfacet
  facet normal -0.8314696123025439 -0.5555702330196043 0
    outer loop
      vertex -34.351299321504904 18.334894429314822 4
      vertex -34.22775681356646 18.15 4
      vertex -34.22775681356646 18.15 10
    endloop
  endfacet
  facet normal 0.7518398074789837 0.6593458151000616 0
    outer loop
      vertex -36.902081528017135 16.097918471982865 4
      vertex -37.0487006784951 16.265105570685172 10
      vertex -36.902081528017135 16.097918471982865 10
    endloop
  endfacet
  facet normal 0.8314696123025439 0.5555702330196043 0
    outer loop
      vertex -37.0487006784951 16.265105570685172 4
      vertex -37.17224318643355 16.449999999999996 10
      vertex -37.0487006784951 16.265105570685172 10
    endloop
  endfacet
  facet normal 0.8968727415326907 0.44228869021899636 0
    outer loop
      vertex -37.17224318643355 16.449999999999996 4
      vertex -37.27059520526919 16.649438164979344 10
      vertex -37.17224318643355 16.449999999999996 10
    endloop
  endfacet
  facet normal 0.9469301294951042 0.3214394653031657 0
    outer loop
      vertex -37.27059520526919 16.649438164979344 4
      vertex -37.34207390469142 16.86000762332571 10
      vertex -37.27059520526919 16.649438164979344 10
    endloop
  endfacet
  facet normal 0.6593458151000616 0.7518398074789837 0
    outer loop
      vertex -36.73489442931483 15.951299321504898 4
      vertex -36.902081528017135 16.097918471982865 10
      vertex -36.73489442931483 15.951299321504898 10
    endloop
  endfacet
  facet normal 0.5555702330196043 0.8314696123025439 0
    outer loop
      vertex -36.550000000000004 15.827756813566452 4
      vertex -36.73489442931483 15.951299321504898 10
      vertex -36.550000000000004 15.827756813566452 10
    endloop
  endfacet
  facet normal 0.4422886902190028 0.8968727415326876 0
    outer loop
      vertex -36.350561835020656 15.72940479473081 4
      vertex -36.550000000000004 15.827756813566452 10
      vertex -36.350561835020656 15.72940479473081 10
    endloop
  endfacet
  facet normal 0.1950903220161284 0.9807852804032304 0
    outer loop
      vertex -35.92189452677409 15.614543735664519 4
      vertex -36.139992376674286 15.65792609530858 10
      vertex -35.92189452677409 15.614543735664519 10
    endloop
  endfacet
  facet normal 0.06540312923013786 0.9978589232386039 0
    outer loop
      vertex -35.7 15.599999999999998 4
      vertex -35.92189452677409 15.614543735664519 10
      vertex -35.7 15.599999999999998 10
    endloop
  endfacet
  facet normal 0.32143946530316087 0.946930129495106 0
    outer loop
      vertex -36.139992376674286 15.65792609530858 4
      vertex -36.350561835020656 15.72940479473081 10
      vertex -36.139992376674286 15.65792609530858 10
    endloop
  endfacet
  facet normal -0.06540312923013786 0.9978589232386039 0
    outer loop
      vertex -35.47810547322592 15.614543735664519 4
      vertex -35.7 15.599999999999998 10
      vertex -35.47810547322592 15.614543735664519 10
    endloop
  endfacet
  facet normal -0.1950903220161284 0.9807852804032304 0
    outer loop
      vertex -35.26000762332572 15.65792609530858 4
      vertex -35.47810547322592 15.614543735664519 10
      vertex -35.26000762332572 15.65792609530858 10
    endloop
  endfacet
  facet normal -0.32143946530316087 0.946930129495106 0
    outer loop
      vertex -35.04943816497935 15.72940479473081 4
      vertex -35.26000762332572 15.65792609530858 10
      vertex -35.04943816497935 15.72940479473081 10
    endloop
  endfacet
  facet normal -0.4422886902190028 0.8968727415326876 0
    outer loop
      vertex -34.85 15.827756813566452 4
      vertex -35.04943816497935 15.72940479473081 10
      vertex -34.85 15.827756813566452 10
    endloop
  endfacet
  facet normal -0.5555702330196043 0.8314696123025439 0
    outer loop
      vertex -34.66510557068518 15.951299321504898 4
      vertex -34.85 15.827756813566452 10
      vertex -34.66510557068518 15.951299321504898 10
    endloop
  endfacet
  facet normal -0.6593458151000616 0.7518398074789837 0
    outer loop
      vertex -34.49791847198287 16.097918471982865 4
      vertex -34.66510557068518 15.951299321504898 10
      vertex -34.49791847198287 16.097918471982865 10
    endloop
  endfacet
  facet normal -0.7518398074789837 0.6593458151000616 0
    outer loop
      vertex -34.351299321504904 16.265105570685172 4
      vertex -34.49791847198287 16.097918471982865 10
      vertex -34.351299321504904 16.265105570685172 10
    endloop
  endfacet
  facet normal -0.8314696123025439 0.5555702330196043 0
    outer loop
      vertex -34.22775681356646 16.449999999999996 4
      vertex -34.351299321504904 16.265105570685172 10
      vertex -34.22775681356646 16.449999999999996 10
    endloop
  endfacet
  facet normal -0.8968727415326907 0.44228869021899636 0
    outer loop
      vertex -34.12940479473082 16.649438164979344 4
      vertex -34.22775681356646 16.449999999999996 10
      vertex -34.12940479473082 16.649438164979344 10
    endloop
  endfacet
  facet normal 0.9807852804032294 0.195090322016133 0
    outer loop
      vertex -37.34207390469142 16.86000762332571 4
      vertex -37.38545626433548 17.07810547322591 10
      vertex -37.34207390469142 16.86000762332571 10
    endloop
  endfacet
  facet normal 0.9978589232386029 0.06540312923015378 0
    outer loop
      vertex -37.38545626433548 17.07810547322591 4
      vertex -37.400000000000006 17.299999999999997 10
      vertex -37.38545626433548 17.07810547322591 10
    endloop
  endfacet
  facet normal 0.9978589232386029 -0.06540312923015378 0
    outer loop
      vertex -37.400000000000006 17.299999999999997 4
      vertex -37.38545626433548 17.521894526774084 10
      vertex -37.400000000000006 17.299999999999997 10
    endloop
  endfacet
  facet normal 0.9807852804032294 -0.195090322016133 0
    outer loop
      vertex -37.38545626433548 17.521894526774084 4
      vertex -37.34207390469142 17.739992376674284 10
      vertex -37.38545626433548 17.521894526774084 10
    endloop
  endfacet
  facet normal 0.9469301294951042 -0.3214394653031657 0
    outer loop
      vertex -37.34207390469142 17.739992376674284 4
      vertex -37.27059520526919 17.95056183502065 10
      vertex -37.34207390469142 17.739992376674284 10
    endloop
  endfacet
  facet normal 0.8968727415326907 -0.44228869021899636 0
    outer loop
      vertex -37.27059520526919 17.95056183502065 4
      vertex -37.17224318643355 18.15 10
      vertex -37.27059520526919 17.95056183502065 10
    endloop
  endfacet
  facet normal 0.8314696123025439 -0.5555702330196043 0
    outer loop
      vertex -37.17224318643355 18.15 4
      vertex -37.0487006784951 18.334894429314822 10
      vertex -37.17224318643355 18.15 10
    endloop
  endfacet
  facet normal 0.7518398074789837 -0.6593458151000616 0
    outer loop
      vertex -37.0487006784951 18.334894429314822 4
      vertex -36.902081528017135 18.50208152801713 10
      vertex -37.0487006784951 18.334894429314822 10
    endloop
  endfacet
  facet normal 0.6593458151000616 -0.7518398074789837 0
    outer loop
      vertex -36.902081528017135 18.50208152801713 4
      vertex -36.73489442931483 18.648700678495096 10
      vertex -36.902081528017135 18.50208152801713 10
    endloop
  endfacet
  facet normal 0.5555702330196043 -0.8314696123025439 0
    outer loop
      vertex -36.73489442931483 18.648700678495096 4
      vertex -36.550000000000004 18.772243186433542 10
      vertex -36.73489442931483 18.648700678495096 10
    endloop
  endfacet
  facet normal 0.44228869021899636 -0.8968727415326907 0
    outer loop
      vertex -36.550000000000004 18.772243186433542 4
      vertex -36.350561835020656 18.870595205269183 10
      vertex -36.550000000000004 18.772243186433542 10
    endloop
  endfacet
  facet normal 0.32143946530316087 -0.946930129495106 0
    outer loop
      vertex -36.350561835020656 18.870595205269183 4
      vertex -36.139992376674286 18.942073904691412 10
      vertex -36.350561835020656 18.870595205269183 10
    endloop
  endfacet
  facet normal 0.19509032201613605 -0.9807852804032288 0
    outer loop
      vertex -36.139992376674286 18.942073904691412 4
      vertex -35.92189452677409 18.985456264335475 10
      vertex -36.139992376674286 18.942073904691412 10
    endloop
  endfacet
  facet normal 0.06540312923013786 -0.9978589232386039 0
    outer loop
      vertex -35.92189452677409 18.985456264335475 4
      vertex -35.7 18.999999999999996 10
      vertex -35.92189452677409 18.985456264335475 10
    endloop
  endfacet
  facet normal -0.06540312923013786 -0.9978589232386039 0
    outer loop
      vertex -35.7 18.999999999999996 4
      vertex -35.47810547322592 18.985456264335475 10
      vertex -35.7 18.999999999999996 10
    endloop
  endfacet
  facet normal -0.9469301294951042 0.3214394653031657 0
    outer loop
      vertex -34.05792609530859 16.86000762332571 4
      vertex -34.12940479473082 16.649438164979344 10
      vertex -34.05792609530859 16.86000762332571 10
    endloop
  endfacet
  facet normal -0.9807852804032294 0.195090322016133 0
    outer loop
      vertex -34.014543735664525 17.07810547322591 4
      vertex -34.05792609530859 16.86000762332571 10
      vertex -34.014543735664525 17.07810547322591 10
    endloop
  endfacet
  facet normal -0.9978589232386029 0.06540312923015378 0
    outer loop
      vertex -34 17.299999999999997 4
      vertex -34.014543735664525 17.07810547322591 10
      vertex -34 17.299999999999997 10
    endloop
  endfacet
  facet normal -0.9807852804032294 -0.195090322016133 0
    outer loop
      vertex -34.05792609530859 17.739992376674284 4
      vertex -34.014543735664525 17.521894526774084 10
      vertex -34.05792609530859 17.739992376674284 10
    endloop
  endfacet
  facet normal -0.9978589232386029 -0.06540312923015378 0
    outer loop
      vertex -34.014543735664525 17.521894526774084 4
      vertex -34 17.299999999999997 10
      vertex -34.014543735664525 17.521894526774084 10
    endloop
  endfacet
  facet normal -0.9469301294951042 -0.3214394653031657 0
    outer loop
      vertex -34.12940479473082 17.95056183502065 4
      vertex -34.05792609530859 17.739992376674284 10
      vertex -34.12940479473082 17.95056183502065 10
    endloop
  endfacet
  facet normal -0.8968727415326907 -0.44228869021899636 0
    outer loop
      vertex -34.22775681356646 18.15 4
      vertex -34.12940479473082 17.95056183502065 10
      vertex -34.22775681356646 18.15 10
    endloop
  endfacet
  facet normal -0.7518398074789837 -0.6593458151000616 0
    outer loop
      vertex -34.49791847198287 18.50208152801713 4
      vertex -34.351299321504904 18.334894429314822 10
      vertex -34.49791847198287 18.50208152801713 10
    endloop
  endfacet
  facet normal -0.5555702330196043 -0.8314696123025439 0
    outer loop
      vertex -34.85 18.772243186433542 4
      vertex -34.66510557068518 18.648700678495096 10
      vertex -34.85 18.772243186433542 10
    endloop
  endfacet
  facet normal -0.6593458151000616 -0.7518398074789837 0
    outer loop
      vertex -34.66510557068518 18.648700678495096 4
      vertex -34.49791847198287 18.50208152801713 10
      vertex -34.66510557068518 18.648700678495096 10
    endloop
  endfacet
  facet normal -0.19509032201613605 -0.9807852804032288 0
    outer loop
      vertex -35.47810547322592 18.985456264335475 4
      vertex -35.26000762332572 18.942073904691412 10
      vertex -35.47810547322592 18.985456264335475 10
    endloop
  endfacet
  facet normal -0.32143946530316087 -0.946930129495106 0
    outer loop
      vertex -35.26000762332572 18.942073904691412 4
      vertex -35.04943816497935 18.870595205269183 10
      vertex -35.26000762332572 18.942073904691412 10
    endloop
  endfacet
  facet normal -0.44228869021899636 -0.8968727415326907 0
    outer loop
      vertex -35.04943816497935 18.870595205269183 4
      vertex -34.85 18.772243186433542 10
      vertex -35.04943816497935 18.870595205269183 10
    endloop
  endfacet
  facet normal -0.8314696123025439 -0.5555702330196043 0
    outer loop
      vertex -34.351299321504904 18.334894429314822 4
      vertex -34.22775681356646 18.15 10
      vertex -34.351299321504904 18.334894429314822 10
    endloop
  endfacet
  facet normal 0.7518398074789778 0.6593458151000683 0
    outer loop
      vertex -38.31806602296108 15.291087284271219 0
      vertex -38.31806602296108 15.291087284271219 4
      vertex -38.03345237791561 14.966547622084391 0
    endloop
  endfacet
  facet normal 0.8314696123025439 0.5555702330196043 0
    outer loop
      vertex -38.31806602296108 15.291087284271219 0
      vertex -38.55788383248865 15.649999999999997 0
      vertex -38.55788383248865 15.649999999999997 4
    endloop
  endfacet
  facet normal 0.8968727415326884 0.44228869021900086 0
    outer loop
      vertex -38.55788383248865 15.649999999999997 0
      vertex -38.74880245728725 16.0371446731952 0
      vertex -38.74880245728725 16.0371446731952 4
    endloop
  endfacet
  facet normal 0.9469301294951067 0.3214394653031584 0
    outer loop
      vertex -38.887555226753925 16.445897151161677 0
      vertex -38.887555226753925 16.445897151161677 4
      vertex -38.74880245728725 16.0371446731952 0
    endloop
  endfacet
  facet normal 0.5555702330196014 0.8314696123025458 0
    outer loop
      vertex -37.35 14.442116167511351 0
      vertex -37.70891271572878 14.681933977038922 0
      vertex -37.70891271572878 14.681933977038922 4
    endloop
  endfacet
  facet normal 0.4422886902190059 0.8968727415326861 0
    outer loop
      vertex -36.9628553268048 14.25119754271275 0
      vertex -37.35 14.442116167511351 0
      vertex -37.35 14.442116167511351 4
    endloop
  endfacet
  facet normal 0.6593458151000686 0.7518398074789776 0
    outer loop
      vertex -38.03345237791561 14.966547622084391 0
      vertex -38.03345237791561 14.966547622084391 4
      vertex -37.70891271572878 14.681933977038922 0
    endloop
  endfacet
  facet normal 0.32143946530315964 0.9469301294951062 0
    outer loop
      vertex -36.9628553268048 14.25119754271275 0
      vertex -36.9628553268048 14.25119754271275 4
      vertex -36.55410284883832 14.112444773246072 0
    endloop
  endfacet
  facet normal 0.19509032201612989 0.9807852804032301 0
    outer loop
      vertex -36.55410284883832 14.112444773246072 0
      vertex -36.55410284883832 14.112444773246072 4
      vertex -36.130736434326174 14.028231957466422 0
    endloop
  endfacet
  facet normal 0.06540312923014385 0.9978589232386034 0
    outer loop
      vertex -36.130736434326174 14.028231957466422 0
      vertex -36.130736434326174 14.028231957466422 4
      vertex -35.7 13.999999999999996 0
    endloop
  endfacet
  facet normal -0.06540312923014385 0.9978589232386034 0
    outer loop
      vertex -35.7 13.999999999999996 0
      vertex -35.7 13.999999999999996 4
      vertex -35.26926356567383 14.028231957466422 0
    endloop
  endfacet
  facet normal -0.19509032201612989 0.9807852804032301 0
    outer loop
      vertex -35.26926356567383 14.028231957466422 0
      vertex -35.26926356567383 14.028231957466422 4
      vertex -34.84589715116169 14.112444773246072 0
    endloop
  endfacet
  facet normal -0.32143946530315964 0.9469301294951062 0
    outer loop
      vertex -34.84589715116169 14.112444773246072 0
      vertex -34.84589715116169 14.112444773246072 4
      vertex -34.437144673195206 14.25119754271275 0
    endloop
  endfacet
  facet normal -0.4422886902190059 0.8968727415326861 0
    outer loop
      vertex -34.437144673195206 14.25119754271275 0
      vertex -34.437144673195206 14.25119754271275 4
      vertex -34.050000000000004 14.442116167511351 0
    endloop
  endfacet
  facet normal -0.5555702330196014 0.8314696123025458 0
    outer loop
      vertex -34.050000000000004 14.442116167511351 0
      vertex -34.050000000000004 14.442116167511351 4
      vertex -33.69108728427123 14.681933977038922 0
    endloop
  endfacet
  facet normal -0.6593458151000686 0.7518398074789776 0
    outer loop
      vertex -33.69108728427123 14.681933977038922 0
      vertex -33.69108728427123 14.681933977038922 4
      vertex -33.3665476220844 14.966547622084391 0
    endloop
  endfacet
  facet normal -0.7518398074789778 0.6593458151000683 0
    outer loop
      vertex -33.3665476220844 14.966547622084391 0
      vertex -33.3665476220844 14.966547622084391 4
      vertex -33.08193397703893 15.291087284271219 0
    endloop
  endfacet
  facet normal -0.8314696123025439 0.5555702330196043 0
    outer loop
      vertex -33.08193397703893 15.291087284271219 0
      vertex -33.08193397703893 15.291087284271219 4
      vertex -32.84211616751136 15.649999999999997 0
    endloop
  endfacet
  facet normal -0.8968727415326884 0.44228869021900086 0
    outer loop
      vertex -32.84211616751136 15.649999999999997 0
      vertex -32.84211616751136 15.649999999999997 4
      vertex -32.65119754271276 16.0371446731952 0
    endloop
  endfacet
  facet normal -0.9469301294951067 0.3214394653031584 0
    outer loop
      vertex -32.65119754271276 16.0371446731952 0
      vertex -32.65119754271276 16.0371446731952 4
      vertex -32.51244477324608 16.445897151161677 0
    endloop
  endfacet
  facet normal -0.9807852804032297 0.19509032201613227 0
    outer loop
      vertex -32.51244477324608 16.445897151161677 0
      vertex -32.51244477324608 16.445897151161677 4
      vertex -32.42823195746643 16.869263565673826 0
    endloop
  endfacet
  facet normal 0.8314696123025439 0.5555702330196043 0
    outer loop
      vertex -38.31806602296108 15.291087284271219 0
      vertex -38.55788383248865 15.649999999999997 4
      vertex -38.31806602296108 15.291087284271219 4
    endloop
  endfacet
  facet normal 0.8968727415326884 0.44228869021900086 0
    outer loop
      vertex -38.55788383248865 15.649999999999997 0
      vertex -38.74880245728725 16.0371446731952 4
      vertex -38.55788383248865 15.649999999999997 4
    endloop
  endfacet
  facet normal 0.9469301294951067 0.3214394653031584 0
    outer loop
      vertex -38.74880245728725 16.0371446731952 0
      vertex -38.887555226753925 16.445897151161677 4
      vertex -38.74880245728725 16.0371446731952 4
    endloop
  endfacet
  facet normal 0.9807852804032297 0.19509032201613227 0
    outer loop
      vertex -38.887555226753925 16.445897151161677 0
      vertex -38.971768042533576 16.869263565673826 4
      vertex -38.887555226753925 16.445897151161677 4
    endloop
  endfacet
  facet normal 0.5555702330196014 0.8314696123025458 0
    outer loop
      vertex -37.35 14.442116167511351 0
      vertex -37.70891271572878 14.681933977038922 4
      vertex -37.35 14.442116167511351 4
    endloop
  endfacet
  facet normal 0.4422886902190059 0.8968727415326861 0
    outer loop
      vertex -36.9628553268048 14.25119754271275 0
      vertex -37.35 14.442116167511351 4
      vertex -36.9628553268048 14.25119754271275 4
    endloop
  endfacet
  facet normal 0.6593458151000686 0.7518398074789776 0
    outer loop
      vertex -37.70891271572878 14.681933977038922 0
      vertex -38.03345237791561 14.966547622084391 4
      vertex -37.70891271572878 14.681933977038922 4
    endloop
  endfacet
  facet normal 0.7518398074789778 0.6593458151000683 0
    outer loop
      vertex -38.03345237791561 14.966547622084391 0
      vertex -38.31806602296108 15.291087284271219 4
      vertex -38.03345237791561 14.966547622084391 4
    endloop
  endfacet
  facet normal 0.32143946530315964 0.9469301294951062 0
    outer loop
      vertex -36.55410284883832 14.112444773246072 0
      vertex -36.9628553268048 14.25119754271275 4
      vertex -36.55410284883832 14.112444773246072 4
    endloop
  endfacet
  facet normal 0.19509032201612989 0.9807852804032301 0
    outer loop
      vertex -36.130736434326174 14.028231957466422 0
      vertex -36.55410284883832 14.112444773246072 4
      vertex -36.130736434326174 14.028231957466422 4
    endloop
  endfacet
  facet normal 0.06540312923014385 0.9978589232386034 0
    outer loop
      vertex -35.7 13.999999999999996 0
      vertex -36.130736434326174 14.028231957466422 4
      vertex -35.7 13.999999999999996 4
    endloop
  endfacet
  facet normal -0.06540312923014385 0.9978589232386034 0
    outer loop
      vertex -35.26926356567383 14.028231957466422 0
      vertex -35.7 13.999999999999996 4
      vertex -35.26926356567383 14.028231957466422 4
    endloop
  endfacet
  facet normal -0.19509032201612989 0.9807852804032301 0
    outer loop
      vertex -34.84589715116169 14.112444773246072 0
      vertex -35.26926356567383 14.028231957466422 4
      vertex -34.84589715116169 14.112444773246072 4
    endloop
  endfacet
  facet normal -0.32143946530315964 0.9469301294951062 0
    outer loop
      vertex -34.437144673195206 14.25119754271275 0
      vertex -34.84589715116169 14.112444773246072 4
      vertex -34.437144673195206 14.25119754271275 4
    endloop
  endfacet
  facet normal -0.4422886902190059 0.8968727415326861 0
    outer loop
      vertex -34.050000000000004 14.442116167511351 0
      vertex -34.437144673195206 14.25119754271275 4
      vertex -34.050000000000004 14.442116167511351 4
    endloop
  endfacet
  facet normal -0.5555702330196014 0.8314696123025458 0
    outer loop
      vertex -33.69108728427123 14.681933977038922 0
      vertex -34.050000000000004 14.442116167511351 4
      vertex -33.69108728427123 14.681933977038922 4
    endloop
  endfacet
  facet normal -0.6593458151000686 0.7518398074789776 0
    outer loop
      vertex -33.3665476220844 14.966547622084391 0
      vertex -33.69108728427123 14.681933977038922 4
      vertex -33.3665476220844 14.966547622084391 4
    endloop
  endfacet
  facet normal -0.7518398074789778 0.6593458151000683 0
    outer loop
      vertex -33.08193397703893 15.291087284271219 0
      vertex -33.3665476220844 14.966547622084391 4
      vertex -33.08193397703893 15.291087284271219 4
    endloop
  endfacet
  facet normal -0.8314696123025439 0.5555702330196043 0
    outer loop
      vertex -32.84211616751136 15.649999999999997 0
      vertex -33.08193397703893 15.291087284271219 4
      vertex -32.84211616751136 15.649999999999997 4
    endloop
  endfacet
  facet normal -0.8968727415326884 0.44228869021900086 0
    outer loop
      vertex -32.65119754271276 16.0371446731952 0
      vertex -32.84211616751136 15.649999999999997 4
      vertex -32.65119754271276 16.0371446731952 4
    endloop
  endfacet
  facet normal -0.9469301294951067 0.3214394653031584 0
    outer loop
      vertex -32.51244477324608 16.445897151161677 0
      vertex -32.65119754271276 16.0371446731952 4
      vertex -32.51244477324608 16.445897151161677 4
    endloop
  endfacet
  facet normal 0.9807852804032297 0.19509032201613227 0
    outer loop
      vertex -38.887555226753925 16.445897151161677 0
      vertex -38.971768042533576 16.869263565673826 0
      vertex -38.971768042533576 16.869263565673826 4
    endloop
  endfacet
  facet normal 0.9978589232386038 0.06540312923013977 0
    outer loop
      vertex -38.971768042533576 16.869263565673826 0
      vertex -39 17.299999999999997 0
      vertex -39 17.299999999999997 4
    endloop
  endfacet
  facet normal 0.9978589232386038 -0.06540312923013977 0
    outer loop
      vertex -39 17.299999999999997 0
      vertex -38.971768042533576 17.730736434326168 0
      vertex -38.971768042533576 17.730736434326168 4
    endloop
  endfacet
  facet normal 0.9807852804032297 -0.19509032201613227 0
    outer loop
      vertex -38.971768042533576 17.730736434326168 0
      vertex -38.887555226753925 18.154102848838317 0
      vertex -38.887555226753925 18.154102848838317 4
    endloop
  endfacet
  facet normal 0.9469301294951067 -0.3214394653031584 0
    outer loop
      vertex -38.887555226753925 18.154102848838317 0
      vertex -38.74880245728725 18.562855326804794 0
      vertex -38.74880245728725 18.562855326804794 4
    endloop
  endfacet
  facet normal 0.8968727415326876 -0.4422886902190025 0
    outer loop
      vertex -38.74880245728725 18.562855326804794 0
      vertex -38.55788383248865 18.949999999999996 0
      vertex -38.55788383248865 18.949999999999996 4
    endloop
  endfacet
  facet normal 0.8314696123025439 -0.5555702330196043 0
    outer loop
      vertex -38.55788383248865 18.949999999999996 0
      vertex -38.31806602296108 19.308912715728773 0
      vertex -38.31806602296108 19.308912715728773 4
    endloop
  endfacet
  facet normal 0.7518398074789796 -0.6593458151000663 0
    outer loop
      vertex -38.31806602296108 19.308912715728773 0
      vertex -38.03345237791561 19.633452377915603 0
      vertex -38.03345237791561 19.633452377915603 4
    endloop
  endfacet
  facet normal 0.659345815100071 -0.7518398074789755 0
    outer loop
      vertex -38.03345237791561 19.633452377915603 0
      vertex -37.70891271572878 19.918066022961074 0
      vertex -37.70891271572878 19.918066022961074 4
    endloop
  endfacet
  facet normal 0.5555702330195986 -0.8314696123025477 0
    outer loop
      vertex -37.70891271572878 19.918066022961074 0
      vertex -37.35 20.157883832488643 0
      vertex -37.35 20.157883832488643 4
    endloop
  endfacet
  facet normal 0.4422886902190025 -0.8968727415326876 0
    outer loop
      vertex -37.35 20.157883832488643 0
      vertex -36.9628553268048 20.348802457287242 0
      vertex -36.9628553268048 20.348802457287242 4
    endloop
  endfacet
  facet normal 0.3214394653031633 -0.946930129495105 0
    outer loop
      vertex -36.9628553268048 20.348802457287242 0
      vertex -36.55410284883832 20.487555226753923 0
      vertex -36.55410284883832 20.487555226753923 4
    endloop
  endfacet
  facet normal 0.19509032201612594 -0.980785280403231 0
    outer loop
      vertex -36.55410284883832 20.487555226753923 0
      vertex -36.130736434326174 20.57176804253357 0
      vertex -36.130736434326174 20.57176804253357 4
    endloop
  endfacet
  facet normal 0.06540312923014796 -0.9978589232386031 0
    outer loop
      vertex -36.130736434326174 20.57176804253357 0
      vertex -35.7 20.599999999999998 0
      vertex -35.7 20.599999999999998 4
    endloop
  endfacet
  facet normal -0.7518398074789796 -0.6593458151000663 0
    outer loop
      vertex -33.08193397703893 19.308912715728773 0
      vertex -33.08193397703893 19.308912715728773 4
      vertex -33.3665476220844 19.633452377915603 0
    endloop
  endfacet
  facet normal -0.9978589232386038 0.06540312923013977 0
    outer loop
      vertex -32.42823195746643 16.869263565673826 0
      vertex -32.42823195746643 16.869263565673826 4
      vertex -32.400000000000006 17.299999999999997 0
    endloop
  endfacet
  facet normal -0.9807852804032297 -0.19509032201613227 0
    outer loop
      vertex -32.42823195746643 17.730736434326168 0
      vertex -32.42823195746643 17.730736434326168 4
      vertex -32.51244477324608 18.154102848838317 0
    endloop
  endfacet
  facet normal -0.9978589232386038 -0.06540312923013977 0
    outer loop
      vertex -32.400000000000006 17.299999999999997 0
      vertex -32.400000000000006 17.299999999999997 4
      vertex -32.42823195746643 17.730736434326168 0
    endloop
  endfacet
  facet normal -0.9469301294951067 -0.3214394653031584 0
    outer loop
      vertex -32.51244477324608 18.154102848838317 0
      vertex -32.51244477324608 18.154102848838317 4
      vertex -32.65119754271276 18.562855326804794 0
    endloop
  endfacet
  facet normal -0.8968727415326876 -0.4422886902190025 0
    outer loop
      vertex -32.65119754271276 18.562855326804794 0
      vertex -32.65119754271276 18.562855326804794 4
      vertex -32.84211616751136 18.949999999999996 0
    endloop
  endfacet
  facet normal -0.8314696123025439 -0.5555702330196043 0
    outer loop
      vertex -33.08193397703893 19.308912715728773 0
      vertex -32.84211616751136 18.949999999999996 0
      vertex -32.84211616751136 18.949999999999996 4
    endloop
  endfacet
  facet normal -0.19509032201612594 -0.980785280403231 0
    outer loop
      vertex -35.26926356567383 20.57176804253357 0
      vertex -34.84589715116169 20.487555226753923 0
      vertex -34.84589715116169 20.487555226753923 4
    endloop
  endfacet
  facet normal -0.06540312923014796 -0.9978589232386031 0
    outer loop
      vertex -35.7 20.599999999999998 0
      vertex -35.26926356567383 20.57176804253357 0
      vertex -35.26926356567383 20.57176804253357 4
    endloop
  endfacet
  facet normal -0.3214394653031633 -0.946930129495105 0
    outer loop
      vertex -34.84589715116169 20.487555226753923 0
      vertex -34.437144673195206 20.348802457287242 0
      vertex -34.437144673195206 20.348802457287242 4
    endloop
  endfacet
  facet normal -0.5555702330195986 -0.8314696123025477 0
    outer loop
      vertex -34.050000000000004 20.157883832488643 0
      vertex -33.69108728427123 19.918066022961074 0
      vertex -33.69108728427123 19.918066022961074 4
    endloop
  endfacet
  facet normal -0.659345815100071 -0.7518398074789755 0
    outer loop
      vertex -33.3665476220844 19.633452377915603 0
      vertex -33.3665476220844 19.633452377915603 4
      vertex -33.69108728427123 19.918066022961074 0
    endloop
  endfacet
  facet normal -0.4422886902190025 -0.8968727415326876 0
    outer loop
      vertex -34.437144673195206 20.348802457287242 0
      vertex -34.050000000000004 20.157883832488643 0
      vertex -34.050000000000004 20.157883832488643 4
    endloop
  endfacet
  facet normal 0.9978589232386038 0.06540312923013977 0
    outer loop
      vertex -38.971768042533576 16.869263565673826 0
      vertex -39 17.299999999999997 4
      vertex -38.971768042533576 16.869263565673826 4
    endloop
  endfacet
  facet normal 0.9978589232386038 -0.06540312923013977 0
    outer loop
      vertex -39 17.299999999999997 0
      vertex -38.971768042533576 17.730736434326168 4
      vertex -39 17.299999999999997 4
    endloop
  endfacet
  facet normal 0.9807852804032297 -0.19509032201613227 0
    outer loop
      vertex -38.971768042533576 17.730736434326168 0
      vertex -38.887555226753925 18.154102848838317 4
      vertex -38.971768042533576 17.730736434326168 4
    endloop
  endfacet
  facet normal 0.9469301294951067 -0.3214394653031584 0
    outer loop
      vertex -38.887555226753925 18.154102848838317 0
      vertex -38.74880245728725 18.562855326804794 4
      vertex -38.887555226753925 18.154102848838317 4
    endloop
  endfacet
  facet normal 0.8968727415326876 -0.4422886902190025 0
    outer loop
      vertex -38.74880245728725 18.562855326804794 0
      vertex -38.55788383248865 18.949999999999996 4
      vertex -38.74880245728725 18.562855326804794 4
    endloop
  endfacet
  facet normal 0.8314696123025439 -0.5555702330196043 0
    outer loop
      vertex -38.55788383248865 18.949999999999996 0
      vertex -38.31806602296108 19.308912715728773 4
      vertex -38.55788383248865 18.949999999999996 4
    endloop
  endfacet
  facet normal 0.7518398074789796 -0.6593458151000663 0
    outer loop
      vertex -38.31806602296108 19.308912715728773 0
      vertex -38.03345237791561 19.633452377915603 4
      vertex -38.31806602296108 19.308912715728773 4
    endloop
  endfacet
  facet normal 0.659345815100071 -0.7518398074789755 0
    outer loop
      vertex -38.03345237791561 19.633452377915603 0
      vertex -37.70891271572878 19.918066022961074 4
      vertex -38.03345237791561 19.633452377915603 4
    endloop
  endfacet
  facet normal 0.5555702330195986 -0.8314696123025477 0
    outer loop
      vertex -37.70891271572878 19.918066022961074 0
      vertex -37.35 20.157883832488643 4
      vertex -37.70891271572878 19.918066022961074 4
    endloop
  endfacet
  facet normal 0.4422886902190025 -0.8968727415326876 0
    outer loop
      vertex -37.35 20.157883832488643 0
      vertex -36.9628553268048 20.348802457287242 4
      vertex -37.35 20.157883832488643 4
    endloop
  endfacet
  facet normal 0.3214394653031633 -0.946930129495105 0
    outer loop
      vertex -36.9628553268048 20.348802457287242 0
      vertex -36.55410284883832 20.487555226753923 4
      vertex -36.9628553268048 20.348802457287242 4
    endloop
  endfacet
  facet normal 0.19509032201612594 -0.980785280403231 0
    outer loop
      vertex -36.55410284883832 20.487555226753923 0
      vertex -36.130736434326174 20.57176804253357 4
      vertex -36.55410284883832 20.487555226753923 4
    endloop
  endfacet
  facet normal 0.06540312923014796 -0.9978589232386031 0
    outer loop
      vertex -36.130736434326174 20.57176804253357 0
      vertex -35.7 20.599999999999998 4
      vertex -36.130736434326174 20.57176804253357 4
    endloop
  endfacet
  facet normal -0.9807852804032297 0.19509032201613227 0
    outer loop
      vertex -32.42823195746643 16.869263565673826 0
      vertex -32.51244477324608 16.445897151161677 4
      vertex -32.42823195746643 16.869263565673826 4
    endloop
  endfacet
  facet normal -0.9978589232386038 0.06540312923013977 0
    outer loop
      vertex -32.400000000000006 17.299999999999997 0
      vertex -32.42823195746643 16.869263565673826 4
      vertex -32.400000000000006 17.299999999999997 4
    endloop
  endfacet
  facet normal -0.9807852804032297 -0.19509032201613227 0
    outer loop
      vertex -32.51244477324608 18.154102848838317 0
      vertex -32.42823195746643 17.730736434326168 4
      vertex -32.51244477324608 18.154102848838317 4
    endloop
  endfacet
  facet normal -0.9978589232386038 -0.06540312923013977 0
    outer loop
      vertex -32.42823195746643 17.730736434326168 0
      vertex -32.400000000000006 17.299999999999997 4
      vertex -32.42823195746643 17.730736434326168 4
    endloop
  endfacet
  facet normal -0.9469301294951067 -0.3214394653031584 0
    outer loop
      vertex -32.65119754271276 18.562855326804794 0
      vertex -32.51244477324608 18.154102848838317 4
      vertex -32.65119754271276 18.562855326804794 4
    endloop
  endfacet
  facet normal -0.8968727415326876 -0.4422886902190025 0
    outer loop
      vertex -32.84211616751136 18.949999999999996 0
      vertex -32.65119754271276 18.562855326804794 4
      vertex -32.84211616751136 18.949999999999996 4
    endloop
  endfacet
  facet normal -0.8314696123025439 -0.5555702330196043 0
    outer loop
      vertex -33.08193397703893 19.308912715728773 0
      vertex -32.84211616751136 18.949999999999996 4
      vertex -33.08193397703893 19.308912715728773 4
    endloop
  endfacet
  facet normal -0.19509032201612594 -0.980785280403231 0
    outer loop
      vertex -35.26926356567383 20.57176804253357 0
      vertex -34.84589715116169 20.487555226753923 4
      vertex -35.26926356567383 20.57176804253357 4
    endloop
  endfacet
  facet normal -0.06540312923014796 -0.9978589232386031 0
    outer loop
      vertex -35.7 20.599999999999998 0
      vertex -35.26926356567383 20.57176804253357 4
      vertex -35.7 20.599999999999998 4
    endloop
  endfacet
  facet normal -0.3214394653031633 -0.946930129495105 0
    outer loop
      vertex -34.84589715116169 20.487555226753923 0
      vertex -34.437144673195206 20.348802457287242 4
      vertex -34.84589715116169 20.487555226753923 4
    endloop
  endfacet
  facet normal -0.5555702330195986 -0.8314696123025477 0
    outer loop
      vertex -34.050000000000004 20.157883832488643 0
      vertex -33.69108728427123 19.918066022961074 4
      vertex -34.050000000000004 20.157883832488643 4
    endloop
  endfacet
  facet normal -0.659345815100071 -0.7518398074789755 0
    outer loop
      vertex -33.69108728427123 19.918066022961074 0
      vertex -33.3665476220844 19.633452377915603 4
      vertex -33.69108728427123 19.918066022961074 4
    endloop
  endfacet
  facet normal -0.7518398074789796 -0.6593458151000663 0
    outer loop
      vertex -33.3665476220844 19.633452377915603 0
      vertex -33.08193397703893 19.308912715728773 4
      vertex -33.3665476220844 19.633452377915603 4
    endloop
  endfacet
  facet normal -0.4422886902190025 -0.8968727415326876 0
    outer loop
      vertex -34.437144673195206 20.348802457287242 0
      vertex -34.050000000000004 20.157883832488643 4
      vertex -34.437144673195206 20.348802457287242 4
    endloop
  endfacet
  facet normal 0 0 -1
    outer loop
      vertex -38.31806602296108 15.291087284271219 4
      vertex -38.55788383248865 15.649999999999997 4
      vertex -38.55788383248865 18.949999999999996 4
    endloop
  endfacet
  facet normal 0 0 -1
    outer loop
      vertex -38.31806602296108 15.291087284271219 4
      vertex -38.31806602296108 19.308912715728773 4
      vertex -38.03345237791561 14.966547622084391 4
    endloop
  endfacet
  facet normal 0 0 -1
    outer loop
      vertex -36.9628553268048 14.25119754271275 4
      vertex -37.35 14.442116167511351 4
      vertex -37.17224318643355 16.449999999999996 4
    endloop
  endfacet
  facet normal 0 0 -1
    outer loop
      vertex -36.55410284883832 14.112444773246072 4
      vertex -36.350561835020656 15.72940479473081 4
      vertex -36.130736434326174 14.028231957466422 4
    endloop
  endfacet
  facet normal 0 0 -1
    outer loop
      vertex -36.130736434326174 14.028231957466422 4
      vertex -35.92189452677409 15.614543735664519 4
      vertex -35.7 13.999999999999996 4
    endloop
  endfacet
  facet normal 0 0 -1
    outer loop
      vertex -36.9628553268048 14.25119754271275 4
      vertex -36.73489442931483 15.951299321504898 4
      vertex -36.55410284883832 14.112444773246072 4
    endloop
  endfacet
  facet normal 0 0 -1
    outer loop
      vertex -36.55410284883832 14.112444773246072 4
      vertex -36.73489442931483 15.951299321504898 4
      vertex -36.550000000000004 15.827756813566452 4
    endloop
  endfacet
  facet normal 0 0 -1
    outer loop
      vertex -36.55410284883832 14.112444773246072 4
      vertex -36.550000000000004 15.827756813566452 4
      vertex -36.350561835020656 15.72940479473081 4
    endloop
  endfacet
  facet normal 0 0 -1
    outer loop
      vertex -36.130736434326174 14.028231957466422 4
      vertex -36.350561835020656 15.72940479473081 4
      vertex -36.139992376674286 15.65792609530858 4
    endloop
  endfacet
  facet normal 0 0 -1
    outer loop
      vertex -36.130736434326174 14.028231957466422 4
      vertex -36.139992376674286 15.65792609530858 4
      vertex -35.92189452677409 15.614543735664519 4
    endloop
  endfacet
  facet normal 0 0 -1
    outer loop
      vertex -35.7 13.999999999999996 4
      vertex -35.92189452677409 15.614543735664519 4
      vertex -35.7 15.599999999999998 4
    endloop
  endfacet
  facet normal 0 0 -1
    outer loop
      vertex -36.9628553268048 14.25119754271275 4
      vertex -37.17224318643355 16.449999999999996 4
      vertex -37.0487006784951 16.265105570685172 4
    endloop
  endfacet
  facet normal 0 0 -1
    outer loop
      vertex -36.9628553268048 14.25119754271275 4
      vertex -37.0487006784951 16.265105570685172 4
      vertex -36.902081528017135 16.097918471982865 4
    endloop
  endfacet
  facet normal 0 0 -1
    outer loop
      vertex -37.35 14.442116167511351 4
      vertex -37.27059520526919 16.649438164979344 4
      vertex -37.17224318643355 16.449999999999996 4
    endloop
  endfacet
  facet normal 0 0 -1
    outer loop
      vertex -37.35 14.442116167511351 4
      vertex -37.34207390469142 16.86000762332571 4
      vertex -37.27059520526919 16.649438164979344 4
    endloop
  endfacet
  facet normal 0 0 -1
    outer loop
      vertex -37.35 14.442116167511351 4
      vertex -37.70891271572878 14.681933977038922 4
      vertex -37.70891271572878 19.918066022961074 4
    endloop
  endfacet
  facet normal 0 0 -1
    outer loop
      vertex -38.03345237791561 14.966547622084391 4
      vertex -38.03345237791561 19.633452377915603 4
      vertex -37.70891271572878 14.681933977038922 4
    endloop
  endfacet
  facet normal 0 0 -1
    outer loop
      vertex -37.35 14.442116167511351 4
      vertex -37.38545626433548 17.07810547322591 4
      vertex -37.34207390469142 16.86000762332571 4
    endloop
  endfacet
  facet normal 0 0 -1
    outer loop
      vertex -36.9628553268048 14.25119754271275 4
      vertex -36.902081528017135 16.097918471982865 4
      vertex -36.73489442931483 15.951299321504898 4
    endloop
  endfacet
  facet normal 0 0 -1
    outer loop
      vertex -35.7 13.999999999999996 4
      vertex -35.7 15.599999999999998 4
      vertex -35.26926356567383 14.028231957466422 4
    endloop
  endfacet
  facet normal 0 0 -1
    outer loop
      vertex -35.26926356567383 14.028231957466422 4
      vertex -35.47810547322592 15.614543735664519 4
      vertex -34.84589715116169 14.112444773246072 4
    endloop
  endfacet
  facet normal 0 0 -1
    outer loop
      vertex -35.7 15.599999999999998 4
      vertex -35.47810547322592 15.614543735664519 4
      vertex -35.26926356567383 14.028231957466422 4
    endloop
  endfacet
  facet normal 0 0 -1
    outer loop
      vertex -34.84589715116169 14.112444773246072 4
      vertex -35.47810547322592 15.614543735664519 4
      vertex -35.26000762332572 15.65792609530858 4
    endloop
  endfacet
  facet normal 0 0 -1
    outer loop
      vertex -34.84589715116169 14.112444773246072 4
      vertex -35.26000762332572 15.65792609530858 4
      vertex -35.04943816497935 15.72940479473081 4
    endloop
  endfacet
  facet normal 0 0 -1
    outer loop
      vertex -34.84589715116169 14.112444773246072 4
      vertex -34.85 15.827756813566452 4
      vertex -34.437144673195206 14.25119754271275 4
    endloop
  endfacet
  facet normal 0 0 -1
    outer loop
      vertex -34.84589715116169 14.112444773246072 4
      vertex -35.04943816497935 15.72940479473081 4
      vertex -34.85 15.827756813566452 4
    endloop
  endfacet
  facet normal 0 0 -1
    outer loop
      vertex -34.437144673195206 14.25119754271275 4
      vertex -34.49791847198287 16.097918471982865 4
      vertex -34.050000000000004 14.442116167511351 4
    endloop
  endfacet
  facet normal 0 0 -1
    outer loop
      vertex -34.050000000000004 14.442116167511351 4
      vertex -34.05792609530859 16.86000762332571 4
      vertex -33.69108728427123 14.681933977038922 4
    endloop
  endfacet
  facet normal 0 0 -1
    outer loop
      vertex -34.437144673195206 14.25119754271275 4
      vertex -34.85 15.827756813566452 4
      vertex -34.66510557068518 15.951299321504898 4
    endloop
  endfacet
  facet normal 0 0 -1
    outer loop
      vertex -34.437144673195206 14.25119754271275 4
      vertex -34.66510557068518 15.951299321504898 4
      vertex -34.49791847198287 16.097918471982865 4
    endloop
  endfacet
  facet normal 0 0 -1
    outer loop
      vertex -34.050000000000004 14.442116167511351 4
      vertex -34.49791847198287 16.097918471982865 4
      vertex -34.351299321504904 16.265105570685172 4
    endloop
  endfacet
  facet normal 0 0 -1
    outer loop
      vertex -34.050000000000004 14.442116167511351 4
      vertex -34.351299321504904 16.265105570685172 4
      vertex -34.22775681356646 16.449999999999996 4
    endloop
  endfacet
  facet normal 0 0 -1
    outer loop
      vertex -34.050000000000004 14.442116167511351 4
      vertex -34.22775681356646 16.449999999999996 4
      vertex -34.12940479473082 16.649438164979344 4
    endloop
  endfacet
  facet normal 0 0 -1
    outer loop
      vertex -34.050000000000004 14.442116167511351 4
      vertex -34.12940479473082 16.649438164979344 4
      vertex -34.05792609530859 16.86000762332571 4
    endloop
  endfacet
  facet normal 0 0 -1
    outer loop
      vertex -33.69108728427123 14.681933977038922 4
      vertex -34.05792609530859 16.86000762332571 4
      vertex -34.014543735664525 17.07810547322591 4
    endloop
  endfacet
  facet normal 0 0 -1
    outer loop
      vertex -33.69108728427123 14.681933977038922 4
      vertex -34.014543735664525 17.07810547322591 4
      vertex -34 17.299999999999997 4
    endloop
  endfacet
  facet normal 0 0 -1
    outer loop
      vertex -33.69108728427123 14.681933977038922 4
      vertex -34 17.299999999999997 4
      vertex -34.014543735664525 17.521894526774084 4
    endloop
  endfacet
  facet normal 0 0 -1
    outer loop
      vertex -33.69108728427123 14.681933977038922 4
      vertex -33.69108728427123 19.918066022961074 4
      vertex -33.3665476220844 14.966547622084391 4
    endloop
  endfacet
  facet normal 0 0 -1
    outer loop
      vertex -33.3665476220844 14.966547622084391 4
      vertex -33.3665476220844 19.633452377915603 4
      vertex -33.08193397703893 15.291087284271219 4
    endloop
  endfacet
  facet normal 0 0 -1
    outer loop
      vertex -38.887555226753925 16.445897151161677 4
      vertex -38.887555226753925 18.154102848838317 4
      vertex -38.74880245728725 16.0371446731952 4
    endloop
  endfacet
  facet normal 0 0 -1
    outer loop
      vertex -38.887555226753925 16.445897151161677 4
      vertex -38.971768042533576 16.869263565673826 4
      vertex -38.971768042533576 17.730736434326168 4
    endloop
  endfacet
  facet normal 0 0 -1
    outer loop
      vertex -38.971768042533576 16.869263565673826 4
      vertex -39 17.299999999999997 4
      vertex -38.971768042533576 17.730736434326168 4
    endloop
  endfacet
  facet normal 0 0 -1
    outer loop
      vertex -38.55788383248865 15.649999999999997 4
      vertex -38.74880245728725 16.0371446731952 4
      vertex -38.74880245728725 18.562855326804794 4
    endloop
  endfacet
  facet normal 0 0 -1
    outer loop
      vertex -38.887555226753925 16.445897151161677 4
      vertex -38.971768042533576 17.730736434326168 4
      vertex -38.887555226753925 18.154102848838317 4
    endloop
  endfacet
  facet normal 0 0 -1
    outer loop
      vertex -38.74880245728725 16.0371446731952 4
      vertex -38.887555226753925 18.154102848838317 4
      vertex -38.74880245728725 18.562855326804794 4
    endloop
  endfacet
  facet normal 0 0 -1
    outer loop
      vertex -38.55788383248865 15.649999999999997 4
      vertex -38.74880245728725 18.562855326804794 4
      vertex -38.55788383248865 18.949999999999996 4
    endloop
  endfacet
  facet normal 0 0 -1
    outer loop
      vertex -38.31806602296108 15.291087284271219 4
      vertex -38.55788383248865 18.949999999999996 4
      vertex -38.31806602296108 19.308912715728773 4
    endloop
  endfacet
  facet normal 0 0 -1
    outer loop
      vertex -37.35 14.442116167511351 4
      vertex -37.70891271572878 19.918066022961074 4
      vertex -37.38545626433548 17.07810547322591 4
    endloop
  endfacet
  facet normal 0 0 -1
    outer loop
      vertex -38.03345237791561 14.966547622084391 4
      vertex -38.31806602296108 19.308912715728773 4
      vertex -38.03345237791561 19.633452377915603 4
    endloop
  endfacet
  facet normal 0 0 -1
    outer loop
      vertex -37.70891271572878 14.681933977038922 4
      vertex -38.03345237791561 19.633452377915603 4
      vertex -37.70891271572878 19.918066022961074 4
    endloop
  endfacet
  facet normal 0 0 -1
    outer loop
      vertex -37.38545626433548 17.07810547322591 4
      vertex -37.70891271572878 19.918066022961074 4
      vertex -37.400000000000006 17.299999999999997 4
    endloop
  endfacet
  facet normal 0 0 -1
    outer loop
      vertex -37.400000000000006 17.299999999999997 4
      vertex -37.70891271572878 19.918066022961074 4
      vertex -37.38545626433548 17.521894526774084 4
    endloop
  endfacet
  facet normal 0 0 -1
    outer loop
      vertex -37.38545626433548 17.521894526774084 4
      vertex -37.70891271572878 19.918066022961074 4
      vertex -37.34207390469142 17.739992376674284 4
    endloop
  endfacet
  facet normal 0 0 -1
    outer loop
      vertex -37.34207390469142 17.739992376674284 4
      vertex -37.35 20.157883832488643 4
      vertex -37.27059520526919 17.95056183502065 4
    endloop
  endfacet
  facet normal 0 0 -1
    outer loop
      vertex -37.27059520526919 17.95056183502065 4
      vertex -37.35 20.157883832488643 4
      vertex -37.17224318643355 18.15 4
    endloop
  endfacet
  facet normal 0 0 -1
    outer loop
      vertex -37.17224318643355 18.15 4
      vertex -37.35 20.157883832488643 4
      vertex -37.0487006784951 18.334894429314822 4
    endloop
  endfacet
  facet normal 0 0 -1
    outer loop
      vertex -37.0487006784951 18.334894429314822 4
      vertex -37.35 20.157883832488643 4
      vertex -36.902081528017135 18.50208152801713 4
    endloop
  endfacet
  facet normal 0 0 -1
    outer loop
      vertex -37.34207390469142 17.739992376674284 4
      vertex -37.70891271572878 19.918066022961074 4
      vertex -37.35 20.157883832488643 4
    endloop
  endfacet
  facet normal 0 0 -1
    outer loop
      vertex -36.902081528017135 18.50208152801713 4
      vertex -36.9628553268048 20.348802457287242 4
      vertex -36.73489442931483 18.648700678495096 4
    endloop
  endfacet
  facet normal 0 0 -1
    outer loop
      vertex -36.73489442931483 18.648700678495096 4
      vertex -36.9628553268048 20.348802457287242 4
      vertex -36.550000000000004 18.772243186433542 4
    endloop
  endfacet
  facet normal 0 0 -1
    outer loop
      vertex -36.550000000000004 18.772243186433542 4
      vertex -36.55410284883832 20.487555226753923 4
      vertex -36.350561835020656 18.870595205269183 4
    endloop
  endfacet
  facet normal 0 0 -1
    outer loop
      vertex -36.350561835020656 18.870595205269183 4
      vertex -36.55410284883832 20.487555226753923 4
      vertex -36.139992376674286 18.942073904691412 4
    endloop
  endfacet
  facet normal 0 0 -1
    outer loop
      vertex -36.139992376674286 18.942073904691412 4
      vertex -36.55410284883832 20.487555226753923 4
      vertex -35.92189452677409 18.985456264335475 4
    endloop
  endfacet
  facet normal 0 0 -1
    outer loop
      vertex -36.902081528017135 18.50208152801713 4
      vertex -37.35 20.157883832488643 4
      vertex -36.9628553268048 20.348802457287242 4
    endloop
  endfacet
  facet normal 0 0 -1
    outer loop
      vertex -36.550000000000004 18.772243186433542 4
      vertex -36.9628553268048 20.348802457287242 4
      vertex -36.55410284883832 20.487555226753923 4
    endloop
  endfacet
  facet normal 0 0 -1
    outer loop
      vertex -35.92189452677409 18.985456264335475 4
      vertex -36.130736434326174 20.57176804253357 4
      vertex -35.7 18.999999999999996 4
    endloop
  endfacet
  facet normal 0 0 -1
    outer loop
      vertex -35.7 18.999999999999996 4
      vertex -35.7 20.599999999999998 4
      vertex -35.47810547322592 18.985456264335475 4
    endloop
  endfacet
  facet normal 0 0 -1
    outer loop
      vertex -35.92189452677409 18.985456264335475 4
      vertex -36.55410284883832 20.487555226753923 4
      vertex -36.130736434326174 20.57176804253357 4
    endloop
  endfacet
  facet normal 0 0 -1
    outer loop
      vertex -35.7 18.999999999999996 4
      vertex -36.130736434326174 20.57176804253357 4
      vertex -35.7 20.599999999999998 4
    endloop
  endfacet
  facet normal 0 0 -1
    outer loop
      vertex -33.69108728427123 14.681933977038922 4
      vertex -34.014543735664525 17.521894526774084 4
      vertex -34.050000000000004 20.157883832488643 4
    endloop
  endfacet
  facet normal 0 0 -1
    outer loop
      vertex -33.08193397703893 15.291087284271219 4
      vertex -33.3665476220844 19.633452377915603 4
      vertex -33.08193397703893 19.308912715728773 4
    endloop
  endfacet
  facet normal 0 0 -1
    outer loop
      vertex -35.47810547322592 18.985456264335475 4
      vertex -35.26926356567383 20.57176804253357 4
      vertex -35.26000762332572 18.942073904691412 4
    endloop
  endfacet
  facet normal 0 0 -1
    outer loop
      vertex -35.26000762332572 18.942073904691412 4
      vertex -35.26926356567383 20.57176804253357 4
      vertex -35.04943816497935 18.870595205269183 4
    endloop
  endfacet
  facet normal 0 0 -1
    outer loop
      vertex -34.351299321504904 18.334894429314822 4
      vertex -34.49791847198287 18.50208152801713 4
      vertex -34.437144673195206 20.348802457287242 4
    endloop
  endfacet
  facet normal 0 0 -1
    outer loop
      vertex -34.85 18.772243186433542 4
      vertex -34.84589715116169 20.487555226753923 4
      vertex -34.66510557068518 18.648700678495096 4
    endloop
  endfacet
  facet normal 0 0 -1
    outer loop
      vertex -34.85 18.772243186433542 4
      vertex -35.04943816497935 18.870595205269183 4
      vertex -34.84589715116169 20.487555226753923 4
    endloop
  endfacet
  facet normal 0 0 -1
    outer loop
      vertex -34.66510557068518 18.648700678495096 4
      vertex -34.437144673195206 20.348802457287242 4
      vertex -34.49791847198287 18.50208152801713 4
    endloop
  endfacet
  facet normal 0 0 -1
    outer loop
      vertex -33.69108728427123 14.681933977038922 4
      vertex -34.050000000000004 20.157883832488643 4
      vertex -33.69108728427123 19.918066022961074 4
    endloop
  endfacet
  facet normal 0 0 -1
    outer loop
      vertex -34.05792609530859 17.739992376674284 4
      vertex -34.050000000000004 20.157883832488643 4
      vertex -34.014543735664525 17.521894526774084 4
    endloop
  endfacet
  facet normal 0 0 -1
    outer loop
      vertex -34.05792609530859 17.739992376674284 4
      vertex -34.12940479473082 17.95056183502065 4
      vertex -34.050000000000004 20.157883832488643 4
    endloop
  endfacet
  facet normal 0 0 -1
    outer loop
      vertex -34.12940479473082 17.95056183502065 4
      vertex -34.22775681356646 18.15 4
      vertex -34.050000000000004 20.157883832488643 4
    endloop
  endfacet
  facet normal 0 0 -1
    outer loop
      vertex -33.3665476220844 14.966547622084391 4
      vertex -33.69108728427123 19.918066022961074 4
      vertex -33.3665476220844 19.633452377915603 4
    endloop
  endfacet
  facet normal 0 0 -1
    outer loop
      vertex -34.351299321504904 18.334894429314822 4
      vertex -34.437144673195206 20.348802457287242 4
      vertex -34.22775681356646 18.15 4
    endloop
  endfacet
  facet normal 0 0 -1
    outer loop
      vertex -33.08193397703893 15.291087284271219 4
      vertex -33.08193397703893 19.308912715728773 4
      vertex -32.84211616751136 15.649999999999997 4
    endloop
  endfacet
  facet normal 0 0 -1
    outer loop
      vertex -32.84211616751136 15.649999999999997 4
      vertex -32.84211616751136 18.949999999999996 4
      vertex -32.65119754271276 16.0371446731952 4
    endloop
  endfacet
  facet normal 0 0 -1
    outer loop
      vertex -32.65119754271276 16.0371446731952 4
      vertex -32.65119754271276 18.562855326804794 4
      vertex -32.51244477324608 16.445897151161677 4
    endloop
  endfacet
  facet normal 0 0 -1
    outer loop
      vertex -32.51244477324608 16.445897151161677 4
      vertex -32.51244477324608 18.154102848838317 4
      vertex -32.42823195746643 16.869263565673826 4
    endloop
  endfacet
  facet normal 0 0 -1
    outer loop
      vertex -32.42823195746643 16.869263565673826 4
      vertex -32.42823195746643 17.730736434326168 4
      vertex -32.400000000000006 17.299999999999997 4
    endloop
  endfacet
  facet normal 0 0 -1
    outer loop
      vertex -32.42823195746643 16.869263565673826 4
      vertex -32.51244477324608 18.154102848838317 4
      vertex -32.42823195746643 17.730736434326168 4
    endloop
  endfacet
  facet normal 0 0 -1
    outer loop
      vertex -32.51244477324608 16.445897151161677 4
      vertex -32.65119754271276 18.562855326804794 4
      vertex -32.51244477324608 18.154102848838317 4
    endloop
  endfacet
  facet normal 0 0 -1
    outer loop
      vertex -32.84211616751136 15.649999999999997 4
      vertex -33.08193397703893 19.308912715728773 4
      vertex -32.84211616751136 18.949999999999996 4
    endloop
  endfacet
  facet normal 0 0 -1
    outer loop
      vertex -32.65119754271276 16.0371446731952 4
      vertex -32.84211616751136 18.949999999999996 4
      vertex -32.65119754271276 18.562855326804794 4
    endloop
  endfacet
  facet normal 0 0 -1
    outer loop
      vertex -35.7 20.599999999999998 4
      vertex -35.26926356567383 20.57176804253357 4
      vertex -35.47810547322592 18.985456264335475 4
    endloop
  endfacet
  facet normal 0 0 -1
    outer loop
      vertex -35.04943816497935 18.870595205269183 4
      vertex -35.26926356567383 20.57176804253357 4
      vertex -34.84589715116169 20.487555226753923 4
    endloop
  endfacet
  facet normal 0 0 -1
    outer loop
      vertex -34.66510557068518 18.648700678495096 4
      vertex -34.84589715116169 20.487555226753923 4
      vertex -34.437144673195206 20.348802457287242 4
    endloop
  endfacet
  facet normal 0 0 -1
    outer loop
      vertex -34.22775681356646 18.15 4
      vertex -34.437144673195206 20.348802457287242 4
      vertex -34.050000000000004 20.157883832488643 4
    endloop
  endfacet
  facet normal 0.8314696123025439 0.5555702330196043 0
    outer loop
      vertex 34.22775681356646 16.449999999999996 4
      vertex 34.22775681356646 16.449999999999996 10
      vertex 34.351299321504904 16.265105570685172 4
    endloop
  endfacet
  facet normal 0.8968727415326907 0.44228869021899636 0
    outer loop
      vertex 34.22775681356646 16.449999999999996 4
      vertex 34.12940479473082 16.649438164979344 4
      vertex 34.12940479473082 16.649438164979344 10
    endloop
  endfacet
  facet normal 0.4422886902190028 0.8968727415326876 0
    outer loop
      vertex 34.85 15.827756813566452 4
      vertex 34.85 15.827756813566452 10
      vertex 35.04943816497935 15.72940479473081 4
    endloop
  endfacet
  facet normal 0.5555702330196043 0.8314696123025439 0
    outer loop
      vertex 34.85 15.827756813566452 4
      vertex 34.66510557068518 15.951299321504898 4
      vertex 34.66510557068518 15.951299321504898 10
    endloop
  endfacet
  facet normal 0.1950903220161284 0.9807852804032304 0
    outer loop
      vertex 35.26000762332572 15.65792609530858 4
      vertex 35.26000762332572 15.65792609530858 10
      vertex 35.47810547322592 15.614543735664519 4
    endloop
  endfacet
  facet normal 0.06540312923013786 0.9978589232386039 0
    outer loop
      vertex 35.47810547322592 15.614543735664519 4
      vertex 35.47810547322592 15.614543735664519 10
      vertex 35.7 15.599999999999998 4
    endloop
  endfacet
  facet normal 0.32143946530316087 0.946930129495106 0
    outer loop
      vertex 35.26000762332572 15.65792609530858 4
      vertex 35.04943816497935 15.72940479473081 4
      vertex 35.04943816497935 15.72940479473081 10
    endloop
  endfacet
  facet normal 0.6593458151000616 0.7518398074789837 0
    outer loop
      vertex 34.66510557068518 15.951299321504898 4
      vertex 34.49791847198287 16.097918471982865 4
      vertex 34.49791847198287 16.097918471982865 10
    endloop
  endfacet
  facet normal 0.7518398074789837 0.6593458151000616 0
    outer loop
      vertex 34.49791847198287 16.097918471982865 4
      vertex 34.351299321504904 16.265105570685172 4
      vertex 34.351299321504904 16.265105570685172 10
    endloop
  endfacet
  facet normal -0.06540312923013786 0.9978589232386039 0
    outer loop
      vertex 35.7 15.599999999999998 4
      vertex 35.7 15.599999999999998 10
      vertex 35.92189452677409 15.614543735664519 4
    endloop
  endfacet
  facet normal -0.1950903220161284 0.9807852804032304 0
    outer loop
      vertex 35.92189452677409 15.614543735664519 4
      vertex 35.92189452677409 15.614543735664519 10
      vertex 36.139992376674286 15.65792609530858 4
    endloop
  endfacet
  facet normal -0.32143946530316087 0.946930129495106 0
    outer loop
      vertex 36.139992376674286 15.65792609530858 4
      vertex 36.139992376674286 15.65792609530858 10
      vertex 36.350561835020656 15.72940479473081 4
    endloop
  endfacet
  facet normal -0.4422886902190028 0.8968727415326876 0
    outer loop
      vertex 36.350561835020656 15.72940479473081 4
      vertex 36.350561835020656 15.72940479473081 10
      vertex 36.550000000000004 15.827756813566452 4
    endloop
  endfacet
  facet normal -0.5555702330196043 0.8314696123025439 0
    outer loop
      vertex 36.550000000000004 15.827756813566452 4
      vertex 36.550000000000004 15.827756813566452 10
      vertex 36.73489442931483 15.951299321504898 4
    endloop
  endfacet
  facet normal -0.6593458151000616 0.7518398074789837 0
    outer loop
      vertex 36.73489442931483 15.951299321504898 4
      vertex 36.73489442931483 15.951299321504898 10
      vertex 36.902081528017135 16.097918471982865 4
    endloop
  endfacet
  facet normal -0.7518398074789837 0.6593458151000616 0
    outer loop
      vertex 36.902081528017135 16.097918471982865 4
      vertex 36.902081528017135 16.097918471982865 10
      vertex 37.0487006784951 16.265105570685172 4
    endloop
  endfacet
  facet normal -0.8314696123025439 0.5555702330196043 0
    outer loop
      vertex 37.0487006784951 16.265105570685172 4
      vertex 37.0487006784951 16.265105570685172 10
      vertex 37.17224318643355 16.449999999999996 4
    endloop
  endfacet
  facet normal -0.8968727415326907 0.44228869021899636 0
    outer loop
      vertex 37.17224318643355 16.449999999999996 4
      vertex 37.17224318643355 16.449999999999996 10
      vertex 37.27059520526919 16.649438164979344 4
    endloop
  endfacet
  facet normal -0.9469301294951042 0.3214394653031657 0
    outer loop
      vertex 37.27059520526919 16.649438164979344 4
      vertex 37.27059520526919 16.649438164979344 10
      vertex 37.34207390469142 16.86000762332571 4
    endloop
  endfacet
  facet normal 0.9469301294951042 0.3214394653031657 0
    outer loop
      vertex 34.12940479473082 16.649438164979344 4
      vertex 34.05792609530859 16.86000762332571 4
      vertex 34.05792609530859 16.86000762332571 10
    endloop
  endfacet
  facet normal 0.9807852804032294 0.195090322016133 0
    outer loop
      vertex 34.05792609530859 16.86000762332571 4
      vertex 34.014543735664525 17.07810547322591 4
      vertex 34.014543735664525 17.07810547322591 10
    endloop
  endfacet
  facet normal 0.9978589232386029 0.06540312923015378 0
    outer loop
      vertex 34.014543735664525 17.07810547322591 4
      vertex 34 17.299999999999997 4
      vertex 34 17.299999999999997 10
    endloop
  endfacet
  facet normal 0.9978589232386029 -0.06540312923015378 0
    outer loop
      vertex 34 17.299999999999997 4
      vertex 34.014543735664525 17.521894526774084 4
      vertex 34.014543735664525 17.521894526774084 10
    endloop
  endfacet
  facet normal 0.9807852804032294 -0.195090322016133 0
    outer loop
      vertex 34.014543735664525 17.521894526774084 4
      vertex 34.05792609530859 17.739992376674284 4
      vertex 34.05792609530859 17.739992376674284 10
    endloop
  endfacet
  facet normal 0.9469301294951042 -0.3214394653031657 0
    outer loop
      vertex 34.05792609530859 17.739992376674284 4
      vertex 34.12940479473082 17.95056183502065 4
      vertex 34.12940479473082 17.95056183502065 10
    endloop
  endfacet
  facet normal 0.8968727415326907 -0.44228869021899636 0
    outer loop
      vertex 34.12940479473082 17.95056183502065 4
      vertex 34.22775681356646 18.15 4
      vertex 34.22775681356646 18.15 10
    endloop
  endfacet
  facet normal 0.8314696123025439 -0.5555702330196043 0
    outer loop
      vertex 34.22775681356646 18.15 4
      vertex 34.351299321504904 18.334894429314822 4
      vertex 34.351299321504904 18.334894429314822 10
    endloop
  endfacet
  facet normal 0.7518398074789837 -0.6593458151000616 0
    outer loop
      vertex 34.351299321504904 18.334894429314822 4
      vertex 34.49791847198287 18.50208152801713 4
      vertex 34.49791847198287 18.50208152801713 10
    endloop
  endfacet
  facet normal 0.6593458151000616 -0.7518398074789837 0
    outer loop
      vertex 34.49791847198287 18.50208152801713 4
      vertex 34.66510557068518 18.648700678495096 4
      vertex 34.66510557068518 18.648700678495096 10
    endloop
  endfacet
  facet normal 0.5555702330196043 -0.8314696123025439 0
    outer loop
      vertex 34.66510557068518 18.648700678495096 4
      vertex 34.85 18.772243186433542 4
      vertex 34.85 18.772243186433542 10
    endloop
  endfacet
  facet normal 0.44228869021899636 -0.8968727415326907 0
    outer loop
      vertex 34.85 18.772243186433542 4
      vertex 35.04943816497935 18.870595205269183 4
      vertex 35.04943816497935 18.870595205269183 10
    endloop
  endfacet
  facet normal 0.32143946530316087 -0.946930129495106 0
    outer loop
      vertex 35.04943816497935 18.870595205269183 4
      vertex 35.26000762332572 18.942073904691412 4
      vertex 35.26000762332572 18.942073904691412 10
    endloop
  endfacet
  facet normal 0.19509032201613605 -0.9807852804032288 0
    outer loop
      vertex 35.26000762332572 18.942073904691412 4
      vertex 35.47810547322592 18.985456264335475 4
      vertex 35.47810547322592 18.985456264335475 10
    endloop
  endfacet
  facet normal -0.9807852804032294 0.195090322016133 0
    outer loop
      vertex 37.34207390469142 16.86000762332571 4
      vertex 37.34207390469142 16.86000762332571 10
      vertex 37.38545626433548 17.07810547322591 4
    endloop
  endfacet
  facet normal -0.9978589232386029 0.06540312923015378 0
    outer loop
      vertex 37.38545626433548 17.07810547322591 4
      vertex 37.38545626433548 17.07810547322591 10
      vertex 37.400000000000006 17.299999999999997 4
    endloop
  endfacet
  facet normal -0.9978589232386029 -0.06540312923015378 0
    outer loop
      vertex 37.400000000000006 17.299999999999997 4
      vertex 37.400000000000006 17.299999999999997 10
      vertex 37.38545626433548 17.521894526774084 4
    endloop
  endfacet
  facet normal -0.9807852804032294 -0.195090322016133 0
    outer loop
      vertex 37.38545626433548 17.521894526774084 4
      vertex 37.38545626433548 17.521894526774084 10
      vertex 37.34207390469142 17.739992376674284 4
    endloop
  endfacet
  facet normal -0.9469301294951042 -0.3214394653031657 0
    outer loop
      vertex 37.34207390469142 17.739992376674284 4
      vertex 37.34207390469142 17.739992376674284 10
      vertex 37.27059520526919 17.95056183502065 4
    endloop
  endfacet
  facet normal -0.8968727415326907 -0.44228869021899636 0
    outer loop
      vertex 37.27059520526919 17.95056183502065 4
      vertex 37.27059520526919 17.95056183502065 10
      vertex 37.17224318643355 18.15 4
    endloop
  endfacet
  facet normal -0.44228869021899636 -0.8968727415326907 0
    outer loop
      vertex 36.550000000000004 18.772243186433542 4
      vertex 36.550000000000004 18.772243186433542 10
      vertex 36.350561835020656 18.870595205269183 4
    endloop
  endfacet
  facet normal -0.6593458151000616 -0.7518398074789837 0
    outer loop
      vertex 36.73489442931483 18.648700678495096 4
      vertex 36.902081528017135 18.50208152801713 4
      vertex 36.902081528017135 18.50208152801713 10
    endloop
  endfacet
  facet normal -0.5555702330196043 -0.8314696123025439 0
    outer loop
      vertex 36.550000000000004 18.772243186433542 4
      vertex 36.73489442931483 18.648700678495096 4
      vertex 36.73489442931483 18.648700678495096 10
    endloop
  endfacet
  facet normal 0.06540312923013786 -0.9978589232386039 0
    outer loop
      vertex 35.47810547322592 18.985456264335475 4
      vertex 35.7 18.999999999999996 4
      vertex 35.7 18.999999999999996 10
    endloop
  endfacet
  facet normal -0.06540312923013786 -0.9978589232386039 0
    outer loop
      vertex 35.92189452677409 18.985456264335475 4
      vertex 35.92189452677409 18.985456264335475 10
      vertex 35.7 18.999999999999996 4
    endloop
  endfacet
  facet normal -0.19509032201613605 -0.9807852804032288 0
    outer loop
      vertex 35.92189452677409 18.985456264335475 4
      vertex 36.139992376674286 18.942073904691412 4
      vertex 36.139992376674286 18.942073904691412 10
    endloop
  endfacet
  facet normal -0.32143946530316087 -0.946930129495106 0
    outer loop
      vertex 36.139992376674286 18.942073904691412 4
      vertex 36.350561835020656 18.870595205269183 4
      vertex 36.350561835020656 18.870595205269183 10
    endloop
  endfacet
  facet normal -0.8314696123025439 -0.5555702330196043 0
    outer loop
      vertex 37.17224318643355 18.15 4
      vertex 37.17224318643355 18.15 10
      vertex 37.0487006784951 18.334894429314822 4
    endloop
  endfacet
  facet normal -0.7518398074789837 -0.6593458151000616 0
    outer loop
      vertex 37.0487006784951 18.334894429314822 4
      vertex 37.0487006784951 18.334894429314822 10
      vertex 36.902081528017135 18.50208152801713 4
    endloop
  endfacet
  facet normal 0.8314696123025439 0.5555702330196043 0
    outer loop
      vertex 34.351299321504904 16.265105570685172 4
      vertex 34.22775681356646 16.449999999999996 10
      vertex 34.351299321504904 16.265105570685172 10
    endloop
  endfacet
  facet normal 0.8968727415326907 0.44228869021899636 0
    outer loop
      vertex 34.22775681356646 16.449999999999996 4
      vertex 34.12940479473082 16.649438164979344 10
      vertex 34.22775681356646 16.449999999999996 10
    endloop
  endfacet
  facet normal 0.9469301294951042 0.3214394653031657 0
    outer loop
      vertex 34.12940479473082 16.649438164979344 4
      vertex 34.05792609530859 16.86000762332571 10
      vertex 34.12940479473082 16.649438164979344 10
    endloop
  endfacet
  facet normal 0.6593458151000616 0.7518398074789837 0
    outer loop
      vertex 34.66510557068518 15.951299321504898 4
      vertex 34.49791847198287 16.097918471982865 10
      vertex 34.66510557068518 15.951299321504898 10
    endloop
  endfacet
  facet normal 0.5555702330196043 0.8314696123025439 0
    outer loop
      vertex 34.85 15.827756813566452 4
      vertex 34.66510557068518 15.951299321504898 10
      vertex 34.85 15.827756813566452 10
    endloop
  endfacet
  facet normal 0.1950903220161284 0.9807852804032304 0
    outer loop
      vertex 35.47810547322592 15.614543735664519 4
      vertex 35.26000762332572 15.65792609530858 10
      vertex 35.47810547322592 15.614543735664519 10
    endloop
  endfacet
  facet normal 0.4422886902190028 0.8968727415326876 0
    outer loop
      vertex 35.04943816497935 15.72940479473081 4
      vertex 34.85 15.827756813566452 10
      vertex 35.04943816497935 15.72940479473081 10
    endloop
  endfacet
  facet normal 0.32143946530316087 0.946930129495106 0
    outer loop
      vertex 35.26000762332572 15.65792609530858 4
      vertex 35.04943816497935 15.72940479473081 10
      vertex 35.26000762332572 15.65792609530858 10
    endloop
  endfacet
  facet normal 0.7518398074789837 0.6593458151000616 0
    outer loop
      vertex 34.49791847198287 16.097918471982865 4
      vertex 34.351299321504904 16.265105570685172 10
      vertex 34.49791847198287 16.097918471982865 10
    endloop
  endfacet
  facet normal 0.06540312923013786 0.9978589232386039 0
    outer loop
      vertex 35.7 15.599999999999998 4
      vertex 35.47810547322592 15.614543735664519 10
      vertex 35.7 15.599999999999998 10
    endloop
  endfacet
  facet normal -0.06540312923013786 0.9978589232386039 0
    outer loop
      vertex 35.92189452677409 15.614543735664519 4
      vertex 35.7 15.599999999999998 10
      vertex 35.92189452677409 15.614543735664519 10
    endloop
  endfacet
  facet normal -0.1950903220161284 0.9807852804032304 0
    outer loop
      vertex 36.139992376674286 15.65792609530858 4
      vertex 35.92189452677409 15.614543735664519 10
      vertex 36.139992376674286 15.65792609530858 10
    endloop
  endfacet
  facet normal -0.32143946530316087 0.946930129495106 0
    outer loop
      vertex 36.350561835020656 15.72940479473081 4
      vertex 36.139992376674286 15.65792609530858 10
      vertex 36.350561835020656 15.72940479473081 10
    endloop
  endfacet
  facet normal -0.4422886902190028 0.8968727415326876 0
    outer loop
      vertex 36.550000000000004 15.827756813566452 4
      vertex 36.350561835020656 15.72940479473081 10
      vertex 36.550000000000004 15.827756813566452 10
    endloop
  endfacet
  facet normal -0.5555702330196043 0.8314696123025439 0
    outer loop
      vertex 36.73489442931483 15.951299321504898 4
      vertex 36.550000000000004 15.827756813566452 10
      vertex 36.73489442931483 15.951299321504898 10
    endloop
  endfacet
  facet normal -0.6593458151000616 0.7518398074789837 0
    outer loop
      vertex 36.902081528017135 16.097918471982865 4
      vertex 36.73489442931483 15.951299321504898 10
      vertex 36.902081528017135 16.097918471982865 10
    endloop
  endfacet
  facet normal -0.7518398074789837 0.6593458151000616 0
    outer loop
      vertex 37.0487006784951 16.265105570685172 4
      vertex 36.902081528017135 16.097918471982865 10
      vertex 37.0487006784951 16.265105570685172 10
    endloop
  endfacet
  facet normal -0.8314696123025439 0.5555702330196043 0
    outer loop
      vertex 37.17224318643355 16.449999999999996 4
      vertex 37.0487006784951 16.265105570685172 10
      vertex 37.17224318643355 16.449999999999996 10
    endloop
  endfacet
  facet normal -0.8968727415326907 0.44228869021899636 0
    outer loop
      vertex 37.27059520526919 16.649438164979344 4
      vertex 37.17224318643355 16.449999999999996 10
      vertex 37.27059520526919 16.649438164979344 10
    endloop
  endfacet
  facet normal 0.9807852804032294 0.195090322016133 0
    outer loop
      vertex 34.05792609530859 16.86000762332571 4
      vertex 34.014543735664525 17.07810547322591 10
      vertex 34.05792609530859 16.86000762332571 10
    endloop
  endfacet
  facet normal 0.9978589232386029 0.06540312923015378 0
    outer loop
      vertex 34.014543735664525 17.07810547322591 4
      vertex 34 17.299999999999997 10
      vertex 34.014543735664525 17.07810547322591 10
    endloop
  endfacet
  facet normal 0.9978589232386029 -0.06540312923015378 0
    outer loop
      vertex 34 17.299999999999997 4
      vertex 34.014543735664525 17.521894526774084 10
      vertex 34 17.299999999999997 10
    endloop
  endfacet
  facet normal 0.9807852804032294 -0.195090322016133 0
    outer loop
      vertex 34.014543735664525 17.521894526774084 4
      vertex 34.05792609530859 17.739992376674284 10
      vertex 34.014543735664525 17.521894526774084 10
    endloop
  endfacet
  facet normal 0.9469301294951042 -0.3214394653031657 0
    outer loop
      vertex 34.05792609530859 17.739992376674284 4
      vertex 34.12940479473082 17.95056183502065 10
      vertex 34.05792609530859 17.739992376674284 10
    endloop
  endfacet
  facet normal 0.8968727415326907 -0.44228869021899636 0
    outer loop
      vertex 34.12940479473082 17.95056183502065 4
      vertex 34.22775681356646 18.15 10
      vertex 34.12940479473082 17.95056183502065 10
    endloop
  endfacet
  facet normal 0.8314696123025439 -0.5555702330196043 0
    outer loop
      vertex 34.22775681356646 18.15 4
      vertex 34.351299321504904 18.334894429314822 10
      vertex 34.22775681356646 18.15 10
    endloop
  endfacet
  facet normal 0.7518398074789837 -0.6593458151000616 0
    outer loop
      vertex 34.351299321504904 18.334894429314822 4
      vertex 34.49791847198287 18.50208152801713 10
      vertex 34.351299321504904 18.334894429314822 10
    endloop
  endfacet
  facet normal 0.6593458151000616 -0.7518398074789837 0
    outer loop
      vertex 34.49791847198287 18.50208152801713 4
      vertex 34.66510557068518 18.648700678495096 10
      vertex 34.49791847198287 18.50208152801713 10
    endloop
  endfacet
  facet normal 0.5555702330196043 -0.8314696123025439 0
    outer loop
      vertex 34.66510557068518 18.648700678495096 4
      vertex 34.85 18.772243186433542 10
      vertex 34.66510557068518 18.648700678495096 10
    endloop
  endfacet
  facet normal 0.44228869021899636 -0.8968727415326907 0
    outer loop
      vertex 34.85 18.772243186433542 4
      vertex 35.04943816497935 18.870595205269183 10
      vertex 34.85 18.772243186433542 10
    endloop
  endfacet
  facet normal 0.32143946530316087 -0.946930129495106 0
    outer loop
      vertex 35.04943816497935 18.870595205269183 4
      vertex 35.26000762332572 18.942073904691412 10
      vertex 35.04943816497935 18.870595205269183 10
    endloop
  endfacet
  facet normal 0.19509032201613605 -0.9807852804032288 0
    outer loop
      vertex 35.26000762332572 18.942073904691412 4
      vertex 35.47810547322592 18.985456264335475 10
      vertex 35.26000762332572 18.942073904691412 10
    endloop
  endfacet
  facet normal 0.06540312923013786 -0.9978589232386039 0
    outer loop
      vertex 35.47810547322592 18.985456264335475 4
      vertex 35.7 18.999999999999996 10
      vertex 35.47810547322592 18.985456264335475 10
    endloop
  endfacet
  facet normal -0.9469301294951042 0.3214394653031657 0
    outer loop
      vertex 37.34207390469142 16.86000762332571 4
      vertex 37.27059520526919 16.649438164979344 10
      vertex 37.34207390469142 16.86000762332571 10
    endloop
  endfacet
  facet normal -0.9807852804032294 0.195090322016133 0
    outer loop
      vertex 37.38545626433548 17.07810547322591 4
      vertex 37.34207390469142 16.86000762332571 10
      vertex 37.38545626433548 17.07810547322591 10
    endloop
  endfacet
  facet normal -0.9978589232386029 0.06540312923015378 0
    outer loop
      vertex 37.400000000000006 17.299999999999997 4
      vertex 37.38545626433548 17.07810547322591 10
      vertex 37.400000000000006 17.299999999999997 10
    endloop
  endfacet
  facet normal -0.9978589232386029 -0.06540312923015378 0
    outer loop
      vertex 37.38545626433548 17.521894526774084 4
      vertex 37.400000000000006 17.299999999999997 10
      vertex 37.38545626433548 17.521894526774084 10
    endloop
  endfacet
  facet normal -0.9807852804032294 -0.195090322016133 0
    outer loop
      vertex 37.34207390469142 17.739992376674284 4
      vertex 37.38545626433548 17.521894526774084 10
      vertex 37.34207390469142 17.739992376674284 10
    endloop
  endfacet
  facet normal -0.9469301294951042 -0.3214394653031657 0
    outer loop
      vertex 37.27059520526919 17.95056183502065 4
      vertex 37.34207390469142 17.739992376674284 10
      vertex 37.27059520526919 17.95056183502065 10
    endloop
  endfacet
  facet normal -0.8968727415326907 -0.44228869021899636 0
    outer loop
      vertex 37.17224318643355 18.15 4
      vertex 37.27059520526919 17.95056183502065 10
      vertex 37.17224318643355 18.15 10
    endloop
  endfacet
  facet normal -0.6593458151000616 -0.7518398074789837 0
    outer loop
      vertex 36.73489442931483 18.648700678495096 4
      vertex 36.902081528017135 18.50208152801713 10
      vertex 36.73489442931483 18.648700678495096 10
    endloop
  endfacet
  facet normal -0.5555702330196043 -0.8314696123025439 0
    outer loop
      vertex 36.550000000000004 18.772243186433542 4
      vertex 36.73489442931483 18.648700678495096 10
      vertex 36.550000000000004 18.772243186433542 10
    endloop
  endfacet
  facet normal -0.06540312923013786 -0.9978589232386039 0
    outer loop
      vertex 35.7 18.999999999999996 4
      vertex 35.92189452677409 18.985456264335475 10
      vertex 35.7 18.999999999999996 10
    endloop
  endfacet
  facet normal -0.19509032201613605 -0.9807852804032288 0
    outer loop
      vertex 35.92189452677409 18.985456264335475 4
      vertex 36.139992376674286 18.942073904691412 10
      vertex 35.92189452677409 18.985456264335475 10
    endloop
  endfacet
  facet normal -0.32143946530316087 -0.946930129495106 0
    outer loop
      vertex 36.139992376674286 18.942073904691412 4
      vertex 36.350561835020656 18.870595205269183 10
      vertex 36.139992376674286 18.942073904691412 10
    endloop
  endfacet
  facet normal -0.44228869021899636 -0.8968727415326907 0
    outer loop
      vertex 36.350561835020656 18.870595205269183 4
      vertex 36.550000000000004 18.772243186433542 10
      vertex 36.350561835020656 18.870595205269183 10
    endloop
  endfacet
  facet normal -0.8314696123025439 -0.5555702330196043 0
    outer loop
      vertex 37.0487006784951 18.334894429314822 4
      vertex 37.17224318643355 18.15 10
      vertex 37.0487006784951 18.334894429314822 10
    endloop
  endfacet
  facet normal -0.7518398074789837 -0.6593458151000616 0
    outer loop
      vertex 36.902081528017135 18.50208152801713 4
      vertex 37.0487006784951 18.334894429314822 10
      vertex 36.902081528017135 18.50208152801713 10
    endloop
  endfacet
  facet normal 0.8314696123025439 0.5555702330196043 0
    outer loop
      vertex 32.84211616751136 15.649999999999997 0
      vertex 32.84211616751136 15.649999999999997 4
      vertex 33.08193397703893 15.291087284271219 0
    endloop
  endfacet
  facet normal 0.8968727415326884 0.44228869021900086 0
    outer loop
      vertex 32.84211616751136 15.649999999999997 0
      vertex 32.65119754271276 16.0371446731952 0
      vertex 32.65119754271276 16.0371446731952 4
    endloop
  endfacet
  facet normal 0.9469301294951067 0.3214394653031584 0
    outer loop
      vertex 32.65119754271276 16.0371446731952 0
      vertex 32.51244477324608 16.445897151161677 0
      vertex 32.51244477324608 16.445897151161677 4
    endloop
  endfacet
  facet normal 0.5555702330196014 0.8314696123025458 0
    outer loop
      vertex 34.050000000000004 14.442116167511351 0
      vertex 33.69108728427123 14.681933977038922 0
      vertex 33.69108728427123 14.681933977038922 4
    endloop
  endfacet
  facet normal 0.4422886902190059 0.8968727415326861 0
    outer loop
      vertex 34.050000000000004 14.442116167511351 0
      vertex 34.050000000000004 14.442116167511351 4
      vertex 34.437144673195206 14.25119754271275 0
    endloop
  endfacet
  facet normal 0.6593458151000686 0.7518398074789776 0
    outer loop
      vertex 33.3665476220844 14.966547622084391 0
      vertex 33.3665476220844 14.966547622084391 4
      vertex 33.69108728427123 14.681933977038922 0
    endloop
  endfacet
  facet normal 0.7518398074789778 0.6593458151000683 0
    outer loop
      vertex 33.3665476220844 14.966547622084391 0
      vertex 33.08193397703893 15.291087284271219 0
      vertex 33.08193397703893 15.291087284271219 4
    endloop
  endfacet
  facet normal 0.32143946530315964 0.9469301294951062 0
    outer loop
      vertex 34.437144673195206 14.25119754271275 0
      vertex 34.437144673195206 14.25119754271275 4
      vertex 34.84589715116169 14.112444773246072 0
    endloop
  endfacet
  facet normal 0.19509032201612989 0.9807852804032301 0
    outer loop
      vertex 34.84589715116169 14.112444773246072 0
      vertex 34.84589715116169 14.112444773246072 4
      vertex 35.26926356567383 14.028231957466422 0
    endloop
  endfacet
  facet normal 0.06540312923014385 0.9978589232386034 0
    outer loop
      vertex 35.26926356567383 14.028231957466422 0
      vertex 35.26926356567383 14.028231957466422 4
      vertex 35.7 13.999999999999996 0
    endloop
  endfacet
  facet normal -0.06540312923014385 0.9978589232386034 0
    outer loop
      vertex 35.7 13.999999999999996 0
      vertex 35.7 13.999999999999996 4
      vertex 36.130736434326174 14.028231957466422 0
    endloop
  endfacet
  facet normal -0.19509032201612989 0.9807852804032301 0
    outer loop
      vertex 36.130736434326174 14.028231957466422 0
      vertex 36.130736434326174 14.028231957466422 4
      vertex 36.55410284883832 14.112444773246072 0
    endloop
  endfacet
  facet normal -0.32143946530315964 0.9469301294951062 0
    outer loop
      vertex 36.55410284883832 14.112444773246072 0
      vertex 36.55410284883832 14.112444773246072 4
      vertex 36.9628553268048 14.25119754271275 0
    endloop
  endfacet
  facet normal -0.4422886902190059 0.8968727415326861 0
    outer loop
      vertex 36.9628553268048 14.25119754271275 0
      vertex 36.9628553268048 14.25119754271275 4
      vertex 37.35 14.442116167511351 0
    endloop
  endfacet
  facet normal -0.5555702330196014 0.8314696123025458 0
    outer loop
      vertex 37.35 14.442116167511351 0
      vertex 37.35 14.442116167511351 4
      vertex 37.70891271572878 14.681933977038922 0
    endloop
  endfacet
  facet normal -0.6593458151000686 0.7518398074789776 0
    outer loop
      vertex 37.70891271572878 14.681933977038922 0
      vertex 37.70891271572878 14.681933977038922 4
      vertex 38.03345237791561 14.966547622084391 0
    endloop
  endfacet
  facet normal -0.7518398074789778 0.6593458151000683 0
    outer loop
      vertex 38.03345237791561 14.966547622084391 0
      vertex 38.03345237791561 14.966547622084391 4
      vertex 38.31806602296108 15.291087284271219 0
    endloop
  endfacet
  facet normal -0.8314696123025439 0.5555702330196043 0
    outer loop
      vertex 38.31806602296108 15.291087284271219 0
      vertex 38.31806602296108 15.291087284271219 4
      vertex 38.55788383248865 15.649999999999997 0
    endloop
  endfacet
  facet normal -0.8968727415326884 0.44228869021900086 0
    outer loop
      vertex 38.55788383248865 15.649999999999997 0
      vertex 38.55788383248865 15.649999999999997 4
      vertex 38.74880245728725 16.0371446731952 0
    endloop
  endfacet
  facet normal -0.9469301294951067 0.3214394653031584 0
    outer loop
      vertex 38.74880245728725 16.0371446731952 0
      vertex 38.74880245728725 16.0371446731952 4
      vertex 38.887555226753925 16.445897151161677 0
    endloop
  endfacet
  facet normal -0.9807852804032297 0.19509032201613227 0
    outer loop
      vertex 38.887555226753925 16.445897151161677 0
      vertex 38.887555226753925 16.445897151161677 4
      vertex 38.971768042533576 16.869263565673826 0
    endloop
  endfacet
  facet normal 0.8314696123025439 0.5555702330196043 0
    outer loop
      vertex 33.08193397703893 15.291087284271219 0
      vertex 32.84211616751136 15.649999999999997 4
      vertex 33.08193397703893 15.291087284271219 4
    endloop
  endfacet
  facet normal 0.8968727415326884 0.44228869021900086 0
    outer loop
      vertex 32.84211616751136 15.649999999999997 0
      vertex 32.65119754271276 16.0371446731952 4
      vertex 32.84211616751136 15.649999999999997 4
    endloop
  endfacet
  facet normal 0.9469301294951067 0.3214394653031584 0
    outer loop
      vertex 32.65119754271276 16.0371446731952 0
      vertex 32.51244477324608 16.445897151161677 4
      vertex 32.65119754271276 16.0371446731952 4
    endloop
  endfacet
  facet normal 0.9807852804032297 0.19509032201613227 0
    outer loop
      vertex 32.51244477324608 16.445897151161677 0
      vertex 32.42823195746643 16.869263565673826 4
      vertex 32.51244477324608 16.445897151161677 4
    endloop
  endfacet
  facet normal 0.5555702330196014 0.8314696123025458 0
    outer loop
      vertex 34.050000000000004 14.442116167511351 0
      vertex 33.69108728427123 14.681933977038922 4
      vertex 34.050000000000004 14.442116167511351 4
    endloop
  endfacet
  facet normal 0.4422886902190059 0.8968727415326861 0
    outer loop
      vertex 34.437144673195206 14.25119754271275 0
      vertex 34.050000000000004 14.442116167511351 4
      vertex 34.437144673195206 14.25119754271275 4
    endloop
  endfacet
  facet normal 0.6593458151000686 0.7518398074789776 0
    outer loop
      vertex 33.69108728427123 14.681933977038922 0
      vertex 33.3665476220844 14.966547622084391 4
      vertex 33.69108728427123 14.681933977038922 4
    endloop
  endfacet
  facet normal 0.7518398074789778 0.6593458151000683 0
    outer loop
      vertex 33.3665476220844 14.966547622084391 0
      vertex 33.08193397703893 15.291087284271219 4
      vertex 33.3665476220844 14.966547622084391 4
    endloop
  endfacet
  facet normal 0.32143946530315964 0.9469301294951062 0
    outer loop
      vertex 34.84589715116169 14.112444773246072 0
      vertex 34.437144673195206 14.25119754271275 4
      vertex 34.84589715116169 14.112444773246072 4
    endloop
  endfacet
  facet normal 0.19509032201612989 0.9807852804032301 0
    outer loop
      vertex 35.26926356567383 14.028231957466422 0
      vertex 34.84589715116169 14.112444773246072 4
      vertex 35.26926356567383 14.028231957466422 4
    endloop
  endfacet
  facet normal 0.06540312923014385 0.9978589232386034 0
    outer loop
      vertex 35.7 13.999999999999996 0
      vertex 35.26926356567383 14.028231957466422 4
      vertex 35.7 13.999999999999996 4
    endloop
  endfacet
  facet normal -0.06540312923014385 0.9978589232386034 0
    outer loop
      vertex 36.130736434326174 14.028231957466422 0
      vertex 35.7 13.999999999999996 4
      vertex 36.130736434326174 14.028231957466422 4
    endloop
  endfacet
  facet normal -0.19509032201612989 0.9807852804032301 0
    outer loop
      vertex 36.55410284883832 14.112444773246072 0
      vertex 36.130736434326174 14.028231957466422 4
      vertex 36.55410284883832 14.112444773246072 4
    endloop
  endfacet
  facet normal -0.32143946530315964 0.9469301294951062 0
    outer loop
      vertex 36.9628553268048 14.25119754271275 0
      vertex 36.55410284883832 14.112444773246072 4
      vertex 36.9628553268048 14.25119754271275 4
    endloop
  endfacet
  facet normal -0.4422886902190059 0.8968727415326861 0
    outer loop
      vertex 37.35 14.442116167511351 0
      vertex 36.9628553268048 14.25119754271275 4
      vertex 37.35 14.442116167511351 4
    endloop
  endfacet
  facet normal -0.5555702330196014 0.8314696123025458 0
    outer loop
      vertex 37.70891271572878 14.681933977038922 0
      vertex 37.35 14.442116167511351 4
      vertex 37.70891271572878 14.681933977038922 4
    endloop
  endfacet
  facet normal -0.6593458151000686 0.7518398074789776 0
    outer loop
      vertex 38.03345237791561 14.966547622084391 0
      vertex 37.70891271572878 14.681933977038922 4
      vertex 38.03345237791561 14.966547622084391 4
    endloop
  endfacet
  facet normal -0.7518398074789778 0.6593458151000683 0
    outer loop
      vertex 38.31806602296108 15.291087284271219 0
      vertex 38.03345237791561 14.966547622084391 4
      vertex 38.31806602296108 15.291087284271219 4
    endloop
  endfacet
  facet normal -0.8314696123025439 0.5555702330196043 0
    outer loop
      vertex 38.55788383248865 15.649999999999997 0
      vertex 38.31806602296108 15.291087284271219 4
      vertex 38.55788383248865 15.649999999999997 4
    endloop
  endfacet
  facet normal -0.8968727415326884 0.44228869021900086 0
    outer loop
      vertex 38.74880245728725 16.0371446731952 0
      vertex 38.55788383248865 15.649999999999997 4
      vertex 38.74880245728725 16.0371446731952 4
    endloop
  endfacet
  facet normal -0.9469301294951067 0.3214394653031584 0
    outer loop
      vertex 38.887555226753925 16.445897151161677 0
      vertex 38.74880245728725 16.0371446731952 4
      vertex 38.887555226753925 16.445897151161677 4
    endloop
  endfacet
  facet normal 0.9978589232386038 0.06540312923013977 0
    outer loop
      vertex 32.42823195746643 16.869263565673826 0
      vertex 32.400000000000006 17.299999999999997 0
      vertex 32.400000000000006 17.299999999999997 4
    endloop
  endfacet
  facet normal 0.9807852804032297 0.19509032201613227 0
    outer loop
      vertex 32.51244477324608 16.445897151161677 0
      vertex 32.42823195746643 16.869263565673826 0
      vertex 32.42823195746643 16.869263565673826 4
    endloop
  endfacet
  facet normal 0.9978589232386038 -0.06540312923013977 0
    outer loop
      vertex 32.400000000000006 17.299999999999997 0
      vertex 32.42823195746643 17.730736434326168 0
      vertex 32.42823195746643 17.730736434326168 4
    endloop
  endfacet
  facet normal 0.9807852804032297 -0.19509032201613227 0
    outer loop
      vertex 32.42823195746643 17.730736434326168 0
      vertex 32.51244477324608 18.154102848838317 0
      vertex 32.51244477324608 18.154102848838317 4
    endloop
  endfacet
  facet normal 0.9469301294951067 -0.3214394653031584 0
    outer loop
      vertex 32.51244477324608 18.154102848838317 0
      vertex 32.65119754271276 18.562855326804794 0
      vertex 32.65119754271276 18.562855326804794 4
    endloop
  endfacet
  facet normal 0.8968727415326876 -0.4422886902190025 0
    outer loop
      vertex 32.65119754271276 18.562855326804794 0
      vertex 32.84211616751136 18.949999999999996 0
      vertex 32.84211616751136 18.949999999999996 4
    endloop
  endfacet
  facet normal 0.8314696123025439 -0.5555702330196043 0
    outer loop
      vertex 32.84211616751136 18.949999999999996 0
      vertex 33.08193397703893 19.308912715728773 0
      vertex 33.08193397703893 19.308912715728773 4
    endloop
  endfacet
  facet normal 0.7518398074789796 -0.6593458151000663 0
    outer loop
      vertex 33.08193397703893 19.308912715728773 0
      vertex 33.3665476220844 19.633452377915603 0
      vertex 33.3665476220844 19.633452377915603 4
    endloop
  endfacet
  facet normal 0.659345815100071 -0.7518398074789755 0
    outer loop
      vertex 33.3665476220844 19.633452377915603 0
      vertex 33.69108728427123 19.918066022961074 0
      vertex 33.69108728427123 19.918066022961074 4
    endloop
  endfacet
  facet normal 0.5555702330195986 -0.8314696123025477 0
    outer loop
      vertex 33.69108728427123 19.918066022961074 0
      vertex 34.050000000000004 20.157883832488643 0
      vertex 34.050000000000004 20.157883832488643 4
    endloop
  endfacet
  facet normal 0.4422886902190025 -0.8968727415326876 0
    outer loop
      vertex 34.050000000000004 20.157883832488643 0
      vertex 34.437144673195206 20.348802457287242 0
      vertex 34.437144673195206 20.348802457287242 4
    endloop
  endfacet
  facet normal 0.3214394653031633 -0.946930129495105 0
    outer loop
      vertex 34.437144673195206 20.348802457287242 0
      vertex 34.84589715116169 20.487555226753923 0
      vertex 34.84589715116169 20.487555226753923 4
    endloop
  endfacet
  facet normal 0.19509032201612594 -0.980785280403231 0
    outer loop
      vertex 34.84589715116169 20.487555226753923 0
      vertex 35.26926356567383 20.57176804253357 0
      vertex 35.26926356567383 20.57176804253357 4
    endloop
  endfacet
  facet normal 0.06540312923014796 -0.9978589232386031 0
    outer loop
      vertex 35.26926356567383 20.57176804253357 0
      vertex 35.7 20.599999999999998 0
      vertex 35.7 20.599999999999998 4
    endloop
  endfacet
  facet normal -0.9978589232386038 0.06540312923013977 0
    outer loop
      vertex 38.971768042533576 16.869263565673826 0
      vertex 38.971768042533576 16.869263565673826 4
      vertex 39 17.299999999999997 0
    endloop
  endfacet
  facet normal -0.9978589232386038 -0.06540312923013977 0
    outer loop
      vertex 39 17.299999999999997 0
      vertex 39 17.299999999999997 4
      vertex 38.971768042533576 17.730736434326168 0
    endloop
  endfacet
  facet normal -0.9807852804032297 -0.19509032201613227 0
    outer loop
      vertex 38.971768042533576 17.730736434326168 0
      vertex 38.971768042533576 17.730736434326168 4
      vertex 38.887555226753925 18.154102848838317 0
    endloop
  endfacet
  facet normal -0.8968727415326876 -0.4422886902190025 0
    outer loop
      vertex 38.74880245728725 18.562855326804794 0
      vertex 38.74880245728725 18.562855326804794 4
      vertex 38.55788383248865 18.949999999999996 0
    endloop
  endfacet
  facet normal -0.9469301294951067 -0.3214394653031584 0
    outer loop
      vertex 38.74880245728725 18.562855326804794 0
      vertex 38.887555226753925 18.154102848838317 0
      vertex 38.887555226753925 18.154102848838317 4
    endloop
  endfacet
  facet normal -0.8314696123025439 -0.5555702330196043 0
    outer loop
      vertex 38.55788383248865 18.949999999999996 0
      vertex 38.55788383248865 18.949999999999996 4
      vertex 38.31806602296108 19.308912715728773 0
    endloop
  endfacet
  facet normal -0.7518398074789796 -0.6593458151000663 0
    outer loop
      vertex 38.31806602296108 19.308912715728773 0
      vertex 38.31806602296108 19.308912715728773 4
      vertex 38.03345237791561 19.633452377915603 0
    endloop
  endfacet
  facet normal -0.06540312923014796 -0.9978589232386031 0
    outer loop
      vertex 35.7 20.599999999999998 0
      vertex 36.130736434326174 20.57176804253357 0
      vertex 36.130736434326174 20.57176804253357 4
    endloop
  endfacet
  facet normal -0.19509032201612594 -0.980785280403231 0
    outer loop
      vertex 36.130736434326174 20.57176804253357 0
      vertex 36.55410284883832 20.487555226753923 0
      vertex 36.55410284883832 20.487555226753923 4
    endloop
  endfacet
  facet normal -0.3214394653031633 -0.946930129495105 0
    outer loop
      vertex 36.55410284883832 20.487555226753923 0
      vertex 36.9628553268048 20.348802457287242 0
      vertex 36.9628553268048 20.348802457287242 4
    endloop
  endfacet
  facet normal -0.659345815100071 -0.7518398074789755 0
    outer loop
      vertex 38.03345237791561 19.633452377915603 0
      vertex 38.03345237791561 19.633452377915603 4
      vertex 37.70891271572878 19.918066022961074 0
    endloop
  endfacet
  facet normal -0.5555702330195986 -0.8314696123025477 0
    outer loop
      vertex 37.35 20.157883832488643 0
      vertex 37.70891271572878 19.918066022961074 0
      vertex 37.70891271572878 19.918066022961074 4
    endloop
  endfacet
  facet normal -0.4422886902190025 -0.8968727415326876 0
    outer loop
      vertex 37.35 20.157883832488643 0
      vertex 37.35 20.157883832488643 4
      vertex 36.9628553268048 20.348802457287242 0
    endloop
  endfacet
  facet normal 0.9978589232386038 0.06540312923013977 0
    outer loop
      vertex 32.42823195746643 16.869263565673826 0
      vertex 32.400000000000006 17.299999999999997 4
      vertex 32.42823195746643 16.869263565673826 4
    endloop
  endfacet
  facet normal 0.9978589232386038 -0.06540312923013977 0
    outer loop
      vertex 32.400000000000006 17.299999999999997 0
      vertex 32.42823195746643 17.730736434326168 4
      vertex 32.400000000000006 17.299999999999997 4
    endloop
  endfacet
  facet normal 0.9807852804032297 -0.19509032201613227 0
    outer loop
      vertex 32.42823195746643 17.730736434326168 0
      vertex 32.51244477324608 18.154102848838317 4
      vertex 32.42823195746643 17.730736434326168 4
    endloop
  endfacet
  facet normal 0.9469301294951067 -0.3214394653031584 0
    outer loop
      vertex 32.51244477324608 18.154102848838317 0
      vertex 32.65119754271276 18.562855326804794 4
      vertex 32.51244477324608 18.154102848838317 4
    endloop
  endfacet
  facet normal 0.8968727415326876 -0.4422886902190025 0
    outer loop
      vertex 32.65119754271276 18.562855326804794 0
      vertex 32.84211616751136 18.949999999999996 4
      vertex 32.65119754271276 18.562855326804794 4
    endloop
  endfacet
  facet normal 0.8314696123025439 -0.5555702330196043 0
    outer loop
      vertex 32.84211616751136 18.949999999999996 0
      vertex 33.08193397703893 19.308912715728773 4
      vertex 32.84211616751136 18.949999999999996 4
    endloop
  endfacet
  facet normal 0.7518398074789796 -0.6593458151000663 0
    outer loop
      vertex 33.08193397703893 19.308912715728773 0
      vertex 33.3665476220844 19.633452377915603 4
      vertex 33.08193397703893 19.308912715728773 4
    endloop
  endfacet
  facet normal 0.659345815100071 -0.7518398074789755 0
    outer loop
      vertex 33.3665476220844 19.633452377915603 0
      vertex 33.69108728427123 19.918066022961074 4
      vertex 33.3665476220844 19.633452377915603 4
    endloop
  endfacet
  facet normal 0.5555702330195986 -0.8314696123025477 0
    outer loop
      vertex 33.69108728427123 19.918066022961074 0
      vertex 34.050000000000004 20.157883832488643 4
      vertex 33.69108728427123 19.918066022961074 4
    endloop
  endfacet
  facet normal 0.4422886902190025 -0.8968727415326876 0
    outer loop
      vertex 34.050000000000004 20.157883832488643 0
      vertex 34.437144673195206 20.348802457287242 4
      vertex 34.050000000000004 20.157883832488643 4
    endloop
  endfacet
  facet normal 0.3214394653031633 -0.946930129495105 0
    outer loop
      vertex 34.437144673195206 20.348802457287242 0
      vertex 34.84589715116169 20.487555226753923 4
      vertex 34.437144673195206 20.348802457287242 4
    endloop
  endfacet
  facet normal 0.19509032201612594 -0.980785280403231 0
    outer loop
      vertex 34.84589715116169 20.487555226753923 0
      vertex 35.26926356567383 20.57176804253357 4
      vertex 34.84589715116169 20.487555226753923 4
    endloop
  endfacet
  facet normal 0.06540312923014796 -0.9978589232386031 0
    outer loop
      vertex 35.26926356567383 20.57176804253357 0
      vertex 35.7 20.599999999999998 4
      vertex 35.26926356567383 20.57176804253357 4
    endloop
  endfacet
  facet normal -0.9807852804032297 0.19509032201613227 0
    outer loop
      vertex 38.971768042533576 16.869263565673826 0
      vertex 38.887555226753925 16.445897151161677 4
      vertex 38.971768042533576 16.869263565673826 4
    endloop
  endfacet
  facet normal -0.9978589232386038 0.06540312923013977 0
    outer loop
      vertex 39 17.299999999999997 0
      vertex 38.971768042533576 16.869263565673826 4
      vertex 39 17.299999999999997 4
    endloop
  endfacet
  facet normal -0.9978589232386038 -0.06540312923013977 0
    outer loop
      vertex 38.971768042533576 17.730736434326168 0
      vertex 39 17.299999999999997 4
      vertex 38.971768042533576 17.730736434326168 4
    endloop
  endfacet
  facet normal -0.9807852804032297 -0.19509032201613227 0
    outer loop
      vertex 38.887555226753925 18.154102848838317 0
      vertex 38.971768042533576 17.730736434326168 4
      vertex 38.887555226753925 18.154102848838317 4
    endloop
  endfacet
  facet normal -0.9469301294951067 -0.3214394653031584 0
    outer loop
      vertex 38.74880245728725 18.562855326804794 0
      vertex 38.887555226753925 18.154102848838317 4
      vertex 38.74880245728725 18.562855326804794 4
    endloop
  endfacet
  facet normal -0.8968727415326876 -0.4422886902190025 0
    outer loop
      vertex 38.55788383248865 18.949999999999996 0
      vertex 38.74880245728725 18.562855326804794 4
      vertex 38.55788383248865 18.949999999999996 4
    endloop
  endfacet
  facet normal -0.8314696123025439 -0.5555702330196043 0
    outer loop
      vertex 38.31806602296108 19.308912715728773 0
      vertex 38.55788383248865 18.949999999999996 4
      vertex 38.31806602296108 19.308912715728773 4
    endloop
  endfacet
  facet normal -0.06540312923014796 -0.9978589232386031 0
    outer loop
      vertex 35.7 20.599999999999998 0
      vertex 36.130736434326174 20.57176804253357 4
      vertex 35.7 20.599999999999998 4
    endloop
  endfacet
  facet normal -0.19509032201612594 -0.980785280403231 0
    outer loop
      vertex 36.130736434326174 20.57176804253357 0
      vertex 36.55410284883832 20.487555226753923 4
      vertex 36.130736434326174 20.57176804253357 4
    endloop
  endfacet
  facet normal -0.3214394653031633 -0.946930129495105 0
    outer loop
      vertex 36.55410284883832 20.487555226753923 0
      vertex 36.9628553268048 20.348802457287242 4
      vertex 36.55410284883832 20.487555226753923 4
    endloop
  endfacet
  facet normal -0.5555702330195986 -0.8314696123025477 0
    outer loop
      vertex 37.35 20.157883832488643 0
      vertex 37.70891271572878 19.918066022961074 4
      vertex 37.35 20.157883832488643 4
    endloop
  endfacet
  facet normal -0.659345815100071 -0.7518398074789755 0
    outer loop
      vertex 37.70891271572878 19.918066022961074 0
      vertex 38.03345237791561 19.633452377915603 4
      vertex 37.70891271572878 19.918066022961074 4
    endloop
  endfacet
  facet normal -0.7518398074789796 -0.6593458151000663 0
    outer loop
      vertex 38.03345237791561 19.633452377915603 0
      vertex 38.31806602296108 19.308912715728773 4
      vertex 38.03345237791561 19.633452377915603 4
    endloop
  endfacet
  facet normal -0.4422886902190025 -0.8968727415326876 0
    outer loop
      vertex 36.9628553268048 20.348802457287242 0
      vertex 37.35 20.157883832488643 4
      vertex 36.9628553268048 20.348802457287242 4
    endloop
  endfacet
  facet normal 0 0 -1
    outer loop
      vertex 32.84211616751136 15.649999999999997 4
      vertex 32.84211616751136 18.949999999999996 4
      vertex 33.08193397703893 15.291087284271219 4
    endloop
  endfacet
  facet normal 0 0 -1
    outer loop
      vertex 34.050000000000004 14.442116167511351 4
      vertex 34.22775681356646 16.449999999999996 4
      vertex 34.437144673195206 14.25119754271275 4
    endloop
  endfacet
  facet normal 0 0 -1
    outer loop
      vertex 34.84589715116169 14.112444773246072 4
      vertex 35.04943816497935 15.72940479473081 4
      vertex 35.26926356567383 14.028231957466422 4
    endloop
  endfacet
  facet normal 0 0 -1
    outer loop
      vertex 35.26926356567383 14.028231957466422 4
      vertex 35.47810547322592 15.614543735664519 4
      vertex 35.7 13.999999999999996 4
    endloop
  endfacet
  facet normal 0 0 -1
    outer loop
      vertex 34.437144673195206 14.25119754271275 4
      vertex 34.66510557068518 15.951299321504898 4
      vertex 34.84589715116169 14.112444773246072 4
    endloop
  endfacet
  facet normal 0 0 -1
    outer loop
      vertex 34.84589715116169 14.112444773246072 4
      vertex 34.66510557068518 15.951299321504898 4
      vertex 34.85 15.827756813566452 4
    endloop
  endfacet
  facet normal 0 0 -1
    outer loop
      vertex 34.84589715116169 14.112444773246072 4
      vertex 34.85 15.827756813566452 4
      vertex 35.04943816497935 15.72940479473081 4
    endloop
  endfacet
  facet normal 0 0 -1
    outer loop
      vertex 35.26926356567383 14.028231957466422 4
      vertex 35.04943816497935 15.72940479473081 4
      vertex 35.26000762332572 15.65792609530858 4
    endloop
  endfacet
  facet normal 0 0 -1
    outer loop
      vertex 35.26926356567383 14.028231957466422 4
      vertex 35.26000762332572 15.65792609530858 4
      vertex 35.47810547322592 15.614543735664519 4
    endloop
  endfacet
  facet normal 0 0 -1
    outer loop
      vertex 34.437144673195206 14.25119754271275 4
      vertex 34.22775681356646 16.449999999999996 4
      vertex 34.351299321504904 16.265105570685172 4
    endloop
  endfacet
  facet normal 0 0 -1
    outer loop
      vertex 34.050000000000004 14.442116167511351 4
      vertex 34.12940479473082 16.649438164979344 4
      vertex 34.22775681356646 16.449999999999996 4
    endloop
  endfacet
  facet normal 0 0 -1
    outer loop
      vertex 34.050000000000004 14.442116167511351 4
      vertex 34.05792609530859 16.86000762332571 4
      vertex 34.12940479473082 16.649438164979344 4
    endloop
  endfacet
  facet normal 0 0 -1
    outer loop
      vertex 33.3665476220844 14.966547622084391 4
      vertex 33.08193397703893 15.291087284271219 4
      vertex 33.08193397703893 19.308912715728773 4
    endloop
  endfacet
  facet normal 0 0 -1
    outer loop
      vertex 33.3665476220844 14.966547622084391 4
      vertex 33.3665476220844 19.633452377915603 4
      vertex 33.69108728427123 14.681933977038922 4
    endloop
  endfacet
  facet normal 0 0 -1
    outer loop
      vertex 34.050000000000004 14.442116167511351 4
      vertex 33.69108728427123 14.681933977038922 4
      vertex 33.69108728427123 19.918066022961074 4
    endloop
  endfacet
  facet normal 0 0 -1
    outer loop
      vertex 34.050000000000004 14.442116167511351 4
      vertex 34.014543735664525 17.07810547322591 4
      vertex 34.05792609530859 16.86000762332571 4
    endloop
  endfacet
  facet normal 0 0 -1
    outer loop
      vertex 34.437144673195206 14.25119754271275 4
      vertex 34.49791847198287 16.097918471982865 4
      vertex 34.66510557068518 15.951299321504898 4
    endloop
  endfacet
  facet normal 0 0 -1
    outer loop
      vertex 34.437144673195206 14.25119754271275 4
      vertex 34.351299321504904 16.265105570685172 4
      vertex 34.49791847198287 16.097918471982865 4
    endloop
  endfacet
  facet normal 0 0 -1
    outer loop
      vertex 35.7 13.999999999999996 4
      vertex 35.7 15.599999999999998 4
      vertex 36.130736434326174 14.028231957466422 4
    endloop
  endfacet
  facet normal 0 0 -1
    outer loop
      vertex 36.130736434326174 14.028231957466422 4
      vertex 35.92189452677409 15.614543735664519 4
      vertex 36.55410284883832 14.112444773246072 4
    endloop
  endfacet
  facet normal 0 0 -1
    outer loop
      vertex 35.47810547322592 15.614543735664519 4
      vertex 35.7 15.599999999999998 4
      vertex 35.7 13.999999999999996 4
    endloop
  endfacet
  facet normal 0 0 -1
    outer loop
      vertex 36.130736434326174 14.028231957466422 4
      vertex 35.7 15.599999999999998 4
      vertex 35.92189452677409 15.614543735664519 4
    endloop
  endfacet
  facet normal 0 0 -1
    outer loop
      vertex 36.55410284883832 14.112444773246072 4
      vertex 35.92189452677409 15.614543735664519 4
      vertex 36.139992376674286 15.65792609530858 4
    endloop
  endfacet
  facet normal 0 0 -1
    outer loop
      vertex 36.55410284883832 14.112444773246072 4
      vertex 36.550000000000004 15.827756813566452 4
      vertex 36.9628553268048 14.25119754271275 4
    endloop
  endfacet
  facet normal 0 0 -1
    outer loop
      vertex 36.55410284883832 14.112444773246072 4
      vertex 36.139992376674286 15.65792609530858 4
      vertex 36.350561835020656 15.72940479473081 4
    endloop
  endfacet
  facet normal 0 0 -1
    outer loop
      vertex 36.55410284883832 14.112444773246072 4
      vertex 36.350561835020656 15.72940479473081 4
      vertex 36.550000000000004 15.827756813566452 4
    endloop
  endfacet
  facet normal 0 0 -1
    outer loop
      vertex 36.9628553268048 14.25119754271275 4
      vertex 36.902081528017135 16.097918471982865 4
      vertex 37.35 14.442116167511351 4
    endloop
  endfacet
  facet normal 0 0 -1
    outer loop
      vertex 37.35 14.442116167511351 4
      vertex 37.34207390469142 16.86000762332571 4
      vertex 37.70891271572878 14.681933977038922 4
    endloop
  endfacet
  facet normal 0 0 -1
    outer loop
      vertex 36.9628553268048 14.25119754271275 4
      vertex 36.550000000000004 15.827756813566452 4
      vertex 36.73489442931483 15.951299321504898 4
    endloop
  endfacet
  facet normal 0 0 -1
    outer loop
      vertex 36.9628553268048 14.25119754271275 4
      vertex 36.73489442931483 15.951299321504898 4
      vertex 36.902081528017135 16.097918471982865 4
    endloop
  endfacet
  facet normal 0 0 -1
    outer loop
      vertex 37.35 14.442116167511351 4
      vertex 36.902081528017135 16.097918471982865 4
      vertex 37.0487006784951 16.265105570685172 4
    endloop
  endfacet
  facet normal 0 0 -1
    outer loop
      vertex 37.35 14.442116167511351 4
      vertex 37.0487006784951 16.265105570685172 4
      vertex 37.17224318643355 16.449999999999996 4
    endloop
  endfacet
  facet normal 0 0 -1
    outer loop
      vertex 37.35 14.442116167511351 4
      vertex 37.17224318643355 16.449999999999996 4
      vertex 37.27059520526919 16.649438164979344 4
    endloop
  endfacet
  facet normal 0 0 -1
    outer loop
      vertex 37.35 14.442116167511351 4
      vertex 37.27059520526919 16.649438164979344 4
      vertex 37.34207390469142 16.86000762332571 4
    endloop
  endfacet
  facet normal 0 0 -1
    outer loop
      vertex 37.70891271572878 14.681933977038922 4
      vertex 37.34207390469142 16.86000762332571 4
      vertex 37.38545626433548 17.07810547322591 4
    endloop
  endfacet
  facet normal 0 0 -1
    outer loop
      vertex 37.70891271572878 14.681933977038922 4
      vertex 37.38545626433548 17.07810547322591 4
      vertex 37.400000000000006 17.299999999999997 4
    endloop
  endfacet
  facet normal 0 0 -1
    outer loop
      vertex 37.70891271572878 14.681933977038922 4
      vertex 37.400000000000006 17.299999999999997 4
      vertex 37.38545626433548 17.521894526774084 4
    endloop
  endfacet
  facet normal 0 0 -1
    outer loop
      vertex 37.70891271572878 14.681933977038922 4
      vertex 37.70891271572878 19.918066022961074 4
      vertex 38.03345237791561 14.966547622084391 4
    endloop
  endfacet
  facet normal 0 0 -1
    outer loop
      vertex 38.03345237791561 14.966547622084391 4
      vertex 38.03345237791561 19.633452377915603 4
      vertex 38.31806602296108 15.291087284271219 4
    endloop
  endfacet
  facet normal 0 0 -1
    outer loop
      vertex 32.42823195746643 16.869263565673826 4
      vertex 32.400000000000006 17.299999999999997 4
      vertex 32.42823195746643 17.730736434326168 4
    endloop
  endfacet
  facet normal 0 0 -1
    outer loop
      vertex 32.65119754271276 16.0371446731952 4
      vertex 32.51244477324608 16.445897151161677 4
      vertex 32.51244477324608 18.154102848838317 4
    endloop
  endfacet
  facet normal 0 0 -1
    outer loop
      vertex 32.84211616751136 15.649999999999997 4
      vertex 32.65119754271276 16.0371446731952 4
      vertex 32.65119754271276 18.562855326804794 4
    endloop
  endfacet
  facet normal 0 0 -1
    outer loop
      vertex 32.51244477324608 16.445897151161677 4
      vertex 32.42823195746643 16.869263565673826 4
      vertex 32.42823195746643 17.730736434326168 4
    endloop
  endfacet
  facet normal 0 0 -1
    outer loop
      vertex 32.51244477324608 16.445897151161677 4
      vertex 32.42823195746643 17.730736434326168 4
      vertex 32.51244477324608 18.154102848838317 4
    endloop
  endfacet
  facet normal 0 0 -1
    outer loop
      vertex 32.65119754271276 16.0371446731952 4
      vertex 32.51244477324608 18.154102848838317 4
      vertex 32.65119754271276 18.562855326804794 4
    endloop
  endfacet
  facet normal 0 0 -1
    outer loop
      vertex 32.84211616751136 15.649999999999997 4
      vertex 32.65119754271276 18.562855326804794 4
      vertex 32.84211616751136 18.949999999999996 4
    endloop
  endfacet
  facet normal 0 0 -1
    outer loop
      vertex 33.08193397703893 15.291087284271219 4
      vertex 32.84211616751136 18.949999999999996 4
      vertex 33.08193397703893 19.308912715728773 4
    endloop
  endfacet
  facet normal 0 0 -1
    outer loop
      vertex 34.050000000000004 14.442116167511351 4
      vertex 33.69108728427123 19.918066022961074 4
      vertex 34.014543735664525 17.07810547322591 4
    endloop
  endfacet
  facet normal 0 0 -1
    outer loop
      vertex 33.3665476220844 14.966547622084391 4
      vertex 33.08193397703893 19.308912715728773 4
      vertex 33.3665476220844 19.633452377915603 4
    endloop
  endfacet
  facet normal 0 0 -1
    outer loop
      vertex 33.69108728427123 14.681933977038922 4
      vertex 33.3665476220844 19.633452377915603 4
      vertex 33.69108728427123 19.918066022961074 4
    endloop
  endfacet
  facet normal 0 0 -1
    outer loop
      vertex 34.014543735664525 17.07810547322591 4
      vertex 33.69108728427123 19.918066022961074 4
      vertex 34 17.299999999999997 4
    endloop
  endfacet
  facet normal 0 0 -1
    outer loop
      vertex 34 17.299999999999997 4
      vertex 33.69108728427123 19.918066022961074 4
      vertex 34.014543735664525 17.521894526774084 4
    endloop
  endfacet
  facet normal 0 0 -1
    outer loop
      vertex 34.014543735664525 17.521894526774084 4
      vertex 33.69108728427123 19.918066022961074 4
      vertex 34.05792609530859 17.739992376674284 4
    endloop
  endfacet
  facet normal 0 0 -1
    outer loop
      vertex 34.05792609530859 17.739992376674284 4
      vertex 34.050000000000004 20.157883832488643 4
      vertex 34.12940479473082 17.95056183502065 4
    endloop
  endfacet
  facet normal 0 0 -1
    outer loop
      vertex 34.12940479473082 17.95056183502065 4
      vertex 34.050000000000004 20.157883832488643 4
      vertex 34.22775681356646 18.15 4
    endloop
  endfacet
  facet normal 0 0 -1
    outer loop
      vertex 34.22775681356646 18.15 4
      vertex 34.050000000000004 20.157883832488643 4
      vertex 34.351299321504904 18.334894429314822 4
    endloop
  endfacet
  facet normal 0 0 -1
    outer loop
      vertex 34.351299321504904 18.334894429314822 4
      vertex 34.050000000000004 20.157883832488643 4
      vertex 34.49791847198287 18.50208152801713 4
    endloop
  endfacet
  facet normal 0 0 -1
    outer loop
      vertex 34.05792609530859 17.739992376674284 4
      vertex 33.69108728427123 19.918066022961074 4
      vertex 34.050000000000004 20.157883832488643 4
    endloop
  endfacet
  facet normal 0 0 -1
    outer loop
      vertex 34.49791847198287 18.50208152801713 4
      vertex 34.437144673195206 20.348802457287242 4
      vertex 34.66510557068518 18.648700678495096 4
    endloop
  endfacet
  facet normal 0 0 -1
    outer loop
      vertex 34.66510557068518 18.648700678495096 4
      vertex 34.437144673195206 20.348802457287242 4
      vertex 34.85 18.772243186433542 4
    endloop
  endfacet
  facet normal 0 0 -1
    outer loop
      vertex 34.85 18.772243186433542 4
      vertex 34.84589715116169 20.487555226753923 4
      vertex 35.04943816497935 18.870595205269183 4
    endloop
  endfacet
  facet normal 0 0 -1
    outer loop
      vertex 35.04943816497935 18.870595205269183 4
      vertex 34.84589715116169 20.487555226753923 4
      vertex 35.26000762332572 18.942073904691412 4
    endloop
  endfacet
  facet normal 0 0 -1
    outer loop
      vertex 35.26000762332572 18.942073904691412 4
      vertex 34.84589715116169 20.487555226753923 4
      vertex 35.47810547322592 18.985456264335475 4
    endloop
  endfacet
  facet normal 0 0 -1
    outer loop
      vertex 34.49791847198287 18.50208152801713 4
      vertex 34.050000000000004 20.157883832488643 4
      vertex 34.437144673195206 20.348802457287242 4
    endloop
  endfacet
  facet normal 0 0 -1
    outer loop
      vertex 34.85 18.772243186433542 4
      vertex 34.437144673195206 20.348802457287242 4
      vertex 34.84589715116169 20.487555226753923 4
    endloop
  endfacet
  facet normal 0 0 -1
    outer loop
      vertex 35.47810547322592 18.985456264335475 4
      vertex 35.26926356567383 20.57176804253357 4
      vertex 35.7 18.999999999999996 4
    endloop
  endfacet
  facet normal 0 0 -1
    outer loop
      vertex 35.47810547322592 18.985456264335475 4
      vertex 34.84589715116169 20.487555226753923 4
      vertex 35.26926356567383 20.57176804253357 4
    endloop
  endfacet
  facet normal 0 0 -1
    outer loop
      vertex 35.26926356567383 20.57176804253357 4
      vertex 35.7 20.599999999999998 4
      vertex 35.7 18.999999999999996 4
    endloop
  endfacet
  facet normal 0 0 -1
    outer loop
      vertex 37.70891271572878 14.681933977038922 4
      vertex 37.38545626433548 17.521894526774084 4
      vertex 37.35 20.157883832488643 4
    endloop
  endfacet
  facet normal 0 0 -1
    outer loop
      vertex 35.92189452677409 18.985456264335475 4
      vertex 36.130736434326174 20.57176804253357 4
      vertex 36.139992376674286 18.942073904691412 4
    endloop
  endfacet
  facet normal 0 0 -1
    outer loop
      vertex 36.139992376674286 18.942073904691412 4
      vertex 36.130736434326174 20.57176804253357 4
      vertex 36.350561835020656 18.870595205269183 4
    endloop
  endfacet
  facet normal 0 0 -1
    outer loop
      vertex 36.550000000000004 18.772243186433542 4
      vertex 36.350561835020656 18.870595205269183 4
      vertex 36.55410284883832 20.487555226753923 4
    endloop
  endfacet
  facet normal 0 0 -1
    outer loop
      vertex 36.550000000000004 18.772243186433542 4
      vertex 36.55410284883832 20.487555226753923 4
      vertex 36.73489442931483 18.648700678495096 4
    endloop
  endfacet
  facet normal 0 0 -1
    outer loop
      vertex 36.73489442931483 18.648700678495096 4
      vertex 36.9628553268048 20.348802457287242 4
      vertex 36.902081528017135 18.50208152801713 4
    endloop
  endfacet
  facet normal 0 0 -1
    outer loop
      vertex 37.38545626433548 17.521894526774084 4
      vertex 37.34207390469142 17.739992376674284 4
      vertex 37.35 20.157883832488643 4
    endloop
  endfacet
  facet normal 0 0 -1
    outer loop
      vertex 37.34207390469142 17.739992376674284 4
      vertex 37.27059520526919 17.95056183502065 4
      vertex 37.35 20.157883832488643 4
    endloop
  endfacet
  facet normal 0 0 -1
    outer loop
      vertex 37.27059520526919 17.95056183502065 4
      vertex 37.17224318643355 18.15 4
      vertex 37.35 20.157883832488643 4
    endloop
  endfacet
  facet normal 0 0 -1
    outer loop
      vertex 37.70891271572878 14.681933977038922 4
      vertex 37.35 20.157883832488643 4
      vertex 37.70891271572878 19.918066022961074 4
    endloop
  endfacet
  facet normal 0 0 -1
    outer loop
      vertex 38.03345237791561 14.966547622084391 4
      vertex 37.70891271572878 19.918066022961074 4
      vertex 38.03345237791561 19.633452377915603 4
    endloop
  endfacet
  facet normal 0 0 -1
    outer loop
      vertex 37.17224318643355 18.15 4
      vertex 37.0487006784951 18.334894429314822 4
      vertex 36.9628553268048 20.348802457287242 4
    endloop
  endfacet
  facet normal 0 0 -1
    outer loop
      vertex 37.0487006784951 18.334894429314822 4
      vertex 36.902081528017135 18.50208152801713 4
      vertex 36.9628553268048 20.348802457287242 4
    endloop
  endfacet
  facet normal 0 0 -1
    outer loop
      vertex 38.31806602296108 15.291087284271219 4
      vertex 38.31806602296108 19.308912715728773 4
      vertex 38.55788383248865 15.649999999999997 4
    endloop
  endfacet
  facet normal 0 0 -1
    outer loop
      vertex 38.55788383248865 15.649999999999997 4
      vertex 38.55788383248865 18.949999999999996 4
      vertex 38.74880245728725 16.0371446731952 4
    endloop
  endfacet
  facet normal 0 0 -1
    outer loop
      vertex 38.74880245728725 16.0371446731952 4
      vertex 38.74880245728725 18.562855326804794 4
      vertex 38.887555226753925 16.445897151161677 4
    endloop
  endfacet
  facet normal 0 0 -1
    outer loop
      vertex 38.887555226753925 16.445897151161677 4
      vertex 38.887555226753925 18.154102848838317 4
      vertex 38.971768042533576 16.869263565673826 4
    endloop
  endfacet
  facet normal 0 0 -1
    outer loop
      vertex 38.971768042533576 16.869263565673826 4
      vertex 38.971768042533576 17.730736434326168 4
      vertex 39 17.299999999999997 4
    endloop
  endfacet
  facet normal 0 0 -1
    outer loop
      vertex 38.31806602296108 15.291087284271219 4
      vertex 38.03345237791561 19.633452377915603 4
      vertex 38.31806602296108 19.308912715728773 4
    endloop
  endfacet
  facet normal 0 0 -1
    outer loop
      vertex 38.74880245728725 16.0371446731952 4
      vertex 38.55788383248865 18.949999999999996 4
      vertex 38.74880245728725 18.562855326804794 4
    endloop
  endfacet
  facet normal 0 0 -1
    outer loop
      vertex 38.55788383248865 15.649999999999997 4
      vertex 38.31806602296108 19.308912715728773 4
      vertex 38.55788383248865 18.949999999999996 4
    endloop
  endfacet
  facet normal 0 0 -1
    outer loop
      vertex 38.971768042533576 16.869263565673826 4
      vertex 38.887555226753925 18.154102848838317 4
      vertex 38.971768042533576 17.730736434326168 4
    endloop
  endfacet
  facet normal 0 0 -1
    outer loop
      vertex 38.887555226753925 16.445897151161677 4
      vertex 38.74880245728725 18.562855326804794 4
      vertex 38.887555226753925 18.154102848838317 4
    endloop
  endfacet
  facet normal 0 0 -1
    outer loop
      vertex 35.92189452677409 18.985456264335475 4
      vertex 35.7 18.999999999999996 4
      vertex 35.7 20.599999999999998 4
    endloop
  endfacet
  facet normal 0 0 -1
    outer loop
      vertex 35.92189452677409 18.985456264335475 4
      vertex 35.7 20.599999999999998 4
      vertex 36.130736434326174 20.57176804253357 4
    endloop
  endfacet
  facet normal 0 0 -1
    outer loop
      vertex 36.73489442931483 18.648700678495096 4
      vertex 36.55410284883832 20.487555226753923 4
      vertex 36.9628553268048 20.348802457287242 4
    endloop
  endfacet
  facet normal 0 0 -1
    outer loop
      vertex 36.350561835020656 18.870595205269183 4
      vertex 36.130736434326174 20.57176804253357 4
      vertex 36.55410284883832 20.487555226753923 4
    endloop
  endfacet
  facet normal 0 0 -1
    outer loop
      vertex 37.17224318643355 18.15 4
      vertex 36.9628553268048 20.348802457287242 4
      vertex 37.35 20.157883832488643 4
    endloop
  endfacet
  facet normal 0.7071067811865475 0.7071067811865475 0
    outer loop
      vertex -24.34951905283833 -12.674999999999999 0
      vertex -24.34951905283833 -12.674999999999999 10
      vertex -24.075 -12.949519052838328 0
    endloop
  endfacet
  facet normal 0.2588190451025207 0.9659258262890683 0
    outer loop
      vertex -24.075 -12.949519052838328 0
      vertex -24.075 -12.949519052838328 10
      vertex -23.7 -13.049999999999999 0
    endloop
  endfacet
  facet normal -0.2588190451025207 0.9659258262890683 0
    outer loop
      vertex -23.7 -13.049999999999999 0
      vertex -23.7 -13.049999999999999 10
      vertex -23.325 -12.949519052838328 0
    endloop
  endfacet
  facet normal -0.7071067811865475 0.7071067811865475 0
    outer loop
      vertex -23.325 -12.949519052838328 0
      vertex -23.325 -12.949519052838328 10
      vertex -23.05048094716167 -12.674999999999999 0
    endloop
  endfacet
  facet normal -0.9659258262890683 0.2588190451025207 0
    outer loop
      vertex -23.05048094716167 -12.674999999999999 0
      vertex -23.05048094716167 -12.674999999999999 10
      vertex -22.95 -12.299999999999999 0
    endloop
  endfacet
  facet normal 0.9659258262890683 0.2588190451025207 0
    outer loop
      vertex -24.34951905283833 -12.674999999999999 0
      vertex -24.45 -12.299999999999999 0
      vertex -24.45 -12.299999999999999 10
    endloop
  endfacet
  facet normal 0.9659258262890683 -0.2588190451025207 0
    outer loop
      vertex -24.45 -12.299999999999999 0
      vertex -24.34951905283833 -11.924999999999999 0
      vertex -24.34951905283833 -11.924999999999999 10
    endloop
  endfacet
  facet normal 0.7071067811865475 -0.7071067811865475 0
    outer loop
      vertex -24.34951905283833 -11.924999999999999 0
      vertex -24.075 -11.65048094716167 0
      vertex -24.075 -11.65048094716167 10
    endloop
  endfacet
  facet normal -0.9659258262890683 -0.2588190451025207 0
    outer loop
      vertex -22.95 -12.299999999999999 0
      vertex -22.95 -12.299999999999999 10
      vertex -23.05048094716167 -11.924999999999999 0
    endloop
  endfacet
  facet normal 0.2588190451025207 -0.9659258262890683 0
    outer loop
      vertex -24.075 -11.65048094716167 0
      vertex -23.7 -11.549999999999999 0
      vertex -23.7 -11.549999999999999 10
    endloop
  endfacet
  facet normal -0.2588190451025207 -0.9659258262890683 0
    outer loop
      vertex -23.7 -11.549999999999999 0
      vertex -23.325 -11.65048094716167 0
      vertex -23.325 -11.65048094716167 10
    endloop
  endfacet
  facet normal -0.7071067811865475 -0.7071067811865475 0
    outer loop
      vertex -23.05048094716167 -11.924999999999999 0
      vertex -23.05048094716167 -11.924999999999999 10
      vertex -23.325 -11.65048094716167 0
    endloop
  endfacet
  facet normal 0.7071067811865475 0.7071067811865475 0
    outer loop
      vertex -24.075 -12.949519052838328 0
      vertex -24.34951905283833 -12.674999999999999 10
      vertex -24.075 -12.949519052838328 10
    endloop
  endfacet
  facet normal 0.9659258262890683 0.2588190451025207 0
    outer loop
      vertex -24.34951905283833 -12.674999999999999 0
      vertex -24.45 -12.299999999999999 10
      vertex -24.34951905283833 -12.674999999999999 10
    endloop
  endfacet
  facet normal 0.2588190451025207 0.9659258262890683 0
    outer loop
      vertex -23.7 -13.049999999999999 0
      vertex -24.075 -12.949519052838328 10
      vertex -23.7 -13.049999999999999 10
    endloop
  endfacet
  facet normal -0.2588190451025207 0.9659258262890683 0
    outer loop
      vertex -23.325 -12.949519052838328 0
      vertex -23.7 -13.049999999999999 10
      vertex -23.325 -12.949519052838328 10
    endloop
  endfacet
  facet normal -0.7071067811865475 0.7071067811865475 0
    outer loop
      vertex -23.05048094716167 -12.674999999999999 0
      vertex -23.325 -12.949519052838328 10
      vertex -23.05048094716167 -12.674999999999999 10
    endloop
  endfacet
  facet normal 0.9659258262890683 -0.2588190451025207 0
    outer loop
      vertex -24.45 -12.299999999999999 0
      vertex -24.34951905283833 -11.924999999999999 10
      vertex -24.45 -12.299999999999999 10
    endloop
  endfacet
  facet normal 0.7071067811865475 -0.7071067811865475 0
    outer loop
      vertex -24.34951905283833 -11.924999999999999 0
      vertex -24.075 -11.65048094716167 10
      vertex -24.34951905283833 -11.924999999999999 10
    endloop
  endfacet
  facet normal -0.9659258262890683 0.2588190451025207 0
    outer loop
      vertex -22.95 -12.299999999999999 0
      vertex -23.05048094716167 -12.674999999999999 10
      vertex -22.95 -12.299999999999999 10
    endloop
  endfacet
  facet normal -0.9659258262890683 -0.2588190451025207 0
    outer loop
      vertex -23.05048094716167 -11.924999999999999 0
      vertex -22.95 -12.299999999999999 10
      vertex -23.05048094716167 -11.924999999999999 10
    endloop
  endfacet
  facet normal 0.2588190451025207 -0.9659258262890683 0
    outer loop
      vertex -24.075 -11.65048094716167 0
      vertex -23.7 -11.549999999999999 10
      vertex -24.075 -11.65048094716167 10
    endloop
  endfacet
  facet normal -0.2588190451025207 -0.9659258262890683 0
    outer loop
      vertex -23.7 -11.549999999999999 0
      vertex -23.325 -11.65048094716167 10
      vertex -23.7 -11.549999999999999 10
    endloop
  endfacet
  facet normal -0.7071067811865475 -0.7071067811865475 0
    outer loop
      vertex -23.325 -11.65048094716167 0
      vertex -23.05048094716167 -11.924999999999999 10
      vertex -23.325 -11.65048094716167 10
    endloop
  endfacet
  facet normal 0.2588190451025207 0.9659258262890683 0
    outer loop
      vertex 23.325 -12.949519052838328 0
      vertex 23.325 -12.949519052838328 10
      vertex 23.7 -13.049999999999999 0
    endloop
  endfacet
  facet normal 0.7071067811865475 0.7071067811865475 0
    outer loop
      vertex 23.325 -12.949519052838328 0
      vertex 23.05048094716167 -12.674999999999999 0
      vertex 23.05048094716167 -12.674999999999999 10
    endloop
  endfacet
  facet normal -0.2588190451025207 0.9659258262890683 0
    outer loop
      vertex 23.7 -13.049999999999999 0
      vertex 23.7 -13.049999999999999 10
      vertex 24.075 -12.949519052838328 0
    endloop
  endfacet
  facet normal -0.7071067811865475 0.7071067811865475 0
    outer loop
      vertex 24.075 -12.949519052838328 0
      vertex 24.075 -12.949519052838328 10
      vertex 24.34951905283833 -12.674999999999999 0
    endloop
  endfacet
  facet normal -0.9659258262890683 0.2588190451025207 0
    outer loop
      vertex 24.34951905283833 -12.674999999999999 0
      vertex 24.34951905283833 -12.674999999999999 10
      vertex 24.45 -12.299999999999999 0
    endloop
  endfacet
  facet normal 0.9659258262890683 0.2588190451025207 0
    outer loop
      vertex 23.05048094716167 -12.674999999999999 0
      vertex 22.95 -12.299999999999999 0
      vertex 22.95 -12.299999999999999 10
    endloop
  endfacet
  facet normal 0.9659258262890683 -0.2588190451025207 0
    outer loop
      vertex 22.95 -12.299999999999999 0
      vertex 23.05048094716167 -11.924999999999999 0
      vertex 23.05048094716167 -11.924999999999999 10
    endloop
  endfacet
  facet normal 0.7071067811865475 -0.7071067811865475 0
    outer loop
      vertex 23.05048094716167 -11.924999999999999 0
      vertex 23.325 -11.65048094716167 0
      vertex 23.325 -11.65048094716167 10
    endloop
  endfacet
  facet normal 0.2588190451025207 -0.9659258262890683 0
    outer loop
      vertex 23.325 -11.65048094716167 0
      vertex 23.7 -11.549999999999999 0
      vertex 23.7 -11.549999999999999 10
    endloop
  endfacet
  facet normal -0.2588190451025207 -0.9659258262890683 0
    outer loop
      vertex 23.7 -11.549999999999999 0
      vertex 24.075 -11.65048094716167 0
      vertex 24.075 -11.65048094716167 10
    endloop
  endfacet
  facet normal -0.9659258262890683 -0.2588190451025207 0
    outer loop
      vertex 24.45 -12.299999999999999 0
      vertex 24.45 -12.299999999999999 10
      vertex 24.34951905283833 -11.924999999999999 0
    endloop
  endfacet
  facet normal -0.7071067811865475 -0.7071067811865475 0
    outer loop
      vertex 24.075 -11.65048094716167 0
      vertex 24.34951905283833 -11.924999999999999 0
      vertex 24.34951905283833 -11.924999999999999 10
    endloop
  endfacet
  facet normal 0.9659258262890683 0.2588190451025207 0
    outer loop
      vertex 23.05048094716167 -12.674999999999999 0
      vertex 22.95 -12.299999999999999 10
      vertex 23.05048094716167 -12.674999999999999 10
    endloop
  endfacet
  facet normal 0.7071067811865475 0.7071067811865475 0
    outer loop
      vertex 23.325 -12.949519052838328 0
      vertex 23.05048094716167 -12.674999999999999 10
      vertex 23.325 -12.949519052838328 10
    endloop
  endfacet
  facet normal 0.2588190451025207 0.9659258262890683 0
    outer loop
      vertex 23.7 -13.049999999999999 0
      vertex 23.325 -12.949519052838328 10
      vertex 23.7 -13.049999999999999 10
    endloop
  endfacet
  facet normal -0.2588190451025207 0.9659258262890683 0
    outer loop
      vertex 24.075 -12.949519052838328 0
      vertex 23.7 -13.049999999999999 10
      vertex 24.075 -12.949519052838328 10
    endloop
  endfacet
  facet normal -0.7071067811865475 0.7071067811865475 0
    outer loop
      vertex 24.34951905283833 -12.674999999999999 0
      vertex 24.075 -12.949519052838328 10
      vertex 24.34951905283833 -12.674999999999999 10
    endloop
  endfacet
  facet normal 0.9659258262890683 -0.2588190451025207 0
    outer loop
      vertex 22.95 -12.299999999999999 0
      vertex 23.05048094716167 -11.924999999999999 10
      vertex 22.95 -12.299999999999999 10
    endloop
  endfacet
  facet normal 0.7071067811865475 -0.7071067811865475 0
    outer loop
      vertex 23.05048094716167 -11.924999999999999 0
      vertex 23.325 -11.65048094716167 10
      vertex 23.05048094716167 -11.924999999999999 10
    endloop
  endfacet
  facet normal 0.2588190451025207 -0.9659258262890683 0
    outer loop
      vertex 23.325 -11.65048094716167 0
      vertex 23.7 -11.549999999999999 10
      vertex 23.325 -11.65048094716167 10
    endloop
  endfacet
  facet normal -0.2588190451025207 -0.9659258262890683 0
    outer loop
      vertex 23.7 -11.549999999999999 0
      vertex 24.075 -11.65048094716167 10
      vertex 23.7 -11.549999999999999 10
    endloop
  endfacet
  facet normal -0.9659258262890683 0.2588190451025207 0
    outer loop
      vertex 24.45 -12.299999999999999 0
      vertex 24.34951905283833 -12.674999999999999 10
      vertex 24.45 -12.299999999999999 10
    endloop
  endfacet
  facet normal -0.9659258262890683 -0.2588190451025207 0
    outer loop
      vertex 24.34951905283833 -11.924999999999999 0
      vertex 24.45 -12.299999999999999 10
      vertex 24.34951905283833 -11.924999999999999 10
    endloop
  endfacet
  facet normal -0.7071067811865475 -0.7071067811865475 0
    outer loop
      vertex 24.075 -11.65048094716167 0
      vertex 24.34951905283833 -11.924999999999999 10
      vertex 24.075 -11.65048094716167 10
    endloop
  endfacet
  facet normal 0.7071067811865475 0.7071067811865475 0
    outer loop
      vertex -24.34951905283833 11.924999999999999 0
      vertex -24.34951905283833 11.924999999999999 10
      vertex -24.075 11.65048094716167 0
    endloop
  endfacet
  facet normal 0.9659258262890683 0.2588190451025207 0
    outer loop
      vertex -24.34951905283833 11.924999999999999 0
      vertex -24.45 12.299999999999999 0
      vertex -24.45 12.299999999999999 10
    endloop
  endfacet
  facet normal 0.2588190451025207 0.9659258262890683 0
    outer loop
      vertex -24.075 11.65048094716167 0
      vertex -24.075 11.65048094716167 10
      vertex -23.7 11.549999999999999 0
    endloop
  endfacet
  facet normal -0.2588190451025207 0.9659258262890683 0
    outer loop
      vertex -23.7 11.549999999999999 0
      vertex -23.7 11.549999999999999 10
      vertex -23.325 11.65048094716167 0
    endloop
  endfacet
  facet normal -0.7071067811865475 0.7071067811865475 0
    outer loop
      vertex -23.325 11.65048094716167 0
      vertex -23.325 11.65048094716167 10
      vertex -23.05048094716167 11.924999999999999 0
    endloop
  endfacet
  facet normal -0.9659258262890683 0.2588190451025207 0
    outer loop
      vertex -23.05048094716167 11.924999999999999 0
      vertex -23.05048094716167 11.924999999999999 10
      vertex -22.95 12.299999999999999 0
    endloop
  endfacet
  facet normal -0.9659258262890683 -0.2588190451025207 0
    outer loop
      vertex -22.95 12.299999999999999 0
      vertex -22.95 12.299999999999999 10
      vertex -23.05048094716167 12.674999999999999 0
    endloop
  endfacet
  facet normal 0.9659258262890683 -0.2588190451025207 0
    outer loop
      vertex -24.45 12.299999999999999 0
      vertex -24.34951905283833 12.674999999999999 0
      vertex -24.34951905283833 12.674999999999999 10
    endloop
  endfacet
  facet normal 0.7071067811865475 -0.7071067811865475 0
    outer loop
      vertex -24.34951905283833 12.674999999999999 0
      vertex -24.075 12.949519052838328 0
      vertex -24.075 12.949519052838328 10
    endloop
  endfacet
  facet normal 0.2588190451025207 -0.9659258262890683 0
    outer loop
      vertex -24.075 12.949519052838328 0
      vertex -23.7 13.049999999999999 0
      vertex -23.7 13.049999999999999 10
    endloop
  endfacet
  facet normal -0.7071067811865475 -0.7071067811865475 0
    outer loop
      vertex -23.05048094716167 12.674999999999999 0
      vertex -23.05048094716167 12.674999999999999 10
      vertex -23.325 12.949519052838328 0
    endloop
  endfacet
  facet normal -0.2588190451025207 -0.9659258262890683 0
    outer loop
      vertex -23.7 13.049999999999999 0
      vertex -23.325 12.949519052838328 0
      vertex -23.325 12.949519052838328 10
    endloop
  endfacet
  facet normal 0.7071067811865475 0.7071067811865475 0
    outer loop
      vertex -24.075 11.65048094716167 0
      vertex -24.34951905283833 11.924999999999999 10
      vertex -24.075 11.65048094716167 10
    endloop
  endfacet
  facet normal 0.9659258262890683 0.2588190451025207 0
    outer loop
      vertex -24.34951905283833 11.924999999999999 0
      vertex -24.45 12.299999999999999 10
      vertex -24.34951905283833 11.924999999999999 10
    endloop
  endfacet
  facet normal 0.9659258262890683 -0.2588190451025207 0
    outer loop
      vertex -24.45 12.299999999999999 0
      vertex -24.34951905283833 12.674999999999999 10
      vertex -24.45 12.299999999999999 10
    endloop
  endfacet
  facet normal 0.2588190451025207 0.9659258262890683 0
    outer loop
      vertex -23.7 11.549999999999999 0
      vertex -24.075 11.65048094716167 10
      vertex -23.7 11.549999999999999 10
    endloop
  endfacet
  facet normal -0.2588190451025207 0.9659258262890683 0
    outer loop
      vertex -23.325 11.65048094716167 0
      vertex -23.7 11.549999999999999 10
      vertex -23.325 11.65048094716167 10
    endloop
  endfacet
  facet normal -0.7071067811865475 0.7071067811865475 0
    outer loop
      vertex -23.05048094716167 11.924999999999999 0
      vertex -23.325 11.65048094716167 10
      vertex -23.05048094716167 11.924999999999999 10
    endloop
  endfacet
  facet normal -0.9659258262890683 0.2588190451025207 0
    outer loop
      vertex -22.95 12.299999999999999 0
      vertex -23.05048094716167 11.924999999999999 10
      vertex -22.95 12.299999999999999 10
    endloop
  endfacet
  facet normal 0.7071067811865475 -0.7071067811865475 0
    outer loop
      vertex -24.34951905283833 12.674999999999999 0
      vertex -24.075 12.949519052838328 10
      vertex -24.34951905283833 12.674999999999999 10
    endloop
  endfacet
  facet normal 0.2588190451025207 -0.9659258262890683 0
    outer loop
      vertex -24.075 12.949519052838328 0
      vertex -23.7 13.049999999999999 10
      vertex -24.075 12.949519052838328 10
    endloop
  endfacet
  facet normal -0.2588190451025207 -0.9659258262890683 0
    outer loop
      vertex -23.7 13.049999999999999 0
      vertex -23.325 12.949519052838328 10
      vertex -23.7 13.049999999999999 10
    endloop
  endfacet
  facet normal -0.7071067811865475 -0.7071067811865475 0
    outer loop
      vertex -23.325 12.949519052838328 0
      vertex -23.05048094716167 12.674999999999999 10
      vertex -23.325 12.949519052838328 10
    endloop
  endfacet
  facet normal -0.9659258262890683 -0.2588190451025207 0
    outer loop
      vertex -23.05048094716167 12.674999999999999 0
      vertex -22.95 12.299999999999999 10
      vertex -23.05048094716167 12.674999999999999 10
    endloop
  endfacet
  facet normal 0.7071067811865475 0.7071067811865475 0
    outer loop
      vertex 23.325 11.65048094716167 0
      vertex 23.05048094716167 11.924999999999999 0
      vertex 23.05048094716167 11.924999999999999 10
    endloop
  endfacet
  facet normal 0.2588190451025207 0.9659258262890683 0
    outer loop
      vertex 23.325 11.65048094716167 0
      vertex 23.325 11.65048094716167 10
      vertex 23.7 11.549999999999999 0
    endloop
  endfacet
  facet normal -0.2588190451025207 0.9659258262890683 0
    outer loop
      vertex 23.7 11.549999999999999 0
      vertex 23.7 11.549999999999999 10
      vertex 24.075 11.65048094716167 0
    endloop
  endfacet
  facet normal 0.9659258262890683 0.2588190451025207 0
    outer loop
      vertex 23.05048094716167 11.924999999999999 0
      vertex 22.95 12.299999999999999 0
      vertex 22.95 12.299999999999999 10
    endloop
  endfacet
  facet normal -0.7071067811865475 0.7071067811865475 0
    outer loop
      vertex 24.075 11.65048094716167 0
      vertex 24.075 11.65048094716167 10
      vertex 24.34951905283833 11.924999999999999 0
    endloop
  endfacet
  facet normal -0.9659258262890683 0.2588190451025207 0
    outer loop
      vertex 24.34951905283833 11.924999999999999 0
      vertex 24.34951905283833 11.924999999999999 10
      vertex 24.45 12.299999999999999 0
    endloop
  endfacet
  facet normal -0.9659258262890683 -0.2588190451025207 0
    outer loop
      vertex 24.45 12.299999999999999 0
      vertex 24.45 12.299999999999999 10
      vertex 24.34951905283833 12.674999999999999 0
    endloop
  endfacet
  facet normal 0.9659258262890683 -0.2588190451025207 0
    outer loop
      vertex 22.95 12.299999999999999 0
      vertex 23.05048094716167 12.674999999999999 0
      vertex 23.05048094716167 12.674999999999999 10
    endloop
  endfacet
  facet normal 0.7071067811865475 -0.7071067811865475 0
    outer loop
      vertex 23.05048094716167 12.674999999999999 0
      vertex 23.325 12.949519052838328 0
      vertex 23.325 12.949519052838328 10
    endloop
  endfacet
  facet normal 0.2588190451025207 -0.9659258262890683 0
    outer loop
      vertex 23.325 12.949519052838328 0
      vertex 23.7 13.049999999999999 0
      vertex 23.7 13.049999999999999 10
    endloop
  endfacet
  facet normal -0.2588190451025207 -0.9659258262890683 0
    outer loop
      vertex 23.7 13.049999999999999 0
      vertex 24.075 12.949519052838328 0
      vertex 24.075 12.949519052838328 10
    endloop
  endfacet
  facet normal -0.7071067811865475 -0.7071067811865475 0
    outer loop
      vertex 24.075 12.949519052838328 0
      vertex 24.34951905283833 12.674999999999999 0
      vertex 24.34951905283833 12.674999999999999 10
    endloop
  endfacet
  facet normal 0.7071067811865475 0.7071067811865475 0
    outer loop
      vertex 23.325 11.65048094716167 0
      vertex 23.05048094716167 11.924999999999999 10
      vertex 23.325 11.65048094716167 10
    endloop
  endfacet
  facet normal 0.2588190451025207 0.9659258262890683 0
    outer loop
      vertex 23.7 11.549999999999999 0
      vertex 23.325 11.65048094716167 10
      vertex 23.7 11.549999999999999 10
    endloop
  endfacet
  facet normal -0.2588190451025207 0.9659258262890683 0
    outer loop
      vertex 24.075 11.65048094716167 0
      vertex 23.7 11.549999999999999 10
      vertex 24.075 11.65048094716167 10
    endloop
  endfacet
  facet normal 0.9659258262890683 0.2588190451025207 0
    outer loop
      vertex 23.05048094716167 11.924999999999999 0
      vertex 22.95 12.299999999999999 10
      vertex 23.05048094716167 11.924999999999999 10
    endloop
  endfacet
  facet normal 0.9659258262890683 -0.2588190451025207 0
    outer loop
      vertex 22.95 12.299999999999999 0
      vertex 23.05048094716167 12.674999999999999 10
      vertex 22.95 12.299999999999999 10
    endloop
  endfacet
  facet normal -0.7071067811865475 0.7071067811865475 0
    outer loop
      vertex 24.34951905283833 11.924999999999999 0
      vertex 24.075 11.65048094716167 10
      vertex 24.34951905283833 11.924999999999999 10
    endloop
  endfacet
  facet normal -0.9659258262890683 0.2588190451025207 0
    outer loop
      vertex 24.45 12.299999999999999 0
      vertex 24.34951905283833 11.924999999999999 10
      vertex 24.45 12.299999999999999 10
    endloop
  endfacet
  facet normal 0.7071067811865475 -0.7071067811865475 0
    outer loop
      vertex 23.05048094716167 12.674999999999999 0
      vertex 23.325 12.949519052838328 10
      vertex 23.05048094716167 12.674999999999999 10
    endloop
  endfacet
  facet normal 0.2588190451025207 -0.9659258262890683 0
    outer loop
      vertex 23.325 12.949519052838328 0
      vertex 23.7 13.049999999999999 10
      vertex 23.325 12.949519052838328 10
    endloop
  endfacet
  facet normal -0.2588190451025207 -0.9659258262890683 0
    outer loop
      vertex 23.7 13.049999999999999 0
      vertex 24.075 12.949519052838328 10
      vertex 23.7 13.049999999999999 10
    endloop
  endfacet
  facet normal -0.9659258262890683 -0.2588190451025207 0
    outer loop
      vertex 24.34951905283833 12.674999999999999 0
      vertex 24.45 12.299999999999999 10
      vertex 24.34951905283833 12.674999999999999 10
    endloop
  endfacet
  facet normal -0.7071067811865475 -0.7071067811865475 0
    outer loop
      vertex 24.075 12.949519052838328 0
      vertex 24.34951905283833 12.674999999999999 10
      vertex 24.075 12.949519052838328 10
    endloop
  endfacet
  facet normal 0.7071067811865475 0.7071067811865475 0
    outer loop
      vertex -0.375 -13.449519052838328 0
      vertex -0.649519052838329 -13.174999999999999 0
      vertex -0.649519052838329 -13.174999999999999 10
    endloop
  endfacet
  facet normal 0.2588190451025207 0.9659258262890683 0
    outer loop
      vertex -0.375 -13.449519052838328 0
      vertex -0.375 -13.449519052838328 10
      vertex 0 -13.549999999999999 0
    endloop
  endfacet
  facet normal 0.9659258262890683 0.2588190451025207 0
    outer loop
      vertex -0.649519052838329 -13.174999999999999 0
      vertex -0.75 -12.799999999999999 0
      vertex -0.75 -12.799999999999999 10
    endloop
  endfacet
  facet normal 0.9659258262890683 -0.2588190451025207 0
    outer loop
      vertex -0.75 -12.799999999999999 0
      vertex -0.649519052838329 -12.424999999999999 0
      vertex -0.649519052838329 -12.424999999999999 10
    endloop
  endfacet
  facet normal 0.7071067811865475 -0.7071067811865475 0
    outer loop
      vertex -0.649519052838329 -12.424999999999999 0
      vertex -0.375 -12.15048094716167 0
      vertex -0.375 -12.15048094716167 10
    endloop
  endfacet
  facet normal 0.2588190451025207 -0.9659258262890683 0
    outer loop
      vertex -0.375 -12.15048094716167 0
      vertex 0 -12.049999999999999 0
      vertex 0 -12.049999999999999 10
    endloop
  endfacet
  facet normal 0.7071067811865475 0.7071067811865475 0
    outer loop
      vertex -0.375 -13.449519052838328 0
      vertex -0.649519052838329 -13.174999999999999 10
      vertex -0.375 -13.449519052838328 10
    endloop
  endfacet
  facet normal 0.2588190451025207 0.9659258262890683 0
    outer loop
      vertex -0.375 -13.449519052838328 10
      vertex 0 -13.549999999999999 10
      vertex 0 -13.549999999999999 0
    endloop
  endfacet
  facet normal 0.9659258262890683 0.2588190451025207 0
    outer loop
      vertex -0.649519052838329 -13.174999999999999 0
      vertex -0.75 -12.799999999999999 10
      vertex -0.649519052838329 -13.174999999999999 10
    endloop
  endfacet
  facet normal 0.9659258262890683 -0.2588190451025207 0
    outer loop
      vertex -0.75 -12.799999999999999 0
      vertex -0.649519052838329 -12.424999999999999 10
      vertex -0.75 -12.799999999999999 10
    endloop
  endfacet
  facet normal 0.7071067811865475 -0.7071067811865475 0
    outer loop
      vertex -0.649519052838329 -12.424999999999999 0
      vertex -0.375 -12.15048094716167 10
      vertex -0.649519052838329 -12.424999999999999 10
    endloop
  endfacet
  facet normal 0.2588190451025207 -0.9659258262890683 0
    outer loop
      vertex -0.375 -12.15048094716167 0
      vertex 0 -12.049999999999999 10
      vertex -0.375 -12.15048094716167 10
    endloop
  endfacet
  facet normal -0.2588190451025207 0.9659258262890683 0
    outer loop
      vertex 0 -13.549999999999999 0
      vertex 0 -13.549999999999999 10
      vertex 0.375 -13.449519052838328 0
    endloop
  endfacet
  facet normal -0.7071067811865475 0.7071067811865475 0
    outer loop
      vertex 0.375 -13.449519052838328 0
      vertex 0.375 -13.449519052838328 10
      vertex 0.649519052838329 -13.174999999999999 0
    endloop
  endfacet
  facet normal -0.9659258262890683 0.2588190451025207 0
    outer loop
      vertex 0.649519052838329 -13.174999999999999 0
      vertex 0.649519052838329 -13.174999999999999 10
      vertex 0.75 -12.799999999999999 0
    endloop
  endfacet
  facet normal -0.9659258262890683 -0.2588190451025207 0
    outer loop
      vertex 0.75 -12.799999999999999 0
      vertex 0.75 -12.799999999999999 10
      vertex 0.649519052838329 -12.424999999999999 0
    endloop
  endfacet
  facet normal -0.7071067811865475 -0.7071067811865475 0
    outer loop
      vertex 0.375 -12.15048094716167 0
      vertex 0.649519052838329 -12.424999999999999 0
      vertex 0.649519052838329 -12.424999999999999 10
    endloop
  endfacet
  facet normal -0.2588190451025207 -0.9659258262890683 0
    outer loop
      vertex 0 -12.049999999999999 0
      vertex 0.375 -12.15048094716167 0
      vertex 0.375 -12.15048094716167 10
    endloop
  endfacet
  facet normal -0.2588190451025207 0.9659258262890683 0
    outer loop
      vertex 0.375 -13.449519052838328 0
      vertex 0 -13.549999999999999 10
      vertex 0.375 -13.449519052838328 10
    endloop
  endfacet
  facet normal -0.7071067811865475 0.7071067811865475 0
    outer loop
      vertex 0.649519052838329 -13.174999999999999 0
      vertex 0.375 -13.449519052838328 10
      vertex 0.649519052838329 -13.174999999999999 10
    endloop
  endfacet
  facet normal -0.9659258262890683 0.2588190451025207 0
    outer loop
      vertex 0.75 -12.799999999999999 0
      vertex 0.649519052838329 -13.174999999999999 10
      vertex 0.75 -12.799999999999999 10
    endloop
  endfacet
  facet normal -0.9659258262890683 -0.2588190451025207 0
    outer loop
      vertex 0.649519052838329 -12.424999999999999 0
      vertex 0.75 -12.799999999999999 10
      vertex 0.649519052838329 -12.424999999999999 10
    endloop
  endfacet
  facet normal -0.7071067811865475 -0.7071067811865475 0
    outer loop
      vertex 0.375 -12.15048094716167 0
      vertex 0.649519052838329 -12.424999999999999 10
      vertex 0.375 -12.15048094716167 10
    endloop
  endfacet
  facet normal -0.2588190451025207 -0.9659258262890683 0
    outer loop
      vertex 0 -12.049999999999999 0
      vertex 0.375 -12.15048094716167 10
      vertex 0 -12.049999999999999 10
    endloop
  endfacet
  facet normal 0.2588190451025207 0.9659258262890683 0
    outer loop
      vertex -0.375 12.15048094716167 0
      vertex -0.375 12.15048094716167 10
      vertex 0 12.049999999999999 0
    endloop
  endfacet
  facet normal 0.7071067811865475 0.7071067811865475 0
    outer loop
      vertex -0.649519052838329 12.424999999999999 0
      vertex -0.649519052838329 12.424999999999999 10
      vertex -0.375 12.15048094716167 0
    endloop
  endfacet
  facet normal 0.9659258262890683 0.2588190451025207 0
    outer loop
      vertex -0.649519052838329 12.424999999999999 0
      vertex -0.75 12.799999999999999 0
      vertex -0.75 12.799999999999999 10
    endloop
  endfacet
  facet normal 0.9659258262890683 -0.2588190451025207 0
    outer loop
      vertex -0.75 12.799999999999999 0
      vertex -0.649519052838329 13.174999999999999 0
      vertex -0.649519052838329 13.174999999999999 10
    endloop
  endfacet
  facet normal 0.7071067811865475 -0.7071067811865475 0
    outer loop
      vertex -0.649519052838329 13.174999999999999 0
      vertex -0.375 13.449519052838328 0
      vertex -0.375 13.449519052838328 10
    endloop
  endfacet
  facet normal 0.2588190451025207 -0.9659258262890683 0
    outer loop
      vertex -0.375 13.449519052838328 0
      vertex 0 13.549999999999999 0
      vertex 0 13.549999999999999 10
    endloop
  endfacet
  facet normal 0.2588190451025207 0.9659258262890683 0
    outer loop
      vertex -0.375 12.15048094716167 10
      vertex 0 12.049999999999999 10
      vertex 0 12.049999999999999 0
    endloop
  endfacet
  facet normal 0.7071067811865475 0.7071067811865475 0
    outer loop
      vertex -0.375 12.15048094716167 0
      vertex -0.649519052838329 12.424999999999999 10
      vertex -0.375 12.15048094716167 10
    endloop
  endfacet
  facet normal 0.9659258262890683 0.2588190451025207 0
    outer loop
      vertex -0.649519052838329 12.424999999999999 0
      vertex -0.75 12.799999999999999 10
      vertex -0.649519052838329 12.424999999999999 10
    endloop
  endfacet
  facet normal 0.9659258262890683 -0.2588190451025207 0
    outer loop
      vertex -0.75 12.799999999999999 0
      vertex -0.649519052838329 13.174999999999999 10
      vertex -0.75 12.799999999999999 10
    endloop
  endfacet
  facet normal 0.7071067811865475 -0.7071067811865475 0
    outer loop
      vertex -0.649519052838329 13.174999999999999 0
      vertex -0.375 13.449519052838328 10
      vertex -0.649519052838329 13.174999999999999 10
    endloop
  endfacet
  facet normal 0.2588190451025207 -0.9659258262890683 0
    outer loop
      vertex -0.375 13.449519052838328 0
      vertex 0 13.549999999999999 10
      vertex -0.375 13.449519052838328 10
    endloop
  endfacet
  facet normal -0.2588190451025207 0.9659258262890683 0
    outer loop
      vertex 0 12.049999999999999 0
      vertex 0 12.049999999999999 10
      vertex 0.375 12.15048094716167 0
    endloop
  endfacet
  facet normal -0.7071067811865475 0.7071067811865475 0
    outer loop
      vertex 0.375 12.15048094716167 0
      vertex 0.375 12.15048094716167 10
      vertex 0.649519052838329 12.424999999999999 0
    endloop
  endfacet
  facet normal -0.9659258262890683 0.2588190451025207 0
    outer loop
      vertex 0.649519052838329 12.424999999999999 0
      vertex 0.649519052838329 12.424999999999999 10
      vertex 0.75 12.799999999999999 0
    endloop
  endfacet
  facet normal -0.9659258262890683 -0.2588190451025207 0
    outer loop
      vertex 0.75 12.799999999999999 0
      vertex 0.75 12.799999999999999 10
      vertex 0.649519052838329 13.174999999999999 0
    endloop
  endfacet
  facet normal -0.2588190451025207 -0.9659258262890683 0
    outer loop
      vertex 0 13.549999999999999 0
      vertex 0.375 13.449519052838328 0
      vertex 0.375 13.449519052838328 10
    endloop
  endfacet
  facet normal -0.7071067811865475 -0.7071067811865475 0
    outer loop
      vertex 0.649519052838329 13.174999999999999 0
      vertex 0.649519052838329 13.174999999999999 10
      vertex 0.375 13.449519052838328 0
    endloop
  endfacet
  facet normal -0.2588190451025207 0.9659258262890683 0
    outer loop
      vertex 0.375 12.15048094716167 0
      vertex 0 12.049999999999999 10
      vertex 0.375 12.15048094716167 10
    endloop
  endfacet
  facet normal -0.7071067811865475 0.7071067811865475 0
    outer loop
      vertex 0.649519052838329 12.424999999999999 0
      vertex 0.375 12.15048094716167 10
      vertex 0.649519052838329 12.424999999999999 10
    endloop
  endfacet
  facet normal -0.9659258262890683 0.2588190451025207 0
    outer loop
      vertex 0.75 12.799999999999999 0
      vertex 0.649519052838329 12.424999999999999 10
      vertex 0.75 12.799999999999999 10
    endloop
  endfacet
  facet normal -0.9659258262890683 -0.2588190451025207 0
    outer loop
      vertex 0.649519052838329 13.174999999999999 0
      vertex 0.75 12.799999999999999 10
      vertex 0.649519052838329 13.174999999999999 10
    endloop
  endfacet
  facet normal -0.2588190451025207 -0.9659258262890683 0
    outer loop
      vertex 0 13.549999999999999 0
      vertex 0.375 13.449519052838328 10
      vertex 0 13.549999999999999 10
    endloop
  endfacet
  facet normal -0.7071067811865475 -0.7071067811865475 0
    outer loop
      vertex 0.375 13.449519052838328 0
      vertex 0.649519052838329 13.174999999999999 10
      vertex 0.375 13.449519052838328 10
    endloop
  endfacet
  facet normal -0.2588190451025207 0.9659258262890683 0
    outer loop
      vertex -29.700000000000003 -0.75 0
      vertex -29.700000000000003 -0.75 10
      vertex -29.325000000000003 -0.649519052838329 0
    endloop
  endfacet
  facet normal 0.7071067811865475 0.7071067811865475 0
    outer loop
      vertex -30.349519052838332 -0.375 0
      vertex -30.349519052838332 -0.375 10
      vertex -30.075000000000003 -0.649519052838329 0
    endloop
  endfacet
  facet normal 0.2588190451025207 0.9659258262890683 0
    outer loop
      vertex -29.700000000000003 -0.75 0
      vertex -30.075000000000003 -0.649519052838329 0
      vertex -30.075000000000003 -0.649519052838329 10
    endloop
  endfacet
  facet normal 0.9659258262890683 0.2588190451025207 0
    outer loop
      vertex -30.349519052838332 -0.375 0
      vertex -30.450000000000003 0 0
      vertex -30.450000000000003 0 10
    endloop
  endfacet
  facet normal -0.7071067811865475 0.7071067811865475 0
    outer loop
      vertex -29.325000000000003 -0.649519052838329 0
      vertex -29.325000000000003 -0.649519052838329 10
      vertex -29.050480947161674 -0.375 0
    endloop
  endfacet
  facet normal -0.9659258262890683 0.2588190451025207 0
    outer loop
      vertex -29.050480947161674 -0.375 0
      vertex -29.050480947161674 -0.375 10
      vertex -28.950000000000003 0 0
    endloop
  endfacet
  facet normal 0.2588190451025207 0.9659258262890683 0
    outer loop
      vertex -29.700000000000003 -0.75 0
      vertex -30.075000000000003 -0.649519052838329 10
      vertex -29.700000000000003 -0.75 10
    endloop
  endfacet
  facet normal 0.7071067811865475 0.7071067811865475 0
    outer loop
      vertex -30.075000000000003 -0.649519052838329 0
      vertex -30.349519052838332 -0.375 10
      vertex -30.075000000000003 -0.649519052838329 10
    endloop
  endfacet
  facet normal 0.9659258262890683 0.2588190451025207 0
    outer loop
      vertex -30.349519052838332 -0.375 0
      vertex -30.450000000000003 0 10
      vertex -30.349519052838332 -0.375 10
    endloop
  endfacet
  facet normal -0.2588190451025207 0.9659258262890683 0
    outer loop
      vertex -29.325000000000003 -0.649519052838329 0
      vertex -29.700000000000003 -0.75 10
      vertex -29.325000000000003 -0.649519052838329 10
    endloop
  endfacet
  facet normal -0.7071067811865475 0.7071067811865475 0
    outer loop
      vertex -29.050480947161674 -0.375 0
      vertex -29.325000000000003 -0.649519052838329 10
      vertex -29.050480947161674 -0.375 10
    endloop
  endfacet
  facet normal -0.9659258262890683 0.2588190451025207 0
    outer loop
      vertex -29.050480947161674 -0.375 10
      vertex -28.950000000000003 0 10
      vertex -28.950000000000003 0 0
    endloop
  endfacet
  facet normal 0.9659258262890683 -0.2588190451025207 0
    outer loop
      vertex -30.450000000000003 0 0
      vertex -30.349519052838332 0.375 0
      vertex -30.349519052838332 0.375 10
    endloop
  endfacet
  facet normal 0.7071067811865475 -0.7071067811865475 0
    outer loop
      vertex -30.349519052838332 0.375 0
      vertex -30.075000000000003 0.649519052838329 0
      vertex -30.075000000000003 0.649519052838329 10
    endloop
  endfacet
  facet normal -0.2588190451025207 -0.9659258262890683 0
    outer loop
      vertex -29.325000000000003 0.649519052838329 0
      vertex -29.325000000000003 0.649519052838329 10
      vertex -29.700000000000003 0.75 0
    endloop
  endfacet
  facet normal 0.2588190451025207 -0.9659258262890683 0
    outer loop
      vertex -30.075000000000003 0.649519052838329 0
      vertex -29.700000000000003 0.75 0
      vertex -29.700000000000003 0.75 10
    endloop
  endfacet
  facet normal -0.9659258262890683 -0.2588190451025207 0
    outer loop
      vertex -28.950000000000003 0 0
      vertex -28.950000000000003 0 10
      vertex -29.050480947161674 0.375 0
    endloop
  endfacet
  facet normal -0.7071067811865475 -0.7071067811865475 0
    outer loop
      vertex -29.325000000000003 0.649519052838329 0
      vertex -29.050480947161674 0.375 0
      vertex -29.050480947161674 0.375 10
    endloop
  endfacet
  facet normal 0.9659258262890683 -0.2588190451025207 0
    outer loop
      vertex -30.450000000000003 0 0
      vertex -30.349519052838332 0.375 10
      vertex -30.450000000000003 0 10
    endloop
  endfacet
  facet normal 0.7071067811865475 -0.7071067811865475 0
    outer loop
      vertex -30.349519052838332 0.375 0
      vertex -30.075000000000003 0.649519052838329 10
      vertex -30.349519052838332 0.375 10
    endloop
  endfacet
  facet normal 0.2588190451025207 -0.9659258262890683 0
    outer loop
      vertex -30.075000000000003 0.649519052838329 0
      vertex -29.700000000000003 0.75 10
      vertex -30.075000000000003 0.649519052838329 10
    endloop
  endfacet
  facet normal -0.2588190451025207 -0.9659258262890683 0
    outer loop
      vertex -29.700000000000003 0.75 0
      vertex -29.325000000000003 0.649519052838329 10
      vertex -29.700000000000003 0.75 10
    endloop
  endfacet
  facet normal -0.9659258262890683 -0.2588190451025207 0
    outer loop
      vertex -29.050480947161674 0.375 0
      vertex -28.950000000000003 0 10
      vertex -29.050480947161674 0.375 10
    endloop
  endfacet
  facet normal -0.7071067811865475 -0.7071067811865475 0
    outer loop
      vertex -29.325000000000003 0.649519052838329 0
      vertex -29.050480947161674 0.375 10
      vertex -29.325000000000003 0.649519052838329 10
    endloop
  endfacet
  facet normal 0.7071067811865475 0.7071067811865475 0
    outer loop
      vertex 29.050480947161674 -0.375 0
      vertex 29.050480947161674 -0.375 10
      vertex 29.325000000000003 -0.649519052838329 0
    endloop
  endfacet
  facet normal 0.9659258262890683 0.2588190451025207 0
    outer loop
      vertex 29.050480947161674 -0.375 0
      vertex 28.950000000000003 0 0
      vertex 28.950000000000003 0 10
    endloop
  endfacet
  facet normal -0.2588190451025207 0.9659258262890683 0
    outer loop
      vertex 29.700000000000003 -0.75 0
      vertex 29.700000000000003 -0.75 10
      vertex 30.075000000000003 -0.649519052838329 0
    endloop
  endfacet
  facet normal 0.2588190451025207 0.9659258262890683 0
    outer loop
      vertex 29.700000000000003 -0.75 0
      vertex 29.325000000000003 -0.649519052838329 0
      vertex 29.325000000000003 -0.649519052838329 10
    endloop
  endfacet
  facet normal -0.7071067811865475 0.7071067811865475 0
    outer loop
      vertex 30.075000000000003 -0.649519052838329 0
      vertex 30.075000000000003 -0.649519052838329 10
      vertex 30.349519052838332 -0.375 0
    endloop
  endfacet
  facet normal -0.9659258262890683 0.2588190451025207 0
    outer loop
      vertex 30.349519052838332 -0.375 0
      vertex 30.349519052838332 -0.375 10
      vertex 30.450000000000003 0 0
    endloop
  endfacet
  facet normal 0.7071067811865475 0.7071067811865475 0
    outer loop
      vertex 29.325000000000003 -0.649519052838329 0
      vertex 29.050480947161674 -0.375 10
      vertex 29.325000000000003 -0.649519052838329 10
    endloop
  endfacet
  facet normal 0.9659258262890683 0.2588190451025207 0
    outer loop
      vertex 29.050480947161674 -0.375 0
      vertex 28.950000000000003 0 10
      vertex 29.050480947161674 -0.375 10
    endloop
  endfacet
  facet normal 0.2588190451025207 0.9659258262890683 0
    outer loop
      vertex 29.700000000000003 -0.75 0
      vertex 29.325000000000003 -0.649519052838329 10
      vertex 29.700000000000003 -0.75 10
    endloop
  endfacet
  facet normal -0.2588190451025207 0.9659258262890683 0
    outer loop
      vertex 30.075000000000003 -0.649519052838329 0
      vertex 29.700000000000003 -0.75 10
      vertex 30.075000000000003 -0.649519052838329 10
    endloop
  endfacet
  facet normal -0.7071067811865475 0.7071067811865475 0
    outer loop
      vertex 30.349519052838332 -0.375 0
      vertex 30.075000000000003 -0.649519052838329 10
      vertex 30.349519052838332 -0.375 10
    endloop
  endfacet
  facet normal -0.9659258262890683 0.2588190451025207 0
    outer loop
      vertex 30.349519052838332 -0.375 10
      vertex 30.450000000000003 0 10
      vertex 30.450000000000003 0 0
    endloop
  endfacet
  facet normal 0.9659258262890683 -0.2588190451025207 0
    outer loop
      vertex 28.950000000000003 0 0
      vertex 29.050480947161674 0.375 0
      vertex 29.050480947161674 0.375 10
    endloop
  endfacet
  facet normal 0.7071067811865475 -0.7071067811865475 0
    outer loop
      vertex 29.050480947161674 0.375 0
      vertex 29.325000000000003 0.649519052838329 0
      vertex 29.325000000000003 0.649519052838329 10
    endloop
  endfacet
  facet normal -0.9659258262890683 -0.2588190451025207 0
    outer loop
      vertex 30.450000000000003 0 0
      vertex 30.450000000000003 0 10
      vertex 30.349519052838332 0.375 0
    endloop
  endfacet
  facet normal -0.2588190451025207 -0.9659258262890683 0
    outer loop
      vertex 30.075000000000003 0.649519052838329 0
      vertex 30.075000000000003 0.649519052838329 10
      vertex 29.700000000000003 0.75 0
    endloop
  endfacet
  facet normal -0.7071067811865475 -0.7071067811865475 0
    outer loop
      vertex 30.075000000000003 0.649519052838329 0
      vertex 30.349519052838332 0.375 0
      vertex 30.349519052838332 0.375 10
    endloop
  endfacet
  facet normal 0.2588190451025207 -0.9659258262890683 0
    outer loop
      vertex 29.325000000000003 0.649519052838329 0
      vertex 29.700000000000003 0.75 0
      vertex 29.700000000000003 0.75 10
    endloop
  endfacet
  facet normal 0.9659258262890683 -0.2588190451025207 0
    outer loop
      vertex 28.950000000000003 0 0
      vertex 29.050480947161674 0.375 10
      vertex 28.950000000000003 0 10
    endloop
  endfacet
  facet normal 0.7071067811865475 -0.7071067811865475 0
    outer loop
      vertex 29.050480947161674 0.375 0
      vertex 29.325000000000003 0.649519052838329 10
      vertex 29.050480947161674 0.375 10
    endloop
  endfacet
  facet normal 0.2588190451025207 -0.9659258262890683 0
    outer loop
      vertex 29.325000000000003 0.649519052838329 0
      vertex 29.700000000000003 0.75 10
      vertex 29.325000000000003 0.649519052838329 10
    endloop
  endfacet
  facet normal -0.9659258262890683 -0.2588190451025207 0
    outer loop
      vertex 30.349519052838332 0.375 0
      vertex 30.450000000000003 0 10
      vertex 30.349519052838332 0.375 10
    endloop
  endfacet
  facet normal -0.7071067811865475 -0.7071067811865475 0
    outer loop
      vertex 30.075000000000003 0.649519052838329 0
      vertex 30.349519052838332 0.375 10
      vertex 30.075000000000003 0.649519052838329 10
    endloop
  endfacet
  facet normal -0.2588190451025207 -0.9659258262890683 0
    outer loop
      vertex 29.700000000000003 0.75 0
      vertex 30.075000000000003 0.649519052838329 10
      vertex 29.700000000000003 0.75 10
    endloop
  endfacet
  facet normal 0 0 -1
    outer loop
      vertex -40.164101615548134 -20.299999997019768 0
      vertex -36.9628553268048 -20.348802457287242 0
      vertex -39.87341336160898 -20.735045716166496 0
    endloop
  endfacet
  facet normal 0 0 -1
    outer loop
      vertex -40.164101615548134 -20.299999997019768 0
      vertex -37.35 -20.157883832488643 0
      vertex -36.9628553268048 -20.348802457287242 0
    endloop
  endfacet
  facet normal 0 0 -1
    outer loop
      vertex -40.164101615548134 -20.299999997019768 0
      vertex -40.39551813155413 -19.830733723938465 0
      vertex -37.70891271572878 -19.918066022961074 0
    endloop
  endfacet
  facet normal 0 0 -1
    outer loop
      vertex -40.39551813155413 -19.830733723938465 0
      vertex -38.31806602296108 -19.308912715728773 0
      vertex -38.03345237791561 -19.633452377915603 0
    endloop
  endfacet
  facet normal 0 0 -1
    outer loop
      vertex -40.164101615548134 -20.299999997019768 0
      vertex -37.70891271572878 -19.918066022961074 0
      vertex -37.35 -20.157883832488643 0
    endloop
  endfacet
  facet normal 0 0 -1
    outer loop
      vertex -40.39551813155413 -19.830733723938465 0
      vertex -38.03345237791561 -19.633452377915603 0
      vertex -37.70891271572878 -19.918066022961074 0
    endloop
  endfacet
  facet normal 0 0 -1
    outer loop
      vertex -39.87341336160898 -20.735045716166496 0
      vertex -36.9628553268048 -20.348802457287242 0
      vertex -36.55410284883832 -20.487555226753923 0
    endloop
  endfacet
  facet normal 0 0 -1
    outer loop
      vertex -39.87341336160898 -20.735045716166496 0
      vertex -36.55410284883832 -20.487555226753923 0
      vertex -36.130736434326174 -20.57176804253357 0
    endloop
  endfacet
  facet normal 0 0 -1
    outer loop
      vertex -39.87341336160898 -20.735045716166496 0
      vertex -36.130736434326174 -20.57176804253357 0
      vertex -35.7 -20.599999999999998 0
    endloop
  endfacet
  facet normal 0 0 -1
    outer loop
      vertex -40.39551813155413 -19.830733723938465 0
      vertex -40.563703306019306 -19.335276179015636 0
      vertex -38.31806602296108 -19.308912715728773 0
    endloop
  endfacet
  facet normal 0 0 -1
    outer loop
      vertex -40.563703306019306 -19.335276179015636 0
      vertex -40.66577944904566 -18.822104766964912 0
      vertex -38.74880245728725 -18.562855326804794 0
    endloop
  endfacet
  facet normal 0 0 -1
    outer loop
      vertex -40.66577944904566 -18.822104766964912 0
      vertex -40.70000000298023 -18.299999997019768 0
      vertex -38.887555226753925 -18.154102848838317 0
    endloop
  endfacet
  facet normal 0 0 -1
    outer loop
      vertex -40.66577944904566 -18.822104766964912 0
      vertex -38.887555226753925 -18.154102848838317 0
      vertex -38.74880245728725 -18.562855326804794 0
    endloop
  endfacet
  facet normal 0 0 -1
    outer loop
      vertex -40.563703306019306 -19.335276179015636 0
      vertex -38.55788383248865 -18.949999999999996 0
      vertex -38.31806602296108 -19.308912715728773 0
    endloop
  endfacet
  facet normal 0 0 -1
    outer loop
      vertex -40.563703306019306 -19.335276179015636 0
      vertex -38.74880245728725 -18.562855326804794 0
      vertex -38.55788383248865 -18.949999999999996 0
    endloop
  endfacet
  facet normal 0 0 -1
    outer loop
      vertex -40.70000000298023 -18.299999997019768 0
      vertex -38.971768042533576 -17.730736434326168 0
      vertex -38.887555226753925 -18.154102848838317 0
    endloop
  endfacet
  facet normal 0 0 -1
    outer loop
      vertex -40.70000000298023 -18.299999997019768 0
      vertex -39 -17.299999999999997 0
      vertex -38.971768042533576 -17.730736434326168 0
    endloop
  endfacet
  facet normal 0 0 -1
    outer loop
      vertex -40.70000000298023 -18.299999997019768 0
      vertex -38.971768042533576 -16.869263565673826 0
      vertex -39 -17.299999999999997 0
    endloop
  endfacet
  facet normal -0.4422886899810064 -0.8968727416500545 0
    outer loop
      vertex -38.23073372989893 -21.995518125593662 0
      vertex -38.70000000298023 -21.76410160958767 10
      vertex -38.70000000298023 -21.76410160958767 0
    endloop
  endfacet
  facet normal -0.5555702302277682 -0.8314696141679891 0
    outer loop
      vertex -38.70000000298023 -21.76410160958767 0
      vertex -39.13504572212696 -21.473413355648518 10
      vertex -39.13504572212696 -21.473413355648518 0
    endloop
  endfacet
  facet normal -0.6593458228172265 -0.7518398007112117 0
    outer loop
      vertex -39.52842712402344 -21.128427118062973 0
      vertex -39.13504572212696 -21.473413355648518 0
      vertex -39.52842712402344 -21.128427118062973 10
    endloop
  endfacet
  facet normal -0.8314696141679891 -0.5555702302277682 0
    outer loop
      vertex -40.164101615548134 -20.299999997019768 0
      vertex -39.87341336160898 -20.735045716166496 0
      vertex -40.164101615548134 -20.299999997019768 10
    endloop
  endfacet
  facet normal -0.7518398007112117 -0.6593458228172265 0
    outer loop
      vertex -39.52842712402344 -21.128427118062973 0
      vertex -39.87341336160898 -20.735045716166496 10
      vertex -39.87341336160898 -20.735045716166496 0
    endloop
  endfacet
  facet normal -0.8968727416500545 -0.4422886899810064 0
    outer loop
      vertex -40.164101615548134 -20.299999997019768 0
      vertex -40.39551813155413 -19.830733723938465 10
      vertex -40.39551813155413 -19.830733723938465 0
    endloop
  endfacet
  facet normal -0.3214394665972703 -0.946930129055815 0
    outer loop
      vertex -38.23073372989893 -21.995518125593662 0
      vertex -37.7352761849761 -22.16370330005884 0
      vertex -38.23073372989893 -21.995518125593662 10
    endloop
  endfacet
  facet normal -0.1950903267663619 -0.9807852794583501 0
    outer loop
      vertex -37.7352761849761 -22.16370330005884 0
      vertex -37.22210477292538 -22.265779443085194 0
      vertex -37.7352761849761 -22.16370330005884 10
    endloop
  endfacet
  facet normal -0.06540312801222276 -0.9978589233184302 0
    outer loop
      vertex -37.22210477292538 -22.265779443085194 0
      vertex -36.70000000298023 -22.299999997019768 0
      vertex -37.22210477292538 -22.265779443085194 10
    endloop
  endfacet
  facet normal -0.946930129055815 -0.3214394665972703 0
    outer loop
      vertex -40.39551813155413 -19.830733723938465 0
      vertex -40.563703306019306 -19.335276179015636 10
      vertex -40.563703306019306 -19.335276179015636 0
    endloop
  endfacet
  facet normal -0.9807852794583501 -0.1950903267663619 0
    outer loop
      vertex -40.563703306019306 -19.335276179015636 0
      vertex -40.66577944904566 -18.822104766964912 10
      vertex -40.66577944904566 -18.822104766964912 0
    endloop
  endfacet
  facet normal -0.9978589233184302 -0.06540312801222276 0
    outer loop
      vertex -40.66577944904566 -18.822104766964912 0
      vertex -40.70000000298023 -18.299999997019768 10
      vertex -40.70000000298023 -18.299999997019768 0
    endloop
  endfacet
  facet normal 0 0 -1
    outer loop
      vertex -32.84211616751136 -18.949999999999996 0
      vertex -32.65119754271276 -18.562855326804794 0
      vertex -23.7 -13.049999999999999 0
    endloop
  endfacet
  facet normal 0 0 -1
    outer loop
      vertex -32.65119754271276 -18.562855326804794 0
      vertex -32.51244477324608 -18.154102848838317 0
      vertex -23.7 -13.049999999999999 0
    endloop
  endfacet
  facet normal 0 0 -1
    outer loop
      vertex -32.51244477324608 -18.154102848838317 0
      vertex -32.42823195746643 -17.730736434326168 0
      vertex -24.075 -12.949519052838328 0
    endloop
  endfacet
  facet normal 0 0 -1
    outer loop
      vertex -32.42823195746643 -17.730736434326168 0
      vertex -32.400000000000006 -17.299999999999997 0
      vertex -24.075 -12.949519052838328 0
    endloop
  endfacet
  facet normal 0 0 -1
    outer loop
      vertex -32.400000000000006 -17.299999999999997 0
      vertex -32.42823195746643 -16.869263565673826 0
      vertex -24.075 -12.949519052838328 0
    endloop
  endfacet
  facet normal 0 0 -1
    outer loop
      vertex -32.65119754271276 -16.0371446731952 0
      vertex -32.84211616751136 -15.649999999999997 0
      vertex -24.34951905283833 -12.674999999999999 0
    endloop
  endfacet
  facet normal 0 0 -1
    outer loop
      vertex -32.42823195746643 -16.869263565673826 0
      vertex -32.51244477324608 -16.445897151161677 0
      vertex -24.34951905283833 -12.674999999999999 0
    endloop
  endfacet
  facet normal 0 0 -1
    outer loop
      vertex -32.51244477324608 -16.445897151161677 0
      vertex -32.65119754271276 -16.0371446731952 0
      vertex -24.34951905283833 -12.674999999999999 0
    endloop
  endfacet
  facet normal 0 0 -1
    outer loop
      vertex -33.08193397703893 -15.291087284271219 0
      vertex -24.34951905283833 -11.924999999999999 0
      vertex -32.84211616751136 -15.649999999999997 0
    endloop
  endfacet
  facet normal 0 0 -1
    outer loop
      vertex -32.51244477324608 -18.154102848838317 0
      vertex -24.075 -12.949519052838328 0
      vertex -23.7 -13.049999999999999 0
    endloop
  endfacet
  facet normal 0 0 -1
    outer loop
      vertex -32.42823195746643 -16.869263565673826 0
      vertex -24.34951905283833 -12.674999999999999 0
      vertex -24.075 -12.949519052838328 0
    endloop
  endfacet
  facet normal 0 0 -1
    outer loop
      vertex -32.84211616751136 -18.949999999999996 0
      vertex -23.7 -13.049999999999999 0
      vertex -23.325 -12.949519052838328 0
    endloop
  endfacet
  facet normal 0 0 -1
    outer loop
      vertex -32.84211616751136 -15.649999999999997 0
      vertex -24.45 -12.299999999999999 0
      vertex -24.34951905283833 -12.674999999999999 0
    endloop
  endfacet
  facet normal 0 0 -1
    outer loop
      vertex -32.84211616751136 -15.649999999999997 0
      vertex -24.34951905283833 -11.924999999999999 0
      vertex -24.45 -12.299999999999999 0
    endloop
  endfacet
  facet normal 0 0 -1
    outer loop
      vertex -33.08193397703893 -15.291087284271219 0
      vertex -24.075 -11.65048094716167 0
      vertex -24.34951905283833 -11.924999999999999 0
    endloop
  endfacet
  facet normal -0.7518398007112117 -0.6593458228172265 0
    outer loop
      vertex -39.52842712402344 -21.128427118062973 0
      vertex -39.52842712402344 -21.128427118062973 10
      vertex -39.87341336160898 -20.735045716166496 10
    endloop
  endfacet
  facet normal -0.5555702302277682 -0.8314696141679891 0
    outer loop
      vertex -38.70000000298023 -21.76410160958767 0
      vertex -38.70000000298023 -21.76410160958767 10
      vertex -39.13504572212696 -21.473413355648518 10
    endloop
  endfacet
  facet normal -0.4422886899810064 -0.8968727416500545 0
    outer loop
      vertex -38.23073372989893 -21.995518125593662 0
      vertex -38.23073372989893 -21.995518125593662 10
      vertex -38.70000000298023 -21.76410160958767 10
    endloop
  endfacet
  facet normal -0.6593458228172265 -0.7518398007112117 0
    outer loop
      vertex -39.13504572212696 -21.473413355648518 0
      vertex -39.13504572212696 -21.473413355648518 10
      vertex -39.52842712402344 -21.128427118062973 10
    endloop
  endfacet
  facet normal -0.8314696141679891 -0.5555702302277682 0
    outer loop
      vertex -39.87341336160898 -20.735045716166496 0
      vertex -39.87341336160898 -20.735045716166496 10
      vertex -40.164101615548134 -20.299999997019768 10
    endloop
  endfacet
  facet normal -0.8968727416500545 -0.4422886899810064 0
    outer loop
      vertex -40.164101615548134 -20.299999997019768 0
      vertex -40.164101615548134 -20.299999997019768 10
      vertex -40.39551813155413 -19.830733723938465 10
    endloop
  endfacet
  facet normal -0.946930129055815 -0.3214394665972703 0
    outer loop
      vertex -40.39551813155413 -19.830733723938465 0
      vertex -40.39551813155413 -19.830733723938465 10
      vertex -40.563703306019306 -19.335276179015636 10
    endloop
  endfacet
  facet normal -0.3214394665972703 -0.946930129055815 0
    outer loop
      vertex -37.7352761849761 -22.16370330005884 0
      vertex -37.7352761849761 -22.16370330005884 10
      vertex -38.23073372989893 -21.995518125593662 10
    endloop
  endfacet
  facet normal -0.1950903267663619 -0.9807852794583501 0
    outer loop
      vertex -37.22210477292538 -22.265779443085194 0
      vertex -37.22210477292538 -22.265779443085194 10
      vertex -37.7352761849761 -22.16370330005884 10
    endloop
  endfacet
  facet normal -0.06540312801222276 -0.9978589233184302 0
    outer loop
      vertex -36.70000000298023 -22.299999997019768 0
      vertex -36.70000000298023 -22.299999997019768 10
      vertex -37.22210477292538 -22.265779443085194 10
    endloop
  endfacet
  facet normal -0.9807852794583501 -0.1950903267663619 0
    outer loop
      vertex -40.563703306019306 -19.335276179015636 0
      vertex -40.563703306019306 -19.335276179015636 10
      vertex -40.66577944904566 -18.822104766964912 10
    endloop
  endfacet
  facet normal -0.9978589233184302 -0.06540312801222276 0
    outer loop
      vertex -40.66577944904566 -18.822104766964912 0
      vertex -40.66577944904566 -18.822104766964912 10
      vertex -40.70000000298023 -18.299999997019768 10
    endloop
  endfacet
  facet normal 0 0 -1
    outer loop
      vertex -38.55788383248865 -15.649999999999997 0
      vertex -30.450000000000003 0 0
      vertex -38.31806602296108 -15.291087284271219 0
    endloop
  endfacet
  facet normal 0 0 -1
    outer loop
      vertex -40.70000000298023 -18.299999997019768 0
      vertex -40.70000000298023 18.299999997019768 0
      vertex -38.971768042533576 -16.869263565673826 0
    endloop
  endfacet
  facet normal 0 0 -1
    outer loop
      vertex -38.31806602296108 -15.291087284271219 0
      vertex -30.450000000000003 0 0
      vertex -38.03345237791561 -14.966547622084391 0
    endloop
  endfacet
  facet normal 0 0 -1
    outer loop
      vertex -38.03345237791561 -14.966547622084391 0
      vertex -30.450000000000003 0 0
      vertex -37.70891271572878 -14.681933977038922 0
    endloop
  endfacet
  facet normal 0 0 -1
    outer loop
      vertex -37.70891271572878 -14.681933977038922 0
      vertex -30.450000000000003 0 0
      vertex -37.35 -14.442116167511351 0
    endloop
  endfacet
  facet normal 0 0 -1
    outer loop
      vertex -37.35 -14.442116167511351 0
      vertex -30.450000000000003 0 0
      vertex -36.9628553268048 -14.25119754271275 0
    endloop
  endfacet
  facet normal 0 0 -1
    outer loop
      vertex -36.9628553268048 -14.25119754271275 0
      vertex -30.450000000000003 0 0
      vertex -36.55410284883832 -14.112444773246072 0
    endloop
  endfacet
  facet normal 0 0 -1
    outer loop
      vertex -36.55410284883832 -14.112444773246072 0
      vertex -30.349519052838332 -0.375 0
      vertex -36.130736434326174 -14.028231957466422 0
    endloop
  endfacet
  facet normal 0 0 -1
    outer loop
      vertex -36.130736434326174 -14.028231957466422 0
      vertex -30.349519052838332 -0.375 0
      vertex -35.7 -13.999999999999996 0
    endloop
  endfacet
  facet normal 0 0 -1
    outer loop
      vertex -35.26926356567383 -14.028231957466422 0
      vertex -30.075000000000003 -0.649519052838329 0
      vertex -34.84589715116169 -14.112444773246072 0
    endloop
  endfacet
  facet normal 0 0 -1
    outer loop
      vertex -35.7 -13.999999999999996 0
      vertex -30.075000000000003 -0.649519052838329 0
      vertex -35.26926356567383 -14.028231957466422 0
    endloop
  endfacet
  facet normal 0 0 -1
    outer loop
      vertex -34.84589715116169 -14.112444773246072 0
      vertex -30.075000000000003 -0.649519052838329 0
      vertex -34.437144673195206 -14.25119754271275 0
    endloop
  endfacet
  facet normal 0 0 -1
    outer loop
      vertex -33.69108728427123 -14.681933977038922 0
      vertex -34.050000000000004 -14.442116167511351 0
      vertex -29.700000000000003 -0.75 0
    endloop
  endfacet
  facet normal 0 0 -1
    outer loop
      vertex -34.437144673195206 -14.25119754271275 0
      vertex -29.700000000000003 -0.75 0
      vertex -34.050000000000004 -14.442116167511351 0
    endloop
  endfacet
  facet normal 0 0 -1
    outer loop
      vertex -38.971768042533576 -16.869263565673826 0
      vertex -40.70000000298023 18.299999997019768 0
      vertex -38.887555226753925 -16.445897151161677 0
    endloop
  endfacet
  facet normal 0 0 -1
    outer loop
      vertex -38.887555226753925 -16.445897151161677 0
      vertex -40.70000000298023 18.299999997019768 0
      vertex -38.74880245728725 -16.0371446731952 0
    endloop
  endfacet
  facet normal 0 0 -1
    outer loop
      vertex -38.74880245728725 -16.0371446731952 0
      vertex -40.70000000298023 18.299999997019768 0
      vertex -38.55788383248865 -15.649999999999997 0
    endloop
  endfacet
  facet normal 0 0 -1
    outer loop
      vertex -35.7 -13.999999999999996 0
      vertex -30.349519052838332 -0.375 0
      vertex -30.075000000000003 -0.649519052838329 0
    endloop
  endfacet
  facet normal 0 0 -1
    outer loop
      vertex -36.55410284883832 -14.112444773246072 0
      vertex -30.450000000000003 0 0
      vertex -30.349519052838332 -0.375 0
    endloop
  endfacet
  facet normal 0 0 -1
    outer loop
      vertex -34.437144673195206 -14.25119754271275 0
      vertex -30.075000000000003 -0.649519052838329 0
      vertex -29.700000000000003 -0.75 0
    endloop
  endfacet
  facet normal 0 0 -1
    outer loop
      vertex -33.69108728427123 -14.681933977038922 0
      vertex -29.700000000000003 -0.75 0
      vertex -29.325000000000003 -0.649519052838329 0
    endloop
  endfacet
  facet normal 0 0 -1
    outer loop
      vertex -33.69108728427123 -14.681933977038922 0
      vertex -29.325000000000003 -0.649519052838329 0
      vertex -29.050480947161674 -0.375 0
    endloop
  endfacet
  facet normal -1 0 0
    outer loop
      vertex -40.70000000298023 -18.299999997019768 0
      vertex -40.70000000298023 -18.299999997019768 10
      vertex -40.70000000298023 18.299999997019768 10
    endloop
  endfacet
  facet normal 0 0 -1
    outer loop
      vertex -39.52842712402344 -21.128427118062973 0
      vertex 34.84589715116169 -20.487555226753923 0
      vertex -39.13504572212696 -21.473413355648518 0
    endloop
  endfacet
  facet normal 0 0 -1
    outer loop
      vertex -39.52842712402344 -21.128427118062973 0
      vertex -39.87341336160898 -20.735045716166496 0
      vertex 33.69108728427123 -19.918066022961074 0
    endloop
  endfacet
  facet normal 0 0 -1
    outer loop
      vertex -39.87341336160898 -20.735045716166496 0
      vertex -35.7 -20.599999999999998 0
      vertex 33.3665476220844 -19.633452377915603 0
    endloop
  endfacet
  facet normal 0 0 -1
    outer loop
      vertex -37.7352761849761 -22.16370330005884 0
      vertex 38.70000000298023 -21.76410160958767 0
      vertex -37.22210477292538 -22.265779443085194 0
    endloop
  endfacet
  facet normal 0 0 -1
    outer loop
      vertex -38.23073372989893 -21.995518125593662 0
      vertex -38.70000000298023 -21.76410160958767 0
      vertex 39.52842712402344 -21.128427118062973 0
    endloop
  endfacet
  facet normal 0 0 -1
    outer loop
      vertex -38.23073372989893 -21.995518125593662 0
      vertex 39.13504572212696 -21.473413355648518 0
      vertex -37.7352761849761 -22.16370330005884 0
    endloop
  endfacet
  facet normal 0 0 -1
    outer loop
      vertex -37.22210477292538 -22.265779443085194 0
      vertex 38.23073372989893 -21.995518125593662 0
      vertex -36.70000000298023 -22.299999997019768 0
    endloop
  endfacet
  facet normal 0 0 -1
    outer loop
      vertex -38.70000000298023 -21.76410160958767 0
      vertex -39.13504572212696 -21.473413355648518 0
      vertex 39.87341336160898 -20.735045716166496 0
    endloop
  endfacet
  facet normal 0 0 -1
    outer loop
      vertex -35.7 -20.599999999999998 0
      vertex -35.26926356567383 -20.57176804253357 0
      vertex 33.3665476220844 -19.633452377915603 0
    endloop
  endfacet
  facet normal 0 0 -1
    outer loop
      vertex -35.26926356567383 -20.57176804253357 0
      vertex -34.84589715116169 -20.487555226753923 0
      vertex 33.3665476220844 -19.633452377915603 0
    endloop
  endfacet
  facet normal 0 0 -1
    outer loop
      vertex -34.84589715116169 -20.487555226753923 0
      vertex -34.437144673195206 -20.348802457287242 0
      vertex 33.3665476220844 -19.633452377915603 0
    endloop
  endfacet
  facet normal 0 0 -1
    outer loop
      vertex -34.437144673195206 -20.348802457287242 0
      vertex -34.050000000000004 -20.157883832488643 0
      vertex 33.3665476220844 -19.633452377915603 0
    endloop
  endfacet
  facet normal 0 0 -1
    outer loop
      vertex -34.050000000000004 -20.157883832488643 0
      vertex -33.69108728427123 -19.918066022961074 0
      vertex 33.08193397703893 -19.308912715728773 0
    endloop
  endfacet
  facet normal 0 0 -1
    outer loop
      vertex -33.69108728427123 -19.918066022961074 0
      vertex -33.3665476220844 -19.633452377915603 0
      vertex 33.08193397703893 -19.308912715728773 0
    endloop
  endfacet
  facet normal 0 0 -1
    outer loop
      vertex -33.3665476220844 -19.633452377915603 0
      vertex -33.08193397703893 -19.308912715728773 0
      vertex 32.65119754271276 -18.562855326804794 0
    endloop
  endfacet
  facet normal 0 0 -1
    outer loop
      vertex -33.08193397703893 -19.308912715728773 0
      vertex -32.84211616751136 -18.949999999999996 0
      vertex 32.65119754271276 -18.562855326804794 0
    endloop
  endfacet
  facet normal 0 -1 0
    outer loop
      vertex -36.70000000298023 -22.299999997019768 0
      vertex 36.70000000298023 -22.299999997019768 0
      vertex -36.70000000298023 -22.299999997019768 10
    endloop
  endfacet
  facet normal 0 0 -1
    outer loop
      vertex -32.84211616751136 -18.949999999999996 0
      vertex -23.325 -12.949519052838328 0
      vertex -0.375 -13.449519052838328 0
    endloop
  endfacet
  facet normal 0 0 -1
    outer loop
      vertex -23.325 -12.949519052838328 0
      vertex -23.05048094716167 -12.674999999999999 0
      vertex -0.649519052838329 -13.174999999999999 0
    endloop
  endfacet
  facet normal 0 0 -1
    outer loop
      vertex -23.05048094716167 -12.674999999999999 0
      vertex -22.95 -12.299999999999999 0
      vertex -0.75 -12.799999999999999 0
    endloop
  endfacet
  facet normal 0 0 -1
    outer loop
      vertex -22.95 -12.299999999999999 0
      vertex -23.05048094716167 -11.924999999999999 0
      vertex -0.649519052838329 -12.424999999999999 0
    endloop
  endfacet
  facet normal 0 0 -1
    outer loop
      vertex -23.05048094716167 -11.924999999999999 0
      vertex -23.325 -11.65048094716167 0
      vertex -0.375 -12.15048094716167 0
    endloop
  endfacet
  facet normal 0 0 -1
    outer loop
      vertex -32.84211616751136 -18.949999999999996 0
      vertex -0.375 -13.449519052838328 0
      vertex 0 -13.549999999999999 0
    endloop
  endfacet
  facet normal 0 0 -1
    outer loop
      vertex -32.84211616751136 -18.949999999999996 0
      vertex 0 -13.549999999999999 0
      vertex 32.65119754271276 -18.562855326804794 0
    endloop
  endfacet
  facet normal 0 0 -1
    outer loop
      vertex -23.325 -12.949519052838328 0
      vertex -0.649519052838329 -13.174999999999999 0
      vertex -0.375 -13.449519052838328 0
    endloop
  endfacet
  facet normal 0 0 -1
    outer loop
      vertex -23.05048094716167 -12.674999999999999 0
      vertex -0.75 -12.799999999999999 0
      vertex -0.649519052838329 -13.174999999999999 0
    endloop
  endfacet
  facet normal 0 0 -1
    outer loop
      vertex -22.95 -12.299999999999999 0
      vertex -0.649519052838329 -12.424999999999999 0
      vertex -0.75 -12.799999999999999 0
    endloop
  endfacet
  facet normal 0 0 -1
    outer loop
      vertex -23.05048094716167 -11.924999999999999 0
      vertex -0.375 -12.15048094716167 0
      vertex -0.649519052838329 -12.424999999999999 0
    endloop
  endfacet
  facet normal 0 0 -1
    outer loop
      vertex -33.08193397703893 -15.291087284271219 0
      vertex -33.3665476220844 -14.966547622084391 0
      vertex 33.08193397703893 15.291087284271219 0
    endloop
  endfacet
  facet normal 0 0 -1
    outer loop
      vertex -33.69108728427123 -14.681933977038922 0
      vertex 33.08193397703893 15.291087284271219 0
      vertex -33.3665476220844 -14.966547622084391 0
    endloop
  endfacet
  facet normal 0 0 -1
    outer loop
      vertex -33.69108728427123 -14.681933977038922 0
      vertex -29.050480947161674 -0.375 0
      vertex 23.05048094716167 12.674999999999999 0
    endloop
  endfacet
  facet normal 0 0 -1
    outer loop
      vertex -23.7 -11.549999999999999 0
      vertex 28.950000000000003 0 0
      vertex -23.325 -11.65048094716167 0
    endloop
  endfacet
  facet normal 0 0 -1
    outer loop
      vertex -33.08193397703893 -15.291087284271219 0
      vertex 33.69108728427123 14.681933977038922 0
      vertex -24.075 -11.65048094716167 0
    endloop
  endfacet
  facet normal 0 0 -1
    outer loop
      vertex -24.075 -11.65048094716167 0
      vertex 33.69108728427123 14.681933977038922 0
      vertex -23.7 -11.549999999999999 0
    endloop
  endfacet
  facet normal 0 0 1
    outer loop
      vertex -40.563703306019306 -19.335276179015636 10
      vertex -37.34207390469142 -17.739992376674284 10
      vertex -40.66577944904566 -18.822104766964912 10
    endloop
  endfacet
  facet normal 0 0 1
    outer loop
      vertex -40.66577944904566 -18.822104766964912 10
      vertex -37.400000000000006 -17.299999999999997 10
      vertex -40.70000000298023 -18.299999997019768 10
    endloop
  endfacet
  facet normal 0 0 1
    outer loop
      vertex -40.563703306019306 -19.335276179015636 10
      vertex -36.902081528017135 -18.50208152801713 10
      vertex -37.0487006784951 -18.334894429314822 10
    endloop
  endfacet
  facet normal 0 0 1
    outer loop
      vertex -40.563703306019306 -19.335276179015636 10
      vertex -37.17224318643355 -18.15 10
      vertex -37.27059520526919 -17.95056183502065 10
    endloop
  endfacet
  facet normal 0 0 1
    outer loop
      vertex -40.563703306019306 -19.335276179015636 10
      vertex -37.0487006784951 -18.334894429314822 10
      vertex -37.17224318643355 -18.15 10
    endloop
  endfacet
  facet normal 0 0 1
    outer loop
      vertex -40.563703306019306 -19.335276179015636 10
      vertex -37.27059520526919 -17.95056183502065 10
      vertex -37.34207390469142 -17.739992376674284 10
    endloop
  endfacet
  facet normal 0 0 1
    outer loop
      vertex -40.66577944904566 -18.822104766964912 10
      vertex -37.38545626433548 -17.521894526774084 10
      vertex -37.400000000000006 -17.299999999999997 10
    endloop
  endfacet
  facet normal 0 0 1
    outer loop
      vertex -40.66577944904566 -18.822104766964912 10
      vertex -37.34207390469142 -17.739992376674284 10
      vertex -37.38545626433548 -17.521894526774084 10
    endloop
  endfacet
  facet normal 0 0 1
    outer loop
      vertex -40.70000000298023 -18.299999997019768 10
      vertex -37.400000000000006 -17.299999999999997 10
      vertex -37.38545626433548 -17.07810547322591 10
    endloop
  endfacet
  facet normal 0 0 1
    outer loop
      vertex -40.70000000298023 -18.299999997019768 10
      vertex -37.38545626433548 -17.07810547322591 10
      vertex -37.34207390469142 -16.86000762332571 10
    endloop
  endfacet
  facet normal 0 0 1
    outer loop
      vertex -40.70000000298023 -18.299999997019768 10
      vertex -37.34207390469142 -16.86000762332571 10
      vertex -37.27059520526919 -16.649438164979344 10
    endloop
  endfacet
  facet normal 0 0 1
    outer loop
      vertex -40.70000000298023 -18.299999997019768 10
      vertex -37.27059520526919 -16.649438164979344 10
      vertex -37.17224318643355 -16.449999999999996 10
    endloop
  endfacet
  facet normal 0 0 1
    outer loop
      vertex -40.70000000298023 -18.299999997019768 10
      vertex -37.17224318643355 -16.449999999999996 10
      vertex -37.0487006784951 -16.265105570685172 10
    endloop
  endfacet
  facet normal 0 0 1
    outer loop
      vertex -40.563703306019306 -19.335276179015636 10
      vertex -36.73489442931483 -18.648700678495096 10
      vertex -36.902081528017135 -18.50208152801713 10
    endloop
  endfacet
  facet normal 0 0 1
    outer loop
      vertex -40.563703306019306 -19.335276179015636 10
      vertex -36.550000000000004 -18.772243186433542 10
      vertex -36.73489442931483 -18.648700678495096 10
    endloop
  endfacet
  facet normal 0 0 1
    outer loop
      vertex -40.563703306019306 -19.335276179015636 10
      vertex -36.350561835020656 -18.870595205269183 10
      vertex -36.550000000000004 -18.772243186433542 10
    endloop
  endfacet
  facet normal 0 0 1
    outer loop
      vertex -40.563703306019306 -19.335276179015636 10
      vertex -36.139992376674286 -18.942073904691412 10
      vertex -36.350561835020656 -18.870595205269183 10
    endloop
  endfacet
  facet normal 0 0 1
    outer loop
      vertex -40.563703306019306 -19.335276179015636 10
      vertex -35.92189452677409 -18.985456264335475 10
      vertex -36.139992376674286 -18.942073904691412 10
    endloop
  endfacet
  facet normal 0 0 1
    outer loop
      vertex -40.563703306019306 -19.335276179015636 10
      vertex -35.7 -18.999999999999996 10
      vertex -35.92189452677409 -18.985456264335475 10
    endloop
  endfacet
  facet normal 0 0 1
    outer loop
      vertex -40.563703306019306 -19.335276179015636 10
      vertex -35.47810547322592 -18.985456264335475 10
      vertex -35.7 -18.999999999999996 10
    endloop
  endfacet
  facet normal 0 0 1
    outer loop
      vertex -40.164101615548134 -20.299999997019768 10
      vertex -39.87341336160898 -20.735045716166496 10
      vertex -17.249375 -19.963980977706363 10
    endloop
  endfacet
  facet normal 0 0 1
    outer loop
      vertex -40.164101615548134 -20.299999997019768 10
      vertex -17.982391659052723 -19.321142620735536 10
      vertex -40.39551813155413 -19.830733723938465 10
    endloop
  endfacet
  facet normal 0 0 1
    outer loop
      vertex -40.39551813155413 -19.830733723938465 10
      vertex -18.30854398186258 -18.756230226622264 10
      vertex -40.563703306019306 -19.335276179015636 10
    endloop
  endfacet
  facet normal 0 0 1
    outer loop
      vertex -40.563703306019306 -19.335276179015636 10
      vertex -18.30854398186258 -18.756230226622264 10
      vertex -35.47810547322592 -18.985456264335475 10
    endloop
  endfacet
  facet normal 0 0 1
    outer loop
      vertex -34.22775681356646 -18.15 10
      vertex -27.478841319680214 -14.545674867928028 10
      vertex -34.12940479473082 -17.95056183502065 10
    endloop
  endfacet
  facet normal 0 0 1
    outer loop
      vertex -34.12940479473082 -17.95056183502065 10
      vertex -27.478841319680214 -14.545674867928028 10
      vertex -34.05792609530859 -17.739992376674284 10
    endloop
  endfacet
  facet normal 0 0 1
    outer loop
      vertex -34.49791847198287 -18.50208152801713 10
      vertex -25.7588 -14.6 10
      vertex -34.351299321504904 -18.334894429314822 10
    endloop
  endfacet
  facet normal 0 0 1
    outer loop
      vertex -34.351299321504904 -18.334894429314822 10
      vertex -26.650000021244665 -14.6 10
      vertex -34.22775681356646 -18.15 10
    endloop
  endfacet
  facet normal 0 0 1
    outer loop
      vertex -36.550000000000004 -15.827756813566452 10
      vertex -36.350561835020656 -15.72940479473081 10
      vertex -32.62866844324848 -10.35 10
    endloop
  endfacet
  facet normal 0 0 1
    outer loop
      vertex -35.7 -15.599999999999998 10
      vertex -35.47810547322592 -15.614543735664519 10
      vertex -32.51663503050804 -10.680039793252945 10
    endloop
  endfacet
  facet normal 0 0 1
    outer loop
      vertex -35.47810547322592 -15.614543735664519 10
      vertex -35.26000762332572 -15.65792609530858 10
      vertex -32.51663503050804 -10.680039793252945 10
    endloop
  endfacet
  facet normal 0 0 1
    outer loop
      vertex -34.66510557068518 -15.951299321504898 10
      vertex -30.515635073184967 -13.287793710827827 10
      vertex -34.85 -15.827756813566452 10
    endloop
  endfacet
  facet normal 0 0 1
    outer loop
      vertex -34.49791847198287 -16.097918471982865 10
      vertex -30.515635073184967 -13.287793710827827 10
      vertex -34.66510557068518 -15.951299321504898 10
    endloop
  endfacet
  facet normal 0 0 1
    outer loop
      vertex -35.04943816497935 -15.72940479473081 10
      vertex -34.85 -15.827756813566452 10
      vertex -30.515635073184967 -13.287793710827827 10
    endloop
  endfacet
  facet normal 0 0 1
    outer loop
      vertex -35.04943816497935 -15.72940479473081 10
      vertex -32.1492613106966 -11.424999997019768 10
      vertex -35.26000762332572 -15.65792609530858 10
    endloop
  endfacet
  facet normal 0 0 1
    outer loop
      vertex -34 -17.299999999999997 10
      vertex -29.82499999552965 -13.749261312186718 10
      vertex -34.014543735664525 -17.07810547322591 10
    endloop
  endfacet
  facet normal 0 0 1
    outer loop
      vertex -34.05792609530859 -17.739992376674284 10
      vertex -28.293500937521458 -14.383628994226456 10
      vertex -34.014543735664525 -17.521894526774084 10
    endloop
  endfacet
  facet normal 0 0 1
    outer loop
      vertex -34.014543735664525 -17.521894526774084 10
      vertex -29.08003979176283 -14.116635031998158 10
      vertex -34 -17.299999999999997 10
    endloop
  endfacet
  facet normal 0 0 1
    outer loop
      vertex -34.014543735664525 -17.07810547322591 10
      vertex -29.82499999552965 -13.749261312186718 10
      vertex -34.05792609530859 -16.86000762332571 10
    endloop
  endfacet
  facet normal 0 0 1
    outer loop
      vertex -34.05792609530859 -16.86000762332571 10
      vertex -29.82499999552965 -13.749261312186718 10
      vertex -34.12940479473082 -16.649438164979344 10
    endloop
  endfacet
  facet normal 0 0 1
    outer loop
      vertex -34.351299321504904 -16.265105570685172 10
      vertex -34.22775681356646 -16.449999999999996 10
      vertex -29.82499999552965 -13.749261312186718 10
    endloop
  endfacet
  facet normal 0 0 1
    outer loop
      vertex -34.351299321504904 -16.265105570685172 10
      vertex -29.82499999552965 -13.749261312186718 10
      vertex -34.49791847198287 -16.097918471982865 10
    endloop
  endfacet
  facet normal 0 0 1
    outer loop
      vertex -34.12940479473082 -16.649438164979344 10
      vertex -29.82499999552965 -13.749261312186718 10
      vertex -34.22775681356646 -16.449999999999996 10
    endloop
  endfacet
  facet normal 0 0 1
    outer loop
      vertex -34 -17.299999999999997 10
      vertex -29.08003979176283 -14.116635031998158 10
      vertex -29.82499999552965 -13.749261312186718 10
    endloop
  endfacet
  facet normal 0 0 1
    outer loop
      vertex -34.49791847198287 -16.097918471982865 10
      vertex -29.82499999552965 -13.749261312186718 10
      vertex -30.515635073184967 -13.287793710827827 10
    endloop
  endfacet
  facet normal 0 0 1
    outer loop
      vertex -36.350561835020656 -15.72940479473081 10
      vertex -36.139992376674286 -15.65792609530858 10
      vertex -32.62866844324848 -10.35 10
    endloop
  endfacet
  facet normal 0 0 1
    outer loop
      vertex -36.139992376674286 -15.65792609530858 10
      vertex -35.92189452677409 -15.614543735664519 10
      vertex -32.62866844324848 -10.35 10
    endloop
  endfacet
  facet normal 0 0 1
    outer loop
      vertex -35.92189452677409 -15.614543735664519 10
      vertex -35.7 -15.599999999999998 10
      vertex -32.62866844324848 -10.35 10
    endloop
  endfacet
  facet normal 0 0 1
    outer loop
      vertex -35.26000762332572 -15.65792609530858 10
      vertex -32.1492613106966 -11.424999997019768 10
      vertex -32.51663503050804 -10.680039793252945 10
    endloop
  endfacet
  facet normal 0 0 1
    outer loop
      vertex -35.7 -15.599999999999998 10
      vertex -32.51663503050804 -10.680039793252945 10
      vertex -32.62866844324848 -10.35 10
    endloop
  endfacet
  facet normal 0 0 1
    outer loop
      vertex -35.04943816497935 -15.72940479473081 10
      vertex -31.140128061175346 -12.740128062665462 10
      vertex -31.68779370933771 -12.115635074675083 10
    endloop
  endfacet
  facet normal 0 0 1
    outer loop
      vertex -35.04943816497935 -15.72940479473081 10
      vertex -30.515635073184967 -13.287793710827827 10
      vertex -31.140128061175346 -12.740128062665462 10
    endloop
  endfacet
  facet normal 0 0 1
    outer loop
      vertex -35.04943816497935 -15.72940479473081 10
      vertex -31.68779370933771 -12.115635074675083 10
      vertex -32.1492613106966 -11.424999997019768 10
    endloop
  endfacet
  facet normal 0 0 1
    outer loop
      vertex -35.47810547322592 -18.985456264335475 10
      vertex -18.30854398186258 -18.756230226622264 10
      vertex -35.26000762332572 -18.942073904691412 10
    endloop
  endfacet
  facet normal 0 0 1
    outer loop
      vertex -35.26000762332572 -18.942073904691412 10
      vertex -18.30854398186258 -18.756230226622264 10
      vertex -35.04943816497935 -18.870595205269183 10
    endloop
  endfacet
  facet normal 0 0 1
    outer loop
      vertex -35.04943816497935 -18.870595205269183 10
      vertex -17.982391659052723 -16.27885737926446 10
      vertex -34.85 -18.772243186433542 10
    endloop
  endfacet
  facet normal 0 0 1
    outer loop
      vertex -34.85 -18.772243186433542 10
      vertex -17.766883069489886 -16.03311693051011 10
      vertex -34.66510557068518 -18.648700678495096 10
    endloop
  endfacet
  facet normal 0 0 1
    outer loop
      vertex -34.66510557068518 -18.648700678495096 10
      vertex -17.766883069489886 -16.03311693051011 10
      vertex -34.49791847198287 -18.50208152801713 10
    endloop
  endfacet
  facet normal 0 0 1
    outer loop
      vertex -40.39551813155413 -19.830733723938465 10
      vertex -17.982391659052723 -19.321142620735536 10
      vertex -18.163980977706366 -19.049374999999998 10
    endloop
  endfacet
  facet normal 0 0 1
    outer loop
      vertex -40.39551813155413 -19.830733723938465 10
      vertex -18.163980977706366 -19.049374999999998 10
      vertex -18.30854398186258 -18.756230226622264 10
    endloop
  endfacet
  facet normal 0 0 1
    outer loop
      vertex -39.87341336160898 -20.735045716166496 10
      vertex -16.956230226622267 -20.108543981862578 10
      vertex -17.249375 -19.963980977706363 10
    endloop
  endfacet
  facet normal 0 0 1
    outer loop
      vertex -39.87341336160898 -20.735045716166496 10
      vertex -16.646724088949924 -20.213607158439807 10
      vertex -16.956230226622267 -20.108543981862578 10
    endloop
  endfacet
  facet normal 0 0 1
    outer loop
      vertex -39.87341336160898 -20.735045716166496 10
      vertex -16.326152322809854 -20.277372847357807 10
      vertex -16.646724088949924 -20.213607158439807 10
    endloop
  endfacet
  facet normal 0 0 1
    outer loop
      vertex -40.164101615548134 -20.299999997019768 10
      vertex -17.52114262073554 -19.78239165905272 10
      vertex -17.766883069489886 -19.566883069489883 10
    endloop
  endfacet
  facet normal 0 0 1
    outer loop
      vertex -40.164101615548134 -20.299999997019768 10
      vertex -17.249375 -19.963980977706363 10
      vertex -17.52114262073554 -19.78239165905272 10
    endloop
  endfacet
  facet normal 0 0 1
    outer loop
      vertex -40.164101615548134 -20.299999997019768 10
      vertex -17.766883069489886 -19.566883069489883 10
      vertex -17.982391659052723 -19.321142620735536 10
    endloop
  endfacet
  facet normal 0 0 1
    outer loop
      vertex -39.87341336160898 -20.735045716166496 10
      vertex -16 -20.29875 10
      vertex -16.326152322809854 -20.277372847357807 10
    endloop
  endfacet
  facet normal 0 0 1
    outer loop
      vertex -35.04943816497935 -18.870595205269183 10
      vertex -18.30854398186258 -18.756230226622264 10
      vertex -18.41360715843981 -18.44672408894992 10
    endloop
  endfacet
  facet normal 0 0 1
    outer loop
      vertex -35.04943816497935 -18.870595205269183 10
      vertex -18.41360715843981 -18.44672408894992 10
      vertex -18.47737284735781 -18.12615232280985 10
    endloop
  endfacet
  facet normal 0 0 1
    outer loop
      vertex -35.04943816497935 -18.870595205269183 10
      vertex -18.47737284735781 -18.12615232280985 10
      vertex -18.49875 -17.799999999999997 10
    endloop
  endfacet
  facet normal 0 0 1
    outer loop
      vertex -35.04943816497935 -18.870595205269183 10
      vertex -18.49875 -17.799999999999997 10
      vertex -18.47737284735781 -17.473847677190143 10
    endloop
  endfacet
  facet normal 0 0 1
    outer loop
      vertex -35.04943816497935 -18.870595205269183 10
      vertex -18.47737284735781 -17.473847677190143 10
      vertex -18.41360715843981 -17.153275911050073 10
    endloop
  endfacet
  facet normal 0 0 1
    outer loop
      vertex -35.04943816497935 -18.870595205269183 10
      vertex -18.41360715843981 -17.153275911050073 10
      vertex -18.30854398186258 -16.84376977337773 10
    endloop
  endfacet
  facet normal 0 0 1
    outer loop
      vertex -35.04943816497935 -18.870595205269183 10
      vertex -18.30854398186258 -16.84376977337773 10
      vertex -18.163980977706366 -16.550624999999997 10
    endloop
  endfacet
  facet normal 0 0 1
    outer loop
      vertex -35.04943816497935 -18.870595205269183 10
      vertex -18.163980977706366 -16.550624999999997 10
      vertex -17.982391659052723 -16.27885737926446 10
    endloop
  endfacet
  facet normal 0 0 1
    outer loop
      vertex -34.85 -18.772243186433542 10
      vertex -17.982391659052723 -16.27885737926446 10
      vertex -17.766883069489886 -16.03311693051011 10
    endloop
  endfacet
  facet normal 0 0 1
    outer loop
      vertex -34.49791847198287 -18.50208152801713 10
      vertex -17.766883069489886 -16.03311693051011 10
      vertex -17.52114262073554 -15.817608340947272 10
    endloop
  endfacet
  facet normal 0 0 1
    outer loop
      vertex -34.014543735664525 -17.521894526774084 10
      vertex -28.293500937521458 -14.383628994226456 10
      vertex -29.08003979176283 -14.116635031998158 10
    endloop
  endfacet
  facet normal 0 0 1
    outer loop
      vertex -34.05792609530859 -17.739992376674284 10
      vertex -27.478841319680214 -14.545674867928028 10
      vertex -28.293500937521458 -14.383628994226456 10
    endloop
  endfacet
  facet normal 0 0 1
    outer loop
      vertex -34.22775681356646 -18.15 10
      vertex -26.650000021244665 -14.6 10
      vertex -27.478841319680214 -14.545674867928028 10
    endloop
  endfacet
  facet normal 0 0 1
    outer loop
      vertex -34.351299321504904 -18.334894429314822 10
      vertex -25.7588 -14.6 10
      vertex -26.650000021244665 -14.6 10
    endloop
  endfacet
  facet normal 0 0 1
    outer loop
      vertex -34.49791847198287 -18.50208152801713 10
      vertex -17.52114262073554 -15.817608340947272 10
      vertex -25.7588 -14.6 10
    endloop
  endfacet
  facet normal 0 0 1
    outer loop
      vertex -25.7588 -14.6 10
      vertex -23.7 -13.049999999999999 10
      vertex -24.075 -12.949519052838328 10
    endloop
  endfacet
  facet normal 0 0 1
    outer loop
      vertex -25.7588 -14.6 10
      vertex -24.075 -12.949519052838328 10
      vertex -24.34951905283833 -12.674999999999999 10
    endloop
  endfacet
  facet normal 0 0 1
    outer loop
      vertex -25.7588 -14.6 10
      vertex -23.325 -12.949519052838328 10
      vertex -23.7 -13.049999999999999 10
    endloop
  endfacet
  facet normal 0 0 1
    outer loop
      vertex -25.7588 -14.6 10
      vertex -24.34951905283833 -12.674999999999999 10
      vertex -25.7588 -10.35 10
    endloop
  endfacet
  facet normal 0 0 1
    outer loop
      vertex -24.34951905283833 -12.674999999999999 10
      vertex -24.45 -12.299999999999999 10
      vertex -25.7588 -10.35 10
    endloop
  endfacet
  facet normal 0 0 1
    outer loop
      vertex -24.45 -12.299999999999999 10
      vertex -24.34951905283833 -11.924999999999999 10
      vertex -25.7588 -10.35 10
    endloop
  endfacet
  facet normal 0 0 1
    outer loop
      vertex -24.34951905283833 -11.924999999999999 10
      vertex -24.075 -11.65048094716167 10
      vertex -25.7588 -10.35 10
    endloop
  endfacet
  facet normal 0 0 1
    outer loop
      vertex -24.075 -11.65048094716167 10
      vertex -23.7 -11.549999999999999 10
      vertex -25.7588 -10.35 10
    endloop
  endfacet
  facet normal 0 0 1
    outer loop
      vertex -40.70000000298023 -18.299999997019768 10
      vertex -37.0487006784951 -16.265105570685172 10
      vertex -34.351299321504904 16.265105570685172 10
    endloop
  endfacet
  facet normal 0 0 1
    outer loop
      vertex -37.0487006784951 -16.265105570685172 10
      vertex -36.902081528017135 -16.097918471982865 10
      vertex -34.351299321504904 16.265105570685172 10
    endloop
  endfacet
  facet normal 0 0 1
    outer loop
      vertex -36.902081528017135 -16.097918471982865 10
      vertex -36.73489442931483 -15.951299321504898 10
      vertex -34.351299321504904 16.265105570685172 10
    endloop
  endfacet
  facet normal 0 0 1
    outer loop
      vertex -36.73489442931483 -15.951299321504898 10
      vertex -36.550000000000004 -15.827756813566452 10
      vertex -34.351299321504904 16.265105570685172 10
    endloop
  endfacet
  facet normal 0 0 1
    outer loop
      vertex -36.550000000000004 -15.827756813566452 10
      vertex -32.62866844324848 -10.35 10
      vertex -34.22775681356646 16.449999999999996 10
    endloop
  endfacet
  facet normal 0 0 1
    outer loop
      vertex -32.62866844324848 -10.35 10
      vertex -29.700000000000003 -0.75 10
      vertex -30.075000000000003 -0.649519052838329 10
    endloop
  endfacet
  facet normal 0 0 1
    outer loop
      vertex -32.62866844324848 -10.35 10
      vertex -29.325000000000003 -0.649519052838329 10
      vertex -29.700000000000003 -0.75 10
    endloop
  endfacet
  facet normal 0 0 1
    outer loop
      vertex -32.62866844324848 -10.35 10
      vertex -30.075000000000003 -0.649519052838329 10
      vertex -30.349519052838332 -0.375 10
    endloop
  endfacet
  facet normal 0 0 1
    outer loop
      vertex -32.62866844324848 -10.35 10
      vertex -30.349519052838332 -0.375 10
      vertex -30.450000000000003 0 10
    endloop
  endfacet
  facet normal 0 0 1
    outer loop
      vertex -32.62866844324848 -10.35 10
      vertex -25.7588 -10.35 10
      vertex -29.325000000000003 -0.649519052838329 10
    endloop
  endfacet
  facet normal 0 0 1
    outer loop
      vertex -25.7588 -10.35 10
      vertex -29.050480947161674 -0.375 10
      vertex -29.325000000000003 -0.649519052838329 10
    endloop
  endfacet
  facet normal 0 0 1
    outer loop
      vertex -25.7588 -10.35 10
      vertex -28.950000000000003 0 10
      vertex -29.050480947161674 -0.375 10
    endloop
  endfacet
  facet normal 0 0 1
    outer loop
      vertex -39.52842712402344 -21.128427118062973 10
      vertex -39.13504572212696 -21.473413355648518 10
      vertex 40.164101615548134 -20.299999997019768 10
    endloop
  endfacet
  facet normal 0 0 1
    outer loop
      vertex -39.52842712402344 -21.128427118062973 10
      vertex 40.39551813155413 -19.830733723938465 10
      vertex -39.87341336160898 -20.735045716166496 10
    endloop
  endfacet
  facet normal 0 0 1
    outer loop
      vertex -37.7352761849761 -22.16370330005884 10
      vertex -37.22210477292538 -22.265779443085194 10
      vertex 38.70000000298023 -21.76410160958767 10
    endloop
  endfacet
  facet normal 0 0 1
    outer loop
      vertex -38.23073372989893 -21.995518125593662 10
      vertex 39.52842712402344 -21.128427118062973 10
      vertex -38.70000000298023 -21.76410160958767 10
    endloop
  endfacet
  facet normal 0 0 1
    outer loop
      vertex -38.23073372989893 -21.995518125593662 10
      vertex -37.7352761849761 -22.16370330005884 10
      vertex 39.13504572212696 -21.473413355648518 10
    endloop
  endfacet
  facet normal 0 0 1
    outer loop
      vertex -37.22210477292538 -22.265779443085194 10
      vertex -36.70000000298023 -22.299999997019768 10
      vertex 38.23073372989893 -21.995518125593662 10
    endloop
  endfacet
  facet normal 0 0 1
    outer loop
      vertex -38.70000000298023 -21.76410160958767 10
      vertex 39.87341336160898 -20.735045716166496 10
      vertex -39.13504572212696 -21.473413355648518 10
    endloop
  endfacet
  facet normal 0 0 1
    outer loop
      vertex -25.7588 -14.6 10
      vertex -17.52114262073554 -15.817608340947272 10
      vertex -17.249375 -15.636019022293633 10
    endloop
  endfacet
  facet normal 0 0 1
    outer loop
      vertex -25.7588 -14.6 10
      vertex -17.249375 -15.636019022293633 10
      vertex -16.956230226622267 -15.49145601813742 10
    endloop
  endfacet
  facet normal 0 0 1
    outer loop
      vertex -25.7588 -14.6 10
      vertex -16.956230226622267 -15.49145601813742 10
      vertex -16.646724088949924 -15.386392841560188 10
    endloop
  endfacet
  facet normal 0 0 1
    outer loop
      vertex -25.7588 -14.6 10
      vertex -16.646724088949924 -15.386392841560188 10
      vertex -16.326152322809854 -15.32262715264219 10
    endloop
  endfacet
  facet normal 0 0 1
    outer loop
      vertex -25.7588 -14.6 10
      vertex -16.326152322809854 -15.32262715264219 10
      vertex -16 -15.301249999999998 10
    endloop
  endfacet
  facet normal 0 0 1
    outer loop
      vertex -25.7588 -14.6 10
      vertex -16 -15.301249999999998 10
      vertex -15.673847677190146 -15.32262715264219 10
    endloop
  endfacet
  facet normal 0 0 1
    outer loop
      vertex -25.7588 -14.6 10
      vertex -0.375 -13.449519052838328 10
      vertex -23.325 -12.949519052838328 10
    endloop
  endfacet
  facet normal 0 0 1
    outer loop
      vertex -25.7588 -14.6 10
      vertex -15.673847677190146 -15.32262715264219 10
      vertex -0.375 -13.449519052838328 10
    endloop
  endfacet
  facet normal 0 0 1
    outer loop
      vertex -0.375 -13.449519052838328 10
      vertex -15.673847677190146 -15.32262715264219 10
      vertex -15.353275911050076 -15.386392841560188 10
    endloop
  endfacet
  facet normal 0 0 1
    outer loop
      vertex -0.375 -13.449519052838328 10
      vertex -15.353275911050076 -15.386392841560188 10
      vertex -15.043769773377731 -15.49145601813742 10
    endloop
  endfacet
  facet normal 0 0 1
    outer loop
      vertex -39.87341336160898 -20.735045716166496 10
      vertex 40.563703306019306 -19.335276179015636 10
      vertex -16 -20.29875 10
    endloop
  endfacet
  facet normal 0 0 1
    outer loop
      vertex 0 -13.549999999999999 10
      vertex -13.58639284156019 -18.44672408894992 10
      vertex -13.691456018137423 -18.756230226622264 10
    endloop
  endfacet
  facet normal 0 0 1
    outer loop
      vertex 0 -13.549999999999999 10
      vertex -13.522627152642192 -18.12615232280985 10
      vertex -13.58639284156019 -18.44672408894992 10
    endloop
  endfacet
  facet normal 0 0 1
    outer loop
      vertex 0 -13.549999999999999 10
      vertex -13.50125 -17.799999999999997 10
      vertex -13.522627152642192 -18.12615232280985 10
    endloop
  endfacet
  facet normal 0 0 1
    outer loop
      vertex 0 -13.549999999999999 10
      vertex -13.522627152642192 -17.473847677190143 10
      vertex -13.50125 -17.799999999999997 10
    endloop
  endfacet
  facet normal 0 0 1
    outer loop
      vertex 0 -13.549999999999999 10
      vertex -13.58639284156019 -17.153275911050073 10
      vertex -13.522627152642192 -17.473847677190143 10
    endloop
  endfacet
  facet normal 0 0 1
    outer loop
      vertex 0 -13.549999999999999 10
      vertex -13.691456018137423 -16.84376977337773 10
      vertex -13.58639284156019 -17.153275911050073 10
    endloop
  endfacet
  facet normal 0 0 1
    outer loop
      vertex 0 -13.549999999999999 10
      vertex -14.017608340947275 -16.27885737926446 10
      vertex -13.836019022293636 -16.550624999999997 10
    endloop
  endfacet
  facet normal 0 0 1
    outer loop
      vertex 0 -13.549999999999999 10
      vertex -13.836019022293636 -16.550624999999997 10
      vertex -13.691456018137423 -16.84376977337773 10
    endloop
  endfacet
  facet normal 0 0 1
    outer loop
      vertex 0 -13.549999999999999 10
      vertex -14.47885737926446 -15.817608340947272 10
      vertex -14.233116930510114 -16.03311693051011 10
    endloop
  endfacet
  facet normal 0 0 1
    outer loop
      vertex -0.375 -13.449519052838328 10
      vertex -15.043769773377731 -15.49145601813742 10
      vertex -14.750625 -15.636019022293633 10
    endloop
  endfacet
  facet normal 0 0 1
    outer loop
      vertex -0.375 -13.449519052838328 10
      vertex -14.750625 -15.636019022293633 10
      vertex -14.47885737926446 -15.817608340947272 10
    endloop
  endfacet
  facet normal 0 0 1
    outer loop
      vertex 0 -13.549999999999999 10
      vertex -14.233116930510114 -16.03311693051011 10
      vertex -14.017608340947275 -16.27885737926446 10
    endloop
  endfacet
  facet normal 0 0 1
    outer loop
      vertex -23.325 -12.949519052838328 10
      vertex -0.375 -13.449519052838328 10
      vertex -0.649519052838329 -13.174999999999999 10
    endloop
  endfacet
  facet normal 0 0 1
    outer loop
      vertex -23.325 -12.949519052838328 10
      vertex -0.649519052838329 -13.174999999999999 10
      vertex -0.75 -12.799999999999999 10
    endloop
  endfacet
  facet normal 0 0 1
    outer loop
      vertex -23.325 -12.949519052838328 10
      vertex -0.75 -12.799999999999999 10
      vertex -0.649519052838329 -12.424999999999999 10
    endloop
  endfacet
  facet normal 0 0 1
    outer loop
      vertex -23.325 -12.949519052838328 10
      vertex -0.649519052838329 -12.424999999999999 10
      vertex -0.375 -12.15048094716167 10
    endloop
  endfacet
  facet normal 0 0 1
    outer loop
      vertex -23.325 -12.949519052838328 10
      vertex -0.375 -12.15048094716167 10
      vertex 0 -12.049999999999999 10
    endloop
  endfacet
  facet normal 0 0 1
    outer loop
      vertex -0.375 -13.449519052838328 10
      vertex -14.47885737926446 -15.817608340947272 10
      vertex 0 -13.549999999999999 10
    endloop
  endfacet
  facet normal 0 0 1
    outer loop
      vertex -23.7 -11.549999999999999 10
      vertex 25.7588 10.35 10
      vertex -25.7588 -10.35 10
    endloop
  endfacet
  facet normal 0 0 1
    outer loop
      vertex -23.7 -11.549999999999999 10
      vertex -23.325 -11.65048094716167 10
      vertex 25.7588 10.35 10
    endloop
  endfacet
  facet normal 0 0 1
    outer loop
      vertex -23.05048094716167 -12.674999999999999 10
      vertex 25.7588 10.35 10
      vertex -22.95 -12.299999999999999 10
    endloop
  endfacet
  facet normal 0 0 1
    outer loop
      vertex -22.95 -12.299999999999999 10
      vertex 25.7588 10.35 10
      vertex -23.05048094716167 -11.924999999999999 10
    endloop
  endfacet
  facet normal 0 0 1
    outer loop
      vertex -23.05048094716167 -11.924999999999999 10
      vertex 25.7588 10.35 10
      vertex -23.325 -11.65048094716167 10
    endloop
  endfacet
  facet normal 0 0 1
    outer loop
      vertex -23.325 -12.949519052838328 10
      vertex 32.62866844324848 10.35 10
      vertex -23.05048094716167 -12.674999999999999 10
    endloop
  endfacet
  facet normal 0 0 -1
    outer loop
      vertex -38.55788383248865 -15.649999999999997 0
      vertex -40.70000000298023 18.299999997019768 0
      vertex -30.450000000000003 0 0
    endloop
  endfacet
  facet normal 0 0 -1
    outer loop
      vertex -30.450000000000003 0 0
      vertex -40.70000000298023 18.299999997019768 0
      vertex -30.349519052838332 0.375 0
    endloop
  endfacet
  facet normal 0 0 -1
    outer loop
      vertex -30.349519052838332 0.375 0
      vertex -40.70000000298023 18.299999997019768 0
      vertex -30.075000000000003 0.649519052838329 0
    endloop
  endfacet
  facet normal 0 0 -1
    outer loop
      vertex -30.075000000000003 0.649519052838329 0
      vertex -40.70000000298023 18.299999997019768 0
      vertex -29.700000000000003 0.75 0
    endloop
  endfacet
  facet normal 0 0 -1
    outer loop
      vertex -29.325000000000003 0.649519052838329 0
      vertex -29.700000000000003 0.75 0
      vertex -40.70000000298023 18.299999997019768 0
    endloop
  endfacet
  facet normal 0 0 -1
    outer loop
      vertex -29.325000000000003 0.649519052838329 0
      vertex -36.9628553268048 14.25119754271275 0
      vertex -36.55410284883832 14.112444773246072 0
    endloop
  endfacet
  facet normal 0 0 -1
    outer loop
      vertex -29.325000000000003 0.649519052838329 0
      vertex -36.55410284883832 14.112444773246072 0
      vertex -36.130736434326174 14.028231957466422 0
    endloop
  endfacet
  facet normal 0 0 -1
    outer loop
      vertex -29.325000000000003 0.649519052838329 0
      vertex -38.03345237791561 14.966547622084391 0
      vertex -37.70891271572878 14.681933977038922 0
    endloop
  endfacet
  facet normal 0 0 -1
    outer loop
      vertex -29.325000000000003 0.649519052838329 0
      vertex -38.31806602296108 15.291087284271219 0
      vertex -38.03345237791561 14.966547622084391 0
    endloop
  endfacet
  facet normal 0 0 -1
    outer loop
      vertex -29.325000000000003 0.649519052838329 0
      vertex -37.70891271572878 14.681933977038922 0
      vertex -37.35 14.442116167511351 0
    endloop
  endfacet
  facet normal 0 0 -1
    outer loop
      vertex -29.325000000000003 0.649519052838329 0
      vertex -37.35 14.442116167511351 0
      vertex -36.9628553268048 14.25119754271275 0
    endloop
  endfacet
  facet normal 0 0 -1
    outer loop
      vertex -29.325000000000003 0.649519052838329 0
      vertex -38.55788383248865 15.649999999999997 0
      vertex -38.31806602296108 15.291087284271219 0
    endloop
  endfacet
  facet normal -1 0 0
    outer loop
      vertex -40.70000000298023 -18.299999997019768 0
      vertex -40.70000000298023 18.299999997019768 10
      vertex -40.70000000298023 18.299999997019768 0
    endloop
  endfacet
  facet normal 0 0 -1
    outer loop
      vertex -29.325000000000003 0.649519052838329 0
      vertex -24.075 11.65048094716167 0
      vertex -23.7 11.549999999999999 0
    endloop
  endfacet
  facet normal 0 0 -1
    outer loop
      vertex -29.325000000000003 0.649519052838329 0
      vertex -23.7 11.549999999999999 0
      vertex -23.325 11.65048094716167 0
    endloop
  endfacet
  facet normal 0 0 -1
    outer loop
      vertex -29.325000000000003 0.649519052838329 0
      vertex -36.130736434326174 14.028231957466422 0
      vertex -24.075 11.65048094716167 0
    endloop
  endfacet
  facet normal 0 0 -1
    outer loop
      vertex -29.325000000000003 0.649519052838329 0
      vertex -40.70000000298023 18.299999997019768 0
      vertex -38.55788383248865 15.649999999999997 0
    endloop
  endfacet
  facet normal 0 0 -1
    outer loop
      vertex -38.55788383248865 15.649999999999997 0
      vertex -40.70000000298023 18.299999997019768 0
      vertex -38.74880245728725 16.0371446731952 0
    endloop
  endfacet
  facet normal 0 0 -1
    outer loop
      vertex -36.130736434326174 14.028231957466422 0
      vertex -35.7 13.999999999999996 0
      vertex -24.45 12.299999999999999 0
    endloop
  endfacet
  facet normal 0 0 -1
    outer loop
      vertex -35.7 13.999999999999996 0
      vertex -35.26926356567383 14.028231957466422 0
      vertex -24.45 12.299999999999999 0
    endloop
  endfacet
  facet normal 0 0 -1
    outer loop
      vertex -35.26926356567383 14.028231957466422 0
      vertex -34.84589715116169 14.112444773246072 0
      vertex -24.45 12.299999999999999 0
    endloop
  endfacet
  facet normal 0 0 -1
    outer loop
      vertex -34.84589715116169 14.112444773246072 0
      vertex -34.437144673195206 14.25119754271275 0
      vertex -24.45 12.299999999999999 0
    endloop
  endfacet
  facet normal 0 0 -1
    outer loop
      vertex -34.437144673195206 14.25119754271275 0
      vertex -34.050000000000004 14.442116167511351 0
      vertex -24.45 12.299999999999999 0
    endloop
  endfacet
  facet normal 0 0 -1
    outer loop
      vertex -34.050000000000004 14.442116167511351 0
      vertex -33.69108728427123 14.681933977038922 0
      vertex -24.45 12.299999999999999 0
    endloop
  endfacet
  facet normal 0 0 -1
    outer loop
      vertex -38.887555226753925 16.445897151161677 0
      vertex -38.74880245728725 16.0371446731952 0
      vertex -40.70000000298023 18.299999997019768 0
    endloop
  endfacet
  facet normal 0 0 -1
    outer loop
      vertex -38.887555226753925 16.445897151161677 0
      vertex -40.70000000298023 18.299999997019768 0
      vertex -38.971768042533576 16.869263565673826 0
    endloop
  endfacet
  facet normal 0 0 -1
    outer loop
      vertex -38.971768042533576 16.869263565673826 0
      vertex -40.70000000298023 18.299999997019768 0
      vertex -39 17.299999999999997 0
    endloop
  endfacet
  facet normal 0 0 -1
    outer loop
      vertex -39 17.299999999999997 0
      vertex -40.70000000298023 18.299999997019768 0
      vertex -38.971768042533576 17.730736434326168 0
    endloop
  endfacet
  facet normal 0 0 -1
    outer loop
      vertex -38.971768042533576 17.730736434326168 0
      vertex -40.70000000298023 18.299999997019768 0
      vertex -38.887555226753925 18.154102848838317 0
    endloop
  endfacet
  facet normal 0 0 -1
    outer loop
      vertex -40.70000000298023 18.299999997019768 0
      vertex -40.66577944904566 18.822104766964912 0
      vertex -38.887555226753925 18.154102848838317 0
    endloop
  endfacet
  facet normal 0 0 -1
    outer loop
      vertex -40.66577944904566 18.822104766964912 0
      vertex -38.74880245728725 18.562855326804794 0
      vertex -38.887555226753925 18.154102848838317 0
    endloop
  endfacet
  facet normal 0 0 -1
    outer loop
      vertex -40.66577944904566 18.822104766964912 0
      vertex -40.563703306019306 19.335276179015636 0
      vertex -38.74880245728725 18.562855326804794 0
    endloop
  endfacet
  facet normal 0 0 -1
    outer loop
      vertex -40.563703306019306 19.335276179015636 0
      vertex -40.39551813155413 19.830733723938465 0
      vertex -38.31806602296108 19.308912715728773 0
    endloop
  endfacet
  facet normal 0 0 -1
    outer loop
      vertex -40.563703306019306 19.335276179015636 0
      vertex -38.55788383248865 18.949999999999996 0
      vertex -38.74880245728725 18.562855326804794 0
    endloop
  endfacet
  facet normal 0 0 -1
    outer loop
      vertex -40.563703306019306 19.335276179015636 0
      vertex -38.31806602296108 19.308912715728773 0
      vertex -38.55788383248865 18.949999999999996 0
    endloop
  endfacet
  facet normal 0 0 -1
    outer loop
      vertex -40.39551813155413 19.830733723938465 0
      vertex -40.164101615548134 20.299999997019768 0
      vertex -38.03345237791561 19.633452377915603 0
    endloop
  endfacet
  facet normal 0 0 -1
    outer loop
      vertex -38.31806602296108 19.308912715728773 0
      vertex -40.39551813155413 19.830733723938465 0
      vertex -38.03345237791561 19.633452377915603 0
    endloop
  endfacet
  facet normal 0 0 -1
    outer loop
      vertex -40.164101615548134 20.299999997019768 0
      vertex -37.70891271572878 19.918066022961074 0
      vertex -38.03345237791561 19.633452377915603 0
    endloop
  endfacet
  facet normal 0 0 -1
    outer loop
      vertex -40.164101615548134 20.299999997019768 0
      vertex -37.35 20.157883832488643 0
      vertex -37.70891271572878 19.918066022961074 0
    endloop
  endfacet
  facet normal 0 0 -1
    outer loop
      vertex -40.164101615548134 20.299999997019768 0
      vertex -39.87341336160898 20.735045716166496 0
      vertex -37.35 20.157883832488643 0
    endloop
  endfacet
  facet normal 0 0 -1
    outer loop
      vertex -39.87341336160898 20.735045716166496 0
      vertex -36.9628553268048 20.348802457287242 0
      vertex -37.35 20.157883832488643 0
    endloop
  endfacet
  facet normal 0 0 -1
    outer loop
      vertex -39.87341336160898 20.735045716166496 0
      vertex -36.55410284883832 20.487555226753923 0
      vertex -36.9628553268048 20.348802457287242 0
    endloop
  endfacet
  facet normal 0 0 -1
    outer loop
      vertex -39.87341336160898 20.735045716166496 0
      vertex -36.130736434326174 20.57176804253357 0
      vertex -36.55410284883832 20.487555226753923 0
    endloop
  endfacet
  facet normal 0 0 -1
    outer loop
      vertex -39.87341336160898 20.735045716166496 0
      vertex -35.7 20.599999999999998 0
      vertex -36.130736434326174 20.57176804253357 0
    endloop
  endfacet
  facet normal 0 0 -1
    outer loop
      vertex -37.7352761849761 22.16370330005884 0
      vertex -37.22210477292538 22.265779443085194 0
      vertex -36.70000000298023 22.299999997019768 0
    endloop
  endfacet
  facet normal -0.9978589233184302 0.06540312801222276 0
    outer loop
      vertex -40.70000000298023 18.299999997019768 0
      vertex -40.66577944904566 18.822104766964912 10
      vertex -40.66577944904566 18.822104766964912 0
    endloop
  endfacet
  facet normal -0.9807852794583501 0.1950903267663619 0
    outer loop
      vertex -40.66577944904566 18.822104766964912 0
      vertex -40.563703306019306 19.335276179015636 10
      vertex -40.563703306019306 19.335276179015636 0
    endloop
  endfacet
  facet normal -0.946930129055815 0.3214394665972703 0
    outer loop
      vertex -40.563703306019306 19.335276179015636 0
      vertex -40.39551813155413 19.830733723938465 10
      vertex -40.39551813155413 19.830733723938465 0
    endloop
  endfacet
  facet normal -0.8968727416500545 0.4422886899810064 0
    outer loop
      vertex -40.39551813155413 19.830733723938465 0
      vertex -40.164101615548134 20.299999997019768 10
      vertex -40.164101615548134 20.299999997019768 0
    endloop
  endfacet
  facet normal -0.8314696141679891 0.5555702302277682 0
    outer loop
      vertex -40.164101615548134 20.299999997019768 0
      vertex -39.87341336160898 20.735045716166496 10
      vertex -39.87341336160898 20.735045716166496 0
    endloop
  endfacet
  facet normal -0.7518398007112117 0.6593458228172265 0
    outer loop
      vertex -39.87341336160898 20.735045716166496 0
      vertex -39.52842712402344 21.128427118062973 10
      vertex -39.52842712402344 21.128427118062973 0
    endloop
  endfacet
  facet normal -0.6593458228172265 0.7518398007112117 0
    outer loop
      vertex -39.52842712402344 21.128427118062973 0
      vertex -39.13504572212696 21.473413355648518 10
      vertex -39.13504572212696 21.473413355648518 0
    endloop
  endfacet
  facet normal -0.5555702302277682 0.8314696141679891 0
    outer loop
      vertex -39.13504572212696 21.473413355648518 0
      vertex -38.70000000298023 21.76410160958767 10
      vertex -38.70000000298023 21.76410160958767 0
    endloop
  endfacet
  facet normal -0.4422886899810064 0.8968727416500545 0
    outer loop
      vertex -38.70000000298023 21.76410160958767 0
      vertex -38.23073372989893 21.995518125593662 10
      vertex -38.23073372989893 21.995518125593662 0
    endloop
  endfacet
  facet normal -0.3214394665972703 0.946930129055815 0
    outer loop
      vertex -38.23073372989893 21.995518125593662 0
      vertex -37.7352761849761 22.16370330005884 10
      vertex -37.7352761849761 22.16370330005884 0
    endloop
  endfacet
  facet normal -0.1950903267663619 0.9807852794583501 0
    outer loop
      vertex -37.7352761849761 22.16370330005884 0
      vertex -37.22210477292538 22.265779443085194 10
      vertex -37.22210477292538 22.265779443085194 0
    endloop
  endfacet
  facet normal -0.06540312801222276 0.9978589233184302 0
    outer loop
      vertex -37.22210477292538 22.265779443085194 0
      vertex -36.70000000298023 22.299999997019768 10
      vertex -36.70000000298023 22.299999997019768 0
    endloop
  endfacet
  facet normal 0 0 -1
    outer loop
      vertex -36.130736434326174 14.028231957466422 0
      vertex -24.34951905283833 11.924999999999999 0
      vertex -24.075 11.65048094716167 0
    endloop
  endfacet
  facet normal 0 0 -1
    outer loop
      vertex -36.130736434326174 14.028231957466422 0
      vertex -24.45 12.299999999999999 0
      vertex -24.34951905283833 11.924999999999999 0
    endloop
  endfacet
  facet normal 0 0 -1
    outer loop
      vertex -32.84211616751136 15.649999999999997 0
      vertex -24.34951905283833 12.674999999999999 0
      vertex -24.45 12.299999999999999 0
    endloop
  endfacet
  facet normal 0 0 -1
    outer loop
      vertex -33.69108728427123 14.681933977038922 0
      vertex -33.3665476220844 14.966547622084391 0
      vertex -24.45 12.299999999999999 0
    endloop
  endfacet
  facet normal 0 0 -1
    outer loop
      vertex -33.3665476220844 14.966547622084391 0
      vertex -33.08193397703893 15.291087284271219 0
      vertex -24.45 12.299999999999999 0
    endloop
  endfacet
  facet normal 0 0 -1
    outer loop
      vertex -33.08193397703893 15.291087284271219 0
      vertex -32.84211616751136 15.649999999999997 0
      vertex -24.45 12.299999999999999 0
    endloop
  endfacet
  facet normal 0 0 -1
    outer loop
      vertex -32.84211616751136 15.649999999999997 0
      vertex -32.65119754271276 16.0371446731952 0
      vertex -24.34951905283833 12.674999999999999 0
    endloop
  endfacet
  facet normal 0 0 -1
    outer loop
      vertex -32.65119754271276 16.0371446731952 0
      vertex -32.51244477324608 16.445897151161677 0
      vertex -24.34951905283833 12.674999999999999 0
    endloop
  endfacet
  facet normal 0 0 -1
    outer loop
      vertex -32.51244477324608 16.445897151161677 0
      vertex -32.42823195746643 16.869263565673826 0
      vertex -24.34951905283833 12.674999999999999 0
    endloop
  endfacet
  facet normal 0 0 -1
    outer loop
      vertex -32.42823195746643 16.869263565673826 0
      vertex -32.400000000000006 17.299999999999997 0
      vertex -24.075 12.949519052838328 0
    endloop
  endfacet
  facet normal 0 0 -1
    outer loop
      vertex -32.400000000000006 17.299999999999997 0
      vertex -32.42823195746643 17.730736434326168 0
      vertex -24.075 12.949519052838328 0
    endloop
  endfacet
  facet normal 0 0 -1
    outer loop
      vertex -32.42823195746643 17.730736434326168 0
      vertex -32.51244477324608 18.154102848838317 0
      vertex -24.075 12.949519052838328 0
    endloop
  endfacet
  facet normal 0 0 -1
    outer loop
      vertex -32.51244477324608 18.154102848838317 0
      vertex -32.65119754271276 18.562855326804794 0
      vertex -23.7 13.049999999999999 0
    endloop
  endfacet
  facet normal 0 0 -1
    outer loop
      vertex -32.42823195746643 16.869263565673826 0
      vertex -24.075 12.949519052838328 0
      vertex -24.34951905283833 12.674999999999999 0
    endloop
  endfacet
  facet normal 0 0 -1
    outer loop
      vertex -32.51244477324608 18.154102848838317 0
      vertex -23.7 13.049999999999999 0
      vertex -24.075 12.949519052838328 0
    endloop
  endfacet
  facet normal -0.9978589233184302 0.06540312801222276 0
    outer loop
      vertex -40.70000000298023 18.299999997019768 0
      vertex -40.70000000298023 18.299999997019768 10
      vertex -40.66577944904566 18.822104766964912 10
    endloop
  endfacet
  facet normal -0.9807852794583501 0.1950903267663619 0
    outer loop
      vertex -40.66577944904566 18.822104766964912 0
      vertex -40.66577944904566 18.822104766964912 10
      vertex -40.563703306019306 19.335276179015636 10
    endloop
  endfacet
  facet normal -0.946930129055815 0.3214394665972703 0
    outer loop
      vertex -40.563703306019306 19.335276179015636 0
      vertex -40.563703306019306 19.335276179015636 10
      vertex -40.39551813155413 19.830733723938465 10
    endloop
  endfacet
  facet normal -0.8968727416500545 0.4422886899810064 0
    outer loop
      vertex -40.39551813155413 19.830733723938465 0
      vertex -40.39551813155413 19.830733723938465 10
      vertex -40.164101615548134 20.299999997019768 10
    endloop
  endfacet
  facet normal -0.8314696141679891 0.5555702302277682 0
    outer loop
      vertex -40.164101615548134 20.299999997019768 0
      vertex -40.164101615548134 20.299999997019768 10
      vertex -39.87341336160898 20.735045716166496 10
    endloop
  endfacet
  facet normal -0.7518398007112117 0.6593458228172265 0
    outer loop
      vertex -39.87341336160898 20.735045716166496 0
      vertex -39.87341336160898 20.735045716166496 10
      vertex -39.52842712402344 21.128427118062973 10
    endloop
  endfacet
  facet normal -0.6593458228172265 0.7518398007112117 0
    outer loop
      vertex -39.52842712402344 21.128427118062973 0
      vertex -39.52842712402344 21.128427118062973 10
      vertex -39.13504572212696 21.473413355648518 10
    endloop
  endfacet
  facet normal -0.5555702302277682 0.8314696141679891 0
    outer loop
      vertex -39.13504572212696 21.473413355648518 0
      vertex -39.13504572212696 21.473413355648518 10
      vertex -38.70000000298023 21.76410160958767 10
    endloop
  endfacet
  facet normal -0.4422886899810064 0.8968727416500545 0
    outer loop
      vertex -38.70000000298023 21.76410160958767 0
      vertex -38.70000000298023 21.76410160958767 10
      vertex -38.23073372989893 21.995518125593662 10
    endloop
  endfacet
  facet normal -0.3214394665972703 0.946930129055815 0
    outer loop
      vertex -38.23073372989893 21.995518125593662 0
      vertex -38.23073372989893 21.995518125593662 10
      vertex -37.7352761849761 22.16370330005884 10
    endloop
  endfacet
  facet normal -0.1950903267663619 0.9807852794583501 0
    outer loop
      vertex -37.7352761849761 22.16370330005884 0
      vertex -37.7352761849761 22.16370330005884 10
      vertex -37.22210477292538 22.265779443085194 10
    endloop
  endfacet
  facet normal -0.06540312801222276 0.9978589233184302 0
    outer loop
      vertex -37.22210477292538 22.265779443085194 0
      vertex -37.22210477292538 22.265779443085194 10
      vertex -36.70000000298023 22.299999997019768 10
    endloop
  endfacet
  facet normal 0 0 -1
    outer loop
      vertex -29.050480947161674 -0.375 0
      vertex -28.950000000000003 0 0
      vertex 23.05048094716167 12.674999999999999 0
    endloop
  endfacet
  facet normal 0 0 -1
    outer loop
      vertex -28.950000000000003 0 0
      vertex -29.050480947161674 0.375 0
      vertex 23.05048094716167 12.674999999999999 0
    endloop
  endfacet
  facet normal 0 0 -1
    outer loop
      vertex -29.325000000000003 0.649519052838329 0
      vertex 23.05048094716167 12.674999999999999 0
      vertex -29.050480947161674 0.375 0
    endloop
  endfacet
  facet normal 0 0 -1
    outer loop
      vertex -29.325000000000003 0.649519052838329 0
      vertex -23.325 11.65048094716167 0
      vertex 0 12.049999999999999 0
    endloop
  endfacet
  facet normal 0 0 -1
    outer loop
      vertex -29.325000000000003 0.649519052838329 0
      vertex 0 12.049999999999999 0
      vertex 0.375 12.15048094716167 0
    endloop
  endfacet
  facet normal 0 0 -1
    outer loop
      vertex -29.325000000000003 0.649519052838329 0
      vertex 0.375 12.15048094716167 0
      vertex 23.325 12.949519052838328 0
    endloop
  endfacet
  facet normal 0 0 -1
    outer loop
      vertex -23.325 11.65048094716167 0
      vertex -23.05048094716167 11.924999999999999 0
      vertex -0.375 12.15048094716167 0
    endloop
  endfacet
  facet normal 0 0 -1
    outer loop
      vertex -23.05048094716167 11.924999999999999 0
      vertex -22.95 12.299999999999999 0
      vertex -0.649519052838329 12.424999999999999 0
    endloop
  endfacet
  facet normal 0 0 -1
    outer loop
      vertex -22.95 12.299999999999999 0
      vertex -23.05048094716167 12.674999999999999 0
      vertex -0.75 12.799999999999999 0
    endloop
  endfacet
  facet normal 0 0 -1
    outer loop
      vertex -23.05048094716167 12.674999999999999 0
      vertex -23.325 12.949519052838328 0
      vertex -0.649519052838329 13.174999999999999 0
    endloop
  endfacet
  facet normal 0 0 -1
    outer loop
      vertex -23.7 13.049999999999999 0
      vertex -0.375 13.449519052838328 0
      vertex -23.325 12.949519052838328 0
    endloop
  endfacet
  facet normal 0 0 -1
    outer loop
      vertex -32.65119754271276 18.562855326804794 0
      vertex -0.375 13.449519052838328 0
      vertex -23.7 13.049999999999999 0
    endloop
  endfacet
  facet normal 0 0 -1
    outer loop
      vertex -32.65119754271276 18.562855326804794 0
      vertex 0 13.549999999999999 0
      vertex -0.375 13.449519052838328 0
    endloop
  endfacet
  facet normal 0 0 -1
    outer loop
      vertex -33.08193397703893 19.308912715728773 0
      vertex 33.3665476220844 19.633452377915603 0
      vertex -32.84211616751136 18.949999999999996 0
    endloop
  endfacet
  facet normal 0 0 -1
    outer loop
      vertex -32.65119754271276 18.562855326804794 0
      vertex -32.84211616751136 18.949999999999996 0
      vertex 33.3665476220844 19.633452377915603 0
    endloop
  endfacet
  facet normal 0 0 -1
    outer loop
      vertex -39.87341336160898 20.735045716166496 0
      vertex -39.52842712402344 21.128427118062973 0
      vertex 38.70000000298023 21.76410160958767 0
    endloop
  endfacet
  facet normal 0 0 -1
    outer loop
      vertex -39.52842712402344 21.128427118062973 0
      vertex -39.13504572212696 21.473413355648518 0
      vertex 38.23073372989893 21.995518125593662 0
    endloop
  endfacet
  facet normal 0 0 -1
    outer loop
      vertex -39.13504572212696 21.473413355648518 0
      vertex -38.70000000298023 21.76410160958767 0
      vertex 37.7352761849761 22.16370330005884 0
    endloop
  endfacet
  facet normal 0 0 -1
    outer loop
      vertex -38.70000000298023 21.76410160958767 0
      vertex -38.23073372989893 21.995518125593662 0
      vertex 37.22210477292538 22.265779443085194 0
    endloop
  endfacet
  facet normal 0 0 -1
    outer loop
      vertex -38.23073372989893 21.995518125593662 0
      vertex -37.7352761849761 22.16370330005884 0
      vertex 36.70000000298023 22.299999997019768 0
    endloop
  endfacet
  facet normal 0 0 -1
    outer loop
      vertex -33.08193397703893 19.308912715728773 0
      vertex -33.3665476220844 19.633452377915603 0
      vertex 34.050000000000004 20.157883832488643 0
    endloop
  endfacet
  facet normal 0 0 -1
    outer loop
      vertex -35.7 20.599999999999998 0
      vertex 39.13504572212696 21.473413355648518 0
      vertex -35.26926356567383 20.57176804253357 0
    endloop
  endfacet
  facet normal 0 0 -1
    outer loop
      vertex -35.26926356567383 20.57176804253357 0
      vertex 39.13504572212696 21.473413355648518 0
      vertex -34.84589715116169 20.487555226753923 0
    endloop
  endfacet
  facet normal 0 0 -1
    outer loop
      vertex -39.87341336160898 20.735045716166496 0
      vertex 39.13504572212696 21.473413355648518 0
      vertex -35.7 20.599999999999998 0
    endloop
  endfacet
  facet normal 0 0 -1
    outer loop
      vertex -37.7352761849761 22.16370330005884 0
      vertex -36.70000000298023 22.299999997019768 0
      vertex 36.70000000298023 22.299999997019768 0
    endloop
  endfacet
  facet normal 0 0 -1
    outer loop
      vertex -23.05048094716167 11.924999999999999 0
      vertex -0.649519052838329 12.424999999999999 0
      vertex -0.375 12.15048094716167 0
    endloop
  endfacet
  facet normal 0 0 -1
    outer loop
      vertex -23.325 11.65048094716167 0
      vertex -0.375 12.15048094716167 0
      vertex 0 12.049999999999999 0
    endloop
  endfacet
  facet normal 0 0 -1
    outer loop
      vertex -22.95 12.299999999999999 0
      vertex -0.75 12.799999999999999 0
      vertex -0.649519052838329 12.424999999999999 0
    endloop
  endfacet
  facet normal 0 0 -1
    outer loop
      vertex -23.05048094716167 12.674999999999999 0
      vertex -0.649519052838329 13.174999999999999 0
      vertex -0.75 12.799999999999999 0
    endloop
  endfacet
  facet normal 0 0 -1
    outer loop
      vertex -23.325 12.949519052838328 0
      vertex -0.375 13.449519052838328 0
      vertex -0.649519052838329 13.174999999999999 0
    endloop
  endfacet
  facet normal 0 0 -1
    outer loop
      vertex -33.3665476220844 19.633452377915603 0
      vertex -33.69108728427123 19.918066022961074 0
      vertex 39.87341336160898 20.735045716166496 0
    endloop
  endfacet
  facet normal 0 0 -1
    outer loop
      vertex -34.437144673195206 20.348802457287242 0
      vertex 39.52842712402344 21.128427118062973 0
      vertex -34.050000000000004 20.157883832488643 0
    endloop
  endfacet
  facet normal 0 0 -1
    outer loop
      vertex -34.84589715116169 20.487555226753923 0
      vertex 39.52842712402344 21.128427118062973 0
      vertex -34.437144673195206 20.348802457287242 0
    endloop
  endfacet
  facet normal 0 0 -1
    outer loop
      vertex -34.050000000000004 20.157883832488643 0
      vertex 39.52842712402344 21.128427118062973 0
      vertex -33.69108728427123 19.918066022961074 0
    endloop
  endfacet
  facet normal 0 1 0
    outer loop
      vertex -36.70000000298023 22.299999997019768 0
      vertex -36.70000000298023 22.299999997019768 10
      vertex 36.70000000298023 22.299999997019768 10
    endloop
  endfacet
  facet normal 0 0 1
    outer loop
      vertex -40.70000000298023 -18.299999997019768 10
      vertex -37.27059520526919 16.649438164979344 10
      vertex -40.70000000298023 18.299999997019768 10
    endloop
  endfacet
  facet normal 0 0 1
    outer loop
      vertex -40.70000000298023 -18.299999997019768 10
      vertex -36.902081528017135 16.097918471982865 10
      vertex -37.0487006784951 16.265105570685172 10
    endloop
  endfacet
  facet normal 0 0 1
    outer loop
      vertex -40.70000000298023 -18.299999997019768 10
      vertex -37.0487006784951 16.265105570685172 10
      vertex -37.17224318643355 16.449999999999996 10
    endloop
  endfacet
  facet normal 0 0 1
    outer loop
      vertex -40.70000000298023 -18.299999997019768 10
      vertex -37.17224318643355 16.449999999999996 10
      vertex -37.27059520526919 16.649438164979344 10
    endloop
  endfacet
  facet normal 0 0 1
    outer loop
      vertex -40.70000000298023 -18.299999997019768 10
      vertex -36.350561835020656 15.72940479473081 10
      vertex -36.550000000000004 15.827756813566452 10
    endloop
  endfacet
  facet normal 0 0 1
    outer loop
      vertex -40.70000000298023 -18.299999997019768 10
      vertex -36.550000000000004 15.827756813566452 10
      vertex -36.73489442931483 15.951299321504898 10
    endloop
  endfacet
  facet normal 0 0 1
    outer loop
      vertex -40.70000000298023 -18.299999997019768 10
      vertex -35.92189452677409 15.614543735664519 10
      vertex -36.139992376674286 15.65792609530858 10
    endloop
  endfacet
  facet normal 0 0 1
    outer loop
      vertex -40.70000000298023 -18.299999997019768 10
      vertex -36.139992376674286 15.65792609530858 10
      vertex -36.350561835020656 15.72940479473081 10
    endloop
  endfacet
  facet normal 0 0 1
    outer loop
      vertex -40.70000000298023 -18.299999997019768 10
      vertex -36.73489442931483 15.951299321504898 10
      vertex -36.902081528017135 16.097918471982865 10
    endloop
  endfacet
  facet normal 0 0 1
    outer loop
      vertex -40.70000000298023 -18.299999997019768 10
      vertex -35.7 15.599999999999998 10
      vertex -35.92189452677409 15.614543735664519 10
    endloop
  endfacet
  facet normal 0 0 1
    outer loop
      vertex -40.70000000298023 -18.299999997019768 10
      vertex -35.47810547322592 15.614543735664519 10
      vertex -35.7 15.599999999999998 10
    endloop
  endfacet
  facet normal 0 0 1
    outer loop
      vertex -40.70000000298023 -18.299999997019768 10
      vertex -35.26000762332572 15.65792609530858 10
      vertex -35.47810547322592 15.614543735664519 10
    endloop
  endfacet
  facet normal 0 0 1
    outer loop
      vertex -40.70000000298023 -18.299999997019768 10
      vertex -35.04943816497935 15.72940479473081 10
      vertex -35.26000762332572 15.65792609530858 10
    endloop
  endfacet
  facet normal 0 0 1
    outer loop
      vertex -40.70000000298023 -18.299999997019768 10
      vertex -34.85 15.827756813566452 10
      vertex -35.04943816497935 15.72940479473081 10
    endloop
  endfacet
  facet normal 0 0 1
    outer loop
      vertex -40.70000000298023 -18.299999997019768 10
      vertex -34.66510557068518 15.951299321504898 10
      vertex -34.85 15.827756813566452 10
    endloop
  endfacet
  facet normal 0 0 1
    outer loop
      vertex -40.70000000298023 -18.299999997019768 10
      vertex -34.49791847198287 16.097918471982865 10
      vertex -34.66510557068518 15.951299321504898 10
    endloop
  endfacet
  facet normal 0 0 1
    outer loop
      vertex -40.70000000298023 -18.299999997019768 10
      vertex -34.351299321504904 16.265105570685172 10
      vertex -34.49791847198287 16.097918471982865 10
    endloop
  endfacet
  facet normal 0 0 1
    outer loop
      vertex -32.62866844324848 -10.35 10
      vertex -30.450000000000003 0 10
      vertex -34.05792609530859 16.86000762332571 10
    endloop
  endfacet
  facet normal 0 0 1
    outer loop
      vertex -32.62866844324848 10.35 10
      vertex -30.450000000000003 0 10
      vertex -30.349519052838332 0.375 10
    endloop
  endfacet
  facet normal 0 0 1
    outer loop
      vertex -36.550000000000004 -15.827756813566452 10
      vertex -34.22775681356646 16.449999999999996 10
      vertex -34.351299321504904 16.265105570685172 10
    endloop
  endfacet
  facet normal 0 0 1
    outer loop
      vertex -32.62866844324848 -10.35 10
      vertex -34.12940479473082 16.649438164979344 10
      vertex -34.22775681356646 16.449999999999996 10
    endloop
  endfacet
  facet normal 0 0 1
    outer loop
      vertex -32.62866844324848 -10.35 10
      vertex -34.05792609530859 16.86000762332571 10
      vertex -34.12940479473082 16.649438164979344 10
    endloop
  endfacet
  facet normal 0 0 1
    outer loop
      vertex -32.62866844324848 10.35 10
      vertex -34.05792609530859 16.86000762332571 10
      vertex -30.450000000000003 0 10
    endloop
  endfacet
  facet normal 0 0 1
    outer loop
      vertex -30.349519052838332 0.375 10
      vertex -30.075000000000003 0.649519052838329 10
      vertex -24.45 12.299999999999999 10
    endloop
  endfacet
  facet normal 0 0 1
    outer loop
      vertex -30.075000000000003 0.649519052838329 10
      vertex -29.700000000000003 0.75 10
      vertex -24.34951905283833 11.924999999999999 10
    endloop
  endfacet
  facet normal 0 0 1
    outer loop
      vertex -28.950000000000003 0 10
      vertex -24.075 11.65048094716167 10
      vertex -29.050480947161674 0.375 10
    endloop
  endfacet
  facet normal 0 0 1
    outer loop
      vertex -29.325000000000003 0.649519052838329 10
      vertex -24.075 11.65048094716167 10
      vertex -29.700000000000003 0.75 10
    endloop
  endfacet
  facet normal 0 0 1
    outer loop
      vertex -29.325000000000003 0.649519052838329 10
      vertex -29.050480947161674 0.375 10
      vertex -24.075 11.65048094716167 10
    endloop
  endfacet
  facet normal 0 0 1
    outer loop
      vertex -32.62866844324848 10.35 10
      vertex -30.349519052838332 0.375 10
      vertex -25.7588 10.35 10
    endloop
  endfacet
  facet normal 0 0 1
    outer loop
      vertex -30.349519052838332 0.375 10
      vertex -24.45 12.299999999999999 10
      vertex -25.7588 10.35 10
    endloop
  endfacet
  facet normal 0 0 1
    outer loop
      vertex -30.075000000000003 0.649519052838329 10
      vertex -24.34951905283833 11.924999999999999 10
      vertex -24.45 12.299999999999999 10
    endloop
  endfacet
  facet normal 0 0 1
    outer loop
      vertex -28.950000000000003 0 10
      vertex -23.7 11.549999999999999 10
      vertex -24.075 11.65048094716167 10
    endloop
  endfacet
  facet normal 0 0 1
    outer loop
      vertex -29.700000000000003 0.75 10
      vertex -24.075 11.65048094716167 10
      vertex -24.34951905283833 11.924999999999999 10
    endloop
  endfacet
  facet normal 0 0 1
    outer loop
      vertex -28.950000000000003 0 10
      vertex -23.325 11.65048094716167 10
      vertex -23.7 11.549999999999999 10
    endloop
  endfacet
  facet normal 0 0 1
    outer loop
      vertex -32.62866844324848 10.35 10
      vertex -32.51663503050804 10.680039793252945 10
      vertex -34.05792609530859 16.86000762332571 10
    endloop
  endfacet
  facet normal 0 0 1
    outer loop
      vertex -32.51663503050804 10.680039793252945 10
      vertex -32.1492613106966 11.424999997019768 10
      vertex -34.05792609530859 16.86000762332571 10
    endloop
  endfacet
  facet normal 0 0 1
    outer loop
      vertex -32.1492613106966 11.424999997019768 10
      vertex -31.68779370933771 12.115635074675083 10
      vertex -34.05792609530859 16.86000762332571 10
    endloop
  endfacet
  facet normal 0 0 1
    outer loop
      vertex -31.68779370933771 12.115635074675083 10
      vertex -31.140128061175346 12.740128062665462 10
      vertex -34.05792609530859 16.86000762332571 10
    endloop
  endfacet
  facet normal 0 0 1
    outer loop
      vertex -31.140128061175346 12.740128062665462 10
      vertex -30.515635073184967 13.287793710827827 10
      vertex -34.05792609530859 16.86000762332571 10
    endloop
  endfacet
  facet normal 0 0 1
    outer loop
      vertex -34.05792609530859 16.86000762332571 10
      vertex -30.515635073184967 13.287793710827827 10
      vertex -29.82499999552965 13.749261312186718 10
    endloop
  endfacet
  facet normal 0 0 1
    outer loop
      vertex -34.014543735664525 17.07810547322591 10
      vertex -29.82499999552965 13.749261312186718 10
      vertex -29.08003979176283 14.116635031998158 10
    endloop
  endfacet
  facet normal 0 0 1
    outer loop
      vertex -34.05792609530859 16.86000762332571 10
      vertex -29.82499999552965 13.749261312186718 10
      vertex -34.014543735664525 17.07810547322591 10
    endloop
  endfacet
  facet normal 0 0 1
    outer loop
      vertex -34.014543735664525 17.07810547322591 10
      vertex -29.08003979176283 14.116635031998158 10
      vertex -34 17.299999999999997 10
    endloop
  endfacet
  facet normal 0 0 1
    outer loop
      vertex -34 17.299999999999997 10
      vertex -29.08003979176283 14.116635031998158 10
      vertex -34.014543735664525 17.521894526774084 10
    endloop
  endfacet
  facet normal 0 0 1
    outer loop
      vertex -34.05792609530859 17.739992376674284 10
      vertex -34.014543735664525 17.521894526774084 10
      vertex -28.293500937521458 14.383628994226456 10
    endloop
  endfacet
  facet normal 0 0 1
    outer loop
      vertex -40.70000000298023 18.299999997019768 10
      vertex -37.34207390469142 16.86000762332571 10
      vertex -37.38545626433548 17.07810547322591 10
    endloop
  endfacet
  facet normal 0 0 1
    outer loop
      vertex -37.27059520526919 16.649438164979344 10
      vertex -37.34207390469142 16.86000762332571 10
      vertex -40.70000000298023 18.299999997019768 10
    endloop
  endfacet
  facet normal 0 0 1
    outer loop
      vertex -40.70000000298023 18.299999997019768 10
      vertex -37.38545626433548 17.07810547322591 10
      vertex -37.400000000000006 17.299999999999997 10
    endloop
  endfacet
  facet normal 0 0 1
    outer loop
      vertex -40.70000000298023 18.299999997019768 10
      vertex -37.400000000000006 17.299999999999997 10
      vertex -37.38545626433548 17.521894526774084 10
    endloop
  endfacet
  facet normal 0 0 1
    outer loop
      vertex -40.70000000298023 18.299999997019768 10
      vertex -37.38545626433548 17.521894526774084 10
      vertex -37.34207390469142 17.739992376674284 10
    endloop
  endfacet
  facet normal 0 0 1
    outer loop
      vertex -40.70000000298023 18.299999997019768 10
      vertex -37.34207390469142 17.739992376674284 10
      vertex -37.27059520526919 17.95056183502065 10
    endloop
  endfacet
  facet normal 0 0 1
    outer loop
      vertex -40.70000000298023 18.299999997019768 10
      vertex -36.902081528017135 18.50208152801713 10
      vertex -40.66577944904566 18.822104766964912 10
    endloop
  endfacet
  facet normal 0 0 1
    outer loop
      vertex -40.70000000298023 18.299999997019768 10
      vertex -37.27059520526919 17.95056183502065 10
      vertex -37.17224318643355 18.15 10
    endloop
  endfacet
  facet normal 0 0 1
    outer loop
      vertex -40.70000000298023 18.299999997019768 10
      vertex -37.17224318643355 18.15 10
      vertex -37.0487006784951 18.334894429314822 10
    endloop
  endfacet
  facet normal 0 0 1
    outer loop
      vertex -40.70000000298023 18.299999997019768 10
      vertex -37.0487006784951 18.334894429314822 10
      vertex -36.902081528017135 18.50208152801713 10
    endloop
  endfacet
  facet normal 0 0 1
    outer loop
      vertex -40.66577944904566 18.822104766964912 10
      vertex -36.139992376674286 18.942073904691412 10
      vertex -40.563703306019306 19.335276179015636 10
    endloop
  endfacet
  facet normal 0 0 1
    outer loop
      vertex -40.66577944904566 18.822104766964912 10
      vertex -36.902081528017135 18.50208152801713 10
      vertex -36.73489442931483 18.648700678495096 10
    endloop
  endfacet
  facet normal 0 0 1
    outer loop
      vertex -40.66577944904566 18.822104766964912 10
      vertex -36.73489442931483 18.648700678495096 10
      vertex -36.550000000000004 18.772243186433542 10
    endloop
  endfacet
  facet normal 0 0 1
    outer loop
      vertex -40.66577944904566 18.822104766964912 10
      vertex -36.550000000000004 18.772243186433542 10
      vertex -36.350561835020656 18.870595205269183 10
    endloop
  endfacet
  facet normal 0 0 1
    outer loop
      vertex -40.66577944904566 18.822104766964912 10
      vertex -36.350561835020656 18.870595205269183 10
      vertex -36.139992376674286 18.942073904691412 10
    endloop
  endfacet
  facet normal 0 0 1
    outer loop
      vertex -40.563703306019306 19.335276179015636 10
      vertex -36.139992376674286 18.942073904691412 10
      vertex -35.92189452677409 18.985456264335475 10
    endloop
  endfacet
  facet normal 0 0 1
    outer loop
      vertex -40.563703306019306 19.335276179015636 10
      vertex -35.92189452677409 18.985456264335475 10
      vertex -35.7 18.999999999999996 10
    endloop
  endfacet
  facet normal 0 0 1
    outer loop
      vertex -40.563703306019306 19.335276179015636 10
      vertex -35.7 18.999999999999996 10
      vertex -35.47810547322592 18.985456264335475 10
    endloop
  endfacet
  facet normal 0 0 1
    outer loop
      vertex -37.7352761849761 22.16370330005884 10
      vertex -36.70000000298023 22.299999997019768 10
      vertex -37.22210477292538 22.265779443085194 10
    endloop
  endfacet
  facet normal 0 0 1
    outer loop
      vertex -34.05792609530859 17.739992376674284 10
      vertex -27.478841319680214 14.545674867928028 10
      vertex -34.12940479473082 17.95056183502065 10
    endloop
  endfacet
  facet normal 0 0 1
    outer loop
      vertex -34.12940479473082 17.95056183502065 10
      vertex -27.478841319680214 14.545674867928028 10
      vertex -34.22775681356646 18.15 10
    endloop
  endfacet
  facet normal 0 0 1
    outer loop
      vertex -34.351299321504904 18.334894429314822 10
      vertex -34.22775681356646 18.15 10
      vertex -26.650000021244665 14.6 10
    endloop
  endfacet
  facet normal 0 0 1
    outer loop
      vertex -34.014543735664525 17.521894526774084 10
      vertex -29.08003979176283 14.116635031998158 10
      vertex -28.293500937521458 14.383628994226456 10
    endloop
  endfacet
  facet normal 0 0 1
    outer loop
      vertex -34.05792609530859 17.739992376674284 10
      vertex -28.293500937521458 14.383628994226456 10
      vertex -27.478841319680214 14.545674867928028 10
    endloop
  endfacet
  facet normal 0 0 1
    outer loop
      vertex -34.22775681356646 18.15 10
      vertex -27.478841319680214 14.545674867928028 10
      vertex -26.650000021244665 14.6 10
    endloop
  endfacet
  facet normal 0 0 1
    outer loop
      vertex -34.351299321504904 18.334894429314822 10
      vertex -26.650000021244665 14.6 10
      vertex -25.7588 14.6 10
    endloop
  endfacet
  facet normal 0 0 1
    outer loop
      vertex -25.7588 10.35 10
      vertex -24.45 12.299999999999999 10
      vertex -24.34951905283833 12.674999999999999 10
    endloop
  endfacet
  facet normal 0 0 1
    outer loop
      vertex -25.7588 10.35 10
      vertex -24.34951905283833 12.674999999999999 10
      vertex -25.7588 14.6 10
    endloop
  endfacet
  facet normal 0 0 1
    outer loop
      vertex -25.7588 14.6 10
      vertex -24.34951905283833 12.674999999999999 10
      vertex -24.075 12.949519052838328 10
    endloop
  endfacet
  facet normal 0 0 1
    outer loop
      vertex -25.7588 14.6 10
      vertex -24.075 12.949519052838328 10
      vertex -23.7 13.049999999999999 10
    endloop
  endfacet
  facet normal 0 0 1
    outer loop
      vertex -25.7588 14.6 10
      vertex -23.7 13.049999999999999 10
      vertex -23.325 12.949519052838328 10
    endloop
  endfacet
  facet normal 0 0 1
    outer loop
      vertex -25.7588 -10.35 10
      vertex -0.375 12.15048094716167 10
      vertex -28.950000000000003 0 10
    endloop
  endfacet
  facet normal 0 0 1
    outer loop
      vertex -28.950000000000003 0 10
      vertex -0.375 12.15048094716167 10
      vertex -23.325 11.65048094716167 10
    endloop
  endfacet
  facet normal 0 0 1
    outer loop
      vertex -25.7588 -10.35 10
      vertex 0 12.049999999999999 10
      vertex -0.375 12.15048094716167 10
    endloop
  endfacet
  facet normal 0 0 1
    outer loop
      vertex -25.7588 -10.35 10
      vertex 0.375 12.15048094716167 10
      vertex 0 12.049999999999999 10
    endloop
  endfacet
  facet normal 0 0 1
    outer loop
      vertex -25.7588 -10.35 10
      vertex 23.325 11.65048094716167 10
      vertex 0.375 12.15048094716167 10
    endloop
  endfacet
  facet normal 0 0 1
    outer loop
      vertex -23.325 11.65048094716167 10
      vertex -0.375 12.15048094716167 10
      vertex -23.05048094716167 11.924999999999999 10
    endloop
  endfacet
  facet normal 0 0 1
    outer loop
      vertex -23.05048094716167 11.924999999999999 10
      vertex -0.649519052838329 12.424999999999999 10
      vertex -22.95 12.299999999999999 10
    endloop
  endfacet
  facet normal 0 0 1
    outer loop
      vertex -22.95 12.299999999999999 10
      vertex -0.75 12.799999999999999 10
      vertex -23.05048094716167 12.674999999999999 10
    endloop
  endfacet
  facet normal 0 0 1
    outer loop
      vertex -23.05048094716167 12.674999999999999 10
      vertex -0.649519052838329 13.174999999999999 10
      vertex -23.325 12.949519052838328 10
    endloop
  endfacet
  facet normal 0 0 1
    outer loop
      vertex -25.7588 14.6 10
      vertex -23.325 12.949519052838328 10
      vertex -0.375 13.449519052838328 10
    endloop
  endfacet
  facet normal 0 0 1
    outer loop
      vertex -34.351299321504904 18.334894429314822 10
      vertex -25.7588 14.6 10
      vertex 25.7588 14.6 10
    endloop
  endfacet
  facet normal 0 0 1
    outer loop
      vertex -40.563703306019306 19.335276179015636 10
      vertex -35.47810547322592 18.985456264335475 10
      vertex 15.043769773377731 20.108543981862578 10
    endloop
  endfacet
  facet normal 0 0 1
    outer loop
      vertex -34.351299321504904 18.334894429314822 10
      vertex 14.233116930510114 19.566883069489883 10
      vertex -34.49791847198287 18.50208152801713 10
    endloop
  endfacet
  facet normal 0 0 1
    outer loop
      vertex -34.85 18.772243186433542 10
      vertex 14.233116930510114 19.566883069489883 10
      vertex -35.04943816497935 18.870595205269183 10
    endloop
  endfacet
  facet normal 0 0 1
    outer loop
      vertex -35.47810547322592 18.985456264335475 10
      vertex -35.26000762332572 18.942073904691412 10
      vertex 14.750625 19.963980977706363 10
    endloop
  endfacet
  facet normal 0 0 1
    outer loop
      vertex -35.26000762332572 18.942073904691412 10
      vertex -35.04943816497935 18.870595205269183 10
      vertex 14.750625 19.963980977706363 10
    endloop
  endfacet
  facet normal 0 0 1
    outer loop
      vertex -34.66510557068518 18.648700678495096 10
      vertex -34.49791847198287 18.50208152801713 10
      vertex 14.233116930510114 19.566883069489883 10
    endloop
  endfacet
  facet normal 0 0 1
    outer loop
      vertex -34.85 18.772243186433542 10
      vertex -34.66510557068518 18.648700678495096 10
      vertex 14.233116930510114 19.566883069489883 10
    endloop
  endfacet
  facet normal 0 0 1
    outer loop
      vertex -40.563703306019306 19.335276179015636 10
      vertex 39.87341336160898 20.735045716166496 10
      vertex -40.39551813155413 19.830733723938465 10
    endloop
  endfacet
  facet normal 0 0 1
    outer loop
      vertex -40.39551813155413 19.830733723938465 10
      vertex 39.52842712402344 21.128427118062973 10
      vertex -40.164101615548134 20.299999997019768 10
    endloop
  endfacet
  facet normal 0 0 1
    outer loop
      vertex -40.164101615548134 20.299999997019768 10
      vertex 39.13504572212696 21.473413355648518 10
      vertex -39.87341336160898 20.735045716166496 10
    endloop
  endfacet
  facet normal 0 0 1
    outer loop
      vertex -39.87341336160898 20.735045716166496 10
      vertex 38.70000000298023 21.76410160958767 10
      vertex -39.52842712402344 21.128427118062973 10
    endloop
  endfacet
  facet normal 0 0 1
    outer loop
      vertex -39.52842712402344 21.128427118062973 10
      vertex 38.23073372989893 21.995518125593662 10
      vertex -39.13504572212696 21.473413355648518 10
    endloop
  endfacet
  facet normal 0 0 1
    outer loop
      vertex -39.13504572212696 21.473413355648518 10
      vertex 37.7352761849761 22.16370330005884 10
      vertex -38.70000000298023 21.76410160958767 10
    endloop
  endfacet
  facet normal 0 0 1
    outer loop
      vertex -38.70000000298023 21.76410160958767 10
      vertex 37.22210477292538 22.265779443085194 10
      vertex -38.23073372989893 21.995518125593662 10
    endloop
  endfacet
  facet normal 0 0 1
    outer loop
      vertex -38.23073372989893 21.995518125593662 10
      vertex 36.70000000298023 22.299999997019768 10
      vertex -37.7352761849761 22.16370330005884 10
    endloop
  endfacet
  facet normal 0 0 1
    outer loop
      vertex -37.7352761849761 22.16370330005884 10
      vertex 36.70000000298023 22.299999997019768 10
      vertex -36.70000000298023 22.299999997019768 10
    endloop
  endfacet
  facet normal 0 0 1
    outer loop
      vertex -23.05048094716167 11.924999999999999 10
      vertex -0.375 12.15048094716167 10
      vertex -0.649519052838329 12.424999999999999 10
    endloop
  endfacet
  facet normal 0 0 1
    outer loop
      vertex -22.95 12.299999999999999 10
      vertex -0.649519052838329 12.424999999999999 10
      vertex -0.75 12.799999999999999 10
    endloop
  endfacet
  facet normal 0 0 1
    outer loop
      vertex -23.05048094716167 12.674999999999999 10
      vertex -0.75 12.799999999999999 10
      vertex -0.649519052838329 13.174999999999999 10
    endloop
  endfacet
  facet normal 0 0 1
    outer loop
      vertex -23.325 12.949519052838328 10
      vertex -0.649519052838329 13.174999999999999 10
      vertex -0.375 13.449519052838328 10
    endloop
  endfacet
  facet normal 0 0 1
    outer loop
      vertex -25.7588 14.6 10
      vertex -0.375 13.449519052838328 10
      vertex 0 13.549999999999999 10
    endloop
  endfacet
  facet normal 0 0 1
    outer loop
      vertex -34.351299321504904 18.334894429314822 10
      vertex 14.750625 15.636019022293633 10
      vertex 14.47885737926446 15.817608340947272 10
    endloop
  endfacet
  facet normal 0 0 1
    outer loop
      vertex -34.351299321504904 18.334894429314822 10
      vertex 15.043769773377731 15.49145601813742 10
      vertex 14.750625 15.636019022293633 10
    endloop
  endfacet
  facet normal 0 0 1
    outer loop
      vertex -34.351299321504904 18.334894429314822 10
      vertex 15.353275911050076 15.386392841560188 10
      vertex 15.043769773377731 15.49145601813742 10
    endloop
  endfacet
  facet normal 0 0 1
    outer loop
      vertex -34.351299321504904 18.334894429314822 10
      vertex 15.673847677190146 15.32262715264219 10
      vertex 15.353275911050076 15.386392841560188 10
    endloop
  endfacet
  facet normal 0 0 1
    outer loop
      vertex -34.351299321504904 18.334894429314822 10
      vertex 16 15.301249999999998 10
      vertex 15.673847677190146 15.32262715264219 10
    endloop
  endfacet
  facet normal 0 0 1
    outer loop
      vertex -34.351299321504904 18.334894429314822 10
      vertex 14.233116930510114 16.03311693051011 10
      vertex 14.017608340947275 16.27885737926446 10
    endloop
  endfacet
  facet normal 0 0 1
    outer loop
      vertex -34.351299321504904 18.334894429314822 10
      vertex 14.017608340947275 16.27885737926446 10
      vertex 13.836019022293636 16.550624999999997 10
    endloop
  endfacet
  facet normal 0 0 1
    outer loop
      vertex -34.351299321504904 18.334894429314822 10
      vertex 13.836019022293636 16.550624999999997 10
      vertex 13.691456018137423 16.84376977337773 10
    endloop
  endfacet
  facet normal 0 0 1
    outer loop
      vertex -34.351299321504904 18.334894429314822 10
      vertex 14.47885737926446 15.817608340947272 10
      vertex 14.233116930510114 16.03311693051011 10
    endloop
  endfacet
  facet normal 0 0 1
    outer loop
      vertex -34.351299321504904 18.334894429314822 10
      vertex 13.691456018137423 16.84376977337773 10
      vertex 13.58639284156019 17.153275911050073 10
    endloop
  endfacet
  facet normal 0 0 1
    outer loop
      vertex -34.351299321504904 18.334894429314822 10
      vertex 13.58639284156019 17.153275911050073 10
      vertex 13.522627152642192 17.473847677190143 10
    endloop
  endfacet
  facet normal 0 0 1
    outer loop
      vertex -34.351299321504904 18.334894429314822 10
      vertex 13.522627152642192 17.473847677190143 10
      vertex 13.50125 17.799999999999997 10
    endloop
  endfacet
  facet normal 0 0 1
    outer loop
      vertex -34.351299321504904 18.334894429314822 10
      vertex 13.50125 17.799999999999997 10
      vertex 13.522627152642192 18.12615232280985 10
    endloop
  endfacet
  facet normal 0 0 1
    outer loop
      vertex -34.351299321504904 18.334894429314822 10
      vertex 13.522627152642192 18.12615232280985 10
      vertex 13.58639284156019 18.44672408894992 10
    endloop
  endfacet
  facet normal 0 0 1
    outer loop
      vertex -34.351299321504904 18.334894429314822 10
      vertex 13.58639284156019 18.44672408894992 10
      vertex 13.691456018137423 18.756230226622264 10
    endloop
  endfacet
  facet normal 0 0 1
    outer loop
      vertex -34.351299321504904 18.334894429314822 10
      vertex 13.691456018137423 18.756230226622264 10
      vertex 13.836019022293636 19.049374999999998 10
    endloop
  endfacet
  facet normal 0 0 1
    outer loop
      vertex -34.351299321504904 18.334894429314822 10
      vertex 13.836019022293636 19.049374999999998 10
      vertex 14.017608340947275 19.321142620735536 10
    endloop
  endfacet
  facet normal 0 0 1
    outer loop
      vertex -34.351299321504904 18.334894429314822 10
      vertex 14.017608340947275 19.321142620735536 10
      vertex 14.233116930510114 19.566883069489883 10
    endloop
  endfacet
  facet normal 0 0 1
    outer loop
      vertex -35.04943816497935 18.870595205269183 10
      vertex 14.233116930510114 19.566883069489883 10
      vertex 14.47885737926446 19.78239165905272 10
    endloop
  endfacet
  facet normal 0 0 1
    outer loop
      vertex -40.563703306019306 19.335276179015636 10
      vertex 15.043769773377731 20.108543981862578 10
      vertex 15.353275911050076 20.213607158439807 10
    endloop
  endfacet
  facet normal 0 0 1
    outer loop
      vertex -40.563703306019306 19.335276179015636 10
      vertex 15.353275911050076 20.213607158439807 10
      vertex 15.673847677190146 20.277372847357807 10
    endloop
  endfacet
  facet normal 0 0 1
    outer loop
      vertex -40.563703306019306 19.335276179015636 10
      vertex 15.673847677190146 20.277372847357807 10
      vertex 16 20.29875 10
    endloop
  endfacet
  facet normal 0 0 1
    outer loop
      vertex -35.04943816497935 18.870595205269183 10
      vertex 14.47885737926446 19.78239165905272 10
      vertex 14.750625 19.963980977706363 10
    endloop
  endfacet
  facet normal 0 0 1
    outer loop
      vertex -35.47810547322592 18.985456264335475 10
      vertex 14.750625 19.963980977706363 10
      vertex 15.043769773377731 20.108543981862578 10
    endloop
  endfacet
  facet normal 0 0 -1
    outer loop
      vertex -39.52842712402344 -21.128427118062973 0
      vertex 33.69108728427123 -19.918066022961074 0
      vertex 34.050000000000004 -20.157883832488643 0
    endloop
  endfacet
  facet normal 0 0 -1
    outer loop
      vertex -39.52842712402344 -21.128427118062973 0
      vertex 34.437144673195206 -20.348802457287242 0
      vertex 34.84589715116169 -20.487555226753923 0
    endloop
  endfacet
  facet normal 0 0 -1
    outer loop
      vertex -39.52842712402344 -21.128427118062973 0
      vertex 34.050000000000004 -20.157883832488643 0
      vertex 34.437144673195206 -20.348802457287242 0
    endloop
  endfacet
  facet normal 0 0 -1
    outer loop
      vertex -39.87341336160898 -20.735045716166496 0
      vertex 33.3665476220844 -19.633452377915603 0
      vertex 33.69108728427123 -19.918066022961074 0
    endloop
  endfacet
  facet normal 0 0 -1
    outer loop
      vertex 0 -13.549999999999999 0
      vertex 0.375 -13.449519052838328 0
      vertex 23.7 -13.049999999999999 0
    endloop
  endfacet
  facet normal 0 0 -1
    outer loop
      vertex 0.375 -13.449519052838328 0
      vertex 0.649519052838329 -13.174999999999999 0
      vertex 23.325 -12.949519052838328 0
    endloop
  endfacet
  facet normal 0 0 -1
    outer loop
      vertex 0.649519052838329 -13.174999999999999 0
      vertex 0.75 -12.799999999999999 0
      vertex 23.05048094716167 -12.674999999999999 0
    endloop
  endfacet
  facet normal 0 0 -1
    outer loop
      vertex 0.75 -12.799999999999999 0
      vertex 0.649519052838329 -12.424999999999999 0
      vertex 22.95 -12.299999999999999 0
    endloop
  endfacet
  facet normal 0 0 -1
    outer loop
      vertex 0.375 -12.15048094716167 0
      vertex 22.95 -12.299999999999999 0
      vertex 0.649519052838329 -12.424999999999999 0
    endloop
  endfacet
  facet normal 0 0 -1
    outer loop
      vertex -36.70000000298023 -22.299999997019768 0
      vertex 37.7352761849761 -22.16370330005884 0
      vertex 36.70000000298023 -22.299999997019768 0
    endloop
  endfacet
  facet normal 0 0 -1
    outer loop
      vertex -39.13504572212696 -21.473413355648518 0
      vertex 35.7 -20.599999999999998 0
      vertex 39.87341336160898 -20.735045716166496 0
    endloop
  endfacet
  facet normal 0 0 -1
    outer loop
      vertex -39.13504572212696 -21.473413355648518 0
      vertex 34.84589715116169 -20.487555226753923 0
      vertex 35.26926356567383 -20.57176804253357 0
    endloop
  endfacet
  facet normal 0 0 -1
    outer loop
      vertex -39.13504572212696 -21.473413355648518 0
      vertex 35.26926356567383 -20.57176804253357 0
      vertex 35.7 -20.599999999999998 0
    endloop
  endfacet
  facet normal 0 0 -1
    outer loop
      vertex -34.050000000000004 -20.157883832488643 0
      vertex 33.08193397703893 -19.308912715728773 0
      vertex 33.3665476220844 -19.633452377915603 0
    endloop
  endfacet
  facet normal 0 0 -1
    outer loop
      vertex -36.70000000298023 -22.299999997019768 0
      vertex 38.23073372989893 -21.995518125593662 0
      vertex 37.7352761849761 -22.16370330005884 0
    endloop
  endfacet
  facet normal 0 0 -1
    outer loop
      vertex -37.22210477292538 -22.265779443085194 0
      vertex 38.70000000298023 -21.76410160958767 0
      vertex 38.23073372989893 -21.995518125593662 0
    endloop
  endfacet
  facet normal 0 0 -1
    outer loop
      vertex -37.7352761849761 -22.16370330005884 0
      vertex 39.13504572212696 -21.473413355648518 0
      vertex 38.70000000298023 -21.76410160958767 0
    endloop
  endfacet
  facet normal 0 0 -1
    outer loop
      vertex -38.23073372989893 -21.995518125593662 0
      vertex 39.52842712402344 -21.128427118062973 0
      vertex 39.13504572212696 -21.473413355648518 0
    endloop
  endfacet
  facet normal 0 0 -1
    outer loop
      vertex -38.70000000298023 -21.76410160958767 0
      vertex 39.87341336160898 -20.735045716166496 0
      vertex 39.52842712402344 -21.128427118062973 0
    endloop
  endfacet
  facet normal 0 0 -1
    outer loop
      vertex -33.3665476220844 -19.633452377915603 0
      vertex 32.65119754271276 -18.562855326804794 0
      vertex 32.84211616751136 -18.949999999999996 0
    endloop
  endfacet
  facet normal 0 0 -1
    outer loop
      vertex -33.3665476220844 -19.633452377915603 0
      vertex 32.84211616751136 -18.949999999999996 0
      vertex 33.08193397703893 -19.308912715728773 0
    endloop
  endfacet
  facet normal 0 0 -1
    outer loop
      vertex 0 -13.549999999999999 0
      vertex 23.7 -13.049999999999999 0
      vertex 32.65119754271276 -18.562855326804794 0
    endloop
  endfacet
  facet normal 0 0 -1
    outer loop
      vertex 0.375 -13.449519052838328 0
      vertex 23.325 -12.949519052838328 0
      vertex 23.7 -13.049999999999999 0
    endloop
  endfacet
  facet normal 0 0 -1
    outer loop
      vertex 0.649519052838329 -13.174999999999999 0
      vertex 23.05048094716167 -12.674999999999999 0
      vertex 23.325 -12.949519052838328 0
    endloop
  endfacet
  facet normal 0 0 -1
    outer loop
      vertex 0.75 -12.799999999999999 0
      vertex 22.95 -12.299999999999999 0
      vertex 23.05048094716167 -12.674999999999999 0
    endloop
  endfacet
  facet normal 0 0 -1
    outer loop
      vertex 0.375 -12.15048094716167 0
      vertex 23.05048094716167 -11.924999999999999 0
      vertex 22.95 -12.299999999999999 0
    endloop
  endfacet
  facet normal 0 0 -1
    outer loop
      vertex 0.375 -12.15048094716167 0
      vertex 23.325 -11.65048094716167 0
      vertex 23.05048094716167 -11.924999999999999 0
    endloop
  endfacet
  facet normal 0 -1 0
    outer loop
      vertex -36.70000000298023 -22.299999997019768 10
      vertex 36.70000000298023 -22.299999997019768 0
      vertex 36.70000000298023 -22.299999997019768 10
    endloop
  endfacet
  facet normal 0 0 -1
    outer loop
      vertex -23.325 -11.65048094716167 0
      vertex 28.950000000000003 0 0
      vertex -0.375 -12.15048094716167 0
    endloop
  endfacet
  facet normal 0 0 -1
    outer loop
      vertex -0.375 -12.15048094716167 0
      vertex 28.950000000000003 0 0
      vertex 0 -12.049999999999999 0
    endloop
  endfacet
  facet normal 0 0 -1
    outer loop
      vertex 0 -12.049999999999999 0
      vertex 28.950000000000003 0 0
      vertex 0.375 -12.15048094716167 0
    endloop
  endfacet
  facet normal 0 0 -1
    outer loop
      vertex 0.375 -12.15048094716167 0
      vertex 28.950000000000003 0 0
      vertex 23.325 -11.65048094716167 0
    endloop
  endfacet
  facet normal 0 0 -1
    outer loop
      vertex -23.7 -11.549999999999999 0
      vertex 29.050480947161674 0.375 0
      vertex 28.950000000000003 0 0
    endloop
  endfacet
  facet normal 0 0 -1
    outer loop
      vertex 23.7 -13.049999999999999 0
      vertex 24.075 -12.949519052838328 0
      vertex 32.51244477324608 -18.154102848838317 0
    endloop
  endfacet
  facet normal 0 0 -1
    outer loop
      vertex 24.075 -12.949519052838328 0
      vertex 24.34951905283833 -12.674999999999999 0
      vertex 32.42823195746643 -16.869263565673826 0
    endloop
  endfacet
  facet normal 0 0 -1
    outer loop
      vertex 23.7 -13.049999999999999 0
      vertex 32.51244477324608 -18.154102848838317 0
      vertex 32.65119754271276 -18.562855326804794 0
    endloop
  endfacet
  facet normal 0 0 -1
    outer loop
      vertex 24.075 -12.949519052838328 0
      vertex 32.42823195746643 -17.730736434326168 0
      vertex 32.51244477324608 -18.154102848838317 0
    endloop
  endfacet
  facet normal 0 0 -1
    outer loop
      vertex 24.075 -12.949519052838328 0
      vertex 32.400000000000006 -17.299999999999997 0
      vertex 32.42823195746643 -17.730736434326168 0
    endloop
  endfacet
  facet normal 0 0 -1
    outer loop
      vertex 24.075 -12.949519052838328 0
      vertex 32.42823195746643 -16.869263565673826 0
      vertex 32.400000000000006 -17.299999999999997 0
    endloop
  endfacet
  facet normal 0 0 -1
    outer loop
      vertex 24.34951905283833 -12.674999999999999 0
      vertex 32.51244477324608 -16.445897151161677 0
      vertex 32.42823195746643 -16.869263565673826 0
    endloop
  endfacet
  facet normal 0 0 -1
    outer loop
      vertex 24.34951905283833 -12.674999999999999 0
      vertex 32.65119754271276 -16.0371446731952 0
      vertex 32.51244477324608 -16.445897151161677 0
    endloop
  endfacet
  facet normal 0 0 -1
    outer loop
      vertex 24.34951905283833 -12.674999999999999 0
      vertex 32.84211616751136 -15.649999999999997 0
      vertex 32.65119754271276 -16.0371446731952 0
    endloop
  endfacet
  facet normal 0 0 -1
    outer loop
      vertex 24.45 -12.299999999999999 0
      vertex 33.08193397703893 -15.291087284271219 0
      vertex 32.84211616751136 -15.649999999999997 0
    endloop
  endfacet
  facet normal 0 0 -1
    outer loop
      vertex 24.45 -12.299999999999999 0
      vertex 33.3665476220844 -14.966547622084391 0
      vertex 33.08193397703893 -15.291087284271219 0
    endloop
  endfacet
  facet normal 0 0 -1
    outer loop
      vertex 24.34951905283833 -12.674999999999999 0
      vertex 24.45 -12.299999999999999 0
      vertex 32.84211616751136 -15.649999999999997 0
    endloop
  endfacet
  facet normal 0 0 -1
    outer loop
      vertex 36.70000000298023 -22.299999997019768 0
      vertex 37.7352761849761 -22.16370330005884 0
      vertex 37.22210477292538 -22.265779443085194 0
    endloop
  endfacet
  facet normal 0 0 -1
    outer loop
      vertex 35.7 -20.599999999999998 0
      vertex 36.130736434326174 -20.57176804253357 0
      vertex 39.87341336160898 -20.735045716166496 0
    endloop
  endfacet
  facet normal 0 0 -1
    outer loop
      vertex 36.130736434326174 -20.57176804253357 0
      vertex 36.55410284883832 -20.487555226753923 0
      vertex 39.87341336160898 -20.735045716166496 0
    endloop
  endfacet
  facet normal 0 0 -1
    outer loop
      vertex 36.55410284883832 -20.487555226753923 0
      vertex 36.9628553268048 -20.348802457287242 0
      vertex 39.87341336160898 -20.735045716166496 0
    endloop
  endfacet
  facet normal 0 0 -1
    outer loop
      vertex 36.9628553268048 -20.348802457287242 0
      vertex 37.35 -20.157883832488643 0
      vertex 39.87341336160898 -20.735045716166496 0
    endloop
  endfacet
  facet normal 0 0 -1
    outer loop
      vertex 37.35 -20.157883832488643 0
      vertex 40.164101615548134 -20.299999997019768 0
      vertex 39.87341336160898 -20.735045716166496 0
    endloop
  endfacet
  facet normal 0 0 -1
    outer loop
      vertex 37.35 -20.157883832488643 0
      vertex 37.70891271572878 -19.918066022961074 0
      vertex 40.164101615548134 -20.299999997019768 0
    endloop
  endfacet
  facet normal 0 0 -1
    outer loop
      vertex 37.70891271572878 -19.918066022961074 0
      vertex 38.03345237791561 -19.633452377915603 0
      vertex 40.164101615548134 -20.299999997019768 0
    endloop
  endfacet
  facet normal 0 0 -1
    outer loop
      vertex 38.03345237791561 -19.633452377915603 0
      vertex 38.31806602296108 -19.308912715728773 0
      vertex 40.39551813155413 -19.830733723938465 0
    endloop
  endfacet
  facet normal 0 0 -1
    outer loop
      vertex 38.03345237791561 -19.633452377915603 0
      vertex 40.39551813155413 -19.830733723938465 0
      vertex 40.164101615548134 -20.299999997019768 0
    endloop
  endfacet
  facet normal 0 0 -1
    outer loop
      vertex 38.31806602296108 -19.308912715728773 0
      vertex 38.55788383248865 -18.949999999999996 0
      vertex 40.563703306019306 -19.335276179015636 0
    endloop
  endfacet
  facet normal 0 0 -1
    outer loop
      vertex 38.55788383248865 -18.949999999999996 0
      vertex 38.74880245728725 -18.562855326804794 0
      vertex 40.563703306019306 -19.335276179015636 0
    endloop
  endfacet
  facet normal 0 0 -1
    outer loop
      vertex 40.39551813155413 -19.830733723938465 0
      vertex 38.31806602296108 -19.308912715728773 0
      vertex 40.563703306019306 -19.335276179015636 0
    endloop
  endfacet
  facet normal 0 0 -1
    outer loop
      vertex 38.74880245728725 -18.562855326804794 0
      vertex 40.66577944904566 -18.822104766964912 0
      vertex 40.563703306019306 -19.335276179015636 0
    endloop
  endfacet
  facet normal 0 0 -1
    outer loop
      vertex 38.74880245728725 -18.562855326804794 0
      vertex 38.887555226753925 -18.154102848838317 0
      vertex 40.66577944904566 -18.822104766964912 0
    endloop
  endfacet
  facet normal 0 0 -1
    outer loop
      vertex 38.887555226753925 -18.154102848838317 0
      vertex 40.70000000298023 -18.299999997019768 0
      vertex 40.66577944904566 -18.822104766964912 0
    endloop
  endfacet
  facet normal 0 0 -1
    outer loop
      vertex 38.887555226753925 -18.154102848838317 0
      vertex 38.971768042533576 -17.730736434326168 0
      vertex 40.70000000298023 -18.299999997019768 0
    endloop
  endfacet
  facet normal 0 0 -1
    outer loop
      vertex 40.70000000298023 -18.299999997019768 0
      vertex 38.971768042533576 -17.730736434326168 0
      vertex 39 -17.299999999999997 0
    endloop
  endfacet
  facet normal 0 0 -1
    outer loop
      vertex 40.70000000298023 -18.299999997019768 0
      vertex 39 -17.299999999999997 0
      vertex 38.971768042533576 -16.869263565673826 0
    endloop
  endfacet
  facet normal 0 0 -1
    outer loop
      vertex 40.70000000298023 -18.299999997019768 0
      vertex 38.971768042533576 -16.869263565673826 0
      vertex 38.887555226753925 -16.445897151161677 0
    endloop
  endfacet
  facet normal 0.06540312801222276 -0.9978589233184302 0
    outer loop
      vertex 36.70000000298023 -22.299999997019768 0
      vertex 37.22210477292538 -22.265779443085194 0
      vertex 36.70000000298023 -22.299999997019768 10
    endloop
  endfacet
  facet normal 0.1950903267663619 -0.9807852794583501 0
    outer loop
      vertex 37.22210477292538 -22.265779443085194 0
      vertex 37.7352761849761 -22.16370330005884 0
      vertex 37.22210477292538 -22.265779443085194 10
    endloop
  endfacet
  facet normal 0.3214394665972703 -0.946930129055815 0
    outer loop
      vertex 37.7352761849761 -22.16370330005884 0
      vertex 38.23073372989893 -21.995518125593662 0
      vertex 37.7352761849761 -22.16370330005884 10
    endloop
  endfacet
  facet normal 0.4422886899810064 -0.8968727416500545 0
    outer loop
      vertex 38.23073372989893 -21.995518125593662 0
      vertex 38.70000000298023 -21.76410160958767 0
      vertex 38.23073372989893 -21.995518125593662 10
    endloop
  endfacet
  facet normal 0.5555702302277682 -0.8314696141679891 0
    outer loop
      vertex 38.70000000298023 -21.76410160958767 0
      vertex 39.13504572212696 -21.473413355648518 0
      vertex 38.70000000298023 -21.76410160958767 10
    endloop
  endfacet
  facet normal 0.6593458228172265 -0.7518398007112117 0
    outer loop
      vertex 39.13504572212696 -21.473413355648518 0
      vertex 39.52842712402344 -21.128427118062973 0
      vertex 39.13504572212696 -21.473413355648518 10
    endloop
  endfacet
  facet normal 0.7518398007112117 -0.6593458228172265 0
    outer loop
      vertex 39.52842712402344 -21.128427118062973 0
      vertex 39.87341336160898 -20.735045716166496 0
      vertex 39.52842712402344 -21.128427118062973 10
    endloop
  endfacet
  facet normal 0.8314696141679891 -0.5555702302277682 0
    outer loop
      vertex 39.87341336160898 -20.735045716166496 0
      vertex 40.164101615548134 -20.299999997019768 0
      vertex 39.87341336160898 -20.735045716166496 10
    endloop
  endfacet
  facet normal 0.8968727416500545 -0.4422886899810064 0
    outer loop
      vertex 40.164101615548134 -20.299999997019768 0
      vertex 40.39551813155413 -19.830733723938465 0
      vertex 40.164101615548134 -20.299999997019768 10
    endloop
  endfacet
  facet normal 0.946930129055815 -0.3214394665972703 0
    outer loop
      vertex 40.39551813155413 -19.830733723938465 0
      vertex 40.563703306019306 -19.335276179015636 0
      vertex 40.39551813155413 -19.830733723938465 10
    endloop
  endfacet
  facet normal 0.9807852794583501 -0.1950903267663619 0
    outer loop
      vertex 40.563703306019306 -19.335276179015636 0
      vertex 40.66577944904566 -18.822104766964912 0
      vertex 40.563703306019306 -19.335276179015636 10
    endloop
  endfacet
  facet normal 0.9978589233184302 -0.06540312801222276 0
    outer loop
      vertex 40.66577944904566 -18.822104766964912 0
      vertex 40.70000000298023 -18.299999997019768 0
      vertex 40.66577944904566 -18.822104766964912 10
    endloop
  endfacet
  facet normal 0.06540312801222276 -0.9978589233184302 0
    outer loop
      vertex 37.22210477292538 -22.265779443085194 0
      vertex 37.22210477292538 -22.265779443085194 10
      vertex 36.70000000298023 -22.299999997019768 10
    endloop
  endfacet
  facet normal 0.1950903267663619 -0.9807852794583501 0
    outer loop
      vertex 37.7352761849761 -22.16370330005884 0
      vertex 37.7352761849761 -22.16370330005884 10
      vertex 37.22210477292538 -22.265779443085194 10
    endloop
  endfacet
  facet normal 0.3214394665972703 -0.946930129055815 0
    outer loop
      vertex 38.23073372989893 -21.995518125593662 0
      vertex 38.23073372989893 -21.995518125593662 10
      vertex 37.7352761849761 -22.16370330005884 10
    endloop
  endfacet
  facet normal 0.4422886899810064 -0.8968727416500545 0
    outer loop
      vertex 38.70000000298023 -21.76410160958767 0
      vertex 38.70000000298023 -21.76410160958767 10
      vertex 38.23073372989893 -21.995518125593662 10
    endloop
  endfacet
  facet normal 0.5555702302277682 -0.8314696141679891 0
    outer loop
      vertex 39.13504572212696 -21.473413355648518 0
      vertex 39.13504572212696 -21.473413355648518 10
      vertex 38.70000000298023 -21.76410160958767 10
    endloop
  endfacet
  facet normal 0.6593458228172265 -0.7518398007112117 0
    outer loop
      vertex 39.52842712402344 -21.128427118062973 0
      vertex 39.52842712402344 -21.128427118062973 10
      vertex 39.13504572212696 -21.473413355648518 10
    endloop
  endfacet
  facet normal 0.7518398007112117 -0.6593458228172265 0
    outer loop
      vertex 39.87341336160898 -20.735045716166496 0
      vertex 39.87341336160898 -20.735045716166496 10
      vertex 39.52842712402344 -21.128427118062973 10
    endloop
  endfacet
  facet normal 0.8314696141679891 -0.5555702302277682 0
    outer loop
      vertex 40.164101615548134 -20.299999997019768 0
      vertex 40.164101615548134 -20.299999997019768 10
      vertex 39.87341336160898 -20.735045716166496 10
    endloop
  endfacet
  facet normal 0.8968727416500545 -0.4422886899810064 0
    outer loop
      vertex 40.39551813155413 -19.830733723938465 0
      vertex 40.39551813155413 -19.830733723938465 10
      vertex 40.164101615548134 -20.299999997019768 10
    endloop
  endfacet
  facet normal 0.946930129055815 -0.3214394665972703 0
    outer loop
      vertex 40.563703306019306 -19.335276179015636 0
      vertex 40.563703306019306 -19.335276179015636 10
      vertex 40.39551813155413 -19.830733723938465 10
    endloop
  endfacet
  facet normal 0.9807852794583501 -0.1950903267663619 0
    outer loop
      vertex 40.66577944904566 -18.822104766964912 0
      vertex 40.66577944904566 -18.822104766964912 10
      vertex 40.563703306019306 -19.335276179015636 10
    endloop
  endfacet
  facet normal 0.9978589233184302 -0.06540312801222276 0
    outer loop
      vertex 40.70000000298023 -18.299999997019768 0
      vertex 40.70000000298023 -18.299999997019768 10
      vertex 40.66577944904566 -18.822104766964912 10
    endloop
  endfacet
  facet normal 0 0 -1
    outer loop
      vertex 24.45 -12.299999999999999 0
      vertex 30.075000000000003 -0.649519052838329 0
      vertex 33.3665476220844 -14.966547622084391 0
    endloop
  endfacet
  facet normal 0 0 -1
    outer loop
      vertex 24.075 -11.65048094716167 0
      vertex 29.700000000000003 -0.75 0
      vertex 24.34951905283833 -11.924999999999999 0
    endloop
  endfacet
  facet normal 0 0 -1
    outer loop
      vertex 23.325 -11.65048094716167 0
      vertex 29.325000000000003 -0.649519052838329 0
      vertex 23.7 -11.549999999999999 0
    endloop
  endfacet
  facet normal 0 0 -1
    outer loop
      vertex 23.7 -11.549999999999999 0
      vertex 29.325000000000003 -0.649519052838329 0
      vertex 24.075 -11.65048094716167 0
    endloop
  endfacet
  facet normal 0 0 -1
    outer loop
      vertex 24.45 -12.299999999999999 0
      vertex 24.34951905283833 -11.924999999999999 0
      vertex 30.075000000000003 -0.649519052838329 0
    endloop
  endfacet
  facet normal 0 0 -1
    outer loop
      vertex 23.325 -11.65048094716167 0
      vertex 29.050480947161674 -0.375 0
      vertex 29.325000000000003 -0.649519052838329 0
    endloop
  endfacet
  facet normal 0 0 -1
    outer loop
      vertex 24.075 -11.65048094716167 0
      vertex 29.325000000000003 -0.649519052838329 0
      vertex 29.700000000000003 -0.75 0
    endloop
  endfacet
  facet normal 0 0 -1
    outer loop
      vertex 23.325 -11.65048094716167 0
      vertex 28.950000000000003 0 0
      vertex 29.050480947161674 -0.375 0
    endloop
  endfacet
  facet normal 0 0 -1
    outer loop
      vertex 24.34951905283833 -11.924999999999999 0
      vertex 29.700000000000003 -0.75 0
      vertex 30.075000000000003 -0.649519052838329 0
    endloop
  endfacet
  facet normal 0 0 -1
    outer loop
      vertex 40.70000000298023 -18.299999997019768 0
      vertex 38.887555226753925 -16.445897151161677 0
      vertex 34.84589715116169 14.112444773246072 0
    endloop
  endfacet
  facet normal 0 0 -1
    outer loop
      vertex 38.74880245728725 -16.0371446731952 0
      vertex 34.84589715116169 14.112444773246072 0
      vertex 38.887555226753925 -16.445897151161677 0
    endloop
  endfacet
  facet normal 0 0 -1
    outer loop
      vertex 38.74880245728725 -16.0371446731952 0
      vertex 38.55788383248865 -15.649999999999997 0
      vertex 34.84589715116169 14.112444773246072 0
    endloop
  endfacet
  facet normal 0 0 -1
    outer loop
      vertex 38.55788383248865 -15.649999999999997 0
      vertex 38.31806602296108 -15.291087284271219 0
      vertex 34.84589715116169 14.112444773246072 0
    endloop
  endfacet
  facet normal 1 0 0
    outer loop
      vertex 40.70000000298023 -18.299999997019768 0
      vertex 40.70000000298023 18.299999997019768 0
      vertex 40.70000000298023 -18.299999997019768 10
    endloop
  endfacet
  facet normal 0 0 -1
    outer loop
      vertex 33.3665476220844 -14.966547622084391 0
      vertex 30.075000000000003 -0.649519052838329 0
      vertex 30.349519052838332 -0.375 0
    endloop
  endfacet
  facet normal 0 0 -1
    outer loop
      vertex 33.3665476220844 -14.966547622084391 0
      vertex 30.349519052838332 -0.375 0
      vertex 30.450000000000003 0 0
    endloop
  endfacet
  facet normal 0 0 -1
    outer loop
      vertex 33.3665476220844 -14.966547622084391 0
      vertex 34.84589715116169 14.112444773246072 0
      vertex 33.69108728427123 -14.681933977038922 0
    endloop
  endfacet
  facet normal 0 0 -1
    outer loop
      vertex 33.69108728427123 -14.681933977038922 0
      vertex 34.84589715116169 14.112444773246072 0
      vertex 34.050000000000004 -14.442116167511351 0
    endloop
  endfacet
  facet normal 0 0 -1
    outer loop
      vertex 34.050000000000004 -14.442116167511351 0
      vertex 34.84589715116169 14.112444773246072 0
      vertex 34.437144673195206 -14.25119754271275 0
    endloop
  endfacet
  facet normal 0 0 -1
    outer loop
      vertex 34.437144673195206 -14.25119754271275 0
      vertex 34.84589715116169 14.112444773246072 0
      vertex 34.84589715116169 -14.112444773246072 0
    endloop
  endfacet
  facet normal 0 0 -1
    outer loop
      vertex 34.84589715116169 -14.112444773246072 0
      vertex 34.84589715116169 14.112444773246072 0
      vertex 35.26926356567383 -14.028231957466422 0
    endloop
  endfacet
  facet normal 0 0 -1
    outer loop
      vertex 35.26926356567383 -14.028231957466422 0
      vertex 34.84589715116169 14.112444773246072 0
      vertex 35.7 -13.999999999999996 0
    endloop
  endfacet
  facet normal 0 0 -1
    outer loop
      vertex 35.7 -13.999999999999996 0
      vertex 34.84589715116169 14.112444773246072 0
      vertex 36.130736434326174 -14.028231957466422 0
    endloop
  endfacet
  facet normal 0 0 -1
    outer loop
      vertex 33.3665476220844 -14.966547622084391 0
      vertex 30.450000000000003 0 0
      vertex 34.84589715116169 14.112444773246072 0
    endloop
  endfacet
  facet normal 0 0 -1
    outer loop
      vertex 37.70891271572878 -14.681933977038922 0
      vertex 34.84589715116169 14.112444773246072 0
      vertex 38.03345237791561 -14.966547622084391 0
    endloop
  endfacet
  facet normal 0 0 -1
    outer loop
      vertex 37.70891271572878 -14.681933977038922 0
      vertex 37.35 -14.442116167511351 0
      vertex 34.84589715116169 14.112444773246072 0
    endloop
  endfacet
  facet normal 0 0 -1
    outer loop
      vertex 36.130736434326174 -14.028231957466422 0
      vertex 34.84589715116169 14.112444773246072 0
      vertex 36.55410284883832 -14.112444773246072 0
    endloop
  endfacet
  facet normal 0 0 -1
    outer loop
      vertex 36.55410284883832 -14.112444773246072 0
      vertex 34.84589715116169 14.112444773246072 0
      vertex 36.9628553268048 -14.25119754271275 0
    endloop
  endfacet
  facet normal 0 0 -1
    outer loop
      vertex 37.35 -14.442116167511351 0
      vertex 36.9628553268048 -14.25119754271275 0
      vertex 34.84589715116169 14.112444773246072 0
    endloop
  endfacet
  facet normal 0 0 -1
    outer loop
      vertex 38.03345237791561 -14.966547622084391 0
      vertex 34.84589715116169 14.112444773246072 0
      vertex 38.31806602296108 -15.291087284271219 0
    endloop
  endfacet
  facet normal 0 0 1
    outer loop
      vertex 35.47810547322592 -18.985456264335475 10
      vertex -14.750625 -19.963980977706363 10
      vertex -15.043769773377731 -20.108543981862578 10
    endloop
  endfacet
  facet normal 0 0 1
    outer loop
      vertex 35.04943816497935 -18.870595205269183 10
      vertex -14.47885737926446 -19.78239165905272 10
      vertex -14.750625 -19.963980977706363 10
    endloop
  endfacet
  facet normal 0 0 1
    outer loop
      vertex 40.563703306019306 -19.335276179015636 10
      vertex -15.673847677190146 -20.277372847357807 10
      vertex -16 -20.29875 10
    endloop
  endfacet
  facet normal 0 0 1
    outer loop
      vertex 40.563703306019306 -19.335276179015636 10
      vertex -15.353275911050076 -20.213607158439807 10
      vertex -15.673847677190146 -20.277372847357807 10
    endloop
  endfacet
  facet normal 0 0 1
    outer loop
      vertex 40.563703306019306 -19.335276179015636 10
      vertex -15.043769773377731 -20.108543981862578 10
      vertex -15.353275911050076 -20.213607158439807 10
    endloop
  endfacet
  facet normal 0 0 1
    outer loop
      vertex 35.04943816497935 -18.870595205269183 10
      vertex -14.233116930510114 -19.566883069489883 10
      vertex -14.47885737926446 -19.78239165905272 10
    endloop
  endfacet
  facet normal 0 0 1
    outer loop
      vertex 34.351299321504904 -18.334894429314822 10
      vertex -14.017608340947275 -19.321142620735536 10
      vertex -14.233116930510114 -19.566883069489883 10
    endloop
  endfacet
  facet normal 0 0 1
    outer loop
      vertex 34.351299321504904 -18.334894429314822 10
      vertex -13.836019022293636 -19.049374999999998 10
      vertex -14.017608340947275 -19.321142620735536 10
    endloop
  endfacet
  facet normal 0 0 1
    outer loop
      vertex 34.351299321504904 -18.334894429314822 10
      vertex -13.691456018137423 -18.756230226622264 10
      vertex -13.836019022293636 -19.049374999999998 10
    endloop
  endfacet
  facet normal 0 0 1
    outer loop
      vertex 0 -13.549999999999999 10
      vertex -13.691456018137423 -18.756230226622264 10
      vertex 34.351299321504904 -18.334894429314822 10
    endloop
  endfacet
  facet normal 0 0 1
    outer loop
      vertex 0.375 -13.449519052838328 10
      vertex 23.325 -12.949519052838328 10
      vertex 0.649519052838329 -13.174999999999999 10
    endloop
  endfacet
  facet normal 0 0 1
    outer loop
      vertex 0.649519052838329 -13.174999999999999 10
      vertex 23.05048094716167 -12.674999999999999 10
      vertex 0.75 -12.799999999999999 10
    endloop
  endfacet
  facet normal 0 0 1
    outer loop
      vertex 0.75 -12.799999999999999 10
      vertex 22.95 -12.299999999999999 10
      vertex 0.649519052838329 -12.424999999999999 10
    endloop
  endfacet
  facet normal 0 0 1
    outer loop
      vertex 0.375 -12.15048094716167 10
      vertex 0.649519052838329 -12.424999999999999 10
      vertex 23.05048094716167 -11.924999999999999 10
    endloop
  endfacet
  facet normal 0 0 1
    outer loop
      vertex -36.70000000298023 -22.299999997019768 10
      vertex 36.70000000298023 -22.299999997019768 10
      vertex 37.7352761849761 -22.16370330005884 10
    endloop
  endfacet
  facet normal 0 0 1
    outer loop
      vertex -36.70000000298023 -22.299999997019768 10
      vertex 37.7352761849761 -22.16370330005884 10
      vertex 38.23073372989893 -21.995518125593662 10
    endloop
  endfacet
  facet normal 0 0 1
    outer loop
      vertex -37.22210477292538 -22.265779443085194 10
      vertex 38.23073372989893 -21.995518125593662 10
      vertex 38.70000000298023 -21.76410160958767 10
    endloop
  endfacet
  facet normal 0 0 1
    outer loop
      vertex -37.7352761849761 -22.16370330005884 10
      vertex 38.70000000298023 -21.76410160958767 10
      vertex 39.13504572212696 -21.473413355648518 10
    endloop
  endfacet
  facet normal 0 0 1
    outer loop
      vertex -38.23073372989893 -21.995518125593662 10
      vertex 39.13504572212696 -21.473413355648518 10
      vertex 39.52842712402344 -21.128427118062973 10
    endloop
  endfacet
  facet normal 0 0 1
    outer loop
      vertex -38.70000000298023 -21.76410160958767 10
      vertex 39.52842712402344 -21.128427118062973 10
      vertex 39.87341336160898 -20.735045716166496 10
    endloop
  endfacet
  facet normal 0 0 1
    outer loop
      vertex -39.13504572212696 -21.473413355648518 10
      vertex 39.87341336160898 -20.735045716166496 10
      vertex 40.164101615548134 -20.299999997019768 10
    endloop
  endfacet
  facet normal 0 0 1
    outer loop
      vertex -39.52842712402344 -21.128427118062973 10
      vertex 40.164101615548134 -20.299999997019768 10
      vertex 40.39551813155413 -19.830733723938465 10
    endloop
  endfacet
  facet normal 0 0 1
    outer loop
      vertex -39.87341336160898 -20.735045716166496 10
      vertex 40.39551813155413 -19.830733723938465 10
      vertex 40.563703306019306 -19.335276179015636 10
    endloop
  endfacet
  facet normal 0 0 1
    outer loop
      vertex 34.66510557068518 -18.648700678495096 10
      vertex -14.233116930510114 -19.566883069489883 10
      vertex 34.85 -18.772243186433542 10
    endloop
  endfacet
  facet normal 0 0 1
    outer loop
      vertex 34.49791847198287 -18.50208152801713 10
      vertex -14.233116930510114 -19.566883069489883 10
      vertex 34.66510557068518 -18.648700678495096 10
    endloop
  endfacet
  facet normal 0 0 1
    outer loop
      vertex 35.04943816497935 -18.870595205269183 10
      vertex -14.750625 -19.963980977706363 10
      vertex 35.26000762332572 -18.942073904691412 10
    endloop
  endfacet
  facet normal 0 0 1
    outer loop
      vertex 35.26000762332572 -18.942073904691412 10
      vertex -14.750625 -19.963980977706363 10
      vertex 35.47810547322592 -18.985456264335475 10
    endloop
  endfacet
  facet normal 0 0 1
    outer loop
      vertex 35.04943816497935 -18.870595205269183 10
      vertex 34.85 -18.772243186433542 10
      vertex -14.233116930510114 -19.566883069489883 10
    endloop
  endfacet
  facet normal 0 0 1
    outer loop
      vertex 34.49791847198287 -18.50208152801713 10
      vertex 34.351299321504904 -18.334894429314822 10
      vertex -14.233116930510114 -19.566883069489883 10
    endloop
  endfacet
  facet normal 0 0 1
    outer loop
      vertex 35.47810547322592 -18.985456264335475 10
      vertex -15.043769773377731 -20.108543981862578 10
      vertex 40.563703306019306 -19.335276179015636 10
    endloop
  endfacet
  facet normal 0 0 1
    outer loop
      vertex 0 -13.549999999999999 10
      vertex 34.351299321504904 -18.334894429314822 10
      vertex 0.375 -13.449519052838328 10
    endloop
  endfacet
  facet normal 0 0 1
    outer loop
      vertex 0.375 -13.449519052838328 10
      vertex 34.351299321504904 -18.334894429314822 10
      vertex 25.7588 -14.6 10
    endloop
  endfacet
  facet normal 0 0 1
    outer loop
      vertex 0.375 -13.449519052838328 10
      vertex 25.7588 -14.6 10
      vertex 23.325 -12.949519052838328 10
    endloop
  endfacet
  facet normal 0 0 1
    outer loop
      vertex 0.649519052838329 -13.174999999999999 10
      vertex 23.325 -12.949519052838328 10
      vertex 23.05048094716167 -12.674999999999999 10
    endloop
  endfacet
  facet normal 0 0 1
    outer loop
      vertex 0.75 -12.799999999999999 10
      vertex 23.05048094716167 -12.674999999999999 10
      vertex 22.95 -12.299999999999999 10
    endloop
  endfacet
  facet normal 0 0 1
    outer loop
      vertex 0.649519052838329 -12.424999999999999 10
      vertex 22.95 -12.299999999999999 10
      vertex 23.05048094716167 -11.924999999999999 10
    endloop
  endfacet
  facet normal 0 0 1
    outer loop
      vertex 0.375 -12.15048094716167 10
      vertex 23.05048094716167 -11.924999999999999 10
      vertex 23.325 -11.65048094716167 10
    endloop
  endfacet
  facet normal 0 0 1
    outer loop
      vertex 0 -12.049999999999999 10
      vertex 0.375 -12.15048094716167 10
      vertex 29.050480947161674 0.375 10
    endloop
  endfacet
  facet normal 0 0 1
    outer loop
      vertex -23.325 -12.949519052838328 10
      vertex 0 -12.049999999999999 10
      vertex 32.62866844324848 10.35 10
    endloop
  endfacet
  facet normal 0 0 1
    outer loop
      vertex 0.375 -12.15048094716167 10
      vertex 23.325 -11.65048094716167 10
      vertex 29.050480947161674 -0.375 10
    endloop
  endfacet
  facet normal 0 0 1
    outer loop
      vertex 0.375 -12.15048094716167 10
      vertex 29.050480947161674 -0.375 10
      vertex 28.950000000000003 0 10
    endloop
  endfacet
  facet normal 0 0 1
    outer loop
      vertex 0.375 -12.15048094716167 10
      vertex 28.950000000000003 0 10
      vertex 29.050480947161674 0.375 10
    endloop
  endfacet
  facet normal 0 0 1
    outer loop
      vertex 0 -12.049999999999999 10
      vertex 29.050480947161674 0.375 10
      vertex 29.325000000000003 0.649519052838329 10
    endloop
  endfacet
  facet normal 0 0 1
    outer loop
      vertex 23.325 -12.949519052838328 10
      vertex 25.7588 -14.6 10
      vertex 23.7 -13.049999999999999 10
    endloop
  endfacet
  facet normal 0 0 1
    outer loop
      vertex 23.7 -13.049999999999999 10
      vertex 25.7588 -14.6 10
      vertex 24.075 -12.949519052838328 10
    endloop
  endfacet
  facet normal 0 0 1
    outer loop
      vertex 24.075 -12.949519052838328 10
      vertex 25.7588 -14.6 10
      vertex 24.34951905283833 -12.674999999999999 10
    endloop
  endfacet
  facet normal 0 0 1
    outer loop
      vertex 24.34951905283833 -12.674999999999999 10
      vertex 25.7588 -14.6 10
      vertex 24.45 -12.299999999999999 10
    endloop
  endfacet
  facet normal 0 0 1
    outer loop
      vertex 24.45 -12.299999999999999 10
      vertex 25.7588 -14.6 10
      vertex 25.7588 -10.35 10
    endloop
  endfacet
  facet normal 0 0 1
    outer loop
      vertex 23.7 -11.549999999999999 10
      vertex 24.075 -11.65048094716167 10
      vertex 25.7588 -10.35 10
    endloop
  endfacet
  facet normal 0 0 1
    outer loop
      vertex 24.075 -11.65048094716167 10
      vertex 24.34951905283833 -11.924999999999999 10
      vertex 25.7588 -10.35 10
    endloop
  endfacet
  facet normal 0 0 1
    outer loop
      vertex 24.45 -12.299999999999999 10
      vertex 25.7588 -10.35 10
      vertex 24.34951905283833 -11.924999999999999 10
    endloop
  endfacet
  facet normal 0 0 1
    outer loop
      vertex 25.7588 -14.6 10
      vertex 34.351299321504904 -18.334894429314822 10
      vertex 26.650000021244665 -14.6 10
    endloop
  endfacet
  facet normal 0 0 1
    outer loop
      vertex 26.650000021244665 -14.6 10
      vertex 34.22775681356646 -18.15 10
      vertex 27.478841319680214 -14.545674867928028 10
    endloop
  endfacet
  facet normal 0 0 1
    outer loop
      vertex 27.478841319680214 -14.545674867928028 10
      vertex 34.05792609530859 -17.739992376674284 10
      vertex 28.293500937521458 -14.383628994226456 10
    endloop
  endfacet
  facet normal 0 0 1
    outer loop
      vertex 28.293500937521458 -14.383628994226456 10
      vertex 34.014543735664525 -17.521894526774084 10
      vertex 29.08003979176283 -14.116635031998158 10
    endloop
  endfacet
  facet normal 0 0 1
    outer loop
      vertex 26.650000021244665 -14.6 10
      vertex 34.351299321504904 -18.334894429314822 10
      vertex 34.22775681356646 -18.15 10
    endloop
  endfacet
  facet normal 0 0 1
    outer loop
      vertex 27.478841319680214 -14.545674867928028 10
      vertex 34.22775681356646 -18.15 10
      vertex 34.12940479473082 -17.95056183502065 10
    endloop
  endfacet
  facet normal 0 0 1
    outer loop
      vertex 27.478841319680214 -14.545674867928028 10
      vertex 34.12940479473082 -17.95056183502065 10
      vertex 34.05792609530859 -17.739992376674284 10
    endloop
  endfacet
  facet normal 0 0 1
    outer loop
      vertex 36.70000000298023 -22.299999997019768 10
      vertex 37.22210477292538 -22.265779443085194 10
      vertex 37.7352761849761 -22.16370330005884 10
    endloop
  endfacet
  facet normal 0 0 1
    outer loop
      vertex 35.47810547322592 -18.985456264335475 10
      vertex 40.563703306019306 -19.335276179015636 10
      vertex 35.7 -18.999999999999996 10
    endloop
  endfacet
  facet normal 0 0 1
    outer loop
      vertex 35.7 -18.999999999999996 10
      vertex 40.563703306019306 -19.335276179015636 10
      vertex 35.92189452677409 -18.985456264335475 10
    endloop
  endfacet
  facet normal 0 0 1
    outer loop
      vertex 35.92189452677409 -18.985456264335475 10
      vertex 40.563703306019306 -19.335276179015636 10
      vertex 36.139992376674286 -18.942073904691412 10
    endloop
  endfacet
  facet normal 0 0 1
    outer loop
      vertex 36.139992376674286 -18.942073904691412 10
      vertex 40.66577944904566 -18.822104766964912 10
      vertex 36.350561835020656 -18.870595205269183 10
    endloop
  endfacet
  facet normal 0 0 1
    outer loop
      vertex 36.350561835020656 -18.870595205269183 10
      vertex 40.66577944904566 -18.822104766964912 10
      vertex 36.550000000000004 -18.772243186433542 10
    endloop
  endfacet
  facet normal 0 0 1
    outer loop
      vertex 36.550000000000004 -18.772243186433542 10
      vertex 40.66577944904566 -18.822104766964912 10
      vertex 36.73489442931483 -18.648700678495096 10
    endloop
  endfacet
  facet normal 0 0 1
    outer loop
      vertex 36.73489442931483 -18.648700678495096 10
      vertex 40.66577944904566 -18.822104766964912 10
      vertex 36.902081528017135 -18.50208152801713 10
    endloop
  endfacet
  facet normal 0 0 1
    outer loop
      vertex 36.139992376674286 -18.942073904691412 10
      vertex 40.563703306019306 -19.335276179015636 10
      vertex 40.66577944904566 -18.822104766964912 10
    endloop
  endfacet
  facet normal 0 0 1
    outer loop
      vertex 36.902081528017135 -18.50208152801713 10
      vertex 40.70000000298023 -18.299999997019768 10
      vertex 37.0487006784951 -18.334894429314822 10
    endloop
  endfacet
  facet normal 0 0 1
    outer loop
      vertex 37.0487006784951 -18.334894429314822 10
      vertex 40.70000000298023 -18.299999997019768 10
      vertex 37.17224318643355 -18.15 10
    endloop
  endfacet
  facet normal 0 0 1
    outer loop
      vertex 37.17224318643355 -18.15 10
      vertex 40.70000000298023 -18.299999997019768 10
      vertex 37.27059520526919 -17.95056183502065 10
    endloop
  endfacet
  facet normal 0 0 1
    outer loop
      vertex 36.902081528017135 -18.50208152801713 10
      vertex 40.66577944904566 -18.822104766964912 10
      vertex 40.70000000298023 -18.299999997019768 10
    endloop
  endfacet
  facet normal 0 0 1
    outer loop
      vertex 37.27059520526919 -17.95056183502065 10
      vertex 40.70000000298023 -18.299999997019768 10
      vertex 37.34207390469142 -17.739992376674284 10
    endloop
  endfacet
  facet normal 0 0 1
    outer loop
      vertex 37.34207390469142 -17.739992376674284 10
      vertex 40.70000000298023 -18.299999997019768 10
      vertex 37.38545626433548 -17.521894526774084 10
    endloop
  endfacet
  facet normal 0 0 1
    outer loop
      vertex 37.38545626433548 -17.521894526774084 10
      vertex 40.70000000298023 -18.299999997019768 10
      vertex 37.400000000000006 -17.299999999999997 10
    endloop
  endfacet
  facet normal 0 0 1
    outer loop
      vertex 37.400000000000006 -17.299999999999997 10
      vertex 40.70000000298023 -18.299999997019768 10
      vertex 37.38545626433548 -17.07810547322591 10
    endloop
  endfacet
  facet normal 0 0 1
    outer loop
      vertex 37.34207390469142 -16.86000762332571 10
      vertex 40.70000000298023 -18.299999997019768 10
      vertex 37.27059520526919 -16.649438164979344 10
    endloop
  endfacet
  facet normal 0 0 1
    outer loop
      vertex 40.70000000298023 -18.299999997019768 10
      vertex 37.17224318643355 -16.449999999999996 10
      vertex 37.27059520526919 -16.649438164979344 10
    endloop
  endfacet
  facet normal 0 0 1
    outer loop
      vertex 37.38545626433548 -17.07810547322591 10
      vertex 40.70000000298023 -18.299999997019768 10
      vertex 37.34207390469142 -16.86000762332571 10
    endloop
  endfacet
  facet normal 0 0 1
    outer loop
      vertex 40.70000000298023 -18.299999997019768 10
      vertex 37.0487006784951 -16.265105570685172 10
      vertex 37.17224318643355 -16.449999999999996 10
    endloop
  endfacet
  facet normal 0 0 1
    outer loop
      vertex 28.293500937521458 -14.383628994226456 10
      vertex 34.05792609530859 -17.739992376674284 10
      vertex 34.014543735664525 -17.521894526774084 10
    endloop
  endfacet
  facet normal 0 0 1
    outer loop
      vertex 29.08003979176283 -14.116635031998158 10
      vertex 34.014543735664525 -17.521894526774084 10
      vertex 34 -17.299999999999997 10
    endloop
  endfacet
  facet normal 0 0 1
    outer loop
      vertex 29.08003979176283 -14.116635031998158 10
      vertex 34 -17.299999999999997 10
      vertex 34.014543735664525 -17.07810547322591 10
    endloop
  endfacet
  facet normal 0 0 1
    outer loop
      vertex 29.82499999552965 -13.749261312186718 10
      vertex 34.014543735664525 -17.07810547322591 10
      vertex 34.05792609530859 -16.86000762332571 10
    endloop
  endfacet
  facet normal 0 0 1
    outer loop
      vertex 29.82499999552965 -13.749261312186718 10
      vertex 34.05792609530859 -16.86000762332571 10
      vertex 34.12940479473082 -16.649438164979344 10
    endloop
  endfacet
  facet normal 0 0 1
    outer loop
      vertex 30.515635073184967 -13.287793710827827 10
      vertex 34.12940479473082 -16.649438164979344 10
      vertex 34.22775681356646 -16.449999999999996 10
    endloop
  endfacet
  facet normal 0 0 1
    outer loop
      vertex 30.515635073184967 -13.287793710827827 10
      vertex 34.22775681356646 -16.449999999999996 10
      vertex 34.351299321504904 -16.265105570685172 10
    endloop
  endfacet
  facet normal 0 0 1
    outer loop
      vertex 29.08003979176283 -14.116635031998158 10
      vertex 34.014543735664525 -17.07810547322591 10
      vertex 29.82499999552965 -13.749261312186718 10
    endloop
  endfacet
  facet normal 0 0 1
    outer loop
      vertex 29.82499999552965 -13.749261312186718 10
      vertex 34.12940479473082 -16.649438164979344 10
      vertex 30.515635073184967 -13.287793710827827 10
    endloop
  endfacet
  facet normal 0 0 1
    outer loop
      vertex 30.515635073184967 -13.287793710827827 10
      vertex 34.49791847198287 -16.097918471982865 10
      vertex 31.140128061175346 -12.740128062665462 10
    endloop
  endfacet
  facet normal 0 0 1
    outer loop
      vertex 30.515635073184967 -13.287793710827827 10
      vertex 34.351299321504904 -16.265105570685172 10
      vertex 34.49791847198287 -16.097918471982865 10
    endloop
  endfacet
  facet normal 0 0 1
    outer loop
      vertex 34.49791847198287 -16.097918471982865 10
      vertex 34.66510557068518 -15.951299321504898 10
      vertex 31.140128061175346 -12.740128062665462 10
    endloop
  endfacet
  facet normal 0 0 1
    outer loop
      vertex 34.66510557068518 -15.951299321504898 10
      vertex 34.85 -15.827756813566452 10
      vertex 31.68779370933771 -12.115635074675083 10
    endloop
  endfacet
  facet normal 0 0 1
    outer loop
      vertex 34.85 -15.827756813566452 10
      vertex 35.04943816497935 -15.72940479473081 10
      vertex 31.68779370933771 -12.115635074675083 10
    endloop
  endfacet
  facet normal 0 0 1
    outer loop
      vertex 35.04943816497935 -15.72940479473081 10
      vertex 35.26000762332572 -15.65792609530858 10
      vertex 31.68779370933771 -12.115635074675083 10
    endloop
  endfacet
  facet normal 0 0 1
    outer loop
      vertex 35.26000762332572 -15.65792609530858 10
      vertex 35.47810547322592 -15.614543735664519 10
      vertex 32.1492613106966 -11.424999997019768 10
    endloop
  endfacet
  facet normal 0 0 1
    outer loop
      vertex 35.47810547322592 -15.614543735664519 10
      vertex 35.7 -15.599999999999998 10
      vertex 32.1492613106966 -11.424999997019768 10
    endloop
  endfacet
  facet normal 0 0 1
    outer loop
      vertex 35.7 -15.599999999999998 10
      vertex 35.92189452677409 -15.614543735664519 10
      vertex 32.51663503050804 -10.680039793252945 10
    endloop
  endfacet
  facet normal 0 0 1
    outer loop
      vertex 35.92189452677409 -15.614543735664519 10
      vertex 36.139992376674286 -15.65792609530858 10
      vertex 32.51663503050804 -10.680039793252945 10
    endloop
  endfacet
  facet normal 0 0 1
    outer loop
      vertex 36.350561835020656 -15.72940479473081 10
      vertex 36.550000000000004 -15.827756813566452 10
      vertex 32.62866844324848 -10.35 10
    endloop
  endfacet
  facet normal 0 0 1
    outer loop
      vertex 36.73489442931483 -15.951299321504898 10
      vertex 36.902081528017135 -16.097918471982865 10
      vertex 32.62866844324848 -10.35 10
    endloop
  endfacet
  facet normal 0 0 1
    outer loop
      vertex 37.0487006784951 -16.265105570685172 10
      vertex 32.62866844324848 -10.35 10
      vertex 36.902081528017135 -16.097918471982865 10
    endloop
  endfacet
  facet normal 0 0 1
    outer loop
      vertex 36.550000000000004 -15.827756813566452 10
      vertex 36.73489442931483 -15.951299321504898 10
      vertex 32.62866844324848 -10.35 10
    endloop
  endfacet
  facet normal 0 0 1
    outer loop
      vertex 34.66510557068518 -15.951299321504898 10
      vertex 31.68779370933771 -12.115635074675083 10
      vertex 31.140128061175346 -12.740128062665462 10
    endloop
  endfacet
  facet normal 0 0 1
    outer loop
      vertex 35.26000762332572 -15.65792609530858 10
      vertex 32.1492613106966 -11.424999997019768 10
      vertex 31.68779370933771 -12.115635074675083 10
    endloop
  endfacet
  facet normal 0 0 1
    outer loop
      vertex 32.1492613106966 -11.424999997019768 10
      vertex 35.7 -15.599999999999998 10
      vertex 32.51663503050804 -10.680039793252945 10
    endloop
  endfacet
  facet normal 0 0 1
    outer loop
      vertex 36.139992376674286 -15.65792609530858 10
      vertex 36.350561835020656 -15.72940479473081 10
      vertex 32.62866844324848 -10.35 10
    endloop
  endfacet
  facet normal 0 0 1
    outer loop
      vertex 36.139992376674286 -15.65792609530858 10
      vertex 32.62866844324848 -10.35 10
      vertex 32.51663503050804 -10.680039793252945 10
    endloop
  endfacet
  facet normal 0 0 1
    outer loop
      vertex 40.70000000298023 -18.299999997019768 10
      vertex 32.62866844324848 -10.35 10
      vertex 37.0487006784951 -16.265105570685172 10
    endloop
  endfacet
  facet normal 0 0 1
    outer loop
      vertex 23.325 -11.65048094716167 10
      vertex 23.7 -11.549999999999999 10
      vertex 29.050480947161674 -0.375 10
    endloop
  endfacet
  facet normal 0 0 1
    outer loop
      vertex 23.7 -11.549999999999999 10
      vertex 25.7588 -10.35 10
      vertex 29.050480947161674 -0.375 10
    endloop
  endfacet
  facet normal 0 0 1
    outer loop
      vertex 25.7588 -10.35 10
      vertex 32.62866844324848 -10.35 10
      vertex 29.700000000000003 -0.75 10
    endloop
  endfacet
  facet normal 0 0 1
    outer loop
      vertex 0 -12.049999999999999 10
      vertex 29.325000000000003 0.649519052838329 10
      vertex 32.62866844324848 10.35 10
    endloop
  endfacet
  facet normal 0 0 1
    outer loop
      vertex 25.7588 -10.35 10
      vertex 29.700000000000003 -0.75 10
      vertex 29.325000000000003 -0.649519052838329 10
    endloop
  endfacet
  facet normal 0 0 1
    outer loop
      vertex 25.7588 -10.35 10
      vertex 29.325000000000003 -0.649519052838329 10
      vertex 29.050480947161674 -0.375 10
    endloop
  endfacet
  facet normal 0 0 1
    outer loop
      vertex 29.700000000000003 -0.75 10
      vertex 32.62866844324848 -10.35 10
      vertex 30.075000000000003 -0.649519052838329 10
    endloop
  endfacet
  facet normal 0 0 1
    outer loop
      vertex 30.075000000000003 -0.649519052838329 10
      vertex 32.62866844324848 -10.35 10
      vertex 30.349519052838332 -0.375 10
    endloop
  endfacet
  facet normal 0 0 1
    outer loop
      vertex 30.349519052838332 -0.375 10
      vertex 32.62866844324848 -10.35 10
      vertex 30.450000000000003 0 10
    endloop
  endfacet
  facet normal 0 0 1
    outer loop
      vertex 40.70000000298023 -18.299999997019768 10
      vertex 40.70000000298023 18.299999997019768 10
      vertex 32.62866844324848 -10.35 10
    endloop
  endfacet
  facet normal 0 0 -1
    outer loop
      vertex -33.69108728427123 -14.681933977038922 0
      vertex 23.325 11.65048094716167 0
      vertex 23.7 11.549999999999999 0
    endloop
  endfacet
  facet normal 0 0 -1
    outer loop
      vertex -33.69108728427123 -14.681933977038922 0
      vertex 23.05048094716167 11.924999999999999 0
      vertex 23.325 11.65048094716167 0
    endloop
  endfacet
  facet normal 0 0 -1
    outer loop
      vertex -33.69108728427123 -14.681933977038922 0
      vertex 22.95 12.299999999999999 0
      vertex 23.05048094716167 11.924999999999999 0
    endloop
  endfacet
  facet normal 0 0 -1
    outer loop
      vertex -33.69108728427123 -14.681933977038922 0
      vertex 23.05048094716167 12.674999999999999 0
      vertex 22.95 12.299999999999999 0
    endloop
  endfacet
  facet normal 0 0 -1
    outer loop
      vertex -33.69108728427123 -14.681933977038922 0
      vertex 23.7 11.549999999999999 0
      vertex 24.075 11.65048094716167 0
    endloop
  endfacet
  facet normal 0 0 -1
    outer loop
      vertex -33.69108728427123 -14.681933977038922 0
      vertex 24.075 11.65048094716167 0
      vertex 33.08193397703893 15.291087284271219 0
    endloop
  endfacet
  facet normal 0 0 -1
    outer loop
      vertex -29.325000000000003 0.649519052838329 0
      vertex 23.325 12.949519052838328 0
      vertex 23.05048094716167 12.674999999999999 0
    endloop
  endfacet
  facet normal 0 0 -1
    outer loop
      vertex -23.7 -11.549999999999999 0
      vertex 34.84589715116169 14.112444773246072 0
      vertex 29.050480947161674 0.375 0
    endloop
  endfacet
  facet normal 0 0 -1
    outer loop
      vertex -33.08193397703893 -15.291087284271219 0
      vertex 33.3665476220844 14.966547622084391 0
      vertex 33.69108728427123 14.681933977038922 0
    endloop
  endfacet
  facet normal 0 0 -1
    outer loop
      vertex -33.08193397703893 -15.291087284271219 0
      vertex 33.08193397703893 15.291087284271219 0
      vertex 33.3665476220844 14.966547622084391 0
    endloop
  endfacet
  facet normal 0 0 -1
    outer loop
      vertex -23.7 -11.549999999999999 0
      vertex 34.050000000000004 14.442116167511351 0
      vertex 34.437144673195206 14.25119754271275 0
    endloop
  endfacet
  facet normal 0 0 -1
    outer loop
      vertex -23.7 -11.549999999999999 0
      vertex 33.69108728427123 14.681933977038922 0
      vertex 34.050000000000004 14.442116167511351 0
    endloop
  endfacet
  facet normal 0 0 -1
    outer loop
      vertex -23.7 -11.549999999999999 0
      vertex 34.437144673195206 14.25119754271275 0
      vertex 34.84589715116169 14.112444773246072 0
    endloop
  endfacet
  facet normal 0 0 -1
    outer loop
      vertex 0.375 12.15048094716167 0
      vertex 0.649519052838329 12.424999999999999 0
      vertex 23.325 12.949519052838328 0
    endloop
  endfacet
  facet normal 0 0 -1
    outer loop
      vertex 0.649519052838329 12.424999999999999 0
      vertex 0.75 12.799999999999999 0
      vertex 23.325 12.949519052838328 0
    endloop
  endfacet
  facet normal 0 0 -1
    outer loop
      vertex 0.75 12.799999999999999 0
      vertex 0.649519052838329 13.174999999999999 0
      vertex 23.325 12.949519052838328 0
    endloop
  endfacet
  facet normal 0 0 -1
    outer loop
      vertex 0.649519052838329 13.174999999999999 0
      vertex 0.375 13.449519052838328 0
      vertex 23.325 12.949519052838328 0
    endloop
  endfacet
  facet normal 0 0 -1
    outer loop
      vertex 0 13.549999999999999 0
      vertex 23.325 12.949519052838328 0
      vertex 0.375 13.449519052838328 0
    endloop
  endfacet
  facet normal 0 0 -1
    outer loop
      vertex -32.65119754271276 18.562855326804794 0
      vertex 32.84211616751136 18.949999999999996 0
      vertex 0 13.549999999999999 0
    endloop
  endfacet
  facet normal 0 0 -1
    outer loop
      vertex 0 13.549999999999999 0
      vertex 32.84211616751136 18.949999999999996 0
      vertex 23.325 12.949519052838328 0
    endloop
  endfacet
  facet normal 0 0 -1
    outer loop
      vertex -32.65119754271276 18.562855326804794 0
      vertex 33.08193397703893 19.308912715728773 0
      vertex 32.84211616751136 18.949999999999996 0
    endloop
  endfacet
  facet normal 0 0 -1
    outer loop
      vertex -32.65119754271276 18.562855326804794 0
      vertex 33.3665476220844 19.633452377915603 0
      vertex 33.08193397703893 19.308912715728773 0
    endloop
  endfacet
  facet normal 0 0 -1
    outer loop
      vertex -33.08193397703893 19.308912715728773 0
      vertex 33.69108728427123 19.918066022961074 0
      vertex 33.3665476220844 19.633452377915603 0
    endloop
  endfacet
  facet normal 0 0 -1
    outer loop
      vertex -33.08193397703893 19.308912715728773 0
      vertex 34.050000000000004 20.157883832488643 0
      vertex 33.69108728427123 19.918066022961074 0
    endloop
  endfacet
  facet normal 0 0 -1
    outer loop
      vertex -33.3665476220844 19.633452377915603 0
      vertex 34.437144673195206 20.348802457287242 0
      vertex 34.050000000000004 20.157883832488643 0
    endloop
  endfacet
  facet normal 0 0 -1
    outer loop
      vertex -33.3665476220844 19.633452377915603 0
      vertex 34.84589715116169 20.487555226753923 0
      vertex 34.437144673195206 20.348802457287242 0
    endloop
  endfacet
  facet normal 0 0 -1
    outer loop
      vertex -33.3665476220844 19.633452377915603 0
      vertex 35.26926356567383 20.57176804253357 0
      vertex 34.84589715116169 20.487555226753923 0
    endloop
  endfacet
  facet normal 0 0 -1
    outer loop
      vertex -33.3665476220844 19.633452377915603 0
      vertex 35.7 20.599999999999998 0
      vertex 35.26926356567383 20.57176804253357 0
    endloop
  endfacet
  facet normal 0 0 -1
    outer loop
      vertex -39.87341336160898 20.735045716166496 0
      vertex 38.70000000298023 21.76410160958767 0
      vertex 39.13504572212696 21.473413355648518 0
    endloop
  endfacet
  facet normal 0 0 -1
    outer loop
      vertex -38.23073372989893 21.995518125593662 0
      vertex 36.70000000298023 22.299999997019768 0
      vertex 37.22210477292538 22.265779443085194 0
    endloop
  endfacet
  facet normal 0 0 -1
    outer loop
      vertex -39.13504572212696 21.473413355648518 0
      vertex 37.7352761849761 22.16370330005884 0
      vertex 38.23073372989893 21.995518125593662 0
    endloop
  endfacet
  facet normal 0 0 -1
    outer loop
      vertex -39.52842712402344 21.128427118062973 0
      vertex 38.23073372989893 21.995518125593662 0
      vertex 38.70000000298023 21.76410160958767 0
    endloop
  endfacet
  facet normal 0 0 -1
    outer loop
      vertex -38.70000000298023 21.76410160958767 0
      vertex 37.22210477292538 22.265779443085194 0
      vertex 37.7352761849761 22.16370330005884 0
    endloop
  endfacet
  facet normal 0 0 -1
    outer loop
      vertex -33.3665476220844 19.633452377915603 0
      vertex 39.87341336160898 20.735045716166496 0
      vertex 35.7 20.599999999999998 0
    endloop
  endfacet
  facet normal 0 0 -1
    outer loop
      vertex -33.69108728427123 19.918066022961074 0
      vertex 39.52842712402344 21.128427118062973 0
      vertex 39.87341336160898 20.735045716166496 0
    endloop
  endfacet
  facet normal 0 0 -1
    outer loop
      vertex -34.84589715116169 20.487555226753923 0
      vertex 39.13504572212696 21.473413355648518 0
      vertex 39.52842712402344 21.128427118062973 0
    endloop
  endfacet
  facet normal 0 1 0
    outer loop
      vertex -36.70000000298023 22.299999997019768 0
      vertex 36.70000000298023 22.299999997019768 10
      vertex 36.70000000298023 22.299999997019768 0
    endloop
  endfacet
  facet normal 0 0 -1
    outer loop
      vertex 29.050480947161674 0.375 0
      vertex 34.84589715116169 14.112444773246072 0
      vertex 29.325000000000003 0.649519052838329 0
    endloop
  endfacet
  facet normal 0 0 -1
    outer loop
      vertex 29.325000000000003 0.649519052838329 0
      vertex 34.84589715116169 14.112444773246072 0
      vertex 29.700000000000003 0.75 0
    endloop
  endfacet
  facet normal 0 0 -1
    outer loop
      vertex 30.075000000000003 0.649519052838329 0
      vertex 34.84589715116169 14.112444773246072 0
      vertex 30.349519052838332 0.375 0
    endloop
  endfacet
  facet normal 0 0 -1
    outer loop
      vertex 30.075000000000003 0.649519052838329 0
      vertex 29.700000000000003 0.75 0
      vertex 34.84589715116169 14.112444773246072 0
    endloop
  endfacet
  facet normal 0 0 -1
    outer loop
      vertex 30.450000000000003 0 0
      vertex 30.349519052838332 0.375 0
      vertex 34.84589715116169 14.112444773246072 0
    endloop
  endfacet
  facet normal 0 0 -1
    outer loop
      vertex 40.70000000298023 -18.299999997019768 0
      vertex 34.84589715116169 14.112444773246072 0
      vertex 35.26926356567383 14.028231957466422 0
    endloop
  endfacet
  facet normal 0 0 -1
    outer loop
      vertex 40.70000000298023 -18.299999997019768 0
      vertex 35.26926356567383 14.028231957466422 0
      vertex 35.7 13.999999999999996 0
    endloop
  endfacet
  facet normal 0 0 -1
    outer loop
      vertex 40.70000000298023 -18.299999997019768 0
      vertex 35.7 13.999999999999996 0
      vertex 36.130736434326174 14.028231957466422 0
    endloop
  endfacet
  facet normal 0 0 -1
    outer loop
      vertex 40.70000000298023 -18.299999997019768 0
      vertex 36.130736434326174 14.028231957466422 0
      vertex 36.55410284883832 14.112444773246072 0
    endloop
  endfacet
  facet normal 0 0 -1
    outer loop
      vertex 40.70000000298023 -18.299999997019768 0
      vertex 36.55410284883832 14.112444773246072 0
      vertex 36.9628553268048 14.25119754271275 0
    endloop
  endfacet
  facet normal 0 0 -1
    outer loop
      vertex 40.70000000298023 -18.299999997019768 0
      vertex 36.9628553268048 14.25119754271275 0
      vertex 37.35 14.442116167511351 0
    endloop
  endfacet
  facet normal 0 0 -1
    outer loop
      vertex 40.70000000298023 -18.299999997019768 0
      vertex 37.35 14.442116167511351 0
      vertex 37.70891271572878 14.681933977038922 0
    endloop
  endfacet
  facet normal 0 0 -1
    outer loop
      vertex 40.70000000298023 -18.299999997019768 0
      vertex 37.70891271572878 14.681933977038922 0
      vertex 38.03345237791561 14.966547622084391 0
    endloop
  endfacet
  facet normal 0 0 -1
    outer loop
      vertex 40.70000000298023 -18.299999997019768 0
      vertex 38.03345237791561 14.966547622084391 0
      vertex 38.31806602296108 15.291087284271219 0
    endloop
  endfacet
  facet normal 0 0 -1
    outer loop
      vertex 40.70000000298023 -18.299999997019768 0
      vertex 38.31806602296108 15.291087284271219 0
      vertex 38.55788383248865 15.649999999999997 0
    endloop
  endfacet
  facet normal 0 0 -1
    outer loop
      vertex 40.70000000298023 -18.299999997019768 0
      vertex 38.55788383248865 15.649999999999997 0
      vertex 38.74880245728725 16.0371446731952 0
    endloop
  endfacet
  facet normal 0 0 -1
    outer loop
      vertex 40.70000000298023 -18.299999997019768 0
      vertex 38.74880245728725 16.0371446731952 0
      vertex 38.887555226753925 16.445897151161677 0
    endloop
  endfacet
  facet normal 0 0 -1
    outer loop
      vertex 40.70000000298023 -18.299999997019768 0
      vertex 38.887555226753925 16.445897151161677 0
      vertex 38.971768042533576 16.869263565673826 0
    endloop
  endfacet
  facet normal 0 0 -1
    outer loop
      vertex 40.70000000298023 -18.299999997019768 0
      vertex 38.971768042533576 16.869263565673826 0
      vertex 40.70000000298023 18.299999997019768 0
    endloop
  endfacet
  facet normal 1 0 0
    outer loop
      vertex 40.70000000298023 -18.299999997019768 10
      vertex 40.70000000298023 18.299999997019768 0
      vertex 40.70000000298023 18.299999997019768 10
    endloop
  endfacet
  facet normal 0 0 -1
    outer loop
      vertex 24.075 11.65048094716167 0
      vertex 24.34951905283833 11.924999999999999 0
      vertex 33.08193397703893 15.291087284271219 0
    endloop
  endfacet
  facet normal 0 0 -1
    outer loop
      vertex 24.34951905283833 11.924999999999999 0
      vertex 24.45 12.299999999999999 0
      vertex 32.84211616751136 15.649999999999997 0
    endloop
  endfacet
  facet normal 0 0 -1
    outer loop
      vertex 24.45 12.299999999999999 0
      vertex 24.34951905283833 12.674999999999999 0
      vertex 32.84211616751136 15.649999999999997 0
    endloop
  endfacet
  facet normal 0 0 -1
    outer loop
      vertex 23.325 12.949519052838328 0
      vertex 32.84211616751136 18.949999999999996 0
      vertex 23.7 13.049999999999999 0
    endloop
  endfacet
  facet normal 0 0 -1
    outer loop
      vertex 24.075 12.949519052838328 0
      vertex 32.42823195746643 16.869263565673826 0
      vertex 24.34951905283833 12.674999999999999 0
    endloop
  endfacet
  facet normal 0 0 -1
    outer loop
      vertex 23.7 13.049999999999999 0
      vertex 32.51244477324608 18.154102848838317 0
      vertex 24.075 12.949519052838328 0
    endloop
  endfacet
  facet normal 0 0 -1
    outer loop
      vertex 24.34951905283833 11.924999999999999 0
      vertex 32.84211616751136 15.649999999999997 0
      vertex 33.08193397703893 15.291087284271219 0
    endloop
  endfacet
  facet normal 0 0 -1
    outer loop
      vertex 24.34951905283833 12.674999999999999 0
      vertex 32.51244477324608 16.445897151161677 0
      vertex 32.65119754271276 16.0371446731952 0
    endloop
  endfacet
  facet normal 0 0 -1
    outer loop
      vertex 24.34951905283833 12.674999999999999 0
      vertex 32.42823195746643 16.869263565673826 0
      vertex 32.51244477324608 16.445897151161677 0
    endloop
  endfacet
  facet normal 0 0 -1
    outer loop
      vertex 24.34951905283833 12.674999999999999 0
      vertex 32.65119754271276 16.0371446731952 0
      vertex 32.84211616751136 15.649999999999997 0
    endloop
  endfacet
  facet normal 0 0 -1
    outer loop
      vertex 24.075 12.949519052838328 0
      vertex 32.400000000000006 17.299999999999997 0
      vertex 32.42823195746643 16.869263565673826 0
    endloop
  endfacet
  facet normal 0 0 -1
    outer loop
      vertex 24.075 12.949519052838328 0
      vertex 32.42823195746643 17.730736434326168 0
      vertex 32.400000000000006 17.299999999999997 0
    endloop
  endfacet
  facet normal 0 0 -1
    outer loop
      vertex 24.075 12.949519052838328 0
      vertex 32.51244477324608 18.154102848838317 0
      vertex 32.42823195746643 17.730736434326168 0
    endloop
  endfacet
  facet normal 0 0 -1
    outer loop
      vertex 23.7 13.049999999999999 0
      vertex 32.65119754271276 18.562855326804794 0
      vertex 32.51244477324608 18.154102848838317 0
    endloop
  endfacet
  facet normal 0 0 -1
    outer loop
      vertex 23.7 13.049999999999999 0
      vertex 32.84211616751136 18.949999999999996 0
      vertex 32.65119754271276 18.562855326804794 0
    endloop
  endfacet
  facet normal 0 0 -1
    outer loop
      vertex 38.971768042533576 16.869263565673826 0
      vertex 39 17.299999999999997 0
      vertex 40.70000000298023 18.299999997019768 0
    endloop
  endfacet
  facet normal 0 0 -1
    outer loop
      vertex 39 17.299999999999997 0
      vertex 38.971768042533576 17.730736434326168 0
      vertex 40.70000000298023 18.299999997019768 0
    endloop
  endfacet
  facet normal 0 0 -1
    outer loop
      vertex 38.971768042533576 17.730736434326168 0
      vertex 38.887555226753925 18.154102848838317 0
      vertex 40.70000000298023 18.299999997019768 0
    endloop
  endfacet
  facet normal 0 0 -1
    outer loop
      vertex 38.74880245728725 18.562855326804794 0
      vertex 38.55788383248865 18.949999999999996 0
      vertex 40.563703306019306 19.335276179015636 0
    endloop
  endfacet
  facet normal 0 0 -1
    outer loop
      vertex 38.55788383248865 18.949999999999996 0
      vertex 38.31806602296108 19.308912715728773 0
      vertex 40.563703306019306 19.335276179015636 0
    endloop
  endfacet
  facet normal 0 0 -1
    outer loop
      vertex 38.74880245728725 18.562855326804794 0
      vertex 40.66577944904566 18.822104766964912 0
      vertex 38.887555226753925 18.154102848838317 0
    endloop
  endfacet
  facet normal 0 0 -1
    outer loop
      vertex 38.887555226753925 18.154102848838317 0
      vertex 40.66577944904566 18.822104766964912 0
      vertex 40.70000000298023 18.299999997019768 0
    endloop
  endfacet
  facet normal 0 0 -1
    outer loop
      vertex 38.74880245728725 18.562855326804794 0
      vertex 40.563703306019306 19.335276179015636 0
      vertex 40.66577944904566 18.822104766964912 0
    endloop
  endfacet
  facet normal 0 0 -1
    outer loop
      vertex 38.31806602296108 19.308912715728773 0
      vertex 40.39551813155413 19.830733723938465 0
      vertex 40.563703306019306 19.335276179015636 0
    endloop
  endfacet
  facet normal 0 0 -1
    outer loop
      vertex 35.7 20.599999999999998 0
      vertex 39.87341336160898 20.735045716166496 0
      vertex 36.130736434326174 20.57176804253357 0
    endloop
  endfacet
  facet normal 0 0 -1
    outer loop
      vertex 36.130736434326174 20.57176804253357 0
      vertex 39.87341336160898 20.735045716166496 0
      vertex 36.55410284883832 20.487555226753923 0
    endloop
  endfacet
  facet normal 0 0 -1
    outer loop
      vertex 36.55410284883832 20.487555226753923 0
      vertex 39.87341336160898 20.735045716166496 0
      vertex 36.9628553268048 20.348802457287242 0
    endloop
  endfacet
  facet normal 0 0 -1
    outer loop
      vertex 38.03345237791561 19.633452377915603 0
      vertex 37.70891271572878 19.918066022961074 0
      vertex 40.39551813155413 19.830733723938465 0
    endloop
  endfacet
  facet normal 0 0 -1
    outer loop
      vertex 37.35 20.157883832488643 0
      vertex 40.164101615548134 20.299999997019768 0
      vertex 37.70891271572878 19.918066022961074 0
    endloop
  endfacet
  facet normal 0 0 -1
    outer loop
      vertex 38.31806602296108 19.308912715728773 0
      vertex 38.03345237791561 19.633452377915603 0
      vertex 40.39551813155413 19.830733723938465 0
    endloop
  endfacet
  facet normal 0 0 -1
    outer loop
      vertex 37.70891271572878 19.918066022961074 0
      vertex 40.164101615548134 20.299999997019768 0
      vertex 40.39551813155413 19.830733723938465 0
    endloop
  endfacet
  facet normal 0 0 -1
    outer loop
      vertex 37.35 20.157883832488643 0
      vertex 36.9628553268048 20.348802457287242 0
      vertex 40.164101615548134 20.299999997019768 0
    endloop
  endfacet
  facet normal 0 0 -1
    outer loop
      vertex 36.9628553268048 20.348802457287242 0
      vertex 39.87341336160898 20.735045716166496 0
      vertex 40.164101615548134 20.299999997019768 0
    endloop
  endfacet
  facet normal 0.9978589233184302 0.06540312801222276 0
    outer loop
      vertex 40.70000000298023 18.299999997019768 0
      vertex 40.66577944904566 18.822104766964912 0
      vertex 40.70000000298023 18.299999997019768 10
    endloop
  endfacet
  facet normal 0.9807852794583501 0.1950903267663619 0
    outer loop
      vertex 40.66577944904566 18.822104766964912 0
      vertex 40.563703306019306 19.335276179015636 0
      vertex 40.66577944904566 18.822104766964912 10
    endloop
  endfacet
  facet normal 0.946930129055815 0.3214394665972703 0
    outer loop
      vertex 40.563703306019306 19.335276179015636 0
      vertex 40.39551813155413 19.830733723938465 0
      vertex 40.563703306019306 19.335276179015636 10
    endloop
  endfacet
  facet normal 0.06540312801222276 0.9978589233184302 0
    outer loop
      vertex 36.70000000298023 22.299999997019768 0
      vertex 37.22210477292538 22.265779443085194 10
      vertex 37.22210477292538 22.265779443085194 0
    endloop
  endfacet
  facet normal 0.1950903267663619 0.9807852794583501 0
    outer loop
      vertex 37.22210477292538 22.265779443085194 0
      vertex 37.7352761849761 22.16370330005884 10
      vertex 37.7352761849761 22.16370330005884 0
    endloop
  endfacet
  facet normal 0.3214394665972703 0.946930129055815 0
    outer loop
      vertex 37.7352761849761 22.16370330005884 0
      vertex 38.23073372989893 21.995518125593662 10
      vertex 38.23073372989893 21.995518125593662 0
    endloop
  endfacet
  facet normal 0.8968727416500545 0.4422886899810064 0
    outer loop
      vertex 40.39551813155413 19.830733723938465 0
      vertex 40.164101615548134 20.299999997019768 0
      vertex 40.39551813155413 19.830733723938465 10
    endloop
  endfacet
  facet normal 0.7518398007112117 0.6593458228172265 0
    outer loop
      vertex 39.87341336160898 20.735045716166496 0
      vertex 39.52842712402344 21.128427118062973 0
      vertex 39.87341336160898 20.735045716166496 10
    endloop
  endfacet
  facet normal 0.8314696141679891 0.5555702302277682 0
    outer loop
      vertex 39.87341336160898 20.735045716166496 0
      vertex 40.164101615548134 20.299999997019768 10
      vertex 40.164101615548134 20.299999997019768 0
    endloop
  endfacet
  facet normal 0.6593458228172265 0.7518398007112117 0
    outer loop
      vertex 39.13504572212696 21.473413355648518 0
      vertex 39.52842712402344 21.128427118062973 10
      vertex 39.52842712402344 21.128427118062973 0
    endloop
  endfacet
  facet normal 0.5555702302277682 0.8314696141679891 0
    outer loop
      vertex 39.13504572212696 21.473413355648518 0
      vertex 38.70000000298023 21.76410160958767 0
      vertex 39.13504572212696 21.473413355648518 10
    endloop
  endfacet
  facet normal 0.4422886899810064 0.8968727416500545 0
    outer loop
      vertex 38.70000000298023 21.76410160958767 0
      vertex 38.23073372989893 21.995518125593662 0
      vertex 38.70000000298023 21.76410160958767 10
    endloop
  endfacet
  facet normal 0.9978589233184302 0.06540312801222276 0
    outer loop
      vertex 40.66577944904566 18.822104766964912 0
      vertex 40.66577944904566 18.822104766964912 10
      vertex 40.70000000298023 18.299999997019768 10
    endloop
  endfacet
  facet normal 0.9807852794583501 0.1950903267663619 0
    outer loop
      vertex 40.563703306019306 19.335276179015636 0
      vertex 40.563703306019306 19.335276179015636 10
      vertex 40.66577944904566 18.822104766964912 10
    endloop
  endfacet
  facet normal 0.06540312801222276 0.9978589233184302 0
    outer loop
      vertex 36.70000000298023 22.299999997019768 0
      vertex 36.70000000298023 22.299999997019768 10
      vertex 37.22210477292538 22.265779443085194 10
    endloop
  endfacet
  facet normal 0.1950903267663619 0.9807852794583501 0
    outer loop
      vertex 37.22210477292538 22.265779443085194 0
      vertex 37.22210477292538 22.265779443085194 10
      vertex 37.7352761849761 22.16370330005884 10
    endloop
  endfacet
  facet normal 0.3214394665972703 0.946930129055815 0
    outer loop
      vertex 37.7352761849761 22.16370330005884 0
      vertex 37.7352761849761 22.16370330005884 10
      vertex 38.23073372989893 21.995518125593662 10
    endloop
  endfacet
  facet normal 0.946930129055815 0.3214394665972703 0
    outer loop
      vertex 40.39551813155413 19.830733723938465 0
      vertex 40.39551813155413 19.830733723938465 10
      vertex 40.563703306019306 19.335276179015636 10
    endloop
  endfacet
  facet normal 0.8968727416500545 0.4422886899810064 0
    outer loop
      vertex 40.164101615548134 20.299999997019768 0
      vertex 40.164101615548134 20.299999997019768 10
      vertex 40.39551813155413 19.830733723938465 10
    endloop
  endfacet
  facet normal 0.8314696141679891 0.5555702302277682 0
    outer loop
      vertex 39.87341336160898 20.735045716166496 0
      vertex 39.87341336160898 20.735045716166496 10
      vertex 40.164101615548134 20.299999997019768 10
    endloop
  endfacet
  facet normal 0.6593458228172265 0.7518398007112117 0
    outer loop
      vertex 39.13504572212696 21.473413355648518 0
      vertex 39.13504572212696 21.473413355648518 10
      vertex 39.52842712402344 21.128427118062973 10
    endloop
  endfacet
  facet normal 0.4422886899810064 0.8968727416500545 0
    outer loop
      vertex 38.23073372989893 21.995518125593662 0
      vertex 38.23073372989893 21.995518125593662 10
      vertex 38.70000000298023 21.76410160958767 10
    endloop
  endfacet
  facet normal 0.5555702302277682 0.8314696141679891 0
    outer loop
      vertex 38.70000000298023 21.76410160958767 0
      vertex 38.70000000298023 21.76410160958767 10
      vertex 39.13504572212696 21.473413355648518 10
    endloop
  endfacet
  facet normal 0.7518398007112117 0.6593458228172265 0
    outer loop
      vertex 39.52842712402344 21.128427118062973 0
      vertex 39.52842712402344 21.128427118062973 10
      vertex 39.87341336160898 20.735045716166496 10
    endloop
  endfacet
  facet normal 0 0 1
    outer loop
      vertex -25.7588 -10.35 10
      vertex 23.7 11.549999999999999 10
      vertex 23.325 11.65048094716167 10
    endloop
  endfacet
  facet normal 0 0 1
    outer loop
      vertex -25.7588 -10.35 10
      vertex 25.7588 10.35 10
      vertex 23.7 11.549999999999999 10
    endloop
  endfacet
  facet normal 0 0 1
    outer loop
      vertex -23.05048094716167 -12.674999999999999 10
      vertex 32.62866844324848 10.35 10
      vertex 25.7588 10.35 10
    endloop
  endfacet
  facet normal 0 0 1
    outer loop
      vertex -25.7588 14.6 10
      vertex 0 13.549999999999999 10
      vertex 25.7588 14.6 10
    endloop
  endfacet
  facet normal 0 0 1
    outer loop
      vertex -34.351299321504904 18.334894429314822 10
      vertex 25.7588 14.6 10
      vertex 16 15.301249999999998 10
    endloop
  endfacet
  facet normal 0 0 1
    outer loop
      vertex 0.375 12.15048094716167 10
      vertex 23.05048094716167 11.924999999999999 10
      vertex 0.649519052838329 12.424999999999999 10
    endloop
  endfacet
  facet normal 0 0 1
    outer loop
      vertex 0.649519052838329 12.424999999999999 10
      vertex 22.95 12.299999999999999 10
      vertex 0.75 12.799999999999999 10
    endloop
  endfacet
  facet normal 0 0 1
    outer loop
      vertex 0.75 12.799999999999999 10
      vertex 23.05048094716167 12.674999999999999 10
      vertex 0.649519052838329 13.174999999999999 10
    endloop
  endfacet
  facet normal 0 0 1
    outer loop
      vertex 0.649519052838329 13.174999999999999 10
      vertex 23.325 12.949519052838328 10
      vertex 0.375 13.449519052838328 10
    endloop
  endfacet
  facet normal 0 0 1
    outer loop
      vertex 0 13.549999999999999 10
      vertex 0.375 13.449519052838328 10
      vertex 25.7588 14.6 10
    endloop
  endfacet
  facet normal 0 0 1
    outer loop
      vertex -40.563703306019306 19.335276179015636 10
      vertex 16 20.29875 10
      vertex 39.87341336160898 20.735045716166496 10
    endloop
  endfacet
  facet normal 0 0 1
    outer loop
      vertex 0.375 12.15048094716167 10
      vertex 23.325 11.65048094716167 10
      vertex 23.05048094716167 11.924999999999999 10
    endloop
  endfacet
  facet normal 0 0 1
    outer loop
      vertex 0.649519052838329 12.424999999999999 10
      vertex 23.05048094716167 11.924999999999999 10
      vertex 22.95 12.299999999999999 10
    endloop
  endfacet
  facet normal 0 0 1
    outer loop
      vertex 0.75 12.799999999999999 10
      vertex 22.95 12.299999999999999 10
      vertex 23.05048094716167 12.674999999999999 10
    endloop
  endfacet
  facet normal 0 0 1
    outer loop
      vertex 0.649519052838329 13.174999999999999 10
      vertex 23.05048094716167 12.674999999999999 10
      vertex 23.325 12.949519052838328 10
    endloop
  endfacet
  facet normal 0 0 1
    outer loop
      vertex 0.375 13.449519052838328 10
      vertex 23.325 12.949519052838328 10
      vertex 25.7588 14.6 10
    endloop
  endfacet
  facet normal 0 0 1
    outer loop
      vertex 25.7588 14.6 10
      vertex 16.326152322809854 15.32262715264219 10
      vertex 16 15.301249999999998 10
    endloop
  endfacet
  facet normal 0 0 1
    outer loop
      vertex 25.7588 14.6 10
      vertex 16.646724088949924 15.386392841560188 10
      vertex 16.326152322809854 15.32262715264219 10
    endloop
  endfacet
  facet normal 0 0 1
    outer loop
      vertex 25.7588 14.6 10
      vertex 16.956230226622267 15.49145601813742 10
      vertex 16.646724088949924 15.386392841560188 10
    endloop
  endfacet
  facet normal 0 0 1
    outer loop
      vertex 25.7588 14.6 10
      vertex 17.249375 15.636019022293633 10
      vertex 16.956230226622267 15.49145601813742 10
    endloop
  endfacet
  facet normal 0 0 1
    outer loop
      vertex 25.7588 14.6 10
      vertex 17.52114262073554 15.817608340947272 10
      vertex 17.249375 15.636019022293633 10
    endloop
  endfacet
  facet normal 0 0 1
    outer loop
      vertex 25.7588 14.6 10
      vertex 17.766883069489886 16.03311693051011 10
      vertex 17.52114262073554 15.817608340947272 10
    endloop
  endfacet
  facet normal 0 0 1
    outer loop
      vertex -39.87341336160898 20.735045716166496 10
      vertex 39.13504572212696 21.473413355648518 10
      vertex 38.70000000298023 21.76410160958767 10
    endloop
  endfacet
  facet normal 0 0 1
    outer loop
      vertex -38.23073372989893 21.995518125593662 10
      vertex 37.22210477292538 22.265779443085194 10
      vertex 36.70000000298023 22.299999997019768 10
    endloop
  endfacet
  facet normal 0 0 1
    outer loop
      vertex -39.13504572212696 21.473413355648518 10
      vertex 38.23073372989893 21.995518125593662 10
      vertex 37.7352761849761 22.16370330005884 10
    endloop
  endfacet
  facet normal 0 0 1
    outer loop
      vertex -39.52842712402344 21.128427118062973 10
      vertex 38.70000000298023 21.76410160958767 10
      vertex 38.23073372989893 21.995518125593662 10
    endloop
  endfacet
  facet normal 0 0 1
    outer loop
      vertex -38.70000000298023 21.76410160958767 10
      vertex 37.7352761849761 22.16370330005884 10
      vertex 37.22210477292538 22.265779443085194 10
    endloop
  endfacet
  facet normal 0 0 1
    outer loop
      vertex -40.39551813155413 19.830733723938465 10
      vertex 39.87341336160898 20.735045716166496 10
      vertex 39.52842712402344 21.128427118062973 10
    endloop
  endfacet
  facet normal 0 0 1
    outer loop
      vertex -40.164101615548134 20.299999997019768 10
      vertex 39.52842712402344 21.128427118062973 10
      vertex 39.13504572212696 21.473413355648518 10
    endloop
  endfacet
  facet normal 0 0 1
    outer loop
      vertex 32.62866844324848 -10.35 10
      vertex 40.70000000298023 18.299999997019768 10
      vertex 30.450000000000003 0 10
    endloop
  endfacet
  facet normal 0 0 1
    outer loop
      vertex 30.450000000000003 0 10
      vertex 40.70000000298023 18.299999997019768 10
      vertex 30.349519052838332 0.375 10
    endloop
  endfacet
  facet normal 0 0 1
    outer loop
      vertex 29.325000000000003 0.649519052838329 10
      vertex 29.700000000000003 0.75 10
      vertex 40.70000000298023 18.299999997019768 10
    endloop
  endfacet
  facet normal 0 0 1
    outer loop
      vertex 30.075000000000003 0.649519052838329 10
      vertex 40.70000000298023 18.299999997019768 10
      vertex 29.700000000000003 0.75 10
    endloop
  endfacet
  facet normal 0 0 1
    outer loop
      vertex 30.075000000000003 0.649519052838329 10
      vertex 30.349519052838332 0.375 10
      vertex 40.70000000298023 18.299999997019768 10
    endloop
  endfacet
  facet normal 0 0 1
    outer loop
      vertex 29.325000000000003 0.649519052838329 10
      vertex 36.73489442931483 15.951299321504898 10
      vertex 32.62866844324848 10.35 10
    endloop
  endfacet
  facet normal 0 0 1
    outer loop
      vertex 29.325000000000003 0.649519052838329 10
      vertex 36.902081528017135 16.097918471982865 10
      vertex 36.73489442931483 15.951299321504898 10
    endloop
  endfacet
  facet normal 0 0 1
    outer loop
      vertex 25.7588 10.35 10
      vertex 24.075 11.65048094716167 10
      vertex 23.7 11.549999999999999 10
    endloop
  endfacet
  facet normal 0 0 1
    outer loop
      vertex 25.7588 10.35 10
      vertex 24.34951905283833 11.924999999999999 10
      vertex 24.075 11.65048094716167 10
    endloop
  endfacet
  facet normal 0 0 1
    outer loop
      vertex 25.7588 10.35 10
      vertex 24.45 12.299999999999999 10
      vertex 24.34951905283833 11.924999999999999 10
    endloop
  endfacet
  facet normal 0 0 1
    outer loop
      vertex 25.7588 10.35 10
      vertex 24.34951905283833 12.674999999999999 10
      vertex 24.45 12.299999999999999 10
    endloop
  endfacet
  facet normal 0 0 1
    outer loop
      vertex 25.7588 10.35 10
      vertex 25.7588 14.6 10
      vertex 24.34951905283833 12.674999999999999 10
    endloop
  endfacet
  facet normal 0 0 1
    outer loop
      vertex 23.325 12.949519052838328 10
      vertex 23.7 13.049999999999999 10
      vertex 25.7588 14.6 10
    endloop
  endfacet
  facet normal 0 0 1
    outer loop
      vertex 24.075 12.949519052838328 10
      vertex 24.34951905283833 12.674999999999999 10
      vertex 25.7588 14.6 10
    endloop
  endfacet
  facet normal 0 0 1
    outer loop
      vertex 23.7 13.049999999999999 10
      vertex 24.075 12.949519052838328 10
      vertex 25.7588 14.6 10
    endloop
  endfacet
  facet normal 0 0 1
    outer loop
      vertex 25.7588 14.6 10
      vertex 17.982391659052723 16.27885737926446 10
      vertex 17.766883069489886 16.03311693051011 10
    endloop
  endfacet
  facet normal 0 0 1
    outer loop
      vertex 25.7588 14.6 10
      vertex 18.163980977706366 16.550624999999997 10
      vertex 17.982391659052723 16.27885737926446 10
    endloop
  endfacet
  facet normal 0 0 1
    outer loop
      vertex 25.7588 14.6 10
      vertex 18.30854398186258 16.84376977337773 10
      vertex 18.163980977706366 16.550624999999997 10
    endloop
  endfacet
  facet normal 0 0 1
    outer loop
      vertex 25.7588 14.6 10
      vertex 18.41360715843981 17.153275911050073 10
      vertex 18.30854398186258 16.84376977337773 10
    endloop
  endfacet
  facet normal 0 0 1
    outer loop
      vertex 25.7588 14.6 10
      vertex 18.47737284735781 17.473847677190143 10
      vertex 18.41360715843981 17.153275911050073 10
    endloop
  endfacet
  facet normal 0 0 1
    outer loop
      vertex 25.7588 14.6 10
      vertex 18.49875 17.799999999999997 10
      vertex 18.47737284735781 17.473847677190143 10
    endloop
  endfacet
  facet normal 0 0 1
    outer loop
      vertex 25.7588 14.6 10
      vertex 26.650000021244665 14.6 10
      vertex 34.351299321504904 18.334894429314822 10
    endloop
  endfacet
  facet normal 0 0 1
    outer loop
      vertex 26.650000021244665 14.6 10
      vertex 27.478841319680214 14.545674867928028 10
      vertex 34.22775681356646 18.15 10
    endloop
  endfacet
  facet normal 0 0 1
    outer loop
      vertex 27.478841319680214 14.545674867928028 10
      vertex 28.293500937521458 14.383628994226456 10
      vertex 34.05792609530859 17.739992376674284 10
    endloop
  endfacet
  facet normal 0 0 1
    outer loop
      vertex 28.293500937521458 14.383628994226456 10
      vertex 29.08003979176283 14.116635031998158 10
      vertex 34.014543735664525 17.521894526774084 10
    endloop
  endfacet
  facet normal 0 0 1
    outer loop
      vertex 25.7588 14.6 10
      vertex 18.47737284735781 18.12615232280985 10
      vertex 18.49875 17.799999999999997 10
    endloop
  endfacet
  facet normal 0 0 1
    outer loop
      vertex 25.7588 14.6 10
      vertex 18.41360715843981 18.44672408894992 10
      vertex 18.47737284735781 18.12615232280985 10
    endloop
  endfacet
  facet normal 0 0 1
    outer loop
      vertex 35.04943816497935 18.870595205269183 10
      vertex 18.30854398186258 18.756230226622264 10
      vertex 18.41360715843981 18.44672408894992 10
    endloop
  endfacet
  facet normal 0 0 1
    outer loop
      vertex 39.87341336160898 20.735045716166496 10
      vertex 16 20.29875 10
      vertex 16.326152322809854 20.277372847357807 10
    endloop
  endfacet
  facet normal 0 0 1
    outer loop
      vertex 40.164101615548134 20.299999997019768 10
      vertex 17.766883069489886 19.566883069489883 10
      vertex 17.982391659052723 19.321142620735536 10
    endloop
  endfacet
  facet normal 0 0 1
    outer loop
      vertex 40.164101615548134 20.299999997019768 10
      vertex 17.249375 19.963980977706363 10
      vertex 17.52114262073554 19.78239165905272 10
    endloop
  endfacet
  facet normal 0 0 1
    outer loop
      vertex 40.164101615548134 20.299999997019768 10
      vertex 17.52114262073554 19.78239165905272 10
      vertex 17.766883069489886 19.566883069489883 10
    endloop
  endfacet
  facet normal 0 0 1
    outer loop
      vertex 39.87341336160898 20.735045716166496 10
      vertex 16.326152322809854 20.277372847357807 10
      vertex 16.646724088949924 20.213607158439807 10
    endloop
  endfacet
  facet normal 0 0 1
    outer loop
      vertex 39.87341336160898 20.735045716166496 10
      vertex 16.646724088949924 20.213607158439807 10
      vertex 16.956230226622267 20.108543981862578 10
    endloop
  endfacet
  facet normal 0 0 1
    outer loop
      vertex 39.87341336160898 20.735045716166496 10
      vertex 16.956230226622267 20.108543981862578 10
      vertex 17.249375 19.963980977706363 10
    endloop
  endfacet
  facet normal 0 0 1
    outer loop
      vertex 25.7588 14.6 10
      vertex 34.49791847198287 18.50208152801713 10
      vertex 18.41360715843981 18.44672408894992 10
    endloop
  endfacet
  facet normal 0 0 1
    outer loop
      vertex 40.39551813155413 19.830733723938465 10
      vertex 18.163980977706366 19.049374999999998 10
      vertex 18.30854398186258 18.756230226622264 10
    endloop
  endfacet
  facet normal 0 0 1
    outer loop
      vertex 40.39551813155413 19.830733723938465 10
      vertex 17.982391659052723 19.321142620735536 10
      vertex 18.163980977706366 19.049374999999998 10
    endloop
  endfacet
  facet normal 0 0 1
    outer loop
      vertex 34.49791847198287 18.50208152801713 10
      vertex 34.66510557068518 18.648700678495096 10
      vertex 18.41360715843981 18.44672408894992 10
    endloop
  endfacet
  facet normal 0 0 1
    outer loop
      vertex 34.66510557068518 18.648700678495096 10
      vertex 34.85 18.772243186433542 10
      vertex 18.41360715843981 18.44672408894992 10
    endloop
  endfacet
  facet normal 0 0 1
    outer loop
      vertex 34.85 18.772243186433542 10
      vertex 35.04943816497935 18.870595205269183 10
      vertex 18.41360715843981 18.44672408894992 10
    endloop
  endfacet
  facet normal 0 0 1
    outer loop
      vertex 35.04943816497935 18.870595205269183 10
      vertex 35.26000762332572 18.942073904691412 10
      vertex 18.30854398186258 18.756230226622264 10
    endloop
  endfacet
  facet normal 0 0 1
    outer loop
      vertex 35.26000762332572 18.942073904691412 10
      vertex 35.47810547322592 18.985456264335475 10
      vertex 18.30854398186258 18.756230226622264 10
    endloop
  endfacet
  facet normal 0 0 1
    outer loop
      vertex 31.68779370933771 12.115635074675083 10
      vertex 32.1492613106966 11.424999997019768 10
      vertex 35.04943816497935 15.72940479473081 10
    endloop
  endfacet
  facet normal 0 0 1
    outer loop
      vertex 30.515635073184967 13.287793710827827 10
      vertex 31.140128061175346 12.740128062665462 10
      vertex 35.04943816497935 15.72940479473081 10
    endloop
  endfacet
  facet normal 0 0 1
    outer loop
      vertex 31.68779370933771 12.115635074675083 10
      vertex 35.04943816497935 15.72940479473081 10
      vertex 31.140128061175346 12.740128062665462 10
    endloop
  endfacet
  facet normal 0 0 1
    outer loop
      vertex 32.62866844324848 10.35 10
      vertex 35.92189452677409 15.614543735664519 10
      vertex 32.51663503050804 10.680039793252945 10
    endloop
  endfacet
  facet normal 0 0 1
    outer loop
      vertex 32.51663503050804 10.680039793252945 10
      vertex 35.47810547322592 15.614543735664519 10
      vertex 32.1492613106966 11.424999997019768 10
    endloop
  endfacet
  facet normal 0 0 1
    outer loop
      vertex 32.62866844324848 10.35 10
      vertex 36.139992376674286 15.65792609530858 10
      vertex 35.92189452677409 15.614543735664519 10
    endloop
  endfacet
  facet normal 0 0 1
    outer loop
      vertex 32.62866844324848 10.35 10
      vertex 36.350561835020656 15.72940479473081 10
      vertex 36.139992376674286 15.65792609530858 10
    endloop
  endfacet
  facet normal 0 0 1
    outer loop
      vertex 29.82499999552965 13.749261312186718 10
      vertex 30.515635073184967 13.287793710827827 10
      vertex 34.49791847198287 16.097918471982865 10
    endloop
  endfacet
  facet normal 0 0 1
    outer loop
      vertex 29.82499999552965 13.749261312186718 10
      vertex 34 17.299999999999997 10
      vertex 29.08003979176283 14.116635031998158 10
    endloop
  endfacet
  facet normal 0 0 1
    outer loop
      vertex 29.82499999552965 13.749261312186718 10
      vertex 34.22775681356646 16.449999999999996 10
      vertex 34.12940479473082 16.649438164979344 10
    endloop
  endfacet
  facet normal 0 0 1
    outer loop
      vertex 29.82499999552965 13.749261312186718 10
      vertex 34.49791847198287 16.097918471982865 10
      vertex 34.351299321504904 16.265105570685172 10
    endloop
  endfacet
  facet normal 0 0 1
    outer loop
      vertex 29.82499999552965 13.749261312186718 10
      vertex 34.351299321504904 16.265105570685172 10
      vertex 34.22775681356646 16.449999999999996 10
    endloop
  endfacet
  facet normal 0 0 1
    outer loop
      vertex 29.82499999552965 13.749261312186718 10
      vertex 34.12940479473082 16.649438164979344 10
      vertex 34.05792609530859 16.86000762332571 10
    endloop
  endfacet
  facet normal 0 0 1
    outer loop
      vertex 29.82499999552965 13.749261312186718 10
      vertex 34.05792609530859 16.86000762332571 10
      vertex 34.014543735664525 17.07810547322591 10
    endloop
  endfacet
  facet normal 0 0 1
    outer loop
      vertex 29.08003979176283 14.116635031998158 10
      vertex 34 17.299999999999997 10
      vertex 34.014543735664525 17.521894526774084 10
    endloop
  endfacet
  facet normal 0 0 1
    outer loop
      vertex 28.293500937521458 14.383628994226456 10
      vertex 34.014543735664525 17.521894526774084 10
      vertex 34.05792609530859 17.739992376674284 10
    endloop
  endfacet
  facet normal 0 0 1
    outer loop
      vertex 29.82499999552965 13.749261312186718 10
      vertex 34.014543735664525 17.07810547322591 10
      vertex 34 17.299999999999997 10
    endloop
  endfacet
  facet normal 0 0 1
    outer loop
      vertex 32.1492613106966 11.424999997019768 10
      vertex 35.26000762332572 15.65792609530858 10
      vertex 35.04943816497935 15.72940479473081 10
    endloop
  endfacet
  facet normal 0 0 1
    outer loop
      vertex 32.1492613106966 11.424999997019768 10
      vertex 35.47810547322592 15.614543735664519 10
      vertex 35.26000762332572 15.65792609530858 10
    endloop
  endfacet
  facet normal 0 0 1
    outer loop
      vertex 30.515635073184967 13.287793710827827 10
      vertex 35.04943816497935 15.72940479473081 10
      vertex 34.85 15.827756813566452 10
    endloop
  endfacet
  facet normal 0 0 1
    outer loop
      vertex 30.515635073184967 13.287793710827827 10
      vertex 34.66510557068518 15.951299321504898 10
      vertex 34.49791847198287 16.097918471982865 10
    endloop
  endfacet
  facet normal 0 0 1
    outer loop
      vertex 30.515635073184967 13.287793710827827 10
      vertex 34.85 15.827756813566452 10
      vertex 34.66510557068518 15.951299321504898 10
    endloop
  endfacet
  facet normal 0 0 1
    outer loop
      vertex 32.51663503050804 10.680039793252945 10
      vertex 35.7 15.599999999999998 10
      vertex 35.47810547322592 15.614543735664519 10
    endloop
  endfacet
  facet normal 0 0 1
    outer loop
      vertex 32.51663503050804 10.680039793252945 10
      vertex 35.92189452677409 15.614543735664519 10
      vertex 35.7 15.599999999999998 10
    endloop
  endfacet
  facet normal 0 0 1
    outer loop
      vertex 32.62866844324848 10.35 10
      vertex 36.550000000000004 15.827756813566452 10
      vertex 36.350561835020656 15.72940479473081 10
    endloop
  endfacet
  facet normal 0 0 1
    outer loop
      vertex 32.62866844324848 10.35 10
      vertex 36.73489442931483 15.951299321504898 10
      vertex 36.550000000000004 15.827756813566452 10
    endloop
  endfacet
  facet normal 0 0 1
    outer loop
      vertex 29.325000000000003 0.649519052838329 10
      vertex 40.70000000298023 18.299999997019768 10
      vertex 36.902081528017135 16.097918471982865 10
    endloop
  endfacet
  facet normal 0 0 1
    outer loop
      vertex 26.650000021244665 14.6 10
      vertex 34.22775681356646 18.15 10
      vertex 34.351299321504904 18.334894429314822 10
    endloop
  endfacet
  facet normal 0 0 1
    outer loop
      vertex 25.7588 14.6 10
      vertex 34.351299321504904 18.334894429314822 10
      vertex 34.49791847198287 18.50208152801713 10
    endloop
  endfacet
  facet normal 0 0 1
    outer loop
      vertex 27.478841319680214 14.545674867928028 10
      vertex 34.05792609530859 17.739992376674284 10
      vertex 34.12940479473082 17.95056183502065 10
    endloop
  endfacet
  facet normal 0 0 1
    outer loop
      vertex 27.478841319680214 14.545674867928028 10
      vertex 34.12940479473082 17.95056183502065 10
      vertex 34.22775681356646 18.15 10
    endloop
  endfacet
  facet normal 0 0 1
    outer loop
      vertex 35.47810547322592 18.985456264335475 10
      vertex 40.563703306019306 19.335276179015636 10
      vertex 18.30854398186258 18.756230226622264 10
    endloop
  endfacet
  facet normal 0 0 1
    outer loop
      vertex 40.563703306019306 19.335276179015636 10
      vertex 40.39551813155413 19.830733723938465 10
      vertex 18.30854398186258 18.756230226622264 10
    endloop
  endfacet
  facet normal 0 0 1
    outer loop
      vertex 40.39551813155413 19.830733723938465 10
      vertex 40.164101615548134 20.299999997019768 10
      vertex 17.982391659052723 19.321142620735536 10
    endloop
  endfacet
  facet normal 0 0 1
    outer loop
      vertex 39.87341336160898 20.735045716166496 10
      vertex 17.249375 19.963980977706363 10
      vertex 40.164101615548134 20.299999997019768 10
    endloop
  endfacet
  facet normal 0 0 1
    outer loop
      vertex 35.47810547322592 18.985456264335475 10
      vertex 35.7 18.999999999999996 10
      vertex 40.563703306019306 19.335276179015636 10
    endloop
  endfacet
  facet normal 0 0 1
    outer loop
      vertex 35.92189452677409 18.985456264335475 10
      vertex 40.563703306019306 19.335276179015636 10
      vertex 35.7 18.999999999999996 10
    endloop
  endfacet
  facet normal 0 0 1
    outer loop
      vertex 35.92189452677409 18.985456264335475 10
      vertex 36.139992376674286 18.942073904691412 10
      vertex 40.563703306019306 19.335276179015636 10
    endloop
  endfacet
  facet normal 0 0 1
    outer loop
      vertex 36.139992376674286 18.942073904691412 10
      vertex 36.350561835020656 18.870595205269183 10
      vertex 40.563703306019306 19.335276179015636 10
    endloop
  endfacet
  facet normal 0 0 1
    outer loop
      vertex 36.550000000000004 18.772243186433542 10
      vertex 40.563703306019306 19.335276179015636 10
      vertex 36.350561835020656 18.870595205269183 10
    endloop
  endfacet
  facet normal 0 0 1
    outer loop
      vertex 36.550000000000004 18.772243186433542 10
      vertex 36.73489442931483 18.648700678495096 10
      vertex 40.563703306019306 19.335276179015636 10
    endloop
  endfacet
  facet normal 0 0 1
    outer loop
      vertex 36.73489442931483 18.648700678495096 10
      vertex 36.902081528017135 18.50208152801713 10
      vertex 40.563703306019306 19.335276179015636 10
    endloop
  endfacet
  facet normal 0 0 1
    outer loop
      vertex 36.902081528017135 16.097918471982865 10
      vertex 40.70000000298023 18.299999997019768 10
      vertex 37.0487006784951 16.265105570685172 10
    endloop
  endfacet
  facet normal 0 0 1
    outer loop
      vertex 37.0487006784951 16.265105570685172 10
      vertex 40.70000000298023 18.299999997019768 10
      vertex 37.17224318643355 16.449999999999996 10
    endloop
  endfacet
  facet normal 0 0 1
    outer loop
      vertex 37.17224318643355 16.449999999999996 10
      vertex 40.70000000298023 18.299999997019768 10
      vertex 37.27059520526919 16.649438164979344 10
    endloop
  endfacet
  facet normal 0 0 1
    outer loop
      vertex 37.27059520526919 16.649438164979344 10
      vertex 40.70000000298023 18.299999997019768 10
      vertex 37.34207390469142 16.86000762332571 10
    endloop
  endfacet
  facet normal 0 0 1
    outer loop
      vertex 37.34207390469142 16.86000762332571 10
      vertex 40.70000000298023 18.299999997019768 10
      vertex 37.38545626433548 17.07810547322591 10
    endloop
  endfacet
  facet normal 0 0 1
    outer loop
      vertex 37.38545626433548 17.07810547322591 10
      vertex 40.70000000298023 18.299999997019768 10
      vertex 37.400000000000006 17.299999999999997 10
    endloop
  endfacet
  facet normal 0 0 1
    outer loop
      vertex 37.38545626433548 17.521894526774084 10
      vertex 40.66577944904566 18.822104766964912 10
      vertex 37.34207390469142 17.739992376674284 10
    endloop
  endfacet
  facet normal 0 0 1
    outer loop
      vertex 37.400000000000006 17.299999999999997 10
      vertex 40.66577944904566 18.822104766964912 10
      vertex 37.38545626433548 17.521894526774084 10
    endloop
  endfacet
  facet normal 0 0 1
    outer loop
      vertex 37.34207390469142 17.739992376674284 10
      vertex 40.563703306019306 19.335276179015636 10
      vertex 37.27059520526919 17.95056183502065 10
    endloop
  endfacet
  facet normal 0 0 1
    outer loop
      vertex 37.17224318643355 18.15 10
      vertex 40.563703306019306 19.335276179015636 10
      vertex 37.0487006784951 18.334894429314822 10
    endloop
  endfacet
  facet normal 0 0 1
    outer loop
      vertex 37.27059520526919 17.95056183502065 10
      vertex 40.563703306019306 19.335276179015636 10
      vertex 37.17224318643355 18.15 10
    endloop
  endfacet
  facet normal 0 0 1
    outer loop
      vertex 37.0487006784951 18.334894429314822 10
      vertex 40.563703306019306 19.335276179015636 10
      vertex 36.902081528017135 18.50208152801713 10
    endloop
  endfacet
  facet normal 0 0 1
    outer loop
      vertex 37.400000000000006 17.299999999999997 10
      vertex 40.70000000298023 18.299999997019768 10
      vertex 40.66577944904566 18.822104766964912 10
    endloop
  endfacet
  facet normal 0 0 1
    outer loop
      vertex 37.34207390469142 17.739992376674284 10
      vertex 40.66577944904566 18.822104766964912 10
      vertex 40.563703306019306 19.335276179015636 10
    endloop
  endfacet
  facet normal -0.6542757943206613 -0.746058556791704 0.12377323945000167
    outer loop
      vertex -17.217522858017443 -19.386706680582467 13.99
      vertex -17.766883069489886 -19.566883069489883 10
      vertex -17.52114262073554 -19.78239165905272 10
    endloop
  endfacet
  facet normal -0.5512981916092895 -0.825076050509515 0.12377323945000199
    outer loop
      vertex -17 -19.532050807568876 13.99
      vertex -17.52114262073554 -19.78239165905272 10
      vertex -17.249375 -19.963980977706363 10
    endloop
  endfacet
  facet normal -0.4388877239907388 -0.8899762642488176 0.12377323945000307
    outer loop
      vertex -16.76536686473018 -19.64775906502257 13.99
      vertex -17.249375 -19.963980977706363 10
      vertex -16.956230226622267 -20.108543981862578 10
    endloop
  endfacet
  facet normal -0.31896776573202734 -0.9396487373587913 0.12377323945000265
    outer loop
      vertex -16.51763809020504 -19.731851652578133 13.99
      vertex -16.956230226622267 -20.108543981862578 10
      vertex -16.646724088949924 -20.213607158439807 10
    endloop
  endfacet
  facet normal -0.193590180567091 -0.9732435600527001 0.12377323945000215
    outer loop
      vertex -16.261052384440102 -19.78288972274762 13.99
      vertex -16.646724088949924 -20.213607158439807 10
      vertex -16.326152322809854 -20.277372847357807 10
    endloop
  endfacet
  facet normal -0.06490021373930328 -0.9901859156000176 0.12377323945000247
    outer loop
      vertex -16 -19.799999999999997 13.99
      vertex -16.326152322809854 -20.277372847357807 10
      vertex -16 -20.29875 10
    endloop
  endfacet
  facet normal 0.06490021373930328 -0.9901859156000176 0.12377323945000215
    outer loop
      vertex -15.738947615559898 -19.78288972274762 13.99
      vertex -16 -20.29875 10
      vertex -15.673847677190146 -20.277372847357807 10
    endloop
  endfacet
  facet normal 0.193590180567091 -0.9732435600527 0.1237732394500025
    outer loop
      vertex -15.482361909794959 -19.731851652578133 13.99
      vertex -15.673847677190146 -20.277372847357807 10
      vertex -15.353275911050076 -20.213607158439807 10
    endloop
  endfacet
  facet normal -0.8250760505095149 -0.5512981916092895 0.12377323945000175
    outer loop
      vertex -17.58670668058247 -19.01752285801744 13.99
      vertex -18.163980977706366 -19.049374999999998 10
      vertex -17.982391659052723 -19.321142620735536 10
    endloop
  endfacet
  facet normal -0.8899762642488178 -0.438887723990739 0.12377323945000206
    outer loop
      vertex -17.73205080756888 -18.799999999999997 13.99
      vertex -18.30854398186258 -18.756230226622264 10
      vertex -18.163980977706366 -19.049374999999998 10
    endloop
  endfacet
  facet normal -0.9396487373587913 -0.31896776573202734 0.12377323945000313
    outer loop
      vertex -17.847759065022572 -18.565366864730176 13.99
      vertex -18.41360715843981 -18.44672408894992 10
      vertex -18.30854398186258 -18.756230226622264 10
    endloop
  endfacet
  facet normal -0.9732435600527 -0.193590180567091 0.1237732394500026
    outer loop
      vertex -17.931851652578136 -18.317638090205037 13.99
      vertex -18.47737284735781 -18.12615232280985 10
      vertex -18.41360715843981 -18.44672408894992 10
    endloop
  endfacet
  facet normal -0.9901859156000176 -0.06490021373930328 0.12377323945000215
    outer loop
      vertex -17.982889722747622 -18.0610523844401 13.99
      vertex -18.49875 -17.799999999999997 10
      vertex -18.47737284735781 -18.12615232280985 10
    endloop
  endfacet
  facet normal -0.9901859156000176 0.06490021373930328 0.12377323945000247
    outer loop
      vertex -18 -17.799999999999997 13.99
      vertex -18.47737284735781 -17.473847677190143 10
      vertex -18.49875 -17.799999999999997 10
    endloop
  endfacet
  facet normal -0.9732435600527001 0.193590180567091 0.12377323945000215
    outer loop
      vertex -17.982889722747622 -17.538947615559895 13.99
      vertex -18.41360715843981 -17.153275911050073 10
      vertex -18.47737284735781 -17.473847677190143 10
    endloop
  endfacet
  facet normal -0.9396487373587913 0.31896776573202734 0.12377323945000265
    outer loop
      vertex -17.931851652578136 -17.282361909794957 13.99
      vertex -18.30854398186258 -16.84376977337773 10
      vertex -18.41360715843981 -17.153275911050073 10
    endloop
  endfacet
  facet normal -0.8899762642488176 0.4388877239907388 0.12377323945000307
    outer loop
      vertex -17.847759065022572 -17.034633135269818 13.99
      vertex -18.163980977706366 -16.550624999999997 10
      vertex -18.30854398186258 -16.84376977337773 10
    endloop
  endfacet
  facet normal -0.746058556791704 -0.6542757943206613 0.12377323945000193
    outer loop
      vertex -17.414213562373096 -19.214213562373093 13.99
      vertex -17.982391659052723 -19.321142620735536 10
      vertex -17.766883069489886 -19.566883069489883 10
    endloop
  endfacet
  facet normal 0.3189677657320257 -0.9396487373587917 0.12377323945000324
    outer loop
      vertex -15.23463313526982 -19.64775906502257 13.99
      vertex -15.353275911050076 -20.213607158439807 10
      vertex -15.043769773377731 -20.108543981862578 10
    endloop
  endfacet
  facet normal 0.4388877239907411 -0.8899762642488167 0.12377323945000207
    outer loop
      vertex -15 -19.532050807568876 13.99
      vertex -15.043769773377731 -20.108543981862578 10
      vertex -14.750625 -19.963980977706363 10
    endloop
  endfacet
  facet normal 0.551298191609287 -0.8250760505095166 0.12377323945000222
    outer loop
      vertex -14.78247714198256 -19.386706680582467 13.99
      vertex -14.750625 -19.963980977706363 10
      vertex -14.47885737926446 -19.78239165905272 10
    endloop
  endfacet
  facet normal 0.6542757943206641 -0.7460585567917016 0.12377323945000199
    outer loop
      vertex -14.585786437626904 -19.214213562373093 13.99
      vertex -14.47885737926446 -19.78239165905272 10
      vertex -14.233116930510114 -19.566883069489883 10
    endloop
  endfacet
  facet normal 0.7460585567917013 -0.6542757943206643 0.12377323945000197
    outer loop
      vertex -14.41329331941753 -19.01752285801744 13.99
      vertex -14.233116930510114 -19.566883069489883 10
      vertex -14.017608340947275 -19.321142620735536 10
    endloop
  endfacet
  facet normal 0.8250760505095199 -0.551298191609282 0.12377323945000204
    outer loop
      vertex -14.267949192431123 -18.799999999999997 13.99
      vertex -14.017608340947275 -19.321142620735536 10
      vertex -13.836019022293636 -19.049374999999998 10
    endloop
  endfacet
  facet normal 0.8899762642488199 -0.4388877239907346 0.12377323945000193
    outer loop
      vertex -14.152240934977426 -18.565366864730176 13.99
      vertex -13.836019022293636 -19.049374999999998 10
      vertex -13.691456018137423 -18.756230226622264 10
    endloop
  endfacet
  facet normal 0.9396487373587881 -0.3189677657320371 0.1237732394500022
    outer loop
      vertex -14.068148347421863 -18.317638090205037 13.99
      vertex -13.691456018137423 -18.756230226622264 10
      vertex -13.58639284156019 -18.44672408894992 10
    endloop
  endfacet
  facet normal 0.9732435600527011 -0.1935901805670858 0.1237732394500022
    outer loop
      vertex -14.01711027725238 -18.0610523844401 13.99
      vertex -13.58639284156019 -18.44672408894992 10
      vertex -13.522627152642192 -18.12615232280985 10
    endloop
  endfacet
  facet normal 0.9901859156000176 -0.06490021373930328 0.12377323945000203
    outer loop
      vertex -14 -17.799999999999997 13.99
      vertex -13.522627152642192 -18.12615232280985 10
      vertex -13.50125 -17.799999999999997 10
    endloop
  endfacet
  facet normal 0.9901859156000176 0.06490021373930328 0.12377323945000215
    outer loop
      vertex -14.01711027725238 -17.538947615559895 13.99
      vertex -13.50125 -17.799999999999997 10
      vertex -13.522627152642192 -17.473847677190143 10
    endloop
  endfacet
  facet normal 0.9732435600527011 0.19359018056708582 0.12377323945000214
    outer loop
      vertex -14.068148347421863 -17.282361909794957 13.99
      vertex -13.522627152642192 -17.473847677190143 10
      vertex -13.58639284156019 -17.153275911050073 10
    endloop
  endfacet
  facet normal 0.9396487373587881 0.31896776573203695 0.12377323945000196
    outer loop
      vertex -14.152240934977426 -17.034633135269818 13.99
      vertex -13.58639284156019 -17.153275911050073 10
      vertex -13.691456018137423 -16.84376977337773 10
    endloop
  endfacet
  facet normal 0.8899762642488199 0.4388877239907346 0.12377323945000201
    outer loop
      vertex -14.267949192431123 -16.799999999999997 13.99
      vertex -13.691456018137423 -16.84376977337773 10
      vertex -13.836019022293636 -16.550624999999997 10
    endloop
  endfacet
  facet normal -0.5512981916092866 -0.8250760505095169 0.12377323945000175
    outer loop
      vertex -17.217522858017443 -19.386706680582467 13.99
      vertex -17.52114262073554 -19.78239165905272 10
      vertex -17 -19.532050807568876 13.99
    endloop
  endfacet
  facet normal -0.43888772399072473 -0.8899762642488248 0.12377323945000192
    outer loop
      vertex -17 -19.532050807568876 13.99
      vertex -17.249375 -19.963980977706363 10
      vertex -16.76536686473018 -19.64775906502257 13.99
    endloop
  endfacet
  facet normal -0.31896776573203384 -0.9396487373587891 0.12377323945000317
    outer loop
      vertex -16.51763809020504 -19.731851652578133 13.99
      vertex -16.76536686473018 -19.64775906502257 13.99
      vertex -16.956230226622267 -20.108543981862578 10
    endloop
  endfacet
  facet normal -0.19359018056709734 -0.9732435600526987 0.12377323945000264
    outer loop
      vertex -16.51763809020504 -19.731851652578133 13.99
      vertex -16.646724088949924 -20.213607158439807 10
      vertex -16.261052384440102 -19.78288972274762 13.99
    endloop
  endfacet
  facet normal -0.06490021373929863 -0.9901859156000179 0.12377323945000213
    outer loop
      vertex -16.261052384440102 -19.78288972274762 13.99
      vertex -16.326152322809854 -20.277372847357807 10
      vertex -16 -19.799999999999997 13.99
    endloop
  endfacet
  facet normal 0.06490021373929863 -0.9901859156000179 0.1237732394500025
    outer loop
      vertex -16 -19.799999999999997 13.99
      vertex -16 -20.29875 10
      vertex -15.738947615559898 -19.78288972274762 13.99
    endloop
  endfacet
  facet normal 0.19359018056709612 -0.9732435600526991 0.12377323945000214
    outer loop
      vertex -15.738947615559898 -19.78288972274762 13.99
      vertex -15.673847677190146 -20.277372847357807 10
      vertex -15.482361909794959 -19.731851652578133 13.99
    endloop
  endfacet
  facet normal 0.31896776573203595 -0.9396487373587885 0.12377323945000247
    outer loop
      vertex -15.482361909794959 -19.731851652578133 13.99
      vertex -15.353275911050076 -20.213607158439807 10
      vertex -15.23463313526982 -19.64775906502257 13.99
    endloop
  endfacet
  facet normal -0.8250760505095169 -0.5512981916092866 0.12377323945000201
    outer loop
      vertex -17.73205080756888 -18.799999999999997 13.99
      vertex -18.163980977706366 -19.049374999999998 10
      vertex -17.58670668058247 -19.01752285801744 13.99
    endloop
  endfacet
  facet normal -0.8899762642488246 -0.4388877239907246 0.12377323945000318
    outer loop
      vertex -17.73205080756888 -18.799999999999997 13.99
      vertex -17.847759065022572 -18.565366864730176 13.99
      vertex -18.30854398186258 -18.756230226622264 10
    endloop
  endfacet
  facet normal -0.9732435600526987 -0.19359018056709734 0.12377323945000213
    outer loop
      vertex -17.931851652578136 -18.317638090205037 13.99
      vertex -17.982889722747622 -18.0610523844401 13.99
      vertex -18.47737284735781 -18.12615232280985 10
    endloop
  endfacet
  facet normal -0.9396487373587891 -0.31896776573203384 0.12377323945000261
    outer loop
      vertex -17.931851652578136 -18.317638090205037 13.99
      vertex -18.41360715843981 -18.44672408894992 10
      vertex -17.847759065022572 -18.565366864730176 13.99
    endloop
  endfacet
  facet normal -0.9901859156000179 -0.06490021373929863 0.1237732394500025
    outer loop
      vertex -17.982889722747622 -18.0610523844401 13.99
      vertex -18 -17.799999999999997 13.99
      vertex -18.49875 -17.799999999999997 10
    endloop
  endfacet
  facet normal -0.9901859156000179 0.06490021373929863 0.12377323945000213
    outer loop
      vertex -18 -17.799999999999997 13.99
      vertex -17.982889722747622 -17.538947615559895 13.99
      vertex -18.47737284735781 -17.473847677190143 10
    endloop
  endfacet
  facet normal -0.9732435600526987 0.19359018056709734 0.12377323945000264
    outer loop
      vertex -17.982889722747622 -17.538947615559895 13.99
      vertex -17.931851652578136 -17.282361909794957 13.99
      vertex -18.41360715843981 -17.153275911050073 10
    endloop
  endfacet
  facet normal -0.9396487373587891 0.31896776573203384 0.12377323945000317
    outer loop
      vertex -17.931851652578136 -17.282361909794957 13.99
      vertex -17.847759065022572 -17.034633135269818 13.99
      vertex -18.30854398186258 -16.84376977337773 10
    endloop
  endfacet
  facet normal -0.8899762642488248 0.43888772399072473 0.12377323945000192
    outer loop
      vertex -17.847759065022572 -17.034633135269818 13.99
      vertex -17.73205080756888 -16.799999999999997 13.99
      vertex -18.163980977706366 -16.550624999999997 10
    endloop
  endfacet
  facet normal -0.7460585567917012 -0.6542757943206644 0.12377323945000165
    outer loop
      vertex -17.414213562373096 -19.214213562373093 13.99
      vertex -17.58670668058247 -19.01752285801744 13.99
      vertex -17.982391659052723 -19.321142620735536 10
    endloop
  endfacet
  facet normal -0.6542757943206644 -0.7460585567917012 0.123773239450002
    outer loop
      vertex -17.414213562373096 -19.214213562373093 13.99
      vertex -17.766883069489886 -19.566883069489883 10
      vertex -17.217522858017443 -19.386706680582467 13.99
    endloop
  endfacet
  facet normal 0 0 1
    outer loop
      vertex -17.73205080756888 -18.799999999999997 13.99
      vertex -17.847759065022572 -17.034633135269818 13.99
      vertex -17.847759065022572 -18.565366864730176 13.99
    endloop
  endfacet
  facet normal 0 0 1
    outer loop
      vertex -17.931851652578136 -18.317638090205037 13.99
      vertex -17.982889722747622 -17.538947615559895 13.99
      vertex -17.982889722747622 -18.0610523844401 13.99
    endloop
  endfacet
  facet normal 0 0 1
    outer loop
      vertex -17.931851652578136 -18.317638090205037 13.99
      vertex -17.847759065022572 -18.565366864730176 13.99
      vertex -17.931851652578136 -17.282361909794957 13.99
    endloop
  endfacet
  facet normal 0 0 1
    outer loop
      vertex -17.982889722747622 -18.0610523844401 13.99
      vertex -17.982889722747622 -17.538947615559895 13.99
      vertex -18 -17.799999999999997 13.99
    endloop
  endfacet
  facet normal 0 0 1
    outer loop
      vertex -17.931851652578136 -18.317638090205037 13.99
      vertex -17.931851652578136 -17.282361909794957 13.99
      vertex -17.982889722747622 -17.538947615559895 13.99
    endloop
  endfacet
  facet normal 0 0 1
    outer loop
      vertex -17.847759065022572 -18.565366864730176 13.99
      vertex -17.847759065022572 -17.034633135269818 13.99
      vertex -17.931851652578136 -17.282361909794957 13.99
    endloop
  endfacet
  facet normal 0 0 1
    outer loop
      vertex -17.73205080756888 -18.799999999999997 13.99
      vertex -17.58670668058247 -19.01752285801744 13.99
      vertex -17.73205080756888 -16.799999999999997 13.99
    endloop
  endfacet
  facet normal 0 0 1
    outer loop
      vertex -17.414213562373096 -19.214213562373093 13.99
      vertex -17.58670668058247 -16.582477141982555 13.99
      vertex -17.58670668058247 -19.01752285801744 13.99
    endloop
  endfacet
  facet normal 0 0 1
    outer loop
      vertex -17.414213562373096 -19.214213562373093 13.99
      vertex -17.217522858017443 -19.386706680582467 13.99
      vertex -17.414213562373096 -16.3857864376269 13.99
    endloop
  endfacet
  facet normal 0 0 1
    outer loop
      vertex -17.217522858017443 -19.386706680582467 13.99
      vertex -17 -19.532050807568876 13.99
      vertex -17.217522858017443 -16.213293319417527 13.99
    endloop
  endfacet
  facet normal 0 0 1
    outer loop
      vertex -17 -19.532050807568876 13.99
      vertex -16.76536686473018 -19.64775906502257 13.99
      vertex -17 -16.06794919243112 13.99
    endloop
  endfacet
  facet normal 0 0 1
    outer loop
      vertex -16.51763809020504 -19.731851652578133 13.99
      vertex -16.76536686473018 -15.952240934977423 13.99
      vertex -16.76536686473018 -19.64775906502257 13.99
    endloop
  endfacet
  facet normal 0 0 1
    outer loop
      vertex -16.51763809020504 -19.731851652578133 13.99
      vertex -16.261052384440102 -19.78288972274762 13.99
      vertex -16.51763809020504 -15.86814834742186 13.99
    endloop
  endfacet
  facet normal 0 0 1
    outer loop
      vertex -16.261052384440102 -19.78288972274762 13.99
      vertex -16 -19.799999999999997 13.99
      vertex -16.261052384440102 -15.817110277252377 13.99
    endloop
  endfacet
  facet normal 0 0 1
    outer loop
      vertex -16 -19.799999999999997 13.99
      vertex -15.738947615559898 -19.78288972274762 13.99
      vertex -16 -15.799999999999997 13.99
    endloop
  endfacet
  facet normal 0 0 1
    outer loop
      vertex -15.738947615559898 -19.78288972274762 13.99
      vertex -15.482361909794959 -19.731851652578133 13.99
      vertex -15.738947615559898 -15.817110277252377 13.99
    endloop
  endfacet
  facet normal 0 0 1
    outer loop
      vertex -15.482361909794959 -19.731851652578133 13.99
      vertex -15.23463313526982 -19.64775906502257 13.99
      vertex -15.482361909794959 -15.86814834742186 13.99
    endloop
  endfacet
  facet normal 0 0 1
    outer loop
      vertex -17.73205080756888 -18.799999999999997 13.99
      vertex -17.73205080756888 -16.799999999999997 13.99
      vertex -17.847759065022572 -17.034633135269818 13.99
    endloop
  endfacet
  facet normal 0 0 1
    outer loop
      vertex -17.58670668058247 -19.01752285801744 13.99
      vertex -17.58670668058247 -16.582477141982555 13.99
      vertex -17.73205080756888 -16.799999999999997 13.99
    endloop
  endfacet
  facet normal 0 0 1
    outer loop
      vertex -17.414213562373096 -19.214213562373093 13.99
      vertex -17.414213562373096 -16.3857864376269 13.99
      vertex -17.58670668058247 -16.582477141982555 13.99
    endloop
  endfacet
  facet normal 0 0 1
    outer loop
      vertex -17.217522858017443 -19.386706680582467 13.99
      vertex -17.217522858017443 -16.213293319417527 13.99
      vertex -17.414213562373096 -16.3857864376269 13.99
    endloop
  endfacet
  facet normal 0 0 1
    outer loop
      vertex -17 -19.532050807568876 13.99
      vertex -17 -16.06794919243112 13.99
      vertex -17.217522858017443 -16.213293319417527 13.99
    endloop
  endfacet
  facet normal 0 0 1
    outer loop
      vertex -16.76536686473018 -19.64775906502257 13.99
      vertex -16.76536686473018 -15.952240934977423 13.99
      vertex -17 -16.06794919243112 13.99
    endloop
  endfacet
  facet normal 0 0 1
    outer loop
      vertex -16.51763809020504 -19.731851652578133 13.99
      vertex -16.51763809020504 -15.86814834742186 13.99
      vertex -16.76536686473018 -15.952240934977423 13.99
    endloop
  endfacet
  facet normal 0 0 1
    outer loop
      vertex -16.261052384440102 -19.78288972274762 13.99
      vertex -16.261052384440102 -15.817110277252377 13.99
      vertex -16.51763809020504 -15.86814834742186 13.99
    endloop
  endfacet
  facet normal 0 0 1
    outer loop
      vertex -16.261052384440102 -15.817110277252377 13.99
      vertex -16 -19.799999999999997 13.99
      vertex -16 -15.799999999999997 13.99
    endloop
  endfacet
  facet normal 0 0 1
    outer loop
      vertex -15.738947615559898 -19.78288972274762 13.99
      vertex -15.738947615559898 -15.817110277252377 13.99
      vertex -16 -15.799999999999997 13.99
    endloop
  endfacet
  facet normal 0 0 1
    outer loop
      vertex -15.482361909794959 -19.731851652578133 13.99
      vertex -15.482361909794959 -15.86814834742186 13.99
      vertex -15.738947615559898 -15.817110277252377 13.99
    endloop
  endfacet
  facet normal 0 0 1
    outer loop
      vertex -15.23463313526982 -19.64775906502257 13.99
      vertex -15.23463313526982 -15.952240934977423 13.99
      vertex -15.482361909794959 -15.86814834742186 13.99
    endloop
  endfacet
  facet normal 0.4388877239907246 -0.8899762642488246 0.1237732394500034
    outer loop
      vertex -15.23463313526982 -19.64775906502257 13.99
      vertex -15.043769773377731 -20.108543981862578 10
      vertex -15 -19.532050807568876 13.99
    endloop
  endfacet
  facet normal 0.5512981916092897 -0.8250760505095148 0.12377323945000197
    outer loop
      vertex -15 -19.532050807568876 13.99
      vertex -14.750625 -19.963980977706363 10
      vertex -14.78247714198256 -19.386706680582467 13.99
    endloop
  endfacet
  facet normal 0.654275794320661 -0.7460585567917041 0.12377323945000224
    outer loop
      vertex -14.78247714198256 -19.386706680582467 13.99
      vertex -14.47885737926446 -19.78239165905272 10
      vertex -14.585786437626904 -19.214213562373093 13.99
    endloop
  endfacet
  facet normal 0.7460585567917012 -0.6542757943206644 0.123773239450002
    outer loop
      vertex -14.585786437626904 -19.214213562373093 13.99
      vertex -14.233116930510114 -19.566883069489883 10
      vertex -14.41329331941753 -19.01752285801744 13.99
    endloop
  endfacet
  facet normal 0.82507605050952 -0.551298191609282 0.12377323945000206
    outer loop
      vertex -14.41329331941753 -19.01752285801744 13.99
      vertex -14.017608340947275 -19.321142620735536 10
      vertex -14.267949192431123 -18.799999999999997 13.99
    endloop
  endfacet
  facet normal 0.8899762642488193 -0.4388877239907355 0.123773239450002
    outer loop
      vertex -14.267949192431123 -18.799999999999997 13.99
      vertex -13.836019022293636 -19.049374999999998 10
      vertex -14.152240934977426 -18.565366864730176 13.99
    endloop
  endfacet
  facet normal 0.9396487373587893 -0.3189677657320339 0.12377323945000196
    outer loop
      vertex -14.152240934977426 -18.565366864730176 13.99
      vertex -13.691456018137423 -18.756230226622264 10
      vertex -14.068148347421863 -18.317638090205037 13.99
    endloop
  endfacet
  facet normal 0.9732435600527014 -0.19359018056708438 0.1237732394500021
    outer loop
      vertex -14.068148347421863 -18.317638090205037 13.99
      vertex -13.58639284156019 -18.44672408894992 10
      vertex -14.01711027725238 -18.0610523844401 13.99
    endloop
  endfacet
  facet normal 0.8899762642488193 0.4388877239907355 0.1237732394500019
    outer loop
      vertex -14.267949192431123 -16.799999999999997 13.99
      vertex -14.152240934977426 -17.034633135269818 13.99
      vertex -13.691456018137423 -16.84376977337773 10
    endloop
  endfacet
  facet normal 0.9901859156000175 -0.06490021373930534 0.12377323945000218
    outer loop
      vertex -14.01711027725238 -18.0610523844401 13.99
      vertex -13.522627152642192 -18.12615232280985 10
      vertex -14 -17.799999999999997 13.99
    endloop
  endfacet
  facet normal 0.9901859156000175 0.06490021373930534 0.12377323945000203
    outer loop
      vertex -14 -17.799999999999997 13.99
      vertex -13.50125 -17.799999999999997 10
      vertex -14.01711027725238 -17.538947615559895 13.99
    endloop
  endfacet
  facet normal 0.9732435600527014 0.19359018056708438 0.12377323945000224
    outer loop
      vertex -14.01711027725238 -17.538947615559895 13.99
      vertex -13.522627152642192 -17.473847677190143 10
      vertex -14.068148347421863 -17.282361909794957 13.99
    endloop
  endfacet
  facet normal 0.9396487373587891 0.31896776573203384 0.1237732394500022
    outer loop
      vertex -14.068148347421863 -17.282361909794957 13.99
      vertex -13.58639284156019 -17.153275911050073 10
      vertex -14.152240934977426 -17.034633135269818 13.99
    endloop
  endfacet
  facet normal 0 0 1
    outer loop
      vertex -15.23463313526982 -19.64775906502257 13.99
      vertex -15 -19.532050807568876 13.99
      vertex -15.23463313526982 -15.952240934977423 13.99
    endloop
  endfacet
  facet normal 0 0 1
    outer loop
      vertex -15 -19.532050807568876 13.99
      vertex -14.78247714198256 -19.386706680582467 13.99
      vertex -15 -16.06794919243112 13.99
    endloop
  endfacet
  facet normal 0 0 1
    outer loop
      vertex -14.78247714198256 -19.386706680582467 13.99
      vertex -14.585786437626904 -19.214213562373093 13.99
      vertex -14.78247714198256 -16.213293319417527 13.99
    endloop
  endfacet
  facet normal 0 0 1
    outer loop
      vertex -14.585786437626904 -19.214213562373093 13.99
      vertex -14.41329331941753 -19.01752285801744 13.99
      vertex -14.585786437626904 -16.3857864376269 13.99
    endloop
  endfacet
  facet normal 0 0 1
    outer loop
      vertex -14.41329331941753 -19.01752285801744 13.99
      vertex -14.267949192431123 -18.799999999999997 13.99
      vertex -14.41329331941753 -16.582477141982555 13.99
    endloop
  endfacet
  facet normal 0 0 1
    outer loop
      vertex -14.267949192431123 -18.799999999999997 13.99
      vertex -14.152240934977426 -18.565366864730176 13.99
      vertex -14.267949192431123 -16.799999999999997 13.99
    endloop
  endfacet
  facet normal 0 0 1
    outer loop
      vertex -14.152240934977426 -18.565366864730176 13.99
      vertex -14.068148347421863 -18.317638090205037 13.99
      vertex -14.152240934977426 -17.034633135269818 13.99
    endloop
  endfacet
  facet normal 0 0 1
    outer loop
      vertex -14.068148347421863 -18.317638090205037 13.99
      vertex -14.01711027725238 -18.0610523844401 13.99
      vertex -14.068148347421863 -17.282361909794957 13.99
    endloop
  endfacet
  facet normal 0 0 1
    outer loop
      vertex -14.01711027725238 -18.0610523844401 13.99
      vertex -14 -17.799999999999997 13.99
      vertex -14.01711027725238 -17.538947615559895 13.99
    endloop
  endfacet
  facet normal 0 0 1
    outer loop
      vertex -14.01711027725238 -18.0610523844401 13.99
      vertex -14.01711027725238 -17.538947615559895 13.99
      vertex -14.068148347421863 -17.282361909794957 13.99
    endloop
  endfacet
  facet normal 0 0 1
    outer loop
      vertex -14.152240934977426 -18.565366864730176 13.99
      vertex -14.152240934977426 -17.034633135269818 13.99
      vertex -14.267949192431123 -16.799999999999997 13.99
    endloop
  endfacet
  facet normal 0 0 1
    outer loop
      vertex -14.068148347421863 -18.317638090205037 13.99
      vertex -14.068148347421863 -17.282361909794957 13.99
      vertex -14.152240934977426 -17.034633135269818 13.99
    endloop
  endfacet
  facet normal 0 0 1
    outer loop
      vertex -15 -19.532050807568876 13.99
      vertex -15 -16.06794919243112 13.99
      vertex -15.23463313526982 -15.952240934977423 13.99
    endloop
  endfacet
  facet normal 0 0 1
    outer loop
      vertex -14.585786437626904 -19.214213562373093 13.99
      vertex -14.585786437626904 -16.3857864376269 13.99
      vertex -14.78247714198256 -16.213293319417527 13.99
    endloop
  endfacet
  facet normal 0 0 1
    outer loop
      vertex -14.78247714198256 -19.386706680582467 13.99
      vertex -14.78247714198256 -16.213293319417527 13.99
      vertex -15 -16.06794919243112 13.99
    endloop
  endfacet
  facet normal 0 0 1
    outer loop
      vertex -14.41329331941753 -19.01752285801744 13.99
      vertex -14.41329331941753 -16.582477141982555 13.99
      vertex -14.585786437626904 -16.3857864376269 13.99
    endloop
  endfacet
  facet normal 0 0 1
    outer loop
      vertex -14.267949192431123 -18.799999999999997 13.99
      vertex -14.267949192431123 -16.799999999999997 13.99
      vertex -14.41329331941753 -16.582477141982555 13.99
    endloop
  endfacet
  facet normal -0.825076050509515 0.5512981916092895 0.12377323945000199
    outer loop
      vertex -17.73205080756888 -16.799999999999997 13.99
      vertex -17.982391659052723 -16.27885737926446 10
      vertex -18.163980977706366 -16.550624999999997 10
    endloop
  endfacet
  facet normal -0.746058556791704 0.6542757943206613 0.12377323945000167
    outer loop
      vertex -17.58670668058247 -16.582477141982555 13.99
      vertex -17.766883069489886 -16.03311693051011 10
      vertex -17.982391659052723 -16.27885737926446 10
    endloop
  endfacet
  facet normal -0.6542757943206643 0.7460585567917013 0.123773239450002
    outer loop
      vertex -17.414213562373096 -16.3857864376269 13.99
      vertex -17.52114262073554 -15.817608340947272 10
      vertex -17.766883069489886 -16.03311693051011 10
    endloop
  endfacet
  facet normal -0.551298191609282 0.8250760505095199 0.12377323945000204
    outer loop
      vertex -17.217522858017443 -16.213293319417527 13.99
      vertex -17.249375 -15.636019022293633 10
      vertex -17.52114262073554 -15.817608340947272 10
    endloop
  endfacet
  facet normal -0.4388877239907346 0.8899762642488199 0.12377323945000161
    outer loop
      vertex -17 -16.06794919243112 13.99
      vertex -16.956230226622267 -15.49145601813742 10
      vertex -17.249375 -15.636019022293633 10
    endloop
  endfacet
  facet normal -0.31896776573203695 0.9396487373587881 0.12377323945000196
    outer loop
      vertex -16.76536686473018 -15.952240934977423 13.99
      vertex -16.646724088949924 -15.386392841560188 10
      vertex -16.956230226622267 -15.49145601813742 10
    endloop
  endfacet
  facet normal -0.19359018056708582 0.9732435600527011 0.12377323945000214
    outer loop
      vertex -16.51763809020504 -15.86814834742186 13.99
      vertex -16.326152322809854 -15.32262715264219 10
      vertex -16.646724088949924 -15.386392841560188 10
    endloop
  endfacet
  facet normal -0.06490021373930328 0.9901859156000176 0.12377323945000215
    outer loop
      vertex -16.261052384440102 -15.817110277252377 13.99
      vertex -16 -15.301249999999998 10
      vertex -16.326152322809854 -15.32262715264219 10
    endloop
  endfacet
  facet normal 0.1935901805670858 0.9732435600527011 0.1237732394500022
    outer loop
      vertex -15.738947615559898 -15.817110277252377 13.99
      vertex -15.353275911050076 -15.386392841560188 10
      vertex -15.673847677190146 -15.32262715264219 10
    endloop
  endfacet
  facet normal 0.06490021373930328 0.9901859156000176 0.12377323945000203
    outer loop
      vertex -16 -15.799999999999997 13.99
      vertex -15.673847677190146 -15.32262715264219 10
      vertex -16 -15.301249999999998 10
    endloop
  endfacet
  facet normal 0.31896776573203545 0.9396487373587886 0.12377323945000206
    outer loop
      vertex -15.482361909794959 -15.86814834742186 13.99
      vertex -15.043769773377731 -15.49145601813742 10
      vertex -15.353275911050076 -15.386392841560188 10
    endloop
  endfacet
  facet normal 0.8250760505095199 0.551298191609282 0.12377323945000204
    outer loop
      vertex -14.41329331941753 -16.582477141982555 13.99
      vertex -13.836019022293636 -16.550624999999997 10
      vertex -14.017608340947275 -16.27885737926446 10
    endloop
  endfacet
  facet normal 0.7460585567917013 0.6542757943206643 0.123773239450002
    outer loop
      vertex -14.585786437626904 -16.3857864376269 13.99
      vertex -14.017608340947275 -16.27885737926446 10
      vertex -14.233116930510114 -16.03311693051011 10
    endloop
  endfacet
  facet normal 0.4388877239907367 0.8899762642488188 0.1237732394500021
    outer loop
      vertex -15.23463313526982 -15.952240934977423 13.99
      vertex -14.750625 -15.636019022293633 10
      vertex -15.043769773377731 -15.49145601813742 10
    endloop
  endfacet
  facet normal 0.5512981916092795 0.8250760505095217 0.12377323945000172
    outer loop
      vertex -15 -16.06794919243112 13.99
      vertex -14.47885737926446 -15.817608340947272 10
      vertex -14.750625 -15.636019022293633 10
    endloop
  endfacet
  facet normal 0.654275794320667 0.7460585567916989 0.12377323945000251
    outer loop
      vertex -14.78247714198256 -16.213293319417527 13.99
      vertex -14.233116930510114 -16.03311693051011 10
      vertex -14.47885737926446 -15.817608340947272 10
    endloop
  endfacet
  facet normal -0.8250760505095169 0.5512981916092866 0.12377323945000175
    outer loop
      vertex -17.73205080756888 -16.799999999999997 13.99
      vertex -17.58670668058247 -16.582477141982555 13.99
      vertex -17.982391659052723 -16.27885737926446 10
    endloop
  endfacet
  facet normal -0.7460585567917012 0.6542757943206644 0.123773239450002
    outer loop
      vertex -17.58670668058247 -16.582477141982555 13.99
      vertex -17.414213562373096 -16.3857864376269 13.99
      vertex -17.766883069489886 -16.03311693051011 10
    endloop
  endfacet
  facet normal -0.6542757943206644 0.7460585567917012 0.123773239450002
    outer loop
      vertex -17.414213562373096 -16.3857864376269 13.99
      vertex -17.217522858017443 -16.213293319417527 13.99
      vertex -17.52114262073554 -15.817608340947272 10
    endloop
  endfacet
  facet normal -0.5512981916092866 0.8250760505095169 0.12377323945000167
    outer loop
      vertex -17.217522858017443 -16.213293319417527 13.99
      vertex -17 -16.06794919243112 13.99
      vertex -17.249375 -15.636019022293633 10
    endloop
  endfacet
  facet normal -0.43888772399073017 0.8899762642488221 0.12377323945000197
    outer loop
      vertex -17 -16.06794919243112 13.99
      vertex -16.76536686473018 -15.952240934977423 13.99
      vertex -16.956230226622267 -15.49145601813742 10
    endloop
  endfacet
  facet normal -0.31896776573203384 0.9396487373587891 0.1237732394500022
    outer loop
      vertex -16.76536686473018 -15.952240934977423 13.99
      vertex -16.51763809020504 -15.86814834742186 13.99
      vertex -16.646724088949924 -15.386392841560188 10
    endloop
  endfacet
  facet normal -0.19359018056708438 0.9732435600527014 0.12377323945000224
    outer loop
      vertex -16.51763809020504 -15.86814834742186 13.99
      vertex -16.261052384440102 -15.817110277252377 13.99
      vertex -16.326152322809854 -15.32262715264219 10
    endloop
  endfacet
  facet normal -0.06490021373930534 0.9901859156000175 0.12377323945000203
    outer loop
      vertex -16.261052384440102 -15.817110277252377 13.99
      vertex -16 -15.799999999999997 13.99
      vertex -16 -15.301249999999998 10
    endloop
  endfacet
  facet normal 0.1935901805670831 0.9732435600527015 0.12377323945000203
    outer loop
      vertex -15.738947615559898 -15.817110277252377 13.99
      vertex -15.482361909794959 -15.86814834742186 13.99
      vertex -15.353275911050076 -15.386392841560188 10
    endloop
  endfacet
  facet normal 0.06490021373930534 0.9901859156000175 0.12377323945000218
    outer loop
      vertex -16 -15.799999999999997 13.99
      vertex -15.738947615559898 -15.817110277252377 13.99
      vertex -15.673847677190146 -15.32262715264219 10
    endloop
  endfacet
  facet normal 0.5512981916092897 0.8250760505095148 0.12377323945000264
    outer loop
      vertex -14.78247714198256 -16.213293319417527 13.99
      vertex -14.47885737926446 -15.817608340947272 10
      vertex -15 -16.06794919243112 13.99
    endloop
  endfacet
  facet normal 0.7460585567917012 0.6542757943206644 0.123773239450002
    outer loop
      vertex -14.41329331941753 -16.582477141982555 13.99
      vertex -14.017608340947275 -16.27885737926446 10
      vertex -14.585786437626904 -16.3857864376269 13.99
    endloop
  endfacet
  facet normal 0.82507605050952 0.551298191609282 0.12377323945000206
    outer loop
      vertex -14.41329331941753 -16.582477141982555 13.99
      vertex -14.267949192431123 -16.799999999999997 13.99
      vertex -13.836019022293636 -16.550624999999997 10
    endloop
  endfacet
  facet normal 0.6542757943206611 0.7460585567917042 0.12377323945000197
    outer loop
      vertex -14.78247714198256 -16.213293319417527 13.99
      vertex -14.585786437626904 -16.3857864376269 13.99
      vertex -14.233116930510114 -16.03311693051011 10
    endloop
  endfacet
  facet normal 0.43888772399073017 0.8899762642488221 0.12377323945000158
    outer loop
      vertex -15.23463313526982 -15.952240934977423 13.99
      vertex -15 -16.06794919243112 13.99
      vertex -14.750625 -15.636019022293633 10
    endloop
  endfacet
  facet normal 0.31896776573203595 0.9396487373587885 0.12377323945000211
    outer loop
      vertex -15.482361909794959 -15.86814834742186 13.99
      vertex -15.23463313526982 -15.952240934977423 13.99
      vertex -15.043769773377731 -15.49145601813742 10
    endloop
  endfacet
  facet normal -0.654275794320667 -0.7460585567916989 0.12377323945000251
    outer loop
      vertex 14.78247714198256 16.213293319417527 13.99
      vertex 14.233116930510114 16.03311693051011 10
      vertex 14.47885737926446 15.817608340947272 10
    endloop
  endfacet
  facet normal -0.5512981916092795 -0.8250760505095217 0.12377323945000172
    outer loop
      vertex 15 16.06794919243112 13.99
      vertex 14.47885737926446 15.817608340947272 10
      vertex 14.750625 15.636019022293633 10
    endloop
  endfacet
  facet normal -0.4388877239907367 -0.8899762642488188 0.1237732394500021
    outer loop
      vertex 15.23463313526982 15.952240934977423 13.99
      vertex 14.750625 15.636019022293633 10
      vertex 15.043769773377731 15.49145601813742 10
    endloop
  endfacet
  facet normal -0.7460585567917013 -0.6542757943206643 0.123773239450002
    outer loop
      vertex 14.585786437626904 16.3857864376269 13.99
      vertex 14.017608340947275 16.27885737926446 10
      vertex 14.233116930510114 16.03311693051011 10
    endloop
  endfacet
  facet normal -0.8250760505095199 -0.551298191609282 0.12377323945000204
    outer loop
      vertex 14.41329331941753 16.582477141982555 13.99
      vertex 13.836019022293636 16.550624999999997 10
      vertex 14.017608340947275 16.27885737926446 10
    endloop
  endfacet
  facet normal -0.31896776573203545 -0.9396487373587886 0.12377323945000206
    outer loop
      vertex 15.482361909794959 15.86814834742186 13.99
      vertex 15.043769773377731 15.49145601813742 10
      vertex 15.353275911050076 15.386392841560188 10
    endloop
  endfacet
  facet normal -0.06490021373930328 -0.9901859156000176 0.12377323945000203
    outer loop
      vertex 16 15.799999999999997 13.99
      vertex 15.673847677190146 15.32262715264219 10
      vertex 16 15.301249999999998 10
    endloop
  endfacet
  facet normal -0.1935901805670858 -0.9732435600527011 0.1237732394500022
    outer loop
      vertex 15.738947615559898 15.817110277252377 13.99
      vertex 15.353275911050076 15.386392841560188 10
      vertex 15.673847677190146 15.32262715264219 10
    endloop
  endfacet
  facet normal 0.06490021373930328 -0.9901859156000176 0.12377323945000215
    outer loop
      vertex 16.261052384440102 15.817110277252377 13.99
      vertex 16 15.301249999999998 10
      vertex 16.326152322809854 15.32262715264219 10
    endloop
  endfacet
  facet normal 0.19359018056708582 -0.9732435600527011 0.12377323945000214
    outer loop
      vertex 16.51763809020504 15.86814834742186 13.99
      vertex 16.326152322809854 15.32262715264219 10
      vertex 16.646724088949924 15.386392841560188 10
    endloop
  endfacet
  facet normal 0.31896776573203695 -0.9396487373587881 0.12377323945000196
    outer loop
      vertex 16.76536686473018 15.952240934977423 13.99
      vertex 16.646724088949924 15.386392841560188 10
      vertex 16.956230226622267 15.49145601813742 10
    endloop
  endfacet
  facet normal 0.4388877239907346 -0.8899762642488199 0.12377323945000161
    outer loop
      vertex 17 16.06794919243112 13.99
      vertex 16.956230226622267 15.49145601813742 10
      vertex 17.249375 15.636019022293633 10
    endloop
  endfacet
  facet normal 0.551298191609282 -0.8250760505095199 0.12377323945000204
    outer loop
      vertex 17.217522858017443 16.213293319417527 13.99
      vertex 17.249375 15.636019022293633 10
      vertex 17.52114262073554 15.817608340947272 10
    endloop
  endfacet
  facet normal 0.6542757943206643 -0.7460585567917013 0.123773239450002
    outer loop
      vertex 17.414213562373096 16.3857864376269 13.99
      vertex 17.52114262073554 15.817608340947272 10
      vertex 17.766883069489886 16.03311693051011 10
    endloop
  endfacet
  facet normal 0.746058556791704 -0.6542757943206613 0.12377323945000167
    outer loop
      vertex 17.58670668058247 16.582477141982555 13.99
      vertex 17.766883069489886 16.03311693051011 10
      vertex 17.982391659052723 16.27885737926446 10
    endloop
  endfacet
  facet normal 0.825076050509515 -0.5512981916092895 0.12377323945000199
    outer loop
      vertex 17.73205080756888 16.799999999999997 13.99
      vertex 17.982391659052723 16.27885737926446 10
      vertex 18.163980977706366 16.550624999999997 10
    endloop
  endfacet
  facet normal -0.31896776573203595 -0.9396487373587885 0.12377323945000211
    outer loop
      vertex 15.23463313526982 15.952240934977423 13.99
      vertex 15.043769773377731 15.49145601813742 10
      vertex 15.482361909794959 15.86814834742186 13.99
    endloop
  endfacet
  facet normal -0.43888772399073017 -0.8899762642488221 0.12377323945000158
    outer loop
      vertex 15 16.06794919243112 13.99
      vertex 14.750625 15.636019022293633 10
      vertex 15.23463313526982 15.952240934977423 13.99
    endloop
  endfacet
  facet normal -0.6542757943206611 -0.7460585567917042 0.12377323945000195
    outer loop
      vertex 14.585786437626904 16.3857864376269 13.99
      vertex 14.233116930510114 16.03311693051011 10
      vertex 14.78247714198256 16.213293319417527 13.99
    endloop
  endfacet
  facet normal -0.82507605050952 -0.551298191609282 0.12377323945000206
    outer loop
      vertex 14.267949192431123 16.799999999999997 13.99
      vertex 13.836019022293636 16.550624999999997 10
      vertex 14.41329331941753 16.582477141982555 13.99
    endloop
  endfacet
  facet normal -0.7460585567917012 -0.6542757943206644 0.123773239450002
    outer loop
      vertex 14.585786437626904 16.3857864376269 13.99
      vertex 14.41329331941753 16.582477141982555 13.99
      vertex 14.017608340947275 16.27885737926446 10
    endloop
  endfacet
  facet normal -0.5512981916092897 -0.8250760505095148 0.12377323945000264
    outer loop
      vertex 15 16.06794919243112 13.99
      vertex 14.78247714198256 16.213293319417527 13.99
      vertex 14.47885737926446 15.817608340947272 10
    endloop
  endfacet
  facet normal -0.06490021373930534 -0.9901859156000175 0.12377323945000218
    outer loop
      vertex 15.738947615559898 15.817110277252377 13.99
      vertex 15.673847677190146 15.32262715264219 10
      vertex 16 15.799999999999997 13.99
    endloop
  endfacet
  facet normal -0.1935901805670831 -0.9732435600527015 0.12377323945000203
    outer loop
      vertex 15.482361909794959 15.86814834742186 13.99
      vertex 15.353275911050076 15.386392841560188 10
      vertex 15.738947615559898 15.817110277252377 13.99
    endloop
  endfacet
  facet normal 0.06490021373930534 -0.9901859156000175 0.12377323945000203
    outer loop
      vertex 16 15.799999999999997 13.99
      vertex 16 15.301249999999998 10
      vertex 16.261052384440102 15.817110277252377 13.99
    endloop
  endfacet
  facet normal 0.19359018056708438 -0.9732435600527014 0.12377323945000224
    outer loop
      vertex 16.261052384440102 15.817110277252377 13.99
      vertex 16.326152322809854 15.32262715264219 10
      vertex 16.51763809020504 15.86814834742186 13.99
    endloop
  endfacet
  facet normal 0.31896776573203384 -0.9396487373587891 0.1237732394500022
    outer loop
      vertex 16.51763809020504 15.86814834742186 13.99
      vertex 16.646724088949924 15.386392841560188 10
      vertex 16.76536686473018 15.952240934977423 13.99
    endloop
  endfacet
  facet normal 0.43888772399073017 -0.8899762642488221 0.12377323945000197
    outer loop
      vertex 16.76536686473018 15.952240934977423 13.99
      vertex 16.956230226622267 15.49145601813742 10
      vertex 17 16.06794919243112 13.99
    endloop
  endfacet
  facet normal 0.5512981916092866 -0.8250760505095169 0.12377323945000164
    outer loop
      vertex 17 16.06794919243112 13.99
      vertex 17.249375 15.636019022293633 10
      vertex 17.217522858017443 16.213293319417527 13.99
    endloop
  endfacet
  facet normal 0.6542757943206644 -0.7460585567917012 0.123773239450002
    outer loop
      vertex 17.217522858017443 16.213293319417527 13.99
      vertex 17.52114262073554 15.817608340947272 10
      vertex 17.414213562373096 16.3857864376269 13.99
    endloop
  endfacet
  facet normal 0.7460585567917012 -0.6542757943206644 0.123773239450002
    outer loop
      vertex 17.414213562373096 16.3857864376269 13.99
      vertex 17.766883069489886 16.03311693051011 10
      vertex 17.58670668058247 16.582477141982555 13.99
    endloop
  endfacet
  facet normal 0.8250760505095169 -0.5512981916092866 0.12377323945000175
    outer loop
      vertex 17.58670668058247 16.582477141982555 13.99
      vertex 17.982391659052723 16.27885737926446 10
      vertex 17.73205080756888 16.799999999999997 13.99
    endloop
  endfacet
  facet normal -0.8899762642488199 -0.4388877239907346 0.12377323945000201
    outer loop
      vertex 14.267949192431123 16.799999999999997 13.99
      vertex 13.691456018137423 16.84376977337773 10
      vertex 13.836019022293636 16.550624999999997 10
    endloop
  endfacet
  facet normal -0.9396487373587881 -0.31896776573203695 0.12377323945000196
    outer loop
      vertex 14.152240934977426 17.034633135269818 13.99
      vertex 13.58639284156019 17.153275911050073 10
      vertex 13.691456018137423 16.84376977337773 10
    endloop
  endfacet
  facet normal -0.9732435600527011 -0.19359018056708582 0.12377323945000214
    outer loop
      vertex 14.068148347421863 17.282361909794957 13.99
      vertex 13.522627152642192 17.473847677190143 10
      vertex 13.58639284156019 17.153275911050073 10
    endloop
  endfacet
  facet normal -0.9901859156000176 -0.06490021373930328 0.12377323945000215
    outer loop
      vertex 14.01711027725238 17.538947615559895 13.99
      vertex 13.50125 17.799999999999997 10
      vertex 13.522627152642192 17.473847677190143 10
    endloop
  endfacet
  facet normal -0.9901859156000176 0.06490021373930328 0.12377323945000203
    outer loop
      vertex 14 17.799999999999997 13.99
      vertex 13.522627152642192 18.12615232280985 10
      vertex 13.50125 17.799999999999997 10
    endloop
  endfacet
  facet normal -0.9732435600527011 0.1935901805670858 0.1237732394500022
    outer loop
      vertex 14.01711027725238 18.0610523844401 13.99
      vertex 13.58639284156019 18.44672408894992 10
      vertex 13.522627152642192 18.12615232280985 10
    endloop
  endfacet
  facet normal -0.9396487373587881 0.3189677657320371 0.1237732394500022
    outer loop
      vertex 14.068148347421863 18.317638090205037 13.99
      vertex 13.691456018137423 18.756230226622264 10
      vertex 13.58639284156019 18.44672408894992 10
    endloop
  endfacet
  facet normal -0.8899762642488199 0.4388877239907346 0.12377323945000193
    outer loop
      vertex 14.152240934977426 18.565366864730176 13.99
      vertex 13.836019022293636 19.049374999999998 10
      vertex 13.691456018137423 18.756230226622264 10
    endloop
  endfacet
  facet normal -0.8250760505095199 0.551298191609282 0.12377323945000204
    outer loop
      vertex 14.267949192431123 18.799999999999997 13.99
      vertex 14.017608340947275 19.321142620735536 10
      vertex 13.836019022293636 19.049374999999998 10
    endloop
  endfacet
  facet normal -0.7460585567917013 0.6542757943206643 0.12377323945000197
    outer loop
      vertex 14.41329331941753 19.01752285801744 13.99
      vertex 14.233116930510114 19.566883069489883 10
      vertex 14.017608340947275 19.321142620735536 10
    endloop
  endfacet
  facet normal -0.6542757943206641 0.7460585567917016 0.12377323945000199
    outer loop
      vertex 14.585786437626904 19.214213562373093 13.99
      vertex 14.47885737926446 19.78239165905272 10
      vertex 14.233116930510114 19.566883069489883 10
    endloop
  endfacet
  facet normal -0.551298191609287 0.8250760505095166 0.12377323945000222
    outer loop
      vertex 14.78247714198256 19.386706680582467 13.99
      vertex 14.750625 19.963980977706363 10
      vertex 14.47885737926446 19.78239165905272 10
    endloop
  endfacet
  facet normal -0.4388877239907411 0.8899762642488167 0.12377323945000207
    outer loop
      vertex 15 19.532050807568876 13.99
      vertex 15.043769773377731 20.108543981862578 10
      vertex 14.750625 19.963980977706363 10
    endloop
  endfacet
  facet normal -0.3189677657320257 0.9396487373587917 0.12377323945000324
    outer loop
      vertex 15.23463313526982 19.64775906502257 13.99
      vertex 15.353275911050076 20.213607158439807 10
      vertex 15.043769773377731 20.108543981862578 10
    endloop
  endfacet
  facet normal 0.746058556791704 0.6542757943206613 0.12377323945000193
    outer loop
      vertex 17.414213562373096 19.214213562373093 13.99
      vertex 17.982391659052723 19.321142620735536 10
      vertex 17.766883069489886 19.566883069489883 10
    endloop
  endfacet
  facet normal 0.8899762642488176 -0.4388877239907388 0.12377323945000307
    outer loop
      vertex 17.847759065022572 17.034633135269818 13.99
      vertex 18.163980977706366 16.550624999999997 10
      vertex 18.30854398186258 16.84376977337773 10
    endloop
  endfacet
  facet normal 0.9396487373587913 -0.31896776573202734 0.12377323945000265
    outer loop
      vertex 17.931851652578136 17.282361909794957 13.99
      vertex 18.30854398186258 16.84376977337773 10
      vertex 18.41360715843981 17.153275911050073 10
    endloop
  endfacet
  facet normal 0.9732435600527001 -0.193590180567091 0.12377323945000215
    outer loop
      vertex 17.982889722747622 17.538947615559895 13.99
      vertex 18.41360715843981 17.153275911050073 10
      vertex 18.47737284735781 17.473847677190143 10
    endloop
  endfacet
  facet normal 0.9901859156000176 -0.06490021373930328 0.12377323945000247
    outer loop
      vertex 18 17.799999999999997 13.99
      vertex 18.47737284735781 17.473847677190143 10
      vertex 18.49875 17.799999999999997 10
    endloop
  endfacet
  facet normal 0.9901859156000176 0.06490021373930328 0.12377323945000215
    outer loop
      vertex 17.982889722747622 18.0610523844401 13.99
      vertex 18.49875 17.799999999999997 10
      vertex 18.47737284735781 18.12615232280985 10
    endloop
  endfacet
  facet normal 0.9732435600527 0.193590180567091 0.1237732394500026
    outer loop
      vertex 17.931851652578136 18.317638090205037 13.99
      vertex 18.47737284735781 18.12615232280985 10
      vertex 18.41360715843981 18.44672408894992 10
    endloop
  endfacet
  facet normal 0.9396487373587913 0.31896776573202734 0.12377323945000313
    outer loop
      vertex 17.847759065022572 18.565366864730176 13.99
      vertex 18.41360715843981 18.44672408894992 10
      vertex 18.30854398186258 18.756230226622264 10
    endloop
  endfacet
  facet normal 0.8899762642488178 0.438887723990739 0.12377323945000206
    outer loop
      vertex 17.73205080756888 18.799999999999997 13.99
      vertex 18.30854398186258 18.756230226622264 10
      vertex 18.163980977706366 19.049374999999998 10
    endloop
  endfacet
  facet normal 0.8250760505095149 0.5512981916092895 0.12377323945000175
    outer loop
      vertex 17.58670668058247 19.01752285801744 13.99
      vertex 18.163980977706366 19.049374999999998 10
      vertex 17.982391659052723 19.321142620735536 10
    endloop
  endfacet
  facet normal -0.193590180567091 0.9732435600527 0.1237732394500025
    outer loop
      vertex 15.482361909794959 19.731851652578133 13.99
      vertex 15.673847677190146 20.277372847357807 10
      vertex 15.353275911050076 20.213607158439807 10
    endloop
  endfacet
  facet normal -0.06490021373930328 0.9901859156000176 0.12377323945000215
    outer loop
      vertex 15.738947615559898 19.78288972274762 13.99
      vertex 16 20.29875 10
      vertex 15.673847677190146 20.277372847357807 10
    endloop
  endfacet
  facet normal 0.06490021373930328 0.9901859156000176 0.12377323945000247
    outer loop
      vertex 16 19.799999999999997 13.99
      vertex 16.326152322809854 20.277372847357807 10
      vertex 16 20.29875 10
    endloop
  endfacet
  facet normal 0.193590180567091 0.9732435600527001 0.12377323945000215
    outer loop
      vertex 16.261052384440102 19.78288972274762 13.99
      vertex 16.646724088949924 20.213607158439807 10
      vertex 16.326152322809854 20.277372847357807 10
    endloop
  endfacet
  facet normal 0.31896776573202734 0.9396487373587913 0.12377323945000265
    outer loop
      vertex 16.51763809020504 19.731851652578133 13.99
      vertex 16.956230226622267 20.108543981862578 10
      vertex 16.646724088949924 20.213607158439807 10
    endloop
  endfacet
  facet normal 0.4388877239907388 0.8899762642488176 0.12377323945000307
    outer loop
      vertex 16.76536686473018 19.64775906502257 13.99
      vertex 17.249375 19.963980977706363 10
      vertex 16.956230226622267 20.108543981862578 10
    endloop
  endfacet
  facet normal 0.5512981916092895 0.825076050509515 0.12377323945000199
    outer loop
      vertex 17 19.532050807568876 13.99
      vertex 17.52114262073554 19.78239165905272 10
      vertex 17.249375 19.963980977706363 10
    endloop
  endfacet
  facet normal 0.6542757943206613 0.746058556791704 0.12377323945000167
    outer loop
      vertex 17.217522858017443 19.386706680582467 13.99
      vertex 17.766883069489886 19.566883069489883 10
      vertex 17.52114262073554 19.78239165905272 10
    endloop
  endfacet
  facet normal -0.9396487373587891 -0.31896776573203384 0.1237732394500022
    outer loop
      vertex 14.152240934977426 17.034633135269818 13.99
      vertex 14.068148347421863 17.282361909794957 13.99
      vertex 13.58639284156019 17.153275911050073 10
    endloop
  endfacet
  facet normal -0.9732435600527014 -0.19359018056708438 0.12377323945000224
    outer loop
      vertex 14.068148347421863 17.282361909794957 13.99
      vertex 14.01711027725238 17.538947615559895 13.99
      vertex 13.522627152642192 17.473847677190143 10
    endloop
  endfacet
  facet normal -0.9901859156000175 -0.06490021373930534 0.12377323945000203
    outer loop
      vertex 14.01711027725238 17.538947615559895 13.99
      vertex 14 17.799999999999997 13.99
      vertex 13.50125 17.799999999999997 10
    endloop
  endfacet
  facet normal -0.9901859156000175 0.06490021373930534 0.12377323945000218
    outer loop
      vertex 14 17.799999999999997 13.99
      vertex 14.01711027725238 18.0610523844401 13.99
      vertex 13.522627152642192 18.12615232280985 10
    endloop
  endfacet
  facet normal -0.8899762642488193 -0.4388877239907355 0.1237732394500019
    outer loop
      vertex 14.152240934977426 17.034633135269818 13.99
      vertex 13.691456018137423 16.84376977337773 10
      vertex 14.267949192431123 16.799999999999997 13.99
    endloop
  endfacet
  facet normal -0.9732435600527014 0.19359018056708438 0.1237732394500021
    outer loop
      vertex 14.01711027725238 18.0610523844401 13.99
      vertex 14.068148347421863 18.317638090205037 13.99
      vertex 13.58639284156019 18.44672408894992 10
    endloop
  endfacet
  facet normal -0.9396487373587893 0.3189677657320339 0.12377323945000196
    outer loop
      vertex 14.068148347421863 18.317638090205037 13.99
      vertex 14.152240934977426 18.565366864730176 13.99
      vertex 13.691456018137423 18.756230226622264 10
    endloop
  endfacet
  facet normal -0.8899762642488193 0.4388877239907355 0.123773239450002
    outer loop
      vertex 14.152240934977426 18.565366864730176 13.99
      vertex 14.267949192431123 18.799999999999997 13.99
      vertex 13.836019022293636 19.049374999999998 10
    endloop
  endfacet
  facet normal -0.82507605050952 0.551298191609282 0.12377323945000206
    outer loop
      vertex 14.267949192431123 18.799999999999997 13.99
      vertex 14.41329331941753 19.01752285801744 13.99
      vertex 14.017608340947275 19.321142620735536 10
    endloop
  endfacet
  facet normal -0.7460585567917012 0.6542757943206644 0.123773239450002
    outer loop
      vertex 14.41329331941753 19.01752285801744 13.99
      vertex 14.585786437626904 19.214213562373093 13.99
      vertex 14.233116930510114 19.566883069489883 10
    endloop
  endfacet
  facet normal -0.654275794320661 0.7460585567917041 0.12377323945000226
    outer loop
      vertex 14.585786437626904 19.214213562373093 13.99
      vertex 14.78247714198256 19.386706680582467 13.99
      vertex 14.47885737926446 19.78239165905272 10
    endloop
  endfacet
  facet normal 0 0 1
    outer loop
      vertex 14.267949192431123 16.799999999999997 13.99
      vertex 14.41329331941753 16.582477141982555 13.99
      vertex 14.267949192431123 18.799999999999997 13.99
    endloop
  endfacet
  facet normal 0 0 1
    outer loop
      vertex 14.585786437626904 16.3857864376269 13.99
      vertex 14.41329331941753 19.01752285801744 13.99
      vertex 14.41329331941753 16.582477141982555 13.99
    endloop
  endfacet
  facet normal 0 0 1
    outer loop
      vertex 15 16.06794919243112 13.99
      vertex 14.78247714198256 19.386706680582467 13.99
      vertex 14.78247714198256 16.213293319417527 13.99
    endloop
  endfacet
  facet normal 0 0 1
    outer loop
      vertex 14.585786437626904 16.3857864376269 13.99
      vertex 14.78247714198256 16.213293319417527 13.99
      vertex 14.585786437626904 19.214213562373093 13.99
    endloop
  endfacet
  facet normal 0 0 1
    outer loop
      vertex 15 16.06794919243112 13.99
      vertex 15.23463313526982 15.952240934977423 13.99
      vertex 15 19.532050807568876 13.99
    endloop
  endfacet
  facet normal 0 0 1
    outer loop
      vertex 14.152240934977426 17.034633135269818 13.99
      vertex 14.068148347421863 18.317638090205037 13.99
      vertex 14.068148347421863 17.282361909794957 13.99
    endloop
  endfacet
  facet normal 0 0 1
    outer loop
      vertex 14.152240934977426 17.034633135269818 13.99
      vertex 14.267949192431123 16.799999999999997 13.99
      vertex 14.152240934977426 18.565366864730176 13.99
    endloop
  endfacet
  facet normal 0 0 1
    outer loop
      vertex 14.068148347421863 17.282361909794957 13.99
      vertex 14.01711027725238 18.0610523844401 13.99
      vertex 14.01711027725238 17.538947615559895 13.99
    endloop
  endfacet
  facet normal 0 0 1
    outer loop
      vertex 14.01711027725238 17.538947615559895 13.99
      vertex 14.01711027725238 18.0610523844401 13.99
      vertex 14 17.799999999999997 13.99
    endloop
  endfacet
  facet normal 0 0 1
    outer loop
      vertex 14.068148347421863 17.282361909794957 13.99
      vertex 14.068148347421863 18.317638090205037 13.99
      vertex 14.01711027725238 18.0610523844401 13.99
    endloop
  endfacet
  facet normal 0 0 1
    outer loop
      vertex 14.152240934977426 17.034633135269818 13.99
      vertex 14.152240934977426 18.565366864730176 13.99
      vertex 14.068148347421863 18.317638090205037 13.99
    endloop
  endfacet
  facet normal 0 0 1
    outer loop
      vertex 14.267949192431123 16.799999999999997 13.99
      vertex 14.267949192431123 18.799999999999997 13.99
      vertex 14.152240934977426 18.565366864730176 13.99
    endloop
  endfacet
  facet normal 0 0 1
    outer loop
      vertex 14.41329331941753 16.582477141982555 13.99
      vertex 14.41329331941753 19.01752285801744 13.99
      vertex 14.267949192431123 18.799999999999997 13.99
    endloop
  endfacet
  facet normal 0 0 1
    outer loop
      vertex 14.585786437626904 16.3857864376269 13.99
      vertex 14.585786437626904 19.214213562373093 13.99
      vertex 14.41329331941753 19.01752285801744 13.99
    endloop
  endfacet
  facet normal 0 0 1
    outer loop
      vertex 14.78247714198256 16.213293319417527 13.99
      vertex 14.78247714198256 19.386706680582467 13.99
      vertex 14.585786437626904 19.214213562373093 13.99
    endloop
  endfacet
  facet normal 0 0 1
    outer loop
      vertex 15 16.06794919243112 13.99
      vertex 15 19.532050807568876 13.99
      vertex 14.78247714198256 19.386706680582467 13.99
    endloop
  endfacet
  facet normal 0 0 1
    outer loop
      vertex 15.23463313526982 15.952240934977423 13.99
      vertex 15.23463313526982 19.64775906502257 13.99
      vertex 15 19.532050807568876 13.99
    endloop
  endfacet
  facet normal -0.5512981916092897 0.8250760505095148 0.123773239450002
    outer loop
      vertex 14.78247714198256 19.386706680582467 13.99
      vertex 15 19.532050807568876 13.99
      vertex 14.750625 19.963980977706363 10
    endloop
  endfacet
  facet normal -0.4388877239907246 0.8899762642488246 0.12377323945000338
    outer loop
      vertex 15 19.532050807568876 13.99
      vertex 15.23463313526982 19.64775906502257 13.99
      vertex 15.043769773377731 20.108543981862578 10
    endloop
  endfacet
  facet normal 0.6542757943206644 0.7460585567917012 0.123773239450002
    outer loop
      vertex 17.217522858017443 19.386706680582467 13.99
      vertex 17.414213562373096 19.214213562373093 13.99
      vertex 17.766883069489886 19.566883069489883 10
    endloop
  endfacet
  facet normal 0.7460585567917012 0.6542757943206644 0.12377323945000165
    outer loop
      vertex 17.58670668058247 19.01752285801744 13.99
      vertex 17.982391659052723 19.321142620735536 10
      vertex 17.414213562373096 19.214213562373093 13.99
    endloop
  endfacet
  facet normal 0.8899762642488248 -0.43888772399072473 0.12377323945000192
    outer loop
      vertex 17.73205080756888 16.799999999999997 13.99
      vertex 18.163980977706366 16.550624999999997 10
      vertex 17.847759065022572 17.034633135269818 13.99
    endloop
  endfacet
  facet normal 0.9396487373587891 -0.31896776573203384 0.12377323945000317
    outer loop
      vertex 17.847759065022572 17.034633135269818 13.99
      vertex 18.30854398186258 16.84376977337773 10
      vertex 17.931851652578136 17.282361909794957 13.99
    endloop
  endfacet
  facet normal 0.9732435600526987 -0.19359018056709734 0.12377323945000264
    outer loop
      vertex 17.931851652578136 17.282361909794957 13.99
      vertex 18.41360715843981 17.153275911050073 10
      vertex 17.982889722747622 17.538947615559895 13.99
    endloop
  endfacet
  facet normal 0.9901859156000179 -0.06490021373929863 0.12377323945000213
    outer loop
      vertex 17.982889722747622 17.538947615559895 13.99
      vertex 18.47737284735781 17.473847677190143 10
      vertex 18 17.799999999999997 13.99
    endloop
  endfacet
  facet normal 0.9901859156000179 0.06490021373929863 0.1237732394500025
    outer loop
      vertex 18 17.799999999999997 13.99
      vertex 18.49875 17.799999999999997 10
      vertex 17.982889722747622 18.0610523844401 13.99
    endloop
  endfacet
  facet normal 0.9396487373587891 0.31896776573203384 0.12377323945000261
    outer loop
      vertex 17.847759065022572 18.565366864730176 13.99
      vertex 17.931851652578136 18.317638090205037 13.99
      vertex 18.41360715843981 18.44672408894992 10
    endloop
  endfacet
  facet normal 0.9732435600526987 0.19359018056709734 0.12377323945000211
    outer loop
      vertex 17.982889722747622 18.0610523844401 13.99
      vertex 18.47737284735781 18.12615232280985 10
      vertex 17.931851652578136 18.317638090205037 13.99
    endloop
  endfacet
  facet normal 0.8899762642488246 0.4388877239907246 0.12377323945000318
    outer loop
      vertex 17.847759065022572 18.565366864730176 13.99
      vertex 18.30854398186258 18.756230226622264 10
      vertex 17.73205080756888 18.799999999999997 13.99
    endloop
  endfacet
  facet normal 0.8250760505095169 0.5512981916092866 0.12377323945000204
    outer loop
      vertex 17.58670668058247 19.01752285801744 13.99
      vertex 17.73205080756888 18.799999999999997 13.99
      vertex 18.163980977706366 19.049374999999998 10
    endloop
  endfacet
  facet normal 0 0 1
    outer loop
      vertex 15.23463313526982 15.952240934977423 13.99
      vertex 15.482361909794959 15.86814834742186 13.99
      vertex 15.23463313526982 19.64775906502257 13.99
    endloop
  endfacet
  facet normal 0 0 1
    outer loop
      vertex 15.482361909794959 15.86814834742186 13.99
      vertex 15.738947615559898 15.817110277252377 13.99
      vertex 15.482361909794959 19.731851652578133 13.99
    endloop
  endfacet
  facet normal 0 0 1
    outer loop
      vertex 15.738947615559898 15.817110277252377 13.99
      vertex 16 15.799999999999997 13.99
      vertex 15.738947615559898 19.78288972274762 13.99
    endloop
  endfacet
  facet normal 0 0 1
    outer loop
      vertex 16 15.799999999999997 13.99
      vertex 16.261052384440102 15.817110277252377 13.99
      vertex 16 19.799999999999997 13.99
    endloop
  endfacet
  facet normal 0 0 1
    outer loop
      vertex 16.261052384440102 15.817110277252377 13.99
      vertex 16.51763809020504 15.86814834742186 13.99
      vertex 16.261052384440102 19.78288972274762 13.99
    endloop
  endfacet
  facet normal 0 0 1
    outer loop
      vertex 16.51763809020504 15.86814834742186 13.99
      vertex 16.76536686473018 15.952240934977423 13.99
      vertex 16.51763809020504 19.731851652578133 13.99
    endloop
  endfacet
  facet normal 0 0 1
    outer loop
      vertex 16.76536686473018 15.952240934977423 13.99
      vertex 17 16.06794919243112 13.99
      vertex 16.76536686473018 19.64775906502257 13.99
    endloop
  endfacet
  facet normal 0 0 1
    outer loop
      vertex 17 16.06794919243112 13.99
      vertex 17.217522858017443 16.213293319417527 13.99
      vertex 17 19.532050807568876 13.99
    endloop
  endfacet
  facet normal 0 0 1
    outer loop
      vertex 17.217522858017443 16.213293319417527 13.99
      vertex 17.414213562373096 16.3857864376269 13.99
      vertex 17.217522858017443 19.386706680582467 13.99
    endloop
  endfacet
  facet normal 0 0 1
    outer loop
      vertex 17.414213562373096 16.3857864376269 13.99
      vertex 17.58670668058247 16.582477141982555 13.99
      vertex 17.414213562373096 19.214213562373093 13.99
    endloop
  endfacet
  facet normal 0 0 1
    outer loop
      vertex 17.58670668058247 16.582477141982555 13.99
      vertex 17.73205080756888 16.799999999999997 13.99
      vertex 17.58670668058247 19.01752285801744 13.99
    endloop
  endfacet
  facet normal 0 0 1
    outer loop
      vertex 17.73205080756888 16.799999999999997 13.99
      vertex 17.847759065022572 17.034633135269818 13.99
      vertex 17.73205080756888 18.799999999999997 13.99
    endloop
  endfacet
  facet normal 0 0 1
    outer loop
      vertex 15.482361909794959 15.86814834742186 13.99
      vertex 15.482361909794959 19.731851652578133 13.99
      vertex 15.23463313526982 19.64775906502257 13.99
    endloop
  endfacet
  facet normal 0 0 1
    outer loop
      vertex 15.738947615559898 15.817110277252377 13.99
      vertex 15.738947615559898 19.78288972274762 13.99
      vertex 15.482361909794959 19.731851652578133 13.99
    endloop
  endfacet
  facet normal 0 0 1
    outer loop
      vertex 16 15.799999999999997 13.99
      vertex 16 19.799999999999997 13.99
      vertex 15.738947615559898 19.78288972274762 13.99
    endloop
  endfacet
  facet normal 0 0 1
    outer loop
      vertex 16 19.799999999999997 13.99
      vertex 16.261052384440102 15.817110277252377 13.99
      vertex 16.261052384440102 19.78288972274762 13.99
    endloop
  endfacet
  facet normal 0 0 1
    outer loop
      vertex 16.51763809020504 15.86814834742186 13.99
      vertex 16.51763809020504 19.731851652578133 13.99
      vertex 16.261052384440102 19.78288972274762 13.99
    endloop
  endfacet
  facet normal 0 0 1
    outer loop
      vertex 16.76536686473018 15.952240934977423 13.99
      vertex 16.76536686473018 19.64775906502257 13.99
      vertex 16.51763809020504 19.731851652578133 13.99
    endloop
  endfacet
  facet normal 0 0 1
    outer loop
      vertex 17 16.06794919243112 13.99
      vertex 17 19.532050807568876 13.99
      vertex 16.76536686473018 19.64775906502257 13.99
    endloop
  endfacet
  facet normal 0 0 1
    outer loop
      vertex 17.217522858017443 16.213293319417527 13.99
      vertex 17.217522858017443 19.386706680582467 13.99
      vertex 17 19.532050807568876 13.99
    endloop
  endfacet
  facet normal 0 0 1
    outer loop
      vertex 17.414213562373096 16.3857864376269 13.99
      vertex 17.414213562373096 19.214213562373093 13.99
      vertex 17.217522858017443 19.386706680582467 13.99
    endloop
  endfacet
  facet normal 0 0 1
    outer loop
      vertex 17.58670668058247 16.582477141982555 13.99
      vertex 17.58670668058247 19.01752285801744 13.99
      vertex 17.414213562373096 19.214213562373093 13.99
    endloop
  endfacet
  facet normal 0 0 1
    outer loop
      vertex 17.73205080756888 16.799999999999997 13.99
      vertex 17.73205080756888 18.799999999999997 13.99
      vertex 17.58670668058247 19.01752285801744 13.99
    endloop
  endfacet
  facet normal 0 0 1
    outer loop
      vertex 17.847759065022572 17.034633135269818 13.99
      vertex 17.931851652578136 17.282361909794957 13.99
      vertex 17.847759065022572 18.565366864730176 13.99
    endloop
  endfacet
  facet normal 0 0 1
    outer loop
      vertex 17.931851652578136 17.282361909794957 13.99
      vertex 17.982889722747622 17.538947615559895 13.99
      vertex 17.931851652578136 18.317638090205037 13.99
    endloop
  endfacet
  facet normal 0 0 1
    outer loop
      vertex 17.982889722747622 17.538947615559895 13.99
      vertex 18 17.799999999999997 13.99
      vertex 17.982889722747622 18.0610523844401 13.99
    endloop
  endfacet
  facet normal 0 0 1
    outer loop
      vertex 17.931851652578136 17.282361909794957 13.99
      vertex 17.931851652578136 18.317638090205037 13.99
      vertex 17.847759065022572 18.565366864730176 13.99
    endloop
  endfacet
  facet normal 0 0 1
    outer loop
      vertex 17.982889722747622 17.538947615559895 13.99
      vertex 17.982889722747622 18.0610523844401 13.99
      vertex 17.931851652578136 18.317638090205037 13.99
    endloop
  endfacet
  facet normal 0 0 1
    outer loop
      vertex 17.847759065022572 17.034633135269818 13.99
      vertex 17.847759065022572 18.565366864730176 13.99
      vertex 17.73205080756888 18.799999999999997 13.99
    endloop
  endfacet
  facet normal -0.31896776573203595 0.9396487373587885 0.12377323945000247
    outer loop
      vertex 15.23463313526982 19.64775906502257 13.99
      vertex 15.482361909794959 19.731851652578133 13.99
      vertex 15.353275911050076 20.213607158439807 10
    endloop
  endfacet
  facet normal -0.19359018056709612 0.9732435600526991 0.12377323945000217
    outer loop
      vertex 15.482361909794959 19.731851652578133 13.99
      vertex 15.738947615559898 19.78288972274762 13.99
      vertex 15.673847677190146 20.277372847357807 10
    endloop
  endfacet
  facet normal -0.06490021373929863 0.9901859156000179 0.1237732394500025
    outer loop
      vertex 15.738947615559898 19.78288972274762 13.99
      vertex 16 19.799999999999997 13.99
      vertex 16 20.29875 10
    endloop
  endfacet
  facet normal 0.06490021373929863 0.9901859156000179 0.12377323945000213
    outer loop
      vertex 16 19.799999999999997 13.99
      vertex 16.261052384440102 19.78288972274762 13.99
      vertex 16.326152322809854 20.277372847357807 10
    endloop
  endfacet
  facet normal 0.19359018056709734 0.9732435600526987 0.12377323945000264
    outer loop
      vertex 16.261052384440102 19.78288972274762 13.99
      vertex 16.51763809020504 19.731851652578133 13.99
      vertex 16.646724088949924 20.213607158439807 10
    endloop
  endfacet
  facet normal 0.31896776573203384 0.9396487373587891 0.12377323945000317
    outer loop
      vertex 16.76536686473018 19.64775906502257 13.99
      vertex 16.956230226622267 20.108543981862578 10
      vertex 16.51763809020504 19.731851652578133 13.99
    endloop
  endfacet
  facet normal 0.43888772399072473 0.8899762642488248 0.12377323945000192
    outer loop
      vertex 16.76536686473018 19.64775906502257 13.99
      vertex 17 19.532050807568876 13.99
      vertex 17.249375 19.963980977706363 10
    endloop
  endfacet
  facet normal 0.5512981916092866 0.8250760505095169 0.12377323945000175
    outer loop
      vertex 17 19.532050807568876 13.99
      vertex 17.217522858017443 19.386706680582467 13.99
      vertex 17.52114262073554 19.78239165905272 10
    endloop
  endfacet
endsolid OpenSCAD_Model
